# ProBuilder 6.1.2
# https://unity3d.com/unity/features/worldbuilding/probuilder
# 22.09.2026 1:46:59

mtllib ./Part4.mtl
o Part4

g wall_004
v -2.951201 0.8505263 -0.1989946
v -2.891332 1 -0.148214
v -2.916958 1 -0.05424163
v -3 0.8505263 -0.06317583
v -2.916958 1 0.05424185
v -3 0.6494736 -0.06317583
v -2.951201 0.6494736 -0.1989946
v -2.891332 0.5 -0.148214
v -2.916958 0.5 -0.05424163
v -3 0.6494736 0.06317606
v -2.916958 0.5 0.05424185
v -3 0.8505263 0.06317606
v -2.891332 1 0.1482146
v -2.951201 0.8505263 0.1989952
v -2.951201 0.6494736 0.1989952
v -2.891332 0.5 0.1482146
v -2.816873 1 -0.1744067
v -2.951201 1.149474 -0.1989946
v -2.833392 1.149474 -0.2466885
v -2.600723 1 -0.2003698
v -2.833392 1.333392 -0.2466885
v -2.951201 1.333392 -0.1989946
v -2.929583 1.429583 -0.1806582
v -2.833392 1.451202 -0.2042131
v -2.600723 1.333392 -0.2834117
v -2.600723 1.451202 -0.2346132
v 2.600723 1.451202 -0.2346136
v -2.600723 1.149474 -0.2834117
v 2.600723 1.333392 -0.2834121
v 2.600723 1.149474 -0.2834121
v 2.600723 1 -0.2003702
v 2.816873 1 -0.1744072
v 2.833392 1.333392 -0.2466889
v 2.833392 1.451202 -0.2042135
v 2.929583 1.429583 -0.1806586
v 2.951201 1.333392 -0.198995
v 2.833392 1.149474 -0.2466889
v 2.891332 1 -0.1482144
v 2.951201 1.149474 -0.198995
v 2.951201 0.6494736 -0.198995
v 2.891332 0.5 -0.1482145
v 2.916958 0.5 -0.05424207
v 3 0.6494736 -0.06317627
v 2.916958 0.5 0.05424142
v 3 0.8505263 -0.06317627
v 2.951201 0.8505263 -0.198995
v 2.916958 1 -0.05424207
v 3 0.8505263 0.06317561
v 2.916958 1 0.05424142
v 3 0.6494736 0.06317561
v 2.891332 0.5 0.1482142
v 2.951201 0.6494736 0.1989947
v 2.951201 0.8505263 0.1989947
v 2.891332 1 0.1482142
v 2.816873 0.5 -0.1744072
v 2.951201 0.3505263 -0.198995
v 2.833392 0.3505263 -0.2466889
v 2.600723 0.5 -0.2003702
v 2.833392 0.1666082 -0.2466889
v 2.951201 0.1666082 -0.1989951
v 2.929583 0.07041693 -0.1806586
v 2.833392 0.04879838 -0.2042135
v 2.600723 0.1666082 -0.2834121
v 2.600723 0.04879838 -0.2346136
v -2.600723 0.04879838 -0.2346132
v 2.600723 0.3505263 -0.2834121
v -2.600723 0.1666082 -0.2834117
v -2.600723 0.3505263 -0.2834117
v -2.600723 0.5 -0.2003698
v -2.816873 0.5 -0.1744067
v -2.833392 0.1666082 -0.2466885
v -2.833392 0.04879838 -0.2042131
v -2.929583 0.07041693 -0.1806582
v -2.951201 0.1666082 -0.1989946
v -2.833392 0.3505263 -0.2466885
v -2.951201 0.3505263 -0.1989946
v 2.816873 0.5 0.1744068
v 2.833392 0.6494736 0.2466885
v 2.600723 0.5 0.2003697
v 2.833392 0.8505263 0.2466885
v 2.816873 1 0.1744068
v 2.600723 0.8505263 0.2834115
v 2.600723 1 0.2003697
v -2.600723 1 0.2003701
v 2.600723 0.6494736 0.2834115
v -2.600723 0.8505263 0.2834119
v -2.600723 0.6494736 0.2834119
v -2.600723 0.5 0.2003701
v -2.816873 0.5 0.1744072
v -2.833392 0.8505263 0.2466889
v -2.816873 1 0.1744072
v -2.833392 0.6494736 0.2466889
v 2.951201 0.3505263 0.1989948
v 3 0.3505263 0.06317561
v 3 0.1666082 0.0631756
v 2.951201 0.1666082 0.1989948
v 2.929583 0.07041693 0.1806584
v 2.951201 0.04879838 0.06317563
v 3 0.1666082 -0.06317627
v 2.951201 0.04879838 -0.06317627
v 3 0.3505263 -0.06317627
v -2.951201 0.3505263 0.1989952
v -2.833392 0.3505263 0.2466889
v -2.833392 0.1666082 0.2466889
v -2.951201 0.1666082 0.1989953
v -2.929583 0.07041693 0.1806588
v -2.833392 0.04879838 0.2042135
v -2.600723 0.1666082 0.2834119
v -2.600723 0.04879838 0.2346135
v 2.600723 0.04879838 0.2346132
v -2.600723 0.3505263 0.2834119
v 2.600723 0.1666082 0.2834115
v 2.600723 0.3505263 0.2834115
v 2.833392 0.1666082 0.2466885
v 2.833392 0.04879838 0.2042132
v 2.833392 0.3505263 0.2466885
v -3 0.3505263 -0.06317583
v -3 0.1666082 -0.06317583
v -2.951201 0.04879838 -0.06317583
v -3 0.1666082 0.06317606
v -2.951201 0.04879838 0.06317605
v -3 0.3505263 0.06317606
v -2.833392 0.6494736 -0.2466885
v -2.833392 0.8505263 -0.2466885
v -2.600723 0.8505263 -0.2834117
v -2.600723 0.6494736 -0.2834117
v 2.600723 0.8505263 -0.2834121
v 2.600723 0.6494736 -0.2834121
v 2.833392 0.8505263 -0.2466889
v 2.833392 0.6494736 -0.2466889
v 3 1.149474 -0.06317627
v 3 1.333392 -0.06317627
v 2.951201 1.451202 -0.06317627
v 3 1.333392 0.06317561
v 2.951201 1.451202 0.06317563
v 2.929583 1.429583 0.1806584
v 2.951201 1.333392 0.1989948
v 3 1.149474 0.06317561
v 2.951201 1.149474 0.1989948
v 2.833392 1.149474 0.2466885
v 2.833392 1.333392 0.2466885
v 2.833392 1.451202 0.2042132
v 2.600723 1.333392 0.2834115
v 2.600723 1.451202 0.2346132
v -2.600723 1.451202 0.2346135
v 2.600723 1.149474 0.2834115
v -2.600723 1.333392 0.2834119
v -2.600723 1.149474 0.2834119
v -2.833392 1.333392 0.2466889
v -2.833392 1.451202 0.2042136
v -2.929583 1.429583 0.1806588
v -2.951201 1.333392 0.1989952
v -2.833392 1.149474 0.2466889
v -2.951201 1.149474 0.1989952
v -3 1.149474 0.06317606
v -3 1.333392 0.06317605
v -2.951201 1.451202 0.06317605
v -3 1.333392 -0.06317583
v -2.951201 1.451202 -0.06317584
v -3 1.149474 -0.06317583
v -2.600723 7.152147E-18 -0.1168034
v -2.833392 5.730697E-18 -0.09358939
v -2.833392 -5.730694E-18 0.09358934
v -2.600723 -7.152163E-18 0.1168037
v 2.600723 7.15217E-18 -0.1168038
v 2.600723 -7.15214E-18 0.1168033
v 2.833392 5.730723E-18 -0.09358982
v 2.833392 -5.730668E-18 0.09358893
v 2.600723 1.5 -0.1168038
v 2.833392 1.5 -0.09358982
v 2.833392 1.5 0.0935889
v 2.600723 1.5 0.1168033
v -2.600723 1.5 -0.1168034
v -2.600723 1.5 0.1168037
v -2.833392 1.5 -0.09358939
v -2.833392 1.5 0.09358935
v -2.951209 0.8505259 -11.42803
v -2.89133 0.9999995 -11.37725
v -2.916951 0.9999995 -11.28328
v -3 0.8505259 -11.29221
v -2.916951 0.9999995 -11.17479
v -3 0.6494732 -11.29221
v -2.951209 0.6494732 -11.42803
v -2.89133 0.4999995 -11.37725
v -2.916951 0.4999995 -11.28328
v -3 0.6494732 -11.16586
v -2.916951 0.4999995 -11.17479
v -3 0.8505259 -11.16586
v -2.89133 0.9999995 -11.08082
v -2.951209 0.8505259 -11.03004
v -2.951209 0.6494732 -11.03004
v -2.89133 0.4999995 -11.08082
v -2.816873 0.9999995 -11.40344
v -2.951209 1.149473 -11.42803
v -2.833391 1.149473 -11.47572
v -2.600722 0.9999995 -11.4294
v -2.833391 1.333391 -11.47572
v -2.951209 1.333391 -11.42803
v -2.929577 1.429583 -11.40969
v -2.833391 1.451201 -11.43325
v -2.600722 1.333391 -11.51245
v -2.600722 1.451201 -11.46365
v 2.600719 1.451201 -11.46365
v -2.600722 1.149473 -11.51245
v 2.600719 1.333391 -11.51245
v 2.600719 1.149473 -11.51245
v 2.600719 0.9999995 -11.4294
v 2.81687 0.9999995 -11.40344
v 2.833389 1.333391 -11.47572
v 2.833389 1.451201 -11.43325
v 2.929574 1.429583 -11.40969
v 2.951206 1.333391 -11.42803
v 2.833389 1.149473 -11.47572
v 2.891327 0.9999995 -11.37725
v 2.951206 1.149473 -11.42803
v 2.951206 0.6494732 -11.42803
v 2.891327 0.4999995 -11.37725
v 2.916949 0.4999995 -11.28328
v 2.999997 0.6494732 -11.29221
v 2.916949 0.4999995 -11.17479
v 2.999997 0.8505259 -11.29221
v 2.951206 0.8505259 -11.42803
v 2.916949 0.9999995 -11.28328
v 2.999997 0.8505259 -11.16586
v 2.916949 0.9999995 -11.17479
v 2.999997 0.6494732 -11.16586
v 2.891327 0.4999995 -11.08082
v 2.951206 0.6494732 -11.03004
v 2.951206 0.8505259 -11.03004
v 2.891327 0.9999995 -11.08082
v 2.81687 0.4999995 -11.40344
v 2.951206 0.3505258 -11.42803
v 2.833389 0.3505258 -11.47572
v 2.600719 0.4999995 -11.4294
v 2.833389 0.1666078 -11.47572
v 2.951206 0.1666078 -11.42803
v 2.929574 0.07041643 -11.40969
v 2.833389 0.04879806 -11.43325
v 2.600719 0.1666078 -11.51245
v 2.600719 0.04879806 -11.46365
v -2.600722 0.04879806 -11.46365
v 2.600719 0.3505258 -11.51245
v -2.600722 0.1666078 -11.51245
v -2.600722 0.3505258 -11.51245
v -2.600722 0.4999995 -11.4294
v -2.816873 0.4999995 -11.40344
v -2.833391 0.1666078 -11.47572
v -2.833391 0.04879806 -11.43325
v -2.929577 0.07041643 -11.40969
v -2.951209 0.1666078 -11.42803
v -2.833391 0.3505258 -11.47572
v -2.951209 0.3505258 -11.42803
v 2.81687 0.4999995 -11.05463
v 2.833389 0.6494732 -10.98235
v 2.600719 0.4999995 -11.02866
v 2.833389 0.8505259 -10.98235
v 2.81687 0.9999995 -11.05463
v 2.600719 0.8505259 -10.94562
v 2.600719 0.9999995 -11.02866
v -2.600722 0.9999995 -11.02866
v 2.600719 0.6494732 -10.94562
v -2.600722 0.8505259 -10.94562
v -2.600722 0.6494732 -10.94562
v -2.600722 0.4999995 -11.02866
v -2.816873 0.4999995 -11.05463
v -2.833391 0.8505259 -10.98234
v -2.816873 0.9999995 -11.05463
v -2.833391 0.6494732 -10.98234
v 2.951206 0.3505259 -11.03004
v 2.999997 0.3505259 -11.16586
v 2.999997 0.1666078 -11.16586
v 2.951206 0.1666079 -11.03004
v 2.929574 0.07041644 -11.04838
v 2.951206 0.04879807 -11.16586
v 2.999997 0.1666078 -11.29221
v 2.951206 0.04879807 -11.29221
v 2.999997 0.3505258 -11.29221
v -2.951209 0.3505259 -11.03004
v -2.833391 0.3505259 -10.98234
v -2.833391 0.1666079 -10.98234
v -2.951209 0.1666079 -11.03004
v -2.929577 0.07041644 -11.04837
v -2.833391 0.04879808 -11.02482
v -2.600722 0.1666079 -10.94562
v -2.600722 0.04879808 -10.99442
v 2.600719 0.04879808 -10.99442
v -2.600722 0.3505259 -10.94562
v 2.600719 0.1666079 -10.94562
v 2.600719 0.3505259 -10.94562
v 2.833389 0.1666079 -10.98235
v 2.833389 0.04879808 -11.02482
v 2.833389 0.3505259 -10.98235
v -3 0.3505258 -11.29221
v -3 0.1666078 -11.29221
v -2.951209 0.04879807 -11.29221
v -3 0.1666078 -11.16586
v -2.951209 0.04879807 -11.16586
v -3 0.3505259 -11.16586
v -2.833391 0.6494732 -11.47572
v -2.833391 0.8505259 -11.47572
v -2.600722 0.8505259 -11.51245
v -2.600722 0.6494732 -11.51245
v 2.600719 0.8505259 -11.51245
v 2.600719 0.6494732 -11.51245
v 2.833389 0.8505259 -11.47572
v 2.833389 0.6494732 -11.47572
v 2.999997 1.149473 -11.29221
v 2.999997 1.333391 -11.29221
v 2.951206 1.451201 -11.29221
v 2.999997 1.333391 -11.16586
v 2.951206 1.451201 -11.16586
v 2.929574 1.429583 -11.04838
v 2.951206 1.333391 -11.03004
v 2.999997 1.149473 -11.16586
v 2.951206 1.149473 -11.03004
v 2.833389 1.149473 -10.98235
v 2.833389 1.333391 -10.98235
v 2.833389 1.451201 -11.02482
v 2.600719 1.333391 -10.94562
v 2.600719 1.451201 -10.99442
v -2.600722 1.451201 -10.99442
v 2.600719 1.149473 -10.94562
v -2.600722 1.333391 -10.94562
v -2.600722 1.149473 -10.94562
v -2.833391 1.333391 -10.98234
v -2.833391 1.451201 -11.02482
v -2.929577 1.429583 -11.04837
v -2.951209 1.333391 -11.03004
v -2.833391 1.149473 -10.98234
v -2.951209 1.149473 -11.03004
v -3 1.149473 -11.16586
v -3 1.333391 -11.16586
v -2.951209 1.451201 -11.16586
v -3 1.333391 -11.29221
v -2.951209 1.451201 -11.29221
v -3 1.149473 -11.29221
v -2.600722 -4.959422E-07 -11.34584
v -2.833391 -4.949275E-07 -11.32262
v -2.833391 -4.867456E-07 -11.13544
v -2.600722 -4.857309E-07 -11.11223
v 2.600719 -4.959423E-07 -11.34584
v 2.600719 -4.85731E-07 -11.11223
v 2.833389 -4.949276E-07 -11.32262
v 2.833389 -4.867457E-07 -11.13544
v 2.600719 1.5 -11.34584
v 2.833389 1.5 -11.32262
v 2.833389 1.5 -11.13544
v 2.600719 1.5 -11.11223
v -2.600722 1.5 -11.34584
v -2.600722 1.5 -11.11223
v -2.833391 1.5 -11.32262
v -2.833391 1.5 -11.13544
v 10.22862 0.8281798 -0.634079
v 10.2649 0.9776535 -0.6787996
v 10.33204 0.9776535 -0.6596575
v 10.32565 0.8281798 -0.5976286
v 10.40956 0.9776535 -0.6596575
v 10.32565 0.6271272 -0.5976286
v 10.22862 0.6271272 -0.634079
v 10.2649 0.4776535 -0.6787996
v 10.33204 0.4776535 -0.6596575
v 10.41595 0.6271272 -0.5976286
v 10.40956 0.4776535 -0.6596575
v 10.41595 0.8281798 -0.5976286
v 10.47671 0.9776535 -0.6787996
v 10.51299 0.8281798 -0.634079
v 10.51299 0.6271272 -0.634079
v 10.47671 0.4776535 -0.6787996
v 10.24618 0.9776534 -0.734417
v 10.22862 1.127127 -0.634079
v 10.19454 1.127127 -0.7220783
v 10.22764 0.9776534 -0.8958721
v 10.19454 1.311045 -0.7220783
v 10.22862 1.311045 -0.634079
v 10.24172 1.407237 -0.6502275
v 10.22489 1.428855 -0.7220783
v 10.1683 1.311045 -0.8958721
v 10.20317 1.428855 -0.8958721
v 10.20317 1.428855 -4.781135
v 10.1683 1.127127 -0.8958721
v 10.1683 1.311045 -4.781135
v 10.1683 1.127127 -4.781135
v 10.22764 0.9776533 -4.781135
v 10.24618 0.9776533 -4.94259
v 10.19454 1.311045 -4.954928
v 10.22489 1.428855 -4.954928
v 10.24172 1.407236 -5.02678
v 10.22862 1.311045 -5.042928
v 10.19454 1.127127 -4.954928
v 10.2649 0.9776533 -4.998208
v 10.22862 1.127127 -5.042928
v 10.22862 0.6271269 -5.042928
v 10.2649 0.4776533 -4.998208
v 10.33204 0.4776533 -5.01735
v 10.32565 0.6271269 -5.079379
v 10.40956 0.4776533 -5.01735
v 10.32565 0.8281796 -5.079379
v 10.22862 0.8281796 -5.042928
v 10.33204 0.9776533 -5.01735
v 10.41595 0.8281796 -5.079379
v 10.40956 0.9776533 -5.01735
v 10.41595 0.6271269 -5.079379
v 10.4767 0.4776533 -4.998208
v 10.51299 0.6271269 -5.042928
v 10.51299 0.8281796 -5.042928
v 10.4767 0.9776533 -4.998208
v 10.24618 0.4776533 -4.94259
v 10.22862 0.3281796 -5.042928
v 10.19454 0.3281796 -4.954928
v 10.22764 0.4776533 -4.781135
v 10.19454 0.1442616 -4.954928
v 10.22862 0.1442616 -5.042928
v 10.24172 0.04807021 -5.02678
v 10.22489 0.02645185 -4.954928
v 10.1683 0.1442616 -4.781135
v 10.20317 0.02645186 -4.781135
v 10.20317 0.02645203 -0.8958721
v 10.1683 0.3281796 -4.781135
v 10.1683 0.1442618 -0.8958721
v 10.1683 0.3281798 -0.8958721
v 10.22764 0.4776535 -0.8958721
v 10.24618 0.4776535 -0.734417
v 10.19454 0.1442618 -0.7220783
v 10.22489 0.02645203 -0.7220783
v 10.24172 0.0480704 -0.6502275
v 10.22862 0.1442618 -0.634079
v 10.19454 0.3281798 -0.7220783
v 10.22862 0.3281798 -0.634079
v 10.49543 0.4776533 -4.94259
v 10.54707 0.6271269 -4.954928
v 10.51397 0.4776533 -4.781135
v 10.54707 0.8281796 -4.954928
v 10.49543 0.9776533 -4.94259
v 10.57331 0.8281796 -4.781135
v 10.51397 0.9776533 -4.781135
v 10.51397 0.9776534 -0.8958721
v 10.57331 0.6271269 -4.781135
v 10.57331 0.8281798 -0.8958721
v 10.57331 0.6271271 -0.8958721
v 10.51397 0.4776535 -0.8958721
v 10.49543 0.4776535 -0.734417
v 10.54707 0.8281798 -0.7220783
v 10.49543 0.9776534 -0.734417
v 10.54707 0.6271271 -0.7220783
v 10.51299 0.3281796 -5.042928
v 10.41595 0.3281796 -5.079379
v 10.41595 0.1442616 -5.079379
v 10.51299 0.1442616 -5.042928
v 10.49988 0.04807021 -5.02678
v 10.41595 0.02645184 -5.042928
v 10.32565 0.1442616 -5.079379
v 10.32565 0.02645184 -5.042928
v 10.32565 0.3281796 -5.079379
v 10.51299 0.3281798 -0.634079
v 10.54707 0.3281798 -0.7220783
v 10.54707 0.1442618 -0.7220783
v 10.51299 0.1442618 -0.634079
v 10.49988 0.0480704 -0.6502275
v 10.51672 0.02645203 -0.7220783
v 10.57331 0.1442618 -0.8958721
v 10.53844 0.02645203 -0.8958721
v 10.53844 0.02645186 -4.781135
v 10.57331 0.3281798 -0.8958721
v 10.57331 0.1442616 -4.781135
v 10.57331 0.3281796 -4.781135
v 10.54707 0.1442616 -4.954928
v 10.51672 0.02645185 -4.954928
v 10.54707 0.3281796 -4.954928
v 10.32565 0.3281798 -0.5976286
v 10.32565 0.1442618 -0.5976286
v 10.32565 0.02645204 -0.634079
v 10.41595 0.1442618 -0.5976286
v 10.41595 0.02645204 -0.634079
v 10.41595 0.3281798 -0.5976286
v 10.19454 0.6271271 -0.7220783
v 10.19454 0.8281798 -0.7220783
v 10.1683 0.8281798 -0.8958721
v 10.1683 0.6271271 -0.8958721
v 10.1683 0.8281796 -4.781135
v 10.1683 0.6271269 -4.781135
v 10.19454 0.8281796 -4.954928
v 10.19454 0.6271269 -4.954928
v 10.32565 1.127127 -5.079379
v 10.32565 1.311045 -5.079379
v 10.32565 1.428855 -5.042928
v 10.41595 1.311045 -5.079379
v 10.41595 1.428855 -5.042928
v 10.49988 1.407236 -5.02678
v 10.51299 1.311045 -5.042928
v 10.41595 1.127127 -5.079379
v 10.51299 1.127127 -5.042928
v 10.54707 1.127127 -4.954928
v 10.54707 1.311045 -4.954928
v 10.51672 1.428855 -4.954928
v 10.57331 1.311045 -4.781135
v 10.53844 1.428855 -4.781135
v 10.53844 1.428855 -0.8958721
v 10.57331 1.127127 -4.781135
v 10.57331 1.311045 -0.8958721
v 10.57331 1.127127 -0.8958721
v 10.54707 1.311045 -0.7220783
v 10.51672 1.428855 -0.7220783
v 10.49988 1.407237 -0.6502275
v 10.51299 1.311045 -0.634079
v 10.54707 1.127127 -0.7220783
v 10.51299 1.127127 -0.634079
v 10.41595 1.127127 -0.5976286
v 10.41595 1.311045 -0.5976286
v 10.41595 1.428855 -0.634079
v 10.32565 1.311045 -0.5976286
v 10.32565 1.428855 -0.634079
v 10.32565 1.127127 -0.5976286
v 10.28734 -0.02234654 -0.8958721
v 10.30394 -0.02234653 -0.7220783
v 10.43767 -0.02234653 -0.7220783
v 10.45427 -0.02234654 -0.8958721
v 10.28734 -0.02234671 -4.781135
v 10.45427 -0.02234671 -4.781135
v 10.30394 -0.02234671 -4.954928
v 10.43767 -0.02234671 -4.954928
v 10.28734 1.477653 -4.781135
v 10.30394 1.477653 -4.954928
v 10.43767 1.477653 -4.954928
v 10.45427 1.477653 -4.781135
v 10.28734 1.477654 -0.8958721
v 10.45427 1.477654 -0.8958721
v 10.30394 1.477654 -0.7220783
v 10.43767 1.477654 -0.7220783
v 10.22862 0.8281795 -6.230544
v 10.2649 0.9776532 -6.275266
v 10.33204 0.9776532 -6.256124
v 10.32565 0.8281795 -6.194095
v 10.40956 0.9776532 -6.256124
v 10.32565 0.6271269 -6.194095
v 10.22862 0.6271269 -6.230544
v 10.2649 0.4776532 -6.275266
v 10.33204 0.4776532 -6.256124
v 10.41595 0.6271269 -6.194095
v 10.40956 0.4776532 -6.256124
v 10.41595 0.8281795 -6.194095
v 10.4767 0.9776532 -6.275266
v 10.51299 0.8281795 -6.230544
v 10.51299 0.6271269 -6.230544
v 10.4767 0.4776532 -6.275266
v 10.24618 0.9776532 -6.330882
v 10.22862 1.127127 -6.230544
v 10.19454 1.127127 -6.318543
v 10.22764 0.9776532 -6.492337
v 10.19454 1.311045 -6.318543
v 10.22862 1.311045 -6.230544
v 10.24172 1.407236 -6.246694
v 10.22489 1.428855 -6.318543
v 10.1683 1.311045 -6.492337
v 10.20317 1.428855 -6.492337
v 10.20317 1.428854 -10.3776
v 10.1683 1.127127 -6.492337
v 10.1683 1.311045 -10.3776
v 10.1683 1.127127 -10.3776
v 10.22764 0.977653 -10.3776
v 10.24618 0.977653 -10.53906
v 10.19454 1.311045 -10.55139
v 10.22489 1.428854 -10.55139
v 10.24172 1.407236 -10.62324
v 10.22862 1.311045 -10.63939
v 10.19454 1.127127 -10.55139
v 10.2649 0.977653 -10.59467
v 10.22862 1.127127 -10.63939
v 10.22862 0.6271267 -10.63939
v 10.2649 0.477653 -10.59467
v 10.33204 0.477653 -10.61381
v 10.32565 0.6271267 -10.67585
v 10.40956 0.477653 -10.61381
v 10.32565 0.8281794 -10.67585
v 10.22862 0.8281794 -10.63939
v 10.33204 0.977653 -10.61381
v 10.41595 0.8281794 -10.67585
v 10.40956 0.977653 -10.61381
v 10.41595 0.6271267 -10.67585
v 10.4767 0.477653 -10.59467
v 10.51299 0.6271267 -10.63939
v 10.51299 0.8281794 -10.63939
v 10.4767 0.977653 -10.59467
v 10.24618 0.4776531 -10.53906
v 10.22862 0.3281794 -10.63939
v 10.19454 0.3281794 -10.55139
v 10.22764 0.4776531 -10.3776
v 10.19454 0.1442614 -10.55139
v 10.22862 0.1442614 -10.63939
v 10.24172 0.04806997 -10.62324
v 10.22489 0.0264516 -10.55139
v 10.1683 0.1442614 -10.3776
v 10.20317 0.02645161 -10.3776
v 10.20317 0.02645178 -6.492337
v 10.1683 0.3281794 -10.3776
v 10.1683 0.1442616 -6.492337
v 10.1683 0.3281795 -6.492337
v 10.22764 0.4776532 -6.492337
v 10.24618 0.4776532 -6.330882
v 10.19454 0.1442616 -6.318543
v 10.22489 0.02645179 -6.318543
v 10.24172 0.04807016 -6.246694
v 10.22862 0.1442616 -6.230544
v 10.19454 0.3281796 -6.318543
v 10.22862 0.3281796 -6.230544
v 10.49542 0.4776531 -10.53906
v 10.54707 0.6271267 -10.55139
v 10.51397 0.4776531 -10.3776
v 10.54707 0.8281794 -10.55139
v 10.49542 0.977653 -10.53906
v 10.5733 0.8281794 -10.3776
v 10.51397 0.977653 -10.3776
v 10.51397 0.9776532 -6.492337
v 10.5733 0.6271267 -10.3776
v 10.57331 0.8281795 -6.492337
v 10.57331 0.6271269 -6.492337
v 10.51397 0.4776532 -6.492337
v 10.49543 0.4776532 -6.330882
v 10.54707 0.8281795 -6.318543
v 10.49543 0.9776532 -6.330882
v 10.54707 0.6271269 -6.318543
v 10.51299 0.3281794 -10.63939
v 10.41595 0.3281794 -10.67585
v 10.41595 0.1442614 -10.67585
v 10.51299 0.1442614 -10.63939
v 10.49988 0.04806997 -10.62324
v 10.41595 0.0264516 -10.63939
v 10.32565 0.1442614 -10.67585
v 10.32565 0.0264516 -10.63939
v 10.32565 0.3281794 -10.67585
v 10.51299 0.3281796 -6.230544
v 10.54707 0.3281796 -6.318543
v 10.54707 0.1442616 -6.318543
v 10.51299 0.1442616 -6.230544
v 10.49988 0.04807016 -6.246694
v 10.51672 0.02645179 -6.318543
v 10.57331 0.1442616 -6.492337
v 10.53844 0.02645178 -6.492337
v 10.53844 0.02645161 -10.3776
v 10.57331 0.3281795 -6.492337
v 10.5733 0.1442614 -10.3776
v 10.5733 0.3281794 -10.3776
v 10.54707 0.1442614 -10.55139
v 10.51672 0.0264516 -10.55139
v 10.54707 0.3281794 -10.55139
v 10.32565 0.3281796 -6.194095
v 10.32565 0.1442616 -6.194095
v 10.32565 0.02645179 -6.230544
v 10.41595 0.1442616 -6.194095
v 10.41595 0.02645179 -6.230544
v 10.41595 0.3281796 -6.194095
v 10.19454 0.6271269 -6.318543
v 10.19454 0.8281795 -6.318543
v 10.1683 0.8281795 -6.492337
v 10.1683 0.6271269 -6.492337
v 10.1683 0.8281794 -10.3776
v 10.1683 0.6271267 -10.3776
v 10.19454 0.8281794 -10.55139
v 10.19454 0.6271267 -10.55139
v 10.32565 1.127127 -10.67585
v 10.32565 1.311045 -10.67585
v 10.32565 1.428854 -10.63939
v 10.41595 1.311045 -10.67585
v 10.41595 1.428854 -10.63939
v 10.49988 1.407236 -10.62324
v 10.51299 1.311045 -10.63939
v 10.41595 1.127127 -10.67585
v 10.51299 1.127127 -10.63939
v 10.54707 1.127127 -10.55139
v 10.54707 1.311045 -10.55139
v 10.51672 1.428854 -10.55139
v 10.5733 1.311045 -10.3776
v 10.53844 1.428854 -10.3776
v 10.53844 1.428855 -6.492337
v 10.5733 1.127127 -10.3776
v 10.57331 1.311045 -6.492337
v 10.57331 1.127127 -6.492337
v 10.54707 1.311045 -6.318543
v 10.51672 1.428855 -6.318543
v 10.49988 1.407236 -6.246694
v 10.51299 1.311045 -6.230544
v 10.54707 1.127127 -6.318543
v 10.51299 1.127127 -6.230544
v 10.41595 1.127127 -6.194095
v 10.41595 1.311045 -6.194095
v 10.41595 1.428855 -6.230544
v 10.32565 1.311045 -6.194095
v 10.32565 1.428855 -6.230544
v 10.32565 1.127127 -6.194095
v 10.28734 -0.02234678 -6.492337
v 10.30394 -0.02234677 -6.318543
v 10.43767 -0.02234677 -6.318543
v 10.45427 -0.02234678 -6.492337
v 10.28734 -0.02234695 -10.3776
v 10.45427 -0.02234695 -10.3776
v 10.30394 -0.02234696 -10.55139
v 10.43767 -0.02234696 -10.55139
v 10.28734 1.477653 -10.3776
v 10.30394 1.477653 -10.55139
v 10.43767 1.477653 -10.55139
v 10.45427 1.477653 -10.3776
v 10.28734 1.477653 -6.492337
v 10.45427 1.477653 -6.492337
v 10.30394 1.477653 -6.318543
v 10.43767 1.477653 -6.318543
v 3.100229 2.559964 -2.803074
v 3.050555 2.559964 -3.062453
v 3.100229 2.559964 -3.321833
v 3.235906 2.559964 -3.511712
v 3.235906 2.559965 -2.613194
v 3.421234 2.559965 -2.543694
v 3.421234 2.559964 -3.581213
v 3.606563 2.559964 -3.511712
v 3.606563 2.559965 -2.613194
v 3.74224 2.559964 -2.803074
v 3.653926 2.458508 -2.498411
v 3.824263 2.458507 -2.736804
v 3.791914 2.559964 -3.062453
v 3.886617 2.458507 -3.062453
v 3.74224 2.559964 -3.321834
v 3.824263 2.458507 -3.388103
v 3.653926 2.458507 -3.626496
v 3.886617 -0.04081596 -3.062453
v 3.791914 -0.1422726 -3.062453
v 3.74224 -0.1422726 -2.803074
v 3.824263 -0.04081595 -2.736804
v 3.606563 -0.1422726 -2.613194
v 3.653926 -0.04081594 -2.498411
v 3.421234 -0.1422726 -2.543694
v 3.421234 -0.04081593 -2.411154
v 3.235906 -0.1422726 -2.613194
v 3.188543 -0.04081594 -2.498411
v 3.858237 2.213569 -2.709353
v 3.925846 2.213569 -3.062453
v 3.858237 2.213569 -3.415553
v 3.858237 0.2041224 -3.415553
v 3.925846 0.2041224 -3.062453
v 3.858237 0.2041224 -2.709353
v 3.824263 -0.04081598 -3.388103
v 3.67354 0.2041224 -2.450866
v 3.673529 2.213569 -2.450866
v 3.421234 0.2041224 -2.356254
v 3.168929 0.2041224 -2.450866
v 3.168929 2.213569 -2.450866
v 3.421234 2.213569 -2.356254
v 3.421234 2.458508 -2.411154
v 3.188543 2.458508 -2.498411
v 3.018206 2.458507 -2.736804
v 2.955852 2.458507 -3.062453
v 3.018206 -0.04081595 -2.736804
v 2.984232 0.2041224 -2.709353
v 2.984232 2.213569 -2.709353
v 2.955852 -0.04081596 -3.062453
v 2.916623 0.2041224 -3.062453
v 3.018206 -0.04081598 -3.388103
v 2.984232 0.2041224 -3.415553
v 2.984232 2.213569 -3.415553
v 2.916623 2.213569 -3.062453
v 3.018206 2.458507 -3.388103
v 3.188543 2.458507 -3.626496
v 3.421234 2.458507 -3.713754
v 3.188543 -0.04081599 -3.626496
v 3.168929 0.2041224 -3.674041
v 3.168929 2.213569 -3.674041
v 3.235906 -0.1422726 -3.511712
v 3.100229 -0.1422726 -3.321833
v 3.421234 -0.1422726 -3.581213
v 3.606563 -0.1422726 -3.511712
v 3.74224 -0.1422726 -3.321834
v 3.050555 -0.1422726 -3.062453
v 3.100229 -0.1422726 -2.803074
v 3.421234 -0.04081599 -3.713754
v 3.421234 0.2041224 -3.768653
v 3.653926 -0.04081599 -3.626496
v 3.67354 0.2041224 -3.674041
v 3.673529 2.213569 -3.674041
v 3.421234 2.213569 -3.768653
v 3.100228 2.559964 -7.917542
v 3.050554 2.559964 -8.176922
v 3.100228 2.559964 -8.436301
v 3.235904 2.559964 -8.626181
v 3.235905 2.559964 -7.727664
v 3.421234 2.559964 -7.658162
v 3.421233 2.559964 -8.695682
v 3.606562 2.559964 -8.626181
v 3.606563 2.559964 -7.727664
v 3.742239 2.559964 -7.917542
v 3.653925 2.458507 -7.61288
v 3.824262 2.458507 -7.851272
v 3.791913 2.559964 -8.176922
v 3.886616 2.458507 -8.176922
v 3.742239 2.559964 -8.436301
v 3.824262 2.458507 -8.502571
v 3.653925 2.458507 -8.740964
v 3.886616 -0.04081619 -8.176922
v 3.791913 -0.1422728 -8.176922
v 3.742239 -0.1422728 -7.917542
v 3.824262 -0.04081617 -7.851272
v 3.606563 -0.1422728 -7.727664
v 3.653925 -0.04081616 -7.61288
v 3.421234 -0.1422728 -7.658162
v 3.421234 -0.04081616 -7.525622
v 3.235905 -0.1422728 -7.727664
v 3.188542 -0.04081616 -7.61288
v 3.858236 2.213569 -7.823823
v 3.925845 2.213569 -8.176922
v 3.858236 2.213569 -8.530022
v 3.858236 0.2041222 -8.530022
v 3.925845 0.2041222 -8.176922
v 3.858236 0.2041222 -7.823823
v 3.824262 -0.0408162 -8.502571
v 3.67354 0.2041222 -7.565335
v 3.673529 2.213569 -7.565335
v 3.421234 0.2041222 -7.470723
v 3.168928 0.2041222 -7.565335
v 3.168928 2.213569 -7.565335
v 3.421234 2.213569 -7.470723
v 3.421234 2.458507 -7.525622
v 3.188542 2.458507 -7.61288
v 3.018205 2.458507 -7.851272
v 2.955851 2.458507 -8.176922
v 3.018205 -0.04081617 -7.851272
v 2.984231 0.2041222 -7.823823
v 2.984231 2.213569 -7.823823
v 2.955851 -0.04081619 -8.176922
v 2.916622 0.2041222 -8.176922
v 3.018205 -0.0408162 -8.502571
v 2.984231 0.2041222 -8.530022
v 2.984231 2.213569 -8.530022
v 2.916622 2.213569 -8.176922
v 3.018205 2.458507 -8.502571
v 3.188542 2.458507 -8.740964
v 3.421233 2.458507 -8.828222
v 3.188542 -0.04081621 -8.740964
v 3.168928 0.2041222 -8.788508
v 3.168928 2.213569 -8.788508
v 3.235904 -0.1422728 -8.626181
v 3.100228 -0.1422728 -8.436301
v 3.421233 -0.1422729 -8.695682
v 3.606562 -0.1422728 -8.626181
v 3.742239 -0.1422728 -8.436301
v 3.050554 -0.1422728 -8.176922
v 3.100228 -0.1422728 -7.917542
v 3.421233 -0.04081622 -8.828222
v 3.421233 0.2041222 -8.883121
v 3.653925 -0.04081621 -8.740964
v 3.673539 0.2041222 -8.788508
v 3.673528 2.213569 -8.788508
v 3.421233 2.213569 -8.883121
v 3.421234 4.85713 -4.614964
v 3.168928 4.762517 -6.624411
v 3.421234 4.857129 -6.624411
v 3.168928 4.762516 -4.614964
v 3.188543 4.714972 -4.370027
v 3.421234 4.802229 -4.370027
v 3.018205 4.476579 -4.370027
v 2.984232 4.50403 -4.614964
v 3.100229 4.410309 -4.268569
v 3.235905 4.600189 -4.268569
v 3.421234 4.669689 -4.268569
v 2.984232 4.504029 -6.624411
v 2.916622 4.150929 -6.624412
v 3.018205 4.47658 -6.869349
v 2.955851 4.150929 -6.869349
v 2.984232 3.79783 -6.624412
v 3.018205 3.825279 -6.869349
v 2.916622 4.15093 -4.614964
v 2.984232 3.797829 -4.614964
v 3.018205 3.825279 -4.370027
v 2.955851 4.15093 -4.370027
v 3.421234 3.44473 -4.614964
v 3.673529 3.539342 -4.614964
v 3.67354 3.539343 -6.624412
v 3.421234 3.44473 -6.624412
v 3.421234 3.499629 -6.869349
v 3.653925 3.586887 -6.869349
v 3.858236 3.79783 -6.624411
v 3.421234 3.632169 -6.970806
v 3.824262 3.825279 -6.869349
v 3.606563 3.70167 -6.970806
v 3.742239 3.891549 -6.970805
v 3.858236 3.797829 -4.614964
v 3.925846 4.150929 -6.624411
v 3.886616 4.150929 -6.869349
v 3.858236 4.504029 -6.624411
v 3.824262 4.47658 -6.869349
v 3.925846 4.15093 -4.614964
v 3.858236 4.50403 -4.614964
v 3.824263 4.476579 -4.370027
v 3.886617 4.15093 -4.370027
v 3.824263 3.825279 -4.370027
v 3.235905 3.70167 -6.970806
v 3.100228 3.891549 -6.970806
v 3.050554 4.150929 -6.970806
v 3.791913 4.150929 -6.970805
v 3.100228 4.41031 -6.970805
v 3.742239 4.41031 -6.970805
v 3.235905 4.600188 -6.970805
v 3.606563 4.600188 -6.970805
v 3.421234 4.669689 -6.970805
v 3.653925 4.714972 -4.370027
v 3.673529 4.762516 -4.614964
v 3.673529 4.762517 -6.624411
v 3.653925 4.714972 -6.869349
v 3.421234 4.802229 -6.869349
v 3.606563 4.600189 -4.268569
v 3.74224 4.410309 -4.268569
v 3.791914 4.15093 -4.268569
v 3.74224 3.891549 -4.268569
v 3.188542 4.714972 -6.869349
v 3.050555 4.15093 -4.268569
v 3.100229 3.891549 -4.268569
v 3.235905 3.70167 -4.268569
v 3.188543 3.586887 -4.370027
v 3.421234 3.632169 -4.268569
v 3.421234 3.499629 -4.370027
v 3.188542 3.586887 -6.869349
v 3.168928 3.539342 -4.614964
v 3.168928 3.539343 -6.624412
v 3.606563 3.70167 -4.268569
v 3.653925 3.586887 -4.370027
v 3.576437 2.036021 -8.394136
v 3.640732 2.036021 -8.176927
v 3.640732 3.287446 -8.176927
v 3.576437 3.287446 -8.394136
v 3.421234 3.843748 -7.371734
v 3.421234 3.843748 -6.131797
v 3.576438 3.933719 -6.131797
v 3.576438 3.933719 -7.371734
v 3.421234 3.817172 -7.418724
v 3.576438 3.898754 -7.459882
v 3.421234 3.357862 -7.848008
v 3.576438 3.395849 -7.929374
v 3.26603 4.368139 -7.371734
v 3.26603 4.368139 -6.131797
v 3.201735 4.150929 -6.131797
v 3.201735 4.150929 -7.371734
v 3.26603 3.933719 -6.131797
v 3.26603 4.290893 -7.656186
v 3.26603 3.933719 -7.371734
v 3.201735 4.095216 -7.558316
v 3.26603 3.898754 -7.459882
v 3.26603 3.579628 -8.32262
v 3.201735 3.48786 -8.125518
v 3.26603 3.287446 -8.394136
v 3.201735 3.287446 -8.176927
v 3.201735 2.036021 -8.176927
v 3.26603 2.036021 -8.394136
v 3.26603 2.036021 -7.959718
v 3.26603 3.287446 -7.959718
v 3.421234 4.45811 -7.371734
v 3.421234 4.45811 -6.131797
v 3.576438 4.368139 -7.371734
v 3.576438 4.368139 -6.131797
v 3.576438 4.290893 -7.656186
v 3.421234 4.371762 -7.696651
v 3.576438 2.036021 -7.959718
v 3.421234 2.036021 -7.869746
v 3.421234 3.287446 -7.869746
v 3.576438 3.287446 -7.959718
v 3.640732 3.48786 -8.125518
v 3.640733 4.095216 -7.558316
v 3.640733 4.150929 -7.371734
v 3.640733 4.150929 -6.131797
v 3.421233 2.036021 -8.484108
v 3.421233 3.287446 -8.484108
v 3.421233 3.617655 -8.404278
v 3.576437 3.579628 -8.32262
v 3.26603 3.395849 -7.929374
v 3.266031 2.036021 -2.845239
v 3.201736 2.036021 -3.062449
v 3.201736 3.287446 -3.062449
v 3.266031 3.287446 -2.845239
v 3.266031 3.579628 -2.916755
v 3.201736 3.48786 -3.113857
v 3.266031 4.290893 -3.58319
v 3.201736 4.095216 -3.681059
v 3.266031 4.36814 -3.867641
v 3.201736 4.15093 -3.867641
v 3.26603 4.36814 -5.107579
v 3.201735 4.15093 -5.107579
v 3.421234 3.843748 -3.867641
v 3.421234 3.843748 -5.107578
v 3.26603 3.933719 -5.107579
v 3.266031 3.933719 -3.867641
v 3.421234 3.817172 -3.820651
v 3.266031 3.898754 -3.779494
v 3.576438 4.36814 -3.867641
v 3.576438 4.36814 -5.107578
v 3.640733 4.15093 -5.107578
v 3.640733 4.15093 -3.867641
v 3.576438 4.290893 -3.58319
v 3.576438 3.933719 -5.107578
v 3.576438 3.933719 -3.867641
v 3.640733 4.095216 -3.681059
v 3.576438 3.898754 -3.779494
v 3.640733 3.48786 -3.113856
v 3.576438 3.395849 -3.310002
v 3.640733 3.287446 -3.062449
v 3.576438 3.287446 -3.279658
v 3.576438 2.036021 -3.279658
v 3.640733 2.036021 -3.062449
v 3.576438 3.287446 -2.845239
v 3.576438 2.036021 -2.845239
v 3.421234 4.45811 -3.867641
v 3.421234 4.45811 -5.107578
v 3.421234 4.371763 -3.542725
v 3.421234 3.617655 -2.835097
v 3.266031 2.036021 -3.279658
v 3.421234 2.036021 -3.36963
v 3.421234 3.287446 -3.36963
v 3.266031 3.287446 -3.279658
v 3.266031 3.395849 -3.310003
v 3.421234 3.357862 -3.391368
v 3.421234 2.036021 -2.755267
v 3.421234 3.287446 -2.755267
v 3.576438 3.579628 -2.916755
v 3.812281 0.8505263 -0.1989965
v 3.874733 1 -0.1482158
v 3.847999 1 -0.05424356
v 3.761375 0.8505263 -0.06317759
v 3.847999 1 0.05423975
v 3.761375 0.6494737 -0.06317759
v 3.812281 0.6494737 -0.1989965
v 3.874733 0.5 -0.1482158
v 3.847999 0.5 -0.05424356
v 3.761375 0.6494737 0.06317425
v 3.847999 0.5 0.05423975
v 3.761375 0.8505263 0.06317425
v 3.874733 1 0.1482129
v 3.812281 0.8505263 0.1989932
v 3.812281 0.6494737 0.1989932
v 3.874733 0.5 0.1482129
v 3.952406 1 -0.1744084
v 3.812281 1.149474 -0.1989965
v 3.935179 1.149474 -0.2466903
v 4.17788 1 -0.2003713
v 3.935179 1.333392 -0.2466903
v 3.812281 1.333392 -0.1989965
v 3.834828 1.429583 -0.1806602
v 3.935179 1.451201 -0.204215
v 4.17788 1.333392 -0.2834134
v 4.17788 1.451201 -0.2346148
v 9.603813 1.451201 -0.2346153
v 4.17788 1.149474 -0.2834134
v 9.603813 1.333392 -0.2834139
v 9.603813 1.149474 -0.2834139
v 9.603813 1 -0.2003717
v 9.829287 1 -0.1744089
v 9.846513 1.333392 -0.2466908
v 9.846513 1.451201 -0.204215
v 9.946864 1.429583 -0.1806602
v 9.969412 1.333392 -0.1989965
v 9.846513 1.149474 -0.2466908
v 9.90696 1 -0.1482162
v 9.969412 1.149474 -0.1989965
v 9.969412 0.6494737 -0.1989965
v 9.90696 0.5 -0.1482162
v 9.933693 0.5 -0.05424404
v 10.02032 0.6494737 -0.06317806
v 9.933693 0.5 0.05423927
v 10.02032 0.8505263 -0.06317806
v 9.969412 0.8505263 -0.1989965
v 9.933693 1 -0.05424404
v 10.02032 0.8505263 0.06317329
v 9.933693 1 0.05423927
v 10.02032 0.6494737 0.06317329
v 9.90696 0.5 0.1482124
v 9.969412 0.6494737 0.1989927
v 9.969412 0.8505263 0.1989927
v 9.90696 1 0.1482124
v 9.829287 0.5 -0.1744089
v 9.969412 0.3505263 -0.1989965
v 9.846513 0.3505263 -0.2466908
v 9.603813 0.5 -0.2003717
v 9.846513 0.1666083 -0.2466908
v 9.969412 0.1666083 -0.1989965
v 9.946864 0.07041692 -0.1806602
v 9.846513 0.04879855 -0.204215
v 9.603813 0.1666083 -0.2834139
v 9.603813 0.04879855 -0.2346153
v 4.17788 0.04879855 -0.2346148
v 9.603813 0.3505263 -0.2834139
v 4.17788 0.1666083 -0.2834134
v 4.17788 0.3505263 -0.2834134
v 4.17788 0.5 -0.2003713
v 3.952406 0.5 -0.1744084
v 3.935179 0.1666083 -0.2466903
v 3.935179 0.04879855 -0.204215
v 3.834828 0.07041692 -0.1806602
v 3.812281 0.1666083 -0.1989965
v 3.935179 0.3505263 -0.2466903
v 3.812281 0.3505263 -0.1989965
v 9.829287 0.5 0.1744051
v 9.846513 0.6494737 0.246686
v 9.603813 0.5 0.200367
v 9.846513 0.8505263 0.246686
v 9.829287 1 0.1744051
v 9.603813 0.8505263 0.2834091
v 9.603813 1 0.200367
v 4.17788 1 0.2003684
v 9.603813 0.6494737 0.2834091
v 4.17788 0.8505263 0.2834101
v 4.17788 0.6494737 0.2834101
v 4.17788 0.5 0.2003684
v 3.952406 0.5 0.1744051
v 3.935179 0.8505263 0.2466869
v 3.952406 1 0.1744051
v 3.935179 0.6494737 0.2466869
v 9.969412 0.3505263 0.1989927
v 10.02032 0.3505263 0.06317329
v 10.02032 0.1666083 0.06317329
v 9.969412 0.1666083 0.1989927
v 9.946864 0.07041693 0.1806564
v 9.969412 0.04879856 0.06317329
v 10.02032 0.1666083 -0.06317806
v 9.969412 0.04879856 -0.06317806
v 10.02032 0.3505263 -0.06317806
v 3.812281 0.3505263 0.1989932
v 3.935179 0.3505263 0.2466869
v 3.935179 0.1666083 0.2466869
v 3.812281 0.1666083 0.1989932
v 3.834828 0.07041693 0.1806569
v 3.935179 0.04879857 0.2042117
v 4.17788 0.1666083 0.2834101
v 4.17788 0.04879857 0.234612
v 9.603813 0.04879857 0.2346106
v 4.17788 0.3505263 0.2834101
v 9.603813 0.1666083 0.2834091
v 9.603813 0.3505263 0.2834091
v 9.846513 0.1666083 0.246686
v 9.846513 0.04879857 0.2042112
v 9.846513 0.3505263 0.246686
v 3.761375 0.3505263 -0.06317759
v 3.761375 0.1666083 -0.06317759
v 3.812281 0.04879856 -0.06317759
v 3.761375 0.1666083 0.06317425
v 3.812281 0.04879856 0.06317425
v 3.761375 0.3505263 0.06317425
v 3.935179 0.6494737 -0.2466903
v 3.935179 0.8505263 -0.2466903
v 4.17788 0.8505263 -0.2834134
v 4.17788 0.6494737 -0.2834134
v 9.603813 0.8505263 -0.2834139
v 9.603813 0.6494737 -0.2834139
v 9.846513 0.8505263 -0.2466908
v 9.846513 0.6494737 -0.2466908
v 10.02032 1.149474 -0.06317806
v 10.02032 1.333392 -0.06317806
v 9.969412 1.451201 -0.06317806
v 10.02032 1.333392 0.06317329
v 9.969412 1.451201 0.06317329
v 9.946864 1.429583 0.1806564
v 9.969412 1.333392 0.1989927
v 10.02032 1.149474 0.06317329
v 9.969412 1.149474 0.1989927
v 9.846513 1.149474 0.246686
v 9.846513 1.333392 0.246686
v 9.846513 1.451201 0.2042112
v 9.603813 1.333392 0.2834091
v 9.603813 1.451201 0.2346106
v 4.17788 1.451201 0.234612
v 9.603813 1.149474 0.2834091
v 4.17788 1.333392 0.2834101
v 4.17788 1.149474 0.2834101
v 3.935179 1.333392 0.2466869
v 3.935179 1.451201 0.2042117
v 3.834828 1.429583 0.1806569
v 3.812281 1.333392 0.1989932
v 3.935179 1.149474 0.2466869
v 3.812281 1.149474 0.1989932
v 3.761375 1.149474 0.06317425
v 3.761375 1.333392 0.06317425
v 3.812281 1.451201 0.06317425
v 3.761375 1.333392 -0.06317759
v 3.812281 1.451201 -0.06317759
v 3.761375 1.149474 -0.06317759
v 4.17788 -5.105722E-09 -0.1168051
v 3.935179 -4.091008E-09 -0.09359121
v 3.935179 4.090827E-09 0.0935874
v 4.17788 5.105576E-09 0.1168022
v 9.603813 -5.105747E-09 -0.116806
v 9.603813 5.10555E-09 0.1168013
v 9.846513 -4.09102E-09 -0.09359169
v 9.846513 4.090816E-09 0.09358692
v 9.603813 1.5 -0.116806
v 9.846513 1.5 -0.09359169
v 9.846513 1.5 0.09358692
v 9.603813 1.5 0.1168013
v 4.17788 1.5 -0.1168051
v 4.17788 1.5 0.1168022
v 3.935179 1.5 -0.09359121
v 3.935179 1.5 0.0935874
v 3.81228 0.8505259 -11.42803
v 3.874732 0.9999995 -11.37725
v 3.847998 0.9999995 -11.28328
v 3.761374 0.8505259 -11.29221
v 3.847998 0.9999995 -11.17479
v 3.761374 0.6494732 -11.29221
v 3.81228 0.6494732 -11.42803
v 3.874732 0.4999995 -11.37725
v 3.847998 0.4999995 -11.28328
v 3.761374 0.6494732 -11.16586
v 3.847998 0.4999995 -11.17479
v 3.761374 0.8505259 -11.16586
v 3.874732 0.9999995 -11.08082
v 3.81228 0.8505259 -11.03004
v 3.81228 0.6494732 -11.03004
v 3.874732 0.4999995 -11.08082
v 3.952405 0.9999995 -11.40344
v 3.81228 1.149473 -11.42803
v 3.935178 1.149473 -11.47572
v 4.177878 0.9999995 -11.42941
v 3.935178 1.333391 -11.47572
v 3.81228 1.333391 -11.42803
v 3.834827 1.429583 -11.40969
v 3.935178 1.451201 -11.43325
v 4.177878 1.333391 -11.51245
v 4.177878 1.451201 -11.46365
v 9.603811 1.451201 -11.46365
v 4.177878 1.149473 -11.51245
v 9.603811 1.333391 -11.51245
v 9.603811 1.149473 -11.51245
v 9.603811 0.9999995 -11.4294
v 9.829285 0.9999995 -11.40344
v 9.846512 1.333391 -11.47572
v 9.846512 1.451201 -11.43325
v 9.946862 1.429583 -11.40969
v 9.96941 1.333391 -11.42803
v 9.846512 1.149473 -11.47572
v 9.906958 0.9999995 -11.37725
v 9.96941 1.149473 -11.42803
v 9.96941 0.6494732 -11.42803
v 9.906958 0.4999995 -11.37725
v 9.933692 0.4999995 -11.28328
v 10.02032 0.6494732 -11.29221
v 9.933692 0.4999995 -11.17479
v 10.02032 0.8505259 -11.29221
v 9.96941 0.8505259 -11.42803
v 9.933692 0.9999995 -11.28328
v 10.02032 0.8505259 -11.16586
v 9.933692 0.9999995 -11.17479
v 10.02032 0.6494732 -11.16586
v 9.906958 0.4999995 -11.08082
v 9.96941 0.6494732 -11.03004
v 9.96941 0.8505259 -11.03004
v 9.906958 0.9999995 -11.08082
v 9.829285 0.4999995 -11.40344
v 9.96941 0.3505258 -11.42803
v 9.846512 0.3505258 -11.47572
v 9.603811 0.4999995 -11.4294
v 9.846512 0.1666078 -11.47572
v 9.96941 0.1666078 -11.42803
v 9.946862 0.07041643 -11.40969
v 9.846512 0.04879806 -11.43325
v 9.603811 0.1666078 -11.51245
v 9.603811 0.04879806 -11.46365
v 4.177878 0.04879806 -11.46365
v 9.603811 0.3505258 -11.51245
v 4.177878 0.1666078 -11.51245
v 4.177878 0.3505258 -11.51245
v 4.177878 0.4999995 -11.42941
v 3.952405 0.4999995 -11.40344
v 3.935178 0.1666078 -11.47572
v 3.935178 0.04879806 -11.43325
v 3.834827 0.07041643 -11.40969
v 3.81228 0.1666078 -11.42803
v 3.935178 0.3505258 -11.47572
v 3.81228 0.3505258 -11.42803
v 9.829285 0.4999995 -11.05463
v 9.846512 0.6494732 -10.98235
v 9.603811 0.4999995 -11.02867
v 9.846512 0.8505259 -10.98235
v 9.829285 0.9999995 -11.05463
v 9.603811 0.8505259 -10.94562
v 9.603811 0.9999995 -11.02867
v 4.177878 0.9999995 -11.02866
v 9.603811 0.6494732 -10.94562
v 4.177878 0.8505259 -10.94562
v 4.177878 0.6494732 -10.94562
v 4.177878 0.4999995 -11.02866
v 3.952405 0.4999995 -11.05463
v 3.935178 0.8505259 -10.98235
v 3.952405 0.9999995 -11.05463
v 3.935178 0.6494732 -10.98235
v 9.96941 0.3505259 -11.03004
v 10.02032 0.3505259 -11.16586
v 10.02032 0.1666078 -11.16586
v 9.96941 0.1666079 -11.03004
v 9.946862 0.07041644 -11.04838
v 9.96941 0.04879807 -11.16586
v 10.02032 0.1666078 -11.29221
v 9.96941 0.04879807 -11.29221
v 10.02032 0.3505258 -11.29221
v 3.81228 0.3505259 -11.03004
v 3.935178 0.3505259 -10.98235
v 3.935178 0.1666079 -10.98235
v 3.81228 0.1666079 -11.03004
v 3.834827 0.07041644 -11.04838
v 3.935178 0.04879808 -11.02482
v 4.177878 0.1666079 -10.94562
v 4.177878 0.04879808 -10.99442
v 9.603811 0.04879808 -10.99442
v 4.177878 0.3505259 -10.94562
v 9.603811 0.1666079 -10.94562
v 9.603811 0.3505259 -10.94562
v 9.846512 0.1666079 -10.98235
v 9.846512 0.04879808 -11.02482
v 9.846512 0.3505259 -10.98235
v 3.761374 0.3505258 -11.29221
v 3.761374 0.1666078 -11.29221
v 3.81228 0.04879807 -11.29221
v 3.761374 0.1666078 -11.16586
v 3.81228 0.04879807 -11.16586
v 3.761374 0.3505259 -11.16586
v 3.935178 0.6494732 -11.47572
v 3.935178 0.8505259 -11.47572
v 4.177878 0.8505259 -11.51245
v 4.177878 0.6494732 -11.51245
v 9.603811 0.8505259 -11.51245
v 9.603811 0.6494732 -11.51245
v 9.846512 0.8505259 -11.47572
v 9.846512 0.6494732 -11.47572
v 10.02032 1.149473 -11.29221
v 10.02032 1.333391 -11.29221
v 9.96941 1.451201 -11.29221
v 10.02032 1.333391 -11.16586
v 9.96941 1.451201 -11.16586
v 9.946862 1.429583 -11.04838
v 9.96941 1.333391 -11.03004
v 10.02032 1.149473 -11.16586
v 9.96941 1.149473 -11.03004
v 9.846512 1.149473 -10.98235
v 9.846512 1.333391 -10.98235
v 9.846512 1.451201 -11.02482
v 9.603811 1.333391 -10.94562
v 9.603811 1.451201 -10.99442
v 4.177878 1.451201 -10.99442
v 9.603811 1.149473 -10.94562
v 4.177878 1.333391 -10.94562
v 4.177878 1.149473 -10.94562
v 3.935178 1.333391 -10.98235
v 3.935178 1.451201 -11.02482
v 3.834827 1.429583 -11.04838
v 3.81228 1.333391 -11.03004
v 3.935178 1.149473 -10.98235
v 3.81228 1.149473 -11.03004
v 3.761374 1.149473 -11.16586
v 3.761374 1.333391 -11.16586
v 3.81228 1.451201 -11.16586
v 3.761374 1.333391 -11.29221
v 3.81228 1.451201 -11.29221
v 3.761374 1.149473 -11.29221
v 4.177878 -4.959423E-07 -11.34584
v 3.935178 -4.949276E-07 -11.32263
v 3.935178 -4.867458E-07 -11.13545
v 4.177878 -4.857311E-07 -11.11223
v 9.603811 -4.959423E-07 -11.34584
v 9.603811 -4.857311E-07 -11.11223
v 9.846512 -4.949276E-07 -11.32263
v 9.846512 -4.867458E-07 -11.13545
v 9.603811 1.5 -11.34584
v 9.846512 1.5 -11.32263
v 9.846512 1.5 -11.13545
v 9.603811 1.5 -11.11223
v 4.177878 1.5 -11.34584
v 4.177878 1.5 -11.11223
v 3.935178 1.5 -11.32263
v 3.935178 1.5 -11.13545
v -2.957019 1.019105 0.3698611
v -3.168111 1.881623 0.6064172
v -2.971956 1.870075 0.3321409
v -3.159487 1.019105 0.6532173
v -2.971956 0.190331 0.3577895
v -3.436063 1.88585 0.706809
v -3.182023 2.001173 0.5676308
v -3.436063 2.00518 0.6628103
v -3.704015 1.881623 0.6064172
v -3.690102 2.001173 0.5676308
v -3.436063 1.019105 0.7569327
v -3.712639 1.019105 0.6532173
v -3.168111 0.190331 0.6323085
v -3.436063 0.190331 0.7327895
v -3.704015 0.190331 0.6323085
v -3.690102 0.06925586 0.5985856
v -3.436063 0.06925586 0.6938491
v -3.182023 0.06925586 0.5985856
v -2.996051 0.06925584 0.3383193
v -3.876074 0.06925584 0.3383193
v -3.90017 0.190331 0.3577895
v -3.944142 0.06925583 -0.01721048
v -3.971966 0.190331 -0.01721048
v -3.915107 1.019105 0.3698611
v -3.989215 1.019105 -0.01721048
v -3.90017 1.870075 0.3321409
v -3.876074 1.990224 0.3075953
v -3.971966 1.854301 -0.0425272
v -3.944142 1.975269 -0.0476203
v -3.90017 1.838526 -0.4171948
v -3.876074 1.960313 -0.4028354
v -3.915107 1.019105 -0.4042821
v -3.90017 0.190331 -0.3922105
v -3.876074 0.06925581 -0.3727407
v -3.690102 0.0692558 -0.6330066
v -3.704015 0.190331 -0.6667295
v -3.436063 0.0692558 -0.7282705
v -3.436063 0.190331 -0.7672105
v -3.712639 1.019105 -0.6876383
v -3.704015 1.826978 -0.6914711
v -3.690102 1.949365 -0.6628714
v -3.182023 0.0692558 -0.6330066
v -3.168111 0.190331 -0.6667295
v -2.996051 0.06925581 -0.3727407
v -2.971956 0.190331 -0.3922105
v -2.957019 1.019105 -0.4042826
v -3.159487 1.019105 -0.6876383
v -2.971956 1.838526 -0.4171953
v -3.436063 1.019105 -0.7913542
v -3.168111 1.826978 -0.6914711
v -3.436063 1.822752 -0.791863
v -3.436063 1.945357 -0.7580504
v -3.182023 1.949365 -0.6628714
v -2.996051 1.960313 -0.4028354
v -2.927984 0.06925583 -0.01721048
v -2.90016 0.190331 -0.01721048
v -2.882911 1.019105 -0.01721048
v -2.90016 1.854301 -0.0425272
v -2.927984 1.975269 -0.0476203
v -2.996051 1.990224 0.3075953
v -3.215605 2.047854 0.4841785
v -3.054229 2.038353 0.258522
v -3.436063 2.051332 0.5667744
v -3.215605 2.002896 -0.5836382
v -2.995157 2.025375 -0.04972982
v -3.054229 2.012397 -0.3579817
v -3.436063 1.999419 -0.666234
v -3.656521 2.047854 0.4841785
v -3.656521 2.002896 -0.5836382
v -3.817896 2.038353 0.2585225
v -3.817896 2.012397 -0.3579817
v -3.876968 2.025375 -0.04972982
v -3.215605 0.01910498 0.5171709
v -3.054229 0.01910497 0.2913146
v -2.995157 0.01910496 -0.01721048
v -3.054229 0.01910494 -0.325736
v -3.215605 0.01910493 -0.5515919
v -3.436063 0.01910498 0.5998397
v -3.436063 0.01910493 -0.6342611
v -3.656521 0.01910498 0.5171709
v -3.656521 0.01910493 -0.5515919
v -3.817896 0.01910497 0.2913146
v -3.817896 0.01910494 -0.3257356
v -3.876968 0.01910496 -0.01721048
v 2.942191 1.019105 -0.4042845
v 3.153283 1.881623 -0.6408405
v 2.957128 1.870075 -0.3665643
v 3.144659 1.019105 -0.6876407
v 2.957128 0.190331 -0.3922129
v 3.421235 1.88585 -0.7412329
v 3.167195 2.001173 -0.6020546
v 3.421235 2.00518 -0.6972342
v 3.689186 1.881623 -0.640841
v 3.675274 2.001173 -0.6020551
v 3.421235 1.019105 -0.7913566
v 3.697811 1.019105 -0.6876411
v 3.153283 0.190331 -0.6667318
v 3.421235 0.190331 -0.7672133
v 3.689186 0.190331 -0.6667323
v 3.675274 0.0692558 -0.6330094
v 3.421235 0.0692558 -0.7282729
v 3.167195 0.0692558 -0.633009
v 2.981223 0.06925581 -0.3727427
v 3.861246 0.06925581 -0.3727436
v 3.885342 0.190331 -0.3922138
v 3.929314 0.06925583 -0.01721382
v 3.957138 0.190331 -0.01721382
v 3.900279 1.019105 -0.4042854
v 3.974386 1.019105 -0.01721382
v 3.885342 1.870075 -0.3665652
v 3.861246 1.990224 -0.3420196
v 3.957138 1.854301 0.008102894
v 3.929314 1.975269 0.01319599
v 3.885342 1.838526 0.382771
v 3.861246 1.960313 0.3684111
v 3.900279 1.019105 0.3698578
v 3.885342 0.190331 0.3577862
v 3.861246 0.06925584 0.3383164
v 3.675274 0.06925586 0.5985827
v 3.689186 0.190331 0.6323056
v 3.421235 0.06925586 0.6938467
v 3.421235 0.190331 0.7327867
v 3.697811 1.019105 0.6532145
v 3.689186 1.826978 0.6570473
v 3.675274 1.949365 0.6284471
v 3.167195 0.06925586 0.5985832
v 3.153283 0.190331 0.6323061
v 2.981223 0.06925584 0.3383174
v 2.957128 0.190331 0.3577871
v 2.942191 1.019105 0.3698587
v 3.144659 1.019105 0.6532149
v 2.957128 1.838526 0.382772
v 3.421235 1.019105 0.7569304
v 3.153283 1.826978 0.6570473
v 3.421235 1.822752 0.7574391
v 3.421235 1.945357 0.7236266
v 3.167195 1.949365 0.6284475
v 2.981223 1.960313 0.368412
v 2.913156 0.06925583 -0.01721287
v 2.885331 0.190331 -0.01721287
v 2.868083 1.019105 -0.01721287
v 2.885331 1.854301 0.008103848
v 2.913156 1.975269 0.01319695
v 2.981223 1.990224 -0.3420186
v 3.200777 2.047854 -0.5186024
v 3.039402 2.038353 -0.2929459
v 3.421235 2.051332 -0.6011982
v 3.200777 2.002896 0.5492144
v 2.980329 2.025375 0.01530647
v 3.039402 2.012397 0.3235583
v 3.421235 1.999419 0.6318102
v 3.641693 2.047854 -0.5186024
v 3.641693 2.002896 0.5492144
v 3.803068 2.038353 -0.2929463
v 3.803068 2.012397 0.3235579
v 3.86214 2.025375 0.01530552
v 3.200777 0.01910493 -0.5515943
v 3.039402 0.01910494 -0.325738
v 2.980329 0.01910496 -0.01721287
v 3.039402 0.01910497 0.2913122
v 3.200777 0.01910498 0.517168
v 3.421235 0.01910493 -0.6342635
v 3.421235 0.01910498 0.5998373
v 3.641693 0.01910493 -0.5515947
v 3.641693 0.01910498 0.517168
v 3.803068 0.01910494 -0.3257389
v 3.803068 0.01910497 0.2913117
v 3.86214 0.01910496 -0.01721382
v -2.95702 1.019104 -10.85917
v -3.168113 1.881623 -10.62262
v -2.971957 1.870075 -10.89689
v -3.159488 1.019104 -10.57582
v -2.971957 0.1903305 -10.87124
v -3.436064 1.885849 -10.52222
v -3.182025 2.001172 -10.6614
v -3.436064 2.005179 -10.56622
v -3.704016 1.881623 -10.62262
v -3.690104 2.001172 -10.6614
v -3.436064 1.019104 -10.4721
v -3.71264 1.019104 -10.57582
v -3.168113 0.1903305 -10.59673
v -3.436064 0.1903305 -10.49624
v -3.704016 0.1903305 -10.59673
v -3.690104 0.06925537 -10.63045
v -3.436064 0.06925537 -10.53518
v -3.182025 0.06925537 -10.63045
v -2.996053 0.06925535 -10.89071
v -3.876076 0.06925535 -10.89071
v -3.900171 0.1903305 -10.87124
v -3.944143 0.06925534 -11.24624
v -3.971967 0.1903305 -11.24624
v -3.915108 1.019104 -10.85917
v -3.989216 1.019104 -11.24624
v -3.900171 1.870075 -10.89689
v -3.876076 1.990224 -10.92144
v -3.971967 1.8543 -11.27156
v -3.944143 1.975268 -11.27665
v -3.900171 1.838526 -11.64623
v -3.876076 1.960312 -11.63187
v -3.915108 1.019104 -11.63332
v -3.900171 0.1903305 -11.62124
v -3.876076 0.06925532 -11.60177
v -3.690104 0.06925531 -11.86204
v -3.704016 0.1903305 -11.89576
v -3.436064 0.06925531 -11.9573
v -3.436064 0.1903305 -11.99624
v -3.71264 1.019104 -11.91667
v -3.704016 1.826978 -11.9205
v -3.690104 1.949364 -11.8919
v -3.182025 0.06925531 -11.86204
v -3.168113 0.1903305 -11.89576
v -2.996053 0.06925532 -11.60177
v -2.971957 0.1903305 -11.62124
v -2.95702 1.019104 -11.63332
v -3.159488 1.019104 -11.91667
v -2.971957 1.838526 -11.64623
v -3.436064 1.019104 -12.02039
v -3.168113 1.826978 -11.9205
v -3.436064 1.822751 -12.0209
v -3.436064 1.945357 -11.98708
v -3.182025 1.949364 -11.8919
v -2.996053 1.960312 -11.63187
v -2.927985 0.06925534 -11.24624
v -2.900161 0.1903305 -11.24624
v -2.882912 1.019104 -11.24624
v -2.900161 1.8543 -11.27156
v -2.927985 1.975268 -11.27665
v -2.996053 1.990224 -10.92144
v -3.215606 2.047853 -10.74485
v -3.054231 2.038353 -10.97051
v -3.436064 2.051332 -10.66226
v -3.215606 2.002895 -11.81267
v -2.995159 2.025374 -11.27876
v -3.054231 2.012396 -11.58702
v -3.436064 1.999418 -11.89527
v -3.656523 2.047853 -10.74485
v -3.656523 2.002895 -11.81267
v -3.817897 2.038353 -10.97051
v -3.817897 2.012396 -11.58702
v -3.87697 2.025374 -11.27876
v -3.215606 0.01910449 -10.71186
v -3.054231 0.01910448 -10.93772
v -2.995159 0.01910447 -11.24624
v -3.054231 0.01910445 -11.55477
v -3.215606 0.01910444 -11.78063
v -3.436064 0.01910449 -10.62919
v -3.436064 0.01910444 -11.86329
v -3.656523 0.01910449 -10.71186
v -3.656523 0.01910444 -11.78063
v -3.817897 0.01910448 -10.93772
v -3.817897 0.01910445 -11.55477
v -3.87697 0.01910447 -11.24624
v 2.942189 1.019104 -11.63332
v 3.153282 1.881623 -11.86987
v 2.957126 1.870075 -11.5956
v 3.144658 1.019104 -11.91667
v 2.957126 0.1903305 -11.62125
v 3.421233 1.885849 -11.97027
v 3.167194 2.001172 -11.83109
v 3.421233 2.005179 -11.92627
v 3.689185 1.881623 -11.86987
v 3.675273 2.001172 -11.83109
v 3.421233 1.019104 -12.02039
v 3.697809 1.019104 -11.91667
v 3.153282 0.1903305 -11.89576
v 3.421233 0.1903305 -11.99625
v 3.689185 0.1903305 -11.89576
v 3.675273 0.06925531 -11.86204
v 3.421233 0.06925531 -11.95731
v 3.167194 0.06925531 -11.86204
v 2.981222 0.06925532 -11.60178
v 3.861245 0.06925532 -11.60178
v 3.88534 0.1903305 -11.62125
v 3.929312 0.06925534 -11.24625
v 3.957137 0.1903305 -11.24625
v 3.900278 1.019104 -11.63332
v 3.974385 1.019104 -11.24625
v 3.88534 1.870075 -11.5956
v 3.861245 1.990224 -11.57105
v 3.957137 1.8543 -11.22093
v 3.929312 1.975268 -11.21584
v 3.88534 1.838526 -10.84626
v 3.861245 1.960312 -10.86062
v 3.900278 1.019104 -10.85918
v 3.88534 0.1903305 -10.87125
v 3.861245 0.06925535 -10.89072
v 3.675273 0.06925537 -10.63045
v 3.689185 0.1903305 -10.59673
v 3.421233 0.06925537 -10.53519
v 3.421233 0.1903305 -10.49625
v 3.697809 1.019104 -10.57582
v 3.689185 1.826978 -10.57199
v 3.675273 1.949364 -10.60059
v 3.167194 0.06925537 -10.63045
v 3.153282 0.1903305 -10.59673
v 2.981222 0.06925535 -10.89072
v 2.957126 0.1903305 -10.87125
v 2.942189 1.019104 -10.85917
v 3.144658 1.019104 -10.57582
v 2.957126 1.838526 -10.84626
v 3.421233 1.019104 -10.4721
v 3.153282 1.826978 -10.57199
v 3.421233 1.822751 -10.47159
v 3.421233 1.945357 -10.50541
v 3.167194 1.949364 -10.60059
v 2.981222 1.960312 -10.86062
v 2.913155 0.06925534 -11.24625
v 2.88533 0.1903305 -11.24625
v 2.868082 1.019104 -11.24625
v 2.88533 1.8543 -11.22093
v 2.913155 1.975268 -11.21584
v 2.981222 1.990224 -11.57105
v 3.200775 2.047853 -11.74764
v 3.0394 2.038353 -11.52198
v 3.421233 2.051332 -11.83023
v 3.200775 2.002895 -10.67982
v 2.980328 2.025374 -11.21373
v 3.0394 2.012396 -10.90548
v 3.421233 1.999418 -10.59722
v 3.641692 2.047853 -11.74764
v 3.641692 2.002895 -10.67982
v 3.803067 2.038353 -11.52198
v 3.803067 2.012396 -10.90548
v 3.862139 2.025374 -11.21373
v 3.200775 0.01910444 -11.78063
v 3.0394 0.01910445 -11.55477
v 2.980328 0.01910447 -11.24625
v 3.0394 0.01910448 -10.93772
v 3.200775 0.01910449 -10.71187
v 3.421233 0.01910444 -11.8633
v 3.421233 0.01910449 -10.6292
v 3.641692 0.01910444 -11.78063
v 3.641692 0.01910449 -10.71187
v 3.803067 0.01910445 -11.55477
v 3.803067 0.01910448 -10.93772
v 3.862139 0.01910447 -11.24625
v 9.891759 0.9840216 -11.63332
v 10.10285 1.84654 -11.86988
v 9.906696 1.834992 -11.5956
v 10.09423 0.9840216 -11.91667
v 9.906696 0.1552477 -11.62125
v 10.3708 1.850767 -11.97027
v 10.11676 1.966089 -11.83109
v 10.3708 1.970097 -11.92627
v 10.63875 1.84654 -11.86988
v 10.62484 1.966089 -11.83109
v 10.3708 0.9840216 -12.02039
v 10.64738 0.9840216 -11.91668
v 10.10285 0.1552476 -11.89577
v 10.3708 0.1552476 -11.99625
v 10.63875 0.1552476 -11.89577
v 10.62484 0.03417249 -11.86204
v 10.3708 0.03417249 -11.95731
v 10.11676 0.03417249 -11.86204
v 9.930792 0.03417251 -11.60178
v 10.81081 0.03417251 -11.60178
v 10.83491 0.1552477 -11.62125
v 10.87888 0.03417252 -11.24625
v 10.90671 0.1552477 -11.24625
v 10.84985 0.9840216 -11.63332
v 10.92395 0.9840217 -11.24625
v 10.83491 1.834992 -11.5956
v 10.81081 1.955141 -11.57106
v 10.90671 1.819218 -11.22093
v 10.87888 1.940186 -11.21584
v 10.83491 1.803443 -10.84626
v 10.81081 1.92523 -10.86063
v 10.84985 0.9840217 -10.85918
v 10.83491 0.1552477 -10.87125
v 10.81081 0.03417253 -10.89072
v 10.62484 0.03417255 -10.63045
v 10.63875 0.1552477 -10.59673
v 10.3708 0.03417255 -10.53519
v 10.3708 0.1552477 -10.49625
v 10.64738 0.9840217 -10.57582
v 10.63875 1.791895 -10.57199
v 10.62484 1.914281 -10.60059
v 10.11676 0.03417255 -10.63045
v 10.10285 0.1552477 -10.59673
v 9.930792 0.03417253 -10.89072
v 9.906696 0.1552477 -10.87125
v 9.891759 0.9840217 -10.85918
v 10.09423 0.9840217 -10.57582
v 9.906696 1.803443 -10.84626
v 10.3708 0.9840217 -10.47211
v 10.10285 1.791895 -10.57199
v 10.3708 1.787668 -10.47159
v 10.3708 1.910274 -10.50541
v 10.11676 1.914281 -10.60059
v 9.930792 1.92523 -10.86062
v 9.862724 0.03417252 -11.24625
v 9.8349 0.1552477 -11.24625
v 9.81764 0.9840217 -11.24625
v 9.8349 1.819218 -11.22093
v 9.862724 1.940186 -11.21584
v 9.930792 1.955141 -11.57106
v 10.15036 2.012771 -11.74764
v 9.98897 2.00327 -11.52198
v 10.3708 2.016249 -11.83023
v 10.15036 1.967813 -10.67982
v 9.929897 1.990292 -11.21373
v 9.98897 1.977314 -10.90548
v 10.3708 1.964335 -10.59722
v 10.59125 2.012771 -11.74764
v 10.59125 1.967813 -10.67982
v 10.75264 2.00327 -11.52198
v 10.75264 1.977314 -10.90548
v 10.81171 1.990292 -11.21373
v 10.15036 -0.01597837 -11.78063
v 9.98897 -0.01597836 -11.55477
v 9.929897 -0.01597835 -11.24625
v 9.98897 -0.01597834 -10.93772
v 10.15036 -0.01597833 -10.71187
v 10.3708 -0.01597838 -11.8633
v 10.3708 -0.01597832 -10.6292
v 10.59125 -0.01597837 -11.78063
v 10.59125 -0.01597833 -10.71187
v 10.75264 -0.01597836 -11.55477
v 10.75264 -0.01597834 -10.93772
v 10.81171 -0.01597835 -11.24625
v 9.891761 0.9840221 -0.4180498
v 10.10285 1.84654 -0.6546059
v 9.906697 1.834992 -0.3803291
v 10.09423 0.9840221 -0.7014055
v 9.906697 0.1552482 -0.4059782
v 10.3708 1.850767 -0.7549982
v 10.11677 1.96609 -0.6158199
v 10.3708 1.970097 -0.7109995
v 10.63876 1.84654 -0.6546059
v 10.62484 1.96609 -0.6158199
v 10.3708 0.9840221 -0.8051214
v 10.64738 0.9840221 -0.7014065
v 10.10285 0.1552481 -0.6804972
v 10.3708 0.1552481 -0.7809782
v 10.63876 0.1552481 -0.6804972
v 10.62484 0.03417298 -0.6467743
v 10.3708 0.03417298 -0.7420378
v 10.11677 0.03417298 -0.6467743
v 9.930793 0.03417299 -0.386508
v 10.81082 0.03417299 -0.3865089
v 10.83491 0.1552482 -0.4059792
v 10.87888 0.03417301 -0.03097916
v 10.90671 0.1552482 -0.03097916
v 10.84985 0.9840221 -0.4180508
v 10.92396 0.9840221 -0.03097916
v 10.83491 1.834992 -0.3803301
v 10.81082 1.955142 -0.3557844
v 10.90671 1.819218 -0.005661964
v 10.87888 1.940186 -0.0005693436
v 10.83491 1.803443 0.3690052
v 10.81082 1.92523 0.3546457
v 10.84985 0.9840221 0.3560925
v 10.83491 0.1552482 0.3440208
v 10.81082 0.03417303 0.3245506
v 10.62484 0.03417304 0.5848169
v 10.63876 0.1552482 0.6185398
v 10.3708 0.03417304 0.6800814
v 10.3708 0.1552482 0.7190208
v 10.64738 0.9840221 0.6394491
v 10.63876 1.791895 0.6432819
v 10.62484 1.914282 0.6146812
v 10.11677 0.03417304 0.5848179
v 10.10285 0.1552482 0.6185408
v 9.930793 0.03417303 0.3245516
v 9.906697 0.1552482 0.3440218
v 9.891761 0.9840221 0.3560934
v 10.09423 0.9840221 0.6394491
v 9.906697 1.803443 0.3690062
v 10.3708 0.9840222 0.743165
v 10.10285 1.791895 0.6432819
v 10.3708 1.787669 0.7436733
v 10.3708 1.910275 0.7098608
v 10.11677 1.914282 0.6146822
v 9.930793 1.92523 0.3546467
v 9.862726 0.03417301 -0.0309782
v 9.834902 0.1552482 -0.0309782
v 9.817642 0.9840221 -0.0309782
v 9.834902 1.819218 -0.005661011
v 9.862726 1.940186 -0.0005683899
v 9.930793 1.955142 -0.3557835
v 10.15036 2.012771 -0.5323677
v 9.988972 2.003271 -0.3067112
v 10.3708 2.016249 -0.6149635
v 10.15036 1.967813 0.535449
v 9.929899 1.990292 0.001541138
v 9.988972 1.977314 0.3097925
v 10.3708 1.964336 0.6180449
v 10.59125 2.012771 -0.5323677
v 10.59125 1.967813 0.535449
v 10.75264 2.003271 -0.3067112
v 10.75264 1.977314 0.3097925
v 10.81171 1.990292 0.001540184
v 10.15036 -0.01597788 -0.5653591
v 9.988972 -0.01597787 -0.3395033
v 9.929899 -0.01597786 -0.0309782
v 9.988972 -0.01597785 0.2775469
v 10.15036 -0.01597784 0.5034027
v 10.3708 -0.01597789 -0.6480284
v 10.3708 -0.01597783 0.586072
v 10.59125 -0.01597788 -0.5653601
v 10.59125 -0.01597784 0.5034027
v 10.75264 -0.01597787 -0.3395042
v 10.75264 -0.01597785 0.2775459
v 10.81171 -0.01597786 -0.03097916
v 10.64738 0.9967582 -6.246816
v 10.81641 1.859277 -5.951388
v 10.62043 1.847728 -6.225907
v 10.84985 0.9967582 -5.96346
v 10.63876 0.1679842 -6.225907
v 10.88814 1.863503 -5.576388
v 10.78869 1.978826 -5.931918
v 10.85671 1.982833 -5.576388
v 10.81641 1.859277 -5.201388
v 10.78869 1.978826 -5.220859
v 10.92397 0.9967582 -5.576388
v 10.84985 0.9967582 -5.189317
v 10.83491 0.1679842 -5.951388
v 10.90671 0.1679842 -5.576388
v 10.83491 0.1679843 -5.201388
v 10.81082 0.04690911 -5.220859
v 10.87888 0.04690909 -5.576388
v 10.81082 0.04690907 -5.931918
v 10.62484 0.04690906 -6.192183
v 10.62484 0.04690912 -4.960593
v 10.63876 0.1679843 -4.926869
v 10.3708 0.04690912 -4.865329
v 10.3708 0.1679843 -4.826388
v 10.64738 0.9967582 -4.905961
v 10.3708 0.9967582 -4.802245
v 10.62043 1.847728 -4.926869
v 10.6029 1.967878 -4.960593
v 10.35272 1.831954 -4.826388
v 10.34907 1.952922 -4.865329
v 10.085 1.81618 -4.926869
v 10.09525 1.937966 -4.960593
v 10.09423 0.9967582 -4.905961
v 10.10285 0.1679843 -4.926869
v 10.11676 0.04690912 -4.960593
v 9.930793 0.04690911 -5.220859
v 9.906696 0.1679843 -5.201388
v 9.862725 0.04690909 -5.576388
v 9.834901 0.1679842 -5.576388
v 9.89176 0.9967582 -5.189317
v 9.889012 1.804631 -5.201388
v 9.909455 1.927018 -5.220859
v 9.930793 0.04690907 -5.931918
v 9.906696 0.1679842 -5.951388
v 10.11676 0.04690906 -6.192183
v 10.10285 0.1679842 -6.225907
v 10.09423 0.9967582 -6.246816
v 9.89176 0.9967582 -5.96346
v 10.085 1.81618 -6.225907
v 9.817652 0.9967582 -5.576388
v 9.889012 1.804631 -5.951388
v 9.817292 1.800405 -5.576388
v 9.841454 1.923011 -5.576388
v 9.909455 1.927018 -5.931918
v 10.09525 1.937966 -6.192183
v 10.3708 0.04690906 -6.287448
v 10.3708 0.1679842 -6.326388
v 10.3708 0.9967582 -6.350532
v 10.35272 1.831954 -6.326388
v 10.34907 1.952922 -6.287448
v 10.6029 1.967878 -6.192183
v 10.72906 2.025507 -5.884913
v 10.56783 2.016007 -6.11077
v 10.78808 2.028985 -5.576388
v 9.966074 1.980549 -5.884913
v 10.34757 2.003028 -6.193439
v 10.12731 1.99005 -6.11077
v 9.907045 1.977072 -5.576388
v 10.72906 2.025507 -5.267863
v 9.966074 1.980549 -5.267863
v 10.56783 2.016007 -5.042006
v 10.12731 1.99005 -5.042006
v 10.34757 2.003028 -4.959338
v 10.75264 -0.003241796 -5.884913
v 10.59125 -0.003241806 -6.11077
v 10.3708 -0.00324181 -6.193439
v 10.15036 -0.003241806 -6.11077
v 9.988971 -0.003241796 -5.884913
v 10.81171 -0.003241783 -5.576388
v 9.929898 -0.003241783 -5.576388
v 10.75264 -0.003241769 -5.267863
v 9.988971 -0.003241769 -5.267863
v 10.59125 -0.003241759 -5.042006
v 10.15036 -0.003241759 -5.042006
v 10.3708 -0.003241756 -4.959338
v -3.592064 -1.892196 -11.51761
v -3.399092 -1.893843 -11.83453
v -3.299319 -1.468518 -11.73498
v -3.505396 -1.467744 -11.39725
v -3.175036 -1.089013 -11.60293
v -3.334645 -1.067642 -11.33148
v -3.06943 -0.8758521 -11.48917
v -3.130159 -0.793365 -11.26811
v -2.859297 -0.6110282 -11.26059
v -2.868161 -0.7942324 -11.55716
v -4.301761 -6.222174 -12.21138
v -4.279998 -6.700675 -12.28988
v -4.113204 -6.679306 -12.55405
v -4.098355 -6.220937 -12.54415
v -4.167567 -6.974953 -12.31984
v -4.079144 -6.892465 -12.51282
v -3.512102 -6.688618 -12.83107
v -3.87371 -6.69933 -12.73715
v -3.905274 -6.974084 -12.60859
v -3.573289 -7.02632 -12.6721
v -3.796288 -6.220398 -12.76789
v -3.957903 -7.157289 -12.37436
v -3.615723 -7.252239 -12.38457
v -0.1846433 -7.252239 -12.54916
v -0.1846433 -7.02632 -12.84369
v -3.969296 -7.253409 -11.99532
v -4.226617 -7.028482 -11.95287
v -4.388658 -7.028482 -9.191927
v -4.126354 -7.253409 -9.191927
v -3.42346 -1.076875 -10.93609
v -3.171242 -0.7398362 -10.88293
v -2.485248 -0.516078 -11.23849
v -2.518644 -0.7419978 -11.6029
v -2.838428 -0.5149083 -10.84885
v -2.97356 -0.5149083 -9.191927
v -3.312817 -0.7398362 -9.191927
v -3.369228 -0.739836 -5.612417
v -3.027398 -0.5149081 -5.612417
v -3.312816 -0.7398358 -2.032906
v -2.603786 -0.4363355 -9.191927
v -2.475697 -0.4363356 -10.83902
v -2.973559 -0.5149079 -2.032906
v -2.654822 -0.4363353 -5.612417
v -0.268291 -0.4363355 -9.19193
v -2.838427 -0.5149078 -0.3759887
v -3.17124 -0.7398357 -0.3419008
v -2.475696 -0.4363351 -0.385812
v -2.859295 -0.6110277 0.03575611
v -2.485247 -0.5160775 0.0136559
v -2.603784 -0.4363352 -2.032907
v -0.184642 -0.4363351 -0.2587842
v -0.3016316 -0.4363353 -5.612419
v -0.1846419 -0.5160775 0.1503921
v -2.518643 -0.7419972 0.3780673
v -0.1846419 -0.7419972 0.5236602
v 4.12862 -0.7419968 0.6208415
v 4.12862 -0.516077 0.2416606
v 8.441882 -0.7419963 0.5236578
v -0.26829 -0.4363352 -2.032908
v 4.12862 -0.4363346 -0.173996
v 8.441882 -0.5160766 0.1503897
v 10.7425 -0.5160766 0.01365185
v 10.77589 -0.7419963 0.3780632
v 10.73295 -0.4363342 -0.3858156
v 11.11654 -0.6110268 0.0357523
v 11.09568 -0.5149069 -0.3759918
v 8.441882 -0.4363341 -0.2587862
v 4.12862 -0.4363347 -2.03291
v 4.128619 -0.4363348 -5.61242
v 8.52554 -0.4363342 -2.032911
v 10.86103 -0.4363342 -2.03291
v 8.55887 -0.4363344 -5.612421
v 4.128619 -0.436335 -9.191931
v 11.2308 -0.5149069 -2.03291
v 11.42849 -0.7398348 -0.3419046
v 11.57006 -0.7398348 -2.032911
v 11.62648 -0.739835 -5.612421
v 11.28464 -0.5149071 -5.61242
v 11.57005 -0.7398352 -9.191933
v 10.91207 -0.4363344 -5.61242
v 8.525539 -0.4363345 -9.191931
v -0.1846433 -0.4363356 -10.96605
v 11.2308 -0.5149073 -9.191932
v 10.86103 -0.4363345 -9.191932
v 4.128619 -0.4363351 -11.05085
v -0.1846433 -0.516078 -11.37523
v 11.09568 -0.5149074 -10.84885
v 11.42849 -0.7398353 -10.88294
v 10.73295 -0.4363346 -10.83903
v 11.11653 -0.6110272 -11.26059
v 10.7425 -0.516077 -11.23849
v 8.441881 -0.4363346 -10.96605
v -0.1846433 -0.7419978 -11.7485
v 4.128619 -0.5160775 -11.4665
v 4.128619 -0.7419973 -11.84568
v 8.441881 -0.516077 -11.37523
v 10.77589 -0.7419968 -11.6029
v 8.441881 -0.7419968 -11.7485
v -2.636145 -1.471728 -12.04442
v -2.928814 -1.068986 -11.77922
v -2.993316 -1.469475 -11.96229
v -2.570804 -1.0797 -11.87678
v -0.1846433 -1.0797 -12.02903
v 4.128619 -1.0797 -12.13066
v 8.441881 -1.0797 -12.02904
v 10.82805 -1.0797 -11.87678
v -3.111919 -1.892452 -12.04725
v -3.158976 -2.303271 -12.0577
v -3.426971 -2.306214 -11.85993
v 12.05354 -6.220397 -12.76789
v 12.13095 -6.699329 -12.73716
v 12.37045 -6.679305 -12.55405
v 12.35559 -6.220936 -12.54415
v 11.76935 -6.688616 -12.83107
v 11.83054 -7.026318 -12.67211
v 12.16252 -6.974083 -12.60859
v 12.33639 -6.892464 -12.51283
v 12.21514 -7.157288 -12.37436
v 12.4248 -6.974952 -12.31984
v 11.87297 -7.252238 -12.38457
v 8.441881 -7.026318 -12.84369
v 8.441881 -7.252238 -12.54917
v 12.22654 -7.253408 -11.99533
v 12.48385 -7.02848 -11.95288
v 12.38359 -7.253408 -9.191933
v 12.6459 -7.02848 -9.191933
v 12.62295 -6.691441 -11.89135
v 12.53724 -6.700674 -12.28988
v 12.55901 -6.222172 -12.21138
v 12.28655 -5.69709 -12.477
v 11.99093 -5.696558 -12.69651
v 11.92225 -5.339901 -12.57552
v 12.19062 -5.342463 -12.37623
v 12.48556 -5.697392 -12.15039
v 11.80966 -4.987092 -12.35397
v 12.37118 -5.341814 -12.07935
v 12.02276 -4.993684 -12.19657
v 12.16571 -4.990697 -11.96054
v 11.38741 -0.793364 -11.26812
v 11.6807 -1.076874 -10.9361
v 11.59189 -1.067641 -11.33149
v 11.83733 -1.468315 -11.00288
v 11.76264 -1.467743 -11.39726
v 11.98683 -1.467905 -9.191933
v 11.82717 -1.076874 -9.191933
v 11.88553 -1.076874 -5.612421
v 11.82717 -1.076874 -2.032911
v 11.6807 -1.076874 -0.288744
v 11.12541 -0.7942314 -11.55717
v 11.32668 -0.8758512 -11.48917
v 11.43228 -1.089012 -11.60293
v 11.55657 -1.468517 -11.73499
v 11.65634 -1.893842 -11.83453
v 11.84931 -1.892195 -11.51761
v 11.86367 -2.3035 -11.56407
v 11.68421 -2.306213 -11.85994
v 11.18605 -1.068985 -11.77922
v 11.25056 -1.469474 -11.96229
v 11.36916 -1.892451 -12.04726
v -3.796286 -6.220397 1.543055
v -3.873708 -6.69933 1.512321
v -4.113203 -6.679305 1.329216
v -4.098353 -6.220936 1.319315
v -3.5121 -6.688617 1.606237
v -3.573287 -7.026319 1.447271
v -3.905272 -6.974084 1.383757
v -4.079142 -6.892465 1.287988
v -3.957901 -7.157289 1.149525
v -4.167565 -6.974952 1.095004
v -3.615722 -7.252238 1.159735
v -0.1846418 -7.026319 1.61885
v -0.1846418 -7.252238 1.324324
v -3.969295 -7.253408 0.7704887
v -4.226616 -7.028481 0.7280388
v -4.126353 -7.253408 -2.032906
v -4.388657 -7.028481 -2.032906
v -4.365705 -6.691442 0.6665144
v -4.279997 -6.700675 1.065043
v -4.301759 -6.222173 0.9865475
v -4.029315 -5.69709 1.252165
v -3.733681 -5.696559 1.471676
v -3.665003 -5.339902 1.35068
v -3.933369 -5.342463 1.151394
v -4.228317 -5.697392 0.9255505
v -3.552419 -4.987093 1.129128
v -4.113923 -5.341814 0.8545151
v -3.765507 -4.993685 0.9717321
v -3.908456 -4.990698 0.7356997
v -3.130158 -0.7933645 0.04327965
v -3.423459 -1.076875 -0.2887387
v -3.334643 -1.067642 0.1066484
v -3.580091 -1.468315 -0.2219615
v -3.505395 -1.467744 0.1724195
v -3.729593 -1.467906 -2.032906
v -3.56993 -1.076875 -2.032906
v -3.628283 -1.076875 -5.612417
v -3.569931 -1.076875 -9.191927
v -2.868159 -0.7942319 0.3323269
v -3.069428 -0.8758516 0.2643318
v -3.175035 -1.089012 0.3780937
v -3.299318 -1.468517 0.5101509
v -3.39908 -1.893842 0.6096945
v -3.592063 -1.892196 0.2927752
v -3.606433 -2.303501 0.339232
v -3.42697 -2.306214 0.6350989
v -2.570802 -1.0797 0.6519454
v -2.928813 -1.068986 0.5543842
v -2.993315 -1.469474 0.7374535
v -3.111917 -1.892452 0.8224196
v 12.55901 -6.222172 0.9865417
v 12.53724 -6.700674 1.065037
v 12.37045 -6.679304 1.329211
v 12.35559 -6.220935 1.319309
v 12.42481 -6.974951 1.094999
v 12.33639 -6.892464 1.287982
v 11.76935 -6.688616 1.606232
v 12.13095 -6.699329 1.512316
v 12.16252 -6.974083 1.383751
v 11.83054 -7.026319 1.447266
v 12.05354 -6.220397 1.543049
v 12.21514 -7.157288 1.14952
v 11.87297 -7.252237 1.159729
v 8.441882 -7.252237 1.324322
v 8.441882 -7.026319 1.618848
v 12.22655 -7.253407 0.770483
v 12.48386 -7.02848 0.7280331
v 12.6459 -7.02848 -2.032911
v 12.38359 -7.253407 -2.032911
v 11.12541 -0.7942309 0.3323231
v 11.38741 -0.7933636 0.04327583
v 11.32668 -0.8758507 0.264328
v 11.59189 -1.067641 0.1066437
v 11.43229 -1.089011 0.3780899
v 11.76265 -1.467743 0.1724148
v 11.55657 -1.468516 0.5101461
v 11.84931 -1.892195 0.2927704
v 11.65634 -1.893841 0.6096897
v 10.8934 -1.471726 0.8195791
v 11.18605 -1.068985 0.5543804
v 11.25057 -1.469473 0.7374496
v 10.82805 -1.079699 0.6519413
v 8.441882 -1.079699 0.8041925
v 4.12862 -1.0797 0.9058189
v -0.1846419 -1.0797 0.804195
v 11.36916 -1.892451 0.8224154
v 11.41621 -2.303271 0.8328648
v 11.68421 -2.306213 0.6350937
v -4.010193 -3.722099 -11.90919
v -3.706992 -3.28548 -12.15469
v -3.91344 -3.285457 -11.81562
v -3.801456 -3.721706 -12.25216
v -3.843203 -4.171194 -12.29142
v -3.491604 -3.722244 -12.48298
v -3.553685 -4.169611 -12.50693
v -3.400521 -3.286451 -12.38292
v -3.302699 -2.915031 -12.20659
v -3.042445 -3.287719 -12.46532
v -2.978837 -2.910399 -12.2778
v -3.167578 -2.638638 -11.95944
v -2.893019 -2.623075 -12.01351
v -0.1846433 -2.910399 -12.4398
v -0.1846433 -2.623075 -12.16909
v 4.128619 -2.623074 -12.27293
v 4.128619 -2.910398 -12.54793
v 8.441881 -2.623074 -12.16909
v 8.441881 -2.910398 -12.4398
v 11.23607 -2.910398 -12.2778
v 11.15027 -2.623074 -12.01351
v -3.129679 -3.723311 -12.56633
v -0.1852866 -3.28791 -12.63163
v 4.128619 -3.287892 -12.74251
v -0.1846433 -3.72331 -12.73535
v -3.209718 -4.167318 -12.5848
v -3.24705 -4.600683 -12.56034
v -3.573344 -4.605338 -12.48809
v -3.277241 -4.975718 -12.41072
v -3.55241 -4.987094 -12.35396
v -0.1846433 -4.975718 -12.57595
v -0.1846433 -4.600683 -12.7292
v -0.1846433 -4.167318 -12.75427
v 4.128619 -3.72331 -12.84816
v 8.442535 -3.28791 -12.63163
v 4.128619 -4.600683 -12.84192
v 4.128619 -4.975718 -12.68624
v 4.128619 -4.167318 -12.86738
v 11.29968 -3.287718 -12.46532
v 8.441881 -3.72331 -12.73535
v 8.441881 -4.600683 -12.72921
v 8.441881 -4.975717 -12.57596
v 11.53449 -4.975717 -12.41073
v 8.441881 -4.167318 -12.75427
v 11.50429 -4.600682 -12.56034
v 11.83059 -4.605337 -12.48809
v 11.46698 -4.167317 -12.58481
v 11.81094 -4.16961 -12.50693
v 11.74884 -3.722243 -12.48298
v 11.38693 -3.723309 -12.56634
v 11.65777 -3.28645 -12.38292
v 11.55994 -2.91503 -12.2066
v 12.55772 -5.697626 -11.76474
v 12.43686 -5.339293 -11.71989
v 12.21769 -4.981907 -11.65518
v 12.59801 -5.338812 -9.191933
v 12.37459 -4.981907 -9.191933
v 12.43709 -4.981907 -5.612421
v 12.66221 -5.339047 -5.612421
v 12.37459 -4.981907 -2.032911
v 12.59801 -5.338811 -2.032911
v 12.43686 -5.339293 0.4950485
v 12.21769 -4.981907 0.4303341
v 12.0587 -3.721704 -12.25216
v 12.10045 -4.171192 -12.29143
v 12.10048 -4.608167 -12.28759
v 11.99093 -5.696558 1.471671
v 12.28656 -5.69709 1.25216
v 12.19062 -5.342463 1.151388
v 11.92225 -5.339901 1.350675
v 12.37118 -5.341813 0.8545113
v 12.48556 -5.697392 0.9255447
v 12.16571 -4.990697 0.7356949
v 12.02276 -4.993684 0.9717274
v 11.80966 -4.987092 1.129124
v 11.74884 -3.722243 1.25814
v 12.10045 -4.171191 1.066585
v 11.81095 -4.16961 1.282088
v 12.05871 -3.721704 1.02732
v 11.96424 -3.285479 0.9298515
v 12.26743 -3.722098 0.6843548
v 12.17069 -3.285455 0.590786
v 12.29535 -4.170819 0.7459507
v 12.10049 -4.608167 1.062741
v 12.28195 -4.60709 0.7637577
v -4.300473 -5.697625 0.5399032
v -4.179624 -5.339292 0.4950533
v -3.960453 -4.981909 0.4303408
v -4.34076 -5.338812 -2.032907
v -4.117336 -4.981909 -2.032906
v -4.179843 -4.981909 -5.612417
v -4.404968 -5.339049 -5.612417
v -4.117337 -4.981909 -9.191927
v -4.340761 -5.338812 -9.191927
v -4.179626 -5.339293 -11.71989
v -3.960454 -4.981909 -11.65517
v -3.801465 -3.721705 1.027325
v -3.491602 -3.722243 1.258144
v -3.553695 -4.16961 1.282093
v -3.843202 -4.171192 1.066589
v -3.843245 -4.608168 1.062746
v -3.573342 -4.605337 1.263253
v -4.375442 -6.223459 0.5968328
v -4.463953 -5.696446 -2.032906
v -4.529087 -5.696855 -5.612416
v -4.540284 -6.222353 -2.032406
v -4.530439 -6.691442 -2.032906
v -4.605942 -6.222593 -5.612416
v -4.463953 -5.696447 -9.191927
v -4.596097 -6.691442 -5.612416
v -4.453224 -7.028481 -5.612416
v -4.300474 -5.697626 -11.76474
v -4.540285 -6.222353 -9.192427
v -4.53044 -6.691442 -9.191927
v -4.365707 -6.691442 -11.89135
v -4.375443 -6.223459 -11.82166
v -4.228318 -5.697393 -12.15038
v -4.113924 -5.341815 -12.07935
v -4.029317 -5.697091 -12.477
v -3.661842 -1.889164 -0.08360767
v -3.670564 -2.297678 -0.01821995
v -3.57259 -2.625886 0.03916311
v -3.523047 -2.640296 0.3427982
v -3.721961 -2.625886 -2.032906
v -3.821821 -2.297273 -2.032906
v -3.812936 -1.888105 -2.032906
v -3.882093 -2.297299 -5.612417
v -3.78147 -2.625886 -5.612417
v -3.873142 -1.888116 -5.612417
v -3.789167 -1.467906 -5.612417
v -3.821822 -2.297273 -9.191927
v -3.721962 -2.625886 -9.191927
v -3.572591 -2.625886 -11.264
v -3.812937 -1.888105 -9.191927
v -3.670565 -2.297678 -11.20661
v -3.523048 -2.640297 -11.56763
v -3.606434 -2.303502 -11.56407
v -3.729594 -1.467906 -9.191927
v -3.661843 -1.889165 -11.14123
v -3.580092 -1.468316 -11.00287
v 12.63269 -6.223458 0.5968266
v 12.62296 -6.691441 0.6665096
v 12.7877 -6.691441 -2.032911
v 12.71047 -7.02848 -5.612421
v 12.79753 -6.222352 -2.032412
v 12.85333 -6.691441 -5.612421
v 12.55772 -5.697626 0.5398979
v 12.72119 -5.696445 -2.032911
v 12.86319 -6.222593 -5.612421
v 12.78635 -5.696854 -5.612421
v 12.7877 -6.691441 -9.191933
v 12.72119 -5.696446 -9.191933
v 12.79753 -6.222353 -9.192432
v 12.63269 -6.223459 -11.82167
v 11.02833 -1.889688 0.8989849
v 8.441882 -1.471211 0.9759045
v 4.128621 -1.471212 1.08025
v 11.0927 -2.297348 0.9032021
v 8.441882 -1.88842 1.05724
v 11.15027 -2.623073 0.7886744
v 11.42483 -2.638638 0.7346077
v 8.441882 -2.623073 0.9442472
v 8.441882 -2.296863 1.06156
v 4.128621 -1.88845 1.162874
v 4.128621 -2.296926 1.167262
v 4.128621 -2.623073 1.048092
v -0.1846418 -1.471211 0.9759065
v -0.1846418 -2.296863 1.061562
v -0.1846418 -2.623074 0.9442498
v -2.893018 -2.623074 0.7886782
v -0.1846418 -1.888421 1.057242
v -2.636144 -1.471727 0.8195827
v -2.835461 -2.297349 0.9032056
v -3.167577 -2.638638 0.734612
v -3.158974 -2.303271 0.8328695
v -2.77109 -1.889689 0.8989885
v -2.771092 -1.889689 -12.12382
v -2.835463 -2.297349 -12.12804
v -0.1846433 -2.296865 -12.2864
v -0.1846433 -1.471213 -12.20074
v -0.1846433 -1.888421 -12.28208
v 4.128619 -1.471213 -12.30509
v 4.128619 -2.296926 -12.3921
v 4.128619 -1.888451 -12.38771
v 8.441881 -1.471212 -12.20075
v 8.441881 -2.296864 -12.2864
v 8.441881 -1.88842 -12.28208
v 10.89339 -1.471727 -12.04442
v 11.0927 -2.297348 -12.12804
v 11.42483 -2.638638 -11.95945
v 11.41621 -2.30327 -12.05771
v 11.02833 -1.889688 -12.12382
v -3.733683 -5.696559 -12.69651
v -3.933371 -5.342464 -12.37623
v -3.665005 -5.339903 -12.57551
v -3.908458 -4.990699 -11.96053
v -3.765509 -4.993685 -12.19657
v 11.91909 -1.889165 -11.14123
v 11.9278 -2.297677 -11.20662
v 11.82984 -2.625885 -11.264
v 11.7803 -2.640296 -11.56763
v 11.9792 -2.625885 -9.191933
v 12.07907 -2.297272 -9.191933
v 12.07017 -1.888105 -9.191933
v 12.13934 -2.297298 -5.612421
v 12.03872 -2.625885 -5.612421
v 12.13039 -1.888116 -5.612421
v 12.0464 -1.467905 -5.612421
v 12.07907 -2.297271 -2.032911
v 11.9792 -2.625885 -2.032909
v 11.82984 -2.625885 0.03915596
v 12.07018 -1.888105 -2.032911
v 11.9278 -2.297677 -0.01822662
v 11.7803 -2.640296 0.3427925
v 11.86367 -2.3035 0.3392277
v 11.98683 -1.467905 -2.032911
v 11.91909 -1.889165 -0.08361244
v 11.83733 -1.468314 -0.2219658
v -3.400519 -3.28645 1.158085
v -3.302698 -2.91503 0.9817634
v -2.978835 -2.910399 1.052959
v -3.042443 -3.287718 1.240487
v -0.1846418 -2.910399 1.214956
v -3.129678 -3.72331 1.341499
v -3.209717 -4.167318 1.359971
v -3.247048 -4.600683 1.335503
v -3.277239 -4.975718 1.185889
v -0.1846418 -4.167317 1.529428
v -0.1846418 -4.600682 1.504365
v -0.1846418 -4.975718 1.351115
v 4.128621 -4.975717 1.461402
v 4.128621 -4.600682 1.61708
v 8.441882 -4.975717 1.351114
v -0.1846418 -3.72331 1.510508
v 4.128621 -4.167317 1.642538
v 8.441882 -4.600681 1.504365
v -0.185285 -3.28791 1.406793
v 4.128621 -3.72331 1.623319
v 4.128621 -3.287891 1.51767
v 4.128621 -2.910398 1.323085
v 8.441882 -4.167317 1.529426
v 11.50429 -4.600681 1.335499
v 11.53449 -4.975717 1.185885
v 8.442536 -3.287909 1.406791
v 8.441882 -2.910398 1.214953
v 11.23608 -2.910398 1.052956
v 11.29968 -3.287717 1.240482
v 8.441882 -3.72331 1.510506
v 11.46698 -4.167317 1.359965
v 11.38693 -3.723309 1.341496
v 11.83059 -4.605337 1.263247
v 11.65777 -3.286449 1.15808
v -3.340378 -5.335948 1.422728
v -3.384917 -5.696036 1.550781
v -0.1846418 -5.33541 1.593711
v -3.442757 -6.220201 1.623576
v -0.1850124 -6.218794 1.799263
v -0.1846417 -5.694646 1.724876
v 4.128621 -5.695461 1.841081
v 4.128621 -5.33589 1.707838
v -0.1846417 -6.688616 1.78168
v 4.128621 -7.026318 1.733377
v 4.128621 -6.688616 1.898785
v 4.128621 -6.219232 1.916478
v 8.441882 -5.694645 1.724873
v 8.441882 -5.33541 1.593707
v 11.59763 -5.335947 1.422722
v 8.441882 -6.688617 1.781677
v 8.442253 -6.218794 1.79926
v 11.64217 -5.696035 1.550775
v 11.7 -6.220201 1.62357
v -3.706991 -3.28548 0.9298563
v -3.570758 -2.917283 0.7831712
v -3.381243 -2.646436 0.5787172
v -4.024704 -4.607091 0.7637634
v -3.913439 -3.285456 0.5907903
v -3.750668 -2.915029 0.4867635
v -3.988233 -3.285878 0.1946468
v -3.815454 -2.910305 0.1283937
v -4.145542 -3.286074 -2.032
v -3.969524 -2.910305 -2.032906
v -4.030919 -2.910305 -5.612417
v -4.208169 -3.286084 -5.612417
v -3.969525 -2.910305 -9.191927
v -3.815455 -2.910305 -11.35323
v -4.038104 -4.17082 0.745955
v -4.010192 -3.722099 0.6843605
v -4.090525 -4.603794 0.4019217
v -4.249927 -4.603794 -2.032906
v -4.10894 -4.169508 0.3647199
v -4.313448 -4.603795 -5.612417
v -4.085902 -3.723047 0.2835417
v -4.245217 -3.723047 -2.032906
v -4.268702 -4.169508 -2.032906
v -4.332365 -4.169508 -5.612417
v -4.308716 -3.723047 -5.612417
v -4.249928 -4.603795 -9.191927
v -4.268703 -4.169508 -9.191927
v -4.090527 -4.603795 -11.62675
v -4.024716 -4.607092 -11.9886
v -4.108942 -4.169508 -11.58955
v -4.038105 -4.170821 -11.97079
v -4.085904 -3.723047 -11.50838
v -4.245218 -3.723047 -9.191927
v -3.988235 -3.285878 -11.41948
v -4.145543 -3.286074 -9.192833
v -3.75067 -2.91503 -11.7116
v 12.00792 -2.915028 0.4867592
v 12.0727 -2.910304 0.1283875
v 12.24549 -3.285877 0.1946411
v 12.22676 -2.910304 -2.032911
v 12.34315 -3.723046 0.2835369
v 12.36619 -4.169506 0.3647156
v 12.34776 -4.603793 0.4019146
v 12.52594 -4.169506 -2.032911
v 12.50718 -4.603793 -2.032911
v 12.5707 -4.603794 -5.612421
v 12.50248 -3.723046 -2.032911
v 12.58961 -4.169507 -5.612421
v 12.50718 -4.603794 -9.191933
v 12.4028 -3.286073 -2.032005
v 12.56595 -3.723046 -5.612421
v 12.46542 -3.286083 -5.612421
v 12.28817 -2.910304 -5.612421
v 12.52594 -4.169507 -9.191933
v 12.50248 -3.723046 -9.191933
v 12.4028 -3.286073 -9.192837
v 12.34776 -4.603794 -11.62676
v 12.36619 -4.169507 -11.58956
v 12.34315 -3.723046 -11.50838
v 12.24549 -3.285877 -11.41948
v 12.28195 -4.60709 -11.9886
v 12.29535 -4.17082 -11.97079
v 12.26743 -3.722098 -11.9092
v 12.17069 -3.285455 -11.81563
v 11.828 -2.917282 0.7831659
v 11.63848 -2.646435 0.5787125
v 11.55995 -2.91503 0.9817581
v 11.59763 -5.335948 -12.64756
v 11.64217 -5.696035 -12.77562
v 8.441881 -5.33541 -12.81855
v 11.70001 -6.220201 -12.84841
v 8.442251 -6.218794 -13.0241
v 8.441881 -5.694645 -12.94972
v 4.128619 -5.695461 -13.06592
v 4.128619 -5.33589 -12.93268
v 8.441881 -6.688616 -13.00652
v 4.128619 -7.026319 -12.95822
v 4.128619 -6.688617 -13.12362
v 4.128619 -6.219232 -13.14132
v -0.1846433 -5.694646 -12.94971
v -0.1846433 -5.335411 -12.81855
v -3.34038 -5.335948 -12.64756
v -0.1846433 -6.688617 -13.00652
v -0.185014 -6.218795 -13.0241
v -3.384918 -5.696037 -12.77561
v -3.442759 -6.220202 -12.84841
v 11.96424 -3.285479 -12.15469
v 11.828 -2.917282 -12.00801
v 11.63848 -2.646435 -11.80355
v 12.00792 -2.915028 -11.7116
v 12.0727 -2.910304 -11.35323
v 12.22676 -2.910304 -9.191933
v -3.843247 -4.608169 -12.28758
v -3.381244 -2.646436 -11.80355
v -3.57076 -2.917283 -12.00801
v 4.128621 -7.252238 1.434187
v 8.441882 -7.331982 0.9429398
v 4.128621 -7.331982 1.046764
v 11.89019 -7.331981 0.7873964
v 12.04072 -7.331981 -2.032911
v 8.52554 -7.331982 -2.03291
v -0.1846418 -7.331982 0.9429425
v 4.12862 -7.331982 -2.032909
v -3.632938 -7.331982 0.7874017
v -0.26829 -7.331982 -2.032908
v -3.783465 -7.331982 -2.032906
v 12.1007 -7.331982 -5.612421
v 8.55887 -7.331982 -5.612421
v 4.128619 -7.331982 -5.61242
v -0.3016316 -7.331982 -5.612419
v -3.843442 -7.331983 -5.612416
v -4.188936 -7.253409 -5.612416
v -3.783466 -7.331983 -9.191927
v -0.268291 -7.331982 -9.19193
v 4.128619 -7.331982 -9.191931
v -3.632939 -7.331983 -12.01223
v -0.1846433 -7.331982 -12.16778
v 4.128619 -7.331982 -12.2716
v 8.525539 -7.331982 -9.191931
v 4.128619 -7.252238 -12.65903
v 8.441881 -7.331982 -12.16778
v 11.89019 -7.331982 -12.01224
v 12.04071 -7.331982 -9.191933
v 12.44617 -7.253408 -5.612421
v 5.609614 -0.006359139 -11.80334
v 5.609614 -0.724856 -11.85669
v 5.609614 -0.7781873 -11.80334
v 5.609614 -0.05969052 -11.85669
v 1.35645 -0.6422731 -3.523795
v 1.322389 -0.5954337 -0.6762208
v 1.35645 -0.6422729 -0.6762208
v 1.322389 -0.5954339 -3.523795
v 1.322389 -0.5954341 -7.728648
v 1.356449 -0.6422733 -7.728648
v 1.322388 -0.06020688 -10.59575
v 1.322388 -0.1330972 -10.57622
v 1.322388 -0.6514494 -10.57622
v 1.322388 -0.7243397 -10.59575
v 1.322388 -0.006831158 -10.6491
v 1.322388 -0.7777154 -10.6491
v 1.322388 0.01272775 -10.72198
v 1.322388 -0.7972744 -10.72198
v 1.322388 0.01313921 -11.73046
v 1.322388 -0.7976862 -11.73046
v 1.322388 -0.006359139 -11.80334
v 1.322388 -0.7781876 -11.80334
v 1.322388 -0.05969052 -11.85669
v 1.322388 -0.7248562 -11.85669
v 1.322388 -0.1325651 -11.87622
v 1.322388 -0.6519821 -11.87622
v 5.609614 0.01313969 -11.73046
v 5.609614 0.01272775 -10.72199
v 5.609614 -0.006831158 -10.6491
v 5.609614 -0.6519819 -11.87622
v 5.609614 -0.1325646 -11.87622
v 5.609614 -0.7243395 -10.59575
v 5.609614 -0.6514492 -10.57622
v 5.609614 -0.1330972 -10.57622
v 5.609614 -0.06020688 -10.59575
v 5.609614 -0.7777152 -10.6491
v 5.609614 -0.7972741 -10.72199
v 5.609614 -0.7976859 -11.73046
v 1.356449 -0.1422733 -7.728648
v 1.322388 -0.1891126 -10.57622
v 1.356449 -0.1422734 -10.57622
v 1.322389 -0.1891125 -7.728648
v 1.322389 -0.1891123 -3.523795
v 1.35645 -0.1422731 -3.523795
v 5.575553 -0.1422729 -10.57622
v 5.575553 -0.1422728 -7.728649
v 5.575554 -0.1422726 -3.523796
v 5.575554 -0.1422725 -0.6762214
v 1.35645 -0.142273 -0.6762208
v 1.356449 -0.6422734 -10.57622
v 1.322388 -0.5954342 -10.57622
v 5.609615 -0.5954335 -0.6762214
v 5.609615 -0.1891117 -0.6762214
v 5.609615 -0.1891119 -3.523796
v 5.609615 -0.5954337 -3.523796
v 5.609614 -0.5954338 -7.728649
v 5.609614 -0.1891121 -7.728649
v 5.575553 -0.6422732 -10.57622
v 5.575553 -0.6422731 -7.728649
v 5.575554 -0.6422729 -3.523796
v 5.575554 -0.6422727 -0.6762214
v 1.32239 -0.05968997 0.6042501
v 1.32239 -0.1325645 0.6237789
v 1.32239 -0.6519816 0.6237789
v 1.32239 -0.7248557 0.6042501
v 1.32239 -0.006358599 0.5508968
v 1.32239 -0.778187 0.5508968
v 1.32239 0.01313975 0.4780146
v 1.32239 -0.7976856 0.4780146
v 1.322389 0.01272819 -0.5304559
v 1.322389 -0.7972739 -0.5304559
v 1.322389 -0.006830719 -0.6033381
v 1.322389 -0.777715 -0.6033381
v 1.322389 -0.06020644 -0.6566914
v 1.322389 -0.7243392 -0.6566914
v 1.322389 -0.1330967 -0.6762208
v 1.322389 -0.651449 -0.6762208
v 5.609615 0.01314022 0.4780135
v 5.609615 0.01272819 -0.530457
v 5.609615 -0.006358599 0.5508957
v 5.609615 -0.05968997 0.604249
v 5.609615 -0.006830719 -0.6033387
v 5.609615 -0.6519814 0.6237779
v 5.609615 -0.132564 0.6237779
v 5.609615 -0.7248554 0.604249
v 5.609615 -0.7781868 0.5508957
v 5.609615 -0.7976854 0.4780135
v 5.609615 -0.7972736 -0.530457
v 5.609615 -0.7777147 -0.6033387
v 5.609615 -0.724339 -0.656692
v 5.609615 -0.06020644 -0.656692
v 5.609615 -0.6514487 -0.6762214
v 5.609615 -0.1330967 -0.6762214
v 5.609614 -0.1891122 -10.57622
v 5.609614 -0.595434 -10.57622
v 1.322389 -0.1891122 -0.6762208
v 1.288916 -0.1422734 -10.57622
v 1.322389 -0.1891125 -7.724099
v 1.288916 -0.1422733 -7.724099
v 1.288917 -0.1422731 -3.528342
v 1.322389 -0.1891123 -3.528342
v 1.322389 -0.5954341 -7.724099
v 1.322389 -0.5954339 -3.528342
v -2.824265 -0.7243395 -10.59574
v -2.811792 -0.6519628 -10.57621
v -2.88832 -0.6519723 -10.54752
v -2.901535 -0.7243426 -10.56677
v -2.811792 -0.1330972 -10.57621
v -2.824255 -0.05970906 -10.59574
v -2.901524 -0.05969952 -10.56677
v -2.88832 -0.1330938 -10.54752
v -3.01691 -0.006359079 -10.429
v -2.978792 -0.05969004 -0.872952
v -3.016909 -0.006358659 -0.8234215
v -2.978793 -0.05969045 -10.37947
v -2.958088 -0.05969284 -10.48761
v -2.995846 -0.006361468 -10.53905
v -3.725255 -0.724856 -11.85668
v -3.684412 -0.7781873 -11.80333
v -3.763034 -0.778185 -11.77385
v -3.802524 -0.7248536 -11.82771
v -3.725255 -0.05969052 -11.85668
v -3.740693 -0.1330815 -11.87621
v -3.740693 -0.651465 -11.87621
v -3.817221 -0.6514569 -11.84752
v -2.964836 -0.1330734 -0.8903942
v -2.964837 -0.1330738 -10.36203
v -2.94434 -0.1330857 -10.46912
v -2.964836 -0.6519814 -0.8903956
v -2.964837 -0.6519818 -10.36203
v -2.944328 -0.6519788 -0.7833047
v -2.944328 -0.1330853 -0.7833037
v -2.978792 -0.7243617 -0.8729396
v -2.978793 -0.7243621 -10.37949
v -3.016909 -0.7781869 -0.8234
v -3.01691 -0.7781873 -10.42903
v -2.958088 -0.7243507 -10.48761
v -2.94434 -0.6519792 -10.46912
v -3.893739 -0.1330972 -11.66203
v -3.879783 -0.05970815 -11.64043
v -3.879771 -0.05970762 0.3880053
v -3.893726 -0.1330967 0.4096117
v -3.859077 -0.05969904 0.4961329
v -3.873229 -0.1330943 0.5167007
v -3.893739 -0.6514493 -11.66204
v -3.87323 -0.1330948 -11.76912
v -3.87323 -0.6514512 -11.76912
v -3.893726 -0.6514487 0.4096131
v -3.879783 -0.7248378 -11.64043
v -3.879771 -0.7248373 0.3880081
v -3.873229 -0.6514506 0.5167007
v -3.859077 -0.7248464 0.4961333
v -3.630203 -0.7976859 -11.73045
v -3.709893 -0.7976838 -11.70057
v -2.909614 -0.7972741 -10.72198
v -2.859667 -0.7781701 -10.6491
v -2.938289 -0.7781787 -10.61961
v -2.989304 -0.7972765 -10.6921
v -2.995846 -0.7781849 -10.53906
v -3.047635 -0.7972832 -10.61045
v -3.768234 -0.7976783 -11.61892
v -2.859645 -0.006376255 -10.6491
v -2.909603 0.01272775 -10.72198
v -2.989304 0.01273013 -10.69209
v -2.938278 -0.006367671 -10.61961
v -3.047635 0.01273681 -10.61045
v -3.630203 0.01313969 -11.73045
v -3.684412 -0.006359139 -11.80333
v -3.802524 -0.0596929 -11.82771
v -3.763034 -0.006361522 -11.77385
v -3.709893 0.01313731 -11.70057
v -3.768234 0.01313206 -11.61892
v -3.82059 -0.006367241 -11.69329
v -3.841655 -0.006375819 -11.58325
v -3.789582 0.01312444 -11.50739
v -3.789581 0.01312495 0.2549644
v -3.841654 -0.006375298 0.3308272
v -3.820589 -0.006366711 0.4408669
v -3.763021 -0.006360985 0.5214219
v -3.802512 -0.05969236 0.5752864
v -3.068981 0.0127463 -0.7535133
v -3.068994 0.01274587 -10.49891
v -3.047633 0.01273725 -0.6419806
v -3.768222 0.01313259 0.3664937
v -3.068981 -0.7972918 -0.7534981
v -3.068994 -0.7972922 -10.49893
v -3.789581 -0.7976704 0.2549739
v -3.789582 -0.7976708 -11.5074
v -3.841654 -0.7781699 0.3308325
v -3.841655 -0.7781703 -11.58326
v -3.859078 -0.7248469 -11.74856
v -3.82059 -0.7781788 -11.69329
v -3.817221 -0.1330891 -11.84752
v -3.859078 -0.05969957 -11.74856
v -2.824253 -0.724339 -0.6566846
v -2.81178 -0.6519623 -0.6762135
v -2.888308 -0.6519719 -0.7049088
v -2.901522 -0.7243422 -0.6856565
v -2.81178 -0.1330967 -0.676213
v -2.824253 -0.05970863 -0.6566846
v -2.901511 -0.05969909 -0.685658
v -2.888308 -0.1330934 -0.7049079
v -3.725253 -0.7248554 0.6042595
v -3.6844 -0.7781868 0.5509062
v -3.763021 -0.7781844 0.5214224
v -3.802512 -0.724853 0.5752864
v -3.725253 -0.05968997 0.6042595
v -3.740692 -0.1330809 0.6237879
v -3.740692 -0.6514645 0.6237879
v -3.817209 -0.6514564 0.5950942
v -3.630201 -0.7976854 0.478024
v -3.70988 -0.7976832 0.4481411
v -2.909601 -0.7972736 -0.5304484
v -2.859655 -0.7781696 -0.6033301
v -2.938276 -0.7781782 -0.6328135
v -2.989302 -0.797276 -0.5603304
v -2.995844 -0.7781845 -0.7133646
v -3.047633 -0.7972827 -0.641973
v -3.768222 -0.7976778 0.3664985
v -2.859644 -0.006375816 -0.6033301
v -2.909601 0.01272819 -0.5304484
v -2.989291 0.01273057 -0.5603323
v -2.938276 -0.006367234 -0.6328173
v -2.995844 -0.006361039 -0.713376
v -3.630179 0.01314022 0.478024
v -3.684389 -0.006358599 0.5509062
v -3.70988 0.01313784 0.4481406
v -2.958076 -0.05969242 -0.7648177
v -3.817209 -0.1330886 0.5950947
v -3.820589 -0.7781782 0.4408698
v -2.958076 -0.7243503 -0.7648115
v 1.288917 -0.6422729 -0.6762213
v 1.288917 -0.6422731 -3.528342
v -0.8379489 -0.1422731 -3.528339
v -0.8379604 -0.1422733 -7.724095
v -0.8379485 -0.142273 -0.6762182
v 1.288917 -0.142273 -0.6762213
v -2.964836 -0.1422725 -0.6762142
v 1.288916 -0.6422733 -7.724099
v 1.288916 -0.6422734 -10.57622
v -2.964836 -0.1422726 -3.528335
v -2.964837 -0.1422728 -7.724092
v -2.964837 -0.1422729 -10.57621
v -0.8379607 -0.1422734 -10.57622
v -0.8379604 -0.6422731 -7.724095
v -2.964837 -0.6422732 -10.57621
v -2.964837 -0.6422731 -7.724092
v -0.8379489 -0.6422729 -3.528339
v -2.964836 -0.6422729 -3.528335
v -2.964836 -0.6422727 -0.6762142
v -0.8379485 -0.6422727 -0.6762182
v -0.8379607 -0.6422732 -10.57622
v 5.609615 -0.7248557 0.6107802
v 5.609615 -0.006358599 0.5574269
v 5.609615 -0.05968997 0.6107802
v 5.609615 -0.778187 0.5574269
v 5.643087 -0.142273 -0.6696916
v 5.609615 -0.1891122 -0.6696916
v 5.609615 -0.1891123 -3.521812
v 5.643087 -0.1422731 -3.521812
v 5.643086 -0.1422733 -7.717569
v 5.609614 -0.1891125 -7.717569
v 5.609615 -0.5954337 -0.6696916
v 5.609615 -0.5954339 -3.521812
v 5.609614 -0.5954341 -7.717569
v 5.609614 -0.5954342 -10.56969
v 5.609614 -0.1891126 -10.56969
v 9.756269 -0.724339 -0.6501694
v 5.609615 -0.651449 -0.6696906
v 5.609615 -0.7243392 -0.6501622
v 9.743796 -0.6519623 -0.6696987
v 5.609615 -0.1330967 -0.6696906
v 9.820324 -0.6519719 -0.6983948
v 9.833538 -0.7243421 -0.679142
v 9.743796 -0.1330967 -0.6696978
v 5.609615 -0.06020644 -0.6501622
v 9.756258 -0.05970863 -0.6501694
v 9.833528 -0.05969909 -0.679143
v 9.820324 -0.1330934 -0.6983929
v 9.948914 -0.006358659 -0.8169069
v 9.910795 -0.05969045 -10.37296
v 9.948913 -0.006359079 -10.42249
v 9.910797 -0.05969004 -0.866437
v 9.890092 -0.05969242 -0.7583027
v 9.927849 -0.006361038 -0.7068615
v 10.65726 -0.7248554 0.6107712
v 10.61642 -0.7781868 0.5574179
v 10.69504 -0.7781844 0.5279341
v 10.73453 -0.724853 0.5817976
v 10.65726 -0.05968997 0.6107712
v 5.609615 -0.1325645 0.6303091
v 10.6727 -0.1330809 0.6303005
v 5.609615 -0.6519816 0.6303091
v 10.6727 -0.6514645 0.6303005
v 10.74923 -0.6514564 0.6016054
v 9.89684 -0.1330738 -10.35552
v 9.896841 -0.1330734 -0.8838797
v 9.876344 -0.1330853 -0.7767887
v 9.89684 -0.6519818 -10.35552
v 9.896841 -0.6519814 -0.8838806
v 9.876331 -0.6519792 -10.46261
v 9.876331 -0.1330857 -10.46261
v 9.910795 -0.7243621 -10.37297
v 9.910797 -0.7243617 -0.8664246
v 9.948913 -0.7781873 -10.42251
v 9.948914 -0.7781869 -0.816885
v 9.890092 -0.7243503 -0.758297
v 9.876344 -0.6519788 -0.7767897
v 5.609615 0.01313975 0.4845443
v 5.609615 -0.7976856 0.4845443
v 5.609615 0.01272819 -0.5239263
v 5.609615 -0.7972739 -0.5239263
v 5.609615 -0.006830718 -0.596808
v 5.609615 -0.777715 -0.596808
v 10.82574 -0.1330967 0.4161234
v 10.81179 -0.05970762 0.3945169
v 10.81177 -0.05970815 -11.63392
v 10.82573 -0.1330972 -11.65552
v 10.79108 -0.05969957 -11.74205
v 10.80523 -0.1330948 -11.76261
v 10.82574 -0.6514487 0.4161243
v 10.80523 -0.1330943 0.5232124
v 10.80523 -0.6514506 0.5232124
v 10.82573 -0.6514493 -11.65552
v 10.81179 -0.7248373 0.3945198
v 10.81177 -0.7248378 -11.63392
v 10.80523 -0.6514512 -11.76261
v 10.79108 -0.7248469 -11.74205
v 10.56221 -0.7976854 0.4845362
v 10.6419 -0.7976832 0.4546528
v 9.841618 -0.7972736 -0.5239334
v 9.791671 -0.7781696 -0.5968151
v 9.870293 -0.7781782 -0.6262989
v 9.921308 -0.797276 -0.5538158
v 9.927849 -0.7781845 -0.7068501
v 9.979638 -0.7972827 -0.635458
v 10.70024 -0.7976778 0.3730106
v 9.791649 -0.006375816 -0.5968151
v 9.841607 0.01272819 -0.5239334
v 9.921308 0.01273057 -0.5538177
v 9.870281 -0.006367234 -0.6263027
v 9.979638 0.01273725 -0.6354656
v 10.56221 0.01314022 0.4845362
v 10.61642 -0.006358599 0.5574179
v 10.73453 -0.05969236 0.5817986
v 10.69504 -0.006360984 0.5279341
v 10.6419 0.01313784 0.4546528
v 10.70024 0.01313259 0.3730059
v 10.75259 -0.00636671 0.4473782
v 10.77366 -0.006375298 0.3373384
v 10.72159 0.01312495 0.2614765
v 10.72159 0.01312444 -11.50088
v 10.77366 -0.006375819 -11.57674
v 10.75259 -0.006367241 -11.68678
v 10.69503 -0.006361522 -11.76733
v 10.73452 -0.0596929 -11.8212
v 10.00099 0.01274588 -10.4924
v 10.001 0.0127463 -0.7469988
v 9.979637 0.01273681 -10.60393
v 10.70023 0.01313206 -11.61241
v 10.00099 -0.7972922 -10.49241
v 10.001 -0.7972918 -0.7469835
v 10.72159 -0.7976708 -11.50089
v 10.72159 -0.7976704 0.2614861
v 10.77366 -0.7781703 -11.57674
v 10.77366 -0.7781699 0.3373442
v 10.79108 -0.7248464 0.5026455
v 10.75259 -0.7781782 0.447382
v 10.74923 -0.1330886 0.6016064
v 10.79108 -0.05969904 0.5026436
v 9.756257 -0.7243395 -10.58923
v 5.609614 -0.7243397 -10.58922
v 5.609614 -0.6514494 -10.56969
v 9.743784 -0.6519628 -10.5697
v 5.609614 -0.1330972 -10.56969
v 9.820312 -0.6519723 -10.541
v 9.833527 -0.7243426 -10.56026
v 9.743784 -0.1330972 -10.5697
v 5.609614 -0.06020688 -10.58922
v 9.756257 -0.05970906 -10.58923
v 9.833515 -0.05969952 -10.56025
v 9.820312 -0.1330938 -10.541
v 10.65726 -0.724856 -11.85017
v 5.609614 -0.7248562 -11.85016
v 5.609614 -0.7781876 -11.79681
v 10.6164 -0.7781873 -11.79682
v 10.69503 -0.778185 -11.76733
v 10.73452 -0.7248536 -11.8212
v 10.65726 -0.05969052 -11.85017
v 5.609614 -0.05969052 -11.85016
v 5.609614 -0.1325651 -11.86969
v 10.6727 -0.1330815 -11.8697
v 5.609614 -0.6519821 -11.86969
v 10.6727 -0.651465 -11.8697
v 10.74921 -0.6514569 -11.84101
v 5.609614 -0.006831157 -10.64258
v 5.609614 -0.7777154 -10.64258
v 5.609614 0.01272775 -10.71546
v 5.609614 -0.7972744 -10.71546
v 5.609614 0.01313921 -11.72393
v 5.609614 -0.7976862 -11.72393
v 5.609614 -0.006359139 -11.79681
v 10.56221 -0.7976859 -11.72394
v 10.64188 -0.7976838 -11.69405
v 9.841605 -0.7972741 -10.71546
v 9.791658 -0.7781701 -10.64258
v 9.87028 -0.7781787 -10.6131
v 9.921306 -0.7972765 -10.68558
v 9.927848 -0.7781849 -10.53255
v 9.979637 -0.7972832 -10.60394
v 10.70023 -0.7976783 -11.61241
v 9.791648 -0.006376255 -10.64258
v 9.841605 0.01272775 -10.71546
v 9.921295 0.01273013 -10.68558
v 9.87028 -0.00636767 -10.61309
v 9.927848 -0.006361468 -10.53253
v 10.56218 0.01313969 -11.72394
v 10.61639 -0.006359139 -11.79682
v 10.64188 0.01313731 -11.69405
v 9.890079 -0.05969284 -10.48109
v 10.74921 -0.1330891 -11.84101
v 10.75259 -0.7781788 -11.68678
v 9.890079 -0.7243507 -10.4811
v 5.643086 -0.6422734 -10.56969
v 5.643086 -0.6422733 -7.717569
v 7.769953 -0.1422733 -7.717573
v 7.769964 -0.1422731 -3.521816
v 7.769952 -0.1422734 -10.56969
v 5.643086 -0.1422734 -10.56969
v 9.89684 -0.1422729 -10.5697
v 5.643087 -0.6422731 -3.521812
v 5.643087 -0.6422729 -0.6696916
v 9.89684 -0.1422728 -7.717576
v 9.89684 -0.1422726 -3.521819
v 9.896841 -0.1422725 -0.6696987
v 7.769964 -0.142273 -0.6696949
v 7.769964 -0.6422729 -3.521816
v 9.896841 -0.6422727 -0.6696987
v 9.89684 -0.6422729 -3.521819
v 7.769953 -0.6422731 -7.717573
v 9.89684 -0.6422731 -7.717576
v 9.89684 -0.6422732 -10.5697
v 7.769952 -0.6422732 -10.56969
v 7.769964 -0.6422727 -0.6696949
v 3.758103 -0.3051723 -7.534982
v 3.758103 -0.3051723 -7.193136
v 3.733942 -0.1433023 -7.139132
v 3.733942 -0.1433023 -7.465547
v 3.748421 -0.3051723 -7.588837
v 3.71762 -0.09584603 -7.447849
v 3.717184 -0.0946954 -7.122915
v 3.72377 -0.1414207 -7.51699
v 3.721971 -0.3051723 -7.628261
v 3.696927 -0.1392387 -7.555589
v 3.708026 -0.09603056 -7.497885
v 3.686242 -0.06016287 -7.435626
v 3.685893 -0.05911238 -7.111044
v 3.685936 -0.0709084 -7.48928
v 3.084365 -0.3051721 -3.7044
v 3.084365 -0.3051721 -4.046245
v 3.108526 -0.1433021 -4.100249
v 3.108526 -0.1433021 -3.773833
v 3.094047 -0.3051721 -3.650545
v 3.124848 -0.09584586 -3.791532
v 3.125284 -0.09469527 -4.116466
v 3.118699 -0.1414205 -3.722392
v 3.120497 -0.3051721 -3.61112
v 3.145542 -0.139239 -3.683791
v 3.134443 -0.0960304 -3.741496
v 3.156227 -0.06016271 -3.803755
v 3.156575 -0.05911225 -4.128337
v 3.156532 -0.07090823 -3.750101
v 3.758103 -0.3051723 -6.743581
v 3.733942 -0.1433023 -6.705007
v 3.717184 -0.0946949 -6.693423
v 3.685893 -0.05911236 -6.684943
v 3.084365 -0.3051722 -4.495801
v 3.108526 -0.1433022 -4.534375
v 3.125284 -0.09469529 -4.545959
v 3.156575 -0.05911227 -4.554437
v 3.758103 -0.3051722 -4.495801
v 3.758103 -0.3051721 -4.046246
v 3.733943 -0.1433021 -4.100249
v 3.733943 -0.1433022 -4.534375
v 3.717185 -0.09469482 -4.545959
v 3.717185 -0.09469479 -4.116466
v 3.685893 -0.05911227 -4.554437
v 3.685893 -0.05911225 -4.128337
v 3.758103 -0.3051722 -4.945357
v 3.733943 -0.1433022 -4.968501
v 3.717185 -0.09469483 -4.975451
v 3.685893 -0.05911229 -4.980538
v 3.758103 -0.3051722 -5.394913
v 3.733943 -0.1433022 -5.402627
v 3.717185 -0.09469485 -5.404944
v 3.685893 -0.05911231 -5.40664
v 3.758103 -0.3051722 -5.844468
v 3.733943 -0.1433022 -5.836753
v 3.717185 -0.09469487 -5.834437
v 3.685893 -0.05911233 -5.832741
v 3.758103 -0.3051722 -6.294024
v 3.733943 -0.1433022 -6.27088
v 3.717185 -0.09469489 -6.26393
v 3.685893 -0.05911234 -6.258842
v 3.68585 -0.3051721 -3.59669
v 3.421234 -0.3051721 -3.59669
v 3.421234 -0.1373574 -3.668673
v 3.660795 -0.1373574 -3.668673
v 3.721971 -0.3051721 -3.61112
v 3.696927 -0.1392385 -3.683791
v 3.654253 -0.09069555 -3.700419
v 3.421234 -0.09172265 -3.701552
v 3.689121 -0.09449403 -3.71432
v 3.649717 -0.0571944 -3.751243
v 3.421234 -0.05831592 -3.752233
v 3.685937 -0.07090823 -3.750101
v 3.708026 -0.0960304 -3.741496
v 3.72377 -0.1414205 -3.722392
v 3.084365 -0.3051722 -4.945357
v 3.108526 -0.1433022 -4.968501
v 3.125284 -0.09469531 -4.975451
v 3.156575 -0.05911229 -4.980538
v 3.084365 -0.3051722 -5.394913
v 3.108526 -0.1433022 -5.402627
v 3.125284 -0.09469533 -5.404944
v 3.156575 -0.05911231 -5.40664
v 3.084365 -0.3051722 -5.844468
v 3.108526 -0.1433022 -5.836753
v 3.125284 -0.09469534 -5.834437
v 3.156575 -0.05911233 -5.832741
v 3.084365 -0.3051722 -6.294024
v 3.108526 -0.1433022 -6.27088
v 3.125284 -0.09469537 -6.26393
v 3.156575 -0.05911234 -6.258842
v 3.084364 -0.3051723 -6.743581
v 3.108525 -0.1433023 -6.705006
v 3.125283 -0.09469538 -6.693423
v 3.156575 -0.05911236 -6.684943
v 3.084364 -0.3051723 -7.193136
v 3.108525 -0.1433023 -7.139132
v 3.125283 -0.0946954 -7.122915
v 3.156575 -0.05911238 -7.111044
v 3.145541 -0.1392387 -7.555589
v 3.134442 -0.09603056 -7.497885
v 3.118698 -0.1414207 -7.51699
v 3.153347 -0.09449419 -7.525061
v 3.156531 -0.0709084 -7.48928
v 3.181674 -0.1373576 -7.570708
v 3.120497 -0.3051723 -7.628261
v 3.156618 -0.3051723 -7.642692
v 3.421234 -0.1373576 -7.570708
v 3.421234 -0.3051723 -7.642692
v 3.188215 -0.09069571 -7.53896
v 3.421234 -0.09172282 -7.537827
v 3.192751 -0.05719456 -7.488137
v 3.421234 -0.05831608 -7.487147
v 3.654252 -0.09069571 -7.53896
v 3.68912 -0.09449419 -7.525061
v 3.649717 -0.05719456 -7.488137
v 3.660794 -0.1373576 -7.570708
v 3.685849 -0.3051723 -7.642692
v 3.084364 -0.3051723 -7.534982
v 3.094046 -0.3051723 -7.588837
v 3.108525 -0.1433023 -7.465547
v 3.124847 -0.09584603 -7.447849
v 3.156226 -0.06016287 -7.435626
v 3.421234 -0.04608807 -7.432247
v 3.648474 -0.04608807 -7.432247
v 3.648474 -0.04608805 -7.106699
v 3.421234 -0.04608805 -7.106699
v 3.421234 -0.04608803 -6.68184
v 3.193994 -0.04608805 -7.106699
v 3.193994 -0.04608803 -6.68184
v 3.648474 -0.04608801 -6.25698
v 3.421234 -0.04608801 -6.25698
v 3.648474 -0.04608803 -6.68184
v 3.421234 -0.046088 -5.83212
v 3.193994 -0.04608801 -6.25698
v 3.193994 -0.046088 -5.83212
v 3.648474 -0.04608798 -5.40726
v 3.421234 -0.04608798 -5.40726
v 3.648474 -0.046088 -5.83212
v 3.421234 -0.04608796 -4.982401
v 3.193994 -0.04608798 -5.40726
v 3.193994 -0.04608796 -4.982401
v 3.648474 -0.04608794 -4.557541
v 3.421234 -0.04608794 -4.557541
v 3.648474 -0.04608796 -4.982401
v 3.421234 -0.04608792 -4.132682
v 3.193994 -0.04608794 -4.557541
v 3.193994 -0.04608792 -4.132682
v 3.648474 -0.04608791 -3.807134
v 3.421234 -0.04608791 -3.807134
v 3.648474 -0.04608792 -4.132682
v 3.686242 -0.06016271 -3.803755
v 3.748422 -0.3051721 -3.650545
v 3.758104 -0.3051721 -3.7044
v 3.733943 -0.1433021 -3.773833
v 3.717621 -0.09584586 -3.791532
v 3.192752 -0.0571944 -3.751243
v 3.193995 -0.04608791 -3.807134
v 3.193994 -0.04608807 -7.432247
v 3.156619 -0.3051721 -3.59669
v 3.181674 -0.1373574 -3.668673
v 3.153348 -0.09449403 -3.71432
v 3.188216 -0.09069555 -3.700419
v -17.26802 1.176558 -10.13217
v -17.21491 1.317971 -10.1571
v -17.23121 1.278425 -10.06084
v -17.23121 1.247886 -10.23403
v -17.23121 0.3330174 -8.710657
v -17.26802 0.6455283 -10.504
v -17.23121 0.7168565 -10.60586
v -17.21491 0.6205935 -10.64541
v -17.23121 0.5436621 -10.57533
v -17.26802 -0.299879 -9.153816
v -17.23121 -0.4017457 -9.225144
v -17.21491 -0.4412917 -9.128881
v -17.23121 -0.3712067 -9.05195
v -17.26802 0.2311507 -8.781985
v -17.21491 0.2560855 -8.640573
v -17.23121 0.159823 -8.680119
v -17.14235 1.277431 -10.27623
v -17.14235 1.349752 -10.16271
v -4.53201 1.277431 -10.27623
v -4.53201 1.349752 -10.1627
v -4.459451 1.31797 -10.1571
v -4.443151 1.247885 -10.23403
v -17.14235 0.7464013 -10.64806
v -17.14235 0.6149898 -10.67719
v -4.53201 0.6149888 -10.67719
v -4.53201 0.7464004 -10.64806
v -4.443151 0.7168555 -10.60586
v -4.459451 0.6205931 -10.64541
v -4.406342 1.176558 -10.13216
v -4.443151 1.278424 -10.06084
v -4.406342 0.2311502 -8.781983
v -4.443151 0.3330165 -8.710655
v -4.459451 0.256085 -8.640571
v -4.443151 0.1598221 -8.680117
v -4.406342 0.6455278 -10.504
v -4.443151 0.5436611 -10.57532
v -4.443151 -0.4017462 -9.225142
v -4.406342 -0.2998799 -9.153814
v -4.443151 -0.3712076 -9.051948
v -4.459451 -0.4412922 -9.12888
v -17.14235 0.1302782 -8.637924
v -17.14235 0.2616898 -8.60879
v -4.53201 0.2616888 -8.608788
v -17.14235 -0.400752 -9.009755
v -17.14235 -0.4730734 -9.123278
v -4.53201 -0.4007525 -9.009753
v -4.53201 -0.4730739 -9.123276
v -4.53201 0.1302773 -8.637922
v -4.53201 0.3752109 -8.68111
v -4.53201 1.320619 -10.03129
v -17.14235 1.32062 -10.03129
v -17.14235 0.3752118 -8.681112
v -17.14235 0.5014677 -10.60487
v -4.53201 0.5014668 -10.60487
v -17.14235 -0.4439401 -9.254689
v -4.53201 -0.4439411 -9.254686
v -25.86334 -0.7779085 -4.455231
v -25.81023 -0.7218019 -4.58741
v -25.82653 -0.6626076 -4.501816
v -25.82653 -0.8244931 -4.570532
v -25.82653 -0.04515566 -2.973568
v -25.86334 -1.378972 -4.212385
v -25.82653 -1.425557 -4.327686
v -25.81023 -1.511151 -4.268492
v -25.82653 -1.494273 -4.1658
v -25.86334 -0.7615203 -2.684139
v -25.82653 -0.8768212 -2.637554
v -25.81023 -0.8176268 -2.55196
v -25.82653 -0.7149357 -2.568836
v -25.86334 -0.1604568 -2.926983
v -25.81023 -0.028278 -2.870876
v -25.82653 -0.1138722 -2.811684
v -25.73767 -0.843789 -4.61829
v -25.73767 -0.7091922 -4.617115
v -13.12733 -0.8437883 -4.618292
v -13.12733 -0.7091915 -4.617117
v -13.05477 -0.7218012 -4.58741
v -13.03847 -0.8244924 -4.570532
v -25.73767 -1.444853 -4.375446
v -25.73767 -1.540858 -4.281101
v -13.12733 -1.540857 -4.281102
v -13.12733 -1.444852 -4.375446
v -13.03847 -1.425556 -4.327686
v -13.05477 -1.51115 -4.268493
v -13.00166 -0.7779078 -4.455231
v -13.03847 -0.6626069 -4.501816
v -13.00166 -0.1604558 -2.926984
v -13.03847 -0.04515518 -2.973569
v -13.05477 -0.02827705 -2.870877
v -13.03847 -0.1138712 -2.811683
v -13.00166 -1.378971 -4.212385
v -13.03847 -1.494272 -4.165802
v -13.03847 -0.8768204 -2.637554
v -13.00166 -0.7615196 -2.684139
v -13.03847 -0.7149349 -2.568838
v -13.05477 -0.8176261 -2.55196
v -25.73767 -0.09457648 -2.763924
v -25.73767 0.001428956 -2.858269
v -13.12733 0.001429433 -2.858268
v -25.73767 -0.6956397 -2.521076
v -25.73767 -0.8302366 -2.522251
v -13.12733 -0.695639 -2.521078
v -13.12733 -0.8302358 -2.522253
v -13.12733 -0.09457552 -2.763924
v -13.12733 0.002604354 -2.992865
v -13.12733 -0.6148476 -4.521112
v -25.73767 -0.6148483 -4.521111
v -25.73767 0.0026034 -2.992863
v -25.73767 -1.542032 -4.146505
v -13.12733 -1.542032 -4.146505
v -25.73767 -0.9245805 -2.618256
v -13.12733 -0.9245797 -2.618258
v -30.12795 1.250288 -9.99654
v -30.07484 1.393882 -9.99654
v -30.09114 1.338221 -9.908607
v -30.09114 1.338221 -10.08447
v -30.09114 0.1727191 -8.743107
v -30.12795 0.791893 -10.45494
v -30.09114 0.8798261 -10.54287
v -30.07484 0.791893 -10.59853
v -30.09114 0.7039599 -10.54287
v -30.12795 -0.3736085 -9.289433
v -30.09114 -0.4615411 -9.377365
v -30.07484 -0.5172023 -9.289433
v -30.09114 -0.4615411 -9.2015
v -30.12795 0.0847865 -8.831039
v -30.07484 0.08478604 -8.687447
v -30.09114 -0.00314703 -8.743107
v -30.00229 1.374644 -10.1209
v -30.00229 1.426154 -9.99654
v -21.67917 1.374643 -10.12089
v -21.67917 1.426153 -9.996538
v -21.60661 1.393881 -9.996538
v -21.59031 1.33822 -10.08447
v -30.00229 0.9162493 -10.57929
v -30.00229 0.791893 -10.6308
v -21.67917 0.7918925 -10.6308
v -21.67917 0.9162483 -10.57929
v -21.59031 0.8798256 -10.54287
v -21.60661 0.7918925 -10.59853
v -21.5535 1.250287 -9.996538
v -21.59031 1.33822 -9.908606
v -21.5535 0.08478555 -8.831038
v -21.59031 0.1727186 -8.743105
v -21.60661 0.08478556 -8.687445
v -21.59031 -0.003147507 -8.743105
v -21.5535 0.7918921 -10.45493
v -21.59031 0.7039595 -10.54287
v -21.59031 -0.4615421 -9.377365
v -21.5535 -0.373609 -9.289433
v -21.59031 -0.461542 -9.201498
v -21.60661 -0.5172033 -9.289431
v -30.00229 -0.03956976 -8.706684
v -30.00229 0.08478604 -8.655174
v -21.67917 0.08478556 -8.655172
v -30.00229 -0.4979643 -9.165077
v -30.00229 -0.5494747 -9.289433
v -21.67917 -0.4979652 -9.165075
v -21.67917 -0.5494751 -9.289431
v -21.67917 -0.03957071 -8.706682
v -21.67917 0.2091418 -8.706682
v -21.67917 1.374643 -9.872183
v -30.00229 1.374643 -9.872185
v -30.00229 0.2091423 -8.706684
v -30.00229 0.6675367 -10.57929
v -21.67917 0.6675363 -10.57929
v -30.00229 -0.4979643 -9.413788
v -21.67917 -0.4979648 -9.41379
v -23.73994 -0.154868 -8.472363
v -23.68683 -0.02220429 -8.527313
v -23.70313 -0.03997792 -8.424774
v -23.70313 -0.1072792 -8.587254
v -23.70313 -0.6707428 -6.901974
v -23.73994 -0.7537893 -8.720444
v -23.70313 -0.7062002 -8.835335
v -23.68683 -0.8087405 -8.853107
v -23.70313 -0.8686794 -8.768032
v -23.73994 -1.384554 -7.197643
v -23.70313 -1.499444 -7.245232
v -23.68683 -1.517218 -7.142693
v -23.70313 -1.432143 -7.082754
v -23.73994 -0.7856329 -6.949562
v -23.68683 -0.730682 -6.816898
v -23.70313 -0.833222 -6.834673
v -23.61427 -0.08756723 -8.634842
v -23.61427 0.007610901 -8.539663
v -15.29116 -0.08756723 -8.634844
v -15.29116 0.007610424 -8.539666
v -15.2186 -0.02220477 -8.527316
v -15.2023 -0.1072797 -8.587255
v -23.61427 -0.6864883 -8.882923
v -23.61427 -0.8210904 -8.882923
v -15.29116 -0.8210909 -8.882925
v -15.29116 -0.6864888 -8.882925
v -15.2023 -0.7062007 -8.835336
v -15.2186 -0.8087407 -8.853109
v -15.16549 -0.1548685 -8.472364
v -15.2023 -0.0399784 -8.424775
v -15.16549 -0.7856334 -6.949564
v -15.2023 -0.6707433 -6.901976
v -15.2186 -0.7306822 -6.8169
v -15.2023 -0.8332224 -6.834675
v -15.16549 -0.7537898 -8.720446
v -15.2023 -0.8686799 -8.768035
v -15.2023 -1.499445 -7.245235
v -15.16549 -1.384555 -7.197645
v -15.2023 -1.432144 -7.082756
v -15.2186 -1.517218 -7.142694
v -23.61427 -0.8529339 -6.787083
v -23.61427 -0.7183319 -6.787083
v -15.29116 -0.7183324 -6.787085
v -23.61427 -1.451856 -7.035164
v -23.61427 -1.547033 -7.130342
v -15.29116 -1.451856 -7.035166
v -15.29116 -1.547034 -7.130344
v -15.29116 -0.8529344 -6.787085
v -15.29116 -0.6231542 -6.882263
v -15.29116 0.00761043 -8.405064
v -23.61427 0.007610907 -8.405062
v -23.61427 -0.623154 -6.882261
v -23.61427 -0.9162685 -8.787746
v -15.29116 -0.9162687 -8.787747
v -23.61427 -1.547033 -7.264944
v -15.29116 -1.547034 -7.264946
v -12.9866 -0.154868 -8.472366
v -12.9335 -0.02220429 -8.527318
v -12.9498 -0.03997792 -8.424777
v -12.9498 -0.1072792 -8.587256
v -12.9498 -0.6707428 -6.901978
v -12.9866 -0.7537893 -8.720448
v -12.9498 -0.7062002 -8.835338
v -12.9335 -0.8087405 -8.853111
v -12.9498 -0.8686794 -8.768037
v -12.9866 -1.384554 -7.197647
v -12.9498 -1.499444 -7.245236
v -12.9335 -1.517218 -7.142696
v -12.9498 -1.432143 -7.082758
v -12.9866 -0.7856329 -6.949566
v -12.9335 -0.730682 -6.816902
v -12.9498 -0.833222 -6.834677
v -12.86095 -0.08756723 -8.634846
v -12.86095 0.007610901 -8.539667
v -4.53781 -0.08756723 -8.634847
v -4.53781 0.007610424 -8.539669
v -4.465262 -0.02220477 -8.527319
v -4.448962 -0.1072797 -8.587257
v -12.86095 -0.6864883 -8.882927
v -12.86095 -0.8210904 -8.882927
v -4.53781 -0.8210909 -8.882928
v -4.53781 -0.6864888 -8.882928
v -4.448962 -0.7062007 -8.835339
v -4.465262 -0.8087407 -8.853112
v -4.412153 -0.1548685 -8.472367
v -4.448962 -0.0399784 -8.424778
v -4.412153 -0.7856334 -6.949567
v -4.448962 -0.6707433 -6.901978
v -4.465261 -0.7306822 -6.816904
v -4.448962 -0.8332224 -6.834677
v -4.412153 -0.7537898 -8.720448
v -4.448962 -0.8686799 -8.768038
v -4.448962 -1.499445 -7.245238
v -4.412153 -1.384555 -7.197649
v -4.448962 -1.432144 -7.082758
v -4.465261 -1.517218 -7.142697
v -12.86095 -0.8529339 -6.787086
v -12.86095 -0.7183319 -6.787086
v -4.53781 -0.7183324 -6.787088
v -12.86095 -1.451856 -7.035168
v -12.86095 -1.547033 -7.130346
v -4.53781 -1.451856 -7.035169
v -4.53781 -1.547034 -7.130348
v -4.53781 -0.8529344 -6.787088
v -4.53781 -0.6231542 -6.882266
v -4.53781 0.00761043 -8.405066
v -12.86095 0.007610907 -8.405066
v -12.86095 -0.623154 -6.882265
v -12.86095 -0.9162685 -8.787749
v -4.53781 -0.9162687 -8.78775
v -12.86095 -1.547033 -7.264948
v -4.53781 -1.547034 -7.264949
v -30.11454 -0.869788 -6.526478
v -30.06143 -0.7682517 -6.628014
v -30.07773 -0.7454317 -6.526478
v -30.07773 -0.869788 -6.650833
v -30.07773 -0.7454319 -4.878208
v -30.11454 -1.518056 -6.526478
v -30.07773 -1.518056 -6.650833
v -30.06143 -1.619592 -6.628014
v -30.07773 -1.642412 -6.526478
v -30.11454 -1.518056 -4.878208
v -30.07773 -1.642412 -4.878208
v -30.06143 -1.619592 -4.776672
v -30.07773 -1.518056 -4.753853
v -30.11454 -0.8697879 -4.878208
v -30.06143 -0.7682517 -4.776672
v -30.07773 -0.8697879 -4.753853
v -29.98887 -0.869788 -6.702343
v -29.98887 -0.7454317 -6.650833
v -21.66576 -0.869788 -6.702343
v -21.66576 -0.7454317 -6.650833
v -21.5932 -0.7682517 -6.628014
v -21.5769 -0.869788 -6.650833
v -29.98887 -1.518056 -6.702343
v -29.98887 -1.642412 -6.650833
v -21.66576 -1.642412 -6.650833
v -21.66576 -1.518056 -6.702343
v -21.5769 -1.518056 -6.650833
v -21.5932 -1.619592 -6.628014
v -21.54009 -0.869788 -6.526478
v -21.5769 -0.745432 -6.526478
v -21.54009 -0.8697879 -4.87821
v -21.5769 -0.7454319 -4.87821
v -21.5932 -0.7682517 -4.776674
v -21.5769 -0.8697879 -4.753853
v -21.54009 -1.518056 -6.526478
v -21.5769 -1.642412 -6.526478
v -21.5769 -1.642412 -4.87821
v -21.54009 -1.518056 -4.87821
v -21.5769 -1.518056 -4.753853
v -21.5932 -1.619592 -4.776674
v -29.98887 -0.8697879 -4.702343
v -29.98887 -0.7454318 -4.753853
v -21.66576 -0.7454318 -4.753853
v -29.98887 -1.518056 -4.702343
v -29.98887 -1.642412 -4.753853
v -21.66576 -1.518056 -4.702343
v -21.66576 -1.642412 -4.753853
v -21.66576 -0.8697879 -4.702343
v -21.66576 -0.6939218 -4.87821
v -21.66576 -0.6939219 -6.526478
v -29.98887 -0.6939219 -6.526478
v -29.98887 -0.6939218 -4.878208
v -29.98887 -1.693922 -6.526478
v -21.66576 -1.693922 -6.526478
v -29.98887 -1.693922 -4.878208
v -21.66576 -1.693922 -4.87821
v -19.47929 -0.869788 -6.52648
v -19.42618 -0.7682517 -6.628016
v -19.44248 -0.7454317 -6.52648
v -19.44248 -0.869788 -6.650835
v -19.44248 -0.7454319 -4.878212
v -19.47929 -1.518056 -6.52648
v -19.44248 -1.518056 -6.650835
v -19.42618 -1.619592 -6.628016
v -19.44248 -1.642412 -6.52648
v -19.47929 -1.518056 -4.878212
v -19.44248 -1.642412 -4.878212
v -19.42618 -1.619592 -4.776674
v -19.44248 -1.518056 -4.753855
v -19.47929 -0.8697879 -4.878212
v -19.42618 -0.7682517 -4.776674
v -19.44248 -0.8697879 -4.753855
v -19.35363 -0.869788 -6.702345
v -19.35363 -0.7454317 -6.650835
v -11.03049 -0.869788 -6.702346
v -11.03049 -0.7454317 -6.650836
v -10.95794 -0.7682517 -6.628016
v -10.94164 -0.869788 -6.650836
v -19.35363 -1.518056 -6.702345
v -19.35363 -1.642412 -6.650835
v -11.03049 -1.642412 -6.650836
v -11.03049 -1.518056 -6.702346
v -10.94164 -1.518056 -6.650836
v -10.95794 -1.619592 -6.628016
v -10.90483 -0.869788 -6.526481
v -10.94164 -0.745432 -6.526481
v -10.90483 -0.8697879 -4.878213
v -10.94164 -0.7454319 -4.878213
v -10.95794 -0.7682517 -4.776676
v -10.94164 -0.8697879 -4.753856
v -10.90483 -1.518056 -6.526481
v -10.94164 -1.642412 -6.526481
v -10.94164 -1.642412 -4.878213
v -10.90483 -1.518056 -4.878213
v -10.94164 -1.518056 -4.753856
v -10.95794 -1.619592 -4.776676
v -19.35363 -0.8697879 -4.702345
v -19.35363 -0.7454318 -4.753855
v -11.03049 -0.7454318 -4.753856
v -19.35363 -1.518056 -4.702345
v -19.35363 -1.642412 -4.753855
v -11.03049 -1.518056 -4.702346
v -11.03049 -1.642412 -4.753856
v -11.03049 -0.8697879 -4.702346
v -11.03049 -0.6939218 -4.878213
v -11.03049 -0.6939219 -6.526481
v -19.35363 -0.6939219 -6.52648
v -19.35363 -0.6939218 -4.878212
v -19.35363 -1.693922 -6.52648
v -11.03049 -1.693922 -6.526481
v -19.35363 -1.693922 -4.878212
v -11.03049 -1.693922 -4.878213
v -21.53239 0.08478392 -2.57365
v -21.47928 0.08478391 -2.717245
v -21.49558 0.172717 -2.661585
v -21.49558 -0.003149149 -2.661585
v -21.49558 1.338218 -1.496082
v -21.53239 -0.3736106 -2.115255
v -21.49558 -0.4615436 -2.20319
v -21.47928 -0.5172049 -2.115257
v -21.49558 -0.4615436 -2.027323
v -21.53239 0.7918906 -0.9497547
v -21.49558 0.703958 -0.8618221
v -21.47928 0.791891 -0.8061619
v -21.49558 0.8798241 -0.8618221
v -21.53239 1.250286 -1.40815
v -21.47928 1.393879 -1.40815
v -21.49558 1.338218 -1.320217
v -21.40672 -0.03957236 -2.698008
v -21.40672 0.08478391 -2.749517
v -13.08361 -0.0395714 -2.698006
v -13.08361 0.08478439 -2.749516
v -13.01106 0.08478439 -2.717243
v -12.99475 -0.003148672 -2.661582
v -21.40672 -0.4979669 -2.239613
v -21.40672 -0.5494767 -2.115257
v -13.08361 -0.5494763 -2.115255
v -13.08361 -0.4979659 -2.239611
v -12.99475 -0.4615427 -2.203188
v -13.01106 -0.5172039 -2.115255
v -12.95794 0.08478487 -2.573649
v -12.99475 0.1727175 -2.661582
v -12.95794 1.250286 -1.408148
v -12.99475 1.338219 -1.49608
v -13.01106 1.39388 -1.408148
v -12.99475 1.338219 -1.320215
v -12.95794 -0.3736101 -2.115255
v -12.99475 -0.4615427 -2.027321
v -12.99475 0.7039585 -0.8618202
v -12.95794 0.7918915 -0.9497528
v -12.99475 0.8798246 -0.8618202
v -13.01106 0.7918915 -0.80616
v -21.40672 1.374641 -1.283794
v -21.40672 1.426152 -1.40815
v -13.08361 1.426152 -1.408148
v -21.40672 0.9162468 -0.8253994
v -21.40672 0.791891 -0.7738895
v -13.08361 0.9162478 -0.8253975
v -13.08361 0.7918915 -0.7738876
v -13.08361 1.374642 -1.283792
v -13.08361 1.374642 -1.532505
v -13.08361 0.2091407 -2.698006
v -21.40672 0.2091402 -2.698008
v -21.40672 1.374641 -1.532505
v -21.40672 -0.4979664 -1.9909
v -13.08361 -0.4979659 -1.990898
v -21.40672 0.6675348 -0.8253994
v -13.08361 0.6675352 -0.8253975
v -30.12181 0.08478392 -2.57365
v -30.0687 0.08478391 -2.717243
v -30.085 0.172717 -2.661583
v -30.085 -0.003149149 -2.661583
v -30.085 1.338218 -1.496082
v -30.12181 -0.3736106 -2.115253
v -30.085 -0.4615436 -2.203186
v -30.0687 -0.5172049 -2.115253
v -30.085 -0.4615436 -2.027321
v -30.12181 0.7918906 -0.9497528
v -30.085 0.703958 -0.8618202
v -30.0687 0.791891 -0.80616
v -30.085 0.8798241 -0.8618202
v -30.12181 1.250286 -1.40815
v -30.0687 1.393879 -1.40815
v -30.085 1.338218 -1.320213
v -29.99615 -0.03957236 -2.698006
v -29.99615 0.08478391 -2.749516
v -21.67302 -0.0395714 -2.698004
v -21.67302 0.08478439 -2.749514
v -21.60047 0.08478439 -2.717241
v -21.58417 -0.003148672 -2.661581
v -29.99615 -0.4979669 -2.239609
v -29.99615 -0.5494767 -2.115253
v -21.67302 -0.5494763 -2.115253
v -21.67302 -0.4979659 -2.239609
v -21.58417 -0.4615427 -2.203186
v -21.60047 -0.5172039 -2.115253
v -21.54736 0.08478487 -2.573647
v -21.58417 0.1727175 -2.661581
v -21.54736 1.250286 -1.408146
v -21.58417 1.338219 -1.496078
v -21.60047 1.39388 -1.408146
v -21.58417 1.338219 -1.320213
v -21.54736 -0.3736101 -2.115253
v -21.58417 -0.4615427 -2.027319
v -21.58417 0.7039585 -0.8618183
v -21.54736 0.7918915 -0.9497509
v -21.58417 0.8798246 -0.8618183
v -21.60047 0.7918915 -0.8061581
v -29.99615 1.374641 -1.283791
v -29.99615 1.426152 -1.408146
v -21.67302 1.426152 -1.408146
v -29.99615 0.9162468 -0.8253975
v -29.99615 0.791891 -0.7738876
v -21.67302 0.9162478 -0.8253956
v -21.67302 0.7918915 -0.7738857
v -21.67302 1.374642 -1.283791
v -21.67302 1.374642 -1.532503
v -21.67302 0.2091407 -2.698004
v -29.99615 0.2091402 -2.698006
v -29.99615 1.374641 -1.532505
v -29.99615 -0.4979664 -1.990898
v -21.67302 -0.4979659 -1.990896
v -29.99615 0.6675348 -0.8253975
v -21.67302 0.6675352 -0.8253956
v -12.98805 -0.7779085 -4.455234
v -12.93494 -0.7218017 -4.587413
v -12.95125 -0.6626074 -4.501818
v -12.95125 -0.8244931 -4.570535
v -12.95125 -0.04515566 -2.973571
v -12.98805 -1.378972 -4.212389
v -12.95125 -1.425556 -4.32769
v -12.93494 -1.511151 -4.268496
v -12.95125 -1.494273 -4.165804
v -12.98805 -0.7615203 -2.684141
v -12.95125 -0.8768212 -2.637557
v -12.93493 -0.8176268 -2.551962
v -12.95125 -0.7149354 -2.56884
v -12.98805 -0.1604568 -2.926987
v -12.93493 -0.02827752 -2.87088
v -12.95125 -0.1138722 -2.811686
v -12.86239 -0.843789 -4.618294
v -12.86239 -0.709192 -4.617119
v -4.53927 -0.8437886 -4.618295
v -4.53927 -0.7091915 -4.61712
v -4.466722 -0.7218012 -4.587414
v -4.450411 -0.8244926 -4.570536
v -12.86239 -1.444853 -4.375448
v -12.86239 -1.540858 -4.281105
v -4.53927 -1.540857 -4.281106
v -4.53927 -1.444852 -4.37545
v -4.450411 -1.425556 -4.327691
v -4.466722 -1.511151 -4.268496
v -4.413603 -0.7779078 -4.455235
v -4.450411 -0.6626069 -4.501819
v -4.413602 -0.1604563 -2.926988
v -4.450411 -0.04515518 -2.973572
v -4.466722 -0.02827705 -2.870881
v -4.450411 -0.1138717 -2.811687
v -4.413603 -1.378971 -4.212389
v -4.450411 -1.494272 -4.165805
v -4.450411 -0.8768204 -2.637558
v -4.413602 -0.7615196 -2.684142
v -4.450411 -0.7149349 -2.568841
v -4.466722 -0.8176264 -2.551963
v -12.86239 -0.094576 -2.763927
v -12.86239 0.001428956 -2.85827
v -4.53927 0.001429433 -2.858271
v -12.86239 -0.6956395 -2.521081
v -12.86239 -0.8302366 -2.522256
v -4.53927 -0.695639 -2.521082
v -4.53927 -0.8302361 -2.522257
v -4.53927 -0.09457552 -2.763927
v -4.53927 0.002603877 -2.992868
v -4.53927 -0.6148478 -4.521115
v -12.86239 -0.6148483 -4.521114
v -12.86239 0.0026034 -2.992867
v -12.86239 -1.542032 -4.146507
v -4.53927 -1.542032 -4.146509
v -12.86239 -0.9245802 -2.61826
v -4.53927 -0.9245797 -2.618262
v -30.12672 -0.154868 -8.472363
v -30.07361 -0.02220477 -8.527313
v -30.08991 -0.03997792 -8.424774
v -30.08991 -0.1072792 -8.587254
v -30.08991 -0.670743 -6.901974
v -30.12672 -0.7537895 -8.720444
v -30.08991 -0.7062005 -8.835335
v -30.07361 -0.8087405 -8.853107
v -30.08991 -0.8686794 -8.768032
v -30.12672 -1.384554 -7.197643
v -30.08991 -1.499444 -7.245232
v -30.07361 -1.517218 -7.142693
v -30.08991 -1.432144 -7.082752
v -30.12672 -0.7856329 -6.949562
v -30.07361 -0.730682 -6.816898
v -30.08991 -0.833222 -6.834671
v -30.00106 -0.08756723 -8.634842
v -30.00106 0.007610901 -8.539665
v -25.96515 -0.08756723 -8.63484
v -25.96515 0.007610901 -8.539661
v -25.8926 -0.02220477 -8.527313
v -25.8763 -0.1072792 -8.58725
v -30.00106 -0.6864886 -8.882923
v -30.00106 -0.8210906 -8.882923
v -25.96515 -0.8210906 -8.882923
v -25.96515 -0.6864886 -8.882923
v -25.8763 -0.7062007 -8.835333
v -25.8926 -0.8087407 -8.853107
v -25.83949 -0.1548685 -8.472363
v -25.8763 -0.0399784 -8.424772
v -25.83949 -0.7856331 -6.94956
v -25.8763 -0.670743 -6.901972
v -25.8926 -0.7306822 -6.816896
v -25.8763 -0.8332222 -6.834671
v -25.83949 -0.7537898 -8.720444
v -25.8763 -0.8686799 -8.768032
v -25.8763 -1.499445 -7.245232
v -25.83949 -1.384555 -7.197643
v -25.8763 -1.432144 -7.082752
v -25.8926 -1.517218 -7.142691
v -30.00106 -0.8529342 -6.787083
v -30.00106 -0.7183321 -6.787083
v -25.96515 -0.7183321 -6.787083
v -30.00106 -1.451856 -7.035164
v -30.00106 -1.547033 -7.130341
v -25.96515 -1.451856 -7.035164
v -25.96515 -1.547034 -7.130341
v -25.96515 -0.8529342 -6.787083
v -25.96515 -0.623154 -6.882259
v -25.96515 0.00761043 -8.40506
v -30.00106 0.007610907 -8.40506
v -30.00106 -0.623154 -6.882259
v -30.00106 -0.9162687 -8.787743
v -25.96515 -0.9162687 -8.787743
v -30.00106 -1.547033 -7.264946
v -25.96515 -1.547034 -7.264944
v -8.689445 -0.869788 -6.526483
v -8.636327 -0.7682517 -6.628019
v -8.652637 -0.7454317 -6.526483
v -8.652637 -0.869788 -6.650839
v -8.652637 -0.7454319 -4.878215
v -8.689445 -1.518056 -6.526483
v -8.652637 -1.518056 -6.650839
v -8.636327 -1.619592 -6.628019
v -8.652637 -1.642412 -6.526483
v -8.689445 -1.518056 -4.878215
v -8.652637 -1.642412 -4.878215
v -8.636327 -1.619592 -4.776679
v -8.652637 -1.518056 -4.753859
v -8.689445 -0.8697879 -4.878215
v -8.636327 -0.7682517 -4.776679
v -8.652637 -0.8697879 -4.753859
v -8.563778 -0.869788 -6.702349
v -8.563778 -0.7454317 -6.650839
v -4.527888 -0.869788 -6.702349
v -4.527888 -0.7454317 -6.650839
v -4.455339 -0.7682517 -6.628019
v -4.439029 -0.869788 -6.650839
v -8.563778 -1.518056 -6.702349
v -8.563778 -1.642412 -6.650839
v -4.527888 -1.642412 -6.650839
v -4.527888 -1.518056 -6.702349
v -4.439029 -1.518056 -6.650839
v -4.455339 -1.619592 -6.628019
v -4.40222 -0.869788 -6.526483
v -4.439029 -0.745432 -6.526483
v -4.40222 -0.8697879 -4.878215
v -4.439029 -0.7454319 -4.878215
v -4.455339 -0.7682517 -4.776679
v -4.439029 -0.8697879 -4.753859
v -4.40222 -1.518056 -6.526483
v -4.439029 -1.642412 -6.526483
v -4.439029 -1.642412 -4.878215
v -4.40222 -1.518056 -4.878215
v -4.439029 -1.518056 -4.753859
v -4.455339 -1.619592 -4.776679
v -8.563778 -0.8697879 -4.702349
v -8.563778 -0.7454318 -4.753859
v -4.527888 -0.7454318 -4.753859
v -8.563778 -1.518056 -4.702349
v -8.563778 -1.642412 -4.753859
v -4.527888 -1.518056 -4.702349
v -4.527888 -1.642412 -4.753859
v -4.527888 -0.8697879 -4.702349
v -4.527888 -0.6939218 -4.878215
v -4.527888 -0.6939219 -6.526483
v -8.563778 -0.6939219 -6.526483
v -8.563778 -0.6939218 -4.878215
v -8.563778 -1.693922 -6.526483
v -4.527888 -1.693922 -6.526483
v -8.563778 -1.693922 -4.878215
v -4.527888 -1.693922 -4.878215
v -8.688552 0.08478392 -2.573654
v -8.635432 0.08478391 -2.717248
v -8.651743 0.172717 -2.661587
v -8.651743 -0.003149149 -2.661587
v -8.651743 1.338219 -1.496086
v -8.688552 -0.3736106 -2.115259
v -8.651743 -0.4615436 -2.203193
v -8.635432 -0.5172044 -2.115259
v -8.651743 -0.4615436 -2.027327
v -8.688551 0.791891 -0.9497585
v -8.651743 0.703958 -0.861825
v -8.635432 0.791891 -0.8061638
v -8.651743 0.8798241 -0.861825
v -8.688551 1.250286 -1.408153
v -8.635432 1.393879 -1.408153
v -8.651743 1.338219 -1.32022
v -8.562884 -0.03957188 -2.69801
v -8.562884 0.08478391 -2.74952
v -4.526993 -0.03957188 -2.698009
v -4.526993 0.08478439 -2.749519
v -4.454445 0.08478439 -2.717247
v -4.438134 -0.003148672 -2.661586
v -8.562884 -0.4979664 -2.239615
v -8.562884 -0.5494763 -2.115259
v -4.526993 -0.5494763 -2.115258
v -4.526993 -0.4979664 -2.239614
v -4.438134 -0.4615432 -2.203192
v -4.454445 -0.5172039 -2.115258
v -4.401326 0.0847844 -2.573653
v -4.438134 0.1727175 -2.661586
v -4.401326 1.250286 -1.408152
v -4.438134 1.338219 -1.496085
v -4.454445 1.39388 -1.408152
v -4.438134 1.338219 -1.320219
v -4.401326 -0.3736101 -2.115258
v -4.438134 -0.4615432 -2.027326
v -4.438134 0.7039585 -0.8618245
v -4.401325 0.7918915 -0.9497576
v -4.438134 0.8798246 -0.8618245
v -4.454445 0.7918915 -0.8061638
v -8.562883 1.374642 -1.283796
v -8.562883 1.426152 -1.408153
v -4.526993 1.426152 -1.408152
v -8.562883 0.9162473 -0.8254023
v -8.562883 0.791891 -0.7738924
v -4.526993 0.9162473 -0.8254013
v -4.526993 0.7918915 -0.7738914
v -4.526993 1.374642 -1.283796
v -4.526993 1.374642 -1.532508
v -4.526993 0.2091407 -2.698009
v -8.562884 0.2091402 -2.698009
v -8.562883 1.374642 -1.532509
v -8.562883 -0.4979664 -1.990903
v -4.526993 -0.4979664 -1.990902
v -8.562883 0.6675348 -0.8254023
v -4.526993 0.6675352 -0.8254013

vt 0.514925 0.193163
vt 0.514925 0.262952
vt 0.514925 0.099291
vt 0.514925 0.029502
vt 0.514925 0.03246
vt 0.514925 0.102249
vt 0.514925 0.18812
vt 0.514925 0.233032
vt 0.514925 0.243125
vt 0.514925 0.247863
vt 0.514925 0.178074
vt 0.514925 0.092203
vt 0.514925 0.047291
vt 0.514925 0.037197
vt 0.514925 0.014414
vt 0.514925 0.26591
vt 0.083573 0.274247
vt 0.083573 0.333333
vt 0.083573 0.258211
vt 0.083573 0.193027
vt 0.083573 0.263836
vt 0.083573 0.203438
vt 0.083055 0.272798
vt 0.083055 0.26725
vt 0.083055 0.326597
vt 0.083055 0.331713
vt 0.083055 0.312618
vt 0.083055 0.252093
vt 0.083055 0.246597
vt 0.083055 0.257731
vt 0.083055 0.261807
vt 0.083055 0.231387
vt 0.083055 0.293522
vt 0.083055 0.210682
vt 0.083055 0.274427
vt 0.083055 0.189977
vt 0.083055 0.195525
vt 0.083055 0.255331
vt 0.083055 0.260448
vt 0.083055 0.200968
vt 0.083055 0.205044
vt 0.083055 0.216178
vt 0.874912 0.778785
vt 0.875203 0.778785
vt 0.875203 0.777655
vt 0.874912 0.777655
vt 0.873457 0.777621
vt 0.87433 0.777621
vt 0.873748 0.777621
vt 0.874039 0.778785
vt 0.873748 0.778785
vt 0.873166 0.778785
vt 0.872875 0.778785
vt 0.872875 0.777655
vt 0.519085 0.104749
vt 0.519085 0.220309
vt 0.519085 0.219287
vt 0.519085 0.102315
vt 0.519085 0.220684
vt 0.519085 0.343378
vt 0.519085 0.343733
vt 0.519085 0.108877
vt 0.519085 0.342409
vt 0.519085 0.217891
vt 0.519085 0.341085
vt 0.519085 0.216494
vt 0.519085 0.339761
vt 0.519085 0.215472
vt 0.519085 0.338792
vt 0.519085 0.338437
vt 0.519085 0.195824
vt 0.519085 0.194983
vt 0.519085 0.196132
vt 0.519085 0.191844
vt 0.519085 0.193834
vt 0.519085 0.192685
vt 0.519085 0.016219
vt 0.273748 0.107598
vt 0.269856 0.125916
vt 0.26694 0.139642
vt 0.266785 0.140373
vt 0.265391 0.146933
vt 0.264792 0.149754
vt 0.263467 0.15599
vt 0.506889 0.094706
vt 0.510001 0.080059
vt 0.509838 0.080826
vt 0.512094 0.070206
vt 0.511465 0.073169
vt 0.509909 0.080492
vt 0.512486 0.068361
vt 0.513486 0.063656
vt 0.51421 0.060246
vt 0.512503 0.068283
vt 0.264403 0.151584
vt 0.262777 0.159237
vt 0.262198 0.161964
vt 0.276111 0.096475
vt 0.503076 0.112653
vt 0.500833 0.123215
vt 0.498389 0.134716
vt 0.498441 0.134472
vt 0.68573 0.192518
vt 0.681756 0.211226
vt 0.689851 0.173122
vt 0.679876 0.220076
vt 0.677871 0.229514
vt 0.677758 0.230045
vt 0.685739 0.192477
vt 0.692104 0.162518
vt 0.692138 0.162359
vt 0.694824 0.149712
vt 0.694907 0.149323
vt 0.276068 0.096676
vt 0.27897 0.083016
vt 0.279078 0.082508
vt 0.4983 0.135137
vt 0.679892 0.219999
vt 0.677927 0.229248
vt 0.279124 0.082291
vt 0.514819 0.057381
vt 0.71489 0.182329
vt 0.28387 0.228382
vt 0.239497 0.141879
vt 0.714886 0.181804
vt 0.715125 0.182333
vt 0.715047 0.20013
vt 0.715046 0.199853
vt 0.714918 0.200001
vt 0.714917 0.199742
vt 0.284003 0.228168
vt 0.239624 0.141667
vt 0.288262 0.031017
vt 0.26638 0.137894
vt 0.288305 0.030746
vt 0.2395 0.142092
vt 0.239493 0.142092
vt 0.287962 0.031135
vt 0.714753 0.181473
vt 0.714777 0.198987
vt 0.714994 0.199004
vt 0.715018 0.181491
vt 0.715015 0.203475
vt 0.714691 0.196562
vt 0.714835 0.200623
vt 0.714849 0.183024
vt 0.715004 0.201015
vt 0.715016 0.183212
vt 0.714767 0.201012
vt 0.714631 0.178982
vt 0.714748 0.203179
vt 0.714665 0.1857
vt 0.715106 0.185701
vt 0.715079 0.196564
vt 0.71514 0.17898
vt 0.28775 0.031597
vt 0.875939 0.582853
vt 0.876059 0.582928
vt 0.87632 0.58376
vt 0.877489 0.922558
vt 0.87761 0.922632
vt 0.877493 0.922488
vt 0.877617 0.922485
vt 0.877489 0.92087
vt 0.87761 0.920968
vt 0.877853 0.921703
vt 0.875939 0.584689
vt 0.87606 0.584787
vt 0.877489 0.921458
vt 0.877489 0.921556
vt 0.87761 0.921458
vt 0.875939 0.583417
vt 0.875939 0.583515
vt 0.876059 0.583417
vt 0.875939 0.584151
vt 0.876064 0.584151
vt 0.877489 0.923024
vt 0.87761 0.923024
vt 0.875939 0.585081
vt 0.87606 0.585179
vt 0.877617 0.919941
vt 0.877493 0.919938
vt 0.877614 0.920332
vt 0.877489 0.920332
vt 0.876101 0.582389
vt 0.875939 0.582389
vt 0.259131 0.126439
vt 0.259131 0.17093
vt 0.259131 0.172504
vt 0.259131 0.163927
vt 0.259131 0.042447
vt 0.259131 0.119217
vt 0.259131 0.112214
vt 0.259131 0.11064
vt 0.259131 0.149224
vt 0.259131 0.019662

vn -0.7038104 0.2458398 -0.6664936
vn -0.6524812 0.4723585 -0.5925755
vn -0.870046 0.47413 -0.1349842
vn -0.9533294 0.2520222 -0.166276
vn -0.8652981 0.4876595 0.1159632
vn -0.9558984 -0.2475632 -0.158021
vn -0.695096 -0.2431534 -0.6765486
vn -0.6266733 -0.4782033 -0.6153066
vn -0.865298 -0.4876596 -0.1159636
vn -0.9533295 -0.2520223 0.1662755
vn -0.870046 -0.4741302 0.1349837
vn -0.9558985 0.2475631 0.1580205
vn -0.626673 0.4782032 0.6153069
vn -0.6950958 0.2431533 0.6765488
vn -0.7038102 -0.2458399 0.6664938
vn -0.652481 -0.4723587 0.5925756
vn -0.2146003 -0.4370592 -0.8734564
vn -0.2561606 -0.2332771 -0.9380637
vn -0.06103676 -0.4747013 -0.878028
vn -0.2562671 0.1589139 -0.9534535
vn -0.7133238 0.1430119 -0.686088
vn -0.6028834 0.5625548 -0.5657417
vn -0.2094915 0.6719103 -0.7103871
vn -0.07384695 0.1890189 -0.9791928
vn -0.04471266 0.7048311 -0.7079646
vn 0.04973298 0.7027221 -0.7097241
vn -0.07575352 -0.2503016 -0.9651997
vn 0.07672971 0.1946013 -0.9778767
vn 0.07187109 -0.2453382 -0.9667698
vn 0.05228424 -0.484983 -0.8729593
vn 0.2107589 -0.454594 -0.8654045
vn 0.2531693 0.1648186 -0.9532786
vn 0.2051902 0.6702518 -0.7132037
vn 0.6028833 0.5625549 -0.5657418
vn 0.7133238 0.1430119 -0.686088
vn 0.2554065 -0.2258999 -0.9400728
vn 0.6524796 -0.4723585 -0.5925772
vn 0.70381 -0.2458396 -0.6664941
vn 0.8700465 -0.4741288 -0.1349853
vn 0.9533298 -0.2520211 -0.166276
vn 0.8652989 -0.4876575 0.1159654
vn 0.9558986 0.2475622 -0.1580215
vn 0.695096 0.2431533 -0.6765487
vn 0.6266731 0.4782023 -0.6153076
vn 0.8652989 0.4876573 -0.1159659
vn 0.9533299 0.252021 0.1662756
vn 0.8700466 0.4741286 0.1349849
vn 0.9558987 -0.2475623 0.158021
vn 0.6266728 -0.4782024 0.6153077
vn 0.695096 -0.2431534 0.6765487
vn 0.7038102 0.2458395 0.6664941
vn 0.6524797 0.4723585 0.5925772
vn 0.2146 0.437059 -0.8734565
vn 0.2561605 0.2332771 -0.9380637
vn 0.06103667 0.4747013 -0.878028
vn 0.256267 -0.158914 -0.9534535
vn 0.7133237 -0.1430121 -0.6860881
vn 0.6028832 -0.562555 -0.5657417
vn 0.2094915 -0.6719106 -0.7103868
vn 0.07384688 -0.1890191 -0.9791927
vn 0.04471252 -0.7048315 -0.7079643
vn -0.04973302 -0.7027223 -0.7097239
vn 0.07575348 0.2503016 -0.9651997
vn -0.07672976 -0.1946013 -0.9778767
vn -0.07187116 0.2453382 -0.9667698
vn -0.05228438 0.4849827 -0.8729594
vn -0.210759 0.454594 -0.8654045
vn -0.2531694 -0.1648186 -0.9532785
vn -0.2051905 -0.6702521 -0.7132034
vn -0.6028833 -0.562555 -0.5657416
vn -0.7133239 -0.1430121 -0.6860879
vn -0.2554066 0.2258998 -0.9400728
vn 0.2145993 -0.4370591 0.8734566
vn 0.2561599 -0.2332772 0.9380639
vn 0.06103637 -0.4747014 0.878028
vn 0.2554057 0.2258998 0.940073
vn 0.2107578 0.454594 0.8654048
vn 0.07187076 0.2453382 0.9667698
vn 0.05228399 0.4849827 0.8729594
vn -0.06103633 0.4747013 0.878028
vn 0.07575314 -0.2503016 0.9651998
vn -0.07575316 0.2503017 0.9651997
vn -0.07187075 -0.2453383 0.9667698
vn -0.05228385 -0.4849831 0.8729592
vn -0.2107578 -0.454594 0.8654048
vn -0.2561597 0.2332771 0.938064
vn -0.2145991 0.4370589 0.8734568
vn -0.2554056 -0.2258998 0.940073
vn 0.9705575 -0.1807656 0.1591914
vn 0.7133238 -0.143012 0.686088
vn 0.602883 -0.5625556 0.5657414
vn 0.7115037 -0.6909434 0.1279054
vn 0.9705574 -0.1807656 -0.1591919
vn 0.7115038 -0.6909431 -0.1279058
vn -0.256266 -0.1589139 0.9534538
vn -0.7133236 -0.1430121 0.6860881
vn -0.6028829 -0.5625556 0.5657415
vn -0.2094907 -0.6719112 0.7103865
vn -0.07384658 -0.1890189 0.9791928
vn -0.04471241 -0.7048315 0.7079642
vn 0.04973277 -0.7027222 0.709724
vn 0.07672936 -0.1946011 0.9778768
vn 0.2531684 -0.1648186 0.9532789
vn 0.2051898 -0.6702526 0.7132031
vn -0.9705574 -0.1807656 -0.1591919
vn -0.7115038 -0.6909431 -0.1279058
vn -0.9705575 -0.1807656 0.1591914
vn -0.7115037 -0.6909434 0.1279054
vn 0.9705575 0.1807655 -0.1591919
vn 0.711504 0.690943 -0.1279057
vn 0.9705576 0.1807655 0.1591914
vn 0.7115039 0.6909432 0.1279052
vn 0.6028831 0.5625554 0.5657415
vn 0.7133238 0.1430119 0.6860881
vn 0.256266 0.1589138 0.9534538
vn 0.2094907 0.671911 0.7103867
vn 0.07384659 0.1890187 0.9791929
vn 0.04471254 0.7048311 0.7079646
vn -0.04973273 0.702722 0.7097242
vn -0.0767294 0.1946013 0.9778767
vn -0.2531684 0.1648185 0.9532789
vn -0.2051895 0.6702523 0.7132034
vn -0.6028831 0.5625553 0.5657415
vn -0.7133237 0.1430119 0.6860882
vn -0.9705576 0.1807655 0.1591914
vn -0.7115039 0.6909432 0.1279052
vn -0.9705575 0.1807655 -0.1591919
vn -0.711504 0.690943 -0.1279057
vn -0.01150158 -0.9801732 -0.1978084
vn -0.202126 -0.9616544 -0.1853805
vn -0.2032975 -0.961959 0.1824967
vn -0.009726699 -0.980746 0.1950454
vn 0.009726541 -0.980746 -0.1950454
vn 0.01150161 -0.9801733 0.1978081
vn 0.2032977 -0.9619589 -0.1824973
vn 0.2021259 -0.9616545 0.1853797
vn 0.01150157 0.9801732 -0.1978085
vn 0.2021261 0.9616543 -0.1853806
vn 0.2032976 0.9619589 0.1824968
vn 0.009726744 0.9807459 0.1950456
vn -0.009726586 0.9807459 -0.1950456
vn -0.0115016 0.9801732 0.1978084
vn -0.2032978 0.9619588 -0.1824974
vn -0.202126 0.9616545 0.1853799
vn -0.9558983 -0.2475786 -0.1579978
vn -0.9558985 0.2475783 0.1579973
vn 0.9558983 0.2475786 -0.1579978
vn 0.9558983 -0.2475786 0.1579978
vn -0.2032918 -0.961959 0.1825028
vn 0.203292 -0.9619588 -0.1825035
vn 0.2032916 0.9619591 0.1825025
vn -0.2032916 0.9619591 -0.1825025
vn -0.6853434 0.1869414 0.7038162
vn -0.6355284 0.365187 0.6802514
vn -0.147834 0.3729662 0.915992
vn -0.1754012 0.196038 0.9647816
vn 0.1278582 0.3848004 0.9141012
vn -0.1662425 -0.192411 0.9671305
vn -0.6958423 -0.184467 0.6941004
vn -0.658329 -0.3703059 0.6553445
vn -0.1278581 -0.384801 0.9141009
vn 0.1754012 -0.1960375 0.9647817
vn 0.1478341 -0.3729653 0.9159923
vn 0.1662426 0.1924106 0.9671306
vn 0.6583356 0.3703021 0.65534
vn 0.6958414 0.1844659 0.6941017
vn 0.6853403 -0.1869395 0.7038198
vn 0.6355291 -0.365187 0.6802508
vn -0.9193529 -0.3287364 0.2161541
vn -0.9527712 -0.1739799 0.2489138
vn -0.9310122 -0.3597234 0.06176782
vn -0.9619755 0.1160392 0.2472613
vn -0.6997945 0.1059522 0.706443
vn -0.611308 0.4731206 0.6343969
vn -0.7823644 0.579965 0.2270388
vn -0.9877726 0.1387282 0.07113276
vn -0.7868716 0.6153052 0.04724986
vn -0.7871544 0.6145232 -0.05243255
vn -0.9795315 -0.1873779 0.07353687
vn -0.9869433 0.1430201 -0.07408218
vn -0.9805856 -0.1833564 -0.0695149
vn -0.9281346 -0.3684304 -0.05315293
vn -0.9147272 -0.3433787 -0.2129914
vn -0.9621906 0.1205686 -0.2442386
vn -0.7839139 0.5797247 -0.2222577
vn -0.611307 0.473121 -0.6343975
vn -0.6997944 0.1059488 -0.7064436
vn -0.9540803 -0.1680165 -0.2479944
vn -0.6355287 -0.3651819 -0.6802539
vn -0.6853428 -0.1869379 -0.7038178
vn -0.1478362 -0.3729641 -0.9159925
vn -0.1754054 -0.1960375 -0.9647809
vn 0.1278581 -0.3848011 -0.9141008
vn -0.1662458 0.1924102 -0.9671301
vn -0.6958438 0.1844636 -0.6940999
vn -0.6583341 0.3702999 -0.6553428
vn -0.1278582 0.3848004 -0.9141012
vn 0.1754053 0.196038 -0.9647809
vn 0.1478361 0.3729649 -0.9159922
vn 0.1662457 -0.1924106 -0.96713
vn 0.6583328 -0.3703036 -0.655342
vn 0.695846 -0.1844652 -0.6940972
vn 0.6853458 0.1869397 -0.7038143
vn 0.6355298 0.3651839 -0.6802519
vn -0.919354 0.3287345 -0.2161525
vn -0.9527701 0.1739806 -0.2489176
vn -0.9310119 0.3597248 -0.06176627
vn -0.9619743 -0.1160417 -0.2472645
vn -0.6997945 -0.1059489 -0.7064436
vn -0.611307 -0.473121 -0.6343975
vn -0.7823643 -0.5799652 -0.2270382
vn -0.9877723 -0.1387291 -0.07113314
vn -0.7868716 -0.6153052 -0.04725113
vn -0.7871565 -0.6145205 0.05243145
vn -0.9795309 0.1873807 -0.0735366
vn -0.9869433 -0.1430201 0.07408243
vn -0.9805856 0.1833557 0.06951579
vn -0.9281365 0.3684252 0.05315575
vn -0.9147268 0.3433773 0.2129951
vn -0.9621918 -0.120567 0.2442347
vn -0.7839152 -0.5797225 0.2222585
vn -0.611308 -0.4731206 0.6343969
vn -0.6997945 -0.1059522 0.706443
vn -0.9540809 0.1680171 0.2479916
vn 0.9193534 -0.3287358 -0.2161529
vn 0.9527712 -0.17398 -0.2489138
vn 0.9310122 -0.3597236 -0.06176779
vn 0.9540811 0.1680169 -0.247991
vn 0.9147273 0.3433773 -0.2129927
vn 0.9805856 0.1833557 -0.06951579
vn 0.9281365 0.3684252 -0.05315576
vn 0.9310112 0.3597262 0.06176756
vn 0.9795315 -0.187378 -0.07353684
vn 0.9795309 0.1873807 0.07353657
vn 0.9805854 -0.1833571 0.06951556
vn 0.9281344 -0.3684304 0.05315565
vn 0.9147266 -0.3433825 0.2129876
vn 0.9527696 0.1739826 0.2489182
vn 0.9193527 0.3287383 0.2161524
vn 0.9540802 -0.1680188 0.2479931
vn 0.1663879 -0.1380571 -0.9763479
vn 0.6997978 -0.1059488 -0.7064403
vn 0.6113083 -0.4731212 -0.6343962
vn 0.1504506 -0.6090494 -0.7787319
vn -0.1663879 -0.1380571 -0.9763479
vn -0.1504506 -0.6090488 -0.7787324
vn 0.9619741 -0.1160421 0.2472649
vn 0.6997912 -0.1059523 0.7064463
vn 0.6113067 -0.4731205 0.6343983
vn 0.782364 -0.5799649 0.2270404
vn 0.9877723 -0.1387291 0.07113316
vn 0.7868716 -0.6153052 0.04725118
vn 0.7871565 -0.6145205 -0.0524314
vn 0.9869433 -0.1430201 -0.07408241
vn 0.9621919 -0.1205666 -0.2442342
vn 0.7839155 -0.5797228 -0.2222563
vn -0.1663857 -0.1380553 0.9763486
vn -0.1504546 -0.609046 0.7787338
vn 0.1663857 -0.1380553 0.9763486
vn 0.1504546 -0.6090454 0.7787343
vn -0.1663879 0.1380571 -0.9763479
vn -0.1504506 0.6090488 -0.7787324
vn 0.1663879 0.1380571 -0.9763479
vn 0.1504506 0.6090494 -0.7787319
vn 0.6113083 0.4731212 -0.6343962
vn 0.6997977 0.1059488 -0.7064403
vn 0.9619756 0.1160388 -0.2472609
vn 0.7823647 0.5799652 -0.2270367
vn 0.9877726 0.1387282 -0.07113276
vn 0.7868716 0.6153052 -0.0472499
vn 0.7871544 0.6145232 0.05243251
vn 0.9869433 0.1430201 0.07408217
vn 0.9621904 0.120569 0.244239
vn 0.7839135 0.5797243 0.2222598
vn 0.6113067 0.4731205 0.6343983
vn 0.6997912 0.1059523 0.7064463
vn 0.1663857 0.1380553 0.9763486
vn 0.1504546 0.6090454 0.7787343
vn -0.1663857 0.1380553 0.9763486
vn -0.1504546 0.609046 0.7787338
vn -0.2628831 -0.9647172 0.01460013
vn -0.2449543 -0.9346252 0.2578238
vn 0.2414282 -0.9351566 0.2592191
vn 0.2595941 -0.9656383 0.01238604
vn -0.2595941 -0.9656383 -0.01238596
vn 0.2628831 -0.9647172 -0.01460004
vn -0.2414275 -0.935157 -0.2592184
vn 0.2449537 -0.9346256 -0.2578231
vn -0.2628832 0.9647172 -0.01460006
vn -0.2449557 0.934625 -0.2578231
vn 0.2414268 0.9351572 -0.2592179
vn 0.2595965 0.9656377 -0.01238685
vn -0.2595965 0.9656377 0.0123868
vn 0.2628832 0.9647172 0.0146
vn -0.2414275 0.9351569 0.2592185
vn 0.2449563 0.9346247 0.2578237
vn -0.350893 0.9247075 0.1476149
vn -0.5243044 0.8515309 5.714274E-06
vn -0.4645368 0.8637208 -0.1954278
vn -0.1684909 0.9623502 -0.2132905
vn -0.2116596 0.9399008 0.2679304
vn 2.294244E-06 0.9484853 0.3168213
vn -2.43365E-06 0.9484857 -0.3168199
vn 0.1684937 0.9623501 -0.2132889
vn 0.2116567 0.9399009 0.2679325
vn 0.3508839 0.924711 0.1476145
vn 0.5272638 0.5117782 0.678289
vn 0.8167927 0.46085 0.3470834
vn 0.5243047 0.8515307 -5.676504E-06
vn 0.8977768 0.4404505 -2.570275E-06
vn 0.464549 0.8637139 -0.195429
vn 0.8167906 0.4608596 -0.3470758
vn 0.5272593 0.511781 -0.6782904
vn 0.8977764 -0.4404516 3.016423E-06
vn 0.5243034 -0.8515316 6.065007E-06
vn 0.464548 -0.8637146 0.1954281
vn 0.8167899 -0.4608609 0.3470755
vn 0.1684934 -0.9623501 0.2132888
vn 0.5272592 -0.5117887 0.6782846
vn -2.421701E-06 -0.9484856 0.3168204
vn -1.325221E-06 -0.5444987 0.8387617
vn -0.1684909 -0.9623502 0.2132906
vn -0.5272577 -0.5117888 0.6782857
vn 0.9159299 0.08490202 0.3922551
vn 0.9968477 0.07933926 -2.586796E-07
vn 0.9159334 0.08489747 -0.3922481
vn 0.9159356 -0.08490095 -0.3922419
vn 0.9968476 -0.07933936 3.005248E-07
vn 0.9159344 -0.08490101 0.3922449
vn 0.8167924 -0.4608541 -0.3470789
vn 0.6061323 -0.09990177 0.7890648
vn 0.6061316 0.09989596 0.7890661
vn -1.678733E-07 -0.1101868 0.9939109
vn -0.6061311 -0.09990359 0.7890655
vn -0.6061309 0.09990323 0.7890657
vn 3.565314E-06 0.1101852 0.9939111
vn 1.03947E-06 0.5444977 0.8387623
vn -0.5272597 0.5117875 0.6782852
vn -0.8167905 0.4608595 0.3470761
vn -0.8977767 0.4404508 2.771634E-06
vn -0.8167918 -0.4608546 0.3470794
vn -0.9159353 -0.08490128 0.3922426
vn -0.9159356 0.08490134 0.392242
vn -0.8977762 -0.4404519 -2.538691E-06
vn -0.9968477 -0.07933927 -2.320509E-07
vn -0.81679 -0.4608606 -0.3470758
vn -0.9159358 -0.08490089 -0.3922417
vn -0.9159355 0.08490095 -0.3922422
vn -0.9968476 0.07933933 2.548755E-07
vn -0.8167928 0.4608531 -0.3470792
vn -0.5272582 0.5117882 -0.6782859
vn 4.141325E-07 0.5444964 -0.8387632
vn -0.5272592 -0.5117893 -0.6782842
vn -0.6061308 -0.09990229 -0.7890659
vn -0.6061308 0.09990288 -0.7890658
vn -0.211658 -0.9399016 -0.2679288
vn -0.3508914 -0.9247081 -0.1476148
vn 2.310174E-06 -0.9484861 -0.3168187
vn 0.2116543 -0.9399018 -0.267931
vn 0.3508821 -0.9247118 -0.147614
vn -0.524303 -0.8515317 -5.488424E-06
vn -0.4645359 -0.8637213 0.1954276
vn 1.271385E-06 -0.5444989 -0.8387616
vn 1.838613E-06 -0.1101849 -0.9939111
vn 0.5272576 -0.5117893 -0.6782855
vn 0.606128 -0.09990169 -0.7890682
vn 0.6061232 0.09989267 -0.7890729
vn 6.746921E-06 0.1101851 -0.9939111
vn 7.714201E-06 0.9939109 0.1101867
vn -0.6061307 0.789066 -0.09990219
vn 5.675724E-06 0.9939111 -0.1101846
vn -0.6061316 0.7890651 0.09990336
vn -0.5272589 0.6782865 0.5117866
vn 1.399766E-06 0.8387631 0.5444965
vn -0.8167929 0.3470796 0.4608526
vn -0.9159353 0.3922427 0.08490174
vn -0.3508844 0.1476151 0.9247108
vn -0.2811576 0.3559144 0.8912212
vn -2.322209E-06 0.4217204 0.9067259
vn -0.9159358 0.3922417 -0.0849003
vn -0.9968477 2.358549E-07 -0.07933887
vn -0.8167893 0.3470752 -0.4608623
vn -0.8977763 2.921667E-06 -0.4404517
vn -0.9159353 -0.3922426 -0.08490078
vn -0.8167925 -0.3470792 -0.4608536
vn -0.9968476 -7.608224E-08 0.07933948
vn -0.9159357 -0.3922417 0.08490144
vn -0.816791 -0.3470756 0.4608589
vn -0.8977773 -2.499207E-06 0.4404496
vn 4.396685E-06 -0.9939112 0.1101837
vn 0.6061308 -0.7890667 0.09989552
vn 0.6061323 -0.789065 -0.09990042
vn 6.874814E-07 -0.9939111 -0.110185
vn -1.085026E-06 -0.8387627 -0.5444972
vn 0.5272596 -0.6782854 -0.5117873
vn 0.9159341 -0.3922455 -0.0849006
vn -3.239428E-06 -0.421719 -0.9067265
vn 0.8167894 -0.347075 -0.4608622
vn 0.2116589 -0.2679281 -0.9399016
vn 0.2793518 -0.1175169 -0.9529703
vn 0.9159298 -0.3922554 0.08490204
vn 0.9968476 -1.217316E-07 -0.07933996
vn 0.8977751 -2.712413E-06 -0.4404543
vn 0.9159301 0.3922547 -0.08490171
vn 0.8167915 0.3470825 -0.4608529
vn 0.9968476 6.12462E-07 0.0793395
vn 0.9159317 0.3922518 0.0848977
vn 0.8167909 0.3470763 0.4608586
vn 0.8977771 2.99668E-06 0.44045
vn 0.8167933 -0.3470837 0.4608487
vn -0.2811568 -0.3559126 -0.8912223
vn -0.2793442 -0.1175178 -0.9529724
vn -0.3965816 5.571195E-06 -0.9179994
vn 0.3965804 -4.01207E-06 -0.918
vn -0.3508897 0.1476155 -0.9247086
vn 0.3508801 0.1476132 -0.9247127
vn -0.2116567 0.2679273 -0.9399024
vn 0.2811533 0.3559099 -0.8912245
vn 3.647666E-06 0.4217157 -0.9067281
vn 0.5272596 0.6782913 0.5117795
vn 0.6061249 0.7890717 0.09989209
vn 0.6061285 0.7890686 -0.09989411
vn 0.527261 0.678288 -0.5117824
vn 1.014623E-06 0.8387605 -0.5445005
vn 0.2116593 0.2679318 0.9399005
vn 0.3508938 0.1476158 0.9247071
vn 0.3965842 4.367166E-06 0.9179984
vn 0.2793467 -0.1175193 0.9529715
vn -0.5272577 0.6782842 -0.5117908
vn -0.3965843 -4.26513E-06 0.9179983
vn -0.2793536 -0.1175196 0.9529694
vn -0.2116599 -0.2679314 0.9399005
vn -0.5272599 -0.6782858 0.5117863
vn 3.239431E-06 -0.4217217 0.9067253
vn 1.5737E-06 -0.8387638 0.5444955
vn -0.5272589 -0.6782862 -0.5117871
vn -0.6061303 -0.7890663 0.09990236
vn -0.6061315 -0.7890654 -0.09990171
vn 0.2811582 -0.3559148 0.8912209
vn 0.5272639 -0.6782901 0.5117767
vn 0.7859209 0 -0.6183271
vn 1 0 -4.040468E-07
vn 0.9999997 -0.0005669311 0.0005175605
vn 0.7852851 0.07420897 -0.6146709
vn -0.01184299 -0.9706928 0.240032
vn 1.722386E-07 -1 -2.786629E-08
vn 0.7859199 -0.6183283 -1.770671E-07
vn 0.7860214 -0.6036381 0.1333842
vn -0.008109041 -0.7956081 0.6057573
vn 0.7872916 -0.5106509 0.345554
vn 0.002349375 -0.4994771 0.8663239
vn 0.7862286 -0.306263 0.5367006
vn -0.785384 0.6135907 -0.081721
vn -0.7859197 0.6183286 1.77067E-07
vn -1 4.351272E-07 1.922828E-07
vn -0.9999985 -0.001134391 0.001337684
vn -0.7859198 -0.6183284 1.511189E-07
vn -0.7894587 0.5248528 -0.3182524
vn -0.7855244 -0.6082892 0.1137352
vn -0.9999946 0.0004776439 0.003257429
vn -0.785018 -0.5019293 0.3630617
vn -0.7879941 0.2938146 -0.5410529
vn -0.9999999 -0.0004540888 -0.000274659
vn -0.7851163 0.07499892 -0.6147906
vn -0.9999996 -0.0007595007 -0.0004082521
vn -0.7859209 0 -0.6183271
vn -0.7859201 0 0.618328
vn -0.7853183 -0.08788851 0.6128219
vn 0.0009066974 0.9914267 -0.1306606
vn 1.722386E-07 1 2.786619E-08
vn 0.7850973 0.613734 -0.08338346
vn 0.7859198 0.6183285 -1.511189E-07
vn 0.789196 0.5258622 -0.317236
vn 0.001400384 0.8574651 -0.5145402
vn 0.7859209 0 0.618327
vn -3.100303E-07 0 1
vn 0.002268251 -0.1464962 0.9892086
vn 0.7851509 -0.08392806 0.6135911
vn 0.9999996 -0.0008080846 0.0002816138
vn 0.9999978 0.002091145 0.0001785952
vn 0.9999939 0.001397359 0.003194224
vn 0 0 -1
vn -0.0004888399 0.11906 -0.9928869
vn -5.481625E-05 0.4764847 -0.8791828
vn 0.78795 0.2946397 -0.5406684
vn -0.7868927 -0.3024106 0.5379106
vn -0.9999997 -0.000566791 -0.0005178015
vn -0.7852856 0.07420918 0.6146702
vn -0.7879509 0.2946396 0.5406671
vn -0.7891966 0.5258616 0.3172354
vn -0.9999978 0.002091831 -0.0001782055
vn -0.7850974 0.6137338 0.08338372
vn -0.9999939 0.001397717 -0.003194224
vn 0.01184211 -0.9706926 -0.2400325
vn -0.7860216 -0.6036376 -0.1333848
vn 0.008108511 -0.7956075 -0.6057581
vn -0.7872914 -0.5106505 -0.3455552
vn 0.7853839 0.6135909 0.0817211
vn 0.9999985 -0.001134048 -0.001337689
vn 0.7894588 0.5248524 0.3182526
vn 0.7855245 -0.6082888 -0.1137362
vn 0.9999946 0.0004781619 -0.003256891
vn 0.7850175 -0.5019294 -0.3630625
vn 0.9999999 -0.0004532974 0.0002761709
vn 0.7868934 -0.30241 -0.5379099
vn 0.7853191 -0.08788837 -0.6128209
vn 0.7851164 0.07499919 0.6147906
vn -0.0009073466 0.9914267 0.1306606
vn -0.001400918 0.8574651 0.5145402
vn 5.497518E-05 0.4764847 0.8791827
vn -0.00226858 -0.1464967 -0.9892086
vn -0.7851513 -0.08392899 -0.6135905
vn -0.7862287 -0.3062635 -0.5367002
vn -0.002348769 -0.4994767 -0.8663242
vn 0.0004887879 0.1190602 0.9928869
vn 0.7879941 0.2938147 0.5410528
vn -0.6931583 0.2505852 -0.6758243
vn -0.6407671 0.4807955 -0.5985426
vn -0.8609017 0.4893644 -0.1391788
vn -0.9499161 0.2606129 -0.1724534
vn -0.8558894 0.5031563 0.1195279
vn -0.9526247 -0.2561412 -0.1640054
vn -0.684343 -0.2476138 -0.6858295
vn -0.6144172 -0.4864431 -0.6211801
vn -0.8558895 -0.503156 -0.1195291
vn -0.9499161 -0.2606131 0.1724534
vn -0.8609019 -0.4893643 0.1391782
vn -0.9526248 0.2561412 0.1640051
vn -0.614416 0.4864419 0.6211821
vn -0.6843427 0.2476131 0.6858301
vn -0.6931586 -0.2505845 0.6758243
vn -0.6407673 -0.4807949 0.5985428
vn -0.2062991 -0.4378634 -0.8750522
vn -0.2464596 -0.2338002 -0.9405292
vn -0.05854096 -0.4747714 -0.8781601
vn -0.2465365 0.1592498 -0.9559599
vn -0.7031004 0.1460203 -0.6959367
vn -0.5908473 0.5692211 -0.5717403
vn -0.2013371 0.6730288 -0.7116851
vn -0.07084154 0.1890457 -0.9794096
vn -0.04287956 0.7048517 -0.7080575
vn 0.04769936 0.7027444 -0.7098417
vn -0.07267136 -0.2503458 -0.9654253
vn 0.07360968 0.194641 -0.9781086
vn 0.06894449 -0.2453643 -0.9669762
vn 0.05013857 -0.4850376 -0.8730548
vn 0.2025324 -0.4553935 -0.8669472
vn 0.2435556 0.1651416 -0.9557243
vn 0.1972019 0.6713275 -0.7144445
vn 0.5908473 0.5692212 -0.5717401
vn 0.7031025 0.1460219 -0.6959342
vn 0.2457042 -0.2263904 -0.9425374
vn 0.6407695 -0.4807952 -0.5985402
vn 0.6931607 -0.250585 -0.6758221
vn 0.8609022 -0.4893642 -0.1391761
vn 0.9499166 -0.2606129 -0.172451
vn 0.85589 -0.5031561 0.1195249
vn 0.9526252 0.2561411 -0.1640028
vn 0.6843451 0.2476135 -0.6858274
vn 0.614419 0.4864427 -0.6211785
vn 0.8558899 0.5031561 -0.1195261
vn 0.9499168 0.2606129 0.1724499
vn 0.8609025 0.4893641 0.1391751
vn 0.9526255 -0.2561411 0.1640016
vn 0.6144197 -0.486443 0.6211777
vn 0.6843442 -0.2476132 0.6858285
vn 0.6931591 0.250585 0.6758237
vn 0.6407695 0.480794 0.5985411
vn 0.2062996 0.4378626 -0.8750525
vn 0.2464605 0.2338 -0.940529
vn 0.05854101 0.4747713 -0.8781601
vn 0.2465372 -0.1592514 -0.9559594
vn 0.7031025 -0.1460219 -0.6959343
vn 0.5908473 -0.5692212 -0.5717401
vn 0.2013374 -0.6730291 -0.7116847
vn 0.07084186 -0.1890461 -0.9794095
vn 0.04288035 -0.7048515 -0.7080576
vn -0.04769883 -0.7027446 -0.7098414
vn 0.07267147 0.2503458 -0.9654252
vn -0.07360956 -0.1946411 -0.9781086
vn -0.0689444 0.2453644 -0.9669762
vn -0.0501386 0.4850376 -0.8730548
vn -0.2025322 0.455394 -0.866947
vn -0.2435547 -0.1651405 -0.9557247
vn -0.1972015 -0.6713269 -0.7144451
vn -0.5908473 -0.5692211 -0.5717403
vn -0.7031004 -0.1460203 -0.6959367
vn -0.2457034 0.2263907 -0.9425375
vn 0.2062967 -0.4378593 0.8750548
vn 0.246457 -0.2337982 0.9405304
vn 0.05854028 -0.4747696 0.8781611
vn 0.2457018 0.2263883 0.9425386
vn 0.2025319 0.4553903 0.866949
vn 0.06894419 0.2453634 0.9669765
vn 0.0501369 0.4850376 0.8730549
vn -0.05854134 0.4747703 0.8781606
vn 0.07267161 -0.2503458 0.9654252
vn -0.07267126 0.2503446 0.9654256
vn -0.06894451 -0.2453638 0.9669763
vn -0.05013943 -0.4850354 0.8730559
vn -0.2025302 -0.4553933 0.8669478
vn -0.2464599 0.2337999 0.9405292
vn -0.206299 0.4378625 0.8750527
vn -0.2457028 -0.2263905 0.9425378
vn 0.9682116 -0.1876498 0.16539
vn 0.703101 -0.1460219 0.6959358
vn 0.5908471 -0.5692211 0.5717404
vn 0.70045 -0.701653 0.1305866
vn 0.9682114 -0.1876498 -0.165391
vn 0.70045 -0.7016528 -0.1305875
vn -0.2465365 -0.1592498 0.9559599
vn -0.7031004 -0.1460203 0.6959366
vn -0.5908472 -0.5692213 0.57174
vn -0.2013375 -0.673029 0.7116848
vn -0.07084163 -0.1890448 0.9794098
vn -0.04288028 -0.7048507 0.7080585
vn 0.04769864 -0.7027434 0.7098426
vn 0.07360982 -0.194641 0.9781086
vn 0.2435526 -0.1651397 0.9557254
vn 0.1972008 -0.6713259 0.7144462
vn -0.9682107 -0.187652 -0.1653925
vn -0.7004484 -0.7016547 -0.1305857
vn -0.9682108 -0.187652 0.1653925
vn -0.7004483 -0.7016549 0.1305857
vn 0.9682114 0.1876498 -0.165391
vn 0.70045 0.7016528 -0.1305876
vn 0.9682116 0.1876498 0.16539
vn 0.70045 0.701653 0.1305865
vn 0.590847 0.5692211 0.5717404
vn 0.7031009 0.1460219 0.6959358
vn 0.2465346 0.1592486 0.9559606
vn 0.2013365 0.6730285 0.7116855
vn 0.07084159 0.1890448 0.9794098
vn 0.04287925 0.7048517 0.7080575
vn -0.04769921 0.7027439 0.709842
vn -0.07360946 0.1946393 0.9781089
vn -0.2435549 0.16514 0.9557247
vn -0.1972022 0.6713272 0.7144446
vn -0.5908471 0.5692214 0.57174
vn -0.7031004 0.1460203 0.6959367
vn -0.9682108 0.1876519 0.1653925
vn -0.7004483 0.7016549 0.1305857
vn -0.9682108 0.1876519 -0.1653925
vn -0.7004484 0.7016547 -0.1305857
vn -0.0110269 -0.9801775 -0.1978143
vn -0.1946037 -0.9631698 -0.1855625
vn -0.1957282 -0.9634916 0.1826869
vn -0.009325327 -0.980749 0.1950498
vn 0.009325197 -0.9807489 -0.1950504
vn 0.01102694 -0.9801775 0.1978144
vn 0.1957276 -0.9634915 -0.182688
vn 0.194603 -0.96317 0.185562
vn 0.01102714 0.9801774 -0.1978148
vn 0.1946031 0.9631697 -0.1855634
vn 0.1957272 0.9634917 0.1826871
vn 0.00932523 0.9807489 0.1950504
vn -0.009324979 0.980749 -0.1950498
vn -0.01102714 0.9801775 0.1978142
vn -0.1957281 0.9634915 -0.1826872
vn -0.1946039 0.9631699 0.1855619
vn 0.9192281 0.00558794 0.3936858
vn 0.6026189 0.1818782 0.7770268
vn 0.9116063 0.1452632 0.3845422
vn 0.6088805 0.01135155 0.7931808
vn 0.9113408 -0.1315385 0.3900712
vn -6.384871E-05 0.2045052 0.9788654
vn 0.4837847 0.6426489 0.5940999
vn -2.503317E-08 0.6794894 0.7336853
vn -0.6026679 0.1818138 0.7770039
vn -0.4837868 0.6426444 0.5941031
vn -6.304225E-05 0.01434547 0.9998971
vn -0.6089224 0.01141826 0.7931476
vn 0.6022327 -0.1542379 0.7832793
vn 8.013436E-09 -0.1697309 0.9854904
vn -0.6022331 -0.1542366 0.7832793
vn -0.4837855 -0.6170875 0.6206083
vn 4.464246E-07 -0.6480255 0.7616187
vn 0.4837869 -0.6170833 0.6206114
vn 0.7578399 -0.567852 0.321283
vn -0.7578385 -0.5678538 0.3212829
vn -0.9113408 -0.1315388 0.3900711
vn -0.8366642 -0.5477162 1.20463E-07
vn -0.9923967 -0.1230802 2.820342E-07
vn -0.9192247 0.00568631 0.3936922
vn -0.9116148 0.1451674 0.3845581
vn -0.7578396 0.5808645 0.2971119
vn -0.9924135 0.1228409 -0.005053461
vn -0.8366632 0.5472329 -0.02304048
vn -0.9110942 0.1173627 -0.3951372
vn -0.7578387 0.553836 -0.3448858
vn -0.9191377 -0.005844303 -0.3938932
vn -0.9113409 -0.131538 -0.3900713
vn -0.75784 -0.5678518 -0.3212832
vn -0.4837874 -0.617083 -0.6206113
vn -0.6022331 -0.1542376 -0.7832791
vn -1.877488E-07 -0.6480246 -0.7616194
vn 3.285509E-07 -0.1697298 -0.9854906
vn -0.608757 -0.01179095 -0.7932691
vn -0.6018437 0.1259602 -0.7886179
vn -0.4837855 0.5904349 -0.6460171
vn 0.4837857 -0.6170871 -0.6206084
vn 0.6022329 -0.1542364 -0.7832794
vn 0.7578387 -0.5678535 -0.3212831
vn 0.9113408 -0.1315383 -0.3900711
vn 0.9191289 -0.005922875 -0.3939124
vn 0.6087227 -0.01183806 -0.7932947
vn 0.9110762 0.1174386 -0.395156
vn -3.537999E-05 -0.01489136 -0.9998891
vn 0.6018049 0.1260043 -0.7886404
vn -3.599719E-05 0.1341988 -0.9909545
vn 3.003979E-07 0.6154122 -0.7882054
vn 0.483787 0.5904305 -0.6460201
vn 0.7578399 0.5538344 -0.3448857
vn 0.8366643 -0.5477161 9.837812E-08
vn 0.9923967 -0.1230803 -2.51544E-07
vn 0.9924017 0.122936 -0.005074854
vn 0.8366635 0.5472324 -0.02304027
vn 0.757838 0.5808671 0.2971112
vn 0.1636921 0.9726655 0.1647019
vn 0.2757992 0.9582839 0.07501177
vn 8.224707E-08 0.9798602 0.1996845
vn 0.1084292 0.9781453 -0.1774115
vn 0.4168315 0.9081791 -0.03823911
vn 0.3662734 0.9105819 -0.1915319
vn -1.75536E-07 0.9596074 -0.2813428
vn -0.1636856 0.972667 0.1646998
vn -0.163692 0.9553788 -0.2458788
vn -0.2757995 0.9582842 0.07500672
vn -0.3662738 0.9105803 -0.1915386
vn -0.4168319 0.908179 -0.03823519
vn 0.130576 -0.9777952 0.1639096
vn 0.3662733 -0.9178329 0.153058
vn 0.4168324 -0.9089833 2.380289E-06
vn 0.2758002 -0.9542799 -0.1152567
vn 0.1305817 -0.9777943 -0.1639107
vn 9.054476E-07 -0.970593 0.2407263
vn -8.630292E-07 -0.9705931 -0.2407262
vn -0.1636923 -0.9648761 0.2054725
vn -0.1636851 -0.9648777 -0.2054706
vn -0.2758003 -0.9542799 0.1152567
vn -0.3662727 -0.9178331 -0.1530575
vn -0.4168324 -0.9089833 -2.238804E-06
vn -0.9192281 0.005587999 -0.3936856
vn -0.6026195 0.181877 -0.7770267
vn -0.9116061 0.1452631 -0.3845425
vn -0.608881 0.01135158 -0.7931803
vn 6.342361E-05 0.2045049 -0.9788656
vn -0.4837854 0.642648 -0.5941003
vn -2.294707E-07 0.6794891 -0.7336856
vn 0.6026673 0.181813 -0.7770046
vn 0.4837865 0.6426439 -0.5941039
vn 6.242108E-05 0.01434547 -0.9998971
vn 0.6089221 0.01141824 -0.7931479
vn 0.9192246 0.005686251 -0.3936925
vn 0.9116146 0.1451672 -0.3845586
vn 0.7578391 0.5808653 -0.2971117
vn 0.9924135 0.1228408 0.005053411
vn 0.836663 0.5472331 0.02304043
vn 0.9110941 0.1173633 0.3951373
vn 0.7578381 0.5538366 0.3448859
vn 0.9191378 -0.005844306 0.3938927
vn 0.6087574 -0.01179093 0.7932689
vn 0.6018436 0.1259617 0.7886177
vn 0.4837859 0.5904347 0.6460171
vn -0.919129 -0.005922956 0.3939121
vn -0.6087223 -0.01183797 0.793295
vn -0.9110761 0.1174385 0.3951563
vn 3.609618E-05 -0.01489129 0.9998891
vn -0.6018041 0.1260046 0.788641
vn 3.626941E-05 0.1341992 0.9909544
vn 4.589412E-07 0.615412 0.7882056
vn -0.4837865 0.5904305 0.6460205
vn -0.7578392 0.553835 0.3448862
vn -0.9924017 0.1229359 0.00507488
vn -0.836663 0.5472332 0.02304031
vn -0.757838 0.5808671 -0.2971113
vn -0.1636921 0.9726655 -0.1647019
vn -0.275799 0.958284 -0.07501171
vn -2.292856E-07 0.9798603 -0.1996844
vn -0.108429 0.9781453 0.1774115
vn -0.4168304 0.9081796 0.03823913
vn -0.3662724 0.9105823 0.1915317
vn 1.75536E-07 0.9596074 0.2813428
vn 0.1636851 0.9726671 -0.1646992
vn 0.163693 0.9553784 0.2458795
vn 0.2757988 0.9582845 -0.07500628
vn 0.366274 0.9105802 0.191539
vn 0.4168318 0.9081791 0.03823499
vn -0.130576 -0.9777953 -0.1639093
vn -0.1305813 -0.9777944 0.1639105
vn 0.1636925 -0.964876 -0.2054726
vn 0.1636854 -0.9648776 0.2054709
vn 0.6087096 0.006157455 -0.7933692
vn 0.906929 0.1553887 -0.391579
vn 0.595039 0.1700662 -0.7854974
vn 0.9191262 0.009398775 -0.3938511
vn 0.988846 0.1489414 2.994746E-05
vn 0.7323151 0.598428 -0.3249592
vn 0.8137839 0.5811675 -2.169822E-06
vn 0.9069024 0.1553295 0.3916642
vn 0.732312 0.5984296 0.3249636
vn 0.9999474 0.01026031 3.520013E-05
vn 0.9190936 0.009458032 0.3939257
vn 0.6086462 0.006273664 0.793417
vn 0.5949923 0.1699598 0.7855558
vn 0.4510559 0.6368102 0.625317
vn -0.009208049 0.1694161 0.9855016
vn -0.03718568 0.6471705 0.7614378
vn -0.6088126 0.1379973 0.7812195
vn -0.5150315 0.5962154 0.6158487
vn -0.608885 -0.006448529 0.7932322
vn -0.9191513 -0.009758867 0.3937837
vn -0.9150771 0.1074252 0.3887077
vn -0.78153 0.5368922 0.3177385
vn -0.6089641 -0.006543358 -0.7931708
vn -0.9191711 -0.009802277 -0.3937365
vn -0.6088926 0.138092 -0.7811405
vn -0.9999434 -0.01063975 2.361595E-05
vn -0.91509 0.1074755 -0.3886635
vn -0.9952887 0.09695506 2.585885E-05
vn -0.8577436 0.5140778 4.30275E-06
vn -0.7815374 0.5368721 -0.317754
vn -0.5150425 0.5962055 -0.6158492
vn -0.000239872 -0.0001878637 -0.9999999
vn -0.009244666 0.1695334 -0.9854811
vn -0.03718224 0.6471711 -0.7614375
vn 0.4510507 0.6368129 -0.625318
vn 0.2227852 0.9678548 -0.1167212
vn 0.1080703 0.9723625 -0.2069593
vn 0.2623689 0.9649677 -9.527565E-08
vn -0.2372695 0.968521 -0.07530145
vn -0.05519501 0.9456361 -0.3205088
vn -0.270215 0.9238299 -0.2711498
vn -0.3644472 0.931224 8.585101E-06
vn 0.2227876 0.9678541 0.1167226
vn -0.3274191 0.9380117 0.1137137
vn 0.1080715 0.9723624 0.2069587
vn -0.2702143 0.9238298 0.2711507
vn -0.05519678 0.945636 0.3205086
vn 0.2199997 -0.9711578 -0.09193861
vn 0.2178198 -0.9369052 -0.2734285
vn 5.670859E-07 -0.9471734 -0.320722
vn -0.2200054 -0.9711564 -0.0919393
vn 0.3141594 -0.9493703 2.118728E-06
vn -0.3141601 -0.94937 -1.689716E-06
vn 0.2757969 -0.9542812 0.1152541
vn -0.2178198 -0.9369052 0.2734286
vn -5.670859E-07 -0.9471734 0.3207221
vn -0.9192283 0.1777129 -0.3513367
vn -0.7227144 0.2040545 -0.6603376
vn -0.6849149 0.3729742 -0.6259248
vn -0.8739799 0.3500309 -0.3371016
vn -0.635824 0.5086035 -0.5805604
vn -0.7962934 0.5132796 -0.320095
vn -0.5557203 0.6586851 -0.5072561
vn -0.6366302 0.7119058 -0.296466
vn -0.3667449 0.8669497 -0.3374853
vn -0.3323812 0.7288096 -0.5986312
vn -0.9288294 0.09265523 -0.3587351
vn -0.917821 -0.1458081 -0.3692488
vn -0.7344234 -0.1002408 -0.6712481
vn -0.7336286 0.1097965 -0.6706219
vn -0.7861615 -0.4953521 -0.3695625
vn -0.6848236 -0.3735467 -0.6256832
vn -0.1478329 -0.2154623 -0.9652572
vn -0.4268858 -0.1631191 -0.8894721
vn -0.41737 -0.5190657 -0.7459042
vn -0.1405155 -0.6030433 -0.7852351
vn -0.4170323 0.08983233 -0.9044414
vn -0.4612054 -0.7790303 -0.4247369
vn -0.1389401 -0.8914365 -0.4313197
vn -0.01566135 -0.9083819 -0.4178481
vn -0.03028055 -0.6297389 -0.7762165
vn -0.4622847 -0.8771246 -0.1301737
vn -0.8154635 -0.5641022 -0.1296449
vn -0.8083503 -0.5878971 -0.03076945
vn -0.4505152 -0.8926167 -0.01647464
vn -0.8554406 0.5022834 -0.1262251
vn -0.6761341 0.7278088 -0.1146172
vn -0.1178598 0.9256067 -0.3596684
vn -0.1183957 0.7532549 -0.646985
vn -0.3857366 0.9156492 -0.1131091
vn -0.3871042 0.9218417 -0.01892417
vn -0.682623 0.729978 -0.03402681
vn -0.6813606 0.7319479 0.0001032415
vn -0.3853047 0.9227894 7.351479E-05
vn -0.6830148 0.7296229 0.03378262
vn -0.104737 0.9944876 -0.004958092
vn -0.1108138 0.9884625 -0.1032574
vn -0.3871576 0.9218261 0.01859412
vn -0.1039253 0.9945851 2.295786E-05
vn -0.3855368 0.915706 0.1133303
vn -0.6764811 0.7274547 0.1148173
vn -0.1103095 0.9884557 0.1038606
vn -0.3667448 0.8669496 0.3374857
vn -0.1176222 0.9254454 0.3601608
vn -0.1044912 0.9945142 0.004807628
vn -0.003762458 0.9953495 0.09625652
vn -0.01482877 0.9327613 0.3601896
vn -0.1180745 0.7534402 0.6468278
vn -0.02794121 0.7576185 0.6520993
vn 0.0001859584 0.7613338 0.6483601
vn 0.0001332184 0.9342427 0.3566377
vn 0.02744188 0.7573861 0.6523904
vn 4.255692E-05 0.9954779 0.09499422
vn 0.01439793 0.9327646 0.3601983
vn 0.1178619 0.9256065 0.3596681
vn 0.1183952 0.7532545 0.6469855
vn 0.1108145 0.9884624 0.1032578
vn 0.36674 0.8669514 0.3374864
vn 0.3857352 0.9156497 0.1131112
vn 0.003608105 0.9953665 0.09608581
vn 0.104739 0.9944874 0.004957898
vn 0.3871055 0.9218413 0.01892312
vn 0.6761426 0.7278011 0.1146151
vn 0.6826256 0.7299757 0.03402629
vn 0.6813573 0.7319509 -0.000103452
vn 0.3853028 0.9227902 -7.382122E-05
vn 0.6830134 0.7296242 -0.03378109
vn 0.1039281 0.9945848 -2.303204E-05
vn -0.003608293 0.9953665 -0.09608587
vn 0.3871602 0.921825 -0.01859318
vn 0.1044943 0.9945139 -0.004807864
vn -4.27559E-05 0.9954778 -0.09499451
vn -0.01439828 0.9327648 -0.3601979
vn 0.3855345 0.9157067 -0.1133329
vn 0.6764871 0.7274493 -0.1148159
vn 0.1103111 0.9884555 -0.1038614
vn 0.3667402 0.8669516 -0.3374855
vn 0.1176247 0.9254454 -0.3601601
vn 0.003762368 0.9953495 -0.09625674
vn -0.02744236 0.7573864 -0.65239
vn -0.0001333416 0.9342427 -0.3566379
vn -0.0001860552 0.7613338 -0.6483601
vn 0.01482876 0.9327614 -0.3601893
vn 0.1180728 0.7534413 -0.6468269
vn 0.02794131 0.7576194 -0.6520982
vn -0.1383867 0.3225985 -0.9363649
vn -0.3660564 0.5336757 -0.7623601
vn -0.3900571 0.3629093 -0.8462579
vn -0.1324992 0.5285085 -0.8385242
vn -0.03690892 0.5253187 -0.8501046
vn -0.000164493 0.5297788 -0.8481358
vn 0.03719868 0.5257017 -0.8498552
vn 0.1323427 0.5290978 -0.8381771
vn -0.4087784 0.1790237 -0.8949026
vn -0.4067355 -0.09363014 -0.9087352
vn -0.736199 -0.0594434 -0.6741495
vn 0.4172478 0.08988078 -0.9043372
vn 0.426879 -0.1631209 -0.889475
vn 0.7344248 -0.1002432 -0.6712462
vn 0.7335989 0.1099964 -0.6706217
vn 0.1481697 -0.214311 -0.9654618
vn 0.1408654 -0.6031336 -0.785103
vn 0.4173707 -0.5190664 -0.7459033
vn 0.6848292 -0.3735538 -0.6256729
vn 0.4612068 -0.77903 -0.4247359
vn 0.7861639 -0.4953556 -0.3695527
vn 0.1391104 -0.8919414 -0.4302195
vn 0.02968108 -0.6300289 -0.7760043
vn 0.01522153 -0.9086624 -0.4172541
vn 0.4633128 -0.8766093 -0.1299896
vn 0.8155926 -0.5640129 -0.1292216
vn 0.4513093 -0.8922078 -0.01688822
vn 0.8085174 -0.5876371 -0.03134062
vn 0.9735411 -0.1860675 -0.1326517
vn 0.9178222 -0.1458158 -0.3692426
vn 0.9288281 0.09287564 -0.3586816
vn 0.7109281 0.2735745 -0.6478721
vn 0.4023447 0.2682745 -0.8752986
vn 0.3700509 0.4726572 -0.7997859
vn 0.6531708 0.4726341 -0.5915952
vn 0.9017462 0.2602507 -0.3451426
vn 0.3474018 0.5769444 -0.7392207
vn 0.8315121 0.4554888 -0.3179899
vn 0.6087849 0.5741454 -0.5474833
vn 0.7763572 0.5550472 -0.2986504
vn 0.6366278 0.7119077 -0.2964666
vn 0.8558508 0.5016087 -0.1261272
vn 0.7962978 0.5132794 -0.3200846
vn 0.9410253 0.312418 -0.1298707
vn 0.873855 0.3502214 -0.3372275
vn 0.9556187 0.2908551 -0.04686499
vn 0.8669804 0.4964519 -0.04336506
vn 0.8668118 0.4986355 -9.125306E-05
vn 0.8666666 0.4970052 0.04329891
vn 0.8554451 0.5022781 0.1262154
vn 0.3323834 0.7288094 -0.5986303
vn 0.5557169 0.6586865 -0.5072581
vn 0.6358187 0.5086058 -0.5805641
vn 0.6849425 0.3730531 -0.6258476
vn 0.7230098 0.2039455 -0.6600478
vn 0.9195084 0.1767872 -0.3510705
vn 0.9336985 -0.078412 -0.3493689
vn 0.7378001 -0.05913849 -0.6724237
vn 0.3660522 0.5336755 -0.7623623
vn 0.3898222 0.3628085 -0.8464093
vn 0.4090667 0.1798673 -0.8946017
vn -0.4172421 0.08988091 0.9043398
vn -0.4268854 -0.1631198 0.8894722
vn -0.7344236 -0.1002428 0.6712475
vn -0.7336003 0.1099842 0.6706222
vn -0.1481685 -0.2143101 0.9654621
vn -0.1408653 -0.6031338 0.7851029
vn -0.4173705 -0.5190651 0.7459044
vn -0.6848243 -0.373547 0.6256824
vn -0.4612058 -0.7790298 0.4247373
vn -0.7861621 -0.4953511 0.3695624
vn -0.1391076 -0.8919418 0.4302196
vn -0.02968065 -0.6300302 0.7760032
vn -0.01522117 -0.9086629 0.4172528
vn -0.4633048 -0.8766141 0.1299857
vn -0.8155953 -0.5640087 0.1292222
vn -0.4513063 -0.8922093 0.01688845
vn -0.8085255 -0.587626 0.03134045
vn -0.9735451 -0.1860549 0.132641
vn -0.9178212 -0.1458086 0.3692481
vn -0.9288316 0.09287339 0.3586732
vn -0.7109216 0.2735832 0.6478755
vn -0.4023348 0.2682739 0.8753033
vn -0.3700487 0.4726563 0.7997875
vn -0.6531745 0.4726458 0.5915818
vn -0.9017494 0.2602648 0.3451237
vn -0.3474022 0.5769413 0.7392228
vn -0.8315063 0.4554956 0.3179953
vn -0.6087987 0.5741423 0.5474713
vn -0.7763566 0.5550359 0.2986732
vn -0.63663 0.711906 0.296466
vn -0.8558449 0.501617 0.1261349
vn -0.7962932 0.5132799 0.3200953
vn -0.9410266 0.3124104 0.1298796
vn -0.8738496 0.3502204 0.3372428
vn -0.9556184 0.2908558 0.04686553
vn -0.866979 0.4964544 0.04336433
vn -0.866807 0.4986437 9.164173E-05
vn -0.8666653 0.4970076 -0.04329804
vn -0.3323801 0.7288098 0.5986316
vn -0.5557196 0.6586856 0.5072565
vn -0.6358238 0.5086035 0.5805606
vn -0.684948 0.3730474 0.6258449
vn -0.7230176 0.2039559 0.6600361
vn -0.9195004 0.1767983 0.351086
vn -0.9336975 -0.07841055 0.3493718
vn -0.7378072 -0.05912438 0.6724172
vn -0.132339 0.5290983 0.8381774
vn -0.3660554 0.5336766 0.76236
vn -0.3898234 0.3628115 0.8464075
vn -0.4090764 0.1798723 0.8945963
vn 0.9288288 0.09265626 0.3587363
vn 0.9178225 -0.1458158 0.3692418
vn 0.7344248 -0.1002435 0.6712462
vn 0.7336257 0.1098053 0.6706237
vn 0.7861646 -0.4953552 0.3695517
vn 0.6848302 -0.3735518 0.6256729
vn 0.1478355 -0.2154602 0.9652572
vn 0.4268789 -0.1631192 0.8894755
vn 0.4173722 -0.5190645 0.7459038
vn 0.1405153 -0.6030436 0.7852349
vn 0.4170335 0.08982983 0.9044411
vn 0.4612076 -0.7790303 0.4247345
vn 0.1389425 -0.8914362 0.4313195
vn 0.01566133 -0.9083818 0.4178484
vn 0.03028042 -0.6297403 0.7762153
vn 0.4622898 -0.8771215 0.130177
vn 0.8154599 -0.5641076 0.1296448
vn 0.8083344 -0.5879189 0.03076953
vn 0.4505184 -0.8926151 0.01647406
vn 0.332381 0.7288095 0.5986314
vn 0.6366289 0.7119075 0.2964648
vn 0.5557163 0.6586871 0.5072579
vn 0.7962984 0.5132796 0.3200827
vn 0.63582 0.5086046 0.5805638
vn 0.8739828 0.3500326 0.3370924
vn 0.6849163 0.3729728 0.6259241
vn 0.9192307 0.1777002 0.3513368
vn 0.7227139 0.2040449 0.6603411
vn 0.1383868 0.3225989 0.9363648
vn 0.3660496 0.5336771 0.7623624
vn 0.3900541 0.3629085 0.8462595
vn 0.1324999 0.528509 0.8385237
vn 0.03690838 0.5253196 0.8501041
vn 0.000164414 0.5297793 0.8481355
vn -0.03719869 0.5257023 0.8498549
vn 0.4087725 0.1790184 0.8949064
vn 0.4067353 -0.09362524 0.9087358
vn 0.7362032 -0.05945086 0.6741442
vn -0.9169132 0.1901751 -0.3508614
vn -0.681119 0.3882375 -0.6207645
vn -0.8693299 0.3657222 -0.3324347
vn -0.7225389 0.2123977 -0.6578942
vn -0.7380559 0.0603957 -0.6720312
vn -0.4107091 0.1958669 -0.8904797
vn -0.4174141 0.04211579 -0.9077399
vn -0.386354 0.3823156 -0.8393839
vn -0.3365578 0.6024221 -0.7237516
vn -0.131471 0.3561848 -0.9251204
vn -0.1165832 0.5812909 -0.8053007
vn -0.3043554 0.7113274 -0.6335465
vn -0.1096371 0.6909419 -0.7145481
vn -0.03379816 0.5754732 -0.8171219
vn -0.02964883 0.6854435 -0.7275219
vn -0.0002125368 0.6900203 -0.7237899
vn -0.0001535201 0.5794172 -0.8150311
vn 0.0299209 0.6863657 -0.7266409
vn 0.03402477 0.5754051 -0.8171605
vn 0.1151195 0.5802759 -0.8062427
vn 0.1061019 0.6922291 -0.7138356
vn -0.1388811 0.1583643 -0.9775648
vn -0.03912773 0.3456588 -0.9375441
vn -0.0001211174 0.3482866 -0.9373881
vn -0.04109375 0.1393088 -0.9893959
vn -0.1389589 0.009225061 -0.9902552
vn -0.1324621 -0.2052367 -0.969707
vn -0.4053503 -0.1766316 -0.896935
vn -0.1188331 -0.3552813 -0.9271753
vn -0.3790215 -0.3236789 -0.8669341
vn -0.03710594 -0.3765008 -0.9256729
vn -0.03972206 -0.220211 -0.9746431
vn -0.04106813 -0.007499116 -0.9991282
vn -6.086187E-05 0.1395815 -0.9902106
vn 0.03938159 0.3450111 -0.937772
vn 7.051799E-05 -0.2233665 -0.9747345
vn 0.0001430938 -0.3821056 -0.9241186
vn 2.59004E-06 -0.007679893 -0.9999705
vn 0.131393 0.3557916 -0.9252828
vn 0.0414283 0.1383312 -0.9895191
vn 0.03934614 -0.2200347 -0.9746982
vn 0.03653259 -0.3780137 -0.9250789
vn 0.112907 -0.3631122 -0.9248792
vn 0.04112652 -0.005796192 -0.9991372
vn 0.1293249 -0.2034394 -0.9705089
vn 0.3816312 -0.3294616 -0.8636045
vn 0.4075975 -0.1745407 -0.8963257
vn 0.1386393 0.01190135 -0.9902714
vn 0.4174922 0.04294881 -0.907665
vn 0.4103408 0.1955002 -0.8907301
vn 0.1389696 0.1575299 -0.9776869
vn 0.3860486 0.3822328 -0.8395622
vn 0.3369655 0.6009202 -0.7248097
vn 0.9626877 0.2424995 -0.1201097
vn 0.8935853 0.4348683 -0.1113327
vn 0.8389735 0.5338598 -0.1054388
vn 0.9016526 0.4308946 -0.03677643
vn 0.8471147 0.5302979 -0.03436116
vn 0.8463806 0.5325786 -9.835258E-05
vn 0.9015229 0.4327313 -7.376487E-05
vn 0.8468149 0.5307685 0.03448848
vn 0.9016097 0.4309779 0.03685019
vn 0.8936329 0.4347607 0.1113698
vn 0.8389963 0.5338977 0.1050642
vn 0.7225514 0.212365 -0.657891
vn 0.7382082 0.0603459 -0.6718684
vn 0.7309314 -0.1521898 -0.6652651
vn 0.4024138 0.268478 0.8752044
vn 0.7106549 0.2739856 0.6479981
vn 0.6520054 0.4727577 0.5927808
vn 0.3706918 0.4732852 0.7991174
vn 0.8319406 0.4549498 0.3176405
vn 0.9017103 0.2606111 0.3449641
vn 0.7760506 0.5558507 0.2979519
vn 0.6069807 0.5736049 0.5500472
vn 0.3488457 0.5751154 0.7399654
vn 0.4107073 0.1958688 0.8904802
vn 0.7380587 0.06038991 0.6720285
vn 0.4174221 0.04211913 0.9077361
vn 0.7225399 0.2123978 0.657893
vn 0.6811175 0.3882419 0.6207633
vn 0.916913 0.1901748 0.350862
vn 0.8693287 0.3657156 0.332445
vn 0.9331864 0.0463708 0.3563888
vn 0.7298757 -0.1525527 0.6663401
vn 0.9236146 -0.1567258 0.3498185
vn -0.9626888 0.2424938 0.1201124
vn -0.8935845 0.4348639 0.1113558
vn -0.83897 0.5338629 0.1054499
vn -0.9016449 0.4309107 0.03677525
vn -0.8471138 0.5302995 0.03435932
vn -0.8463713 0.5325934 9.901482E-05
vn -0.9015263 0.4327243 7.286316E-05
vn -0.8468115 0.5307738 -0.03448718
vn -0.9016113 0.4309747 -0.03684958
vn -0.8936316 0.4347597 -0.111385
vn -0.8389948 0.5338964 -0.1050829
vn -0.7225515 0.2123638 0.6578913
vn -0.410338 0.1954993 0.8907316
vn -0.4174882 0.04294544 0.9076669
vn -0.73821 0.06034245 0.6718667
vn -0.7309334 -0.1521898 0.6652629
vn -0.407598 -0.1745364 0.8963264
vn -0.9893014 0.07180718 0.1269897
vn -0.9708531 0.236385 0.03957747
vn -0.9715436 0.2368611 4.623726E-05
vn -0.9972831 0.06160994 0.04038085
vn -0.9776061 -0.2067998 0.03899015
vn -0.9980814 0.06191468 1.861531E-05
vn -0.9710243 0.235656 -0.03972489
vn -0.9778994 -0.209076 -3.289291E-05
vn -0.806545 -0.5911726 -7.785832E-05
vn -0.9627756 0.2421966 -0.1200165
vn -0.9971881 0.06318599 -0.04029229
vn -0.9777359 -0.2062779 -0.0384948
vn -0.9736639 -0.1851116 -0.1330871
vn -0.9891972 0.07338071 -0.126902
vn -0.9017079 0.2606197 -0.344964
vn -0.8319283 0.4549632 -0.3176534
vn -0.7106506 0.2739959 -0.6479984
vn -0.9826939 0.132348 0.1296024
vn -0.9855706 -0.114515 0.124647
vn -0.9589275 -0.2602746 0.1127618
vn -0.9172674 -0.221824 0.3307787
vn -0.9569413 -0.2870485 0.04320243
vn -0.9898381 -0.1346403 0.04574515
vn -0.9929827 0.1086047 0.04680129
vn -0.9905757 -0.1369662 -2.231997E-05
vn -0.9563279 -0.2922959 -5.395002E-05
vn -0.9940265 0.1091392 2.348002E-05
vn -0.9573036 0.2890844 5.987939E-05
vn -0.9899196 -0.1342628 -0.04508527
vn -0.9559382 -0.290494 -0.04237196
vn -0.9565754 -0.2711336 -0.1070054
vn -0.9925382 0.1124727 -0.04709294
vn -0.9861639 -0.1125053 -0.1217512
vn -0.9143535 -0.2292227 -0.3337884
vn -0.9330418 -0.07577317 -0.3516981
vn -0.9566155 0.2874627 -0.04745535
vn -0.9821731 0.1369481 -0.1287674
vn -0.9421919 0.3089432 -0.1297249
vn 0.9891964 0.07338116 0.1269086
vn 0.9736614 -0.1851168 0.133099
vn 0.9777355 -0.2062805 0.03849418
vn 0.8065426 -0.591176 7.703806E-05
vn 0.9971874 0.06319599 0.04029135
vn 0.977899 -0.209078 3.268845E-05
vn 0.9627714 0.2422071 0.1200289
vn 0.9710261 0.2356484 0.03972495
vn 0.9980821 0.06190369 -1.723524E-05
vn 0.9715407 0.2368724 -4.661441E-05
vn 0.9776011 -0.2068235 -0.03898909
vn 0.9708506 0.2363952 -0.03957868
vn 0.997282 0.06162673 -0.04038133
vn 0.9893007 0.07181056 -0.1269932
vn 0.1399126 0.1277478 0.9818885
vn 0.04153256 0.300514 0.9528727
vn 0.00010389 0.3014565 0.9534799
vn 0.1347044 -0.1419519 0.9806653
vn 0.04255242 0.1016598 0.9939088
vn 0.1196487 -0.3037589 0.9452062
vn 0.3821848 -0.2485143 0.8900424
vn 0.03900903 -0.3355431 0.9412168
vn 0.04166191 -0.1652587 0.9853699
vn 3.707511E-05 0.1025484 0.994728
vn -4.436804E-05 -0.1683677 0.9857242
vn -0.000112466 -0.3419961 0.9397013
vn -0.04198905 0.2984148 0.9535122
vn -0.04118067 -0.1650046 0.9854327
vn -0.03831577 -0.3381543 0.9403104
vn -0.1117111 -0.3158256 0.9422181
vn -0.04270095 0.1042459 0.9936345
vn -0.1383103 0.3206941 0.9370302
vn -0.1306163 -0.1396061 0.9815546
vn -0.3855774 -0.2573065 0.8860719
vn -0.4095675 -0.09024291 0.9078054
vn -0.1391153 0.1313325 0.9815288
vn -0.1399118 0.1277492 -0.9818884
vn -0.1347058 -0.141952 -0.980665
vn -0.1196514 -0.3037618 -0.9452049
vn -0.3821766 -0.2485214 -0.8900439
vn -0.03900958 -0.335542 -0.9412172
vn -0.04166252 -0.1652555 -0.9853704
vn -0.04153317 0.3005133 -0.9528729
vn -0.04255309 0.1016599 -0.9939087
vn -0.0001039439 0.3014566 -0.9534799
vn 4.447411E-05 -0.1683678 -0.9857242
vn 0.0001127352 -0.3419981 -0.9397006
vn -3.708867E-05 0.1025497 -0.9947279
vn 0.0419891 0.2984138 -0.9535125
vn 0.04118126 -0.1650033 -0.9854329
vn 0.03831642 -0.3381491 -0.9403122
vn 0.1117118 -0.315823 -0.9422188
vn 0.0427015 0.104246 -0.9936344
vn 0.1383131 0.3206908 -0.9370309
vn 0.1306159 -0.139604 -0.981555
vn 0.3855887 -0.2572972 -0.8860697
vn 0.4095699 -0.09023827 -0.9078048
vn 0.1391159 0.1313307 -0.9815289
vn -0.40241 0.2684787 -0.8752059
vn -0.6520092 0.472762 -0.5927733
vn -0.370694 0.4732844 -0.7991169
vn -0.7760561 0.5558375 -0.2979624
vn -0.6069812 0.5736045 -0.550047
vn -0.3488448 0.5751176 -0.7399642
vn 0.9826936 0.1323502 -0.1296022
vn 0.98557 -0.1145197 -0.124648
vn 0.9589355 -0.2602455 -0.1127605
vn 0.9172683 -0.2218053 -0.330789
vn 0.9569394 -0.287055 -0.04320294
vn 0.9898366 -0.1346508 -0.04574654
vn 0.9929811 0.1086206 -0.04679938
vn 0.9905756 -0.1369667 2.227377E-05
vn 0.9563254 -0.2923041 5.323374E-05
vn 0.994025 0.1091523 -2.36044E-05
vn 0.9573035 0.2890849 -5.998831E-05
vn 0.9899208 -0.1342535 0.04508706
vn 0.9559292 -0.2905239 0.04237043
vn 0.9565794 -0.2711186 0.107007
vn 0.9925375 0.1124789 0.04709329
vn 0.9861647 -0.1124962 0.121753
vn 0.9143541 -0.2291925 0.3338075
vn 0.9330401 -0.07577433 0.351702
vn 0.9566145 0.287466 0.04745553
vn 0.9821749 0.1369421 0.1287611
vn 0.9421918 0.308949 0.1297113
vn -0.3860477 0.3822318 0.839563
vn -0.3369609 0.6009177 0.7248141
vn -0.1151157 0.580275 0.806244
vn -0.1313971 0.3557945 0.925281
vn -0.03402444 0.5754079 0.8171586
vn -0.1389689 0.1575274 0.9776874
vn -0.1386383 0.01190143 0.9902716
vn -0.1293253 -0.2034386 0.970509
vn -0.3816442 -0.3294539 0.8636017
vn -0.1128996 -0.3631175 0.924878
vn -0.04112615 -0.005796394 0.9991372
vn -0.03934572 -0.2200377 0.9746975
vn -0.03653247 -0.3780129 0.9250793
vn -0.0001432326 -0.3821051 0.9241189
vn -7.059499E-05 -0.2233661 0.9747346
vn 0.03710566 -0.3764996 0.9256734
vn -0.04142788 0.138331 0.9895192
vn -2.463173E-06 -0.007679362 0.9999705
vn 0.03972178 -0.2202101 0.9746434
vn -0.03938119 0.3450143 0.9377709
vn 6.085812E-05 0.1395793 0.990211
vn 0.0001211508 0.3482906 0.9373866
vn 0.0001533077 0.5794176 0.8150308
vn 0.04106769 -0.007498369 0.9991282
vn 0.13246 -0.2052366 0.9697073
vn 0.1188329 -0.3552774 0.9271767
vn 0.03912729 0.3456619 0.937543
vn 0.03379759 0.5754731 0.817122
vn 0.1165775 0.5812901 0.8053021
vn 0.1314683 0.3561864 0.9251202
vn 0.04109324 0.1393075 0.9893962
vn 0.1389574 0.009222677 0.9902554
vn 0.1388837 0.1583667 0.977564
vn 0.4053568 -0.1766356 0.8969313
vn 0.3790281 -0.3236742 0.8669329
vn 0.3863523 0.3823133 0.8393858
vn -0.3037174 0.7149885 0.62972
vn -0.1060989 0.6922252 0.7138398
vn -0.1161947 0.5603883 0.8200389
vn -0.1234167 0.4569082 0.8809105
vn -0.1338809 0.2499807 0.9589502
vn -0.03599112 0.4544005 0.8900701
vn -0.1418133 0.06529208 0.9877378
vn -0.04036909 0.05308924 0.9977734
vn -0.03947111 0.2431389 0.969188
vn 7.935679E-05 0.2455411 0.9693862
vn 0.0001313808 0.4582583 0.888819
vn -0.03844698 -0.2394699 0.9701423
vn -0.0001410815 -0.6350307 0.7724868
vn -6.239055E-05 -0.2433054 0.9699497
vn 2.632034E-05 0.05240698 0.9986258
vn 0.03929167 0.2435351 0.9690959
vn 0.03573434 0.4543152 0.890124
vn 0.1238798 0.4569772 0.8808097
vn 0.03889116 -0.2398324 0.970035
vn 0.04043533 0.0519653 0.9978299
vn 0.1339819 0.249908 0.958955
vn 0.1418254 0.06394122 0.9878244
vn -0.6814188 0.3882848 0.6204058
vn -0.5914973 0.6023622 0.5359951
vn -0.5203328 0.7145297 0.467655
vn -0.7228631 -0.2087581 0.6587024
vn -0.7057758 -0.2959549 0.6436546
vn -0.8969232 -0.2951725 0.3292444
vn -0.9241225 -0.1581259 0.3478416
vn -0.8691652 0.3659019 0.3326674
vn -0.7591941 0.5812999 0.292771
vn -0.6712548 0.6920055 0.2656037
vn -0.933515 0.3377833 0.1202172
vn -0.8255265 0.5538666 0.1083406
vn -0.9442348 0.3266628 0.0413757
vn -0.8369292 0.5460579 0.03701565
vn -0.7409799 0.6636814 0.102351
vn -0.7538654 0.6561782 0.03342415
vn -0.7524325 0.6586694 0.0001094038
vn -0.8366997 0.5476619 8.578478E-05
vn -0.9451039 0.3267698 6.757751E-05
vn -0.7526835 0.6575388 -0.03332154
vn -0.8370094 0.5459393 -0.03695244
vn -0.8263572 0.5527959 -0.1074731
vn -0.739309 0.6659217 -0.09985232
vn -0.9332684 0.0455729 0.3562769
vn -0.9167843 0.1904128 0.3510689
vn -0.9435826 -0.312295 0.110108
vn -0.9770107 -0.1761772 0.1200484
vn -0.9435989 -0.3288122 0.03877813
vn -0.9812773 -0.1881948 0.04095814
vn -0.9919838 0.01903144 0.1249243
vn -0.9817667 -0.1900897 -3.684465E-05
vn -0.9430692 -0.3325965 -7.005997E-05
vn -0.979634 0.1568421 0.1253711
vn -0.9893165 0.13946 0.0424699
vn -0.9991006 0.004716177 0.04214067
vn -0.999989 0.004689297 8.672712E-07
vn -0.9903195 0.1388065 3.533101E-05
vn -0.9813365 -0.1879688 -0.04057525
vn -0.9429723 -0.3306669 -0.03824369
vn -0.941896 -0.3187484 -0.1059782
vn -0.9990833 0.006824526 -0.04226071
vn -0.9775299 -0.1747837 -0.1178383
vn -0.8944902 -0.2994522 -0.3319874
vn -0.9236145 -0.1567259 -0.349819
vn -0.9919629 0.02190198 -0.1246189
vn -0.9331853 0.04637412 -0.356391
vn -0.9797409 0.1562743 -0.1252447
vn -0.9893655 0.1389506 -0.04299549
vn -0.9340224 0.3363671 -0.1202465
vn -0.9447623 0.325102 -0.04162641
vn -0.7600843 0.5799995 -0.2930399
vn 0.7600787 0.5800037 0.2930461
vn 0.8263521 0.5528038 0.1074721
vn 0.9340183 0.3363747 0.1202577
vn 0.837001 0.5459524 0.03695106
vn 0.9797415 0.1562591 0.1252585
vn 0.991963 0.02189262 0.1246198
vn 0.9775297 -0.1747877 0.1178344
vn 0.8944973 -0.2994376 0.3319815
vn 0.941897 -0.3187503 0.1059635
vn 0.9990833 0.006808822 0.04226188
vn 0.9813387 -0.187957 0.04057751
vn 0.9429722 -0.3306669 0.03824576
vn 0.943069 -0.3325971 7.008699E-05
vn 0.9817672 -0.1900876 3.726327E-05
vn 0.9435986 -0.3288128 -0.03878008
vn 0.9893679 0.1389333 0.04299548
vn 0.999989 0.004695737 -1.739671E-06
vn 0.9812778 -0.1881919 -0.04095948
vn 0.9447556 0.325122 0.04162422
vn 0.9903203 0.1388013 -3.627574E-05
vn 0.945105 0.326767 -6.665297E-05
vn 0.8366961 0.5476674 -8.513669E-05
vn 0.9991006 0.004714267 -0.04213865
vn 0.9893196 0.1394391 -0.04246833
vn 0.944231 0.3266739 -0.04137465
vn 0.9770098 -0.1761876 -0.1200404
vn 0.9435839 -0.3122955 -0.1100953
vn 0.991984 0.01901928 -0.1249248
vn 0.979633 0.1568386 -0.1253832
vn 0.933514 0.3377828 -0.1202266
vn 0.9241242 -0.1581295 -0.3478354
vn 0.8969287 -0.2951673 -0.3292341
vn 0.9332684 0.04557779 -0.3562763
vn 0.9167793 0.1904146 -0.3510812
vn 0.8691616 0.3658963 -0.3326829
vn 0.6680855 0.6951561 0.2653673
vn 0.7393092 0.665922 0.09984926
vn 0.5894712 0.6026365 0.5379154
vn 0.5167429 0.7143627 0.4718714
vn 0.7201347 -0.2082467 0.6618454
vn 0.7041025 -0.2951592 0.6458489
vn 0.3365618 0.6024231 0.7237489
vn 0.3043625 0.7113261 0.6335445
vn 0.1173042 0.5609347 0.8195072
vn 0.03272454 0.5588572 0.828618
vn 0.0001921334 0.5633069 0.8262477
vn -0.03308818 0.5591502 0.8284059
vn 0.3037224 0.7149845 -0.6297221
vn 0.1161973 0.5603858 -0.8200402
vn 0.1234158 0.4569072 -0.8809111
vn 0.1338818 0.2499834 -0.9589494
vn 0.03599153 0.4543998 -0.8900705
vn 0.1418151 0.06529048 -0.9877376
vn 0.04036911 0.05308793 -0.9977735
vn 0.03947126 0.2431419 -0.9691873
vn -7.917272E-05 0.2455395 -0.9693866
vn -0.0001310758 0.4582574 -0.8888195
vn 0.03844723 -0.2394699 -0.9701422
vn 0.0001411572 -0.635029 -0.7724884
vn 6.242958E-05 -0.2433039 -0.9699501
vn -2.619451E-05 0.05240461 -0.9986259
vn -0.03929208 0.2435338 -0.9690962
vn -0.03573466 0.4543162 -0.8901235
vn -0.1238814 0.4569782 -0.8808089
vn -0.03889123 -0.2398324 -0.970035
vn -0.04043557 0.05196349 -0.99783
vn -0.1339845 0.2499066 -0.958955
vn -0.1418265 0.06394129 -0.9878243
vn 0.6814182 0.3882866 -0.6204053
vn 0.5914912 0.6023659 -0.5359978
vn 0.5203322 0.7145279 -0.4676583
vn 0.7228566 -0.2087554 -0.6587105
vn 0.7057766 -0.2959467 -0.6436574
vn 0.7591856 0.5813043 -0.2927844
vn 0.6712495 0.6920066 -0.2656142
vn 0.8255189 0.5538784 -0.1083384
vn 0.8369166 0.5460774 -0.0370142
vn 0.7409804 0.6636811 -0.1023495
vn 0.7538651 0.6561786 -0.03342314
vn 0.7524315 0.6586705 -0.0001094625
vn 0.7526827 0.6575398 0.03332066
vn -0.1173038 0.5609391 -0.8195042
vn -0.03272492 0.5588617 -0.828615
vn -0.0001922926 0.5633092 -0.8262461
vn 0.03308852 0.5591462 -0.8284085
vn -0.7298716 -0.1525518 -0.6663449
vn -0.7040986 -0.2951766 -0.6458452
vn -0.7201277 -0.2082562 -0.66185
vn -0.5167441 0.7143635 -0.4718691
vn -0.5894779 0.6026313 -0.5379139
vn -0.6680921 0.6951531 -0.2653584
vn 0.1096377 0.6909367 0.7145531
vn 0.02964833 0.6854429 0.7275225
vn 0.0002120813 0.6900141 0.7237958
vn -0.02992082 0.6863607 0.7266455
vn -0.0001291136 -0.910542 0.4134165
vn 0.003688333 -0.9946594 0.1031459
vn -4.468605E-05 -0.9948139 0.1017119
vn 0.1228002 -0.9858118 0.1144336
vn 0.1123944 -0.9936559 0.003941166
vn -0.003558238 -0.9946878 0.1028761
vn -0.1234358 -0.9858133 0.1137354
vn -0.1127848 -0.9936112 0.004064166
vn 0.1117874 -0.9937322 2.363754E-05
vn -0.1117812 -0.9937329 -2.360163E-05
vn -0.4484507 -0.8938075 -6.963043E-05
vn -0.1123907 -0.9936563 -0.003940796
vn -0.1227982 -0.9858122 -0.1144327
vn -0.003688214 -0.9946595 -0.1031452
vn 4.472829E-05 -0.9948139 -0.1017119
vn 0.0001292896 -0.910542 -0.4134167
vn 0.003558431 -0.9946877 -0.1028773
vn 0.1234368 -0.985813 -0.1137367
vn 0.1127885 -0.9936107 -0.00406416
vn 0.4484491 -0.8938084 6.998523E-05
vn -0.4538027 -0.8911021 1.059028E-07
vn -0.9509913 -0.3092176 1.477534E-07
vn -1.401271E-07 0.9914963 -0.1301349
vn 4.370638E-08 0.9913931 0.1309186
vn -1.538561E-07 0.8661709 -0.4997478
vn -1.926292E-07 0.5001112 -0.8659611
vn 1.262028E-07 0.8658749 0.5002607
vn -6.543645E-07 -0.130556 -0.991441
vn -5.605266E-07 0.1305496 -0.9914418
vn -2.760415E-07 -0.500106 -0.8659642
vn -0.453803 0.891102 1.504907E-08
vn -0.9509915 0.3092172 1.064905E-07
vn 0.4538021 0.8911024 -1.132955E-07
vn 0.9509912 -0.309218 1.94174E-08
vn 0.9509912 0.309218 -1.294493E-08
vn 0.4538022 -0.8911024 -3.868627E-08
vn -7.787756E-08 -0.866171 -0.4997478
vn 1.17404E-08 -0.9914966 -0.1301325
vn 9.883894E-08 -0.9913931 0.1309185
vn 1.743552E-07 -0.8658749 0.5002607
vn 3.316777E-07 -0.4998913 0.8660882
vn 5.605257E-07 -0.1305103 0.991447
vn 6.616294E-07 0.1305043 0.9914477
vn 3.038787E-07 0.4998913 0.8660881
vn -4.966511E-08 0.9914964 0.130134
vn -6.080852E-08 0.9913929 -0.1309202
vn 9.725231E-08 0.8661732 0.4997438
vn 2.167092E-07 0.5001019 0.8659666
vn -7.701128E-08 0.8658761 -0.5002586
vn 2.445206E-07 -0.5001019 0.8659666
vn 1.732306E-07 -0.8661732 0.4997439
vn 8.770433E-08 -0.9914966 0.1301325
vn 2.963891E-08 -0.9913929 -0.1309205
vn -2.885874E-08 -0.8658761 -0.5002586
vn -9.261002E-08 -0.4999005 -0.8660828
vn -1.204102E-07 0.4999005 -0.8660828
vn 0.4574836 0.889218 -9.453034E-08
vn 0.9522619 0.3052823 -1.321641E-07
vn 0.9522619 -0.3052823 -1.066445E-07
vn 0.1481503 -0.5300556 0.8349207
vn 2.126099E-05 -0.498976 0.8666158
vn 0.1760814 -0.1435287 0.9738557
vn 0.6015655 -0.1555258 0.7835373
vn 0.5047824 -0.5611678 0.6559615
vn 0.1761392 0.1418626 0.9740893
vn 0.1481439 0.5305717 0.834594
vn 0.504662 0.5614345 0.6558258
vn 0.6017627 0.1534545 0.7837942
vn 0.5691328 0.8206642 0.05097235
vn 0.9006419 0.4264118 -0.08376867
vn 0.5254492 0.849854 -0.04063709
vn 0.9227766 0.3794753 0.0669468
vn 0.7946831 0.5069682 0.3338594
vn 0.4530527 0.8721334 0.184734
vn -0.146724 -0.5365245 -0.8310316
vn -0.07791331 -0.885634 -0.4578012
vn -0.2605599 -0.9042125 -0.3383908
vn -0.4980907 -0.5759612 -0.6482086
vn -0.1467123 0.5367028 -0.8309186
vn -7.967764E-06 0.1301052 -0.9915002
vn -0.1758699 0.1448933 -0.9736918
vn -0.1758735 -0.1451107 -0.9736587
vn -0.6008794 -0.1617142 -0.7828106
vn 0.989826 0.1209436 -0.07494807
vn 0.9901415 0.1041117 0.09370478
vn 0.9114889 0.132067 0.3895463
vn 0.9899895 -0.1055109 -0.09374604
vn 0.9899946 -0.1055057 0.09369688
vn 0.911266 -0.1338451 -0.3894608
vn 0.9114696 0.1320705 -0.3895903
vn 0.9009829 -0.425685 -0.0837976
vn 0.9009963 -0.4256629 0.08376627
vn 0.5709727 -0.8193742 -0.05114737
vn 0.5269309 -0.8489298 0.04076928
vn 0.7949561 -0.5064846 0.3339434
vn 0.9112853 -0.1338417 0.3894168
vn -0.9895852 0.1229412 -0.07487718
vn -0.8979878 0.4320891 -0.08316786
vn -0.920907 0.3840702 0.06648536
vn -0.9898827 0.106613 0.09362686
vn -0.7869489 0.5214311 0.3298803
vn -0.910629 0.1394585 0.3889809
vn -0.9898762 -0.1066263 -0.0936795
vn -0.9106289 0.139458 -0.3889815
vn -0.9106298 -0.1394588 -0.3889789
vn -0.9898813 -0.1066203 0.09363224
vn -0.897978 -0.4321075 -0.08317777
vn -0.8980089 -0.4320506 0.08314034
vn -0.9106304 -0.1394596 0.3889773
vn -0.7869573 -0.5214177 0.3298813
vn -0.01537727 -0.9955496 -0.09297595
vn -0.06454626 -0.9944026 -0.08364884
vn 0.01928523 -0.9930626 0.1159954
vn 6.781068E-05 -0.8666134 0.49898
vn 0.07939376 -0.8837453 0.4611842
vn 0.2673151 -0.8992628 0.3462212
vn 0.05193789 -0.9963906 0.06714345
vn 0.4548681 -0.8710185 0.1855312
vn 0.1164634 -0.9921207 0.04618221
vn -0.1161061 -0.992174 -0.04593571
vn 0.07901657 0.8842332 0.460313
vn 2.669161E-05 0.9915829 0.1294734
vn 0.01542392 0.9956148 0.0922678
vn 0.06491732 0.9943588 0.08388254
vn 0.2660749 0.9002522 0.3446015
vn 0.1164437 0.9921231 0.04617888
vn -0.01926774 0.9930223 -0.1163423
vn -0.07790868 0.8856354 -0.4577992
vn -0.4980961 0.5759606 -0.6482049
vn -0.2605667 0.904215 -0.3383788
vn -0.05159817 0.9964299 -0.06682117
vn -0.1161124 0.9921736 -0.04592931
vn -0.4457646 0.8766463 -0.1810666
vn -0.5254076 0.8499008 -0.04019215
vn -0.1276292 0.9917626 -0.01085745
vn -0.1658382 0.9861114 0.009052503
vn -0.567636 0.8217335 0.05043255
vn -0.4457572 0.8766494 0.1810696
vn -0.2605412 0.9042145 0.3383996
vn -0.4980721 0.5759655 0.6482191
vn 0.1267419 0.9918765 -0.01084
vn 0.1965645 0.9804308 0.01085156
vn 0.09319919 0.9949621 -0.03693751
vn -0.1160983 0.9921753 0.04592748
vn 0.163961 -0.9864252 -0.009066992
vn 0.126716 -0.9918797 0.01085247
vn -0.1276404 -0.9917612 0.01084769
vn -0.199024 -0.9799345 -0.0108576
vn -0.5254493 -0.849875 0.04019331
vn -0.5676285 -0.8217387 -0.05043303
vn -0.786954 -0.5214245 -0.3298786
vn -0.4457781 -0.8766398 -0.181065
vn -0.6008774 0.1617188 -0.7828112
vn -0.7869463 0.521432 -0.329885
vn 0.1481461 -0.5300576 -0.8349201
vn 1.851909E-05 -0.4989818 -0.8666124
vn 0.1760758 -0.1435254 -0.9738572
vn 0.6015648 -0.1555224 -0.7835385
vn 0.5047814 -0.5611674 -0.6559626
vn 0.176138 0.1418675 -0.9740888
vn 0.1481543 0.5305904 -0.8345802
vn 0.5046583 0.5614582 -0.6558084
vn 0.6017577 0.1534501 -0.7837989
vn -0.1467345 -0.5365246 0.8310297
vn -0.07791013 -0.8856364 0.4577971
vn -0.2605462 -0.9042146 0.3383955
vn -0.4980734 -0.5759593 0.6482236
vn -0.146726 0.5367179 0.8309064
vn -5.02487E-06 0.1301035 0.9915004
vn -0.1758854 0.144889 0.9736896
vn -0.1758882 -0.14511 0.9736562
vn -0.6008545 -0.161715 0.7828296
vn -0.01537971 -0.9955494 0.09297702
vn -0.0645474 -0.9944026 0.08364887
vn 0.01928361 -0.9930625 -0.1159959
vn 6.618541E-05 -0.8666139 -0.4989793
vn 0.07939295 -0.8837461 -0.4611829
vn 0.2672929 -0.8992696 -0.3462207
vn 0.05193157 -0.996391 -0.0671427
vn 0.454821 -0.8710414 -0.185539
vn 0.1164721 -0.9921198 -0.04618018
vn -0.09273148 -0.995014 0.03671684
vn 0.07901758 0.8842348 -0.4603097
vn 2.627688E-05 0.9915827 -0.1294748
vn 0.01542538 0.9956147 -0.09226809
vn 0.06491916 0.9943581 -0.08388966
vn 0.2660641 0.9002602 -0.3445891
vn 0.4530239 0.8721517 -0.184718
vn -0.0192655 0.9930221 0.1163442
vn -0.07790367 0.8856375 0.4577962
vn -0.05159308 0.9964302 0.06682137
vn 0.7946517 0.5070004 -0.333885
vn -0.6008545 0.1617202 0.7828285
vn -0.44575 -0.8766515 0.1810776
vn 0.7949097 -0.5065302 -0.3339845
vn 0.457484 -0.8892179 -1.117507E-08
vn -0.4574844 0.8892177 -3.716638E-08
vn -0.9522621 0.3052815 -1.275977E-08
vn -0.9522621 -0.3052815 1.913965E-08
vn -0.1481511 -0.5300587 -0.8349186
vn -0.1760807 -0.1435285 -0.9738559
vn -0.6015656 -0.1555236 -0.7835376
vn -0.5047831 -0.5611682 -0.6559606
vn -0.1761357 0.1418608 -0.9740902
vn -0.1481444 0.530574 -0.8345924
vn -0.5046617 0.5614308 -0.6558293
vn -0.6017591 0.1534506 -0.7837977
vn -0.569132 0.8206646 -0.05097305
vn -0.9006427 0.42641 0.08376846
vn -0.5254462 0.8498558 0.04063714
vn -0.9227779 0.3794721 -0.0669472
vn -0.7946844 0.5069638 -0.3338628
vn -0.4530531 0.872133 -0.184735
vn 0.1467247 -0.5365233 0.8310323
vn 0.07791138 -0.8856336 0.4578023
vn 0.2605624 -0.9042113 0.338392
vn 0.4980899 -0.5759607 0.6482096
vn 0.1467132 0.5367042 0.8309175
vn 0.1758692 0.1448928 0.973692
vn 0.1758734 -0.1451117 0.9736586
vn 0.6008765 -0.1617171 0.7828123
vn -0.9898263 0.1209399 0.0749494
vn -0.9901415 0.104113 -0.09370333
vn -0.9114891 0.1320659 -0.3895463
vn -0.9899897 -0.1055071 0.09374756
vn -0.9899948 -0.1055044 -0.09369722
vn -0.9112654 -0.1338455 0.3894622
vn -0.9114693 0.1320667 0.3895922
vn -0.9009829 -0.425685 0.0837983
vn -0.9009956 -0.4256641 -0.08376804
vn -0.5709715 -0.819375 0.05114789
vn -0.5269313 -0.8489295 -0.04076992
vn -0.7949564 -0.506483 -0.3339449
vn -0.9112855 -0.1338387 -0.3894173
vn 0.9895848 0.1229438 0.07487831
vn 0.8979865 0.4320913 0.08317
vn 0.9209068 0.3840707 -0.06648564
vn 0.9898823 0.1066132 -0.09362991
vn 0.7869497 0.5214292 -0.3298813
vn 0.910629 0.1394543 -0.3889824
vn 0.989876 -0.106628 0.09368055
vn 0.9106271 0.139463 0.3889837
vn 0.9106283 -0.1394615 0.3889817
vn 0.9898809 -0.106622 -0.09363531
vn 0.8979763 -0.4321109 0.08317918
vn 0.8980092 -0.4320498 -0.08314084
vn 0.9106315 -0.1394565 -0.3889757
vn 0.7869607 -0.5214136 -0.3298799
vn 0.01537783 -0.9955495 0.09297675
vn 0.06454564 -0.9944027 0.08364857
vn -0.0192855 -0.9930624 -0.1159963
vn -0.07939491 -0.8837464 -0.4611818
vn -0.2673169 -0.899263 -0.3462193
vn -0.05193777 -0.9963906 -0.06714319
vn -0.4548683 -0.8710184 -0.1855313
vn -0.1164623 -0.9921209 -0.04618182
vn 0.1161066 -0.992174 0.04593563
vn -0.07901794 0.8842348 -0.4603095
vn -0.01542407 0.9956147 -0.09226878
vn -0.06491736 0.9943588 -0.0838825
vn -0.266076 0.9002525 -0.3445998
vn -0.1164428 0.9921232 -0.04617882
vn 0.01926769 0.9930222 0.1163426
vn 0.07790799 0.8856341 0.457802
vn 0.4980957 0.5759607 0.6482052
vn 0.2605674 0.9042138 0.3383815
vn 0.05159844 0.99643 0.06682011
vn 0.1161126 0.9921736 0.04592951
vn 0.4457652 0.8766462 0.1810659
vn 0.5254063 0.8499016 0.04019259
vn 0.1276291 0.9917626 0.01085723
vn 0.1658381 0.9861114 -0.009052684
vn 0.5676364 0.8217332 -0.0504336
vn 0.4457563 0.8766499 -0.18107
vn 0.2605394 0.9042155 -0.3383986
vn 0.4980764 0.5759661 -0.6482152
vn -0.1267421 0.9918765 0.01083997
vn -0.1965637 0.980431 -0.01085169
vn -0.09319889 0.9949622 0.03693698
vn 0.1160983 0.9921752 -0.04592834
vn -0.1639607 -0.9864252 0.009067218
vn -0.1267153 -0.9918798 -0.01085232
vn 0.1276405 -0.9917612 -0.01084756
vn 0.1990239 -0.9799345 0.01085788
vn 0.5254509 -0.849874 -0.04019318
vn 0.5676273 -0.8217394 0.05043404
vn 0.7869492 -0.5214299 0.3298815
vn 0.4457785 -0.8766395 0.1810656
vn 0.6008753 0.1617216 0.7828123
vn 0.7869437 0.5214351 0.3298861
vn -0.1481459 -0.5300552 0.8349217
vn -0.1760696 -0.1435405 0.9738561
vn -0.6015598 -0.155531 0.7835406
vn -0.504786 -0.5611643 0.6559617
vn -0.1761391 0.1418726 0.9740879
vn -0.1481644 0.5306065 0.8345682
vn -0.5046647 0.561461 0.6558011
vn -0.6017535 0.1534458 0.7838029
vn 0.1467385 -0.5365298 -0.8310256
vn 0.07790876 -0.8856406 -0.4577892
vn 0.2605428 -0.9042169 -0.338392
vn 0.4980775 -0.5759605 -0.6482193
vn 0.1467306 0.536724 -0.8309016
vn 0.1758901 0.144884 -0.9736895
vn 0.1758919 -0.1451051 -0.9736563
vn 0.6008605 -0.161713 -0.7828254
vn 0.01538076 -0.9955492 -0.09297923
vn 0.06454794 -0.9944025 -0.08364968
vn -0.01928418 -0.9930626 0.1159952
vn -0.07939462 -0.8837458 0.4611831
vn -0.2672977 -0.8992671 0.3462235
vn -0.05193258 -0.9963909 0.0671423
vn -0.4548211 -0.8710411 0.1855402
vn -0.1164713 -0.9921198 0.04618063
vn 0.0927311 -0.995014 -0.03671692
vn -0.0790195 0.8842313 0.4603162
vn -0.01542525 0.9956149 0.09226581
vn -0.06491882 0.9943582 0.08388785
vn -0.2660667 0.9002604 0.3445862
vn -0.4530219 0.8721528 0.1847179
vn 0.01926598 0.9930218 -0.1163468
vn 0.07790329 0.8856406 -0.4577902
vn 0.05159373 0.9964301 -0.06682173
vn -0.7946516 0.507 0.3338858
vn 0.600862 0.1617169 -0.7828234
vn 0.4457493 -0.8766518 -0.1810777
vn -0.7949125 -0.5065263 0.3339839
vn -0.4574829 -0.8892184 7.540887E-08
vn 0.9792104 0.1833666 -0.08673916
vn 0.9890431 0.1476269 -3.713459E-09
vn 0.96681 0.2554964 2.302771E-05
vn 0.9585931 0.270966 -0.08761705
vn 0.8878943 0.2897148 -0.3573641
vn 0.8724699 0.4843472 -0.06483887
vn 0.8644396 0.5027364 -0.0004330299
vn 0.865103 0.3621924 -0.3470064
vn 0.5803654 0.3986267 -0.7101216
vn 0.5744914 0.4654474 -0.6732892
vn 0.7661927 0.565182 -0.3058071
vn 0.5984966 0.7981678 -0.06877505
vn 0.6026697 0.7979906 -0.0005490662
vn 0.5086579 0.800712 -0.316429
vn -0.979211 0.1833639 0.08673768
vn -0.9890431 0.1476271 6.796569E-07
vn -0.9668093 0.255499 -2.25563E-05
vn -0.9585924 0.2709679 0.08761942
vn -0.8878959 0.2897138 0.357361
vn -0.8724682 0.4843502 0.06483912
vn -0.8644388 0.5027377 0.0004331978
vn -0.8651035 0.3621909 0.3470068
vn -0.580363 0.3986259 0.710124
vn -0.5744919 0.4654491 0.6732876
vn -0.7661939 0.5651795 0.3058089
vn -0.5984976 0.798167 0.06877472
vn -0.6026721 0.7979888 0.000549149
vn -0.5086631 0.8007094 0.3164273
vn 0.9667705 0.255646 -5.130181E-07
vn 0.558199 0.8297071 -2.931095E-07
vn -0.9667695 0.2556496 -1.367278E-08
vn -0.5582021 0.829705 -3.551527E-08
vn 0.9713181 0.237784 -3.655576E-07
vn 0.5580696 0.8297935 0.001042869
vn 0.1715051 0.4098803 0.8958706
vn 0 0.3942052 0.9190224
vn -0.0008198243 0.4894051 0.8720562
vn 0.1797342 0.4945344 0.8503712
vn 0.5875736 0.3956809 0.7058285
vn 0.577755 0.4656125 0.6703761
vn 0.1652046 0.7167232 0.6775067
vn -0.0008485058 0.7192096 0.6947926
vn 0.518335 0.651862 0.5535383
vn 0.1606207 0.9155149 0.3688271
vn 0.0007223974 0.9217687 0.3877396
vn 0.5086401 0.8007163 0.3164469
vn 0.766195 0.5651869 0.3057923
vn 0.8658044 0.3614923 0.3459858
vn -0.9713175 0.2377863 -9.479242E-09
vn -0.5580716 0.8297921 -0.001043222
vn -0.5777582 0.4656098 -0.6703753
vn -0.7661959 0.5651855 -0.3057927
vn -0.8658001 0.3614975 -0.3459911
vn -0.5183349 0.651861 -0.5535398
vn -0.5086383 0.8007171 -0.3164478
vn -0.1797382 0.4945399 -0.8503673
vn -0.5875761 0.3956838 -0.7058248
vn -0.1715149 0.4098853 -0.8958665
vn 0.0008198267 0.4894131 -0.8720517
vn 0 0.3942096 -0.9190206
vn -0.1651949 0.7167282 -0.6775038
vn 0.0008485114 0.7192144 -0.6947877
vn -0.1606152 0.9155148 -0.3688297
vn -0.000722393 0.921768 -0.3877413
vn 0.16448 0.7143754 -0.6801574
vn 0.5183713 0.6518346 -0.5535366
vn 0.1612137 0.9143211 -0.37152
vn 0.1833341 0.4969303 -0.8482033
vn 0.1796408 0.4120567 -0.893274
vn -0.9787146 0.1849613 -0.0889212
vn -0.888788 0.2896223 -0.3552108
vn -0.9584379 0.2711498 -0.08873854
vn -0.8490168 0.5221148 -0.08103384
vn -0.5524044 0.8291906 -0.0853947
vn -0.0007207395 0.9943126 -0.1064984
vn 0.1720389 0.9803728 -0.09628954
vn 0.1666948 0.9860085 -4.416479E-08
vn -0.1693361 0.9855583 -0.0003429893
vn -0.1666939 0.9860087 5.033082E-08
vn 0.1741198 0.9797429 0.09892529
vn 0.0007207387 0.9943128 0.1064965
vn 0.1693359 0.9855583 0.0003428129
vn 0.5524035 0.8291911 0.0853955
vn 0.8887906 0.2896193 0.3552069
vn 0.9787144 0.1849619 0.08892211
vn 0.9584382 0.2711485 0.08873888
vn 0.8490168 0.5221149 0.08103383
vn -0.1612172 0.9143213 0.3715179
vn -0.172039 0.980373 0.09628812
vn -0.1741197 0.9797428 -0.09892678
vn -0.1796323 0.4120525 0.8932776
vn -0.1833314 0.4969245 0.8482073
vn -0.5183776 0.6518309 0.5535352
vn -0.1644884 0.7143703 0.6801607
vn -0.9816927 0.1875784 -0.03307486
vn -0.673087 0.7283279 -0.128423
vn -0.7801111 0.5756326 0.2450997
vn -0.7801104 0.4570902 -0.427196
vn -0.7801106 0.4271958 0.4570899
vn -0.9816926 -0.03307525 -0.1875788
vn -0.78011 0.2450999 -0.5756339
vn -0.6730877 -0.1284234 -0.7283271
vn -0.7801102 -0.4271966 -0.4570898
vn -0.9816927 -0.187578 0.03307508
vn -0.7801107 -0.5756332 -0.2450994
vn -0.6730872 -0.7283275 0.1284235
vn -0.7801115 -0.4570884 0.4271958
vn -0.9816927 0.03307477 0.1875779
vn -0.6730884 0.1284225 0.7283266
vn -0.7801108 -0.2450996 0.575633
vn -0.2446663 0.6949633 -0.6761393
vn -0.2089939 0.9630603 -0.169813
vn 0.2446674 0.6949628 -0.6761394
vn 0.208994 0.9630604 -0.1698122
vn 0.6730865 0.7283282 -0.1284235
vn 0.7801102 0.4570894 -0.4271972
vn -0.2446669 0.3976741 -0.8843039
vn -0.2089966 -0.1698126 -0.9630597
vn 0.2089972 -0.1698124 -0.9630597
vn 0.2446673 0.397674 -0.8843039
vn 0.7801096 0.2451005 -0.5756343
vn 0.6730877 -0.1284226 -0.7283273
vn 0.9816923 0.1875798 -0.03307554
vn 0.7801095 0.5756344 0.2451003
vn 0.9816923 0.03307539 0.1875798
vn 0.7801095 0.4271973 0.4570903
vn 0.6730875 0.1284234 0.7283273
vn 0.7801095 -0.2451002 0.5756344
vn 0.9816923 -0.03307532 -0.18758
vn 0.78011 -0.4271964 -0.4570904
vn 0.7801104 -0.5756333 -0.2451001
vn 0.9816922 -0.1875804 0.03307505
vn 0.7801093 -0.4570909 0.427197
vn 0.6730863 -0.7283285 0.1284232
vn -0.244667 -0.3976741 0.8843039
vn -0.2089972 0.1698124 0.9630597
vn 0.2089966 0.1698126 0.9630597
vn -0.2446672 -0.6949628 0.6761395
vn -0.208994 -0.9630604 0.1698121
vn 0.2446663 -0.6949633 0.6761393
vn 0.208994 -0.9630603 0.1698128
vn 0.2446669 -0.3976741 0.8843039
vn 0.2446668 0.6761407 0.6949618
vn 0.2446665 0.8843045 0.397673
vn -0.2446679 0.8843043 0.3976725
vn -0.2446676 0.6761404 0.6949618
vn -0.2446668 -0.6761407 -0.6949618
vn 0.2446672 -0.6761405 -0.6949619
vn -0.2446664 -0.8843046 -0.3976727
vn 0.2446675 -0.8843046 -0.3976721
vn -0.9816927 0.07442304 -0.1753301
vn -0.6730818 0.2889714 -0.6807765
vn -0.7801095 0.5190712 -0.3492768
vn -0.7801082 -0.1093297 -0.6160181
vn -0.7801098 0.6160164 -0.1093275
vn -0.9816927 -0.1753302 -0.07442307
vn -0.7801116 -0.3492755 -0.5190689
vn -0.6730874 -0.680772 -0.2889686
vn -0.7801104 -0.6160154 0.1093288
vn -0.9816929 -0.07442447 0.1753289
vn -0.7801138 -0.5190662 0.3492746
vn -0.6730949 -0.2889703 0.6807638
vn -0.7801135 0.1093224 0.6160127
vn -0.9816927 0.17533 0.07442375
vn -0.6730865 0.6807713 0.2889724
vn -0.7801116 0.3492734 0.5190703
vn -0.2446634 -0.1885536 -0.951098
vn -0.2089867 0.3821027 -0.9001789
vn 0.2446722 -0.1885535 -0.9510958
vn 0.2089991 0.382102 -0.9001764
vn 0.6730905 0.2889688 -0.6807688
vn 0.7801123 -0.109328 -0.6160132
vn -0.244669 -0.525053 -0.8151419
vn -0.2089936 -0.9001785 -0.3820999
vn 0.2089961 -0.9001774 -0.3821014
vn 0.2446712 -0.525052 -0.815142
vn 0.780112 -0.3492738 -0.5190694
vn 0.673089 -0.6807698 -0.2889701
vn 0.9816919 0.07442454 -0.1753341
vn 0.7801118 0.5190682 -0.349276
vn 0.9816926 0.1753311 0.07442241
vn 0.7801118 0.6160136 -0.1093286
vn 0.6730866 0.6807721 0.2889702
vn 0.7801102 0.3492766 0.5190703
vn 0.981692 -0.1753331 -0.07442544
vn 0.78011 -0.616016 0.1093285
vn 0.7801102 -0.5190706 0.349276
vn 0.9816927 -0.07442331 0.1753299
vn 0.7801124 0.1093277 0.6160131
vn 0.6730891 -0.2889704 0.6807695
vn -0.2446672 0.5250533 0.8151423
vn -0.2089919 0.9001783 0.3821014
vn 0.2089936 0.9001774 0.3821026
vn -0.2446725 0.1885535 0.9510956
vn -0.2090067 -0.3821015 0.9001748
vn 0.2446701 0.1885545 0.9510961
vn 0.2089967 -0.3821038 0.9001761
vn 0.2446669 0.5250529 0.8151427
vn 0.2446676 0.9510967 -0.1885547
vn 0.2446702 0.8151417 -0.525053
vn -0.2446641 0.8151432 -0.5250534
vn -0.2446662 0.9510969 -0.1885552
vn -0.2446675 -0.9510967 0.1885546
vn 0.24467 -0.9510961 0.1885545
vn -0.2446733 -0.8151415 0.5250517
vn 0.2446682 -0.8151433 0.5250514
vn -0.9816927 0.190472 1.024638E-07
vn -0.673087 0.7395633 7.909895E-07
vn -0.7801099 0.524327 0.3413353
vn -0.7801108 0.5243266 -0.3413337
vn -0.7801099 0.3413323 0.5243289
vn -0.9816929 3.073913E-07 -0.1904708
vn -0.7801113 0.3413319 -0.524327
vn -0.6730875 0 -0.7395629
vn -0.780111 -0.3413319 -0.5243276
vn -0.7801104 -0.5243269 -0.3413344
vn -0.6730886 -0.7395619 8.912549E-08
vn -0.7801105 -0.5243262 0.341335
vn -0.9816925 2.172612E-07 0.190473
vn -0.6730862 -3.00798E-07 0.7395641
vn -0.7801096 -0.3413323 0.5243294
vn -0.2446664 0.8018151 -0.5451888
vn -0.2089936 0.977917 1.220879E-06
vn 0.2446671 0.8018144 -0.5451894
vn 0.2089964 0.9779164 -8.193828E-09
vn 0.6730886 0.7395619 0
vn 0.7801101 0.5243274 -0.3413343
vn -0.2446669 0.5451893 -0.8018147
vn -0.2089962 0 -0.9779164
vn 0.2089964 4.916286E-07 -0.9779164
vn 0.2446665 0.5451897 -0.8018144
vn 0.7801104 0.3413327 -0.5243279
vn 0.6730872 3.230796E-07 -0.739563
vn 0.9816926 0.1904721 4.819593E-07
vn 0.7801104 0.5243265 0.3413348
vn 0.9816925 2.276973E-08 0.1904728
vn 0.78011 0.3413323 0.5243288
vn 0.6730863 1.114067E-08 0.7395638
vn 0.7801102 -0.3413318 0.5243288
vn 0.9816929 -4.781642E-07 -0.1904708
vn 0.7801118 -0.3413309 -0.524327
vn 0.7801127 -0.5243257 -0.3413309
vn 0.7801113 -0.5243254 0.3413344
vn 0.6730874 -0.739563 2.78517E-06
vn -0.2446661 -0.545188 0.8018159
vn -0.2089964 -6.636987E-07 0.9779164
vn 0.2089962 -1.556824E-07 0.9779164
vn -0.2446669 -0.8018131 0.5451916
vn -0.2089963 -0.9779164 -3.195592E-07
vn 0.2446665 -0.8018137 0.5451909
vn 0.2089936 -0.977917 2.47453E-06
vn 0.2446668 -0.5451875 0.8018159
vn 0.2446669 0.5451881 0.8018156
vn 0.244667 0.8018135 0.5451909
vn -0.2446653 0.8018138 0.5451912
vn -0.2446667 0.5451881 0.8018155
vn -0.2446669 -0.5451887 -0.801815
vn 0.244667 -0.5451882 -0.8018155
vn -0.2446671 -0.8018146 -0.5451893
vn 0.2446681 -0.8018162 -0.5451864
vn -0.9816926 0.1759744 -0.07288858
vn -0.6730857 0.6832691 -0.2830176
vn -0.7801116 0.6150364 0.1147007
vn -0.7801097 0.3537945 -0.5160022
vn -0.7801111 0.5160061 0.3537858
vn -0.9816929 -0.07289162 -0.1759717
vn -0.7801097 0.1146977 -0.6150393
vn -0.6730886 -0.2830186 -0.6832659
vn -0.780113 -0.5160013 -0.3537886
vn -0.9816918 -0.1759765 0.07289428
vn -0.7801102 -0.615037 -0.1147064
vn -0.673092 -0.6832634 0.2830165
vn -0.7801129 -0.353784 0.5160047
vn -0.9816915 0.07289188 0.1759787
vn -0.6730934 0.2830165 0.683262
vn -0.780113 -0.114709 0.615033
vn -0.2446651 0.532147 -0.8105298
vn -0.2089934 0.903478 -0.3742318
vn 0.2446682 0.532145 -0.8105301
vn 0.2089933 0.9034776 -0.3742326
vn 0.6730876 0.6832667 -0.2830189
vn 0.7801121 0.3537898 -0.5160019
vn -0.2446653 0.1968471 -0.9494157
vn -0.2089957 -0.3742299 -0.9034782
vn 0.2089959 -0.374232 -0.9034773
vn 0.2446682 0.1968476 -0.9494148
vn 0.7801116 0.1146997 -0.6150365
vn 0.6730885 -0.2830175 -0.6832663
vn 0.9816927 0.1759727 -0.07289045
vn 0.7801101 0.6150382 0.1147005
vn 0.9816926 0.07289008 0.1759734
vn 0.7801111 0.516003 0.3537904
vn 0.6730903 0.2830176 0.6832646
vn 0.7801136 -0.1147018 0.6150335
vn 0.9816927 -0.07289019 -0.175973
vn 0.7801108 -0.5160017 -0.3537927
vn 0.7801101 -0.6150383 -0.1147005
vn 0.9816926 -0.1759732 0.07289099
vn 0.7801134 -0.3537895 0.5160001
vn 0.6730886 -0.6832663 0.2830175
vn -0.2446745 -0.1968487 0.949413
vn -0.2089958 0.374234 0.9034764
vn 0.2089955 0.3742337 0.9034767
vn -0.2446743 -0.5321447 0.8105285
vn -0.2089946 -0.903478 0.3742308
vn 0.244671 -0.5321459 0.8105287
vn 0.2089946 -0.903478 0.3742308
vn 0.2446712 -0.1968481 0.9494139
vn 0.2446679 0.810531 0.532144
vn 0.2446663 0.9494153 0.1968478
vn -0.2446664 0.9494151 0.1968481
vn -0.2446697 0.810531 0.5321431
vn -0.2446715 -0.8105281 -0.5321468
vn 0.2446676 -0.8105294 -0.5321465
vn -0.244671 -0.949414 -0.1968482
vn 0.2446663 -0.9494152 -0.1968479
vn -0.780127 0.3537789 -0.5159869
vn -0.7801263 0.5159872 0.3537798
vn -0.7801271 -0.5159854 -0.3537806
vn -0.780129 -0.3537782 0.5159843
vn -0.209018 0.9034729 -0.37423
vn 0.2090213 0.9034721 -0.3742304
vn 0.7801274 0.3537815 -0.5159844
vn -0.2090223 -0.3742295 -0.9034722
vn 0.2090239 -0.3742297 -0.9034717
vn 0.7801269 0.5159847 0.3537821
vn 0.7801266 -0.5159837 -0.3537842
vn 0.780128 -0.353781 0.5159838
vn -0.2090225 0.3742315 0.9034712
vn 0.2090234 0.3742303 0.9034716
vn -0.2090213 -0.9034728 0.3742286
vn 0.2090215 -0.9034727 0.3742287
vn -0.9816926 0.1346838 -0.1346848
vn -0.6730868 0.522949 -0.5229517
vn -0.7801108 0.612114 -0.129397
vn -0.7801101 0.1293952 -0.6121152
vn -0.7801111 0.6121137 0.1293964
vn -0.9816926 -0.134684 -0.1346847
vn -0.7801101 -0.1293952 -0.6121152
vn -0.6730866 -0.5229493 -0.5229516
vn -0.7801111 -0.6121137 -0.1293964
vn -0.9816926 -0.1346838 0.1346848
vn -0.7801108 -0.612114 0.129397
vn -0.6730868 -0.522949 0.5229517
vn -0.7801101 -0.1293952 0.6121152
vn -0.9816926 0.134684 0.1346847
vn -0.6730868 0.5229493 0.5229515
vn -0.7801102 0.1293952 0.6121152
vn -0.2446664 0.1814611 -0.9524758
vn -0.2089944 0.6914906 -0.6914926
vn 0.2446665 0.1814611 -0.9524758
vn 0.2089944 0.6914906 -0.6914926
vn 0.6730872 0.522949 -0.5229512
vn 0.7801101 0.1293952 -0.6121152
vn -0.2446663 -0.1814613 -0.9524758
vn -0.2089935 -0.6914905 -0.6914931
vn 0.2089935 -0.6914905 -0.6914931
vn 0.2446663 -0.1814613 -0.9524758
vn 0.7801101 -0.1293952 -0.6121153
vn 0.6730866 -0.5229493 -0.5229516
vn 0.9816926 0.134684 -0.1346847
vn 0.7801111 0.6121138 -0.1293964
vn 0.9816927 0.1346845 0.1346831
vn 0.7801111 0.6121138 0.1293963
vn 0.6730897 0.5229508 0.5229462
vn 0.780111 0.1294005 0.6121129
vn 0.9816926 -0.134684 -0.1346847
vn 0.7801111 -0.6121138 -0.1293964
vn 0.7801111 -0.6121138 0.1293964
vn 0.9816927 -0.1346845 0.1346831
vn 0.780111 -0.1294005 0.6121129
vn 0.67309 -0.5229505 0.522946
vn -0.2446664 0.1814614 0.9524758
vn -0.2089937 0.691491 0.6914924
vn 0.2090015 0.6914916 0.6914895
vn -0.2446664 -0.1814611 0.9524758
vn -0.2089944 -0.6914906 0.6914926
vn 0.2446688 -0.1814627 0.9524749
vn 0.2090021 -0.6914912 0.6914897
vn 0.2446687 0.181463 0.9524749
vn 0.2446683 0.9524752 0.1814615
vn 0.2446676 0.9524752 -0.1814625
vn -0.2446668 0.9524754 -0.1814627
vn -0.2446671 0.9524753 0.1814629
vn -0.2446671 -0.9524752 -0.1814631
vn 0.2446673 -0.9524752 -0.1814631
vn -0.2446668 -0.9524756 0.181462
vn 0.2446685 -0.9524755 0.1814604
vn -0.2090237 0.6914862 -0.6914883
vn 0.2090236 0.6914862 -0.6914883
vn -0.2090227 -0.6914861 -0.6914887
vn 0.2090226 -0.6914861 -0.6914887
vn -0.2090229 0.691488 0.6914866
vn -0.2090236 -0.6914881 0.6914864
vn 0.2090256 -6.637017E-07 -0.9779102
vn 0.2090255 -0.9779102 -2.245117E-06
vn 0.2090227 0.9779108 1.057006E-06
vn 0.2090254 8.193847E-09 0.9779102
vn -0.2090254 -1.802646E-07 -0.9779102
vn -0.2090227 -0.9779108 9.422932E-07
vn -0.2090256 0.9779102 2.900623E-06
vn -0.2090256 5.080186E-07 0.9779102
vn -0.2090185 0.3821007 -0.9001724
vn 0.209022 0.3821014 -0.9001713
vn -0.2090204 -0.9001716 -0.3821014
vn 0.2090227 -0.9001716 -0.3821002
vn -0.209025 0.9001709 0.3821008
vn 0.2090222 0.9001719 0.3820999
vn 0.2090222 -0.3820997 0.9001719

usemtl Color
f 708/17/300 705/17/297 709/17/301
f 712/17/304 713/17/305 714/17/306
f 730/20/322 765/20/357 764/20/356
f 726/20/318 767/20/359 768/20/360
f 780/17/300 777/17/297 781/17/301
f 784/17/304 785/17/305 786/17/306
f 802/20/322 837/20/357 836/20/356
f 798/20/318 839/20/359 840/20/360
f 892/42/412 880/42/400 879/41/399
f 892/42/412 893/32/413 880/42/400
f 908/42/428 911/42/431 912/41/432
f 908/42/428 907/32/427 911/42/431
f 1432/74/722 1429/71/719 1430/72/720
f 1432/74/722 1431/73/721 1429/71/719
f 1441/77/731 1445/77/735 1444/77/734
f 1441/77/731 1446/77/736 1445/77/735
f 1516/74/780 1513/71/777 1514/72/778
f 1516/74/780 1515/73/779 1513/71/777
f 1525/77/789 1529/77/790 1528/77/740
f 1525/77/789 1530/77/737 1529/77/790
f 1600/74/722 1597/71/719 1598/72/720
f 1600/74/722 1599/73/721 1597/71/719
f 1609/77/731 1613/77/735 1612/77/734
f 1609/77/731 1614/77/736 1613/77/735
f 1684/74/780 1681/71/777 1682/72/778
f 1684/74/780 1683/73/779 1681/71/777
f 1693/77/789 1697/77/790 1696/77/740
f 1693/77/789 1698/77/737 1697/77/790
f 1768/74/780 1765/71/777 1766/72/778
f 1768/74/780 1767/73/779 1765/71/777
f 1777/77/789 1781/77/790 1780/77/740
f 1777/77/789 1782/77/737 1781/77/790
f 1852/74/780 1849/71/777 1850/72/778
f 1852/74/780 1851/73/779 1849/71/777
f 1861/77/789 1865/77/790 1864/77/740
f 1861/77/789 1866/77/737 1865/77/790
f 1936/74/831 1933/71/828 1934/72/829
f 1936/74/831 1935/73/830 1933/71/828
f 1945/77/840 1949/77/843 1948/77/739
f 1945/77/840 1950/77/844 1949/77/843
f 2601/122/442 2600/122/442 2599/122/442
f 2600/122/442 2602/122/442 2599/122/442
f 2609/122/455 2613/122/455 2612/122/455
f 2613/122/455 2614/122/455 2612/122/455
f 2619/122/455 2621/122/455 2620/122/455
f 2621/122/455 2622/122/455 2620/122/455
f 2630/122/442 2634/122/442 2633/122/442
f 2634/122/442 2627/122/442 2633/122/442
f 2660/122/455 2664/122/455 2663/122/455
f 2664/122/455 2665/122/455 2663/122/455
f 2670/122/455 2672/122/455 2671/122/455
f 2672/122/455 2673/122/455 2671/122/455
f 2683/122/442 2684/122/442 2679/122/442
f 2684/122/442 2678/122/442 2679/122/442
f 2687/122/442 2688/122/442 2680/122/442
f 2688/122/442 2689/122/442 2680/122/442
f 2621/122/442 2619/122/442 2622/122/442
f 2619/122/442 2620/122/442 2622/122/442
f 2711/130/1586 2724/122/1600 2713/130/1588
f 2724/122/1600 2725/122/1601 2713/130/1588
f 2613/122/442 2609/122/442 2614/122/442
f 2609/122/442 2612/122/442 2614/122/442
f 2739/129/1615 2738/129/1614 2737/126/1613
f 2740/126/1616 2739/129/1615 2737/126/1613
f 2751/122/1627 2753/122/1629 2756/152/1633
f 2752/150/1628 2751/122/1627 2756/152/1633
f 2761/126/1639 2765/126/1643 2769/155/1647
f 2762/153/1640 2761/126/1639 2769/155/1647
f 2774/126/1652 2773/126/1651 2772/127/1650
f 2775/127/1653 2774/126/1652 2772/127/1650
f 2773/126/1651 2774/126/1652 2779/126/1657
f 2780/126/1658 2773/126/1651 2779/126/1657
f 2781/153/1659 2779/126/1657 2774/126/1652
f 2782/155/1660 2781/153/1659 2774/126/1652
f 2779/126/1657 2712/127/1587 2780/126/1658
f 2712/127/1587 2710/127/1585 2780/126/1658
f 2733/130/1609 2783/122/1661 2734/130/1610
f 2783/122/1661 2784/122/1662 2734/130/1610
f 2783/122/1661 2785/122/1663 2784/122/1662
f 2785/122/1663 2786/122/1664 2784/122/1662
f 2785/122/1663 2787/129/1665 2786/122/1664
f 2787/129/1665 2788/129/1666 2786/122/1664
f 2672/122/442 2670/122/442 2673/122/442
f 2670/122/442 2671/122/442 2673/122/442
f 2664/122/442 2660/122/442 2665/122/442
f 2660/122/442 2663/122/442 2665/122/442
f 2811/122/1691 2809/122/1689 2814/152/1695
f 2809/122/1689 2810/150/1690 2814/152/1695
f 2823/126/1705 2819/126/1701 2825/155/1707
f 2819/126/1701 2820/153/1702 2825/155/1707
f 2817/150/1698 2785/122/1663 2783/122/1661
f 2816/152/1697 2817/150/1698 2783/122/1661
f 2853/122/455 2852/122/455 2851/122/455
f 2852/122/455 2854/122/455 2851/122/455
f 2879/130/1725 2894/122/1738 2881/130/1727
f 2894/122/1738 2895/122/1739 2881/130/1727
f 2911/122/455 2874/122/455 2912/122/455
f 2874/122/455 2868/122/455 2912/122/455
f 2915/129/1753 2914/129/1752 2913/126/1751
f 2916/126/1754 2915/129/1753 2913/126/1751
f 2927/122/1765 2929/122/1767 2932/152/1770
f 2928/150/1766 2927/122/1765 2932/152/1770
f 2937/126/1775 2941/126/1779 2945/155/1783
f 2938/153/1776 2937/126/1775 2945/155/1783
f 2950/126/1788 2949/126/1787 2948/127/1786
f 2951/127/1789 2950/126/1788 2948/127/1786
f 2949/126/1787 2950/126/1788 2955/126/1793
f 2956/126/1794 2949/126/1787 2955/126/1793
f 2957/153/1795 2955/126/1793 2950/126/1788
f 2958/155/1796 2957/153/1795 2950/126/1788
f 2955/126/1793 2880/127/1726 2956/126/1794
f 2880/127/1726 2878/127/1724 2956/126/1794
f 2903/130/1747 2959/122/1797 2904/130/1748
f 2959/122/1797 2960/122/1798 2904/130/1748
f 2959/122/1797 2961/122/1799 2960/122/1798
f 2961/122/1799 2962/122/1800 2960/122/1798
f 2961/122/1799 2963/129/1801 2962/122/1800
f 2963/129/1801 2964/129/1802 2962/122/1800
f 2977/122/455 2994/122/455 2970/122/455
f 2994/122/455 2995/122/455 2970/122/455
f 3000/122/455 2988/122/455 2983/122/455
f 2988/122/455 2982/122/455 2983/122/455
f 3003/122/1825 3001/122/1823 3006/152/1828
f 3001/122/1823 3002/150/1824 3006/152/1828
f 3015/126/1837 3011/126/1833 3017/155/1839
f 3011/126/1833 3012/153/1834 3017/155/1839
f 3009/150/1831 2961/122/1799 2959/122/1797
f 3008/152/1830 3009/150/1831 2959/122/1797
f 3045/158/1847 3046/158/1848 3048/158/1850
f 3049/158/1851 3045/158/1847 3048/158/1850
f 3049/158/1851 3048/158/1850 3054/159/1856
f 3055/159/1857 3049/158/1851 3054/159/1856
f 3059/161/1861 3060/161/1862 3062/161/1864
f 3063/161/1865 3059/161/1861 3062/161/1864
f 3063/161/1865 3062/161/1864 3068/163/1870
f 3069/163/1871 3063/161/1865 3068/163/1870
f 3072/165/1873 3045/165/1847 3049/165/1851
f 3073/165/1851 3072/165/1873 3049/165/1851
f 3073/165/1851 3049/165/1851 3055/166/1857
f 3074/166/1874 3073/165/1851 3055/166/1857
f 3076/168/1875 3059/168/1861 3063/168/1865
f 3077/168/1865 3076/168/1875 3063/168/1865
f 3077/168/1865 3063/168/1865 3069/168/1871
f 3078/168/1876 3077/168/1865 3069/168/1871
f 3100/174/1873 3072/174/1873 3073/174/1851
f 3101/174/1851 3100/174/1873 3073/174/1851
f 3111/159/1887 3115/159/1891 3114/159/1890
f 3118/161/1875 3076/161/1875 3077/161/1865
f 3119/161/1865 3118/161/1875 3077/161/1865
f 3142/181/1896 3145/181/1899 3144/181/1898
f 3053/158/1855 3156/158/1910 3056/159/1858
f 3067/161/1869 3203/163/1937 3070/163/1872
f 3/2/3 2/2/2 1/1/1
f 1/1/1 4/1/4 3/2/3
f 5/2/5 3/2/3 4/1/4
f 4/1/4 12/1/12 5/2/5
f 6/3/6 4/1/4 1/1/1
f 1/1/1 7/3/7 6/3/6
f 6/3/6 7/3/7 8/4/8
f 8/4/8 9/4/9 6/3/6
f 10/3/10 6/3/6 9/4/9
f 9/4/9 11/4/11 10/3/10
f 4/1/4 6/3/6 10/3/10
f 10/3/10 12/1/12 4/1/4
f 13/2/13 5/2/5 12/1/12
f 12/1/12 14/1/14 13/2/13
f 15/3/15 14/1/14 12/1/12
f 12/1/12 10/3/10 15/3/15
f 15/3/15 10/3/10 11/4/11
f 11/4/11 16/4/16 15/3/15
f 17/5/17 2/5/8 18/6/7
f 18/6/7 19/6/18 17/5/17
f 20/5/19 17/5/17 19/6/18
f 19/6/18 28/6/27 20/5/19
f 21/7/20 19/6/18 18/6/7
f 18/6/7 22/7/21 21/7/20
f 21/7/20 22/7/21 23/8/22
f 23/8/22 24/9/23 21/7/20
f 25/7/24 21/7/20 24/9/23
f 24/9/23 26/9/25 25/7/24
f 19/6/18 21/7/20 25/7/24
f 25/7/24 28/6/27 19/6/18
f 25/7/24 26/9/25 27/9/26
f 27/9/26 29/7/28 25/7/24
f 28/6/27 25/7/24 29/7/28
f 29/7/28 30/6/29 28/6/27
f 20/5/19 28/6/27 30/6/29
f 30/6/29 31/5/30 20/5/19
f 32/5/31 31/5/30 30/6/29
f 30/6/29 37/6/36 32/5/31
f 33/7/32 29/7/28 27/9/26
f 27/9/26 34/9/33 33/7/32
f 30/6/29 29/7/28 33/7/32
f 33/7/32 37/6/36 30/6/29
f 33/7/32 34/9/33 35/8/34
f 35/8/34 36/7/35 33/7/32
f 37/6/36 33/7/32 36/7/35
f 36/7/35 39/6/38 37/6/36
f 38/5/37 32/5/31 37/6/36
f 37/6/36 39/6/38 38/5/37
f 42/4/39 41/4/37 40/3/38
f 40/3/38 43/3/40 42/4/39
f 44/4/41 42/4/39 43/3/40
f 43/3/40 50/3/48 44/4/41
f 45/1/42 43/3/40 40/3/38
f 40/3/38 46/1/43 45/1/42
f 45/1/42 46/1/43 38/2/44
f 38/2/44 47/2/45 45/1/42
f 48/1/46 45/1/42 47/2/45
f 47/2/45 49/2/47 48/1/46
f 43/3/40 45/1/42 48/1/46
f 48/1/46 50/3/48 43/3/40
f 51/4/49 44/4/41 50/3/48
f 50/3/48 52/3/50 51/4/49
f 53/1/51 52/3/50 50/3/48
f 50/3/48 48/1/46 53/1/51
f 53/1/51 48/1/46 49/2/47
f 49/2/47 54/2/52 53/1/51
f 55/10/53 41/10/44 56/11/43
f 56/11/43 57/11/54 55/10/53
f 58/10/55 55/10/53 57/11/54
f 57/11/54 66/11/63 58/10/55
f 59/12/56 57/11/54 56/11/43
f 56/11/43 60/12/57 59/12/56
f 59/12/56 60/12/57 61/13/58
f 61/13/58 62/14/59 59/12/56
f 63/12/60 59/12/56 62/14/59
f 62/14/59 64/14/61 63/12/60
f 57/11/54 59/12/56 63/12/60
f 63/12/60 66/11/63 57/11/54
f 63/12/60 64/14/61 65/14/62
f 65/14/62 67/12/64 63/12/60
f 66/11/63 63/12/60 67/12/64
f 67/12/64 68/11/65 66/11/63
f 58/10/55 66/11/63 68/11/65
f 68/11/65 69/10/66 58/10/55
f 70/10/67 69/10/66 68/11/65
f 68/11/65 75/11/72 70/10/67
f 71/12/68 67/12/64 65/14/62
f 65/14/62 72/14/69 71/12/68
f 68/11/65 67/12/64 71/12/68
f 71/12/68 75/11/72 68/11/65
f 71/12/68 72/14/69 73/13/70
f 73/13/70 74/12/71 71/12/68
f 75/11/72 71/12/68 74/12/71
f 74/12/71 76/11/1 75/11/72
f 8/10/2 70/10/67 75/11/72
f 75/11/72 76/11/1 8/10/2
f 77/4/73 51/4/49 52/3/50
f 52/3/50 78/3/74 77/4/73
f 79/4/75 77/4/73 78/3/74
f 78/3/74 85/3/81 79/4/75
f 80/1/76 78/3/74 52/3/50
f 52/3/50 53/1/51 80/1/76
f 80/1/76 53/1/51 54/2/52
f 54/2/52 81/2/77 80/1/76
f 82/1/78 80/1/76 81/2/77
f 81/2/77 83/2/79 82/1/78
f 78/3/74 80/1/76 82/1/78
f 82/1/78 85/3/81 78/3/74
f 82/1/78 83/2/79 84/2/80
f 84/2/80 86/1/82 82/1/78
f 85/3/81 82/1/78 86/1/82
f 86/1/82 87/3/83 85/3/81
f 79/4/75 85/3/81 87/3/83
f 87/3/83 88/4/84 79/4/75
f 89/4/85 88/4/84 87/3/83
f 87/3/83 92/3/88 89/4/85
f 90/1/86 86/1/82 84/2/80
f 84/2/80 91/2/87 90/1/86
f 87/3/83 86/1/82 90/1/86
f 90/1/86 92/3/88 87/3/83
f 16/4/16 89/4/85 92/3/88
f 92/3/88 15/3/15 16/4/16
f 14/1/14 15/3/15 92/3/88
f 92/3/88 90/1/86 14/1/14
f 14/1/14 90/1/86 91/2/87
f 91/2/87 13/2/13 14/1/14
f 44/10/47 51/10/52 93/11/51
f 93/11/51 94/11/46 44/10/47
f 42/10/45 44/10/47 94/11/46
f 94/11/46 101/11/42 42/10/45
f 95/12/89 94/11/46 93/11/51
f 93/11/51 96/12/90 95/12/89
f 95/12/89 96/12/90 97/13/91
f 97/13/91 98/14/92 95/12/89
f 99/12/93 95/12/89 98/14/92
f 98/14/92 100/14/94 99/12/93
f 94/11/46 95/12/89 99/12/93
f 99/12/93 101/11/42 94/11/46
f 99/12/93 100/14/94 61/13/58
f 61/13/58 60/12/57 99/12/93
f 101/11/42 99/12/93 60/12/57
f 60/12/57 56/11/43 101/11/42
f 41/10/44 42/10/45 101/11/42
f 101/11/42 56/11/43 41/10/44
f 89/10/87 16/10/13 102/11/14
f 102/11/14 103/11/86 89/10/87
f 88/10/80 89/10/87 103/11/86
f 103/11/86 111/11/82 88/10/80
f 104/12/95 103/11/86 102/11/14
f 102/11/14 105/12/96 104/12/95
f 104/12/95 105/12/96 106/13/97
f 106/13/97 107/14/98 104/12/95
f 108/12/99 104/12/95 107/14/98
f 107/14/98 109/14/100 108/12/99
f 103/11/86 104/12/95 108/12/99
f 108/12/99 111/11/82 103/11/86
f 108/12/99 109/14/100 110/14/101
f 110/14/101 112/12/102 108/12/99
f 111/11/82 108/12/99 112/12/102
f 112/12/102 113/11/78 111/11/82
f 88/10/80 111/11/82 113/11/78
f 113/11/78 79/10/79 88/10/80
f 77/10/77 79/10/79 113/11/78
f 113/11/78 116/11/76 77/10/77
f 114/12/103 112/12/102 110/14/101
f 110/14/101 115/14/104 114/12/103
f 113/11/78 112/12/102 114/12/103
f 114/12/103 116/11/76 113/11/78
f 114/12/103 115/14/104 97/13/91
f 97/13/91 96/12/90 114/12/103
f 116/11/76 114/12/103 96/12/90
f 96/12/90 93/11/51 116/11/76
f 51/10/52 77/10/77 116/11/76
f 116/11/76 93/11/51 51/10/52
f 9/10/3 8/10/2 76/11/1
f 76/11/1 117/11/4 9/10/3
f 11/10/5 9/10/3 117/11/4
f 117/11/4 122/11/12 11/10/5
f 118/12/105 117/11/4 76/11/1
f 76/11/1 74/12/71 118/12/105
f 118/12/105 74/12/71 73/13/70
f 73/13/70 119/14/106 118/12/105
f 120/12/107 118/12/105 119/14/106
f 119/14/106 121/14/108 120/12/107
f 117/11/4 118/12/105 120/12/107
f 120/12/107 122/11/12 117/11/4
f 120/12/107 121/14/108 106/13/97
f 106/13/97 105/12/96 120/12/107
f 122/11/12 120/12/107 105/12/96
f 105/12/96 102/11/14 122/11/12
f 16/10/13 11/10/5 122/11/12
f 122/11/12 102/11/14 16/10/13
f 70/4/17 8/4/8 7/3/7
f 7/3/7 123/3/18 70/4/17
f 69/4/19 70/4/17 123/3/18
f 123/3/18 126/3/27 69/4/19
f 124/1/72 123/3/18 7/3/7
f 7/3/7 1/1/1 124/1/72
f 124/1/72 1/1/1 2/2/2
f 2/2/2 17/2/67 124/1/72
f 125/1/65 124/1/72 17/2/67
f 17/2/67 20/2/66 125/1/65
f 123/3/18 124/1/72 125/1/65
f 125/1/65 126/3/27 123/3/18
f 125/1/65 20/2/66 31/2/55
f 31/2/55 127/1/63 125/1/65
f 126/3/27 125/1/65 127/1/63
f 127/1/63 128/3/29 126/3/27
f 69/4/19 126/3/27 128/3/29
f 128/3/29 58/4/30 69/4/19
f 55/4/31 58/4/30 128/3/29
f 128/3/29 130/3/36 55/4/31
f 129/1/54 127/1/63 31/2/55
f 31/2/55 32/2/53 129/1/54
f 128/3/29 127/1/63 129/1/54
f 129/1/54 130/3/36 128/3/29
f 41/4/37 55/4/31 130/3/36
f 130/3/36 40/3/38 41/4/37
f 46/1/43 40/3/38 130/3/36
f 130/3/36 129/1/54 46/1/43
f 46/1/43 129/1/54 32/2/53
f 32/2/53 38/2/44 46/1/43
f 47/5/39 38/5/37 39/6/38
f 39/6/38 131/6/40 47/5/39
f 49/5/41 47/5/39 131/6/40
f 131/6/40 138/6/48 49/5/41
f 132/7/109 131/6/40 39/6/38
f 39/6/38 36/7/35 132/7/109
f 132/7/109 36/7/35 35/8/34
f 35/8/34 133/9/110 132/7/109
f 134/7/111 132/7/109 133/9/110
f 133/9/110 135/9/112 134/7/111
f 131/6/40 132/7/109 134/7/111
f 134/7/111 138/6/48 131/6/40
f 134/7/111 135/9/112 136/8/113
f 136/8/113 137/7/114 134/7/111
f 138/6/48 134/7/111 137/7/114
f 137/7/114 139/6/50 138/6/48
f 54/5/49 49/5/41 138/6/48
f 138/6/48 139/6/50 54/5/49
f 81/5/73 54/5/49 139/6/50
f 139/6/50 140/6/74 81/5/73
f 83/5/75 81/5/73 140/6/74
f 140/6/74 146/6/81 83/5/75
f 141/7/115 140/6/74 139/6/50
f 139/6/50 137/7/114 141/7/115
f 141/7/115 137/7/114 136/8/113
f 136/8/113 142/9/116 141/7/115
f 143/7/117 141/7/115 142/9/116
f 142/9/116 144/9/118 143/7/117
f 140/6/74 141/7/115 143/7/117
f 143/7/117 146/6/81 140/6/74
f 143/7/117 144/9/118 145/9/119
f 145/9/119 147/7/120 143/7/117
f 146/6/81 143/7/117 147/7/120
f 147/7/120 148/6/83 146/6/81
f 83/5/75 146/6/81 148/6/83
f 148/6/83 84/5/84 83/5/75
f 91/5/85 84/5/84 148/6/83
f 148/6/83 153/6/88 91/5/85
f 149/7/121 147/7/120 145/9/119
f 145/9/119 150/9/122 149/7/121
f 148/6/83 147/7/120 149/7/121
f 149/7/121 153/6/88 148/6/83
f 149/7/121 150/9/122 151/8/123
f 151/8/123 152/7/124 149/7/121
f 153/6/88 149/7/121 152/7/124
f 152/7/124 154/6/15 153/6/88
f 13/5/16 91/5/85 153/6/88
f 153/6/88 154/6/15 13/5/16
f 5/5/11 13/5/16 154/6/15
f 154/6/15 155/6/10 5/5/11
f 3/5/9 5/5/11 155/6/10
f 155/6/10 160/6/6 3/5/9
f 156/7/125 155/6/10 154/6/15
f 154/6/15 152/7/124 156/7/125
f 156/7/125 152/7/124 151/8/123
f 151/8/123 157/9/126 156/7/125
f 158/7/127 156/7/125 157/9/126
f 157/9/126 159/9/128 158/7/127
f 155/6/10 156/7/125 158/7/127
f 158/7/127 160/6/6 155/6/10
f 158/7/127 159/9/128 23/8/22
f 23/8/22 22/7/21 158/7/127
f 160/6/6 158/7/127 22/7/21
f 22/7/21 18/6/7 160/6/6
f 2/5/8 3/5/9 160/6/6
f 160/6/6 18/6/7 2/5/8
f 161/15/129 65/14/62 64/14/61
f 64/14/61 165/15/133 161/15/129
f 72/14/69 65/14/62 161/15/129
f 161/15/129 162/15/130 72/14/69
f 73/13/70 72/14/69 162/15/130
f 162/15/130 119/14/106 73/13/70
f 121/14/108 119/14/106 162/15/130
f 162/15/130 163/15/131 121/14/108
f 163/15/131 162/15/130 161/15/129
f 161/15/129 164/15/132 163/15/131
f 106/13/97 121/14/108 163/15/131
f 163/15/131 107/14/98 106/13/97
f 109/14/100 107/14/98 163/15/131
f 163/15/131 164/15/132 109/14/100
f 164/15/132 161/15/129 165/15/133
f 165/15/133 166/15/134 164/15/132
f 109/14/100 164/15/132 166/15/134
f 166/15/134 110/14/101 109/14/100
f 115/14/104 110/14/101 166/15/134
f 166/15/134 168/15/136 115/14/104
f 167/15/135 165/15/133 64/14/61
f 64/14/61 62/14/59 167/15/135
f 166/15/134 165/15/133 167/15/135
f 167/15/135 168/15/136 166/15/134
f 167/15/135 62/14/59 61/13/58
f 61/13/58 100/14/94 167/15/135
f 168/15/136 167/15/135 100/14/94
f 100/14/94 98/14/92 168/15/136
f 97/13/91 115/14/104 168/15/136
f 168/15/136 98/14/92 97/13/91
f 34/9/33 27/9/26 169/16/137
f 169/16/137 170/16/138 34/9/33
f 169/16/137 27/9/26 26/9/25
f 26/9/25 173/16/141 169/16/137
f 35/8/34 34/9/33 170/16/138
f 170/16/138 133/9/110 35/8/34
f 135/9/112 133/9/110 170/16/138
f 170/16/138 171/16/139 135/9/112
f 171/16/139 170/16/138 169/16/137
f 169/16/137 172/16/140 171/16/139
f 136/8/113 135/9/112 171/16/139
f 171/16/139 142/9/116 136/8/113
f 144/9/118 142/9/116 171/16/139
f 171/16/139 172/16/140 144/9/118
f 172/16/140 169/16/137 173/16/141
f 173/16/141 174/16/142 172/16/140
f 144/9/118 172/16/140 174/16/142
f 174/16/142 145/9/119 144/9/118
f 150/9/122 145/9/119 174/16/142
f 174/16/142 176/16/144 150/9/122
f 175/16/143 173/16/141 26/9/25
f 26/9/25 24/9/23 175/16/143
f 174/16/142 173/16/141 175/16/143
f 175/16/143 176/16/144 174/16/142
f 175/16/143 24/9/23 23/8/22
f 23/8/22 159/9/128 175/16/143
f 176/16/144 175/16/143 159/9/128
f 159/9/128 157/9/126 176/16/144
f 151/8/123 150/9/122 176/16/144
f 176/16/144 157/9/126 151/8/123
f 179/2/3 178/2/2 177/1/1
f 177/1/1 180/1/4 179/2/3
f 181/2/5 179/2/3 180/1/4
f 180/1/4 188/1/146 181/2/5
f 182/3/145 180/1/4 177/1/1
f 177/1/1 183/3/7 182/3/145
f 182/3/145 183/3/7 184/4/8
f 184/4/8 185/4/9 182/3/145
f 186/3/10 182/3/145 185/4/9
f 185/4/9 187/4/11 186/3/10
f 180/1/4 182/3/145 186/3/10
f 186/3/10 188/1/146 180/1/4
f 189/2/13 181/2/5 188/1/146
f 188/1/146 190/1/14 189/2/13
f 191/3/15 190/1/14 188/1/146
f 188/1/146 186/3/10 191/3/15
f 191/3/15 186/3/10 187/4/11
f 187/4/11 192/4/16 191/3/15
f 193/5/17 178/5/8 194/6/7
f 194/6/7 195/6/18 193/5/17
f 196/5/19 193/5/17 195/6/18
f 195/6/18 204/6/27 196/5/19
f 197/7/20 195/6/18 194/6/7
f 194/6/7 198/7/21 197/7/20
f 197/7/20 198/7/21 199/8/22
f 199/8/22 200/9/23 197/7/20
f 201/7/24 197/7/20 200/9/23
f 200/9/23 202/9/25 201/7/24
f 195/6/18 197/7/20 201/7/24
f 201/7/24 204/6/27 195/6/18
f 201/7/24 202/9/25 203/9/26
f 203/9/26 205/7/28 201/7/24
f 204/6/27 201/7/24 205/7/28
f 205/7/28 206/6/29 204/6/27
f 196/5/19 204/6/27 206/6/29
f 206/6/29 207/5/30 196/5/19
f 208/5/31 207/5/30 206/6/29
f 206/6/29 213/6/36 208/5/31
f 209/7/32 205/7/28 203/9/26
f 203/9/26 210/9/33 209/7/32
f 206/6/29 205/7/28 209/7/32
f 209/7/32 213/6/36 206/6/29
f 209/7/32 210/9/33 211/8/34
f 211/8/34 212/7/35 209/7/32
f 213/6/36 209/7/32 212/7/35
f 212/7/35 215/6/38 213/6/36
f 214/5/37 208/5/31 213/6/36
f 213/6/36 215/6/38 214/5/37
f 218/4/39 217/4/37 216/3/38
f 216/3/38 219/3/40 218/4/39
f 220/4/41 218/4/39 219/3/40
f 219/3/40 226/3/148 220/4/41
f 221/1/147 219/3/40 216/3/38
f 216/3/38 222/1/43 221/1/147
f 221/1/147 222/1/43 214/2/44
f 214/2/44 223/2/45 221/1/147
f 224/1/46 221/1/147 223/2/45
f 223/2/45 225/2/47 224/1/46
f 219/3/40 221/1/147 224/1/46
f 224/1/46 226/3/148 219/3/40
f 227/4/49 220/4/41 226/3/148
f 226/3/148 228/3/50 227/4/49
f 229/1/51 228/3/50 226/3/148
f 226/3/148 224/1/46 229/1/51
f 229/1/51 224/1/46 225/2/47
f 225/2/47 230/2/52 229/1/51
f 231/10/53 217/10/44 232/11/43
f 232/11/43 233/11/54 231/10/53
f 234/10/55 231/10/53 233/11/54
f 233/11/54 242/11/63 234/10/55
f 235/12/56 233/11/54 232/11/43
f 232/11/43 236/12/57 235/12/56
f 235/12/56 236/12/57 237/13/58
f 237/13/58 238/14/59 235/12/56
f 239/12/60 235/12/56 238/14/59
f 238/14/59 240/14/61 239/12/60
f 233/11/54 235/12/56 239/12/60
f 239/12/60 242/11/63 233/11/54
f 239/12/60 240/14/61 241/14/62
f 241/14/62 243/12/64 239/12/60
f 242/11/63 239/12/60 243/12/64
f 243/12/64 244/11/65 242/11/63
f 234/10/55 242/11/63 244/11/65
f 244/11/65 245/10/66 234/10/55
f 246/10/67 245/10/66 244/11/65
f 244/11/65 251/11/72 246/10/67
f 247/12/68 243/12/64 241/14/62
f 241/14/62 248/14/69 247/12/68
f 244/11/65 243/12/64 247/12/68
f 247/12/68 251/11/72 244/11/65
f 247/12/68 248/14/69 249/13/70
f 249/13/70 250/12/71 247/12/68
f 251/11/72 247/12/68 250/12/71
f 250/12/71 252/11/1 251/11/72
f 184/10/2 246/10/67 251/11/72
f 251/11/72 252/11/1 184/10/2
f 253/4/73 227/4/49 228/3/50
f 228/3/50 254/3/74 253/4/73
f 255/4/75 253/4/73 254/3/74
f 254/3/74 261/3/81 255/4/75
f 256/1/76 254/3/74 228/3/50
f 228/3/50 229/1/51 256/1/76
f 256/1/76 229/1/51 230/2/52
f 230/2/52 257/2/77 256/1/76
f 258/1/78 256/1/76 257/2/77
f 257/2/77 259/2/79 258/1/78
f 254/3/74 256/1/76 258/1/78
f 258/1/78 261/3/81 254/3/74
f 258/1/78 259/2/79 260/2/80
f 260/2/80 262/1/82 258/1/78
f 261/3/81 258/1/78 262/1/82
f 262/1/82 263/3/83 261/3/81
f 255/4/75 261/3/81 263/3/83
f 263/3/83 264/4/84 255/4/75
f 265/4/85 264/4/84 263/3/83
f 263/3/83 268/3/88 265/4/85
f 266/1/86 262/1/82 260/2/80
f 260/2/80 267/2/87 266/1/86
f 263/3/83 262/1/82 266/1/86
f 266/1/86 268/3/88 263/3/83
f 192/4/16 265/4/85 268/3/88
f 268/3/88 191/3/15 192/4/16
f 190/1/14 191/3/15 268/3/88
f 268/3/88 266/1/86 190/1/14
f 190/1/14 266/1/86 267/2/87
f 267/2/87 189/2/13 190/1/14
f 220/10/47 227/10/52 269/11/51
f 269/11/51 270/11/46 220/10/47
f 218/10/45 220/10/47 270/11/46
f 270/11/46 277/11/147 218/10/45
f 271/12/89 270/11/46 269/11/51
f 269/11/51 272/12/90 271/12/89
f 271/12/89 272/12/90 273/13/91
f 273/13/91 274/14/92 271/12/89
f 275/12/93 271/12/89 274/14/92
f 274/14/92 276/14/94 275/12/93
f 270/11/46 271/12/89 275/12/93
f 275/12/93 277/11/147 270/11/46
f 275/12/93 276/14/94 237/13/58
f 237/13/58 236/12/57 275/12/93
f 277/11/147 275/12/93 236/12/57
f 236/12/57 232/11/43 277/11/147
f 217/10/44 218/10/45 277/11/147
f 277/11/147 232/11/43 217/10/44
f 265/10/87 192/10/13 278/11/14
f 278/11/14 279/11/86 265/10/87
f 264/10/80 265/10/87 279/11/86
f 279/11/86 287/11/82 264/10/80
f 280/12/95 279/11/86 278/11/14
f 278/11/14 281/12/96 280/12/95
f 280/12/95 281/12/96 282/13/97
f 282/13/97 283/14/98 280/12/95
f 284/12/99 280/12/95 283/14/98
f 283/14/98 285/14/100 284/12/99
f 279/11/86 280/12/95 284/12/99
f 284/12/99 287/11/82 279/11/86
f 284/12/99 285/14/100 286/14/101
f 286/14/101 288/12/102 284/12/99
f 287/11/82 284/12/99 288/12/102
f 288/12/102 289/11/78 287/11/82
f 264/10/80 287/11/82 289/11/78
f 289/11/78 255/10/79 264/10/80
f 253/10/77 255/10/79 289/11/78
f 289/11/78 292/11/76 253/10/77
f 290/12/103 288/12/102 286/14/101
f 286/14/101 291/14/104 290/12/103
f 289/11/78 288/12/102 290/12/103
f 290/12/103 292/11/76 289/11/78
f 290/12/103 291/14/104 273/13/91
f 273/13/91 272/12/90 290/12/103
f 292/11/76 290/12/103 272/12/90
f 272/12/90 269/11/51 292/11/76
f 227/10/52 253/10/77 292/11/76
f 292/11/76 269/11/51 227/10/52
f 185/10/3 184/10/2 252/11/1
f 252/11/1 293/11/4 185/10/3
f 187/10/5 185/10/3 293/11/4
f 293/11/4 298/11/146 187/10/5
f 294/12/105 293/11/4 252/11/1
f 252/11/1 250/12/71 294/12/105
f 294/12/105 250/12/71 249/13/70
f 249/13/70 295/14/106 294/12/105
f 296/12/107 294/12/105 295/14/106
f 295/14/106 297/14/108 296/12/107
f 293/11/4 294/12/105 296/12/107
f 296/12/107 298/11/146 293/11/4
f 296/12/107 297/14/108 282/13/97
f 282/13/97 281/12/96 296/12/107
f 298/11/146 296/12/107 281/12/96
f 281/12/96 278/11/14 298/11/146
f 192/10/13 187/10/5 298/11/146
f 298/11/146 278/11/14 192/10/13
f 246/4/17 184/4/8 183/3/7
f 183/3/7 299/3/18 246/4/17
f 245/4/19 246/4/17 299/3/18
f 299/3/18 302/3/27 245/4/19
f 300/1/72 299/3/18 183/3/7
f 183/3/7 177/1/1 300/1/72
f 300/1/72 177/1/1 178/2/2
f 178/2/2 193/2/67 300/1/72
f 301/1/65 300/1/72 193/2/67
f 193/2/67 196/2/66 301/1/65
f 299/3/18 300/1/72 301/1/65
f 301/1/65 302/3/27 299/3/18
f 301/1/65 196/2/66 207/2/55
f 207/2/55 303/1/63 301/1/65
f 302/3/27 301/1/65 303/1/63
f 303/1/63 304/3/29 302/3/27
f 245/4/19 302/3/27 304/3/29
f 304/3/29 234/4/30 245/4/19
f 231/4/31 234/4/30 304/3/29
f 304/3/29 306/3/36 231/4/31
f 305/1/54 303/1/63 207/2/55
f 207/2/55 208/2/53 305/1/54
f 304/3/29 303/1/63 305/1/54
f 305/1/54 306/3/36 304/3/29
f 217/4/37 231/4/31 306/3/36
f 306/3/36 216/3/38 217/4/37
f 222/1/43 216/3/38 306/3/36
f 306/3/36 305/1/54 222/1/43
f 222/1/43 305/1/54 208/2/53
f 208/2/53 214/2/44 222/1/43
f 223/5/39 214/5/37 215/6/38
f 215/6/38 307/6/40 223/5/39
f 225/5/41 223/5/39 307/6/40
f 307/6/40 314/6/148 225/5/41
f 308/7/109 307/6/40 215/6/38
f 215/6/38 212/7/35 308/7/109
f 308/7/109 212/7/35 211/8/34
f 211/8/34 309/9/110 308/7/109
f 310/7/111 308/7/109 309/9/110
f 309/9/110 311/9/112 310/7/111
f 307/6/40 308/7/109 310/7/111
f 310/7/111 314/6/148 307/6/40
f 310/7/111 311/9/112 312/8/113
f 312/8/113 313/7/114 310/7/111
f 314/6/148 310/7/111 313/7/114
f 313/7/114 315/6/50 314/6/148
f 230/5/49 225/5/41 314/6/148
f 314/6/148 315/6/50 230/5/49
f 257/5/73 230/5/49 315/6/50
f 315/6/50 316/6/74 257/5/73
f 259/5/75 257/5/73 316/6/74
f 316/6/74 322/6/81 259/5/75
f 317/7/115 316/6/74 315/6/50
f 315/6/50 313/7/114 317/7/115
f 317/7/115 313/7/114 312/8/113
f 312/8/113 318/9/116 317/7/115
f 319/7/117 317/7/115 318/9/116
f 318/9/116 320/9/118 319/7/117
f 316/6/74 317/7/115 319/7/117
f 319/7/117 322/6/81 316/6/74
f 319/7/117 320/9/118 321/9/119
f 321/9/119 323/7/120 319/7/117
f 322/6/81 319/7/117 323/7/120
f 323/7/120 324/6/83 322/6/81
f 259/5/75 322/6/81 324/6/83
f 324/6/83 260/5/84 259/5/75
f 267/5/85 260/5/84 324/6/83
f 324/6/83 329/6/88 267/5/85
f 325/7/121 323/7/120 321/9/119
f 321/9/119 326/9/122 325/7/121
f 324/6/83 323/7/120 325/7/121
f 325/7/121 329/6/88 324/6/83
f 325/7/121 326/9/122 327/8/123
f 327/8/123 328/7/124 325/7/121
f 329/6/88 325/7/121 328/7/124
f 328/7/124 330/6/15 329/6/88
f 189/5/16 267/5/85 329/6/88
f 329/6/88 330/6/15 189/5/16
f 181/5/11 189/5/16 330/6/15
f 330/6/15 331/6/10 181/5/11
f 179/5/9 181/5/11 331/6/10
f 331/6/10 336/6/145 179/5/9
f 332/7/125 331/6/10 330/6/15
f 330/6/15 328/7/124 332/7/125
f 332/7/125 328/7/124 327/8/123
f 327/8/123 333/9/126 332/7/125
f 334/7/127 332/7/125 333/9/126
f 333/9/126 335/9/128 334/7/127
f 331/6/10 332/7/125 334/7/127
f 334/7/127 336/6/145 331/6/10
f 334/7/127 335/9/128 199/8/22
f 199/8/22 198/7/21 334/7/127
f 336/6/145 334/7/127 198/7/21
f 198/7/21 194/6/7 336/6/145
f 178/5/8 179/5/9 336/6/145
f 336/6/145 194/6/7 178/5/8
f 337/15/129 241/14/62 240/14/61
f 240/14/61 341/15/133 337/15/129
f 248/14/69 241/14/62 337/15/129
f 337/15/129 338/15/130 248/14/69
f 249/13/70 248/14/69 338/15/130
f 338/15/130 295/14/106 249/13/70
f 297/14/108 295/14/106 338/15/130
f 338/15/130 339/15/149 297/14/108
f 339/15/149 338/15/130 337/15/129
f 337/15/129 340/15/132 339/15/149
f 282/13/97 297/14/108 339/15/149
f 339/15/149 283/14/98 282/13/97
f 285/14/100 283/14/98 339/15/149
f 339/15/149 340/15/132 285/14/100
f 340/15/132 337/15/129 341/15/133
f 341/15/133 342/15/134 340/15/132
f 285/14/100 340/15/132 342/15/134
f 342/15/134 286/14/101 285/14/100
f 291/14/104 286/14/101 342/15/134
f 342/15/134 344/15/136 291/14/104
f 343/15/150 341/15/133 240/14/61
f 240/14/61 238/14/59 343/15/150
f 342/15/134 341/15/133 343/15/150
f 343/15/150 344/15/136 342/15/134
f 343/15/150 238/14/59 237/13/58
f 237/13/58 276/14/94 343/15/150
f 344/15/136 343/15/150 276/14/94
f 276/14/94 274/14/92 344/15/136
f 273/13/91 291/14/104 344/15/136
f 344/15/136 274/14/92 273/13/91
f 210/9/33 203/9/26 345/16/137
f 345/16/137 346/16/138 210/9/33
f 345/16/137 203/9/26 202/9/25
f 202/9/25 349/16/141 345/16/137
f 211/8/34 210/9/33 346/16/138
f 346/16/138 309/9/110 211/8/34
f 311/9/112 309/9/110 346/16/138
f 346/16/138 347/16/151 311/9/112
f 347/16/151 346/16/138 345/16/137
f 345/16/137 348/16/140 347/16/151
f 312/8/113 311/9/112 347/16/151
f 347/16/151 318/9/116 312/8/113
f 320/9/118 318/9/116 347/16/151
f 347/16/151 348/16/140 320/9/118
f 348/16/140 345/16/137 349/16/141
f 349/16/141 350/16/142 348/16/140
f 320/9/118 348/16/140 350/16/142
f 350/16/142 321/9/119 320/9/118
f 326/9/122 321/9/119 350/16/142
f 350/16/142 352/16/144 326/9/122
f 351/16/152 349/16/141 202/9/25
f 202/9/25 200/9/23 351/16/152
f 350/16/142 349/16/141 351/16/152
f 351/16/152 352/16/144 350/16/142
f 351/16/152 200/9/23 199/8/22
f 199/8/22 335/9/128 351/16/152
f 352/16/144 351/16/152 335/9/128
f 335/9/128 333/9/126 352/16/144
f 327/8/123 326/9/122 352/16/144
f 352/16/144 333/9/126 327/8/123
f 355/2/155 354/2/154 353/1/153
f 353/1/153 356/1/156 355/2/155
f 357/2/157 355/2/155 356/1/156
f 356/1/156 364/1/164 357/2/157
f 358/3/158 356/1/156 353/1/153
f 353/1/153 359/3/159 358/3/158
f 358/3/158 359/3/159 360/4/160
f 360/4/160 361/4/161 358/3/158
f 362/3/162 358/3/158 361/4/161
f 361/4/161 363/4/163 362/3/162
f 356/1/156 358/3/158 362/3/162
f 362/3/162 364/1/164 356/1/156
f 365/2/165 357/2/157 364/1/164
f 364/1/164 366/1/166 365/2/165
f 367/3/167 366/1/166 364/1/164
f 364/1/164 362/3/162 367/3/167
f 367/3/167 362/3/162 363/4/163
f 363/4/163 368/4/168 367/3/167
f 369/5/169 354/5/160 370/6/159
f 370/6/159 371/6/170 369/5/169
f 372/5/171 369/5/169 371/6/170
f 371/6/170 380/6/179 372/5/171
f 373/7/172 371/6/170 370/6/159
f 370/6/159 374/7/173 373/7/172
f 373/7/172 374/7/173 375/8/174
f 375/8/174 376/9/175 373/7/172
f 377/7/176 373/7/172 376/9/175
f 376/9/175 378/9/177 377/7/176
f 371/6/170 373/7/172 377/7/176
f 377/7/176 380/6/179 371/6/170
f 377/7/176 378/9/177 379/9/178
f 379/9/178 381/7/180 377/7/176
f 380/6/179 377/7/176 381/7/180
f 381/7/180 382/6/181 380/6/179
f 372/5/171 380/6/179 382/6/181
f 382/6/181 383/5/182 372/5/171
f 384/5/183 383/5/182 382/6/181
f 382/6/181 389/6/188 384/5/183
f 385/7/184 381/7/180 379/9/178
f 379/9/178 386/9/185 385/7/184
f 382/6/181 381/7/180 385/7/184
f 385/7/184 389/6/188 382/6/181
f 385/7/184 386/9/185 387/8/186
f 387/8/186 388/7/187 385/7/184
f 389/6/188 385/7/184 388/7/187
f 388/7/187 391/6/190 389/6/188
f 390/5/189 384/5/183 389/6/188
f 389/6/188 391/6/190 390/5/189
f 394/4/191 393/4/189 392/3/190
f 392/3/190 395/3/192 394/4/191
f 396/4/193 394/4/191 395/3/192
f 395/3/192 402/3/200 396/4/193
f 397/1/194 395/3/192 392/3/190
f 392/3/190 398/1/195 397/1/194
f 397/1/194 398/1/195 390/2/196
f 390/2/196 399/2/197 397/1/194
f 400/1/198 397/1/194 399/2/197
f 399/2/197 401/2/199 400/1/198
f 395/3/192 397/1/194 400/1/198
f 400/1/198 402/3/200 395/3/192
f 403/4/201 396/4/193 402/3/200
f 402/3/200 404/3/202 403/4/201
f 405/1/203 404/3/202 402/3/200
f 402/3/200 400/1/198 405/1/203
f 405/1/203 400/1/198 401/2/199
f 401/2/199 406/2/204 405/1/203
f 407/10/205 393/10/196 408/11/195
f 408/11/195 409/11/206 407/10/205
f 410/10/207 407/10/205 409/11/206
f 409/11/206 418/11/215 410/10/207
f 411/12/208 409/11/206 408/11/195
f 408/11/195 412/12/209 411/12/208
f 411/12/208 412/12/209 413/13/210
f 413/13/210 414/14/211 411/12/208
f 415/12/212 411/12/208 414/14/211
f 414/14/211 416/14/213 415/12/212
f 409/11/206 411/12/208 415/12/212
f 415/12/212 418/11/215 409/11/206
f 415/12/212 416/14/213 417/14/214
f 417/14/214 419/12/216 415/12/212
f 418/11/215 415/12/212 419/12/216
f 419/12/216 420/11/217 418/11/215
f 410/10/207 418/11/215 420/11/217
f 420/11/217 421/10/218 410/10/207
f 422/10/219 421/10/218 420/11/217
f 420/11/217 427/11/224 422/10/219
f 423/12/220 419/12/216 417/14/214
f 417/14/214 424/14/221 423/12/220
f 420/11/217 419/12/216 423/12/220
f 423/12/220 427/11/224 420/11/217
f 423/12/220 424/14/221 425/13/222
f 425/13/222 426/12/223 423/12/220
f 427/11/224 423/12/220 426/12/223
f 426/12/223 428/11/153 427/11/224
f 360/10/154 422/10/219 427/11/224
f 427/11/224 428/11/153 360/10/154
f 429/4/225 403/4/201 404/3/202
f 404/3/202 430/3/226 429/4/225
f 431/4/227 429/4/225 430/3/226
f 430/3/226 437/3/233 431/4/227
f 432/1/228 430/3/226 404/3/202
f 404/3/202 405/1/203 432/1/228
f 432/1/228 405/1/203 406/2/204
f 406/2/204 433/2/229 432/1/228
f 434/1/230 432/1/228 433/2/229
f 433/2/229 435/2/231 434/1/230
f 430/3/226 432/1/228 434/1/230
f 434/1/230 437/3/233 430/3/226
f 434/1/230 435/2/231 436/2/232
f 436/2/232 438/1/234 434/1/230
f 437/3/233 434/1/230 438/1/234
f 438/1/234 439/3/235 437/3/233
f 431/4/227 437/3/233 439/3/235
f 439/3/235 440/4/236 431/4/227
f 441/4/237 440/4/236 439/3/235
f 439/3/235 444/3/240 441/4/237
f 442/1/238 438/1/234 436/2/232
f 436/2/232 443/2/239 442/1/238
f 439/3/235 438/1/234 442/1/238
f 442/1/238 444/3/240 439/3/235
f 368/4/168 441/4/237 444/3/240
f 444/3/240 367/3/167 368/4/168
f 366/1/166 367/3/167 444/3/240
f 444/3/240 442/1/238 366/1/166
f 366/1/166 442/1/238 443/2/239
f 443/2/239 365/2/165 366/1/166
f 396/10/199 403/10/204 445/11/203
f 445/11/203 446/11/198 396/10/199
f 394/10/197 396/10/199 446/11/198
f 446/11/198 453/11/194 394/10/197
f 447/12/241 446/11/198 445/11/203
f 445/11/203 448/12/242 447/12/241
f 447/12/241 448/12/242 449/13/243
f 449/13/243 450/14/244 447/12/241
f 451/12/245 447/12/241 450/14/244
f 450/14/244 452/14/246 451/12/245
f 446/11/198 447/12/241 451/12/245
f 451/12/245 453/11/194 446/11/198
f 451/12/245 452/14/246 413/13/210
f 413/13/210 412/12/209 451/12/245
f 453/11/194 451/12/245 412/12/209
f 412/12/209 408/11/195 453/11/194
f 393/10/196 394/10/197 453/11/194
f 453/11/194 408/11/195 393/10/196
f 441/10/239 368/10/165 454/11/166
f 454/11/166 455/11/238 441/10/239
f 440/10/232 441/10/239 455/11/238
f 455/11/238 463/11/234 440/10/232
f 456/12/247 455/11/238 454/11/166
f 454/11/166 457/12/248 456/12/247
f 456/12/247 457/12/248 458/13/249
f 458/13/249 459/14/250 456/12/247
f 460/12/251 456/12/247 459/14/250
f 459/14/250 461/14/252 460/12/251
f 455/11/238 456/12/247 460/12/251
f 460/12/251 463/11/234 455/11/238
f 460/12/251 461/14/252 462/14/253
f 462/14/253 464/12/254 460/12/251
f 463/11/234 460/12/251 464/12/254
f 464/12/254 465/11/230 463/11/234
f 440/10/232 463/11/234 465/11/230
f 465/11/230 431/10/231 440/10/232
f 429/10/229 431/10/231 465/11/230
f 465/11/230 468/11/228 429/10/229
f 466/12/255 464/12/254 462/14/253
f 462/14/253 467/14/256 466/12/255
f 465/11/230 464/12/254 466/12/255
f 466/12/255 468/11/228 465/11/230
f 466/12/255 467/14/256 449/13/243
f 449/13/243 448/12/242 466/12/255
f 468/11/228 466/12/255 448/12/242
f 448/12/242 445/11/203 468/11/228
f 403/10/204 429/10/229 468/11/228
f 468/11/228 445/11/203 403/10/204
f 361/10/155 360/10/154 428/11/153
f 428/11/153 469/11/156 361/10/155
f 363/10/157 361/10/155 469/11/156
f 469/11/156 474/11/164 363/10/157
f 470/12/257 469/11/156 428/11/153
f 428/11/153 426/12/223 470/12/257
f 470/12/257 426/12/223 425/13/222
f 425/13/222 471/14/258 470/12/257
f 472/12/259 470/12/257 471/14/258
f 471/14/258 473/14/260 472/12/259
f 469/11/156 470/12/257 472/12/259
f 472/12/259 474/11/164 469/11/156
f 472/12/259 473/14/260 458/13/249
f 458/13/249 457/12/248 472/12/259
f 474/11/164 472/12/259 457/12/248
f 457/12/248 454/11/166 474/11/164
f 368/10/165 363/10/157 474/11/164
f 474/11/164 454/11/166 368/10/165
f 422/4/169 360/4/160 359/3/159
f 359/3/159 475/3/170 422/4/169
f 421/4/171 422/4/169 475/3/170
f 475/3/170 478/3/179 421/4/171
f 476/1/224 475/3/170 359/3/159
f 359/3/159 353/1/153 476/1/224
f 476/1/224 353/1/153 354/2/154
f 354/2/154 369/2/219 476/1/224
f 477/1/217 476/1/224 369/2/219
f 369/2/219 372/2/218 477/1/217
f 475/3/170 476/1/224 477/1/217
f 477/1/217 478/3/179 475/3/170
f 477/1/217 372/2/218 383/2/207
f 383/2/207 479/1/215 477/1/217
f 478/3/179 477/1/217 479/1/215
f 479/1/215 480/3/181 478/3/179
f 421/4/171 478/3/179 480/3/181
f 480/3/181 410/4/182 421/4/171
f 407/4/183 410/4/182 480/3/181
f 480/3/181 482/3/188 407/4/183
f 481/1/206 479/1/215 383/2/207
f 383/2/207 384/2/205 481/1/206
f 480/3/181 479/1/215 481/1/206
f 481/1/206 482/3/188 480/3/181
f 393/4/189 407/4/183 482/3/188
f 482/3/188 392/3/190 393/4/189
f 398/1/195 392/3/190 482/3/188
f 482/3/188 481/1/206 398/1/195
f 398/1/195 481/1/206 384/2/205
f 384/2/205 390/2/196 398/1/195
f 399/5/191 390/5/189 391/6/190
f 391/6/190 483/6/192 399/5/191
f 401/5/193 399/5/191 483/6/192
f 483/6/192 490/6/200 401/5/193
f 484/7/261 483/6/192 391/6/190
f 391/6/190 388/7/187 484/7/261
f 484/7/261 388/7/187 387/8/186
f 387/8/186 485/9/262 484/7/261
f 486/7/263 484/7/261 485/9/262
f 485/9/262 487/9/264 486/7/263
f 483/6/192 484/7/261 486/7/263
f 486/7/263 490/6/200 483/6/192
f 486/7/263 487/9/264 488/8/265
f 488/8/265 489/7/266 486/7/263
f 490/6/200 486/7/263 489/7/266
f 489/7/266 491/6/202 490/6/200
f 406/5/201 401/5/193 490/6/200
f 490/6/200 491/6/202 406/5/201
f 433/5/225 406/5/201 491/6/202
f 491/6/202 492/6/226 433/5/225
f 435/5/227 433/5/225 492/6/226
f 492/6/226 498/6/233 435/5/227
f 493/7/267 492/6/226 491/6/202
f 491/6/202 489/7/266 493/7/267
f 493/7/267 489/7/266 488/8/265
f 488/8/265 494/9/268 493/7/267
f 495/7/269 493/7/267 494/9/268
f 494/9/268 496/9/270 495/7/269
f 492/6/226 493/7/267 495/7/269
f 495/7/269 498/6/233 492/6/226
f 495/7/269 496/9/270 497/9/271
f 497/9/271 499/7/272 495/7/269
f 498/6/233 495/7/269 499/7/272
f 499/7/272 500/6/235 498/6/233
f 435/5/227 498/6/233 500/6/235
f 500/6/235 436/5/236 435/5/227
f 443/5/237 436/5/236 500/6/235
f 500/6/235 505/6/240 443/5/237
f 501/7/273 499/7/272 497/9/271
f 497/9/271 502/9/274 501/7/273
f 500/6/235 499/7/272 501/7/273
f 501/7/273 505/6/240 500/6/235
f 501/7/273 502/9/274 503/8/275
f 503/8/275 504/7/276 501/7/273
f 505/6/240 501/7/273 504/7/276
f 504/7/276 506/6/167 505/6/240
f 365/5/168 443/5/237 505/6/240
f 505/6/240 506/6/167 365/5/168
f 357/5/163 365/5/168 506/6/167
f 506/6/167 507/6/162 357/5/163
f 355/5/161 357/5/163 507/6/162
f 507/6/162 512/6/158 355/5/161
f 508/7/277 507/6/162 506/6/167
f 506/6/167 504/7/276 508/7/277
f 508/7/277 504/7/276 503/8/275
f 503/8/275 509/9/278 508/7/277
f 510/7/279 508/7/277 509/9/278
f 509/9/278 511/9/280 510/7/279
f 507/6/162 508/7/277 510/7/279
f 510/7/279 512/6/158 507/6/162
f 510/7/279 511/9/280 375/8/174
f 375/8/174 374/7/173 510/7/279
f 512/6/158 510/7/279 374/7/173
f 374/7/173 370/6/159 512/6/158
f 354/5/160 355/5/161 512/6/158
f 512/6/158 370/6/159 354/5/160
f 513/15/281 417/14/214 416/14/213
f 416/14/213 517/15/285 513/15/281
f 424/14/221 417/14/214 513/15/281
f 513/15/281 514/15/282 424/14/221
f 425/13/222 424/14/221 514/15/282
f 514/15/282 471/14/258 425/13/222
f 473/14/260 471/14/258 514/15/282
f 514/15/282 515/15/283 473/14/260
f 515/15/283 514/15/282 513/15/281
f 513/15/281 516/15/284 515/15/283
f 458/13/249 473/14/260 515/15/283
f 515/15/283 459/14/250 458/13/249
f 461/14/252 459/14/250 515/15/283
f 515/15/283 516/15/284 461/14/252
f 516/15/284 513/15/281 517/15/285
f 517/15/285 518/15/286 516/15/284
f 461/14/252 516/15/284 518/15/286
f 518/15/286 462/14/253 461/14/252
f 467/14/256 462/14/253 518/15/286
f 518/15/286 520/15/288 467/14/256
f 519/15/287 517/15/285 416/14/213
f 416/14/213 414/14/211 519/15/287
f 518/15/286 517/15/285 519/15/287
f 519/15/287 520/15/288 518/15/286
f 519/15/287 414/14/211 413/13/210
f 413/13/210 452/14/246 519/15/287
f 520/15/288 519/15/287 452/14/246
f 452/14/246 450/14/244 520/15/288
f 449/13/243 467/14/256 520/15/288
f 520/15/288 450/14/244 449/13/243
f 386/9/185 379/9/178 521/16/289
f 521/16/289 522/16/290 386/9/185
f 521/16/289 379/9/178 378/9/177
f 378/9/177 525/16/293 521/16/289
f 387/8/186 386/9/185 522/16/290
f 522/16/290 485/9/262 387/8/186
f 487/9/264 485/9/262 522/16/290
f 522/16/290 523/16/291 487/9/264
f 523/16/291 522/16/290 521/16/289
f 521/16/289 524/16/292 523/16/291
f 488/8/265 487/9/264 523/16/291
f 523/16/291 494/9/268 488/8/265
f 496/9/270 494/9/268 523/16/291
f 523/16/291 524/16/292 496/9/270
f 524/16/292 521/16/289 525/16/293
f 525/16/293 526/16/294 524/16/292
f 496/9/270 524/16/292 526/16/294
f 526/16/294 497/9/271 496/9/270
f 502/9/274 497/9/271 526/16/294
f 526/16/294 528/16/296 502/9/274
f 527/16/295 525/16/293 378/9/177
f 378/9/177 376/9/175 527/16/295
f 526/16/294 525/16/293 527/16/295
f 527/16/295 528/16/296 526/16/294
f 527/16/295 376/9/175 375/8/174
f 375/8/174 511/9/280 527/16/295
f 528/16/296 527/16/295 511/9/280
f 511/9/280 509/9/278 528/16/296
f 503/8/275 502/9/274 528/16/296
f 528/16/296 509/9/278 503/8/275
f 531/2/155 530/2/154 529/1/153
f 529/1/153 532/1/156 531/2/155
f 533/2/157 531/2/155 532/1/156
f 532/1/156 540/1/164 533/2/157
f 534/3/158 532/1/156 529/1/153
f 529/1/153 535/3/159 534/3/158
f 534/3/158 535/3/159 536/4/160
f 536/4/160 537/4/161 534/3/158
f 538/3/162 534/3/158 537/4/161
f 537/4/161 539/4/163 538/3/162
f 532/1/156 534/3/158 538/3/162
f 538/3/162 540/1/164 532/1/156
f 541/2/165 533/2/157 540/1/164
f 540/1/164 542/1/166 541/2/165
f 543/3/167 542/1/166 540/1/164
f 540/1/164 538/3/162 543/3/167
f 543/3/167 538/3/162 539/4/163
f 539/4/163 544/4/168 543/3/167
f 545/5/169 530/5/160 546/6/159
f 546/6/159 547/6/170 545/5/169
f 548/5/171 545/5/169 547/6/170
f 547/6/170 556/6/179 548/5/171
f 549/7/172 547/6/170 546/6/159
f 546/6/159 550/7/173 549/7/172
f 549/7/172 550/7/173 551/8/174
f 551/8/174 552/9/175 549/7/172
f 553/7/176 549/7/172 552/9/175
f 552/9/175 554/9/177 553/7/176
f 547/6/170 549/7/172 553/7/176
f 553/7/176 556/6/179 547/6/170
f 553/7/176 554/9/177 555/9/178
f 555/9/178 557/7/180 553/7/176
f 556/6/179 553/7/176 557/7/180
f 557/7/180 558/6/181 556/6/179
f 548/5/171 556/6/179 558/6/181
f 558/6/181 559/5/182 548/5/171
f 560/5/183 559/5/182 558/6/181
f 558/6/181 565/6/188 560/5/183
f 561/7/184 557/7/180 555/9/178
f 555/9/178 562/9/185 561/7/184
f 558/6/181 557/7/180 561/7/184
f 561/7/184 565/6/188 558/6/181
f 561/7/184 562/9/185 563/8/186
f 563/8/186 564/7/187 561/7/184
f 565/6/188 561/7/184 564/7/187
f 564/7/187 567/6/190 565/6/188
f 566/5/189 560/5/183 565/6/188
f 565/6/188 567/6/190 566/5/189
f 570/4/191 569/4/189 568/3/190
f 568/3/190 571/3/192 570/4/191
f 572/4/193 570/4/191 571/3/192
f 571/3/192 578/3/200 572/4/193
f 573/1/194 571/3/192 568/3/190
f 568/3/190 574/1/195 573/1/194
f 573/1/194 574/1/195 566/2/196
f 566/2/196 575/2/197 573/1/194
f 576/1/198 573/1/194 575/2/197
f 575/2/197 577/2/199 576/1/198
f 571/3/192 573/1/194 576/1/198
f 576/1/198 578/3/200 571/3/192
f 579/4/201 572/4/193 578/3/200
f 578/3/200 580/3/202 579/4/201
f 581/1/203 580/3/202 578/3/200
f 578/3/200 576/1/198 581/1/203
f 581/1/203 576/1/198 577/2/199
f 577/2/199 582/2/204 581/1/203
f 583/10/205 569/10/196 584/11/195
f 584/11/195 585/11/206 583/10/205
f 586/10/207 583/10/205 585/11/206
f 585/11/206 594/11/215 586/10/207
f 587/12/208 585/11/206 584/11/195
f 584/11/195 588/12/209 587/12/208
f 587/12/208 588/12/209 589/13/210
f 589/13/210 590/14/211 587/12/208
f 591/12/212 587/12/208 590/14/211
f 590/14/211 592/14/213 591/12/212
f 585/11/206 587/12/208 591/12/212
f 591/12/212 594/11/215 585/11/206
f 591/12/212 592/14/213 593/14/214
f 593/14/214 595/12/216 591/12/212
f 594/11/215 591/12/212 595/12/216
f 595/12/216 596/11/217 594/11/215
f 586/10/207 594/11/215 596/11/217
f 596/11/217 597/10/218 586/10/207
f 598/10/219 597/10/218 596/11/217
f 596/11/217 603/11/224 598/10/219
f 599/12/220 595/12/216 593/14/214
f 593/14/214 600/14/221 599/12/220
f 596/11/217 595/12/216 599/12/220
f 599/12/220 603/11/224 596/11/217
f 599/12/220 600/14/221 601/13/222
f 601/13/222 602/12/223 599/12/220
f 603/11/224 599/12/220 602/12/223
f 602/12/223 604/11/153 603/11/224
f 536/10/154 598/10/219 603/11/224
f 603/11/224 604/11/153 536/10/154
f 605/4/225 579/4/201 580/3/202
f 580/3/202 606/3/226 605/4/225
f 607/4/227 605/4/225 606/3/226
f 606/3/226 613/3/233 607/4/227
f 608/1/228 606/3/226 580/3/202
f 580/3/202 581/1/203 608/1/228
f 608/1/228 581/1/203 582/2/204
f 582/2/204 609/2/229 608/1/228
f 610/1/230 608/1/228 609/2/229
f 609/2/229 611/2/231 610/1/230
f 606/3/226 608/1/228 610/1/230
f 610/1/230 613/3/233 606/3/226
f 610/1/230 611/2/231 612/2/232
f 612/2/232 614/1/234 610/1/230
f 613/3/233 610/1/230 614/1/234
f 614/1/234 615/3/235 613/3/233
f 607/4/227 613/3/233 615/3/235
f 615/3/235 616/4/236 607/4/227
f 617/4/237 616/4/236 615/3/235
f 615/3/235 620/3/240 617/4/237
f 618/1/238 614/1/234 612/2/232
f 612/2/232 619/2/239 618/1/238
f 615/3/235 614/1/234 618/1/238
f 618/1/238 620/3/240 615/3/235
f 544/4/168 617/4/237 620/3/240
f 620/3/240 543/3/167 544/4/168
f 542/1/166 543/3/167 620/3/240
f 620/3/240 618/1/238 542/1/166
f 542/1/166 618/1/238 619/2/239
f 619/2/239 541/2/165 542/1/166
f 572/10/199 579/10/204 621/11/203
f 621/11/203 622/11/198 572/10/199
f 570/10/197 572/10/199 622/11/198
f 622/11/198 629/11/194 570/10/197
f 623/12/241 622/11/198 621/11/203
f 621/11/203 624/12/242 623/12/241
f 623/12/241 624/12/242 625/13/243
f 625/13/243 626/14/244 623/12/241
f 627/12/245 623/12/241 626/14/244
f 626/14/244 628/14/246 627/12/245
f 622/11/198 623/12/241 627/12/245
f 627/12/245 629/11/194 622/11/198
f 627/12/245 628/14/246 589/13/210
f 589/13/210 588/12/209 627/12/245
f 629/11/194 627/12/245 588/12/209
f 588/12/209 584/11/195 629/11/194
f 569/10/196 570/10/197 629/11/194
f 629/11/194 584/11/195 569/10/196
f 617/10/239 544/10/165 630/11/166
f 630/11/166 631/11/238 617/10/239
f 616/10/232 617/10/239 631/11/238
f 631/11/238 639/11/234 616/10/232
f 632/12/247 631/11/238 630/11/166
f 630/11/166 633/12/248 632/12/247
f 632/12/247 633/12/248 634/13/249
f 634/13/249 635/14/250 632/12/247
f 636/12/251 632/12/247 635/14/250
f 635/14/250 637/14/252 636/12/251
f 631/11/238 632/12/247 636/12/251
f 636/12/251 639/11/234 631/11/238
f 636/12/251 637/14/252 638/14/253
f 638/14/253 640/12/254 636/12/251
f 639/11/234 636/12/251 640/12/254
f 640/12/254 641/11/230 639/11/234
f 616/10/232 639/11/234 641/11/230
f 641/11/230 607/10/231 616/10/232
f 605/10/229 607/10/231 641/11/230
f 641/11/230 644/11/228 605/10/229
f 642/12/255 640/12/254 638/14/253
f 638/14/253 643/14/256 642/12/255
f 641/11/230 640/12/254 642/12/255
f 642/12/255 644/11/228 641/11/230
f 642/12/255 643/14/256 625/13/243
f 625/13/243 624/12/242 642/12/255
f 644/11/228 642/12/255 624/12/242
f 624/12/242 621/11/203 644/11/228
f 579/10/204 605/10/229 644/11/228
f 644/11/228 621/11/203 579/10/204
f 537/10/155 536/10/154 604/11/153
f 604/11/153 645/11/156 537/10/155
f 539/10/157 537/10/155 645/11/156
f 645/11/156 650/11/164 539/10/157
f 646/12/257 645/11/156 604/11/153
f 604/11/153 602/12/223 646/12/257
f 646/12/257 602/12/223 601/13/222
f 601/13/222 647/14/258 646/12/257
f 648/12/259 646/12/257 647/14/258
f 647/14/258 649/14/260 648/12/259
f 645/11/156 646/12/257 648/12/259
f 648/12/259 650/11/164 645/11/156
f 648/12/259 649/14/260 634/13/249
f 634/13/249 633/12/248 648/12/259
f 650/11/164 648/12/259 633/12/248
f 633/12/248 630/11/166 650/11/164
f 544/10/165 539/10/157 650/11/164
f 650/11/164 630/11/166 544/10/165
f 598/4/169 536/4/160 535/3/159
f 535/3/159 651/3/170 598/4/169
f 597/4/171 598/4/169 651/3/170
f 651/3/170 654/3/179 597/4/171
f 652/1/224 651/3/170 535/3/159
f 535/3/159 529/1/153 652/1/224
f 652/1/224 529/1/153 530/2/154
f 530/2/154 545/2/219 652/1/224
f 653/1/217 652/1/224 545/2/219
f 545/2/219 548/2/218 653/1/217
f 651/3/170 652/1/224 653/1/217
f 653/1/217 654/3/179 651/3/170
f 653/1/217 548/2/218 559/2/207
f 559/2/207 655/1/215 653/1/217
f 654/3/179 653/1/217 655/1/215
f 655/1/215 656/3/181 654/3/179
f 597/4/171 654/3/179 656/3/181
f 656/3/181 586/4/182 597/4/171
f 583/4/183 586/4/182 656/3/181
f 656/3/181 658/3/188 583/4/183
f 657/1/206 655/1/215 559/2/207
f 559/2/207 560/2/205 657/1/206
f 656/3/181 655/1/215 657/1/206
f 657/1/206 658/3/188 656/3/181
f 569/4/189 583/4/183 658/3/188
f 658/3/188 568/3/190 569/4/189
f 574/1/195 568/3/190 658/3/188
f 658/3/188 657/1/206 574/1/195
f 574/1/195 657/1/206 560/2/205
f 560/2/205 566/2/196 574/1/195
f 575/5/191 566/5/189 567/6/190
f 567/6/190 659/6/192 575/5/191
f 577/5/193 575/5/191 659/6/192
f 659/6/192 666/6/200 577/5/193
f 660/7/261 659/6/192 567/6/190
f 567/6/190 564/7/187 660/7/261
f 660/7/261 564/7/187 563/8/186
f 563/8/186 661/9/262 660/7/261
f 662/7/263 660/7/261 661/9/262
f 661/9/262 663/9/264 662/7/263
f 659/6/192 660/7/261 662/7/263
f 662/7/263 666/6/200 659/6/192
f 662/7/263 663/9/264 664/8/265
f 664/8/265 665/7/266 662/7/263
f 666/6/200 662/7/263 665/7/266
f 665/7/266 667/6/202 666/6/200
f 582/5/201 577/5/193 666/6/200
f 666/6/200 667/6/202 582/5/201
f 609/5/225 582/5/201 667/6/202
f 667/6/202 668/6/226 609/5/225
f 611/5/227 609/5/225 668/6/226
f 668/6/226 674/6/233 611/5/227
f 669/7/267 668/6/226 667/6/202
f 667/6/202 665/7/266 669/7/267
f 669/7/267 665/7/266 664/8/265
f 664/8/265 670/9/268 669/7/267
f 671/7/269 669/7/267 670/9/268
f 670/9/268 672/9/270 671/7/269
f 668/6/226 669/7/267 671/7/269
f 671/7/269 674/6/233 668/6/226
f 671/7/269 672/9/270 673/9/271
f 673/9/271 675/7/272 671/7/269
f 674/6/233 671/7/269 675/7/272
f 675/7/272 676/6/235 674/6/233
f 611/5/227 674/6/233 676/6/235
f 676/6/235 612/5/236 611/5/227
f 619/5/237 612/5/236 676/6/235
f 676/6/235 681/6/240 619/5/237
f 677/7/273 675/7/272 673/9/271
f 673/9/271 678/9/274 677/7/273
f 676/6/235 675/7/272 677/7/273
f 677/7/273 681/6/240 676/6/235
f 677/7/273 678/9/274 679/8/275
f 679/8/275 680/7/276 677/7/273
f 681/6/240 677/7/273 680/7/276
f 680/7/276 682/6/167 681/6/240
f 541/5/168 619/5/237 681/6/240
f 681/6/240 682/6/167 541/5/168
f 533/5/163 541/5/168 682/6/167
f 682/6/167 683/6/162 533/5/163
f 531/5/161 533/5/163 683/6/162
f 683/6/162 688/6/158 531/5/161
f 684/7/277 683/6/162 682/6/167
f 682/6/167 680/7/276 684/7/277
f 684/7/277 680/7/276 679/8/275
f 679/8/275 685/9/278 684/7/277
f 686/7/279 684/7/277 685/9/278
f 685/9/278 687/9/280 686/7/279
f 683/6/162 684/7/277 686/7/279
f 686/7/279 688/6/158 683/6/162
f 686/7/279 687/9/280 551/8/174
f 551/8/174 550/7/173 686/7/279
f 688/6/158 686/7/279 550/7/173
f 550/7/173 546/6/159 688/6/158
f 530/5/160 531/5/161 688/6/158
f 688/6/158 546/6/159 530/5/160
f 689/15/281 593/14/214 592/14/213
f 592/14/213 693/15/285 689/15/281
f 600/14/221 593/14/214 689/15/281
f 689/15/281 690/15/282 600/14/221
f 601/13/222 600/14/221 690/15/282
f 690/15/282 647/14/258 601/13/222
f 649/14/260 647/14/258 690/15/282
f 690/15/282 691/15/283 649/14/260
f 691/15/283 690/15/282 689/15/281
f 689/15/281 692/15/284 691/15/283
f 634/13/249 649/14/260 691/15/283
f 691/15/283 635/14/250 634/13/249
f 637/14/252 635/14/250 691/15/283
f 691/15/283 692/15/284 637/14/252
f 692/15/284 689/15/281 693/15/285
f 693/15/285 694/15/286 692/15/284
f 637/14/252 692/15/284 694/15/286
f 694/15/286 638/14/253 637/14/252
f 643/14/256 638/14/253 694/15/286
f 694/15/286 696/15/288 643/14/256
f 695/15/287 693/15/285 592/14/213
f 592/14/213 590/14/211 695/15/287
f 694/15/286 693/15/285 695/15/287
f 695/15/287 696/15/288 694/15/286
f 695/15/287 590/14/211 589/13/210
f 589/13/210 628/14/246 695/15/287
f 696/15/288 695/15/287 628/14/246
f 628/14/246 626/14/244 696/15/288
f 625/13/243 643/14/256 696/15/288
f 696/15/288 626/14/244 625/13/243
f 562/9/185 555/9/178 697/16/289
f 697/16/289 698/16/290 562/9/185
f 697/16/289 555/9/178 554/9/177
f 554/9/177 701/16/293 697/16/289
f 563/8/186 562/9/185 698/16/290
f 698/16/290 661/9/262 563/8/186
f 663/9/264 661/9/262 698/16/290
f 698/16/290 699/16/291 663/9/264
f 699/16/291 698/16/290 697/16/289
f 697/16/289 700/16/292 699/16/291
f 664/8/265 663/9/264 699/16/291
f 699/16/291 670/9/268 664/8/265
f 672/9/270 670/9/268 699/16/291
f 699/16/291 700/16/292 672/9/270
f 700/16/292 697/16/289 701/16/293
f 701/16/293 702/16/294 700/16/292
f 672/9/270 700/16/292 702/16/294
f 702/16/294 673/9/271 672/9/270
f 678/9/274 673/9/271 702/16/294
f 702/16/294 704/16/296 678/9/274
f 703/16/295 701/16/293 554/9/177
f 554/9/177 552/9/175 703/16/295
f 702/16/294 701/16/293 703/16/295
f 703/16/295 704/16/296 702/16/294
f 703/16/295 552/9/175 551/8/174
f 551/8/174 687/9/280 703/16/295
f 704/16/296 703/16/295 687/9/280
f 687/9/280 685/9/278 704/16/296
f 679/8/275 678/9/274 704/16/296
f 704/16/296 685/9/278 679/8/275
f 707/17/299 706/17/298 705/17/297
f 705/17/297 708/17/300 707/17/299
f 708/17/300 709/17/301 710/17/302
f 710/17/302 711/17/303 708/17/300
f 712/17/304 711/17/303 710/17/302
f 710/17/302 713/17/305 712/17/304
f 714/17/306 713/17/305 715/18/307
f 715/18/307 716/18/308 714/17/306
f 717/17/309 714/17/306 716/18/308
f 716/18/308 718/18/310 717/17/309
f 714/17/306 717/17/309 719/17/311
f 719/17/311 712/17/304 714/17/306
f 719/17/311 717/17/309 718/18/310
f 718/18/310 720/18/312 719/17/311
f 712/17/304 719/17/311 720/18/312
f 720/18/312 721/18/313 712/17/304
f 724/20/316 723/20/315 722/19/314
f 722/19/314 725/19/317 724/20/316
f 726/20/318 724/20/316 725/19/317
f 725/19/317 727/19/319 726/20/318
f 728/20/320 726/20/318 727/19/319
f 727/19/319 729/19/321 728/20/320
f 730/20/322 728/20/320 729/19/321
f 729/19/321 731/19/323 730/20/322
f 718/18/310 716/18/308 732/21/324
f 732/21/324 733/21/325 718/18/310
f 720/18/312 718/18/310 733/21/325
f 733/21/325 734/21/326 720/18/312
f 735/22/327 734/21/326 733/21/325
f 733/21/325 736/22/328 735/22/327
f 736/22/328 733/21/325 732/21/324
f 732/21/324 737/22/329 736/22/328
f 736/22/328 737/22/329 725/19/317
f 725/19/317 722/19/314 736/22/328
f 735/22/327 736/22/328 722/19/314
f 722/19/314 738/19/330 735/22/327
f 727/19/319 725/19/317 737/22/329
f 737/22/329 739/22/331 727/19/319
f 740/21/332 739/22/331 737/22/329
f 737/22/329 732/21/324 740/21/332
f 740/21/332 732/21/324 716/18/308
f 716/18/308 715/18/307 740/21/332
f 729/19/321 727/19/319 739/22/331
f 739/22/331 741/22/333 729/19/321
f 731/19/323 729/19/321 741/22/333
f 741/22/333 742/22/334 731/19/323
f 743/21/335 742/22/334 741/22/333
f 741/22/333 744/21/336 743/21/335
f 744/21/336 741/22/333 739/22/331
f 739/22/331 740/21/332 744/21/336
f 744/21/336 740/21/332 715/18/307
f 715/18/307 745/18/337 744/21/336
f 743/21/335 744/21/336 745/18/337
f 745/18/337 746/18/338 743/21/335
f 745/18/337 715/18/307 713/17/305
f 713/17/305 710/17/302 745/18/337
f 746/18/338 745/18/337 710/17/302
f 710/17/302 709/17/301 746/18/338
f 747/18/339 746/18/338 709/17/301
f 709/17/301 705/17/297 747/18/339
f 748/18/340 747/18/339 705/17/297
f 705/17/297 706/17/298 748/18/340
f 749/19/341 731/19/323 742/22/334
f 742/22/334 750/22/342 749/19/341
f 751/21/343 750/22/342 742/22/334
f 742/22/334 743/21/335 751/21/343
f 751/21/343 743/21/335 746/18/338
f 746/18/338 747/18/339 751/21/343
f 752/19/344 749/19/341 750/22/342
f 750/22/342 753/22/345 752/19/344
f 754/19/346 752/19/344 753/22/345
f 753/22/345 755/22/347 754/19/346
f 756/21/348 755/22/347 753/22/345
f 753/22/345 757/21/349 756/21/348
f 757/21/349 753/22/345 750/22/342
f 750/22/342 751/21/343 757/21/349
f 757/21/349 751/21/343 747/18/339
f 747/18/339 748/18/340 757/21/349
f 756/21/348 757/21/349 748/18/340
f 748/18/340 758/18/350 756/21/348
f 758/18/350 748/18/340 706/17/298
f 706/17/298 707/17/299 758/18/350
f 759/18/351 758/18/350 707/17/299
f 707/17/299 708/17/300 759/18/351
f 760/18/352 759/18/351 708/17/300
f 708/17/300 711/17/303 760/18/352
f 721/18/313 760/18/352 711/17/303
f 711/17/303 712/17/304 721/18/313
f 761/19/353 754/19/346 755/22/347
f 755/22/347 762/22/354 761/19/353
f 763/21/355 762/22/354 755/22/347
f 755/22/347 756/21/348 763/21/355
f 763/21/355 756/21/348 758/18/350
f 758/18/350 759/18/351 763/21/355
f 754/19/346 761/19/353 764/20/356
f 764/20/356 765/20/357 754/19/346
f 752/19/344 754/19/346 765/20/357
f 765/20/357 769/20/361 752/19/344
f 730/20/322 764/20/356 766/20/358
f 766/20/358 728/20/320 730/20/322
f 726/20/318 728/20/320 766/20/358
f 766/20/358 767/20/359 726/20/318
f 724/20/316 726/20/318 768/20/360
f 768/20/360 723/20/315 724/20/316
f 749/19/341 752/19/344 769/20/361
f 769/20/361 770/20/362 749/19/341
f 765/20/357 730/20/322 770/20/362
f 770/20/362 769/20/361 765/20/357
f 770/20/362 730/20/322 731/19/323
f 731/19/323 749/19/341 770/20/362
f 771/19/363 761/19/353 762/22/354
f 762/22/354 772/22/364 771/19/363
f 773/19/365 771/19/363 772/22/364
f 772/22/364 774/22/366 773/19/365
f 775/21/367 774/22/366 772/22/364
f 772/22/364 776/21/368 775/21/367
f 776/21/368 772/22/364 762/22/354
f 762/22/354 763/21/355 776/21/368
f 776/21/368 763/21/355 759/18/351
f 759/18/351 760/18/352 776/21/368
f 775/21/367 776/21/368 760/18/352
f 760/18/352 721/18/313 775/21/367
f 766/20/358 764/20/356 761/19/353
f 761/19/353 771/19/363 766/20/358
f 767/20/359 766/20/358 771/19/363
f 771/19/363 773/19/365 767/20/359
f 768/20/360 767/20/359 773/19/365
f 773/19/365 738/19/330 768/20/360
f 723/20/315 768/20/360 738/19/330
f 738/19/330 722/19/314 723/20/315
f 738/19/330 773/19/365 774/22/366
f 774/22/366 735/22/327 738/19/330
f 734/21/326 735/22/327 774/22/366
f 774/22/366 775/21/367 734/21/326
f 734/21/326 775/21/367 721/18/313
f 721/18/313 720/18/312 734/21/326
f 779/17/299 778/17/298 777/17/297
f 777/17/297 780/17/300 779/17/299
f 780/17/300 781/17/301 782/17/302
f 782/17/302 783/17/303 780/17/300
f 784/17/304 783/17/303 782/17/302
f 782/17/302 785/17/305 784/17/304
f 786/17/306 785/17/305 787/18/307
f 787/18/307 788/18/308 786/17/306
f 789/17/309 786/17/306 788/18/308
f 788/18/308 790/18/310 789/17/309
f 786/17/306 789/17/309 791/17/311
f 791/17/311 784/17/304 786/17/306
f 791/17/311 789/17/309 790/18/310
f 790/18/310 792/18/312 791/17/311
f 784/17/304 791/17/311 792/18/312
f 792/18/312 793/18/313 784/17/304
f 796/20/316 795/20/315 794/19/314
f 794/19/314 797/19/317 796/20/316
f 798/20/318 796/20/316 797/19/317
f 797/19/317 799/19/319 798/20/318
f 800/20/320 798/20/318 799/19/319
f 799/19/319 801/19/321 800/20/320
f 802/20/322 800/20/320 801/19/321
f 801/19/321 803/19/323 802/20/322
f 790/18/310 788/18/308 804/21/324
f 804/21/324 805/21/325 790/18/310
f 792/18/312 790/18/310 805/21/325
f 805/21/325 806/21/326 792/18/312
f 807/22/327 806/21/326 805/21/325
f 805/21/325 808/22/328 807/22/327
f 808/22/328 805/21/325 804/21/324
f 804/21/324 809/22/329 808/22/328
f 808/22/328 809/22/329 797/19/317
f 797/19/317 794/19/314 808/22/328
f 807/22/327 808/22/328 794/19/314
f 794/19/314 810/19/330 807/22/327
f 799/19/319 797/19/317 809/22/329
f 809/22/329 811/22/331 799/19/319
f 812/21/332 811/22/331 809/22/329
f 809/22/329 804/21/324 812/21/332
f 812/21/332 804/21/324 788/18/308
f 788/18/308 787/18/307 812/21/332
f 801/19/321 799/19/319 811/22/331
f 811/22/331 813/22/333 801/19/321
f 803/19/323 801/19/321 813/22/333
f 813/22/333 814/22/334 803/19/323
f 815/21/335 814/22/334 813/22/333
f 813/22/333 816/21/336 815/21/335
f 816/21/336 813/22/333 811/22/331
f 811/22/331 812/21/332 816/21/336
f 816/21/336 812/21/332 787/18/307
f 787/18/307 817/18/337 816/21/336
f 815/21/335 816/21/336 817/18/337
f 817/18/337 818/18/338 815/21/335
f 817/18/337 787/18/307 785/17/305
f 785/17/305 782/17/302 817/18/337
f 818/18/338 817/18/337 782/17/302
f 782/17/302 781/17/301 818/18/338
f 819/18/339 818/18/338 781/17/301
f 781/17/301 777/17/297 819/18/339
f 820/18/340 819/18/339 777/17/297
f 777/17/297 778/17/298 820/18/340
f 821/19/341 803/19/323 814/22/334
f 814/22/334 822/22/342 821/19/341
f 823/21/343 822/22/342 814/22/334
f 814/22/334 815/21/335 823/21/343
f 823/21/343 815/21/335 818/18/338
f 818/18/338 819/18/339 823/21/343
f 824/19/344 821/19/341 822/22/342
f 822/22/342 825/22/345 824/19/344
f 826/19/346 824/19/344 825/22/345
f 825/22/345 827/22/347 826/19/346
f 828/21/348 827/22/347 825/22/345
f 825/22/345 829/21/349 828/21/348
f 829/21/349 825/22/345 822/22/342
f 822/22/342 823/21/343 829/21/349
f 829/21/349 823/21/343 819/18/339
f 819/18/339 820/18/340 829/21/349
f 828/21/348 829/21/349 820/18/340
f 820/18/340 830/18/350 828/21/348
f 830/18/350 820/18/340 778/17/298
f 778/17/298 779/17/299 830/18/350
f 831/18/351 830/18/350 779/17/299
f 779/17/299 780/17/300 831/18/351
f 832/18/352 831/18/351 780/17/300
f 780/17/300 783/17/303 832/18/352
f 793/18/313 832/18/352 783/17/303
f 783/17/303 784/17/304 793/18/313
f 833/19/353 826/19/346 827/22/347
f 827/22/347 834/22/354 833/19/353
f 835/21/355 834/22/354 827/22/347
f 827/22/347 828/21/348 835/21/355
f 835/21/355 828/21/348 830/18/350
f 830/18/350 831/18/351 835/21/355
f 826/19/346 833/19/353 836/20/356
f 836/20/356 837/20/357 826/19/346
f 824/19/344 826/19/346 837/20/357
f 837/20/357 841/20/361 824/19/344
f 802/20/322 836/20/356 838/20/358
f 838/20/358 800/20/320 802/20/322
f 798/20/318 800/20/320 838/20/358
f 838/20/358 839/20/359 798/20/318
f 796/20/316 798/20/318 840/20/360
f 840/20/360 795/20/315 796/20/316
f 821/19/341 824/19/344 841/20/361
f 841/20/361 842/20/362 821/19/341
f 837/20/357 802/20/322 842/20/362
f 842/20/362 841/20/361 837/20/357
f 842/20/362 802/20/322 803/19/323
f 803/19/323 821/19/341 842/20/362
f 843/19/363 833/19/353 834/22/354
f 834/22/354 844/22/364 843/19/363
f 845/19/365 843/19/363 844/22/364
f 844/22/364 846/22/366 845/19/365
f 847/21/367 846/22/366 844/22/364
f 844/22/364 848/21/368 847/21/367
f 848/21/368 844/22/364 834/22/354
f 834/22/354 835/21/355 848/21/368
f 848/21/368 835/21/355 831/18/351
f 831/18/351 832/18/352 848/21/368
f 847/21/367 848/21/368 832/18/352
f 832/18/352 793/18/313 847/21/367
f 838/20/358 836/20/356 833/19/353
f 833/19/353 843/19/363 838/20/358
f 839/20/359 838/20/358 843/19/363
f 843/19/363 845/19/365 839/20/359
f 840/20/360 839/20/359 845/19/365
f 845/19/365 810/19/330 840/20/360
f 795/20/315 840/20/360 810/19/330
f 810/19/330 794/19/314 795/20/315
f 810/19/330 845/19/365 846/22/366
f 846/22/366 807/22/327 810/19/330
f 806/21/326 807/22/327 846/22/366
f 846/22/366 847/21/367 806/21/326
f 806/21/326 847/21/367 793/18/313
f 793/18/313 792/18/312 806/21/326
f 849/23/369 851/23/371 850/24/370
f 850/24/370 852/24/372 849/23/369
f 849/23/369 852/24/372 853/25/373
f 853/25/373 854/26/374 849/23/369
f 855/27/375 853/25/373 852/24/372
f 852/24/372 856/28/376 855/27/375
f 853/25/373 855/27/375 857/29/377
f 857/29/377 858/30/378 853/25/373
f 854/26/374 853/25/373 858/30/378
f 858/30/378 859/31/379 854/26/374
f 852/24/372 850/24/370 860/28/380
f 860/28/380 856/28/376 852/24/372
f 856/28/376 860/28/380 861/32/381
f 861/32/381 866/32/386 856/28/376
f 861/32/381 860/28/380 862/27/382
f 862/27/382 863/33/383 861/32/381
f 864/34/384 861/32/381 863/33/383
f 863/33/383 865/35/385 864/34/384
f 866/32/386 861/32/381 864/34/384
f 864/34/384 867/34/387 866/32/386
f 866/32/386 867/34/387 868/35/388
f 868/35/388 869/33/389 866/32/386
f 856/28/376 866/32/386 869/33/389
f 869/33/389 855/27/375 856/28/376
f 872/37/392 871/37/391 870/36/390
f 870/36/390 873/36/393 872/37/392
f 872/37/392 873/36/393 874/38/394
f 874/38/394 875/39/395 872/37/392
f 876/34/396 872/37/392 875/39/395
f 875/39/395 878/35/398 876/34/396
f 875/39/395 874/38/394 877/40/397
f 877/40/397 879/41/399 875/39/395
f 878/35/398 875/39/395 879/41/399
f 879/41/399 880/42/400 878/35/398
f 871/37/391 872/37/392 876/34/396
f 876/34/396 881/34/401 871/37/391
f 881/34/401 876/34/396 882/32/402
f 882/32/402 886/32/406 881/34/401
f 882/32/402 876/34/396 878/35/398
f 878/35/398 883/33/403 882/32/402
f 884/28/404 882/32/402 883/33/403
f 883/33/403 885/27/405 884/28/404
f 886/32/406 882/32/402 884/28/404
f 884/28/404 887/28/407 886/32/406
f 886/32/406 887/28/407 888/27/408
f 888/27/408 889/33/409 886/32/406
f 881/34/401 886/32/406 889/33/409
f 889/33/409 890/35/410 881/34/401
f 879/41/399 877/40/397 891/41/411
f 891/41/411 892/42/412 879/41/399
f 895/29/415 894/32/414 880/42/400
f 880/42/400 893/32/413 895/29/415
f 897/30/417 896/29/416 894/32/414
f 894/32/414 895/29/415 897/30/417
f 899/31/419 898/30/418 896/29/416
f 896/29/416 897/30/417 899/31/419
f 900/25/420 888/27/408 887/28/407
f 887/28/407 901/24/421 900/25/420
f 854/26/374 900/25/420 901/24/421
f 901/24/421 849/23/369 854/26/374
f 851/23/371 849/23/369 901/24/421
f 901/24/421 902/24/422 851/23/371
f 902/24/422 901/24/421 887/28/407
f 887/28/407 884/28/404 902/24/422
f 902/24/422 884/28/404 885/27/405
f 885/27/405 903/25/423 902/24/422
f 851/23/371 902/24/422 903/25/423
f 903/25/423 904/26/424 851/23/371
f 900/25/420 854/26/374 859/31/379
f 859/31/379 905/30/425 900/25/420
f 888/27/408 900/25/420 905/30/425
f 905/30/425 906/29/426 888/27/408
f 889/33/409 888/27/408 906/29/426
f 906/29/426 907/32/427 889/33/409
f 890/35/410 889/33/409 907/32/427
f 907/32/427 908/42/428 890/35/410
f 898/30/418 899/31/419 904/26/424
f 904/26/424 903/25/423 898/30/418
f 896/29/416 898/30/418 903/25/423
f 903/25/423 885/27/405 896/29/416
f 894/32/414 896/29/416 885/27/405
f 885/27/405 883/33/403 894/32/414
f 880/42/400 894/32/414 883/33/403
f 883/33/403 878/35/398 880/42/400
f 850/24/370 851/23/371 904/26/424
f 904/26/424 909/25/429 850/24/370
f 860/28/380 850/24/370 909/25/429
f 909/25/429 862/27/382 860/28/380
f 909/25/429 904/26/424 899/31/419
f 899/31/419 897/30/417 909/25/429
f 862/27/382 909/25/429 897/30/417
f 897/30/417 895/29/415 862/27/382
f 910/32/430 857/29/377 855/27/375
f 855/27/375 869/33/389 910/32/430
f 911/42/431 910/32/430 869/33/389
f 869/33/389 868/35/388 911/42/431
f 912/41/432 911/42/431 868/35/388
f 868/35/388 913/39/433 912/41/432
f 914/40/434 912/41/432 913/39/433
f 913/39/433 915/38/435 914/40/434
f 863/33/383 862/27/382 895/29/415
f 895/29/415 893/32/413 863/33/383
f 865/35/385 863/33/383 893/32/413
f 893/32/413 892/42/412 865/35/385
f 916/39/436 865/35/385 892/42/412
f 892/42/412 891/41/411 916/39/436
f 874/38/394 916/39/436 891/41/411
f 891/41/411 877/40/397 874/38/394
f 913/39/433 868/35/388 867/34/387
f 867/34/387 917/37/437 913/39/433
f 915/38/435 913/39/433 917/37/437
f 917/37/437 870/36/390 915/38/435
f 873/36/393 870/36/390 917/37/437
f 917/37/437 918/37/438 873/36/393
f 918/37/438 917/37/437 867/34/387
f 867/34/387 864/34/384 918/37/438
f 918/37/438 864/34/384 865/35/385
f 865/35/385 916/39/436 918/37/438
f 873/36/393 918/37/438 916/39/436
f 916/39/436 874/38/394 873/36/393
f 919/41/439 914/40/434 915/38/435
f 915/38/435 920/39/440 919/41/439
f 920/39/440 915/38/435 870/36/390
f 870/36/390 871/37/391 920/39/440
f 908/42/428 919/41/439 920/39/440
f 920/39/440 890/35/410 908/42/428
f 890/35/410 920/39/440 871/37/391
f 871/37/391 881/34/401 890/35/410
f 912/41/432 914/40/434 919/41/439
f 919/41/439 908/42/428 912/41/432
f 906/29/426 910/32/430 911/42/431
f 911/42/431 907/32/427 906/29/426
f 905/30/425 857/29/377 910/32/430
f 910/32/430 906/29/426 905/30/425
f 859/31/379 858/30/378 857/29/377
f 857/29/377 905/30/425 859/31/379
f 923/45/443 922/44/442 921/43/441
f 921/43/441 924/46/444 923/45/443
f 927/47/447 926/47/446 925/47/445
f 925/47/445 928/47/448 927/47/447
f 928/47/448 925/47/445 929/47/449
f 929/47/449 930/47/450 928/47/448
f 930/47/450 929/47/449 931/47/451
f 931/47/451 932/47/452 930/47/450
f 935/48/455 934/48/454 933/48/453
f 933/48/453 936/48/456 935/48/455
f 937/49/457 935/48/455 936/48/456
f 936/48/456 939/49/459 937/49/457
f 936/48/456 933/48/453 938/48/458
f 938/48/458 940/48/460 936/48/456
f 939/49/459 936/48/456 940/48/460
f 940/48/460 941/49/461 939/49/459
f 940/48/460 938/48/458 942/48/462
f 942/48/462 943/48/463 940/48/460
f 943/48/463 942/48/462 944/48/464
f 944/48/464 945/48/465 943/48/463
f 946/50/455 945/48/465 944/48/464
f 944/48/464 947/50/466 946/50/455
f 945/48/465 946/50/455 948/51/467
f 948/51/467 949/49/468 945/48/465
f 934/48/454 951/46/470 950/46/469
f 950/46/469 933/48/453 934/48/454
f 951/46/470 953/46/472 952/46/471
f 952/46/471 950/46/469 951/46/470
f 950/46/469 952/46/471 954/46/473
f 954/46/473 955/46/474 950/46/469
f 958/47/477 957/52/476 956/52/475
f 956/52/475 959/47/478 958/47/477
f 926/47/446 937/49/457 939/49/459
f 939/49/459 925/47/445 926/47/446
f 925/47/445 939/49/459 941/49/461
f 941/49/461 929/47/449 925/47/445
f 959/47/478 956/52/475 922/53/442
f 922/53/442 923/54/443 959/47/478
f 959/47/478 923/54/443 960/54/479
f 960/54/479 932/47/452 959/47/478
f 932/47/452 960/54/479 961/54/480
f 961/54/480 930/47/450 932/47/452
f 930/47/450 961/54/480 962/54/481
f 962/54/481 928/47/448 930/47/450
f 928/47/448 962/54/481 963/54/442
f 963/54/442 927/47/447 928/47/448
f 924/46/444 921/43/441 964/43/482
f 964/43/482 965/46/483 924/46/444
f 924/46/444 965/46/483 966/46/484
f 966/46/484 967/46/485 924/46/444
f 923/45/443 924/46/444 967/46/485
f 967/46/485 960/45/479 923/45/443
f 967/46/485 966/46/484 955/46/474
f 955/46/474 954/46/473 967/46/485
f 960/45/479 967/46/485 954/46/473
f 954/46/473 961/45/480 960/45/479
f 949/49/468 948/51/467 957/52/476
f 957/52/476 958/47/477 949/49/468
f 949/49/468 958/47/477 931/47/451
f 931/47/451 968/49/486 949/49/468
f 945/48/465 949/49/468 968/49/486
f 968/49/486 943/48/463 945/48/465
f 968/49/486 931/47/451 929/47/449
f 929/47/449 941/49/461 968/49/486
f 943/48/463 968/49/486 941/49/461
f 941/49/461 940/48/460 943/48/463
f 965/46/483 964/43/482 947/50/466
f 947/50/466 944/48/464 965/46/483
f 966/46/484 942/48/462 938/48/458
f 938/48/458 955/46/474 966/46/484
f 955/46/474 938/48/458 933/48/453
f 933/48/453 950/46/469 955/46/474
f 953/46/472 963/45/442 962/45/481
f 962/45/481 952/46/471 953/46/472
f 952/46/471 962/45/481 961/45/480
f 961/45/480 954/46/473 952/46/471
f 932/47/452 931/47/451 958/47/477
f 958/47/477 959/47/478 932/47/452
f 942/48/462 966/46/484 965/46/483
f 965/46/483 944/48/464 942/48/462
f 971/45/487 970/44/455 969/43/467
f 969/43/467 972/46/488 971/45/487
f 971/45/487 972/46/488 973/46/489
f 973/46/489 974/45/465 971/45/487
f 974/45/465 973/46/489 975/46/490
f 975/46/490 976/45/491 974/45/465
f 976/45/491 975/46/490 977/46/492
f 977/46/492 978/45/493 976/45/491
f 978/45/493 977/46/492 979/46/454
f 979/46/454 980/45/455 978/45/493
f 983/47/457 982/47/446 981/47/494
f 981/47/494 984/47/495 983/47/457
f 984/47/495 981/47/494 985/47/496
f 985/47/496 986/47/497 984/47/495
f 989/48/442 988/48/472 987/48/498
f 987/48/498 990/48/499 989/48/442
f 990/48/499 987/48/498 991/48/500
f 991/48/500 994/48/502 990/48/499
f 992/49/447 989/48/442 990/48/499
f 990/48/499 993/49/501 992/49/447
f 993/49/501 990/48/499 994/48/502
f 994/48/502 995/49/503 993/49/501
f 995/49/503 994/48/502 996/48/504
f 996/48/504 997/49/505 995/49/503
f 997/49/505 996/48/504 998/48/479
f 998/48/479 999/49/506 997/49/505
f 1000/51/441 999/49/506 998/48/479
f 998/48/479 1001/50/442 1000/51/441
f 1001/50/442 998/48/479 1002/48/507
f 1002/48/507 1003/50/475 1001/50/442
f 988/48/472 1005/46/470 1004/46/508
f 1004/46/508 987/48/498 988/48/472
f 987/48/498 1004/46/508 1006/46/509
f 1006/46/509 991/48/500 987/48/498
f 1005/46/470 979/46/454 977/46/492
f 977/46/492 1004/46/508 1005/46/470
f 1004/46/508 977/46/492 975/46/490
f 975/46/490 1006/46/509 1004/46/508
f 1006/46/509 975/46/490 973/46/489
f 973/46/489 1007/46/510 1006/46/509
f 1010/47/511 1009/52/482 1008/52/466
f 1008/52/466 1011/47/512 1010/47/511
f 1010/47/511 1011/47/512 1012/47/513
f 1012/47/513 1013/47/514 1010/47/511
f 974/54/465 1012/47/513 1011/47/512
f 1011/47/512 971/54/487 974/54/465
f 1012/47/513 974/54/465 976/54/491
f 976/54/491 986/47/497 1012/47/513
f 1013/47/514 1012/47/513 986/47/497
f 986/47/497 985/47/496 1013/47/514
f 982/47/446 992/49/447 993/49/501
f 993/49/501 981/47/494 982/47/446
f 1011/47/512 1008/52/466 970/53/455
f 970/53/455 971/54/487 1011/47/512
f 972/46/488 969/43/467 1014/43/476
f 1014/43/476 1015/46/515 972/46/488
f 999/49/506 1000/51/441 1009/52/482
f 1009/52/482 1010/47/511 999/49/506
f 1015/46/515 1014/43/476 1003/50/475
f 1003/50/475 1002/48/507 1015/46/515
f 1015/46/515 1002/48/507 1016/48/516
f 1016/48/516 1007/46/510 1015/46/515
f 996/48/504 1016/48/516 1002/48/507
f 1002/48/507 998/48/479 996/48/504
f 1016/48/516 996/48/504 994/48/502
f 994/48/502 991/48/500 1016/48/516
f 1007/46/510 1016/48/516 991/48/500
f 991/48/500 1006/46/509 1007/46/510
f 997/49/505 1013/47/514 985/47/496
f 985/47/496 995/49/503 997/49/505
f 995/49/503 985/47/496 981/47/494
f 981/47/494 993/49/501 995/49/503
f 1013/47/514 997/49/505 999/49/506
f 999/49/506 1010/47/511 1013/47/514
f 1007/46/510 973/46/489 972/46/488
f 972/46/488 1015/46/515 1007/46/510
f 980/54/455 983/47/457 984/47/495
f 984/47/495 978/54/493 980/54/455
f 978/54/493 984/47/495 986/47/497
f 986/47/497 976/54/491 978/54/493
f 1019/2/519 1018/2/518 1017/1/517
f 1017/1/517 1020/1/520 1019/2/519
f 1021/2/521 1019/2/519 1020/1/520
f 1020/1/520 1028/1/528 1021/2/521
f 1022/3/522 1020/1/520 1017/1/517
f 1017/1/517 1023/3/523 1022/3/522
f 1022/3/522 1023/3/523 1024/4/524
f 1024/4/524 1025/4/525 1022/3/522
f 1026/3/526 1022/3/522 1025/4/525
f 1025/4/525 1027/4/527 1026/3/526
f 1020/1/520 1022/3/522 1026/3/526
f 1026/3/526 1028/1/528 1020/1/520
f 1029/2/529 1021/2/521 1028/1/528
f 1028/1/528 1030/1/530 1029/2/529
f 1031/3/531 1030/1/530 1028/1/528
f 1028/1/528 1026/3/526 1031/3/531
f 1031/3/531 1026/3/526 1027/4/527
f 1027/4/527 1032/4/532 1031/3/531
f 1033/5/533 1018/5/524 1034/6/523
f 1034/6/523 1035/6/534 1033/5/533
f 1036/5/535 1033/5/533 1035/6/534
f 1035/6/534 1044/6/543 1036/5/535
f 1037/7/536 1035/6/534 1034/6/523
f 1034/6/523 1038/7/537 1037/7/536
f 1037/7/536 1038/7/537 1039/8/538
f 1039/8/538 1040/9/539 1037/7/536
f 1041/7/540 1037/7/536 1040/9/539
f 1040/9/539 1042/9/541 1041/7/540
f 1035/6/534 1037/7/536 1041/7/540
f 1041/7/540 1044/6/543 1035/6/534
f 1041/7/540 1042/9/541 1043/9/542
f 1043/9/542 1045/7/544 1041/7/540
f 1044/6/543 1041/7/540 1045/7/544
f 1045/7/544 1046/6/545 1044/6/543
f 1036/5/535 1044/6/543 1046/6/545
f 1046/6/545 1047/5/546 1036/5/535
f 1048/5/547 1047/5/546 1046/6/545
f 1046/6/545 1053/6/552 1048/5/547
f 1049/7/548 1045/7/544 1043/9/542
f 1043/9/542 1050/9/549 1049/7/548
f 1046/6/545 1045/7/544 1049/7/548
f 1049/7/548 1053/6/552 1046/6/545
f 1049/7/548 1050/9/549 1051/8/550
f 1051/8/550 1052/7/551 1049/7/548
f 1053/6/552 1049/7/548 1052/7/551
f 1052/7/551 1055/6/554 1053/6/552
f 1054/5/553 1048/5/547 1053/6/552
f 1053/6/552 1055/6/554 1054/5/553
f 1058/4/555 1057/4/553 1056/3/554
f 1056/3/554 1059/3/556 1058/4/555
f 1060/4/557 1058/4/555 1059/3/556
f 1059/3/556 1066/3/564 1060/4/557
f 1061/1/558 1059/3/556 1056/3/554
f 1056/3/554 1062/1/559 1061/1/558
f 1061/1/558 1062/1/559 1054/2/560
f 1054/2/560 1063/2/561 1061/1/558
f 1064/1/562 1061/1/558 1063/2/561
f 1063/2/561 1065/2/563 1064/1/562
f 1059/3/556 1061/1/558 1064/1/562
f 1064/1/562 1066/3/564 1059/3/556
f 1067/4/565 1060/4/557 1066/3/564
f 1066/3/564 1068/3/566 1067/4/565
f 1069/1/567 1068/3/566 1066/3/564
f 1066/3/564 1064/1/562 1069/1/567
f 1069/1/567 1064/1/562 1065/2/563
f 1065/2/563 1070/2/568 1069/1/567
f 1071/10/569 1057/10/560 1072/11/559
f 1072/11/559 1073/11/570 1071/10/569
f 1074/10/571 1071/10/569 1073/11/570
f 1073/11/570 1082/11/579 1074/10/571
f 1075/12/572 1073/11/570 1072/11/559
f 1072/11/559 1076/12/573 1075/12/572
f 1075/12/572 1076/12/573 1077/13/574
f 1077/13/574 1078/14/575 1075/12/572
f 1079/12/576 1075/12/572 1078/14/575
f 1078/14/575 1080/14/577 1079/12/576
f 1073/11/570 1075/12/572 1079/12/576
f 1079/12/576 1082/11/579 1073/11/570
f 1079/12/576 1080/14/577 1081/14/578
f 1081/14/578 1083/12/580 1079/12/576
f 1082/11/579 1079/12/576 1083/12/580
f 1083/12/580 1084/11/581 1082/11/579
f 1074/10/571 1082/11/579 1084/11/581
f 1084/11/581 1085/10/582 1074/10/571
f 1086/10/583 1085/10/582 1084/11/581
f 1084/11/581 1091/11/588 1086/10/583
f 1087/12/584 1083/12/580 1081/14/578
f 1081/14/578 1088/14/585 1087/12/584
f 1084/11/581 1083/12/580 1087/12/584
f 1087/12/584 1091/11/588 1084/11/581
f 1087/12/584 1088/14/585 1089/13/586
f 1089/13/586 1090/12/587 1087/12/584
f 1091/11/588 1087/12/584 1090/12/587
f 1090/12/587 1092/11/517 1091/11/588
f 1024/10/518 1086/10/583 1091/11/588
f 1091/11/588 1092/11/517 1024/10/518
f 1093/4/589 1067/4/565 1068/3/566
f 1068/3/566 1094/3/590 1093/4/589
f 1095/4/591 1093/4/589 1094/3/590
f 1094/3/590 1101/3/597 1095/4/591
f 1096/1/592 1094/3/590 1068/3/566
f 1068/3/566 1069/1/567 1096/1/592
f 1096/1/592 1069/1/567 1070/2/568
f 1070/2/568 1097/2/593 1096/1/592
f 1098/1/594 1096/1/592 1097/2/593
f 1097/2/593 1099/2/595 1098/1/594
f 1094/3/590 1096/1/592 1098/1/594
f 1098/1/594 1101/3/597 1094/3/590
f 1098/1/594 1099/2/595 1100/2/596
f 1100/2/596 1102/1/598 1098/1/594
f 1101/3/597 1098/1/594 1102/1/598
f 1102/1/598 1103/3/599 1101/3/597
f 1095/4/591 1101/3/597 1103/3/599
f 1103/3/599 1104/4/600 1095/4/591
f 1105/4/601 1104/4/600 1103/3/599
f 1103/3/599 1108/3/604 1105/4/601
f 1106/1/602 1102/1/598 1100/2/596
f 1100/2/596 1107/2/603 1106/1/602
f 1103/3/599 1102/1/598 1106/1/602
f 1106/1/602 1108/3/604 1103/3/599
f 1032/4/532 1105/4/601 1108/3/604
f 1108/3/604 1031/3/531 1032/4/532
f 1030/1/530 1031/3/531 1108/3/604
f 1108/3/604 1106/1/602 1030/1/530
f 1030/1/530 1106/1/602 1107/2/603
f 1107/2/603 1029/2/529 1030/1/530
f 1060/10/563 1067/10/568 1109/11/567
f 1109/11/567 1110/11/562 1060/10/563
f 1058/10/561 1060/10/563 1110/11/562
f 1110/11/562 1117/11/558 1058/10/561
f 1111/12/605 1110/11/562 1109/11/567
f 1109/11/567 1112/12/606 1111/12/605
f 1111/12/605 1112/12/606 1113/13/607
f 1113/13/607 1114/14/608 1111/12/605
f 1115/12/609 1111/12/605 1114/14/608
f 1114/14/608 1116/14/610 1115/12/609
f 1110/11/562 1111/12/605 1115/12/609
f 1115/12/609 1117/11/558 1110/11/562
f 1115/12/609 1116/14/610 1077/13/574
f 1077/13/574 1076/12/573 1115/12/609
f 1117/11/558 1115/12/609 1076/12/573
f 1076/12/573 1072/11/559 1117/11/558
f 1057/10/560 1058/10/561 1117/11/558
f 1117/11/558 1072/11/559 1057/10/560
f 1105/10/603 1032/10/529 1118/11/530
f 1118/11/530 1119/11/602 1105/10/603
f 1104/10/596 1105/10/603 1119/11/602
f 1119/11/602 1127/11/598 1104/10/596
f 1120/12/611 1119/11/602 1118/11/530
f 1118/11/530 1121/12/612 1120/12/611
f 1120/12/611 1121/12/612 1122/13/613
f 1122/13/613 1123/14/614 1120/12/611
f 1124/12/615 1120/12/611 1123/14/614
f 1123/14/614 1125/14/616 1124/12/615
f 1119/11/602 1120/12/611 1124/12/615
f 1124/12/615 1127/11/598 1119/11/602
f 1124/12/615 1125/14/616 1126/14/617
f 1126/14/617 1128/12/618 1124/12/615
f 1127/11/598 1124/12/615 1128/12/618
f 1128/12/618 1129/11/594 1127/11/598
f 1104/10/596 1127/11/598 1129/11/594
f 1129/11/594 1095/10/595 1104/10/596
f 1093/10/593 1095/10/595 1129/11/594
f 1129/11/594 1132/11/592 1093/10/593
f 1130/12/619 1128/12/618 1126/14/617
f 1126/14/617 1131/14/620 1130/12/619
f 1129/11/594 1128/12/618 1130/12/619
f 1130/12/619 1132/11/592 1129/11/594
f 1130/12/619 1131/14/620 1113/13/607
f 1113/13/607 1112/12/606 1130/12/619
f 1132/11/592 1130/12/619 1112/12/606
f 1112/12/606 1109/11/567 1132/11/592
f 1067/10/568 1093/10/593 1132/11/592
f 1132/11/592 1109/11/567 1067/10/568
f 1025/10/519 1024/10/518 1092/11/517
f 1092/11/517 1133/11/520 1025/10/519
f 1027/10/521 1025/10/519 1133/11/520
f 1133/11/520 1138/11/528 1027/10/521
f 1134/12/621 1133/11/520 1092/11/517
f 1092/11/517 1090/12/587 1134/12/621
f 1134/12/621 1090/12/587 1089/13/586
f 1089/13/586 1135/14/622 1134/12/621
f 1136/12/623 1134/12/621 1135/14/622
f 1135/14/622 1137/14/624 1136/12/623
f 1133/11/520 1134/12/621 1136/12/623
f 1136/12/623 1138/11/528 1133/11/520
f 1136/12/623 1137/14/624 1122/13/613
f 1122/13/613 1121/12/612 1136/12/623
f 1138/11/528 1136/12/623 1121/12/612
f 1121/12/612 1118/11/530 1138/11/528
f 1032/10/529 1027/10/521 1138/11/528
f 1138/11/528 1118/11/530 1032/10/529
f 1086/4/533 1024/4/524 1023/3/523
f 1023/3/523 1139/3/534 1086/4/533
f 1085/4/535 1086/4/533 1139/3/534
f 1139/3/534 1142/3/543 1085/4/535
f 1140/1/588 1139/3/534 1023/3/523
f 1023/3/523 1017/1/517 1140/1/588
f 1140/1/588 1017/1/517 1018/2/518
f 1018/2/518 1033/2/583 1140/1/588
f 1141/1/581 1140/1/588 1033/2/583
f 1033/2/583 1036/2/582 1141/1/581
f 1139/3/534 1140/1/588 1141/1/581
f 1141/1/581 1142/3/543 1139/3/534
f 1141/1/581 1036/2/582 1047/2/571
f 1047/2/571 1143/1/579 1141/1/581
f 1142/3/543 1141/1/581 1143/1/579
f 1143/1/579 1144/3/545 1142/3/543
f 1085/4/535 1142/3/543 1144/3/545
f 1144/3/545 1074/4/546 1085/4/535
f 1071/4/547 1074/4/546 1144/3/545
f 1144/3/545 1146/3/552 1071/4/547
f 1145/1/570 1143/1/579 1047/2/571
f 1047/2/571 1048/2/569 1145/1/570
f 1144/3/545 1143/1/579 1145/1/570
f 1145/1/570 1146/3/552 1144/3/545
f 1057/4/553 1071/4/547 1146/3/552
f 1146/3/552 1056/3/554 1057/4/553
f 1062/1/559 1056/3/554 1146/3/552
f 1146/3/552 1145/1/570 1062/1/559
f 1062/1/559 1145/1/570 1048/2/569
f 1048/2/569 1054/2/560 1062/1/559
f 1063/5/555 1054/5/553 1055/6/554
f 1055/6/554 1147/6/556 1063/5/555
f 1065/5/557 1063/5/555 1147/6/556
f 1147/6/556 1154/6/564 1065/5/557
f 1148/7/625 1147/6/556 1055/6/554
f 1055/6/554 1052/7/551 1148/7/625
f 1148/7/625 1052/7/551 1051/8/550
f 1051/8/550 1149/9/626 1148/7/625
f 1150/7/627 1148/7/625 1149/9/626
f 1149/9/626 1151/9/628 1150/7/627
f 1147/6/556 1148/7/625 1150/7/627
f 1150/7/627 1154/6/564 1147/6/556
f 1150/7/627 1151/9/628 1152/8/629
f 1152/8/629 1153/7/630 1150/7/627
f 1154/6/564 1150/7/627 1153/7/630
f 1153/7/630 1155/6/566 1154/6/564
f 1070/5/565 1065/5/557 1154/6/564
f 1154/6/564 1155/6/566 1070/5/565
f 1097/5/589 1070/5/565 1155/6/566
f 1155/6/566 1156/6/590 1097/5/589
f 1099/5/591 1097/5/589 1156/6/590
f 1156/6/590 1162/6/597 1099/5/591
f 1157/7/631 1156/6/590 1155/6/566
f 1155/6/566 1153/7/630 1157/7/631
f 1157/7/631 1153/7/630 1152/8/629
f 1152/8/629 1158/9/632 1157/7/631
f 1159/7/633 1157/7/631 1158/9/632
f 1158/9/632 1160/9/634 1159/7/633
f 1156/6/590 1157/7/631 1159/7/633
f 1159/7/633 1162/6/597 1156/6/590
f 1159/7/633 1160/9/634 1161/9/635
f 1161/9/635 1163/7/636 1159/7/633
f 1162/6/597 1159/7/633 1163/7/636
f 1163/7/636 1164/6/599 1162/6/597
f 1099/5/591 1162/6/597 1164/6/599
f 1164/6/599 1100/5/600 1099/5/591
f 1107/5/601 1100/5/600 1164/6/599
f 1164/6/599 1169/6/604 1107/5/601
f 1165/7/637 1163/7/636 1161/9/635
f 1161/9/635 1166/9/638 1165/7/637
f 1164/6/599 1163/7/636 1165/7/637
f 1165/7/637 1169/6/604 1164/6/599
f 1165/7/637 1166/9/638 1167/8/639
f 1167/8/639 1168/7/640 1165/7/637
f 1169/6/604 1165/7/637 1168/7/640
f 1168/7/640 1170/6/531 1169/6/604
f 1029/5/532 1107/5/601 1169/6/604
f 1169/6/604 1170/6/531 1029/5/532
f 1021/5/527 1029/5/532 1170/6/531
f 1170/6/531 1171/6/526 1021/5/527
f 1019/5/525 1021/5/527 1171/6/526
f 1171/6/526 1176/6/522 1019/5/525
f 1172/7/641 1171/6/526 1170/6/531
f 1170/6/531 1168/7/640 1172/7/641
f 1172/7/641 1168/7/640 1167/8/639
f 1167/8/639 1173/9/642 1172/7/641
f 1174/7/643 1172/7/641 1173/9/642
f 1173/9/642 1175/9/644 1174/7/643
f 1171/6/526 1172/7/641 1174/7/643
f 1174/7/643 1176/6/522 1171/6/526
f 1174/7/643 1175/9/644 1039/8/538
f 1039/8/538 1038/7/537 1174/7/643
f 1176/6/522 1174/7/643 1038/7/537
f 1038/7/537 1034/6/523 1176/6/522
f 1018/5/524 1019/5/525 1176/6/522
f 1176/6/522 1034/6/523 1018/5/524
f 1177/15/645 1081/14/578 1080/14/577
f 1080/14/577 1181/15/649 1177/15/645
f 1088/14/585 1081/14/578 1177/15/645
f 1177/15/645 1178/15/646 1088/14/585
f 1089/13/586 1088/14/585 1178/15/646
f 1178/15/646 1135/14/622 1089/13/586
f 1137/14/624 1135/14/622 1178/15/646
f 1178/15/646 1179/15/647 1137/14/624
f 1179/15/647 1178/15/646 1177/15/645
f 1177/15/645 1180/15/648 1179/15/647
f 1122/13/613 1137/14/624 1179/15/647
f 1179/15/647 1123/14/614 1122/13/613
f 1125/14/616 1123/14/614 1179/15/647
f 1179/15/647 1180/15/648 1125/14/616
f 1180/15/648 1177/15/645 1181/15/649
f 1181/15/649 1182/15/650 1180/15/648
f 1125/14/616 1180/15/648 1182/15/650
f 1182/15/650 1126/14/617 1125/14/616
f 1131/14/620 1126/14/617 1182/15/650
f 1182/15/650 1184/15/652 1131/14/620
f 1183/15/651 1181/15/649 1080/14/577
f 1080/14/577 1078/14/575 1183/15/651
f 1182/15/650 1181/15/649 1183/15/651
f 1183/15/651 1184/15/652 1182/15/650
f 1183/15/651 1078/14/575 1077/13/574
f 1077/13/574 1116/14/610 1183/15/651
f 1184/15/652 1183/15/651 1116/14/610
f 1116/14/610 1114/14/608 1184/15/652
f 1113/13/607 1131/14/620 1184/15/652
f 1184/15/652 1114/14/608 1113/13/607
f 1050/9/549 1043/9/542 1185/16/653
f 1185/16/653 1186/16/654 1050/9/549
f 1185/16/653 1043/9/542 1042/9/541
f 1042/9/541 1189/16/657 1185/16/653
f 1051/8/550 1050/9/549 1186/16/654
f 1186/16/654 1149/9/626 1051/8/550
f 1151/9/628 1149/9/626 1186/16/654
f 1186/16/654 1187/16/655 1151/9/628
f 1187/16/655 1186/16/654 1185/16/653
f 1185/16/653 1188/16/656 1187/16/655
f 1152/8/629 1151/9/628 1187/16/655
f 1187/16/655 1158/9/632 1152/8/629
f 1160/9/634 1158/9/632 1187/16/655
f 1187/16/655 1188/16/656 1160/9/634
f 1188/16/656 1185/16/653 1189/16/657
f 1189/16/657 1190/16/658 1188/16/656
f 1160/9/634 1188/16/656 1190/16/658
f 1190/16/658 1161/9/635 1160/9/634
f 1166/9/638 1161/9/635 1190/16/658
f 1190/16/658 1192/16/660 1166/9/638
f 1191/16/659 1189/16/657 1042/9/541
f 1042/9/541 1040/9/539 1191/16/659
f 1190/16/658 1189/16/657 1191/16/659
f 1191/16/659 1192/16/660 1190/16/658
f 1191/16/659 1040/9/539 1039/8/538
f 1039/8/538 1175/9/644 1191/16/659
f 1192/16/660 1191/16/659 1175/9/644
f 1175/9/644 1173/9/642 1192/16/660
f 1167/8/639 1166/9/638 1192/16/660
f 1192/16/660 1173/9/642 1167/8/639
f 1195/2/519 1194/2/518 1193/1/517
f 1193/1/517 1196/1/520 1195/2/519
f 1197/2/521 1195/2/519 1196/1/520
f 1196/1/520 1204/1/528 1197/2/521
f 1198/3/522 1196/1/520 1193/1/517
f 1193/1/517 1199/3/523 1198/3/522
f 1198/3/522 1199/3/523 1200/4/524
f 1200/4/524 1201/4/525 1198/3/522
f 1202/3/526 1198/3/522 1201/4/525
f 1201/4/525 1203/4/527 1202/3/526
f 1196/1/520 1198/3/522 1202/3/526
f 1202/3/526 1204/1/528 1196/1/520
f 1205/2/529 1197/2/521 1204/1/528
f 1204/1/528 1206/1/530 1205/2/529
f 1207/3/531 1206/1/530 1204/1/528
f 1204/1/528 1202/3/526 1207/3/531
f 1207/3/531 1202/3/526 1203/4/527
f 1203/4/527 1208/4/532 1207/3/531
f 1209/5/533 1194/5/524 1210/6/523
f 1210/6/523 1211/6/534 1209/5/533
f 1212/5/535 1209/5/533 1211/6/534
f 1211/6/534 1220/6/543 1212/5/535
f 1213/7/536 1211/6/534 1210/6/523
f 1210/6/523 1214/7/537 1213/7/536
f 1213/7/536 1214/7/537 1215/8/538
f 1215/8/538 1216/9/539 1213/7/536
f 1217/7/540 1213/7/536 1216/9/539
f 1216/9/539 1218/9/541 1217/7/540
f 1211/6/534 1213/7/536 1217/7/540
f 1217/7/540 1220/6/543 1211/6/534
f 1217/7/540 1218/9/541 1219/9/542
f 1219/9/542 1221/7/544 1217/7/540
f 1220/6/543 1217/7/540 1221/7/544
f 1221/7/544 1222/6/545 1220/6/543
f 1212/5/535 1220/6/543 1222/6/545
f 1222/6/545 1223/5/546 1212/5/535
f 1224/5/547 1223/5/546 1222/6/545
f 1222/6/545 1229/6/552 1224/5/547
f 1225/7/548 1221/7/544 1219/9/542
f 1219/9/542 1226/9/549 1225/7/548
f 1222/6/545 1221/7/544 1225/7/548
f 1225/7/548 1229/6/552 1222/6/545
f 1225/7/548 1226/9/549 1227/8/550
f 1227/8/550 1228/7/551 1225/7/548
f 1229/6/552 1225/7/548 1228/7/551
f 1228/7/551 1231/6/554 1229/6/552
f 1230/5/553 1224/5/547 1229/6/552
f 1229/6/552 1231/6/554 1230/5/553
f 1234/4/555 1233/4/553 1232/3/554
f 1232/3/554 1235/3/556 1234/4/555
f 1236/4/557 1234/4/555 1235/3/556
f 1235/3/556 1242/3/564 1236/4/557
f 1237/1/558 1235/3/556 1232/3/554
f 1232/3/554 1238/1/559 1237/1/558
f 1237/1/558 1238/1/559 1230/2/560
f 1230/2/560 1239/2/561 1237/1/558
f 1240/1/562 1237/1/558 1239/2/561
f 1239/2/561 1241/2/563 1240/1/562
f 1235/3/556 1237/1/558 1240/1/562
f 1240/1/562 1242/3/564 1235/3/556
f 1243/4/565 1236/4/557 1242/3/564
f 1242/3/564 1244/3/566 1243/4/565
f 1245/1/567 1244/3/566 1242/3/564
f 1242/3/564 1240/1/562 1245/1/567
f 1245/1/567 1240/1/562 1241/2/563
f 1241/2/563 1246/2/568 1245/1/567
f 1247/10/569 1233/10/560 1248/11/559
f 1248/11/559 1249/11/570 1247/10/569
f 1250/10/571 1247/10/569 1249/11/570
f 1249/11/570 1258/11/579 1250/10/571
f 1251/12/572 1249/11/570 1248/11/559
f 1248/11/559 1252/12/573 1251/12/572
f 1251/12/572 1252/12/573 1253/13/574
f 1253/13/574 1254/14/575 1251/12/572
f 1255/12/576 1251/12/572 1254/14/575
f 1254/14/575 1256/14/577 1255/12/576
f 1249/11/570 1251/12/572 1255/12/576
f 1255/12/576 1258/11/579 1249/11/570
f 1255/12/576 1256/14/577 1257/14/578
f 1257/14/578 1259/12/580 1255/12/576
f 1258/11/579 1255/12/576 1259/12/580
f 1259/12/580 1260/11/581 1258/11/579
f 1250/10/571 1258/11/579 1260/11/581
f 1260/11/581 1261/10/582 1250/10/571
f 1262/10/583 1261/10/582 1260/11/581
f 1260/11/581 1267/11/588 1262/10/583
f 1263/12/584 1259/12/580 1257/14/578
f 1257/14/578 1264/14/585 1263/12/584
f 1260/11/581 1259/12/580 1263/12/584
f 1263/12/584 1267/11/588 1260/11/581
f 1263/12/584 1264/14/585 1265/13/586
f 1265/13/586 1266/12/587 1263/12/584
f 1267/11/588 1263/12/584 1266/12/587
f 1266/12/587 1268/11/517 1267/11/588
f 1200/10/518 1262/10/583 1267/11/588
f 1267/11/588 1268/11/517 1200/10/518
f 1269/4/589 1243/4/565 1244/3/566
f 1244/3/566 1270/3/590 1269/4/589
f 1271/4/591 1269/4/589 1270/3/590
f 1270/3/590 1277/3/597 1271/4/591
f 1272/1/592 1270/3/590 1244/3/566
f 1244/3/566 1245/1/567 1272/1/592
f 1272/1/592 1245/1/567 1246/2/568
f 1246/2/568 1273/2/593 1272/1/592
f 1274/1/594 1272/1/592 1273/2/593
f 1273/2/593 1275/2/595 1274/1/594
f 1270/3/590 1272/1/592 1274/1/594
f 1274/1/594 1277/3/597 1270/3/590
f 1274/1/594 1275/2/595 1276/2/596
f 1276/2/596 1278/1/598 1274/1/594
f 1277/3/597 1274/1/594 1278/1/598
f 1278/1/598 1279/3/599 1277/3/597
f 1271/4/591 1277/3/597 1279/3/599
f 1279/3/599 1280/4/600 1271/4/591
f 1281/4/601 1280/4/600 1279/3/599
f 1279/3/599 1284/3/604 1281/4/601
f 1282/1/602 1278/1/598 1276/2/596
f 1276/2/596 1283/2/603 1282/1/602
f 1279/3/599 1278/1/598 1282/1/602
f 1282/1/602 1284/3/604 1279/3/599
f 1208/4/532 1281/4/601 1284/3/604
f 1284/3/604 1207/3/531 1208/4/532
f 1206/1/530 1207/3/531 1284/3/604
f 1284/3/604 1282/1/602 1206/1/530
f 1206/1/530 1282/1/602 1283/2/603
f 1283/2/603 1205/2/529 1206/1/530
f 1236/10/563 1243/10/568 1285/11/567
f 1285/11/567 1286/11/562 1236/10/563
f 1234/10/561 1236/10/563 1286/11/562
f 1286/11/562 1293/11/558 1234/10/561
f 1287/12/605 1286/11/562 1285/11/567
f 1285/11/567 1288/12/606 1287/12/605
f 1287/12/605 1288/12/606 1289/13/607
f 1289/13/607 1290/14/608 1287/12/605
f 1291/12/609 1287/12/605 1290/14/608
f 1290/14/608 1292/14/610 1291/12/609
f 1286/11/562 1287/12/605 1291/12/609
f 1291/12/609 1293/11/558 1286/11/562
f 1291/12/609 1292/14/610 1253/13/574
f 1253/13/574 1252/12/573 1291/12/609
f 1293/11/558 1291/12/609 1252/12/573
f 1252/12/573 1248/11/559 1293/11/558
f 1233/10/560 1234/10/561 1293/11/558
f 1293/11/558 1248/11/559 1233/10/560
f 1281/10/603 1208/10/529 1294/11/530
f 1294/11/530 1295/11/602 1281/10/603
f 1280/10/596 1281/10/603 1295/11/602
f 1295/11/602 1303/11/598 1280/10/596
f 1296/12/611 1295/11/602 1294/11/530
f 1294/11/530 1297/12/612 1296/12/611
f 1296/12/611 1297/12/612 1298/13/613
f 1298/13/613 1299/14/614 1296/12/611
f 1300/12/615 1296/12/611 1299/14/614
f 1299/14/614 1301/14/616 1300/12/615
f 1295/11/602 1296/12/611 1300/12/615
f 1300/12/615 1303/11/598 1295/11/602
f 1300/12/615 1301/14/616 1302/14/617
f 1302/14/617 1304/12/618 1300/12/615
f 1303/11/598 1300/12/615 1304/12/618
f 1304/12/618 1305/11/594 1303/11/598
f 1280/10/596 1303/11/598 1305/11/594
f 1305/11/594 1271/10/595 1280/10/596
f 1269/10/593 1271/10/595 1305/11/594
f 1305/11/594 1308/11/592 1269/10/593
f 1306/12/619 1304/12/618 1302/14/617
f 1302/14/617 1307/14/620 1306/12/619
f 1305/11/594 1304/12/618 1306/12/619
f 1306/12/619 1308/11/592 1305/11/594
f 1306/12/619 1307/14/620 1289/13/607
f 1289/13/607 1288/12/606 1306/12/619
f 1308/11/592 1306/12/619 1288/12/606
f 1288/12/606 1285/11/567 1308/11/592
f 1243/10/568 1269/10/593 1308/11/592
f 1308/11/592 1285/11/567 1243/10/568
f 1201/10/519 1200/10/518 1268/11/517
f 1268/11/517 1309/11/520 1201/10/519
f 1203/10/521 1201/10/519 1309/11/520
f 1309/11/520 1314/11/528 1203/10/521
f 1310/12/621 1309/11/520 1268/11/517
f 1268/11/517 1266/12/587 1310/12/621
f 1310/12/621 1266/12/587 1265/13/586
f 1265/13/586 1311/14/622 1310/12/621
f 1312/12/623 1310/12/621 1311/14/622
f 1311/14/622 1313/14/624 1312/12/623
f 1309/11/520 1310/12/621 1312/12/623
f 1312/12/623 1314/11/528 1309/11/520
f 1312/12/623 1313/14/624 1298/13/613
f 1298/13/613 1297/12/612 1312/12/623
f 1314/11/528 1312/12/623 1297/12/612
f 1297/12/612 1294/11/530 1314/11/528
f 1208/10/529 1203/10/521 1314/11/528
f 1314/11/528 1294/11/530 1208/10/529
f 1262/4/533 1200/4/524 1199/3/523
f 1199/3/523 1315/3/534 1262/4/533
f 1261/4/535 1262/4/533 1315/3/534
f 1315/3/534 1318/3/543 1261/4/535
f 1316/1/588 1315/3/534 1199/3/523
f 1199/3/523 1193/1/517 1316/1/588
f 1316/1/588 1193/1/517 1194/2/518
f 1194/2/518 1209/2/583 1316/1/588
f 1317/1/581 1316/1/588 1209/2/583
f 1209/2/583 1212/2/582 1317/1/581
f 1315/3/534 1316/1/588 1317/1/581
f 1317/1/581 1318/3/543 1315/3/534
f 1317/1/581 1212/2/582 1223/2/571
f 1223/2/571 1319/1/579 1317/1/581
f 1318/3/543 1317/1/581 1319/1/579
f 1319/1/579 1320/3/545 1318/3/543
f 1261/4/535 1318/3/543 1320/3/545
f 1320/3/545 1250/4/546 1261/4/535
f 1247/4/547 1250/4/546 1320/3/545
f 1320/3/545 1322/3/552 1247/4/547
f 1321/1/570 1319/1/579 1223/2/571
f 1223/2/571 1224/2/569 1321/1/570
f 1320/3/545 1319/1/579 1321/1/570
f 1321/1/570 1322/3/552 1320/3/545
f 1233/4/553 1247/4/547 1322/3/552
f 1322/3/552 1232/3/554 1233/4/553
f 1238/1/559 1232/3/554 1322/3/552
f 1322/3/552 1321/1/570 1238/1/559
f 1238/1/559 1321/1/570 1224/2/569
f 1224/2/569 1230/2/560 1238/1/559
f 1239/5/555 1230/5/553 1231/6/554
f 1231/6/554 1323/6/556 1239/5/555
f 1241/5/557 1239/5/555 1323/6/556
f 1323/6/556 1330/6/564 1241/5/557
f 1324/7/625 1323/6/556 1231/6/554
f 1231/6/554 1228/7/551 1324/7/625
f 1324/7/625 1228/7/551 1227/8/550
f 1227/8/550 1325/9/626 1324/7/625
f 1326/7/627 1324/7/625 1325/9/626
f 1325/9/626 1327/9/628 1326/7/627
f 1323/6/556 1324/7/625 1326/7/627
f 1326/7/627 1330/6/564 1323/6/556
f 1326/7/627 1327/9/628 1328/8/629
f 1328/8/629 1329/7/630 1326/7/627
f 1330/6/564 1326/7/627 1329/7/630
f 1329/7/630 1331/6/566 1330/6/564
f 1246/5/565 1241/5/557 1330/6/564
f 1330/6/564 1331/6/566 1246/5/565
f 1273/5/589 1246/5/565 1331/6/566
f 1331/6/566 1332/6/590 1273/5/589
f 1275/5/591 1273/5/589 1332/6/590
f 1332/6/590 1338/6/597 1275/5/591
f 1333/7/631 1332/6/590 1331/6/566
f 1331/6/566 1329/7/630 1333/7/631
f 1333/7/631 1329/7/630 1328/8/629
f 1328/8/629 1334/9/632 1333/7/631
f 1335/7/633 1333/7/631 1334/9/632
f 1334/9/632 1336/9/634 1335/7/633
f 1332/6/590 1333/7/631 1335/7/633
f 1335/7/633 1338/6/597 1332/6/590
f 1335/7/633 1336/9/634 1337/9/635
f 1337/9/635 1339/7/636 1335/7/633
f 1338/6/597 1335/7/633 1339/7/636
f 1339/7/636 1340/6/599 1338/6/597
f 1275/5/591 1338/6/597 1340/6/599
f 1340/6/599 1276/5/600 1275/5/591
f 1283/5/601 1276/5/600 1340/6/599
f 1340/6/599 1345/6/604 1283/5/601
f 1341/7/637 1339/7/636 1337/9/635
f 1337/9/635 1342/9/638 1341/7/637
f 1340/6/599 1339/7/636 1341/7/637
f 1341/7/637 1345/6/604 1340/6/599
f 1341/7/637 1342/9/638 1343/8/639
f 1343/8/639 1344/7/640 1341/7/637
f 1345/6/604 1341/7/637 1344/7/640
f 1344/7/640 1346/6/531 1345/6/604
f 1205/5/532 1283/5/601 1345/6/604
f 1345/6/604 1346/6/531 1205/5/532
f 1197/5/527 1205/5/532 1346/6/531
f 1346/6/531 1347/6/526 1197/5/527
f 1195/5/525 1197/5/527 1347/6/526
f 1347/6/526 1352/6/522 1195/5/525
f 1348/7/641 1347/6/526 1346/6/531
f 1346/6/531 1344/7/640 1348/7/641
f 1348/7/641 1344/7/640 1343/8/639
f 1343/8/639 1349/9/642 1348/7/641
f 1350/7/643 1348/7/641 1349/9/642
f 1349/9/642 1351/9/644 1350/7/643
f 1347/6/526 1348/7/641 1350/7/643
f 1350/7/643 1352/6/522 1347/6/526
f 1350/7/643 1351/9/644 1215/8/538
f 1215/8/538 1214/7/537 1350/7/643
f 1352/6/522 1350/7/643 1214/7/537
f 1214/7/537 1210/6/523 1352/6/522
f 1194/5/524 1195/5/525 1352/6/522
f 1352/6/522 1210/6/523 1194/5/524
f 1353/15/645 1257/14/578 1256/14/577
f 1256/14/577 1357/15/649 1353/15/645
f 1264/14/585 1257/14/578 1353/15/645
f 1353/15/645 1354/15/646 1264/14/585
f 1265/13/586 1264/14/585 1354/15/646
f 1354/15/646 1311/14/622 1265/13/586
f 1313/14/624 1311/14/622 1354/15/646
f 1354/15/646 1355/15/647 1313/14/624
f 1355/15/647 1354/15/646 1353/15/645
f 1353/15/645 1356/15/648 1355/15/647
f 1298/13/613 1313/14/624 1355/15/647
f 1355/15/647 1299/14/614 1298/13/613
f 1301/14/616 1299/14/614 1355/15/647
f 1355/15/647 1356/15/648 1301/14/616
f 1356/15/648 1353/15/645 1357/15/649
f 1357/15/649 1358/15/650 1356/15/648
f 1301/14/616 1356/15/648 1358/15/650
f 1358/15/650 1302/14/617 1301/14/616
f 1307/14/620 1302/14/617 1358/15/650
f 1358/15/650 1360/15/652 1307/14/620
f 1359/15/651 1357/15/649 1256/14/577
f 1256/14/577 1254/14/575 1359/15/651
f 1358/15/650 1357/15/649 1359/15/651
f 1359/15/651 1360/15/652 1358/15/650
f 1359/15/651 1254/14/575 1253/13/574
f 1253/13/574 1292/14/610 1359/15/651
f 1360/15/652 1359/15/651 1292/14/610
f 1292/14/610 1290/14/608 1360/15/652
f 1289/13/607 1307/14/620 1360/15/652
f 1360/15/652 1290/14/608 1289/13/607
f 1226/9/549 1219/9/542 1361/16/653
f 1361/16/653 1362/16/654 1226/9/549
f 1361/16/653 1219/9/542 1218/9/541
f 1218/9/541 1365/16/657 1361/16/653
f 1227/8/550 1226/9/549 1362/16/654
f 1362/16/654 1325/9/626 1227/8/550
f 1327/9/628 1325/9/626 1362/16/654
f 1362/16/654 1363/16/655 1327/9/628
f 1363/16/655 1362/16/654 1361/16/653
f 1361/16/653 1364/16/656 1363/16/655
f 1328/8/629 1327/9/628 1363/16/655
f 1363/16/655 1334/9/632 1328/8/629
f 1336/9/634 1334/9/632 1363/16/655
f 1363/16/655 1364/16/656 1336/9/634
f 1364/16/656 1361/16/653 1365/16/657
f 1365/16/657 1366/16/658 1364/16/656
f 1336/9/634 1364/16/656 1366/16/658
f 1366/16/658 1337/9/635 1336/9/634
f 1342/9/638 1337/9/635 1366/16/658
f 1366/16/658 1368/16/660 1342/9/638
f 1367/16/659 1365/16/657 1218/9/541
f 1218/9/541 1216/9/539 1367/16/659
f 1366/16/658 1365/16/657 1367/16/659
f 1367/16/659 1368/16/660 1366/16/658
f 1367/16/659 1216/9/539 1215/8/538
f 1215/8/538 1351/9/644 1367/16/659
f 1368/16/660 1367/16/659 1351/9/644
f 1351/9/644 1349/9/642 1368/16/660
f 1343/8/639 1342/9/638 1368/16/660
f 1368/16/660 1349/9/642 1343/8/639
f 1369/55/661 1371/57/663 1370/56/662
f 1370/56/662 1372/55/664 1369/55/661
f 1373/58/665 1369/55/661 1372/55/664
f 1372/55/664 1381/58/673 1373/58/665
f 1372/55/664 1370/56/662 1374/59/666
f 1374/59/666 1379/55/671 1372/55/664
f 1374/59/666 1370/56/662 1375/60/667
f 1375/60/667 1376/61/668 1374/59/666
f 1377/56/669 1374/59/666 1376/61/668
f 1376/61/668 1378/60/670 1377/56/669
f 1379/55/671 1374/59/666 1377/56/669
f 1377/56/669 1380/55/672 1379/55/671
f 1381/58/673 1372/55/664 1379/55/671
f 1379/55/671 1382/58/674 1381/58/673
f 1382/58/674 1379/55/671 1380/55/672
f 1380/55/672 1383/58/675 1382/58/674
f 1382/58/674 1383/58/675 1384/62/676
f 1384/62/676 1385/62/677 1382/58/674
f 1381/58/673 1382/58/674 1385/62/677
f 1385/62/677 1386/62/678 1381/58/673
f 1373/58/665 1381/58/673 1386/62/678
f 1386/62/678 1387/62/679 1373/58/665
f 1388/62/680 1384/62/676 1383/58/675
f 1383/58/675 1389/58/681 1388/62/680
f 1390/62/682 1388/62/680 1389/58/681
f 1389/58/681 1391/58/683 1390/62/682
f 1392/55/684 1389/58/681 1383/58/675
f 1383/58/675 1380/55/672 1392/55/684
f 1393/55/455 1391/58/683 1389/58/681
f 1389/58/681 1392/55/684 1393/55/455
f 1394/57/685 1392/55/684 1380/55/672
f 1380/55/672 1377/56/669 1394/57/685
f 1394/57/685 1377/56/669 1378/60/670
f 1378/60/670 1395/63/686 1394/57/685
f 1392/55/684 1394/57/685 1396/64/687
f 1396/64/687 1393/55/455 1392/55/684
f 1396/64/687 1394/57/685 1395/63/686
f 1395/63/686 1397/65/688 1396/64/687
f 1398/66/689 1396/64/687 1397/65/688
f 1397/65/688 1399/67/690 1398/66/689
f 1393/55/455 1396/64/687 1398/66/689
f 1398/66/689 1400/55/691 1393/55/455
f 1391/58/683 1393/55/455 1400/55/691
f 1400/55/691 1401/58/692 1391/58/683
f 1402/62/693 1390/62/682 1391/58/683
f 1391/58/683 1401/58/692 1402/62/693
f 1403/62/694 1402/62/693 1401/58/692
f 1401/58/692 1404/58/695 1403/62/694
f 1405/62/696 1403/62/694 1404/58/695
f 1404/58/695 1406/58/697 1405/62/696
f 1407/55/698 1404/58/695 1401/58/692
f 1401/58/692 1400/55/691 1407/55/698
f 1408/68/699 1407/55/698 1400/55/691
f 1400/55/691 1398/66/689 1408/68/699
f 1408/68/699 1398/66/689 1399/67/690
f 1399/67/690 1409/69/700 1408/68/699
f 1410/62/701 1405/62/696 1406/58/697
f 1406/58/697 1411/58/702 1410/62/701
f 1412/62/703 1410/62/701 1411/58/702
f 1411/58/702 1413/58/704 1412/62/703
f 1414/55/705 1413/58/704 1411/58/702
f 1411/58/702 1415/55/706 1414/55/705
f 1415/55/706 1411/58/702 1406/58/697
f 1406/58/697 1417/55/708 1415/55/706
f 1416/66/707 1414/55/705 1415/55/706
f 1415/55/706 1418/68/709 1416/66/707
f 1417/55/708 1406/58/697 1404/58/695
f 1404/58/695 1407/55/698 1417/55/708
f 1418/68/709 1415/55/706 1417/55/708
f 1417/55/708 1419/68/710 1418/68/709
f 1419/68/710 1417/55/708 1407/55/698
f 1407/55/698 1408/68/699 1419/68/710
f 1419/68/710 1408/68/699 1409/69/700
f 1409/69/700 1420/70/711 1419/68/710
f 1418/68/709 1419/68/710 1420/70/711
f 1420/70/711 1421/69/712 1418/68/709
f 1416/66/707 1418/68/709 1421/69/712
f 1421/69/712 1422/67/713 1416/66/707
f 1423/62/714 1412/62/703 1413/58/704
f 1413/58/704 1424/58/715 1423/62/714
f 1387/62/679 1423/62/714 1424/58/715
f 1424/58/715 1373/58/665 1387/62/679
f 1369/55/661 1373/58/665 1424/58/715
f 1424/58/715 1425/55/442 1369/55/661
f 1425/55/442 1424/58/715 1413/58/704
f 1413/58/704 1414/55/705 1425/55/442
f 1371/57/663 1369/55/661 1425/55/442
f 1425/55/442 1426/64/716 1371/57/663
f 1426/64/716 1425/55/442 1414/55/705
f 1414/55/705 1416/66/707 1426/64/716
f 1426/64/716 1416/66/707 1422/67/713
f 1422/67/713 1427/65/717 1426/64/716
f 1371/57/663 1426/64/716 1427/65/717
f 1427/65/717 1428/63/718 1371/57/663
f 1370/56/662 1371/57/663 1428/63/718
f 1428/63/718 1375/60/667 1370/56/662
f 1430/72/720 1429/71/719 1375/60/667
f 1375/60/667 1428/63/718 1430/72/720
f 1376/61/668 1375/60/667 1429/71/719
f 1429/71/719 1431/73/721 1376/61/668
f 1378/60/670 1376/61/668 1431/73/721
f 1431/73/721 1436/71/726 1378/60/670
f 1433/75/723 1430/72/720 1428/63/718
f 1428/63/718 1427/65/717 1433/75/723
f 1430/72/720 1433/75/723 1434/76/724
f 1434/76/724 1432/74/722 1430/72/720
f 1434/76/724 1433/75/723 1427/65/717
f 1427/65/717 1422/67/713 1434/76/724
f 1432/74/722 1434/76/724 1422/67/713
f 1422/67/713 1421/69/712 1432/74/722
f 1435/74/725 1432/74/722 1421/69/712
f 1421/69/712 1420/70/711 1435/74/725
f 1431/73/721 1432/74/722 1435/74/725
f 1435/74/725 1436/71/726 1431/73/721
f 1395/63/686 1378/60/670 1436/71/726
f 1436/71/726 1438/72/728 1395/63/686
f 1437/74/727 1435/74/725 1420/70/711
f 1420/70/711 1409/69/700 1437/74/727
f 1436/71/726 1435/74/725 1437/74/727
f 1437/74/727 1438/72/728 1436/71/726
f 1397/65/688 1395/63/686 1438/72/728
f 1438/72/728 1440/75/730 1397/65/688
f 1439/76/729 1437/74/727 1409/69/700
f 1409/69/700 1399/67/690 1439/76/729
f 1438/72/728 1437/74/727 1439/76/729
f 1439/76/729 1440/75/730 1438/72/728
f 1440/75/730 1439/76/729 1399/67/690
f 1399/67/690 1397/65/688 1440/75/730
f 1387/62/679 1386/62/678 1441/77/731
f 1441/77/731 1442/77/732 1387/62/679
f 1423/62/714 1387/62/679 1442/77/732
f 1442/77/732 1443/77/733 1423/62/714
f 1412/62/703 1423/62/714 1443/77/733
f 1443/77/733 1444/77/734 1412/62/703
f 1444/77/734 1443/77/733 1442/77/732
f 1442/77/732 1441/77/731 1444/77/734
f 1410/62/701 1412/62/703 1444/77/734
f 1444/77/734 1445/77/735 1410/62/701
f 1405/62/696 1410/62/701 1445/77/735
f 1445/77/735 1447/77/737 1405/62/696
f 1446/77/736 1441/77/731 1386/62/678
f 1386/62/678 1385/62/677 1446/77/736
f 1448/77/738 1447/77/737 1445/77/735
f 1445/77/735 1446/77/736 1448/77/738
f 1403/62/694 1405/62/696 1447/77/737
f 1447/77/737 1449/77/739 1403/62/694
f 1448/77/738 1446/77/736 1385/62/677
f 1385/62/677 1384/62/676 1448/77/738
f 1450/77/740 1449/77/739 1447/77/737
f 1447/77/737 1448/77/738 1450/77/740
f 1402/62/693 1403/62/694 1449/77/739
f 1449/77/739 1451/77/741 1402/62/693
f 1450/77/740 1448/77/738 1384/62/676
f 1384/62/676 1388/62/680 1450/77/740
f 1452/77/742 1451/77/741 1449/77/739
f 1449/77/739 1450/77/740 1452/77/742
f 1390/62/682 1402/62/693 1451/77/741
f 1451/77/741 1452/77/742 1390/62/682
f 1452/77/742 1450/77/740 1388/62/680
f 1388/62/680 1390/62/682 1452/77/742
f 1453/55/743 1455/57/745 1454/56/744
f 1454/56/744 1456/55/746 1453/55/743
f 1457/58/692 1453/55/743 1456/55/746
f 1456/55/746 1465/58/695 1457/58/692
f 1456/55/746 1454/56/744 1458/59/747
f 1458/59/747 1463/55/752 1456/55/746
f 1458/59/747 1454/56/744 1459/60/748
f 1459/60/748 1460/61/749 1458/59/747
f 1461/56/750 1458/59/747 1460/61/749
f 1460/61/749 1462/60/751 1461/56/750
f 1463/55/752 1458/59/747 1461/56/750
f 1461/56/750 1464/55/753 1463/55/752
f 1465/58/695 1456/55/746 1463/55/752
f 1463/55/752 1466/58/697 1465/58/695
f 1466/58/697 1463/55/752 1464/55/753
f 1464/55/753 1467/58/702 1466/58/697
f 1466/58/697 1467/58/702 1468/62/701
f 1468/62/701 1469/62/696 1466/58/697
f 1465/58/695 1466/58/697 1469/62/696
f 1469/62/696 1470/62/694 1465/58/695
f 1457/58/692 1465/58/695 1470/62/694
f 1470/62/694 1471/62/693 1457/58/692
f 1472/62/703 1468/62/701 1467/58/702
f 1467/58/702 1473/58/704 1472/62/703
f 1474/62/714 1472/62/703 1473/58/704
f 1473/58/704 1475/58/715 1474/62/714
f 1476/55/754 1473/58/704 1467/58/702
f 1467/58/702 1464/55/753 1476/55/754
f 1477/55/442 1475/58/715 1473/58/704
f 1473/58/704 1476/55/754 1477/55/442
f 1478/57/755 1476/55/754 1464/55/753
f 1464/55/753 1461/56/750 1478/57/755
f 1478/57/755 1461/56/750 1462/60/751
f 1462/60/751 1479/63/756 1478/57/755
f 1476/55/754 1478/57/755 1480/64/757
f 1480/64/757 1477/55/442 1476/55/754
f 1480/64/757 1478/57/755 1479/63/756
f 1479/63/756 1481/65/758 1480/64/757
f 1482/66/759 1480/64/757 1481/65/758
f 1481/65/758 1483/67/760 1482/66/759
f 1477/55/442 1480/64/757 1482/66/759
f 1482/66/759 1484/55/761 1477/55/442
f 1475/58/715 1477/55/442 1484/55/761
f 1484/55/761 1485/58/665 1475/58/715
f 1486/62/679 1474/62/714 1475/58/715
f 1475/58/715 1485/58/665 1486/62/679
f 1487/62/678 1486/62/679 1485/58/665
f 1485/58/665 1488/58/673 1487/62/678
f 1489/62/677 1487/62/678 1488/58/673
f 1488/58/673 1490/58/674 1489/62/677
f 1491/55/762 1488/58/673 1485/58/665
f 1485/58/665 1484/55/761 1491/55/762
f 1492/68/763 1491/55/762 1484/55/761
f 1484/55/761 1482/66/759 1492/68/763
f 1492/68/763 1482/66/759 1483/67/760
f 1483/67/760 1493/69/764 1492/68/763
f 1494/62/676 1489/62/677 1490/58/674
f 1490/58/674 1495/58/675 1494/62/676
f 1496/62/680 1494/62/676 1495/58/675
f 1495/58/675 1497/58/681 1496/62/680
f 1498/55/765 1497/58/681 1495/58/675
f 1495/58/675 1499/55/766 1498/55/765
f 1499/55/766 1495/58/675 1490/58/674
f 1490/58/674 1501/55/768 1499/55/766
f 1500/66/767 1498/55/765 1499/55/766
f 1499/55/766 1502/68/769 1500/66/767
f 1501/55/768 1490/58/674 1488/58/673
f 1488/58/673 1491/55/762 1501/55/768
f 1502/68/769 1499/55/766 1501/55/768
f 1501/55/768 1503/68/770 1502/68/769
f 1503/68/770 1501/55/768 1491/55/762
f 1491/55/762 1492/68/763 1503/68/770
f 1503/68/770 1492/68/763 1493/69/764
f 1493/69/764 1504/70/771 1503/68/770
f 1502/68/769 1503/68/770 1504/70/771
f 1504/70/771 1505/69/772 1502/68/769
f 1500/66/767 1502/68/769 1505/69/772
f 1505/69/772 1506/67/773 1500/66/767
f 1507/62/682 1496/62/680 1497/58/681
f 1497/58/681 1508/58/683 1507/62/682
f 1471/62/693 1507/62/682 1508/58/683
f 1508/58/683 1457/58/692 1471/62/693
f 1453/55/743 1457/58/692 1508/58/683
f 1508/58/683 1509/55/455 1453/55/743
f 1509/55/455 1508/58/683 1497/58/681
f 1497/58/681 1498/55/765 1509/55/455
f 1455/57/745 1453/55/743 1509/55/455
f 1509/55/455 1510/64/774 1455/57/745
f 1510/64/774 1509/55/455 1498/55/765
f 1498/55/765 1500/66/767 1510/64/774
f 1510/64/774 1500/66/767 1506/67/773
f 1506/67/773 1511/65/775 1510/64/774
f 1455/57/745 1510/64/774 1511/65/775
f 1511/65/775 1512/63/776 1455/57/745
f 1454/56/744 1455/57/745 1512/63/776
f 1512/63/776 1459/60/748 1454/56/744
f 1514/72/778 1513/71/777 1459/60/748
f 1459/60/748 1512/63/776 1514/72/778
f 1460/61/749 1459/60/748 1513/71/777
f 1513/71/777 1515/73/779 1460/61/749
f 1462/60/751 1460/61/749 1515/73/779
f 1515/73/779 1520/71/784 1462/60/751
f 1517/75/781 1514/72/778 1512/63/776
f 1512/63/776 1511/65/775 1517/75/781
f 1514/72/778 1517/75/781 1518/76/782
f 1518/76/782 1516/74/780 1514/72/778
f 1518/76/782 1517/75/781 1511/65/775
f 1511/65/775 1506/67/773 1518/76/782
f 1516/74/780 1518/76/782 1506/67/773
f 1506/67/773 1505/69/772 1516/74/780
f 1519/74/783 1516/74/780 1505/69/772
f 1505/69/772 1504/70/771 1519/74/783
f 1515/73/779 1516/74/780 1519/74/783
f 1519/74/783 1520/71/784 1515/73/779
f 1479/63/756 1462/60/751 1520/71/784
f 1520/71/784 1522/72/786 1479/63/756
f 1521/74/785 1519/74/783 1504/70/771
f 1504/70/771 1493/69/764 1521/74/785
f 1520/71/784 1519/74/783 1521/74/785
f 1521/74/785 1522/72/786 1520/71/784
f 1481/65/758 1479/63/756 1522/72/786
f 1522/72/786 1524/75/788 1481/65/758
f 1523/76/787 1521/74/785 1493/69/764
f 1493/69/764 1483/67/760 1523/76/787
f 1522/72/786 1521/74/785 1523/76/787
f 1523/76/787 1524/75/788 1522/72/786
f 1524/75/788 1523/76/787 1483/67/760
f 1483/67/760 1481/65/758 1524/75/788
f 1471/62/693 1470/62/694 1525/77/789
f 1525/77/789 1526/77/741 1471/62/693
f 1507/62/682 1471/62/693 1526/77/741
f 1526/77/741 1527/77/742 1507/62/682
f 1496/62/680 1507/62/682 1527/77/742
f 1527/77/742 1528/77/740 1496/62/680
f 1528/77/740 1527/77/742 1526/77/741
f 1526/77/741 1525/77/789 1528/77/740
f 1494/62/676 1496/62/680 1528/77/740
f 1528/77/740 1529/77/790 1494/62/676
f 1489/62/677 1494/62/676 1529/77/790
f 1529/77/790 1531/77/736 1489/62/677
f 1530/77/737 1525/77/789 1470/62/694
f 1470/62/694 1469/62/696 1530/77/737
f 1532/77/791 1531/77/736 1529/77/790
f 1529/77/790 1530/77/737 1532/77/791
f 1487/62/678 1489/62/677 1531/77/736
f 1531/77/736 1533/77/792 1487/62/678
f 1532/77/791 1530/77/737 1469/62/696
f 1469/62/696 1468/62/701 1532/77/791
f 1534/77/734 1533/77/792 1531/77/736
f 1531/77/736 1532/77/791 1534/77/734
f 1486/62/679 1487/62/678 1533/77/792
f 1533/77/792 1535/77/732 1486/62/679
f 1534/77/734 1532/77/791 1468/62/701
f 1468/62/701 1472/62/703 1534/77/734
f 1536/77/733 1535/77/732 1533/77/792
f 1533/77/792 1534/77/734 1536/77/733
f 1474/62/714 1486/62/679 1535/77/732
f 1535/77/732 1536/77/733 1474/62/714
f 1536/77/733 1534/77/734 1472/62/703
f 1472/62/703 1474/62/714 1536/77/733
f 1537/55/661 1539/57/663 1538/56/662
f 1538/56/662 1540/55/664 1537/55/661
f 1541/58/665 1537/55/661 1540/55/664
f 1540/55/664 1549/58/673 1541/58/665
f 1540/55/664 1538/56/662 1542/59/666
f 1542/59/666 1547/55/671 1540/55/664
f 1542/59/666 1538/56/662 1543/60/667
f 1543/60/667 1544/61/668 1542/59/666
f 1545/56/669 1542/59/666 1544/61/668
f 1544/61/668 1546/60/670 1545/56/669
f 1547/55/671 1542/59/666 1545/56/669
f 1545/56/669 1548/55/672 1547/55/671
f 1549/58/673 1540/55/664 1547/55/671
f 1547/55/671 1550/58/674 1549/58/673
f 1550/58/674 1547/55/671 1548/55/672
f 1548/55/672 1551/58/675 1550/58/674
f 1550/58/674 1551/58/675 1552/62/676
f 1552/62/676 1553/62/677 1550/58/674
f 1549/58/673 1550/58/674 1553/62/677
f 1553/62/677 1554/62/678 1549/58/673
f 1541/58/665 1549/58/673 1554/62/678
f 1554/62/678 1555/62/679 1541/58/665
f 1556/62/680 1552/62/676 1551/58/675
f 1551/58/675 1557/58/681 1556/62/680
f 1558/62/682 1556/62/680 1557/58/681
f 1557/58/681 1559/58/683 1558/62/682
f 1560/55/684 1557/58/681 1551/58/675
f 1551/58/675 1548/55/672 1560/55/684
f 1561/55/455 1559/58/683 1557/58/681
f 1557/58/681 1560/55/684 1561/55/455
f 1562/57/685 1560/55/684 1548/55/672
f 1548/55/672 1545/56/669 1562/57/685
f 1562/57/685 1545/56/669 1546/60/670
f 1546/60/670 1563/63/686 1562/57/685
f 1560/55/684 1562/57/685 1564/64/687
f 1564/64/687 1561/55/455 1560/55/684
f 1564/64/687 1562/57/685 1563/63/686
f 1563/63/686 1565/65/688 1564/64/687
f 1566/66/689 1564/64/687 1565/65/688
f 1565/65/688 1567/67/690 1566/66/689
f 1561/55/455 1564/64/687 1566/66/689
f 1566/66/689 1568/55/691 1561/55/455
f 1559/58/683 1561/55/455 1568/55/691
f 1568/55/691 1569/58/692 1559/58/683
f 1570/62/693 1558/62/682 1559/58/683
f 1559/58/683 1569/58/692 1570/62/693
f 1571/62/694 1570/62/693 1569/58/692
f 1569/58/692 1572/58/695 1571/62/694
f 1573/62/696 1571/62/694 1572/58/695
f 1572/58/695 1574/58/697 1573/62/696
f 1575/55/698 1572/58/695 1569/58/692
f 1569/58/692 1568/55/691 1575/55/698
f 1576/68/699 1575/55/698 1568/55/691
f 1568/55/691 1566/66/689 1576/68/699
f 1576/68/699 1566/66/689 1567/67/690
f 1567/67/690 1577/69/700 1576/68/699
f 1578/62/701 1573/62/696 1574/58/697
f 1574/58/697 1579/58/702 1578/62/701
f 1580/62/703 1578/62/701 1579/58/702
f 1579/58/702 1581/58/704 1580/62/703
f 1582/55/705 1581/58/704 1579/58/702
f 1579/58/702 1583/55/706 1582/55/705
f 1583/55/706 1579/58/702 1574/58/697
f 1574/58/697 1585/55/708 1583/55/706
f 1584/66/707 1582/55/705 1583/55/706
f 1583/55/706 1586/68/709 1584/66/707
f 1585/55/708 1574/58/697 1572/58/695
f 1572/58/695 1575/55/698 1585/55/708
f 1586/68/709 1583/55/706 1585/55/708
f 1585/55/708 1587/68/710 1586/68/709
f 1587/68/710 1585/55/708 1575/55/698
f 1575/55/698 1576/68/699 1587/68/710
f 1587/68/710 1576/68/699 1577/69/700
f 1577/69/700 1588/70/711 1587/68/710
f 1586/68/709 1587/68/710 1588/70/711
f 1588/70/711 1589/69/712 1586/68/709
f 1584/66/707 1586/68/709 1589/69/712
f 1589/69/712 1590/67/713 1584/66/707
f 1591/62/714 1580/62/703 1581/58/704
f 1581/58/704 1592/58/715 1591/62/714
f 1555/62/679 1591/62/714 1592/58/715
f 1592/58/715 1541/58/665 1555/62/679
f 1537/55/661 1541/58/665 1592/58/715
f 1592/58/715 1593/55/442 1537/55/661
f 1593/55/442 1592/58/715 1581/58/704
f 1581/58/704 1582/55/705 1593/55/442
f 1539/57/663 1537/55/661 1593/55/442
f 1593/55/442 1594/64/716 1539/57/663
f 1594/64/716 1593/55/442 1582/55/705
f 1582/55/705 1584/66/707 1594/64/716
f 1594/64/716 1584/66/707 1590/67/713
f 1590/67/713 1595/65/717 1594/64/716
f 1539/57/663 1594/64/716 1595/65/717
f 1595/65/717 1596/63/718 1539/57/663
f 1538/56/662 1539/57/663 1596/63/718
f 1596/63/718 1543/60/667 1538/56/662
f 1598/72/720 1597/71/719 1543/60/667
f 1543/60/667 1596/63/718 1598/72/720
f 1544/61/668 1543/60/667 1597/71/719
f 1597/71/719 1599/73/721 1544/61/668
f 1546/60/670 1544/61/668 1599/73/721
f 1599/73/721 1604/71/726 1546/60/670
f 1601/75/723 1598/72/720 1596/63/718
f 1596/63/718 1595/65/717 1601/75/723
f 1598/72/720 1601/75/723 1602/76/724
f 1602/76/724 1600/74/722 1598/72/720
f 1602/76/724 1601/75/723 1595/65/717
f 1595/65/717 1590/67/713 1602/76/724
f 1600/74/722 1602/76/724 1590/67/713
f 1590/67/713 1589/69/712 1600/74/722
f 1603/74/725 1600/74/722 1589/69/712
f 1589/69/712 1588/70/711 1603/74/725
f 1599/73/721 1600/74/722 1603/74/725
f 1603/74/725 1604/71/726 1599/73/721
f 1563/63/686 1546/60/670 1604/71/726
f 1604/71/726 1606/72/728 1563/63/686
f 1605/74/727 1603/74/725 1588/70/711
f 1588/70/711 1577/69/700 1605/74/727
f 1604/71/726 1603/74/725 1605/74/727
f 1605/74/727 1606/72/728 1604/71/726
f 1565/65/688 1563/63/686 1606/72/728
f 1606/72/728 1608/75/730 1565/65/688
f 1607/76/729 1605/74/727 1577/69/700
f 1577/69/700 1567/67/690 1607/76/729
f 1606/72/728 1605/74/727 1607/76/729
f 1607/76/729 1608/75/730 1606/72/728
f 1608/75/730 1607/76/729 1567/67/690
f 1567/67/690 1565/65/688 1608/75/730
f 1555/62/679 1554/62/678 1609/77/731
f 1609/77/731 1610/77/732 1555/62/679
f 1591/62/714 1555/62/679 1610/77/732
f 1610/77/732 1611/77/733 1591/62/714
f 1580/62/703 1591/62/714 1611/77/733
f 1611/77/733 1612/77/734 1580/62/703
f 1612/77/734 1611/77/733 1610/77/732
f 1610/77/732 1609/77/731 1612/77/734
f 1578/62/701 1580/62/703 1612/77/734
f 1612/77/734 1613/77/735 1578/62/701
f 1573/62/696 1578/62/701 1613/77/735
f 1613/77/735 1615/77/737 1573/62/696
f 1614/77/736 1609/77/731 1554/62/678
f 1554/62/678 1553/62/677 1614/77/736
f 1616/77/738 1615/77/737 1613/77/735
f 1613/77/735 1614/77/736 1616/77/738
f 1571/62/694 1573/62/696 1615/77/737
f 1615/77/737 1617/77/739 1571/62/694
f 1616/77/738 1614/77/736 1553/62/677
f 1553/62/677 1552/62/676 1616/77/738
f 1618/77/740 1617/77/739 1615/77/737
f 1615/77/737 1616/77/738 1618/77/740
f 1570/62/693 1571/62/694 1617/77/739
f 1617/77/739 1619/77/741 1570/62/693
f 1618/77/740 1616/77/738 1552/62/676
f 1552/62/676 1556/62/680 1618/77/740
f 1620/77/742 1619/77/741 1617/77/739
f 1617/77/739 1618/77/740 1620/77/742
f 1558/62/682 1570/62/693 1619/77/741
f 1619/77/741 1620/77/742 1558/62/682
f 1620/77/742 1618/77/740 1556/62/680
f 1556/62/680 1558/62/682 1620/77/742
f 1621/55/743 1623/57/745 1622/56/744
f 1622/56/744 1624/55/746 1621/55/743
f 1625/58/692 1621/55/743 1624/55/746
f 1624/55/746 1633/58/695 1625/58/692
f 1624/55/746 1622/56/744 1626/59/747
f 1626/59/747 1631/55/752 1624/55/746
f 1626/59/747 1622/56/744 1627/60/748
f 1627/60/748 1628/61/749 1626/59/747
f 1629/56/750 1626/59/747 1628/61/749
f 1628/61/749 1630/60/751 1629/56/750
f 1631/55/752 1626/59/747 1629/56/750
f 1629/56/750 1632/55/753 1631/55/752
f 1633/58/695 1624/55/746 1631/55/752
f 1631/55/752 1634/58/697 1633/58/695
f 1634/58/697 1631/55/752 1632/55/753
f 1632/55/753 1635/58/702 1634/58/697
f 1634/58/697 1635/58/702 1636/62/701
f 1636/62/701 1637/62/696 1634/58/697
f 1633/58/695 1634/58/697 1637/62/696
f 1637/62/696 1638/62/694 1633/58/695
f 1625/58/692 1633/58/695 1638/62/694
f 1638/62/694 1639/62/693 1625/58/692
f 1640/62/703 1636/62/701 1635/58/702
f 1635/58/702 1641/58/704 1640/62/703
f 1642/62/714 1640/62/703 1641/58/704
f 1641/58/704 1643/58/715 1642/62/714
f 1644/55/754 1641/58/704 1635/58/702
f 1635/58/702 1632/55/753 1644/55/754
f 1645/55/442 1643/58/715 1641/58/704
f 1641/58/704 1644/55/754 1645/55/442
f 1646/57/755 1644/55/754 1632/55/753
f 1632/55/753 1629/56/750 1646/57/755
f 1646/57/755 1629/56/750 1630/60/751
f 1630/60/751 1647/63/756 1646/57/755
f 1644/55/754 1646/57/755 1648/64/757
f 1648/64/757 1645/55/442 1644/55/754
f 1648/64/757 1646/57/755 1647/63/756
f 1647/63/756 1649/65/758 1648/64/757
f 1650/66/759 1648/64/757 1649/65/758
f 1649/65/758 1651/67/760 1650/66/759
f 1645/55/442 1648/64/757 1650/66/759
f 1650/66/759 1652/55/761 1645/55/442
f 1643/58/715 1645/55/442 1652/55/761
f 1652/55/761 1653/58/665 1643/58/715
f 1654/62/679 1642/62/714 1643/58/715
f 1643/58/715 1653/58/665 1654/62/679
f 1655/62/678 1654/62/679 1653/58/665
f 1653/58/665 1656/58/673 1655/62/678
f 1657/62/677 1655/62/678 1656/58/673
f 1656/58/673 1658/58/674 1657/62/677
f 1659/55/762 1656/58/673 1653/58/665
f 1653/58/665 1652/55/761 1659/55/762
f 1660/68/763 1659/55/762 1652/55/761
f 1652/55/761 1650/66/759 1660/68/763
f 1660/68/763 1650/66/759 1651/67/760
f 1651/67/760 1661/69/764 1660/68/763
f 1662/62/676 1657/62/677 1658/58/674
f 1658/58/674 1663/58/675 1662/62/676
f 1664/62/680 1662/62/676 1663/58/675
f 1663/58/675 1665/58/681 1664/62/680
f 1666/55/765 1665/58/681 1663/58/675
f 1663/58/675 1667/55/766 1666/55/765
f 1667/55/766 1663/58/675 1658/58/674
f 1658/58/674 1669/55/768 1667/55/766
f 1668/66/767 1666/55/765 1667/55/766
f 1667/55/766 1670/68/769 1668/66/767
f 1669/55/768 1658/58/674 1656/58/673
f 1656/58/673 1659/55/762 1669/55/768
f 1670/68/769 1667/55/766 1669/55/768
f 1669/55/768 1671/68/770 1670/68/769
f 1671/68/770 1669/55/768 1659/55/762
f 1659/55/762 1660/68/763 1671/68/770
f 1671/68/770 1660/68/763 1661/69/764
f 1661/69/764 1672/70/771 1671/68/770
f 1670/68/769 1671/68/770 1672/70/771
f 1672/70/771 1673/69/772 1670/68/769
f 1668/66/767 1670/68/769 1673/69/772
f 1673/69/772 1674/67/773 1668/66/767
f 1675/62/682 1664/62/680 1665/58/681
f 1665/58/681 1676/58/683 1675/62/682
f 1639/62/693 1675/62/682 1676/58/683
f 1676/58/683 1625/58/692 1639/62/693
f 1621/55/743 1625/58/692 1676/58/683
f 1676/58/683 1677/55/455 1621/55/743
f 1677/55/455 1676/58/683 1665/58/681
f 1665/58/681 1666/55/765 1677/55/455
f 1623/57/745 1621/55/743 1677/55/455
f 1677/55/455 1678/64/774 1623/57/745
f 1678/64/774 1677/55/455 1666/55/765
f 1666/55/765 1668/66/767 1678/64/774
f 1678/64/774 1668/66/767 1674/67/773
f 1674/67/773 1679/65/775 1678/64/774
f 1623/57/745 1678/64/774 1679/65/775
f 1679/65/775 1680/63/776 1623/57/745
f 1622/56/744 1623/57/745 1680/63/776
f 1680/63/776 1627/60/748 1622/56/744
f 1682/72/778 1681/71/777 1627/60/748
f 1627/60/748 1680/63/776 1682/72/778
f 1628/61/749 1627/60/748 1681/71/777
f 1681/71/777 1683/73/779 1628/61/749
f 1630/60/751 1628/61/749 1683/73/779
f 1683/73/779 1688/71/784 1630/60/751
f 1685/75/781 1682/72/778 1680/63/776
f 1680/63/776 1679/65/775 1685/75/781
f 1682/72/778 1685/75/781 1686/76/782
f 1686/76/782 1684/74/780 1682/72/778
f 1686/76/782 1685/75/781 1679/65/775
f 1679/65/775 1674/67/773 1686/76/782
f 1684/74/780 1686/76/782 1674/67/773
f 1674/67/773 1673/69/772 1684/74/780
f 1687/74/783 1684/74/780 1673/69/772
f 1673/69/772 1672/70/771 1687/74/783
f 1683/73/779 1684/74/780 1687/74/783
f 1687/74/783 1688/71/784 1683/73/779
f 1647/63/756 1630/60/751 1688/71/784
f 1688/71/784 1690/72/786 1647/63/756
f 1689/74/785 1687/74/783 1672/70/771
f 1672/70/771 1661/69/764 1689/74/785
f 1688/71/784 1687/74/783 1689/74/785
f 1689/74/785 1690/72/786 1688/71/784
f 1649/65/758 1647/63/756 1690/72/786
f 1690/72/786 1692/75/788 1649/65/758
f 1691/76/787 1689/74/785 1661/69/764
f 1661/69/764 1651/67/760 1691/76/787
f 1690/72/786 1689/74/785 1691/76/787
f 1691/76/787 1692/75/788 1690/72/786
f 1692/75/788 1691/76/787 1651/67/760
f 1651/67/760 1649/65/758 1692/75/788
f 1639/62/693 1638/62/694 1693/77/789
f 1693/77/789 1694/77/741 1639/62/693
f 1675/62/682 1639/62/693 1694/77/741
f 1694/77/741 1695/77/742 1675/62/682
f 1664/62/680 1675/62/682 1695/77/742
f 1695/77/742 1696/77/740 1664/62/680
f 1696/77/740 1695/77/742 1694/77/741
f 1694/77/741 1693/77/789 1696/77/740
f 1662/62/676 1664/62/680 1696/77/740
f 1696/77/740 1697/77/790 1662/62/676
f 1657/62/677 1662/62/676 1697/77/790
f 1697/77/790 1699/77/736 1657/62/677
f 1698/77/737 1693/77/789 1638/62/694
f 1638/62/694 1637/62/696 1698/77/737
f 1700/77/791 1699/77/736 1697/77/790
f 1697/77/790 1698/77/737 1700/77/791
f 1655/62/678 1657/62/677 1699/77/736
f 1699/77/736 1701/77/792 1655/62/678
f 1700/77/791 1698/77/737 1637/62/696
f 1637/62/696 1636/62/701 1700/77/791
f 1702/77/734 1701/77/792 1699/77/736
f 1699/77/736 1700/77/791 1702/77/734
f 1654/62/679 1655/62/678 1701/77/792
f 1701/77/792 1703/77/732 1654/62/679
f 1702/77/734 1700/77/791 1636/62/701
f 1636/62/701 1640/62/703 1702/77/734
f 1704/77/733 1703/77/732 1701/77/792
f 1701/77/792 1702/77/734 1704/77/733
f 1642/62/714 1654/62/679 1703/77/732
f 1703/77/732 1704/77/733 1642/62/714
f 1704/77/733 1702/77/734 1640/62/703
f 1640/62/703 1642/62/714 1704/77/733
f 1705/55/743 1707/57/745 1706/56/744
f 1706/56/744 1708/55/746 1705/55/743
f 1709/58/692 1705/55/743 1708/55/746
f 1708/55/746 1717/58/695 1709/58/692
f 1708/55/746 1706/56/744 1710/59/747
f 1710/59/747 1715/55/752 1708/55/746
f 1710/59/747 1706/56/744 1711/60/748
f 1711/60/748 1712/61/749 1710/59/747
f 1713/56/750 1710/59/747 1712/61/749
f 1712/61/749 1714/60/751 1713/56/750
f 1715/55/752 1710/59/747 1713/56/750
f 1713/56/750 1716/55/753 1715/55/752
f 1717/58/695 1708/55/746 1715/55/752
f 1715/55/752 1718/58/697 1717/58/695
f 1718/58/697 1715/55/752 1716/55/753
f 1716/55/753 1719/58/702 1718/58/697
f 1718/58/697 1719/58/702 1720/62/701
f 1720/62/701 1721/62/696 1718/58/697
f 1717/58/695 1718/58/697 1721/62/696
f 1721/62/696 1722/62/694 1717/58/695
f 1709/58/692 1717/58/695 1722/62/694
f 1722/62/694 1723/62/693 1709/58/692
f 1724/62/703 1720/62/701 1719/58/702
f 1719/58/702 1725/58/704 1724/62/703
f 1726/62/714 1724/62/703 1725/58/704
f 1725/58/704 1727/58/715 1726/62/714
f 1728/55/754 1725/58/704 1719/58/702
f 1719/58/702 1716/55/753 1728/55/754
f 1729/55/442 1727/58/715 1725/58/704
f 1725/58/704 1728/55/754 1729/55/442
f 1730/57/755 1728/55/754 1716/55/753
f 1716/55/753 1713/56/750 1730/57/755
f 1730/57/755 1713/56/750 1714/60/751
f 1714/60/751 1731/63/756 1730/57/755
f 1728/55/754 1730/57/755 1732/64/757
f 1732/64/757 1729/55/442 1728/55/754
f 1732/64/757 1730/57/755 1731/63/756
f 1731/63/756 1733/65/758 1732/64/757
f 1734/66/759 1732/64/757 1733/65/758
f 1733/65/758 1735/67/760 1734/66/759
f 1729/55/442 1732/64/757 1734/66/759
f 1734/66/759 1736/55/761 1729/55/442
f 1727/58/715 1729/55/442 1736/55/761
f 1736/55/761 1737/58/665 1727/58/715
f 1738/62/679 1726/62/714 1727/58/715
f 1727/58/715 1737/58/665 1738/62/679
f 1739/62/678 1738/62/679 1737/58/665
f 1737/58/665 1740/58/673 1739/62/678
f 1741/62/677 1739/62/678 1740/58/673
f 1740/58/673 1742/58/674 1741/62/677
f 1743/55/762 1740/58/673 1737/58/665
f 1737/58/665 1736/55/761 1743/55/762
f 1744/68/763 1743/55/762 1736/55/761
f 1736/55/761 1734/66/759 1744/68/763
f 1744/68/763 1734/66/759 1735/67/760
f 1735/67/760 1745/69/764 1744/68/763
f 1746/62/676 1741/62/677 1742/58/674
f 1742/58/674 1747/58/675 1746/62/676
f 1748/62/680 1746/62/676 1747/58/675
f 1747/58/675 1749/58/681 1748/62/680
f 1750/55/765 1749/58/681 1747/58/675
f 1747/58/675 1751/55/766 1750/55/765
f 1751/55/766 1747/58/675 1742/58/674
f 1742/58/674 1753/55/768 1751/55/766
f 1752/66/767 1750/55/765 1751/55/766
f 1751/55/766 1754/68/769 1752/66/767
f 1753/55/768 1742/58/674 1740/58/673
f 1740/58/673 1743/55/762 1753/55/768
f 1754/68/769 1751/55/766 1753/55/768
f 1753/55/768 1755/68/770 1754/68/769
f 1755/68/770 1753/55/768 1743/55/762
f 1743/55/762 1744/68/763 1755/68/770
f 1755/68/770 1744/68/763 1745/69/764
f 1745/69/764 1756/70/771 1755/68/770
f 1754/68/769 1755/68/770 1756/70/771
f 1756/70/771 1757/69/772 1754/68/769
f 1752/66/767 1754/68/769 1757/69/772
f 1757/69/772 1758/67/773 1752/66/767
f 1759/62/682 1748/62/680 1749/58/681
f 1749/58/681 1760/58/683 1759/62/682
f 1723/62/693 1759/62/682 1760/58/683
f 1760/58/683 1709/58/692 1723/62/693
f 1705/55/743 1709/58/692 1760/58/683
f 1760/58/683 1761/55/455 1705/55/743
f 1761/55/455 1760/58/683 1749/58/681
f 1749/58/681 1750/55/765 1761/55/455
f 1707/57/745 1705/55/743 1761/55/455
f 1761/55/455 1762/64/774 1707/57/745
f 1762/64/774 1761/55/455 1750/55/765
f 1750/55/765 1752/66/767 1762/64/774
f 1762/64/774 1752/66/767 1758/67/773
f 1758/67/773 1763/65/775 1762/64/774
f 1707/57/745 1762/64/774 1763/65/775
f 1763/65/775 1764/63/776 1707/57/745
f 1706/56/744 1707/57/745 1764/63/776
f 1764/63/776 1711/60/748 1706/56/744
f 1766/72/778 1765/71/777 1711/60/748
f 1711/60/748 1764/63/776 1766/72/778
f 1712/61/749 1711/60/748 1765/71/777
f 1765/71/777 1767/73/779 1712/61/749
f 1714/60/751 1712/61/749 1767/73/779
f 1767/73/779 1772/71/784 1714/60/751
f 1769/75/781 1766/72/778 1764/63/776
f 1764/63/776 1763/65/775 1769/75/781
f 1766/72/778 1769/75/781 1770/76/782
f 1770/76/782 1768/74/780 1766/72/778
f 1770/76/782 1769/75/781 1763/65/775
f 1763/65/775 1758/67/773 1770/76/782
f 1768/74/780 1770/76/782 1758/67/773
f 1758/67/773 1757/69/772 1768/74/780
f 1771/74/783 1768/74/780 1757/69/772
f 1757/69/772 1756/70/771 1771/74/783
f 1767/73/779 1768/74/780 1771/74/783
f 1771/74/783 1772/71/784 1767/73/779
f 1731/63/756 1714/60/751 1772/71/784
f 1772/71/784 1774/72/786 1731/63/756
f 1773/74/785 1771/74/783 1756/70/771
f 1756/70/771 1745/69/764 1773/74/785
f 1772/71/784 1771/74/783 1773/74/785
f 1773/74/785 1774/72/786 1772/71/784
f 1733/65/758 1731/63/756 1774/72/786
f 1774/72/786 1776/75/788 1733/65/758
f 1775/76/787 1773/74/785 1745/69/764
f 1745/69/764 1735/67/760 1775/76/787
f 1774/72/786 1773/74/785 1775/76/787
f 1775/76/787 1776/75/788 1774/72/786
f 1776/75/788 1775/76/787 1735/67/760
f 1735/67/760 1733/65/758 1776/75/788
f 1723/62/693 1722/62/694 1777/77/789
f 1777/77/789 1778/77/741 1723/62/693
f 1759/62/682 1723/62/693 1778/77/741
f 1778/77/741 1779/77/742 1759/62/682
f 1748/62/680 1759/62/682 1779/77/742
f 1779/77/742 1780/77/740 1748/62/680
f 1780/77/740 1779/77/742 1778/77/741
f 1778/77/741 1777/77/789 1780/77/740
f 1746/62/676 1748/62/680 1780/77/740
f 1780/77/740 1781/77/790 1746/62/676
f 1741/62/677 1746/62/676 1781/77/790
f 1781/77/790 1783/77/736 1741/62/677
f 1782/77/737 1777/77/789 1722/62/694
f 1722/62/694 1721/62/696 1782/77/737
f 1784/77/791 1783/77/736 1781/77/790
f 1781/77/790 1782/77/737 1784/77/791
f 1739/62/678 1741/62/677 1783/77/736
f 1783/77/736 1785/77/792 1739/62/678
f 1784/77/791 1782/77/737 1721/62/696
f 1721/62/696 1720/62/701 1784/77/791
f 1786/77/734 1785/77/792 1783/77/736
f 1783/77/736 1784/77/791 1786/77/734
f 1738/62/679 1739/62/678 1785/77/792
f 1785/77/792 1787/77/732 1738/62/679
f 1786/77/734 1784/77/791 1720/62/701
f 1720/62/701 1724/62/703 1786/77/734
f 1788/77/733 1787/77/732 1785/77/792
f 1785/77/792 1786/77/734 1788/77/733
f 1726/62/714 1738/62/679 1787/77/732
f 1787/77/732 1788/77/733 1726/62/714
f 1788/77/733 1786/77/734 1724/62/703
f 1724/62/703 1726/62/714 1788/77/733
f 1789/55/743 1791/57/745 1790/56/744
f 1790/56/744 1792/55/746 1789/55/743
f 1793/58/692 1789/55/743 1792/55/746
f 1792/55/746 1801/58/695 1793/58/692
f 1792/55/746 1790/56/744 1794/59/747
f 1794/59/747 1799/55/752 1792/55/746
f 1794/59/747 1790/56/744 1795/60/748
f 1795/60/748 1796/61/749 1794/59/747
f 1797/56/750 1794/59/747 1796/61/749
f 1796/61/749 1798/60/751 1797/56/750
f 1799/55/752 1794/59/747 1797/56/750
f 1797/56/750 1800/55/753 1799/55/752
f 1801/58/695 1792/55/746 1799/55/752
f 1799/55/752 1802/58/697 1801/58/695
f 1802/58/697 1799/55/752 1800/55/753
f 1800/55/753 1803/58/702 1802/58/697
f 1802/58/697 1803/58/702 1804/62/701
f 1804/62/701 1805/62/696 1802/58/697
f 1801/58/695 1802/58/697 1805/62/696
f 1805/62/696 1806/62/694 1801/58/695
f 1793/58/692 1801/58/695 1806/62/694
f 1806/62/694 1807/62/693 1793/58/692
f 1808/62/703 1804/62/701 1803/58/702
f 1803/58/702 1809/58/704 1808/62/703
f 1810/62/714 1808/62/703 1809/58/704
f 1809/58/704 1811/58/715 1810/62/714
f 1812/55/754 1809/58/704 1803/58/702
f 1803/58/702 1800/55/753 1812/55/754
f 1813/55/442 1811/58/715 1809/58/704
f 1809/58/704 1812/55/754 1813/55/442
f 1814/57/755 1812/55/754 1800/55/753
f 1800/55/753 1797/56/750 1814/57/755
f 1814/57/755 1797/56/750 1798/60/751
f 1798/60/751 1815/63/756 1814/57/755
f 1812/55/754 1814/57/755 1816/64/757
f 1816/64/757 1813/55/442 1812/55/754
f 1816/64/757 1814/57/755 1815/63/756
f 1815/63/756 1817/65/758 1816/64/757
f 1818/66/759 1816/64/757 1817/65/758
f 1817/65/758 1819/67/760 1818/66/759
f 1813/55/442 1816/64/757 1818/66/759
f 1818/66/759 1820/55/761 1813/55/442
f 1811/58/715 1813/55/442 1820/55/761
f 1820/55/761 1821/58/665 1811/58/715
f 1822/62/679 1810/62/714 1811/58/715
f 1811/58/715 1821/58/665 1822/62/679
f 1823/62/678 1822/62/679 1821/58/665
f 1821/58/665 1824/58/673 1823/62/678
f 1825/62/677 1823/62/678 1824/58/673
f 1824/58/673 1826/58/674 1825/62/677
f 1827/55/762 1824/58/673 1821/58/665
f 1821/58/665 1820/55/761 1827/55/762
f 1828/68/763 1827/55/762 1820/55/761
f 1820/55/761 1818/66/759 1828/68/763
f 1828/68/763 1818/66/759 1819/67/760
f 1819/67/760 1829/69/764 1828/68/763
f 1830/62/676 1825/62/677 1826/58/674
f 1826/58/674 1831/58/675 1830/62/676
f 1832/62/680 1830/62/676 1831/58/675
f 1831/58/675 1833/58/681 1832/62/680
f 1834/55/765 1833/58/681 1831/58/675
f 1831/58/675 1835/55/766 1834/55/765
f 1835/55/766 1831/58/675 1826/58/674
f 1826/58/674 1837/55/768 1835/55/766
f 1836/66/767 1834/55/765 1835/55/766
f 1835/55/766 1838/68/769 1836/66/767
f 1837/55/768 1826/58/674 1824/58/673
f 1824/58/673 1827/55/762 1837/55/768
f 1838/68/769 1835/55/766 1837/55/768
f 1837/55/768 1839/68/770 1838/68/769
f 1839/68/770 1837/55/768 1827/55/762
f 1827/55/762 1828/68/763 1839/68/770
f 1839/68/770 1828/68/763 1829/69/764
f 1829/69/764 1840/70/771 1839/68/770
f 1838/68/769 1839/68/770 1840/70/771
f 1840/70/771 1841/69/772 1838/68/769
f 1836/66/767 1838/68/769 1841/69/772
f 1841/69/772 1842/67/773 1836/66/767
f 1843/62/682 1832/62/680 1833/58/681
f 1833/58/681 1844/58/683 1843/62/682
f 1807/62/693 1843/62/682 1844/58/683
f 1844/58/683 1793/58/692 1807/62/693
f 1789/55/743 1793/58/692 1844/58/683
f 1844/58/683 1845/55/455 1789/55/743
f 1845/55/455 1844/58/683 1833/58/681
f 1833/58/681 1834/55/765 1845/55/455
f 1791/57/745 1789/55/743 1845/55/455
f 1845/55/455 1846/64/774 1791/57/745
f 1846/64/774 1845/55/455 1834/55/765
f 1834/55/765 1836/66/767 1846/64/774
f 1846/64/774 1836/66/767 1842/67/773
f 1842/67/773 1847/65/775 1846/64/774
f 1791/57/745 1846/64/774 1847/65/775
f 1847/65/775 1848/63/776 1791/57/745
f 1790/56/744 1791/57/745 1848/63/776
f 1848/63/776 1795/60/748 1790/56/744
f 1850/72/778 1849/71/777 1795/60/748
f 1795/60/748 1848/63/776 1850/72/778
f 1796/61/749 1795/60/748 1849/71/777
f 1849/71/777 1851/73/779 1796/61/749
f 1798/60/751 1796/61/749 1851/73/779
f 1851/73/779 1856/71/784 1798/60/751
f 1853/75/781 1850/72/778 1848/63/776
f 1848/63/776 1847/65/775 1853/75/781
f 1850/72/778 1853/75/781 1854/76/782
f 1854/76/782 1852/74/780 1850/72/778
f 1854/76/782 1853/75/781 1847/65/775
f 1847/65/775 1842/67/773 1854/76/782
f 1852/74/780 1854/76/782 1842/67/773
f 1842/67/773 1841/69/772 1852/74/780
f 1855/74/783 1852/74/780 1841/69/772
f 1841/69/772 1840/70/771 1855/74/783
f 1851/73/779 1852/74/780 1855/74/783
f 1855/74/783 1856/71/784 1851/73/779
f 1815/63/756 1798/60/751 1856/71/784
f 1856/71/784 1858/72/786 1815/63/756
f 1857/74/785 1855/74/783 1840/70/771
f 1840/70/771 1829/69/764 1857/74/785
f 1856/71/784 1855/74/783 1857/74/785
f 1857/74/785 1858/72/786 1856/71/784
f 1817/65/758 1815/63/756 1858/72/786
f 1858/72/786 1860/75/788 1817/65/758
f 1859/76/787 1857/74/785 1829/69/764
f 1829/69/764 1819/67/760 1859/76/787
f 1858/72/786 1857/74/785 1859/76/787
f 1859/76/787 1860/75/788 1858/72/786
f 1860/75/788 1859/76/787 1819/67/760
f 1819/67/760 1817/65/758 1860/75/788
f 1807/62/693 1806/62/694 1861/77/789
f 1861/77/789 1862/77/741 1807/62/693
f 1843/62/682 1807/62/693 1862/77/741
f 1862/77/741 1863/77/742 1843/62/682
f 1832/62/680 1843/62/682 1863/77/742
f 1863/77/742 1864/77/740 1832/62/680
f 1864/77/740 1863/77/742 1862/77/741
f 1862/77/741 1861/77/789 1864/77/740
f 1830/62/676 1832/62/680 1864/77/740
f 1864/77/740 1865/77/790 1830/62/676
f 1825/62/677 1830/62/676 1865/77/790
f 1865/77/790 1867/77/736 1825/62/677
f 1866/77/737 1861/77/789 1806/62/694
f 1806/62/694 1805/62/696 1866/77/737
f 1868/77/791 1867/77/736 1865/77/790
f 1865/77/790 1866/77/737 1868/77/791
f 1823/62/678 1825/62/677 1867/77/736
f 1867/77/736 1869/77/792 1823/62/678
f 1868/77/791 1866/77/737 1805/62/696
f 1805/62/696 1804/62/701 1868/77/791
f 1870/77/734 1869/77/792 1867/77/736
f 1867/77/736 1868/77/791 1870/77/734
f 1822/62/679 1823/62/678 1869/77/792
f 1869/77/792 1871/77/732 1822/62/679
f 1870/77/734 1868/77/791 1804/62/701
f 1804/62/701 1808/62/703 1870/77/734
f 1872/77/733 1871/77/732 1869/77/792
f 1869/77/792 1870/77/734 1872/77/733
f 1810/62/714 1822/62/679 1871/77/732
f 1871/77/732 1872/77/733 1810/62/714
f 1872/77/733 1870/77/734 1808/62/703
f 1808/62/703 1810/62/714 1872/77/733
f 1873/55/793 1875/57/795 1874/56/794
f 1874/56/794 1876/55/796 1873/55/793
f 1877/58/702 1873/55/793 1876/55/796
f 1876/55/796 1885/58/704 1877/58/702
f 1876/55/796 1874/56/794 1878/59/797
f 1878/59/797 1883/55/802 1876/55/796
f 1878/59/797 1874/56/794 1879/60/798
f 1879/60/798 1880/61/799 1878/59/797
f 1881/56/800 1878/59/797 1880/61/799
f 1880/61/799 1882/60/801 1881/56/800
f 1883/55/802 1878/59/797 1881/56/800
f 1881/56/800 1884/55/803 1883/55/802
f 1885/58/704 1876/55/796 1883/55/802
f 1883/55/802 1886/58/715 1885/58/704
f 1886/58/715 1883/55/802 1884/55/803
f 1884/55/803 1887/58/665 1886/58/715
f 1886/58/715 1887/58/665 1888/62/679
f 1888/62/679 1889/62/714 1886/58/715
f 1885/58/704 1886/58/715 1889/62/714
f 1889/62/714 1890/62/703 1885/58/704
f 1877/58/702 1885/58/704 1890/62/703
f 1890/62/703 1891/62/701 1877/58/702
f 1892/62/678 1888/62/679 1887/58/665
f 1887/58/665 1893/58/673 1892/62/678
f 1894/62/677 1892/62/678 1893/58/673
f 1893/58/673 1895/58/674 1894/62/677
f 1896/55/804 1893/58/673 1887/58/665
f 1887/58/665 1884/55/803 1896/55/804
f 1897/55/476 1895/58/674 1893/58/673
f 1893/58/673 1896/55/804 1897/55/476
f 1898/57/805 1896/55/804 1884/55/803
f 1884/55/803 1881/56/800 1898/57/805
f 1898/57/805 1881/56/800 1882/60/801
f 1882/60/801 1899/63/806 1898/57/805
f 1896/55/804 1898/57/805 1900/64/807
f 1900/64/807 1897/55/476 1896/55/804
f 1900/64/807 1898/57/805 1899/63/806
f 1899/63/806 1901/65/808 1900/64/807
f 1902/66/809 1900/64/807 1901/65/808
f 1901/65/808 1903/67/810 1902/66/809
f 1897/55/476 1900/64/807 1902/66/809
f 1902/66/809 1904/55/811 1897/55/476
f 1895/58/674 1897/55/476 1904/55/811
f 1904/55/811 1905/58/675 1895/58/674
f 1906/62/676 1894/62/677 1895/58/674
f 1895/58/674 1905/58/675 1906/62/676
f 1907/62/680 1906/62/676 1905/58/675
f 1905/58/675 1908/58/681 1907/62/680
f 1909/62/682 1907/62/680 1908/58/681
f 1908/58/681 1910/58/683 1909/62/682
f 1911/55/812 1908/58/681 1905/58/675
f 1905/58/675 1904/55/811 1911/55/812
f 1912/68/813 1911/55/812 1904/55/811
f 1904/55/811 1902/66/809 1912/68/813
f 1912/68/813 1902/66/809 1903/67/810
f 1903/67/810 1913/69/814 1912/68/813
f 1914/62/693 1909/62/682 1910/58/683
f 1910/58/683 1915/58/692 1914/62/693
f 1916/62/694 1914/62/693 1915/58/692
f 1915/58/692 1917/58/695 1916/62/694
f 1918/55/815 1917/58/695 1915/58/692
f 1915/58/692 1919/55/816 1918/55/815
f 1919/55/816 1915/58/692 1910/58/683
f 1910/58/683 1921/55/818 1919/55/816
f 1920/66/817 1918/55/815 1919/55/816
f 1919/55/816 1922/68/819 1920/66/817
f 1921/55/818 1910/58/683 1908/58/681
f 1908/58/681 1911/55/812 1921/55/818
f 1922/68/819 1919/55/816 1921/55/818
f 1921/55/818 1923/68/820 1922/68/819
f 1923/68/820 1921/55/818 1911/55/812
f 1911/55/812 1912/68/813 1923/68/820
f 1923/68/820 1912/68/813 1913/69/814
f 1913/69/814 1924/70/821 1923/68/820
f 1922/68/819 1923/68/820 1924/70/821
f 1924/70/821 1925/69/822 1922/68/819
f 1920/66/817 1922/68/819 1925/69/822
f 1925/69/822 1926/67/823 1920/66/817
f 1927/62/696 1916/62/694 1917/58/695
f 1917/58/695 1928/58/697 1927/62/696
f 1891/62/701 1927/62/696 1928/58/697
f 1928/58/697 1877/58/702 1891/62/701
f 1873/55/793 1877/58/702 1928/58/697
f 1928/58/697 1929/55/824 1873/55/793
f 1929/55/824 1928/58/697 1917/58/695
f 1917/58/695 1918/55/815 1929/55/824
f 1875/57/795 1873/55/793 1929/55/824
f 1929/55/824 1930/64/825 1875/57/795
f 1930/64/825 1929/55/824 1918/55/815
f 1918/55/815 1920/66/817 1930/64/825
f 1930/64/825 1920/66/817 1926/67/823
f 1926/67/823 1931/65/826 1930/64/825
f 1875/57/795 1930/64/825 1931/65/826
f 1931/65/826 1932/63/827 1875/57/795
f 1874/56/794 1875/57/795 1932/63/827
f 1932/63/827 1879/60/798 1874/56/794
f 1934/72/829 1933/71/828 1879/60/798
f 1879/60/798 1932/63/827 1934/72/829
f 1880/61/799 1879/60/798 1933/71/828
f 1933/71/828 1935/73/830 1880/61/799
f 1882/60/801 1880/61/799 1935/73/830
f 1935/73/830 1940/71/835 1882/60/801
f 1937/75/832 1934/72/829 1932/63/827
f 1932/63/827 1931/65/826 1937/75/832
f 1934/72/829 1937/75/832 1938/76/833
f 1938/76/833 1936/74/831 1934/72/829
f 1938/76/833 1937/75/832 1931/65/826
f 1931/65/826 1926/67/823 1938/76/833
f 1936/74/831 1938/76/833 1926/67/823
f 1926/67/823 1925/69/822 1936/74/831
f 1939/74/834 1936/74/831 1925/69/822
f 1925/69/822 1924/70/821 1939/74/834
f 1935/73/830 1936/74/831 1939/74/834
f 1939/74/834 1940/71/835 1935/73/830
f 1899/63/806 1882/60/801 1940/71/835
f 1940/71/835 1942/72/837 1899/63/806
f 1941/74/836 1939/74/834 1924/70/821
f 1924/70/821 1913/69/814 1941/74/836
f 1940/71/835 1939/74/834 1941/74/836
f 1941/74/836 1942/72/837 1940/71/835
f 1901/65/808 1899/63/806 1942/72/837
f 1942/72/837 1944/75/839 1901/65/808
f 1943/76/838 1941/74/836 1913/69/814
f 1913/69/814 1903/67/810 1943/76/838
f 1942/72/837 1941/74/836 1943/76/838
f 1943/76/838 1944/75/839 1942/72/837
f 1944/75/839 1943/76/838 1903/67/810
f 1903/67/810 1901/65/808 1944/75/839
f 1891/62/701 1890/62/703 1945/77/840
f 1945/77/840 1946/77/841 1891/62/701
f 1927/62/696 1891/62/701 1946/77/841
f 1946/77/841 1947/77/842 1927/62/696
f 1916/62/694 1927/62/696 1947/77/842
f 1947/77/842 1948/77/739 1916/62/694
f 1948/77/739 1947/77/842 1946/77/841
f 1946/77/841 1945/77/840 1948/77/739
f 1914/62/693 1916/62/694 1948/77/739
f 1948/77/739 1949/77/843 1914/62/693
f 1909/62/682 1914/62/693 1949/77/843
f 1949/77/843 1951/77/845 1909/62/682
f 1950/77/844 1945/77/840 1890/62/703
f 1890/62/703 1889/62/714 1950/77/844
f 1952/77/846 1951/77/845 1949/77/843
f 1949/77/843 1950/77/844 1952/77/846
f 1907/62/680 1909/62/682 1951/77/845
f 1951/77/845 1953/77/740 1907/62/680
f 1952/77/846 1950/77/844 1889/62/714
f 1889/62/714 1888/62/679 1952/77/846
f 1954/77/792 1953/77/740 1951/77/845
f 1951/77/845 1952/77/846 1954/77/792
f 1906/62/676 1907/62/680 1953/77/740
f 1953/77/740 1955/77/847 1906/62/676
f 1954/77/792 1952/77/846 1888/62/679
f 1888/62/679 1892/62/678 1954/77/792
f 1956/77/848 1955/77/847 1953/77/740
f 1953/77/740 1954/77/792 1956/77/848
f 1894/62/677 1906/62/676 1955/77/847
f 1955/77/847 1956/77/848 1894/62/677
f 1956/77/848 1954/77/792 1892/62/678
f 1892/62/678 1894/62/677 1956/77/848
f 1959/79/851 1958/78/850 1957/78/849
f 1957/78/849 1960/79/852 1959/79/851
f 1961/80/853 1959/79/851 1960/79/852
f 1960/79/852 1962/81/854 1961/80/853
f 1963/82/855 1961/80/853 1962/81/854
f 1962/81/854 1964/83/856 1963/82/855
f 1963/82/855 1964/83/856 1965/84/857
f 1965/84/857 1966/83/858 1963/82/855
f 1969/87/861 1968/86/860 1967/85/859
f 1967/85/859 1970/85/862 1969/87/861
f 1972/89/864 1971/88/863 1968/86/860
f 1968/86/860 1969/87/861 1972/89/864
f 1975/88/867 1974/90/866 1973/90/865
f 1973/90/865 1976/91/868 1975/88/867
f 1969/87/861 1970/85/862 1977/85/869
f 1977/85/869 1974/90/866 1969/87/861
f 1972/89/864 1969/87/861 1974/90/866
f 1974/90/866 1975/88/867 1972/89/864
f 1972/89/864 1975/88/867 1978/92/870
f 1978/92/870 1971/88/863 1972/89/864
f 1979/93/871 1978/92/870 1975/88/867
f 1975/88/867 1976/91/868 1979/93/871
f 1980/93/872 1979/93/871 1976/91/868
f 1976/91/868 1981/91/873 1980/93/872
f 1971/88/863 1978/92/870 1982/93/874
f 1982/93/874 1983/94/875 1971/88/863
f 1984/94/876 1983/94/875 1982/93/874
f 1982/93/874 1985/93/877 1984/94/876
f 1964/83/856 1962/81/854 1986/81/878
f 1986/81/878 1987/95/879 1964/83/856
f 1966/83/858 1965/84/857 1988/96/880
f 1988/96/880 1989/95/881 1966/83/858
f 1990/96/882 1965/84/857 1964/83/856
f 1964/83/856 1987/95/879 1990/96/882
f 1991/96/883 1990/96/882 1987/95/879
f 1987/95/879 1992/95/884 1991/96/883
f 1991/96/883 1992/95/884 1993/95/885
f 1993/95/885 1994/96/886 1991/96/883
f 1994/96/886 1993/95/885 1995/95/887
f 1995/95/887 1998/96/890 1994/96/886
f 1996/97/888 1991/96/883 1994/96/886
f 1994/96/886 1999/97/891 1996/97/888
f 1990/96/882 1991/96/883 1996/97/888
f 1996/97/888 1997/97/889 1990/96/882
f 1965/84/857 1990/96/882 1997/97/889
f 1997/97/889 1988/96/880 1965/84/857
f 1999/97/891 1994/96/886 1998/96/890
f 1998/96/890 2006/97/897 1999/97/891
f 1997/97/889 1996/97/888 2000/97/470
f 2000/97/470 2038/97/921 1997/97/889
f 2000/97/470 1996/97/888 1999/97/891
f 1999/97/891 2008/97/470 2000/97/470
f 2001/96/892 1998/96/890 1995/95/887
f 1995/95/887 2002/95/893 2001/96/892
f 1998/96/890 2001/96/892 2003/97/894
f 2003/97/894 2006/97/897 1998/96/890
f 2003/97/894 2001/96/892 2004/84/895
f 2004/84/895 2005/96/896 2003/97/894
f 2007/97/898 2003/97/894 2005/96/896
f 2005/96/896 2009/96/899 2007/97/898
f 2006/97/897 2003/97/894 2007/97/898
f 2007/97/898 2015/97/470 2006/97/897
f 2008/97/470 1999/97/891 2006/97/897
f 2006/97/897 2015/97/470 2008/97/470
f 2009/96/899 2005/96/896 2010/95/900
f 2010/95/900 2011/95/901 2009/96/899
f 2009/96/899 2011/95/901 2012/95/902
f 2012/95/902 2013/96/903 2009/96/899
f 2007/97/898 2009/96/899 2013/96/903
f 2013/96/903 2016/97/905 2007/97/898
f 2013/96/903 2012/95/902 2014/95/904
f 2014/95/904 2017/96/906 2013/96/903
f 2015/97/470 2007/97/898 2016/97/905
f 2016/97/905 2024/97/470 2015/97/470
f 2016/97/905 2013/96/903 2017/96/906
f 2017/96/906 2023/97/912 2016/97/905
f 2018/96/907 2017/96/906 2014/95/904
f 2014/95/904 2019/95/908 2018/96/907
f 2017/96/906 2018/96/907 2020/97/909
f 2020/97/909 2023/97/912 2017/96/906
f 2020/97/909 2018/96/907 2021/84/910
f 2021/84/910 2022/96/911 2020/97/909
f 2024/97/470 2016/97/905 2023/97/912
f 2023/97/912 2026/97/470 2024/97/470
f 2025/97/470 2008/97/470 2015/97/470
f 2015/97/470 2024/97/470 2025/97/470
f 2026/97/470 2023/97/912 2020/97/909
f 2020/97/909 2027/97/913 2026/97/470
f 2027/97/913 2020/97/909 2022/96/911
f 2022/96/911 2030/96/914 2027/97/913
f 2024/97/470 2026/97/470 2028/97/470
f 2028/97/470 2025/97/470 2024/97/470
f 2008/97/470 2025/97/470 2029/97/470
f 2029/97/470 2000/97/470 2008/97/470
f 2030/96/914 2022/96/911 2031/95/915
f 2031/95/915 2032/95/916 2030/96/914
f 2030/96/914 2032/95/916 2033/95/917
f 2033/95/917 2034/96/918 2030/96/914
f 2027/97/913 2030/96/914 2034/96/918
f 2034/96/918 2036/97/920 2027/97/913
f 2034/96/918 2033/95/917 2035/95/919
f 2035/95/919 2039/96/922 2034/96/918
f 2026/97/470 2027/97/913 2036/97/920
f 2036/97/920 2028/97/470 2026/97/470
f 2025/97/470 2028/97/470 2037/97/470
f 2037/97/470 2029/97/470 2025/97/470
f 2038/97/921 2000/97/470 2029/97/470
f 2029/97/470 2041/97/924 2038/97/921
f 2036/97/920 2034/96/918 2039/96/922
f 2039/96/922 2040/97/923 2036/97/920
f 2028/97/470 2036/97/920 2040/97/923
f 2040/97/923 2037/97/470 2028/97/470
f 2041/97/924 2029/97/470 2037/97/470
f 2037/97/470 2048/97/931 2041/97/924
f 1997/97/889 2038/97/921 2042/96/925
f 2042/96/925 1988/96/880 1997/97/889
f 2042/96/925 2038/97/921 2041/97/924
f 2041/97/924 2050/96/933 2042/96/925
f 2043/96/926 2039/96/922 2035/95/919
f 2035/95/919 2044/95/927 2043/96/926
f 2039/96/922 2043/96/926 2045/97/928
f 2045/97/928 2040/97/923 2039/96/922
f 2045/97/928 2043/96/926 2046/84/929
f 2046/84/929 2047/96/930 2045/97/928
f 2048/97/931 2037/97/470 2040/97/923
f 2040/97/923 2045/97/928 2048/97/931
f 2048/97/931 2045/97/928 2047/96/930
f 2047/96/930 2052/96/935 2048/97/931
f 1988/96/880 2042/96/925 2049/95/932
f 2049/95/932 1989/95/881 1988/96/880
f 2049/95/932 2042/96/925 2050/96/933
f 2050/96/933 2051/95/934 2049/95/932
f 2050/96/933 2041/97/924 2048/97/931
f 2048/97/931 2052/96/935 2050/96/933
f 2051/95/934 2050/96/933 2052/96/935
f 2052/96/935 2054/95/937 2051/95/934
f 2052/96/935 2047/96/930 2053/95/936
f 2053/95/936 2054/95/937 2052/96/935
f 2055/79/938 2057/79/940 2056/81/939
f 2056/81/939 2058/80/941 2055/79/938
f 2058/80/941 2056/81/939 1966/83/858
f 1966/83/858 1989/95/881 2058/80/941
f 2059/80/942 2058/80/941 1989/95/881
f 1989/95/881 2049/95/932 2059/80/942
f 2059/80/942 2049/95/932 2051/95/934
f 2051/95/934 2060/80/943 2059/80/942
f 2060/80/943 2051/95/934 2054/95/937
f 2054/95/937 2061/80/944 2060/80/943
f 2062/80/945 2061/80/944 2054/95/937
f 2054/95/937 2053/95/936 2062/80/945
f 1963/82/855 1966/83/858 2056/81/939
f 2056/81/939 1961/80/853 1963/82/855
f 1961/80/853 2056/81/939 2057/79/940
f 2057/79/940 1959/79/851 1961/80/853
f 1958/78/850 1959/79/851 2057/79/940
f 2057/79/940 2063/78/946 1958/78/850
f 1958/78/850 2063/78/946 2064/98/947
f 2064/98/947 2065/98/948 1958/78/850
f 2068/87/951 2067/90/950 2066/85/949
f 2066/85/949 2069/85/952 2068/87/951
f 2072/88/955 2071/91/954 2070/90/953
f 2070/90/953 2067/90/950 2072/88/955
f 2067/90/950 2068/87/951 2073/89/956
f 2073/89/956 2072/88/955 2067/90/950
f 2074/92/957 2072/88/955 2073/89/956
f 2073/89/956 2075/88/958 2074/92/957
f 2072/88/955 2074/92/957 2076/93/959
f 2076/93/959 2071/91/954 2072/88/955
f 2077/91/960 2071/91/954 2076/93/959
f 2076/93/959 2078/93/961 2077/91/960
f 2079/93/962 2074/92/957 2075/88/958
f 2075/88/958 2080/94/963 2079/93/962
f 2081/93/964 2079/93/962 2080/94/963
f 2080/94/963 2082/94/965 2081/93/964
f 2083/90/966 2080/94/963 2075/88/958
f 2075/88/958 2084/86/967 2083/90/966
f 2085/85/968 2084/86/967 2068/87/951
f 2068/87/951 2069/85/952 2085/85/968
f 2086/99/969 2069/85/952 2066/85/949
f 2066/85/949 2087/99/970 2086/99/969
f 2086/99/969 2087/99/970 2088/100/971
f 2088/100/971 2089/100/972 2086/99/969
f 2090/99/973 2086/99/969 2089/100/972
f 2089/100/972 2092/100/975 2090/99/973
f 2089/100/972 2088/100/971 2091/101/974
f 2091/101/974 2093/102/976 2089/100/972
f 2092/100/975 2089/100/972 2093/102/976
f 2093/102/976 2094/101/977 2092/100/975
f 2073/89/956 2068/87/951 2084/86/967
f 2084/86/967 2075/88/958 2073/89/956
f 2095/83/978 2046/84/929 2043/96/926
f 2043/96/926 2044/95/927 2095/83/978
f 2095/83/978 2044/95/927 2096/81/979
f 2096/81/979 2097/81/980 2095/83/978
f 2097/81/980 2096/81/979 2098/79/981
f 2098/79/981 2099/79/982 2097/81/980
f 2100/79/983 2098/79/981 2096/81/979
f 2096/81/979 2101/81/984 2100/79/983
f 2101/81/984 2096/81/979 2044/95/927
f 2044/95/927 2035/95/919 2101/81/984
f 2101/81/984 2035/95/919 2033/95/917
f 2033/95/917 2102/81/985 2101/81/984
f 2102/81/985 2033/95/917 2032/95/916
f 2032/95/916 2103/81/986 2102/81/985
f 2104/81/987 2103/81/986 2032/95/916
f 2032/95/916 2031/95/915 2104/81/987
f 2105/83/988 2053/95/936 2047/96/930
f 2047/96/930 2046/84/929 2105/83/988
f 2106/82/989 2105/83/988 2046/84/929
f 2046/84/929 2095/83/978 2106/82/989
f 2106/82/989 2095/83/978 2097/81/980
f 2097/81/980 2107/80/990 2106/82/989
f 2107/80/990 2097/81/980 2099/79/982
f 2099/79/982 2108/79/991 2107/80/990
f 2109/78/992 2108/79/991 2099/79/982
f 2099/79/982 2110/78/993 2109/78/992
f 2109/78/992 2110/78/993 2111/98/994
f 2111/98/994 2112/98/995 2109/78/992
f 2105/83/988 2113/81/996 2062/80/945
f 2062/80/945 2053/95/936 2105/83/988
f 2113/81/996 2105/83/988 2106/82/989
f 2106/82/989 2107/80/990 2113/81/996
f 2114/79/997 2113/81/996 2107/80/990
f 2107/80/990 2108/79/991 2114/79/997
f 2115/78/998 2114/79/997 2108/79/991
f 2108/79/991 2109/78/992 2115/78/998
f 2118/87/1001 2117/90/1000 2116/85/999
f 2116/85/999 2119/85/1002 2118/87/1001
f 2122/88/1005 2121/91/1004 2120/90/1003
f 2120/90/1003 2117/90/1000 2122/88/1005
f 2117/90/1000 2118/87/1001 2123/89/1006
f 2123/89/1006 2122/88/1005 2117/90/1000
f 2124/92/1007 2122/88/1005 2123/89/1006
f 2123/89/1006 2125/88/1008 2124/92/1007
f 2122/88/1005 2124/92/1007 2126/93/1009
f 2126/93/1009 2121/91/1004 2122/88/1005
f 2127/91/1010 2121/91/1004 2126/93/1009
f 2126/93/1009 2128/93/1011 2127/91/1010
f 2129/93/1012 2124/92/1007 2125/88/1008
f 2125/88/1008 2130/94/1013 2129/93/1012
f 2131/93/1014 2129/93/1012 2130/94/1013
f 2130/94/1013 2132/94/1015 2131/93/1014
f 2133/90/1016 2130/94/1013 2125/88/1008
f 2125/88/1008 2134/86/1017 2133/90/1016
f 2135/85/1018 2134/86/1017 2118/87/1001
f 2118/87/1001 2119/85/1002 2135/85/1018
f 2136/99/1019 2119/85/1002 2116/85/999
f 2116/85/999 2137/99/1020 2136/99/1019
f 2136/99/1019 2137/99/1020 2138/100/1021
f 2138/100/1021 2139/100/1022 2136/99/1019
f 2140/99/1023 2136/99/1019 2139/100/1022
f 2139/100/1022 2142/100/1025 2140/99/1023
f 2139/100/1022 2138/100/1021 2141/101/1024
f 2141/101/1024 2143/102/1026 2139/100/1022
f 2142/100/1025 2139/100/1022 2143/102/1026
f 2143/102/1026 2144/101/1027 2142/100/1025
f 2123/89/1006 2118/87/1001 2134/86/1017
f 2134/86/1017 2125/88/1008 2123/89/1006
f 2145/83/1028 2004/84/895 2001/96/892
f 2001/96/892 2002/95/893 2145/83/1028
f 2145/83/1028 2002/95/893 2146/81/1029
f 2146/81/1029 2147/81/1030 2145/83/1028
f 2147/81/1030 2146/81/1029 2148/79/1031
f 2148/79/1031 2149/79/1032 2147/81/1030
f 2150/79/1033 2148/79/1031 2146/81/1029
f 2146/81/1029 2151/81/1034 2150/79/1033
f 2151/81/1034 2146/81/1029 2002/95/893
f 2002/95/893 1995/95/887 2151/81/1034
f 2151/81/1034 1995/95/887 1993/95/885
f 1993/95/885 2152/81/1035 2151/81/1034
f 2152/81/1035 1993/95/885 1992/95/884
f 1992/95/884 2153/81/1036 2152/81/1035
f 1986/81/878 2153/81/1036 1992/95/884
f 1992/95/884 1987/95/879 1986/81/878
f 2154/83/1037 2010/95/900 2005/96/896
f 2005/96/896 2004/84/895 2154/83/1037
f 2155/82/1038 2154/83/1037 2004/84/895
f 2004/84/895 2145/83/1028 2155/82/1038
f 2155/82/1038 2145/83/1028 2147/81/1030
f 2147/81/1030 2156/80/1039 2155/82/1038
f 2156/80/1039 2147/81/1030 2149/79/1032
f 2149/79/1032 2157/79/1040 2156/80/1039
f 2158/78/1041 2157/79/1040 2149/79/1032
f 2149/79/1032 2159/78/1042 2158/78/1041
f 2158/78/1041 2159/78/1042 2160/98/1043
f 2160/98/1043 2161/98/1044 2158/78/1041
f 2154/83/1037 2163/81/1046 2162/80/1045
f 2162/80/1045 2010/95/900 2154/83/1037
f 2163/81/1046 2154/83/1037 2155/82/1038
f 2155/82/1038 2156/80/1039 2163/81/1046
f 2164/79/1047 2163/81/1046 2156/80/1039
f 2156/80/1039 2157/79/1040 2164/79/1047
f 2165/78/1048 2164/79/1047 2157/79/1040
f 2157/79/1040 2158/78/1041 2165/78/1048
f 2168/87/1051 2167/86/1050 2166/85/1049
f 2166/85/1049 2169/85/1052 2168/87/1051
f 2171/89/1054 2170/88/1053 2167/86/1050
f 2167/86/1050 2168/87/1051 2171/89/1054
f 2174/88/1057 2173/90/1056 2172/90/1055
f 2172/90/1055 2175/91/1058 2174/88/1057
f 2168/87/1051 2169/85/1052 2176/85/1059
f 2176/85/1059 2173/90/1056 2168/87/1051
f 2171/89/1054 2168/87/1051 2173/90/1056
f 2173/90/1056 2174/88/1057 2171/89/1054
f 2171/89/1054 2174/88/1057 2177/92/1060
f 2177/92/1060 2170/88/1053 2171/89/1054
f 2178/93/1061 2177/92/1060 2174/88/1057
f 2174/88/1057 2175/91/1058 2178/93/1061
f 2179/93/1062 2178/93/1061 2175/91/1058
f 2175/91/1058 2180/91/1063 2179/93/1062
f 2170/88/1053 2177/92/1060 2181/93/1064
f 2181/93/1064 2182/94/1065 2170/88/1053
f 2183/94/1066 2182/94/1065 2181/93/1064
f 2181/93/1064 2184/93/1067 2183/94/1066
f 2185/83/1068 2021/84/910 2018/96/907
f 2018/96/907 2019/95/908 2185/83/1068
f 2022/96/911 2021/84/910 2186/83/1069
f 2186/83/1069 2031/95/915 2022/96/911
f 2021/84/910 2185/83/1068 2187/82/1070
f 2187/82/1070 2186/83/1069 2021/84/910
f 2188/81/1071 2186/83/1069 2187/82/1070
f 2187/82/1070 2189/80/1072 2188/81/1071
f 2190/79/1073 2188/81/1071 2189/80/1072
f 2189/80/1072 2191/79/1074 2190/79/1073
f 2192/78/1075 2190/79/1073 2191/79/1074
f 2191/79/1074 2193/78/1076 2192/78/1075
f 2194/79/1077 2196/79/1079 2195/81/1078
f 2195/81/1078 2197/80/1080 2194/79/1077
f 2197/80/1080 2195/81/1078 2185/83/1068
f 2185/83/1068 2019/95/908 2197/80/1080
f 2198/80/1081 2197/80/1080 2019/95/908
f 2019/95/908 2014/95/904 2198/80/1081
f 2198/80/1081 2014/95/904 2012/95/902
f 2012/95/902 2199/80/1082 2198/80/1081
f 2199/80/1082 2012/95/902 2011/95/901
f 2011/95/901 2200/80/1083 2199/80/1082
f 2162/80/1045 2200/80/1083 2011/95/901
f 2011/95/901 2010/95/900 2162/80/1045
f 2187/82/1070 2185/83/1068 2195/81/1078
f 2195/81/1078 2189/80/1072 2187/82/1070
f 2189/80/1072 2195/81/1078 2196/79/1079
f 2196/79/1079 2191/79/1074 2189/80/1072
f 2193/78/1076 2191/79/1074 2196/79/1079
f 2196/79/1079 2201/78/1084 2193/78/1076
f 2193/78/1076 2201/78/1084 2202/98/1085
f 2202/98/1085 2203/98/1086 2193/78/1076
f 2186/83/1069 2188/81/1071 2104/81/987
f 2104/81/987 2031/95/915 2186/83/1069
f 2204/103/1087 2206/104/1089 2205/104/1088
f 2205/104/1088 2207/103/1090 2204/103/1087
f 2208/105/1091 2207/103/1090 2209/103/1092
f 2209/103/1092 2210/105/1093 2208/105/1091
f 2211/104/1094 2209/103/1092 2207/103/1090
f 2207/103/1090 2205/104/1088 2211/104/1094
f 2213/104/1096 2211/104/1094 2212/106/1095
f 2212/106/1095 2214/106/1097 2213/104/1096
f 2214/106/1097 2212/106/1095 2215/107/1098
f 2215/107/1098 2216/108/1099 2214/106/1097
f 2217/106/1100 2214/106/1097 2216/108/1099
f 2216/108/1099 2218/108/1101 2217/106/1100
f 2217/106/1100 2218/108/1101 2219/108/1102
f 2219/108/1102 2220/106/1103 2217/106/1100
f 2220/106/1103 2219/108/1102 2221/108/1104
f 2221/108/1104 2222/106/1105 2220/106/1103
f 2223/106/1106 2222/106/1105 2221/108/1104
f 2221/108/1104 2224/108/1107 2223/106/1106
f 2209/103/1092 2211/104/1094 2213/104/1096
f 2213/104/1096 2225/109/1108 2209/103/1092
f 2210/105/1093 2209/103/1092 2225/109/1108
f 2225/109/1108 2229/105/1112 2210/105/1093
f 2225/109/1108 2213/104/1096 2226/104/1109
f 2226/104/1109 2228/109/1111 2225/109/1108
f 2226/104/1109 2213/104/1096 2214/106/1097
f 2214/106/1097 2217/106/1100 2226/104/1109
f 2226/104/1109 2217/106/1100 2220/106/1103
f 2220/106/1103 2227/104/1110 2226/104/1109
f 2227/104/1110 2220/106/1103 2222/106/1105
f 2222/106/1105 2238/104/1121 2227/104/1110
f 2228/109/1111 2226/104/1109 2227/104/1110
f 2227/104/1110 2237/109/1120 2228/109/1111
f 2229/105/1112 2225/109/1108 2228/109/1111
f 2228/109/1111 2236/105/1119 2229/105/1112
f 2210/105/1093 2229/105/1112 2230/110/1113
f 2230/110/1113 2231/111/1114 2210/105/1093
f 2231/111/1114 2230/110/1113 2232/112/1115
f 2232/112/1115 2233/113/1116 2231/111/1114
f 2234/112/1117 2232/112/1115 2230/110/1113
f 2230/110/1113 2235/110/1118 2234/112/1117
f 2235/110/1118 2230/110/1113 2229/105/1112
f 2229/105/1112 2236/105/1119 2235/110/1118
f 2236/105/1119 2228/109/1111 2237/109/1120
f 2237/109/1120 2241/105/1124 2236/105/1119
f 2237/109/1120 2227/104/1110 2238/104/1121
f 2238/104/1121 2243/109/1126 2237/109/1120
f 2234/112/1117 2235/110/1118 2239/110/1122
f 2239/110/1122 2240/112/1123 2234/112/1117
f 2235/110/1118 2236/105/1119 2241/105/1124
f 2241/105/1124 2239/110/1122 2235/110/1118
f 2242/104/1125 2238/104/1121 2222/106/1105
f 2222/106/1105 2223/106/1106 2242/104/1125
f 2241/105/1124 2237/109/1120 2243/109/1126
f 2243/109/1126 2247/105/1130 2241/105/1124
f 2243/109/1126 2238/104/1121 2242/104/1125
f 2242/104/1125 2253/109/1137 2243/109/1126
f 2240/112/1123 2239/110/1122 2244/110/1127
f 2244/110/1127 2245/112/1128 2240/112/1123
f 2246/112/1129 2245/112/1128 2244/110/1127
f 2244/110/1127 2248/110/1131 2246/112/1129
f 2239/110/1122 2241/105/1124 2247/105/1130
f 2247/105/1130 2244/110/1127 2239/110/1122
f 2248/110/1131 2244/110/1127 2247/105/1130
f 2247/105/1130 2250/105/1134 2248/110/1131
f 2091/113/1132 2246/112/1129 2248/110/1131
f 2248/110/1131 2249/111/1133 2091/113/1132
f 2249/111/1133 2248/110/1131 2250/105/1134
f 2250/105/1134 2251/105/1135 2249/111/1133
f 2252/103/1136 2251/105/1135 2250/105/1134
f 2250/105/1134 2253/109/1137 2252/103/1136
f 2247/105/1130 2243/109/1126 2253/109/1137
f 2253/109/1137 2250/105/1134 2247/105/1130
f 2254/104/1138 2252/103/1136 2253/109/1137
f 2253/109/1137 2242/104/1125 2254/104/1138
f 2254/104/1138 2242/104/1125 2223/106/1106
f 2223/106/1106 2255/106/1139 2254/104/1138
f 2069/85/952 2086/99/969 2090/99/973
f 2090/99/973 2085/85/968 2069/85/952
f 2256/99/1140 2090/99/973 2092/100/975
f 2092/100/975 2257/100/1141 2256/99/1140
f 2257/100/1141 2092/100/975 2094/101/977
f 2094/101/977 2258/101/1142 2257/100/1141
f 2259/100/1143 2257/100/1141 2258/101/1142
f 2258/101/1142 2260/101/1144 2259/100/1143
f 2259/100/1143 2260/101/1144 2261/101/1145
f 2261/101/1145 2262/100/1146 2259/100/1143
f 2262/100/1146 2261/101/1145 2263/101/1147
f 2263/101/1147 2264/100/1148 2262/100/1146
f 2265/100/1149 2264/100/1148 2263/101/1147
f 2263/101/1147 2266/101/1150 2265/100/1149
f 2251/105/1135 2252/103/1136 2267/103/1151
f 2267/103/1151 2268/105/1152 2251/105/1135
f 2251/105/1135 2268/105/1152 2269/111/1153
f 2269/111/1153 2249/111/1133 2251/105/1135
f 2270/99/1154 2176/85/1059 2169/85/1052
f 2169/85/1052 2271/99/1155 2270/99/1154
f 2270/99/1154 2271/99/1155 2272/100/1156
f 2272/100/1156 2273/100/1157 2270/99/1154
f 2274/100/1158 2272/100/1156 2271/99/1155
f 2271/99/1155 2275/99/1159 2274/100/1158
f 2272/100/1156 2274/100/1158 2276/101/1160
f 2276/101/1160 2277/102/1161 2272/100/1156
f 2273/100/1157 2272/100/1156 2277/102/1161
f 2277/102/1161 2278/101/1162 2273/100/1157
f 2279/103/1163 2281/105/1165 2280/105/1164
f 2280/105/1164 2282/103/1166 2279/103/1163
f 2283/104/1167 2282/103/1166 2284/103/1168
f 2284/103/1168 2285/104/1169 2283/104/1167
f 2286/105/1170 2284/103/1168 2282/103/1166
f 2282/103/1166 2280/105/1164 2286/105/1170
f 2286/105/1170 2280/105/1164 2287/111/1171
f 2287/111/1171 2288/111/1172 2286/105/1170
f 2119/85/1002 2136/99/1019 2140/99/1023
f 2140/99/1023 2135/85/1018 2119/85/1002
f 2289/99/1173 2140/99/1023 2142/100/1025
f 2142/100/1025 2290/100/1174 2289/99/1173
f 2290/100/1174 2142/100/1025 2144/101/1027
f 2144/101/1027 2291/101/1175 2290/100/1174
f 2292/100/1176 2290/100/1174 2291/101/1175
f 2291/101/1175 2293/101/1177 2292/100/1176
f 2292/100/1176 2293/101/1177 2294/101/1178
f 2294/101/1178 2295/100/1179 2292/100/1176
f 2295/100/1179 2294/101/1178 2296/101/1180
f 2296/101/1180 2297/100/1181 2295/100/1179
f 2298/100/1182 2297/100/1181 2296/101/1180
f 2296/101/1180 2299/101/1183 2298/100/1182
f 2302/105/1186 2301/103/1185 2300/103/1184
f 2300/103/1184 2303/105/1187 2302/105/1186
f 2302/105/1186 2303/105/1187 2304/111/1188
f 2304/111/1188 2305/111/1189 2302/105/1186
f 2135/85/1018 2140/99/1023 2289/99/1173
f 2289/99/1173 2306/85/1190 2135/85/1018
f 2134/86/1017 2135/85/1018 2306/85/1190
f 2306/85/1190 2133/90/1016 2134/86/1017
f 2306/85/1190 2289/99/1173 2307/99/1191
f 2307/99/1191 2309/85/1193 2306/85/1190
f 2307/99/1191 2289/99/1173 2290/100/1174
f 2290/100/1174 2292/100/1176 2307/99/1191
f 2307/99/1191 2292/100/1176 2295/100/1179
f 2295/100/1179 2308/99/1192 2307/99/1191
f 2308/99/1192 2295/100/1179 2297/100/1181
f 2297/100/1181 2312/99/1196 2308/99/1192
f 2309/85/1193 2307/99/1191 2308/99/1192
f 2308/99/1192 2311/85/1195 2309/85/1193
f 2310/90/1194 2133/90/1016 2306/85/1190
f 2306/85/1190 2309/85/1193 2310/90/1194
f 2310/90/1194 2309/85/1193 2311/85/1195
f 2311/85/1195 2313/90/1197 2310/90/1194
f 2311/85/1195 2308/99/1192 2312/99/1196
f 2312/99/1196 2316/85/1200 2311/85/1195
f 2133/90/1016 2310/90/1194 2132/94/1015
f 2132/94/1015 2130/94/1013 2133/90/1016
f 2132/94/1015 2310/90/1194 2313/90/1197
f 2313/90/1197 2314/94/1198 2132/94/1015
f 2315/99/1199 2312/99/1196 2297/100/1181
f 2297/100/1181 2298/100/1182 2315/99/1199
f 2313/90/1197 2311/85/1195 2316/85/1200
f 2316/85/1200 2317/90/1201 2313/90/1197
f 2316/85/1200 2312/99/1196 2315/99/1199
f 2315/99/1199 2319/85/1203 2316/85/1200
f 2314/94/1198 2313/90/1197 2317/90/1201
f 2317/90/1201 1984/94/876 2314/94/1198
f 1983/94/875 1984/94/876 2317/90/1201
f 2317/90/1201 2318/90/1202 1983/94/875
f 2318/90/1202 2317/90/1201 2316/85/1200
f 2316/85/1200 2319/85/1203 2318/90/1202
f 1971/88/863 1983/94/875 2318/90/1202
f 2318/90/1202 1968/86/860 1971/88/863
f 1968/86/860 2318/90/1202 2319/85/1203
f 2319/85/1203 1967/85/859 1968/86/860
f 2320/99/1204 2315/99/1199 2298/100/1182
f 2298/100/1182 2321/100/1205 2320/99/1204
f 2319/85/1203 2315/99/1199 2320/99/1204
f 2320/99/1204 1967/85/859 2319/85/1203
f 1967/85/859 2320/99/1204 2322/99/1206
f 2322/99/1206 1970/85/862 1967/85/859
f 2159/78/1042 2149/79/1032 2148/79/1031
f 2148/79/1031 2323/78/1207 2159/78/1042
f 2323/78/1207 2148/79/1031 2150/79/1033
f 2150/79/1033 2329/78/1213 2323/78/1207
f 2159/78/1042 2323/78/1207 2324/114/1208
f 2324/114/1208 2160/98/1043 2159/78/1042
f 2160/98/1043 2324/114/1208 2325/115/1209
f 2325/115/1209 2326/116/1210 2160/98/1043
f 2327/115/1211 2325/115/1209 2324/114/1208
f 2324/114/1208 2328/114/1212 2327/115/1211
f 2328/114/1212 2324/114/1208 2323/78/1207
f 2323/78/1207 2329/78/1213 2328/114/1212
f 2327/115/1211 2328/114/1212 2330/114/1214
f 2330/114/1214 2331/115/1215 2327/115/1211
f 2328/114/1212 2329/78/1213 2332/78/1216
f 2332/78/1216 2330/114/1214 2328/114/1212
f 2329/78/1213 2150/79/1033 2333/79/1217
f 2333/79/1217 2332/78/1216 2329/78/1213
f 2331/115/1215 2330/114/1214 2334/114/1218
f 2334/114/1218 2335/115/1219 2331/115/1215
f 2336/115/1220 2335/115/1219 2334/114/1218
f 2334/114/1218 2338/114/1222 2336/115/1220
f 2152/81/1035 2333/79/1217 2150/79/1033
f 2150/79/1033 2151/81/1034 2152/81/1035
f 2333/79/1217 2152/81/1035 2153/81/1036
f 2153/81/1036 2341/79/1225 2333/79/1217
f 2330/114/1214 2332/78/1216 2337/78/1221
f 2337/78/1221 2334/114/1218 2330/114/1214
f 2338/114/1222 2334/114/1218 2337/78/1221
f 2337/78/1221 2342/78/1226 2338/114/1222
f 2339/116/1223 2336/115/1220 2338/114/1222
f 2338/114/1222 2340/98/1224 2339/116/1223
f 2332/78/1216 2333/79/1217 2341/79/1225
f 2341/79/1225 2337/78/1221 2332/78/1216
f 2340/98/1224 2338/114/1222 2342/78/1226
f 2342/78/1226 1957/78/849 2340/98/1224
f 1960/79/852 1957/78/849 2342/78/1226
f 2342/78/1226 2343/79/1227 1960/79/852
f 2343/79/1227 2341/79/1225 2153/81/1036
f 2153/81/1036 1986/81/878 2343/79/1227
f 2337/78/1221 2341/79/1225 2343/79/1227
f 2343/79/1227 2342/78/1226 2337/78/1221
f 1962/81/854 1960/79/852 2343/79/1227
f 2343/79/1227 1986/81/878 1962/81/854
f 2271/99/1155 2169/85/1052 2166/85/1049
f 2166/85/1049 2275/99/1159 2271/99/1155
f 2275/99/1159 2166/85/1049 2344/85/1228
f 2344/85/1228 2350/99/1234 2275/99/1159
f 2344/85/1228 2166/85/1049 2167/86/1050
f 2167/86/1050 2345/90/1229 2344/85/1228
f 2345/90/1229 2167/86/1050 2170/88/1053
f 2170/88/1053 2182/94/1065 2345/90/1229
f 2346/90/1230 2345/90/1229 2182/94/1065
f 2182/94/1065 2183/94/1066 2346/90/1230
f 2346/90/1230 2183/94/1066 2347/94/1231
f 2347/94/1231 2349/90/1233 2346/90/1230
f 2348/85/1232 2344/85/1228 2345/90/1229
f 2345/90/1229 2346/90/1230 2348/85/1232
f 2348/85/1232 2346/90/1230 2349/90/1233
f 2349/90/1233 2352/85/1236 2348/85/1232
f 2349/90/1233 2347/94/1231 2082/94/965
f 2082/94/965 2354/90/1238 2349/90/1233
f 2350/99/1234 2344/85/1228 2348/85/1232
f 2348/85/1232 2351/99/1235 2350/99/1234
f 2275/99/1159 2350/99/1234 2265/100/1149
f 2265/100/1149 2274/100/1158 2275/99/1159
f 2264/100/1148 2265/100/1149 2350/99/1234
f 2350/99/1234 2351/99/1235 2264/100/1148
f 2351/99/1235 2348/85/1232 2352/85/1236
f 2352/85/1236 2353/99/1237 2351/99/1235
f 2264/100/1148 2351/99/1235 2353/99/1237
f 2353/99/1237 2262/100/1146 2264/100/1148
f 2352/85/1236 2349/90/1233 2354/90/1238
f 2354/90/1238 2356/85/1240 2352/85/1236
f 2262/100/1146 2353/99/1237 2355/99/1239
f 2355/99/1239 2259/100/1143 2262/100/1146
f 2257/100/1141 2259/100/1143 2355/99/1239
f 2355/99/1239 2256/99/1140 2257/100/1141
f 2353/99/1237 2352/85/1236 2356/85/1240
f 2356/85/1240 2355/99/1239 2353/99/1237
f 2355/99/1239 2356/85/1240 2357/85/1241
f 2357/85/1241 2256/99/1140 2355/99/1239
f 2357/85/1241 2356/85/1240 2354/90/1238
f 2354/90/1238 2083/90/966 2357/85/1241
f 2083/90/966 2354/90/1238 2082/94/965
f 2082/94/965 2080/94/963 2083/90/966
f 2357/85/1241 2083/90/966 2084/86/967
f 2084/86/967 2085/85/968 2357/85/1241
f 2256/99/1140 2357/85/1241 2085/85/968
f 2085/85/968 2090/99/973 2256/99/1140
f 2201/78/1084 2196/79/1079 2194/79/1077
f 2194/79/1077 2358/78/1242 2201/78/1084
f 2358/78/1242 2194/79/1077 2359/79/1243
f 2359/79/1243 2362/78/1246 2358/78/1242
f 2359/79/1243 2194/79/1077 2197/80/1080
f 2197/80/1080 2198/80/1081 2359/79/1243
f 2359/79/1243 2198/80/1081 2199/80/1082
f 2199/80/1082 2360/79/1244 2359/79/1243
f 2360/79/1244 2199/80/1082 2200/80/1083
f 2200/80/1083 2370/79/1254 2360/79/1244
f 2201/78/1084 2358/78/1242 2361/114/1245
f 2361/114/1245 2202/98/1085 2201/78/1084
f 2362/78/1246 2359/79/1243 2360/79/1244
f 2360/79/1244 2367/78/1251 2362/78/1246
f 2202/98/1085 2361/114/1245 2363/115/1247
f 2363/115/1247 2364/116/1248 2202/98/1085
f 2365/115/1249 2363/115/1247 2361/114/1245
f 2361/114/1245 2366/114/1250 2365/115/1249
f 2366/114/1250 2361/114/1245 2358/78/1242
f 2358/78/1242 2362/78/1246 2366/114/1250
f 2366/114/1250 2362/78/1246 2367/78/1251
f 2367/78/1251 2368/114/1252 2366/114/1250
f 2365/115/1249 2366/114/1250 2368/114/1252
f 2368/114/1252 2369/115/1253 2365/115/1249
f 2367/78/1251 2360/79/1244 2370/79/1254
f 2370/79/1254 2374/78/1258 2367/78/1251
f 2369/115/1253 2368/114/1252 2371/114/1255
f 2371/114/1255 2372/115/1256 2369/115/1253
f 2373/115/1257 2372/115/1256 2371/114/1255
f 2371/114/1255 2376/114/1260 2373/115/1257
f 2368/114/1252 2367/78/1251 2374/78/1258
f 2374/78/1258 2371/114/1255 2368/114/1252
f 2375/79/1259 2370/79/1254 2200/80/1083
f 2200/80/1083 2162/80/1045 2375/79/1259
f 2374/78/1258 2370/79/1254 2375/79/1259
f 2375/79/1259 2379/78/1263 2374/78/1258
f 2375/79/1259 2162/80/1045 2163/81/1046
f 2163/81/1046 2164/79/1047 2375/79/1259
f 2376/114/1260 2371/114/1255 2374/78/1258
f 2374/78/1258 2379/78/1263 2376/114/1260
f 2377/116/1261 2373/115/1257 2376/114/1260
f 2376/114/1260 2378/98/1262 2377/116/1261
f 2379/78/1263 2375/79/1259 2164/79/1047
f 2164/79/1047 2165/78/1048 2379/78/1263
f 2378/98/1262 2376/114/1260 2379/78/1263
f 2379/78/1263 2165/78/1048 2378/98/1262
f 2063/78/946 2057/79/940 2055/79/938
f 2055/79/938 2380/78/1264 2063/78/946
f 2063/78/946 2380/78/1264 2381/114/1265
f 2381/114/1265 2064/98/947 2063/78/946
f 2064/98/947 2381/114/1265 2216/115/1266
f 2216/115/1266 2215/116/1267 2064/98/947
f 2218/115/1268 2216/115/1266 2381/114/1265
f 2381/114/1265 2382/114/1269 2218/115/1268
f 2382/114/1269 2381/114/1265 2380/78/1264
f 2380/78/1264 2384/78/1271 2382/114/1269
f 2380/78/1264 2055/79/938 2383/79/1270
f 2383/79/1270 2384/78/1271 2380/78/1264
f 2383/79/1270 2055/79/938 2058/80/941
f 2058/80/941 2059/80/942 2383/79/1270
f 2383/79/1270 2059/80/942 2060/80/943
f 2060/80/943 2385/79/1272 2383/79/1270
f 2384/78/1271 2383/79/1270 2385/79/1272
f 2385/79/1272 2387/78/1275 2384/78/1271
f 2385/79/1272 2060/80/943 2061/80/944
f 2061/80/944 2388/79/1276 2385/79/1272
f 2218/115/1268 2382/114/1269 2386/114/1273
f 2386/114/1273 2219/115/1274 2218/115/1268
f 2382/114/1269 2384/78/1271 2387/78/1275
f 2387/78/1275 2386/114/1273 2382/114/1269
f 2387/78/1275 2385/79/1272 2388/79/1276
f 2388/79/1276 2390/78/1280 2387/78/1275
f 2219/115/1274 2386/114/1273 2389/114/1277
f 2389/114/1277 2221/115/1278 2219/115/1274
f 2224/115/1279 2221/115/1278 2389/114/1277
f 2389/114/1277 2392/114/1282 2224/115/1279
f 2386/114/1273 2387/78/1275 2390/78/1280
f 2390/78/1280 2389/114/1277 2386/114/1273
f 2391/79/1281 2388/79/1276 2061/80/944
f 2061/80/944 2062/80/945 2391/79/1281
f 2390/78/1280 2388/79/1276 2391/79/1281
f 2391/79/1281 2395/78/1285 2390/78/1280
f 2391/79/1281 2062/80/945 2113/81/996
f 2113/81/996 2114/79/997 2391/79/1281
f 2392/114/1282 2389/114/1277 2390/78/1280
f 2390/78/1280 2395/78/1285 2392/114/1282
f 2393/116/1283 2224/115/1279 2392/114/1282
f 2392/114/1282 2394/98/1284 2393/116/1283
f 2395/78/1285 2391/79/1281 2114/79/997
f 2114/79/997 2115/78/998 2395/78/1285
f 2394/98/1284 2392/114/1282 2395/78/1285
f 2395/78/1285 2115/78/998 2394/98/1284
f 2396/99/1286 1977/85/869 1970/85/862
f 1970/85/862 2322/99/1206 2396/99/1286
f 2396/99/1286 2322/99/1206 2397/100/1287
f 2397/100/1287 2398/100/1288 2396/99/1286
f 2321/100/1205 2397/100/1287 2322/99/1206
f 2322/99/1206 2320/99/1204 2321/100/1205
f 2397/100/1287 2321/100/1205 2399/101/1289
f 2399/101/1289 2400/102/1290 2397/100/1287
f 2398/100/1288 2397/100/1287 2400/102/1290
f 2400/102/1290 2233/101/1291 2398/100/1288
f 2110/78/993 2099/79/982 2098/79/981
f 2098/79/981 2401/78/1292 2110/78/993
f 2401/78/1292 2098/79/981 2100/79/983
f 2100/79/983 2407/78/1298 2401/78/1292
f 2110/78/993 2401/78/1292 2402/114/1293
f 2402/114/1293 2111/98/994 2110/78/993
f 2111/98/994 2402/114/1293 2403/115/1294
f 2403/115/1294 2404/116/1295 2111/98/994
f 2405/115/1296 2403/115/1294 2402/114/1293
f 2402/114/1293 2406/114/1297 2405/115/1296
f 2406/114/1297 2402/114/1293 2401/78/1292
f 2401/78/1292 2407/78/1298 2406/114/1297
f 2405/115/1296 2406/114/1297 2408/114/1299
f 2408/114/1299 2409/115/1300 2405/115/1296
f 2406/114/1297 2407/78/1298 2410/78/1301
f 2410/78/1301 2408/114/1299 2406/114/1297
f 2407/78/1298 2100/79/983 2411/79/1302
f 2411/79/1302 2410/78/1301 2407/78/1298
f 2409/115/1300 2408/114/1299 2412/114/1303
f 2412/114/1303 2413/115/1304 2409/115/1300
f 2414/115/1305 2413/115/1304 2412/114/1303
f 2412/114/1303 2416/114/1307 2414/115/1305
f 2102/81/985 2411/79/1302 2100/79/983
f 2100/79/983 2101/81/984 2102/81/985
f 2411/79/1302 2102/81/985 2103/81/986
f 2103/81/986 2419/79/1310 2411/79/1302
f 2408/114/1299 2410/78/1301 2415/78/1306
f 2415/78/1306 2412/114/1303 2408/114/1299
f 2416/114/1307 2412/114/1303 2415/78/1306
f 2415/78/1306 2420/78/1311 2416/114/1307
f 2417/116/1308 2414/115/1305 2416/114/1307
f 2416/114/1307 2418/98/1309 2417/116/1308
f 2410/78/1301 2411/79/1302 2419/79/1310
f 2419/79/1310 2415/78/1306 2410/78/1301
f 2418/98/1309 2416/114/1307 2420/78/1311
f 2420/78/1311 2192/78/1075 2418/98/1309
f 2190/79/1073 2192/78/1075 2420/78/1311
f 2420/78/1311 2421/79/1312 2190/79/1073
f 2421/79/1312 2419/79/1310 2103/81/986
f 2103/81/986 2104/81/987 2421/79/1312
f 2415/78/1306 2419/79/1310 2421/79/1312
f 2421/79/1312 2420/78/1311 2415/78/1306
f 2188/81/1071 2190/79/1073 2421/79/1312
f 2421/79/1312 2104/81/987 2188/81/1071
f 2424/106/1315 2423/106/1314 2422/104/1313
f 2422/104/1313 2425/104/1316 2424/106/1315
f 2426/106/1317 2424/106/1315 2425/104/1316
f 2425/104/1316 2440/104/1332 2426/106/1317
f 2427/109/1318 2425/104/1316 2422/104/1313
f 2422/104/1313 2301/103/1185 2427/109/1318
f 2428/105/1319 2427/109/1318 2301/103/1185
f 2301/103/1185 2302/105/1186 2428/105/1319
f 2428/105/1319 2302/105/1186 2305/111/1189
f 2305/111/1189 2429/110/1320 2428/105/1319
f 2429/110/1320 2305/111/1189 2141/113/1321
f 2141/113/1321 2430/112/1322 2429/110/1320
f 2427/109/1318 2428/105/1319 2431/105/1323
f 2431/105/1323 2437/109/1329 2427/109/1318
f 2431/105/1323 2428/105/1319 2429/110/1320
f 2429/110/1320 2432/110/1324 2431/105/1323
f 2432/110/1324 2429/110/1320 2430/112/1322
f 2430/112/1322 2433/112/1325 2432/110/1324
f 2432/110/1324 2433/112/1325 2434/112/1326
f 2434/112/1326 2435/110/1327 2432/110/1324
f 2431/105/1323 2432/110/1324 2435/110/1327
f 2435/110/1327 2438/105/1330 2431/105/1323
f 2435/110/1327 2434/112/1326 2436/112/1328
f 2436/112/1328 2439/110/1331 2435/110/1327
f 2425/104/1316 2427/109/1318 2437/109/1329
f 2437/109/1329 2440/104/1332 2425/104/1316
f 2437/109/1329 2431/105/1323 2438/105/1330
f 2438/105/1330 2441/109/1333 2437/109/1329
f 2438/105/1330 2435/110/1327 2439/110/1331
f 2439/110/1331 2444/105/1336 2438/105/1330
f 2440/104/1332 2437/109/1329 2441/109/1333
f 2441/109/1333 2442/104/1334 2440/104/1332
f 2426/106/1317 2440/104/1332 2442/104/1334
f 2442/104/1334 2443/106/1335 2426/106/1317
f 2441/109/1333 2438/105/1330 2444/105/1336
f 2444/105/1336 2451/109/1343 2441/109/1333
f 2445/110/1337 2439/110/1331 2436/112/1328
f 2436/112/1328 2446/112/1338 2445/110/1337
f 2443/106/1335 2442/104/1334 2447/104/1339
f 2447/104/1339 2448/106/1340 2443/106/1335
f 2449/106/1341 2448/106/1340 2447/104/1339
f 2447/104/1339 2450/104/1342 2449/106/1341
f 2442/104/1334 2441/109/1333 2451/109/1343
f 2451/109/1343 2447/104/1339 2442/104/1334
f 2452/105/1344 2444/105/1336 2439/110/1331
f 2439/110/1331 2445/110/1337 2452/105/1344
f 2451/109/1343 2444/105/1336 2452/105/1344
f 2452/105/1344 2453/109/1345 2451/109/1343
f 2447/104/1339 2451/109/1343 2453/109/1345
f 2453/109/1345 2450/104/1342 2447/104/1339
f 2454/111/1346 2445/110/1337 2446/112/1338
f 2446/112/1338 2278/113/1347 2454/111/1346
f 2445/110/1337 2454/111/1346 2281/105/1165
f 2281/105/1165 2452/105/1344 2445/110/1337
f 2453/109/1345 2452/105/1344 2281/105/1165
f 2281/105/1165 2279/103/1163 2453/109/1345
f 2450/104/1342 2453/109/1345 2279/103/1163
f 2279/103/1163 2455/104/1348 2450/104/1342
f 2373/108/1350 2377/107/1349 2423/106/1314
f 2423/106/1314 2424/106/1315 2373/108/1350
f 2430/117/1351 2141/101/1024 2138/100/1021
f 2138/100/1021 2456/100/1352 2430/117/1351
f 2456/100/1352 2138/100/1021 2137/99/1020
f 2137/99/1020 2457/99/1353 2456/100/1352
f 2458/100/1354 2456/100/1352 2457/99/1353
f 2457/99/1353 2461/99/1357 2458/100/1354
f 2459/85/1355 2457/99/1353 2137/99/1020
f 2137/99/1020 2116/85/999 2459/85/1355
f 2459/85/1355 2116/85/999 2117/90/1000
f 2117/90/1000 2120/90/1003 2459/85/1355
f 2457/99/1353 2459/85/1355 2460/85/1356
f 2460/85/1356 2461/99/1357 2457/99/1353
f 2460/85/1356 2459/85/1355 2120/90/1003
f 2120/90/1003 2464/90/1360 2460/85/1356
f 2458/100/1354 2461/99/1357 2462/99/1358
f 2462/99/1358 2463/100/1359 2458/100/1354
f 2464/90/1360 2120/90/1003 2121/91/1004
f 2121/91/1004 2127/91/1010 2464/90/1360
f 2464/90/1360 2127/91/1010 2465/91/1361
f 2465/91/1361 2466/90/1362 2464/90/1360
f 2460/85/1356 2464/90/1360 2466/90/1362
f 2466/90/1362 2467/85/1363 2460/85/1356
f 2466/90/1362 2465/91/1361 2180/91/1063
f 2180/91/1063 2471/90/1367 2466/90/1362
f 2461/99/1357 2460/85/1356 2467/85/1363
f 2467/85/1363 2462/99/1358 2461/99/1357
f 2463/100/1359 2462/99/1358 2468/99/1364
f 2468/99/1364 2469/100/1365 2463/100/1359
f 2470/100/1366 2469/100/1365 2468/99/1364
f 2468/99/1364 2473/99/1369 2470/100/1366
f 2467/85/1363 2466/90/1362 2471/90/1367
f 2471/90/1367 2472/85/1368 2467/85/1363
f 2462/99/1358 2467/85/1363 2472/85/1368
f 2472/85/1368 2468/99/1364 2462/99/1358
f 2273/100/1157 2470/100/1366 2473/99/1369
f 2473/99/1369 2270/99/1154 2273/100/1157
f 2176/85/1059 2270/99/1154 2473/99/1369
f 2473/99/1369 2474/85/1370 2176/85/1059
f 2468/99/1364 2472/85/1368 2474/85/1370
f 2474/85/1370 2473/99/1369 2468/99/1364
f 2474/85/1370 2472/85/1368 2471/90/1367
f 2471/90/1367 2172/90/1055 2474/85/1370
f 2173/90/1056 2176/85/1059 2474/85/1370
f 2474/85/1370 2172/90/1055 2173/90/1056
f 2172/90/1055 2471/90/1367 2180/91/1063
f 2180/91/1063 2175/91/1058 2172/90/1055
f 2475/104/1371 2422/104/1313 2423/106/1314
f 2423/106/1314 2476/118/1372 2475/104/1371
f 2476/118/1372 2423/106/1314 2377/107/1349
f 2377/107/1349 2477/119/1373 2476/118/1372
f 2378/98/1262 2161/98/1044 2477/120/1374
f 2477/120/1374 2377/116/1261 2378/98/1262
f 2165/78/1048 2158/78/1041 2161/98/1044
f 2161/98/1044 2378/98/1262 2165/78/1048
f 2143/113/1375 2141/113/1321 2305/111/1189
f 2305/111/1189 2304/111/1188 2143/113/1375
f 2144/113/1376 2143/113/1375 2304/111/1188
f 2304/111/1188 2478/111/1377 2144/113/1376
f 2479/104/1378 2475/104/1371 2476/118/1372
f 2476/118/1372 2480/106/1379 2479/104/1378
f 2480/106/1379 2476/118/1372 2477/119/1373
f 2477/119/1373 2326/119/1380 2480/106/1379
f 2481/104/1381 2479/104/1378 2480/106/1379
f 2480/106/1379 2482/106/1382 2481/104/1381
f 2483/104/1383 2481/104/1381 2482/106/1382
f 2482/106/1382 2484/106/1384 2483/104/1383
f 2484/106/1384 2482/106/1382 2325/107/1385
f 2325/107/1385 2327/107/1386 2484/106/1384
f 2484/106/1384 2327/107/1386 2331/107/1387
f 2331/107/1387 2485/106/1388 2484/106/1384
f 2483/104/1383 2484/106/1384 2485/106/1388
f 2485/106/1388 2486/104/1389 2483/104/1383
f 2485/106/1388 2331/107/1387 2335/107/1390
f 2335/107/1390 2487/106/1391 2485/106/1388
f 2488/106/1392 2487/106/1391 2335/107/1390
f 2335/107/1390 2336/107/1393 2488/106/1392
f 2161/98/1044 2160/98/1043 2326/116/1210
f 2326/116/1210 2477/120/1374 2161/98/1044
f 2478/111/1377 2304/111/1188 2303/105/1187
f 2303/105/1187 2489/105/1394 2478/111/1377
f 2490/103/1395 2489/105/1394 2303/105/1187
f 2303/105/1187 2300/103/1184 2490/103/1395
f 2479/104/1378 2490/103/1395 2300/103/1184
f 2300/103/1184 2475/104/1371 2479/104/1378
f 2326/119/1380 2325/107/1385 2482/106/1382
f 2482/106/1382 2480/106/1379 2326/119/1380
f 2291/112/1396 2144/113/1376 2478/111/1377
f 2478/111/1377 2491/111/1397 2291/112/1396
f 2293/112/1398 2291/112/1396 2491/111/1397
f 2491/111/1397 2492/111/1399 2293/112/1398
f 2491/111/1397 2478/111/1377 2489/105/1394
f 2489/105/1394 2493/105/1400 2491/111/1397
f 2492/111/1399 2491/111/1397 2493/105/1400
f 2493/105/1400 2497/105/1405 2492/111/1399
f 2293/112/1398 2492/111/1399 2494/111/1401
f 2494/111/1401 2294/112/1402 2293/112/1398
f 2495/109/1403 2493/105/1400 2489/105/1394
f 2489/105/1394 2490/103/1395 2495/109/1403
f 2481/104/1381 2495/109/1403 2490/103/1395
f 2490/103/1395 2479/104/1378 2481/104/1381
f 2495/109/1403 2481/104/1381 2483/104/1383
f 2483/104/1383 2496/109/1404 2495/109/1403
f 2493/105/1400 2495/109/1403 2496/109/1404
f 2496/109/1404 2497/105/1405 2493/105/1400
f 2496/109/1404 2483/104/1383 2486/104/1389
f 2486/104/1389 2499/109/1407 2496/109/1404
f 2492/111/1399 2497/105/1405 2498/105/1406
f 2498/105/1406 2494/111/1401 2492/111/1399
f 2497/105/1405 2496/109/1404 2499/109/1407
f 2499/109/1407 2498/105/1406 2497/105/1405
f 2294/112/1402 2494/111/1401 2500/111/1408
f 2500/111/1408 2296/112/1409 2294/112/1402
f 2299/112/1410 2296/112/1409 2500/111/1408
f 2500/111/1408 2502/111/1412 2299/112/1410
f 2494/111/1401 2498/105/1406 2501/105/1411
f 2501/105/1411 2500/111/1408 2494/111/1401
f 2502/111/1412 2500/111/1408 2501/105/1411
f 2501/105/1411 2504/105/1415 2502/111/1412
f 2399/113/1413 2299/112/1410 2502/111/1412
f 2502/111/1412 2503/111/1414 2399/113/1413
f 2503/111/1414 2502/111/1412 2504/105/1415
f 2504/105/1415 2505/105/1416 2503/111/1414
f 2204/103/1087 2505/105/1416 2504/105/1415
f 2504/105/1415 2506/109/1417 2204/103/1087
f 2506/109/1417 2504/105/1415 2501/105/1411
f 2501/105/1411 2507/109/1418 2506/109/1417
f 2206/104/1089 2204/103/1087 2506/109/1417
f 2506/109/1417 2508/104/1419 2206/104/1089
f 2507/109/1418 2501/105/1411 2498/105/1406
f 2498/105/1406 2499/109/1407 2507/109/1418
f 2508/104/1419 2506/109/1417 2507/109/1418
f 2507/109/1418 2509/104/1420 2508/104/1419
f 2509/104/1420 2507/109/1418 2499/109/1407
f 2499/109/1407 2486/104/1389 2509/104/1420
f 2487/106/1391 2509/104/1420 2486/104/1389
f 2486/104/1389 2485/106/1388 2487/106/1391
f 2508/104/1419 2509/104/1420 2487/106/1391
f 2487/106/1391 2488/106/1392 2508/104/1419
f 2206/104/1089 2508/104/1419 2488/106/1392
f 2488/106/1392 2510/106/1421 2206/104/1089
f 2512/106/1423 2511/106/1422 2285/104/1169
f 2285/104/1169 2513/104/1424 2512/106/1423
f 2514/106/1425 2512/106/1423 2513/104/1424
f 2513/104/1424 2524/104/1440 2514/106/1425
f 2515/109/1426 2513/104/1424 2285/104/1169
f 2285/104/1169 2284/103/1168 2515/109/1426
f 2516/105/1427 2515/109/1426 2284/103/1168
f 2284/103/1168 2286/105/1170 2516/105/1427
f 2516/105/1427 2286/105/1170 2288/111/1172
f 2288/111/1172 2517/111/1428 2516/105/1427
f 2517/111/1428 2288/111/1172 2276/113/1429
f 2276/113/1429 2266/112/1430 2517/111/1428
f 2515/109/1426 2516/105/1427 2518/105/1431
f 2518/105/1431 2521/109/1437 2515/109/1426
f 2518/105/1431 2516/105/1427 2517/111/1428
f 2517/111/1428 2519/111/1432 2518/105/1431
f 2519/111/1432 2517/111/1428 2266/112/1430
f 2266/112/1430 2263/112/1433 2519/111/1432
f 2519/111/1432 2263/112/1433 2261/112/1434
f 2261/112/1434 2520/111/1435 2519/111/1432
f 2518/105/1431 2519/111/1432 2520/111/1435
f 2520/111/1435 2522/105/1438 2518/105/1431
f 2520/111/1435 2261/112/1434 2260/112/1436
f 2260/112/1436 2523/111/1439 2520/111/1435
f 2513/104/1424 2515/109/1426 2521/109/1437
f 2521/109/1437 2524/104/1440 2513/104/1424
f 2521/109/1437 2518/105/1431 2522/105/1438
f 2522/105/1438 2525/109/1441 2521/109/1437
f 2522/105/1438 2520/111/1435 2523/111/1439
f 2523/111/1439 2528/105/1444 2522/105/1438
f 2524/104/1440 2521/109/1437 2525/109/1441
f 2525/109/1441 2526/104/1442 2524/104/1440
f 2514/106/1425 2524/104/1440 2526/104/1442
f 2526/104/1442 2527/106/1443 2514/106/1425
f 2525/109/1441 2522/105/1438 2528/105/1444
f 2528/105/1444 2529/109/1445 2525/109/1441
f 2526/104/1442 2525/109/1441 2529/109/1445
f 2529/109/1445 2530/104/1446 2526/104/1442
f 2531/111/1447 2523/111/1439 2260/112/1436
f 2260/112/1436 2258/112/1448 2531/111/1447
f 2532/105/1449 2528/105/1444 2523/111/1439
f 2523/111/1439 2531/111/1447 2532/105/1449
f 2529/109/1445 2528/105/1444 2532/105/1449
f 2532/105/1449 2533/109/1450 2529/109/1445
f 2530/104/1446 2529/109/1445 2533/109/1450
f 2533/109/1450 2534/104/1451 2530/104/1446
f 2535/111/1452 2531/111/1447 2258/112/1448
f 2258/112/1448 2094/113/1453 2535/111/1452
f 2531/111/1447 2535/111/1452 2536/105/1454
f 2536/105/1454 2532/105/1449 2531/111/1447
f 2533/109/1450 2532/105/1449 2536/105/1454
f 2536/105/1454 2537/103/1455 2533/109/1450
f 2534/104/1451 2533/109/1450 2537/103/1455
f 2537/103/1455 2538/104/1456 2534/104/1451
f 2414/107/1458 2417/119/1457 2511/106/1422
f 2511/106/1422 2512/106/1423 2414/107/1458
f 2266/101/1150 2276/101/1160 2274/100/1158
f 2274/100/1158 2265/100/1149 2266/101/1150
f 2283/104/1167 2285/104/1169 2511/106/1422
f 2511/106/1422 2539/118/1459 2283/104/1167
f 2539/118/1459 2511/106/1422 2417/119/1457
f 2417/119/1457 2540/119/1460 2539/118/1459
f 2418/98/1309 2203/98/1086 2540/120/1461
f 2540/120/1461 2417/116/1308 2418/98/1309
f 2192/78/1075 2193/78/1076 2203/98/1086
f 2203/98/1086 2418/98/1309 2192/78/1075
f 2277/113/1462 2276/113/1429 2288/111/1172
f 2288/111/1172 2287/111/1171 2277/113/1462
f 2278/113/1347 2277/113/1462 2287/111/1171
f 2287/111/1171 2454/111/1346 2278/113/1347
f 2455/104/1348 2283/104/1167 2539/118/1459
f 2539/118/1459 2541/106/1463 2455/104/1348
f 2541/106/1463 2539/118/1459 2540/119/1460
f 2540/119/1460 2364/107/1464 2541/106/1463
f 2203/98/1086 2202/98/1085 2364/116/1248
f 2364/116/1248 2540/120/1461 2203/98/1086
f 2280/105/1164 2281/105/1165 2454/111/1346
f 2454/111/1346 2287/111/1171 2280/105/1164
f 2470/100/1366 2273/100/1157 2278/101/1162
f 2278/101/1162 2446/117/1465 2470/100/1366
f 2469/100/1365 2470/100/1366 2446/117/1465
f 2446/117/1465 2436/117/1466 2469/100/1365
f 2469/100/1365 2436/117/1466 2434/117/1467
f 2434/117/1467 2463/100/1359 2469/100/1365
f 2463/100/1359 2434/117/1467 2433/117/1468
f 2433/117/1468 2458/100/1354 2463/100/1359
f 2456/100/1352 2458/100/1354 2433/117/1468
f 2433/117/1468 2430/117/1351 2456/100/1352
f 2224/108/1107 2393/107/1469 2255/106/1139
f 2255/106/1139 2223/106/1106 2224/108/1107
f 2246/117/1470 2091/101/974 2088/100/971
f 2088/100/971 2542/100/1471 2246/117/1470
f 2542/100/1471 2088/100/971 2087/99/970
f 2087/99/970 2543/99/1472 2542/100/1471
f 2544/100/1473 2542/100/1471 2543/99/1472
f 2543/99/1472 2547/99/1476 2544/100/1473
f 2545/85/1474 2543/99/1472 2087/99/970
f 2087/99/970 2066/85/949 2545/85/1474
f 2545/85/1474 2066/85/949 2067/90/950
f 2067/90/950 2070/90/953 2545/85/1474
f 2543/99/1472 2545/85/1474 2546/85/1475
f 2546/85/1475 2547/99/1476 2543/99/1472
f 2546/85/1475 2545/85/1474 2070/90/953
f 2070/90/953 2550/90/1479 2546/85/1475
f 2544/100/1473 2547/99/1476 2548/99/1477
f 2548/99/1477 2549/100/1478 2544/100/1473
f 2550/90/1479 2070/90/953 2071/91/954
f 2071/91/954 2077/91/960 2550/90/1479
f 2550/90/1479 2077/91/960 2551/91/1480
f 2551/91/1480 2552/90/1481 2550/90/1479
f 2546/85/1475 2550/90/1479 2552/90/1481
f 2552/90/1481 2553/85/1482 2546/85/1475
f 2552/90/1481 2551/91/1480 1981/91/873
f 1981/91/873 2557/90/1486 2552/90/1481
f 2547/99/1476 2546/85/1475 2553/85/1482
f 2553/85/1482 2548/99/1477 2547/99/1476
f 2549/100/1478 2548/99/1477 2554/99/1483
f 2554/99/1483 2555/100/1484 2549/100/1478
f 2556/100/1485 2555/100/1484 2554/99/1483
f 2554/99/1483 2559/99/1488 2556/100/1485
f 2553/85/1482 2552/90/1481 2557/90/1486
f 2557/90/1486 2558/85/1487 2553/85/1482
f 2548/99/1477 2553/85/1482 2558/85/1487
f 2558/85/1487 2554/99/1483 2548/99/1477
f 2398/100/1288 2556/100/1485 2559/99/1488
f 2559/99/1488 2396/99/1286 2398/100/1288
f 1977/85/869 2396/99/1286 2559/99/1488
f 2559/99/1488 2560/85/1489 1977/85/869
f 2554/99/1483 2558/85/1487 2560/85/1489
f 2560/85/1489 2559/99/1488 2554/99/1483
f 2560/85/1489 2558/85/1487 2557/90/1486
f 2557/90/1486 1973/90/865 2560/85/1489
f 1974/90/866 1977/85/869 2560/85/1489
f 2560/85/1489 1973/90/865 1974/90/866
f 1973/90/865 2557/90/1486 1981/91/873
f 1981/91/873 1976/91/868 1973/90/865
f 2561/104/1490 2254/104/1138 2255/106/1139
f 2255/106/1139 2562/118/1491 2561/104/1490
f 2562/118/1491 2255/106/1139 2393/107/1469
f 2393/107/1469 2563/119/1492 2562/118/1491
f 2394/98/1284 2112/98/995 2563/120/1493
f 2563/120/1493 2393/116/1283 2394/98/1284
f 2115/78/998 2109/78/992 2112/98/995
f 2112/98/995 2394/98/1284 2115/78/998
f 2093/113/1494 2091/113/1132 2249/111/1133
f 2249/111/1133 2269/111/1153 2093/113/1494
f 2094/113/1453 2093/113/1494 2269/111/1153
f 2269/111/1153 2535/111/1452 2094/113/1453
f 2538/104/1456 2561/104/1490 2562/118/1491
f 2562/118/1491 2564/106/1495 2538/104/1456
f 2564/106/1495 2562/118/1491 2563/119/1492
f 2563/119/1492 2404/119/1496 2564/106/1495
f 2534/104/1451 2538/104/1456 2564/106/1495
f 2564/106/1495 2565/106/1497 2534/104/1451
f 2530/104/1446 2534/104/1451 2565/106/1497
f 2565/106/1497 2566/106/1498 2530/104/1446
f 2566/106/1498 2565/106/1497 2403/107/1499
f 2403/107/1499 2405/107/1500 2566/106/1498
f 2566/106/1498 2405/107/1500 2409/107/1501
f 2409/107/1501 2527/106/1443 2566/106/1498
f 2530/104/1446 2566/106/1498 2527/106/1443
f 2527/106/1443 2526/104/1442 2530/104/1446
f 2527/106/1443 2409/107/1501 2413/107/1502
f 2413/107/1502 2514/106/1425 2527/106/1443
f 2512/106/1423 2514/106/1425 2413/107/1502
f 2413/107/1502 2414/107/1458 2512/106/1423
f 2112/98/995 2111/98/994 2404/116/1295
f 2404/116/1295 2563/120/1493 2112/98/995
f 2535/111/1452 2269/111/1153 2268/105/1152
f 2268/105/1152 2536/105/1454 2535/111/1452
f 2537/103/1455 2536/105/1454 2268/105/1152
f 2268/105/1152 2267/103/1151 2537/103/1455
f 2538/104/1456 2537/103/1455 2267/103/1151
f 2267/103/1151 2561/104/1490 2538/104/1456
f 2404/119/1496 2403/107/1499 2565/106/1497
f 2565/106/1497 2564/106/1495 2404/119/1496
f 2556/100/1485 2398/100/1288 2233/101/1291
f 2233/101/1291 2232/117/1503 2556/100/1485
f 2555/100/1484 2556/100/1485 2232/117/1503
f 2232/117/1503 2234/117/1504 2555/100/1484
f 2555/100/1484 2234/117/1504 2240/117/1505
f 2240/117/1505 2549/100/1478 2555/100/1484
f 2549/100/1478 2240/117/1505 2245/117/1506
f 2245/117/1506 2544/100/1473 2549/100/1478
f 2542/100/1471 2544/100/1473 2245/117/1506
f 2245/117/1506 2246/117/1470 2542/100/1471
f 2231/111/1114 2567/111/1507 2208/105/1091
f 2208/105/1091 2210/105/1093 2231/111/1114
f 2567/111/1507 2231/111/1114 2233/113/1116
f 2233/113/1116 2400/113/1508 2567/111/1507
f 2503/111/1414 2567/111/1507 2400/113/1508
f 2400/113/1508 2399/113/1413 2503/111/1414
f 2215/116/1267 2568/120/1509 2065/98/948
f 2065/98/948 2064/98/947 2215/116/1267
f 2568/119/1510 2215/107/1098 2212/106/1095
f 2212/106/1095 2569/118/1511 2568/119/1510
f 2569/118/1511 2212/106/1095 2211/104/1094
f 2211/104/1094 2205/104/1088 2569/118/1511
f 2567/111/1507 2503/111/1414 2505/105/1416
f 2505/105/1416 2208/105/1091 2567/111/1507
f 2207/103/1090 2208/105/1091 2505/105/1416
f 2505/105/1416 2204/103/1087 2207/103/1090
f 2065/98/948 2340/98/1224 1957/78/849
f 1957/78/849 1958/78/850 2065/98/948
f 2568/120/1509 2339/116/1223 2340/98/1224
f 2340/98/1224 2065/98/948 2568/120/1509
f 2339/119/1512 2568/119/1510 2569/118/1511
f 2569/118/1511 2510/106/1421 2339/119/1512
f 2510/106/1421 2569/118/1511 2205/104/1088
f 2205/104/1088 2206/104/1089 2510/106/1421
f 2321/100/1205 2298/100/1182 2299/101/1183
f 2299/101/1183 2399/101/1289 2321/100/1205
f 2510/106/1421 2488/106/1392 2336/107/1393
f 2336/107/1393 2339/119/1512 2510/106/1421
f 2301/103/1185 2422/104/1313 2475/104/1371
f 2475/104/1371 2300/103/1184 2301/103/1185
f 2282/103/1166 2283/104/1167 2455/104/1348
f 2455/104/1348 2279/103/1163 2282/103/1166
f 2450/104/1342 2455/104/1348 2541/106/1463
f 2541/106/1463 2449/106/1341 2450/104/1342
f 2449/106/1341 2541/106/1463 2364/107/1464
f 2364/107/1464 2363/108/1513 2449/106/1341
f 2448/106/1340 2449/106/1341 2363/108/1513
f 2363/108/1513 2365/108/1514 2448/106/1340
f 2448/106/1340 2365/108/1514 2369/108/1515
f 2369/108/1515 2443/106/1335 2448/106/1340
f 2443/106/1335 2369/108/1515 2372/108/1516
f 2372/108/1516 2426/106/1317 2443/106/1335
f 2424/106/1315 2426/106/1317 2372/108/1516
f 2372/108/1516 2373/108/1350 2424/106/1315
f 2252/103/1136 2254/104/1138 2561/104/1490
f 2561/104/1490 2267/103/1151 2252/103/1136
f 2179/93/1062 2180/91/1063 2465/91/1361
f 2465/91/1361 2570/93/1517 2179/93/1062
f 2570/93/1517 2465/91/1361 2127/91/1010
f 2127/91/1010 2128/93/1011 2570/93/1517
f 2571/121/1518 2179/93/1062 2570/93/1517
f 2570/93/1517 2572/121/1519 2571/121/1518
f 2178/93/1061 2179/93/1062 2571/121/1518
f 2571/121/1518 2573/121/1520 2178/93/1061
f 2572/121/1519 2570/93/1517 2128/93/1011
f 2128/93/1011 2576/121/1522 2572/121/1519
f 2177/92/1060 2178/93/1061 2573/121/1520
f 2573/121/1520 2181/93/1064 2177/92/1060
f 2184/93/1067 2181/93/1064 2573/121/1520
f 2573/121/1520 2574/121/1521 2184/93/1067
f 2574/121/1521 2573/121/1520 2571/121/1518
f 2571/121/1518 2575/121/446 2574/121/1521
f 2575/121/446 2571/121/1518 2572/121/1519
f 2572/121/1519 2577/121/446 2575/121/446
f 2577/121/446 2572/121/1519 2576/121/1522
f 2576/121/1522 2579/121/446 2577/121/446
f 2578/121/1523 2576/121/1522 2128/93/1011
f 2128/93/1011 2126/93/1009 2578/121/1523
f 2578/121/1523 2126/93/1009 2124/92/1007
f 2124/92/1007 2129/93/1012 2578/121/1523
f 2579/121/446 2576/121/1522 2578/121/1523
f 2578/121/1523 2580/121/1524 2579/121/446
f 2580/121/1524 2578/121/1523 2129/93/1012
f 2129/93/1012 2131/93/1014 2580/121/1524
f 2184/93/1067 2574/121/1521 2581/121/1525
f 2581/121/1525 2598/93/1536 2184/93/1067
f 2574/121/1521 2575/121/446 2582/121/446
f 2582/121/446 2581/121/1525 2574/121/1521
f 2575/121/446 2577/121/446 2583/121/446
f 2583/121/446 2582/121/446 2575/121/446
f 2577/121/446 2579/121/446 2584/121/446
f 2584/121/446 2583/121/446 2577/121/446
f 2579/121/446 2580/121/1524 2585/121/1526
f 2585/121/1526 2584/121/446 2579/121/446
f 2580/121/1524 2131/93/1014 2586/93/1527
f 2586/93/1527 2585/121/1526 2580/121/1524
f 2314/94/1198 2586/93/1527 2131/93/1014
f 2131/93/1014 2132/94/1015 2314/94/1198
f 2586/93/1527 2314/94/1198 1984/94/876
f 1984/94/876 1985/93/877 2586/93/1527
f 2585/121/1526 2586/93/1527 1985/93/877
f 1985/93/877 2587/121/1528 2585/121/1526
f 2584/121/446 2585/121/1526 2587/121/1528
f 2587/121/1528 2588/121/446 2584/121/446
f 2583/121/446 2584/121/446 2588/121/446
f 2588/121/446 2589/121/446 2583/121/446
f 2582/121/446 2583/121/446 2589/121/446
f 2589/121/446 2593/121/446 2582/121/446
f 2590/121/1529 2587/121/1528 1985/93/877
f 1985/93/877 1982/93/874 2590/121/1529
f 2590/121/1529 1982/93/874 1978/92/870
f 1978/92/870 1979/93/871 2590/121/1529
f 2587/121/1528 2590/121/1529 2591/121/1530
f 2591/121/1530 2588/121/446 2587/121/1528
f 2591/121/1530 2590/121/1529 1979/93/871
f 1979/93/871 1980/93/872 2591/121/1530
f 2588/121/446 2591/121/1530 2592/121/1531
f 2592/121/1531 2589/121/446 2588/121/446
f 2581/121/1525 2582/121/446 2593/121/446
f 2593/121/446 2597/121/1535 2581/121/1525
f 2591/121/1530 1980/93/872 2594/93/1532
f 2594/93/1532 2592/121/1531 2591/121/1530
f 2589/121/446 2592/121/1531 2595/121/1533
f 2595/121/1533 2593/121/446 2589/121/446
f 2551/91/1480 2594/93/1532 1980/93/872
f 1980/93/872 1981/91/873 2551/91/1480
f 2594/93/1532 2551/91/1480 2077/91/960
f 2077/91/960 2078/93/961 2594/93/1532
f 2592/121/1531 2594/93/1532 2078/93/961
f 2078/93/961 2595/121/1533 2592/121/1531
f 2596/121/1534 2595/121/1533 2078/93/961
f 2078/93/961 2076/93/959 2596/121/1534
f 2593/121/446 2595/121/1533 2596/121/1534
f 2596/121/1534 2597/121/1535 2593/121/446
f 2596/121/1534 2076/93/959 2074/92/957
f 2074/92/957 2079/93/962 2596/121/1534
f 2597/121/1535 2596/121/1534 2079/93/962
f 2079/93/962 2081/93/964 2597/121/1535
f 2598/93/1536 2581/121/1525 2597/121/1535
f 2597/121/1535 2081/93/964 2598/93/1536
f 2183/94/1066 2184/93/1067 2598/93/1536
f 2598/93/1536 2347/94/1231 2183/94/1066
f 2347/94/1231 2598/93/1536 2081/93/964
f 2081/93/964 2082/94/965 2347/94/1231
f 2603/123/1537 2605/124/1537 2604/124/1538
f 2604/124/1538 2606/123/1538 2603/123/1537
f 2603/123/1537 2606/123/1538 2607/123/1538
f 2607/123/1538 2608/123/1537 2603/123/1537
f 2611/125/455 2610/125/455 2609/122/455
f 2609/122/455 2612/122/455 2611/125/455
f 2614/122/455 2613/122/455 2615/125/455
f 2615/125/455 2616/125/455 2614/122/455
f 2616/125/455 2615/125/455 2617/125/455
f 2617/125/455 2618/125/455 2616/125/455
f 2618/125/455 2617/125/455 2619/122/455
f 2619/122/455 2620/122/455 2618/125/455
f 2622/122/455 2621/122/455 2623/125/455
f 2623/125/455 2624/125/455 2622/122/455
f 2615/126/1540 2626/126/1540 2625/126/1539
f 2625/126/1539 2617/126/1539 2615/126/1540
f 2617/126/1539 2625/126/1539 2599/127/1541
f 2599/127/1541 2619/128/1541 2617/126/1539
f 2619/128/1541 2599/127/1541 2602/129/1542
f 2602/129/1542 2621/130/1542 2619/128/1541
f 2626/126/1540 2615/126/1540 2613/128/1543
f 2613/128/1543 2627/127/1543 2626/126/1540
f 2623/122/1545 2629/122/1545 2628/122/1544
f 2628/122/1544 2624/122/1544 2623/122/1545
f 2624/122/1544 2628/122/1544 2600/130/1546
f 2600/130/1546 2622/130/1546 2624/122/1544
f 2629/122/1545 2623/122/1545 2621/130/1542
f 2621/130/1542 2602/129/1542 2629/122/1545
f 2632/125/442 2631/125/442 2630/122/442
f 2630/122/442 2633/122/442 2632/125/442
f 2627/122/442 2634/122/442 2635/125/442
f 2635/125/442 2626/125/442 2627/122/442
f 2626/125/442 2635/125/442 2636/125/442
f 2636/125/442 2625/125/442 2626/125/442
f 2625/125/442 2636/125/442 2601/122/442
f 2601/122/442 2599/122/442 2625/125/442
f 2602/122/442 2600/122/442 2628/125/442
f 2628/125/442 2629/125/442 2602/122/442
f 2637/131/1547 2639/132/1547 2638/132/1548
f 2638/132/1548 2640/123/1548 2637/131/1547
f 2637/131/1547 2640/123/1548 2641/123/1548
f 2641/123/1548 2642/131/1547 2637/131/1547
f 2644/134/1549 2643/133/1549 2639/133/1547
f 2639/133/1547 2637/134/1547 2644/134/1549
f 2644/134/1549 2637/134/1547 2642/134/1547
f 2642/134/1547 2645/134/1549 2644/134/1549
f 2646/133/1549 2645/134/1549 2642/134/1547
f 2642/134/1547 2647/133/1547 2646/133/1549
f 2607/123/1538 2649/124/1538 2648/124/1537
f 2648/124/1537 2608/123/1537 2607/123/1538
f 2652/134/1551 2651/135/1551 2650/135/1550
f 2650/135/1550 2653/134/1550 2652/134/1551
f 2652/134/1551 2653/134/1550 2654/134/1550
f 2654/134/1550 2655/134/1551 2652/134/1551
f 2646/132/1549 2651/132/1551 2652/123/1551
f 2652/123/1551 2645/131/1549 2646/132/1549
f 2645/131/1549 2652/123/1551 2655/123/1551
f 2655/123/1551 2644/131/1549 2645/131/1549
f 2608/134/1537 2648/135/1537 2656/135/1552
f 2656/135/1552 2657/134/1552 2608/134/1537
f 2608/134/1537 2657/134/1552 2658/134/1552
f 2658/134/1552 2603/134/1537 2608/134/1537
f 2605/135/1537 2603/134/1537 2658/134/1552
f 2658/134/1552 2659/135/1552 2605/135/1537
f 2601/130/1553 2620/130/1553 2622/130/1546
f 2622/130/1546 2600/130/1546 2601/130/1553
f 2620/130/1553 2601/130/1553 2636/122/1554
f 2636/122/1554 2618/122/1554 2620/130/1553
f 2616/122/1555 2618/122/1554 2636/122/1554
f 2636/122/1554 2635/122/1555 2616/122/1555
f 2616/122/1555 2635/122/1555 2634/129/1556
f 2634/129/1556 2614/130/1556 2616/122/1555
f 2630/129/1557 2612/130/1557 2614/130/1556
f 2614/130/1556 2634/129/1556 2630/129/1557
f 2612/130/1557 2630/129/1557 2631/122/1558
f 2631/122/1558 2611/122/1558 2612/130/1557
f 2611/122/1558 2631/122/1558 2632/126/1559
f 2632/126/1559 2610/126/1559 2611/122/1558
f 2610/126/1559 2632/126/1559 2633/129/1560
f 2633/129/1560 2609/130/1560 2610/126/1559
f 2627/127/1543 2613/128/1543 2609/130/1560
f 2609/130/1560 2633/129/1560 2627/127/1543
f 2662/125/455 2661/125/455 2660/122/455
f 2660/122/455 2663/122/455 2662/125/455
f 2665/122/455 2664/122/455 2666/125/455
f 2666/125/455 2667/125/455 2665/122/455
f 2667/125/455 2666/125/455 2668/125/455
f 2668/125/455 2669/125/455 2667/125/455
f 2669/125/455 2668/125/455 2670/122/455
f 2670/122/455 2671/122/455 2669/125/455
f 2673/122/455 2672/122/455 2674/125/455
f 2674/125/455 2675/125/455 2673/122/455
f 2676/126/1561 2677/126/1562 2668/126/1562
f 2668/126/1562 2666/126/1561 2676/126/1561
f 2678/127/1563 2676/126/1561 2666/126/1561
f 2666/126/1561 2664/128/1563 2678/127/1563
f 2679/129/1564 2678/127/1563 2664/128/1563
f 2664/128/1563 2660/130/1564 2679/129/1564
f 2670/128/1565 2668/126/1562 2677/126/1562
f 2677/126/1562 2680/127/1565 2670/128/1565
f 2681/122/1558 2682/122/1559 2661/122/1559
f 2661/122/1559 2662/122/1558 2681/122/1558
f 2683/130/1566 2681/122/1558 2662/122/1558
f 2662/122/1558 2663/130/1566 2683/130/1566
f 2660/130/1564 2661/122/1559 2682/122/1559
f 2682/122/1559 2679/129/1564 2660/130/1564
f 2682/125/442 2681/125/442 2683/122/442
f 2683/122/442 2679/122/442 2682/125/442
f 2678/122/442 2684/122/442 2685/125/442
f 2685/125/442 2676/125/442 2678/122/442
f 2676/125/442 2685/125/442 2686/125/442
f 2686/125/442 2677/125/442 2676/125/442
f 2677/125/442 2686/125/442 2687/122/442
f 2687/122/442 2680/122/442 2677/125/442
f 2689/122/442 2688/122/442 2690/125/442
f 2690/125/442 2691/125/442 2689/122/442
f 2684/130/1567 2683/130/1566 2663/130/1566
f 2663/130/1566 2665/130/1567 2684/130/1567
f 2685/122/1568 2684/130/1567 2665/130/1567
f 2665/130/1567 2667/122/1568 2685/122/1568
f 2685/122/1568 2667/122/1568 2669/122/1569
f 2669/122/1569 2686/122/1569 2685/122/1568
f 2687/129/1570 2686/122/1569 2669/122/1569
f 2669/122/1569 2671/130/1570 2687/129/1570
f 2688/129/1571 2687/129/1570 2671/130/1570
f 2671/130/1570 2673/130/1571 2688/129/1571
f 2690/122/1544 2688/129/1571 2673/130/1571
f 2673/130/1571 2675/122/1544 2690/122/1544
f 2691/126/1545 2690/122/1544 2675/122/1544
f 2675/122/1544 2674/126/1545 2691/126/1545
f 2689/129/1572 2691/126/1545 2674/126/1545
f 2674/126/1545 2672/130/1572 2689/129/1572
f 2680/127/1565 2689/129/1572 2672/130/1572
f 2672/130/1572 2670/128/1565 2680/127/1565
f 2653/123/1550 2650/124/1550 2659/124/1552
f 2659/124/1552 2658/123/1552 2653/123/1550
f 2653/123/1550 2658/123/1552 2657/123/1552
f 2657/123/1552 2654/123/1550 2653/123/1550
f 2692/135/1551 2655/134/1551 2654/134/1550
f 2654/134/1550 2693/135/1550 2692/135/1551
f 2657/123/1552 2656/124/1552 2693/124/1550
f 2693/124/1550 2654/123/1550 2657/123/1552
f 2604/135/1538 2694/135/1548 2641/134/1548
f 2641/134/1548 2606/134/1538 2604/135/1538
f 2606/134/1538 2641/134/1548 2640/134/1548
f 2640/134/1548 2607/134/1538 2606/134/1538
f 2638/135/1548 2649/135/1538 2607/134/1538
f 2607/134/1538 2640/134/1548 2638/135/1548
f 2641/123/1548 2694/132/1548 2647/132/1547
f 2647/132/1547 2642/131/1547 2641/123/1548
f 2692/132/1551 2643/132/1549 2644/131/1549
f 2644/131/1549 2655/123/1551 2692/132/1551
f 2696/123/1574 2638/137/1574 2695/136/1573
f 2695/136/1573 2697/131/1573 2696/123/1574
f 2696/123/1574 2697/131/1573 2698/131/1573
f 2698/131/1573 2699/123/1574 2696/123/1574
f 2649/138/1575 2638/138/1574 2696/134/1574
f 2696/134/1574 2700/134/1575 2649/138/1575
f 2700/134/1575 2696/134/1574 2699/134/1574
f 2699/134/1574 2701/134/1575 2700/134/1575
f 2694/138/1574 2604/138/1575 2701/134/1575
f 2701/134/1575 2699/134/1574 2694/138/1574
f 2702/130/1576 2612/129/1577 2611/122/1558
f 2611/122/1558 2703/122/1578 2702/130/1576
f 2703/122/1578 2611/122/1558 2610/126/1559
f 2610/126/1559 2706/126/1581 2703/122/1578
f 2702/130/1576 2703/122/1578 2704/139/1579
f 2704/139/1579 2705/140/1580 2702/130/1576
f 2706/126/1581 2610/126/1559 2609/129/1560
f 2609/129/1560 2707/130/1582 2706/126/1581
f 2706/126/1581 2707/130/1582 2708/141/1583
f 2708/141/1583 2709/142/1584 2706/126/1581
f 2710/127/1585 2712/127/1587 2711/130/1586
f 2711/130/1586 2713/130/1588 2710/127/1585
f 2710/127/1585 2713/130/1588 2714/141/1589
f 2714/141/1589 2715/143/1590 2710/127/1585
f 2716/130/1591 2622/130/1571 2620/130/1553
f 2620/130/1553 2717/130/1592 2716/130/1591
f 2716/130/1591 2717/130/1592 2718/144/1593
f 2718/144/1593 2719/145/1594 2716/130/1591
f 2720/130/1595 2621/129/1542 2623/122/1596
f 2623/122/1596 2721/122/1597 2720/130/1595
f 2721/122/1597 2623/122/1596 2624/122/1544
f 2624/122/1544 2722/122/1598 2721/122/1597
f 2722/122/1598 2624/122/1544 2622/130/1571
f 2622/130/1571 2716/130/1591 2722/122/1598
f 2722/122/1598 2716/130/1591 2719/145/1594
f 2719/145/1594 2723/146/1599 2722/122/1598
f 2713/130/1588 2725/122/1601 2726/139/1602
f 2726/139/1602 2714/141/1589 2713/130/1588
f 2725/122/1601 2724/122/1600 2727/122/1603
f 2727/122/1603 2728/122/1604 2725/122/1601
f 2729/139/1605 2727/122/1603 2724/122/1600
f 2724/122/1600 2730/139/1606 2729/139/1605
f 2728/122/1604 2727/122/1603 2731/130/1607
f 2731/130/1607 2732/130/1608 2728/122/1604
f 2732/130/1608 2731/130/1607 2733/130/1609
f 2733/130/1609 2734/130/1610 2732/130/1608
f 2728/122/1604 2732/130/1608 2735/140/1611
f 2735/140/1611 2736/139/1612 2728/122/1604
f 2624/125/442 2623/125/442 2621/122/442
f 2621/122/442 2622/122/442 2624/125/442
f 2620/122/442 2619/122/442 2617/125/442
f 2617/125/442 2618/125/442 2620/122/442
f 2618/125/442 2617/125/442 2615/125/442
f 2615/125/442 2616/125/442 2618/125/442
f 2616/125/442 2615/125/442 2613/122/442
f 2613/122/442 2614/122/442 2616/125/442
f 2612/122/442 2609/122/442 2610/125/442
f 2610/125/442 2611/125/442 2612/122/442
f 2741/147/1617 2739/129/1615 2740/126/1616
f 2740/126/1616 2742/148/1618 2741/147/1617
f 2740/126/1616 2737/126/1613 2743/122/1619
f 2743/122/1619 2746/122/1622 2740/126/1616
f 2743/122/1619 2737/126/1613 2744/148/1620
f 2744/148/1620 2745/146/1621 2743/122/1619
f 2746/122/1622 2743/122/1619 2747/129/1623
f 2747/129/1623 2748/129/1624 2746/122/1622
f 2749/146/1625 2746/122/1622 2748/129/1624
f 2748/129/1624 2750/149/1626 2749/146/1625
f 2717/130/1592 2620/130/1553 2618/122/1554
f 2618/122/1554 2751/122/1627 2717/130/1592
f 2717/130/1592 2751/122/1627 2752/150/1628
f 2752/150/1628 2718/144/1593 2717/130/1592
f 2753/122/1629 2751/122/1627 2618/122/1554
f 2618/122/1554 2616/122/1555 2753/122/1629
f 2753/122/1629 2616/122/1555 2614/129/1630
f 2614/129/1630 2754/130/1631 2753/122/1629
f 2753/122/1629 2754/130/1631 2755/151/1632
f 2755/151/1632 2756/152/1633 2753/122/1629
f 2756/152/1633 2755/151/1632 2757/151/1634
f 2757/151/1634 2758/152/1635 2756/152/1633
f 2752/150/1628 2756/152/1633 2758/152/1635
f 2758/152/1635 2759/150/1636 2752/150/1628
f 2612/129/1577 2702/130/1576 2754/130/1631
f 2754/130/1631 2614/129/1630 2612/129/1577
f 2707/130/1582 2609/129/1560 2613/127/1543
f 2613/127/1543 2760/128/1637 2707/130/1582
f 2760/128/1637 2613/127/1543 2615/126/1638
f 2615/126/1638 2761/126/1639 2760/128/1637
f 2760/128/1637 2761/126/1639 2762/153/1640
f 2762/153/1640 2763/143/1641 2760/128/1637
f 2763/143/1641 2762/153/1640 2764/153/1642
f 2764/153/1642 2715/143/1590 2763/143/1641
f 2761/126/1639 2615/126/1638 2617/126/1539
f 2617/126/1539 2765/126/1643 2761/126/1639
f 2765/126/1643 2617/126/1539 2619/127/1541
f 2619/127/1541 2766/128/1644 2765/126/1643
f 2766/128/1644 2619/127/1541 2621/129/1542
f 2621/129/1542 2720/130/1595 2766/128/1644
f 2766/128/1644 2720/130/1595 2767/145/1645
f 2767/145/1645 2768/154/1646 2766/128/1644
f 2762/153/1640 2769/155/1647 2770/155/1648
f 2770/155/1648 2764/153/1642 2762/153/1640
f 2771/154/1649 2770/155/1648 2769/155/1647
f 2769/155/1647 2768/154/1646 2771/154/1649
f 2770/155/1648 2771/154/1649 2772/127/1650
f 2772/127/1650 2773/126/1651 2770/155/1648
f 2775/127/1653 2772/127/1650 2738/129/1614
f 2738/129/1614 2739/129/1615 2775/127/1653
f 2776/154/1654 2775/127/1653 2739/129/1615
f 2739/129/1615 2741/147/1617 2776/154/1654
f 2777/154/1655 2776/154/1654 2741/147/1617
f 2741/147/1617 2778/145/1656 2777/154/1655
f 2734/130/1610 2784/122/1662 2758/152/1635
f 2758/152/1635 2757/151/1634 2734/130/1610
f 2759/150/1636 2758/152/1635 2784/122/1662
f 2784/122/1662 2786/122/1664 2759/150/1636
f 2788/129/1666 2787/129/1665 2748/129/1624
f 2748/129/1624 2747/129/1623 2788/129/1666
f 2788/129/1666 2747/129/1623 2789/149/1667
f 2789/149/1667 2790/144/1668 2788/129/1666
f 2790/144/1668 2789/149/1667 2719/145/1594
f 2719/145/1594 2718/144/1593 2790/144/1668
f 2790/144/1668 2759/150/1636 2786/122/1664
f 2786/122/1664 2788/129/1666 2790/144/1668
f 2759/150/1636 2790/144/1668 2718/144/1593
f 2718/144/1593 2752/150/1628 2759/150/1636
f 2708/141/1583 2763/143/1641 2715/143/1590
f 2715/143/1590 2714/141/1589 2708/141/1583
f 2707/130/1582 2760/128/1637 2763/143/1641
f 2763/143/1641 2708/141/1583 2707/130/1582
f 2723/146/1599 2791/146/1669 2721/122/1597
f 2721/122/1597 2722/122/1598 2723/146/1599
f 2745/146/1621 2744/148/1620 2791/146/1669
f 2791/146/1669 2723/146/1599 2745/146/1621
f 2765/126/1643 2766/128/1644 2768/154/1646
f 2768/154/1646 2769/155/1647 2765/126/1643
f 2738/129/1614 2772/127/1650 2771/154/1649
f 2771/154/1649 2792/147/1670 2738/129/1614
f 2792/147/1670 2771/154/1649 2768/154/1646
f 2768/154/1646 2767/145/1645 2792/147/1670
f 2764/153/1642 2770/155/1648 2773/126/1651
f 2773/126/1651 2780/126/1658 2764/153/1642
f 2705/140/1580 2704/139/1579 2736/139/1612
f 2736/139/1612 2735/140/1611 2705/140/1580
f 2757/151/1634 2735/140/1611 2732/130/1608
f 2732/130/1608 2734/130/1610 2757/151/1634
f 2735/140/1611 2757/151/1634 2755/151/1632
f 2755/151/1632 2705/140/1580 2735/140/1611
f 2705/140/1580 2755/151/1632 2754/130/1631
f 2754/130/1631 2702/130/1576 2705/140/1580
f 2715/143/1590 2764/153/1642 2780/126/1658
f 2780/126/1658 2710/127/1585 2715/143/1590
f 2709/142/1584 2708/141/1583 2714/141/1589
f 2714/141/1589 2726/139/1602 2709/142/1584
f 2745/146/1621 2789/149/1667 2747/129/1623
f 2747/129/1623 2743/122/1619 2745/146/1621
f 2723/146/1599 2719/145/1594 2789/149/1667
f 2789/149/1667 2745/146/1621 2723/146/1599
f 2792/147/1670 2744/148/1620 2737/126/1613
f 2737/126/1613 2738/129/1614 2792/147/1670
f 2767/145/1645 2791/146/1669 2744/148/1620
f 2744/148/1620 2792/147/1670 2767/145/1645
f 2720/130/1595 2721/122/1597 2791/146/1669
f 2791/146/1669 2767/145/1645 2720/130/1595
f 2709/142/1584 2704/139/1579 2703/122/1578
f 2703/122/1578 2706/126/1581 2709/142/1584
f 2726/139/1602 2736/139/1612 2704/139/1579
f 2704/139/1579 2709/142/1584 2726/139/1602
f 2725/122/1601 2728/122/1604 2736/139/1612
f 2736/139/1612 2726/139/1602 2725/122/1601
f 2675/122/1544 2673/129/1672 2793/130/1671
f 2793/130/1671 2794/122/1673 2675/122/1544
f 2674/126/1545 2675/122/1544 2794/122/1673
f 2794/122/1673 2797/126/1676 2674/126/1545
f 2795/139/1674 2794/122/1673 2793/130/1671
f 2793/130/1671 2796/140/1675 2795/139/1674
f 2672/129/1572 2674/126/1545 2797/126/1676
f 2797/126/1676 2798/130/1677 2672/129/1572
f 2799/141/1678 2798/130/1677 2797/126/1676
f 2797/126/1676 2800/142/1679 2799/141/1678
f 2665/130/1567 2663/130/1557 2801/130/1680
f 2801/130/1680 2802/130/1681 2665/130/1567
f 2803/144/1682 2802/130/1681 2801/130/1680
f 2801/130/1680 2804/145/1683 2803/144/1682
f 2661/122/1685 2660/129/1564 2805/130/1684
f 2805/130/1684 2806/122/1686 2661/122/1685
f 2662/122/1558 2661/122/1685 2806/122/1686
f 2806/122/1686 2807/122/1687 2662/122/1558
f 2663/130/1557 2662/122/1558 2807/122/1687
f 2807/122/1687 2801/130/1680 2663/130/1557
f 2804/145/1683 2801/130/1680 2807/122/1687
f 2807/122/1687 2808/146/1688 2804/145/1683
f 2675/125/442 2674/125/442 2672/122/442
f 2672/122/442 2673/122/442 2675/125/442
f 2671/122/442 2670/122/442 2668/125/442
f 2668/125/442 2669/125/442 2671/122/442
f 2669/125/442 2668/125/442 2666/125/442
f 2666/125/442 2667/125/442 2669/125/442
f 2667/125/442 2666/125/442 2664/122/442
f 2664/122/442 2665/122/442 2667/125/442
f 2663/122/442 2660/122/442 2661/125/442
f 2661/125/442 2662/125/442 2663/122/442
f 2667/122/1568 2665/130/1567 2802/130/1681
f 2802/130/1681 2809/122/1689 2667/122/1568
f 2810/150/1690 2809/122/1689 2802/130/1681
f 2802/130/1681 2803/144/1682 2810/150/1690
f 2667/122/1568 2809/122/1689 2811/122/1691
f 2811/122/1691 2669/122/1569 2667/122/1568
f 2671/129/1692 2669/122/1569 2811/122/1691
f 2811/122/1691 2812/130/1693 2671/129/1692
f 2813/151/1694 2812/130/1693 2811/122/1691
f 2811/122/1691 2814/152/1695 2813/151/1694
f 2815/151/1696 2813/151/1694 2814/152/1695
f 2814/152/1695 2816/152/1697 2815/151/1696
f 2816/152/1697 2814/152/1695 2810/150/1690
f 2810/150/1690 2817/150/1698 2816/152/1697
f 2673/129/1672 2671/129/1692 2812/130/1693
f 2812/130/1693 2793/130/1671 2673/129/1672
f 2670/127/1565 2672/129/1572 2798/130/1677
f 2798/130/1677 2818/128/1699 2670/127/1565
f 2668/126/1700 2670/127/1565 2818/128/1699
f 2818/128/1699 2819/126/1701 2668/126/1700
f 2820/153/1702 2819/126/1701 2818/128/1699
f 2818/128/1699 2821/143/1703 2820/153/1702
f 2781/153/1659 2820/153/1702 2821/143/1703
f 2821/143/1703 2822/143/1704 2781/153/1659
f 2666/126/1561 2668/126/1700 2819/126/1701
f 2819/126/1701 2823/126/1705 2666/126/1561
f 2664/127/1563 2666/126/1561 2823/126/1705
f 2823/126/1705 2824/128/1706 2664/127/1563
f 2660/129/1564 2664/127/1563 2824/128/1706
f 2824/128/1706 2805/130/1684 2660/129/1564
f 2778/145/1656 2805/130/1684 2824/128/1706
f 2824/128/1706 2777/154/1655 2778/145/1656
f 2782/155/1660 2825/155/1707 2820/153/1702
f 2820/153/1702 2781/153/1659 2782/155/1660
f 2825/155/1707 2782/155/1660 2776/154/1654
f 2776/154/1654 2777/154/1655 2825/155/1707
f 2775/127/1653 2776/154/1654 2782/155/1660
f 2782/155/1660 2774/126/1652 2775/127/1653
f 2826/141/1708 2711/130/1586 2712/127/1587
f 2712/127/1587 2822/143/1704 2826/141/1708
f 2799/141/1678 2826/141/1708 2822/143/1704
f 2822/143/1704 2821/143/1703 2799/141/1678
f 2798/130/1677 2799/141/1678 2821/143/1703
f 2821/143/1703 2818/128/1699 2798/130/1677
f 2808/146/1688 2807/122/1687 2806/122/1686
f 2806/122/1686 2827/146/1709 2808/146/1688
f 2749/146/1625 2808/146/1688 2827/146/1709
f 2827/146/1709 2742/148/1618 2749/146/1625
f 2746/122/1622 2749/146/1625 2742/148/1618
f 2742/148/1618 2740/126/1616 2746/122/1622
f 2750/149/1626 2748/129/1624 2787/129/1665
f 2787/129/1665 2828/144/1710 2750/149/1626
f 2804/145/1683 2750/149/1626 2828/144/1710
f 2828/144/1710 2803/144/1682 2804/145/1683
f 2828/144/1710 2787/129/1665 2785/122/1663
f 2785/122/1663 2817/150/1698 2828/144/1710
f 2803/144/1682 2828/144/1710 2817/150/1698
f 2817/150/1698 2810/150/1690 2803/144/1682
f 2816/152/1697 2783/122/1661 2733/130/1609
f 2733/130/1609 2815/151/1696 2816/152/1697
f 2823/126/1705 2825/155/1707 2777/154/1655
f 2777/154/1655 2824/128/1706 2823/126/1705
f 2829/140/1711 2731/130/1607 2727/122/1603
f 2727/122/1603 2729/139/1605 2829/140/1711
f 2796/140/1675 2829/140/1711 2729/139/1605
f 2729/139/1605 2795/139/1674 2796/140/1675
f 2815/151/1696 2733/130/1609 2731/130/1607
f 2731/130/1607 2829/140/1711 2815/151/1696
f 2813/151/1694 2815/151/1696 2829/140/1711
f 2829/140/1711 2796/140/1675 2813/151/1694
f 2812/130/1693 2813/151/1694 2796/140/1675
f 2796/140/1675 2793/130/1671 2812/130/1693
f 2822/143/1704 2712/127/1587 2779/126/1657
f 2779/126/1657 2781/153/1659 2822/143/1704
f 2730/139/1606 2724/122/1600 2711/130/1586
f 2711/130/1586 2826/141/1708 2730/139/1606
f 2800/142/1679 2730/139/1606 2826/141/1708
f 2826/141/1708 2799/141/1678 2800/142/1679
f 2808/146/1688 2749/146/1625 2750/149/1626
f 2750/149/1626 2804/145/1683 2808/146/1688
f 2778/145/1656 2741/147/1617 2742/148/1618
f 2742/148/1618 2827/146/1709 2778/145/1656
f 2805/130/1684 2778/145/1656 2827/146/1709
f 2827/146/1709 2806/122/1686 2805/130/1684
f 2800/142/1679 2797/126/1676 2794/122/1673
f 2794/122/1673 2795/139/1674 2800/142/1679
f 2730/139/1606 2800/142/1679 2795/139/1674
f 2795/139/1674 2729/139/1605 2730/139/1606
f 2701/123/1575 2604/137/1575 2830/137/1712
f 2830/137/1712 2831/123/1712 2701/123/1575
f 2697/134/1573 2833/134/470 2832/134/470
f 2832/134/470 2698/134/1573 2697/134/1573
f 2698/134/1573 2832/134/470 2834/138/470
f 2834/138/470 2835/138/1573 2698/134/1573
f 2839/156/470 2836/156/470 2834/138/470
f 2834/138/470 2832/134/470 2839/156/470
f 2837/123/1712 2838/137/1712 2649/137/1575
f 2649/137/1575 2700/123/1575 2837/123/1712
f 2837/123/1712 2700/123/1575 2701/123/1575
f 2701/123/1575 2831/123/1712 2837/123/1712
f 2839/156/470 2832/134/470 2833/134/470
f 2833/134/470 2840/156/470 2839/156/470
f 2842/156/470 2841/156/470 2840/156/470
f 2840/156/470 2833/134/470 2842/156/470
f 2695/138/1573 2842/156/470 2833/134/470
f 2833/134/470 2697/134/1573 2695/138/1573
f 2694/137/1574 2699/123/1574 2698/131/1573
f 2698/131/1573 2835/136/1573 2694/137/1574
f 2843/134/446 2845/156/446 2844/156/446
f 2844/156/446 2850/138/446 2843/134/446
f 2845/156/446 2843/134/446 2846/134/446
f 2846/134/446 2847/156/446 2845/156/446
f 2849/138/446 2848/156/446 2847/156/446
f 2847/156/446 2846/134/446 2849/138/446
f 2830/138/1712 2849/138/446 2846/134/446
f 2846/134/446 2831/134/1712 2830/138/1712
f 2831/134/1712 2846/134/446 2843/134/446
f 2843/134/446 2837/134/1712 2831/134/1712
f 2837/134/1712 2843/134/446 2850/138/446
f 2850/138/446 2838/138/1712 2837/134/1712
f 2857/123/1714 2856/137/1714 2855/136/1713
f 2855/136/1713 2858/131/1713 2857/123/1714
f 2857/123/1714 2858/131/1713 2859/131/1713
f 2859/131/1713 2860/123/1714 2857/123/1714
f 2861/138/1715 2856/138/1714 2857/134/1714
f 2857/134/1714 2862/134/1715 2861/138/1715
f 2862/134/1715 2857/134/1714 2860/134/1714
f 2860/134/1714 2863/134/1715 2862/134/1715
f 2865/138/1714 2864/138/1715 2863/134/1715
f 2863/134/1715 2860/134/1714 2865/138/1714
f 2866/130/1716 2868/129/1672 2867/122/1544
f 2867/122/1544 2869/122/1717 2866/130/1716
f 2869/122/1717 2867/122/1544 2870/126/1545
f 2870/126/1545 2873/126/1720 2869/122/1717
f 2866/130/1716 2869/122/1717 2871/139/1718
f 2871/139/1718 2872/140/1719 2866/130/1716
f 2873/126/1720 2870/126/1545 2874/129/1572
f 2874/129/1572 2875/130/1721 2873/126/1720
f 2873/126/1720 2875/130/1721 2876/141/1722
f 2876/141/1722 2877/142/1723 2873/126/1720
f 2878/127/1724 2880/127/1726 2879/130/1725
f 2879/130/1725 2881/130/1727 2878/127/1724
f 2878/127/1724 2881/130/1727 2882/141/1728
f 2882/141/1728 2883/143/1729 2878/127/1724
f 2884/130/1730 2851/130/1557 2854/130/1567
f 2854/130/1567 2885/130/1731 2884/130/1730
f 2884/130/1730 2885/130/1731 2886/144/1732
f 2886/144/1732 2887/145/1733 2884/130/1730
f 2888/130/1734 2853/129/1564 2889/122/1685
f 2889/122/1685 2890/122/1735 2888/130/1734
f 2890/122/1735 2889/122/1685 2891/122/1558
f 2891/122/1558 2892/122/1736 2890/122/1735
f 2892/122/1736 2891/122/1558 2851/130/1557
f 2851/130/1557 2884/130/1730 2892/122/1736
f 2892/122/1736 2884/130/1730 2887/145/1733
f 2887/145/1733 2893/146/1737 2892/122/1736
f 2881/130/1727 2895/122/1739 2896/139/1740
f 2896/139/1740 2882/141/1728 2881/130/1727
f 2895/122/1739 2894/122/1738 2897/122/1741
f 2897/122/1741 2898/122/1742 2895/122/1739
f 2899/139/1743 2897/122/1741 2894/122/1738
f 2894/122/1738 2900/139/1744 2899/139/1743
f 2898/122/1742 2897/122/1741 2901/130/1745
f 2901/130/1745 2902/130/1746 2898/122/1742
f 2902/130/1746 2901/130/1745 2903/130/1747
f 2903/130/1747 2904/130/1748 2902/130/1746
f 2898/122/1742 2902/130/1746 2905/140/1749
f 2905/140/1749 2906/139/1750 2898/122/1742
f 2891/125/455 2889/125/455 2853/122/455
f 2853/122/455 2851/122/455 2891/125/455
f 2854/122/455 2852/122/455 2907/125/455
f 2907/125/455 2908/125/455 2854/122/455
f 2908/125/455 2907/125/455 2909/125/455
f 2909/125/455 2910/125/455 2908/125/455
f 2910/125/455 2909/125/455 2911/122/455
f 2911/122/455 2912/122/455 2910/125/455
f 2868/122/455 2874/122/455 2870/125/455
f 2870/125/455 2867/125/455 2868/122/455
f 2917/147/1755 2915/129/1753 2916/126/1754
f 2916/126/1754 2918/148/1756 2917/147/1755
f 2916/126/1754 2913/126/1751 2919/122/1757
f 2919/122/1757 2922/122/1760 2916/126/1754
f 2919/122/1757 2913/126/1751 2920/148/1758
f 2920/148/1758 2921/146/1759 2919/122/1757
f 2922/122/1760 2919/122/1757 2923/129/1761
f 2923/129/1761 2924/129/1762 2922/122/1760
f 2925/146/1763 2922/122/1760 2924/129/1762
f 2924/129/1762 2926/149/1764 2925/146/1763
f 2885/130/1731 2854/130/1567 2908/122/1568
f 2908/122/1568 2927/122/1765 2885/130/1731
f 2885/130/1731 2927/122/1765 2928/150/1766
f 2928/150/1766 2886/144/1732 2885/130/1731
f 2929/122/1767 2927/122/1765 2908/122/1568
f 2908/122/1568 2910/122/1569 2929/122/1767
f 2929/122/1767 2910/122/1569 2912/129/1692
f 2912/129/1692 2930/130/1768 2929/122/1767
f 2929/122/1767 2930/130/1768 2931/151/1769
f 2931/151/1769 2932/152/1770 2929/122/1767
f 2932/152/1770 2931/151/1769 2933/151/1771
f 2933/151/1771 2934/152/1772 2932/152/1770
f 2928/150/1766 2932/152/1770 2934/152/1772
f 2934/152/1772 2935/150/1773 2928/150/1766
f 2868/129/1672 2866/130/1716 2930/130/1768
f 2930/130/1768 2912/129/1692 2868/129/1672
f 2875/130/1721 2874/129/1572 2911/127/1565
f 2911/127/1565 2936/128/1774 2875/130/1721
f 2936/128/1774 2911/127/1565 2909/126/1700
f 2909/126/1700 2937/126/1775 2936/128/1774
f 2936/128/1774 2937/126/1775 2938/153/1776
f 2938/153/1776 2939/143/1777 2936/128/1774
f 2939/143/1777 2938/153/1776 2940/153/1778
f 2940/153/1778 2883/143/1729 2939/143/1777
f 2937/126/1775 2909/126/1700 2907/126/1561
f 2907/126/1561 2941/126/1779 2937/126/1775
f 2941/126/1779 2907/126/1561 2852/127/1563
f 2852/127/1563 2942/128/1780 2941/126/1779
f 2942/128/1780 2852/127/1563 2853/129/1564
f 2853/129/1564 2888/130/1734 2942/128/1780
f 2942/128/1780 2888/130/1734 2943/145/1781
f 2943/145/1781 2944/154/1782 2942/128/1780
f 2938/153/1776 2945/155/1783 2946/155/1784
f 2946/155/1784 2940/153/1778 2938/153/1776
f 2947/154/1785 2946/155/1784 2945/155/1783
f 2945/155/1783 2944/154/1782 2947/154/1785
f 2946/155/1784 2947/154/1785 2948/127/1786
f 2948/127/1786 2949/126/1787 2946/155/1784
f 2951/127/1789 2948/127/1786 2914/129/1752
f 2914/129/1752 2915/129/1753 2951/127/1789
f 2952/154/1790 2951/127/1789 2915/129/1753
f 2915/129/1753 2917/147/1755 2952/154/1790
f 2953/154/1791 2952/154/1790 2917/147/1755
f 2917/147/1755 2954/145/1792 2953/154/1791
f 2904/130/1748 2960/122/1798 2934/152/1772
f 2934/152/1772 2933/151/1771 2904/130/1748
f 2935/150/1773 2934/152/1772 2960/122/1798
f 2960/122/1798 2962/122/1800 2935/150/1773
f 2964/129/1802 2963/129/1801 2924/129/1762
f 2924/129/1762 2923/129/1761 2964/129/1802
f 2964/129/1802 2923/129/1761 2965/149/1803
f 2965/149/1803 2966/144/1804 2964/129/1802
f 2966/144/1804 2965/149/1803 2887/145/1733
f 2887/145/1733 2886/144/1732 2966/144/1804
f 2966/144/1804 2935/150/1773 2962/122/1800
f 2962/122/1800 2964/129/1802 2966/144/1804
f 2935/150/1773 2966/144/1804 2886/144/1732
f 2886/144/1732 2928/150/1766 2935/150/1773
f 2876/141/1722 2939/143/1777 2883/143/1729
f 2883/143/1729 2882/141/1728 2876/141/1722
f 2875/130/1721 2936/128/1774 2939/143/1777
f 2939/143/1777 2876/141/1722 2875/130/1721
f 2893/146/1737 2967/146/1805 2890/122/1735
f 2890/122/1735 2892/122/1736 2893/146/1737
f 2921/146/1759 2920/148/1758 2967/146/1805
f 2967/146/1805 2893/146/1737 2921/146/1759
f 2941/126/1779 2942/128/1780 2944/154/1782
f 2944/154/1782 2945/155/1783 2941/126/1779
f 2914/129/1752 2948/127/1786 2947/154/1785
f 2947/154/1785 2968/147/1806 2914/129/1752
f 2968/147/1806 2947/154/1785 2944/154/1782
f 2944/154/1782 2943/145/1781 2968/147/1806
f 2940/153/1778 2946/155/1784 2949/126/1787
f 2949/126/1787 2956/126/1794 2940/153/1778
f 2872/140/1719 2871/139/1718 2906/139/1750
f 2906/139/1750 2905/140/1749 2872/140/1719
f 2933/151/1771 2905/140/1749 2902/130/1746
f 2902/130/1746 2904/130/1748 2933/151/1771
f 2905/140/1749 2933/151/1771 2931/151/1769
f 2931/151/1769 2872/140/1719 2905/140/1749
f 2872/140/1719 2931/151/1769 2930/130/1768
f 2930/130/1768 2866/130/1716 2872/140/1719
f 2883/143/1729 2940/153/1778 2956/126/1794
f 2956/126/1794 2878/127/1724 2883/143/1729
f 2877/142/1723 2876/141/1722 2882/141/1728
f 2882/141/1728 2896/139/1740 2877/142/1723
f 2921/146/1759 2965/149/1803 2923/129/1761
f 2923/129/1761 2919/122/1757 2921/146/1759
f 2893/146/1737 2887/145/1733 2965/149/1803
f 2965/149/1803 2921/146/1759 2893/146/1737
f 2968/147/1806 2920/148/1758 2913/126/1751
f 2913/126/1751 2914/129/1752 2968/147/1806
f 2943/145/1781 2967/146/1805 2920/148/1758
f 2920/148/1758 2968/147/1806 2943/145/1781
f 2888/130/1734 2890/122/1735 2967/146/1805
f 2967/146/1805 2943/145/1781 2888/130/1734
f 2877/142/1723 2871/139/1718 2869/122/1717
f 2869/122/1717 2873/126/1720 2877/142/1723
f 2896/139/1740 2906/139/1750 2871/139/1718
f 2871/139/1718 2877/142/1723 2896/139/1740
f 2895/122/1739 2898/122/1742 2906/139/1750
f 2906/139/1750 2896/139/1740 2895/122/1739
f 2971/122/1558 2970/129/1577 2969/130/1807
f 2969/130/1807 2972/122/1808 2971/122/1558
f 2973/126/1559 2971/122/1558 2972/122/1808
f 2972/122/1808 2976/126/1811 2973/126/1559
f 2974/139/1809 2972/122/1808 2969/130/1807
f 2969/130/1807 2975/140/1810 2974/139/1809
f 2977/129/1560 2973/126/1559 2976/126/1811
f 2976/126/1811 2978/130/1812 2977/129/1560
f 2979/141/1813 2978/130/1812 2976/126/1811
f 2976/126/1811 2980/142/1814 2979/141/1813
f 2983/130/1553 2982/130/1571 2981/130/1815
f 2981/130/1815 2984/130/1816 2983/130/1553
f 2985/144/1817 2984/130/1816 2981/130/1815
f 2981/130/1815 2986/145/1818 2985/144/1817
f 2989/122/1596 2988/129/1542 2987/130/1819
f 2987/130/1819 2990/122/1820 2989/122/1596
f 2991/122/1544 2989/122/1596 2990/122/1820
f 2990/122/1820 2992/122/1821 2991/122/1544
f 2982/130/1571 2991/122/1544 2992/122/1821
f 2992/122/1821 2981/130/1815 2982/130/1571
f 2986/145/1818 2981/130/1815 2992/122/1821
f 2992/122/1821 2993/146/1822 2986/145/1818
f 2971/125/455 2973/125/455 2977/122/455
f 2977/122/455 2970/122/455 2971/125/455
f 2995/122/455 2994/122/455 2996/125/455
f 2996/125/455 2997/125/455 2995/122/455
f 2997/125/455 2996/125/455 2998/125/455
f 2998/125/455 2999/125/455 2997/125/455
f 2999/125/455 2998/125/455 3000/122/455
f 3000/122/455 2983/122/455 2999/125/455
f 2982/122/455 2988/122/455 2989/125/455
f 2989/125/455 2991/125/455 2982/122/455
f 2999/122/1554 2983/130/1553 2984/130/1816
f 2984/130/1816 3001/122/1823 2999/122/1554
f 3002/150/1824 3001/122/1823 2984/130/1816
f 2984/130/1816 2985/144/1817 3002/150/1824
f 2999/122/1554 3001/122/1823 3003/122/1825
f 3003/122/1825 2997/122/1555 2999/122/1554
f 2995/129/1630 2997/122/1555 3003/122/1825
f 3003/122/1825 3004/130/1826 2995/129/1630
f 3005/151/1827 3004/130/1826 3003/122/1825
f 3003/122/1825 3006/152/1828 3005/151/1827
f 3007/151/1829 3005/151/1827 3006/152/1828
f 3006/152/1828 3008/152/1830 3007/151/1829
f 3008/152/1830 3006/152/1828 3002/150/1824
f 3002/150/1824 3009/150/1831 3008/152/1830
f 2970/129/1577 2995/129/1630 3004/130/1826
f 3004/130/1826 2969/130/1807 2970/129/1577
f 2994/127/1543 2977/129/1560 2978/130/1812
f 2978/130/1812 3010/128/1832 2994/127/1543
f 2996/126/1638 2994/127/1543 3010/128/1832
f 3010/128/1832 3011/126/1833 2996/126/1638
f 3012/153/1834 3011/126/1833 3010/128/1832
f 3010/128/1832 3013/143/1835 3012/153/1834
f 2957/153/1795 3012/153/1834 3013/143/1835
f 3013/143/1835 3014/143/1836 2957/153/1795
f 2998/126/1539 2996/126/1638 3011/126/1833
f 3011/126/1833 3015/126/1837 2998/126/1539
f 3000/127/1541 2998/126/1539 3015/126/1837
f 3015/126/1837 3016/128/1838 3000/127/1541
f 2988/129/1542 3000/127/1541 3016/128/1838
f 3016/128/1838 2987/130/1819 2988/129/1542
f 2954/145/1792 2987/130/1819 3016/128/1838
f 3016/128/1838 2953/154/1791 2954/145/1792
f 2958/155/1796 3017/155/1839 3012/153/1834
f 3012/153/1834 2957/153/1795 2958/155/1796
f 3017/155/1839 2958/155/1796 2952/154/1790
f 2952/154/1790 2953/154/1791 3017/155/1839
f 2951/127/1789 2952/154/1790 2958/155/1796
f 2958/155/1796 2950/126/1788 2951/127/1789
f 3018/141/1840 2879/130/1725 2880/127/1726
f 2880/127/1726 3014/143/1836 3018/141/1840
f 2979/141/1813 3018/141/1840 3014/143/1836
f 3014/143/1836 3013/143/1835 2979/141/1813
f 2978/130/1812 2979/141/1813 3013/143/1835
f 3013/143/1835 3010/128/1832 2978/130/1812
f 2993/146/1822 2992/122/1821 2990/122/1820
f 2990/122/1820 3019/146/1841 2993/146/1822
f 2925/146/1763 2993/146/1822 3019/146/1841
f 3019/146/1841 2918/148/1756 2925/146/1763
f 2922/122/1760 2925/146/1763 2918/148/1756
f 2918/148/1756 2916/126/1754 2922/122/1760
f 2926/149/1764 2924/129/1762 2963/129/1801
f 2963/129/1801 3020/144/1842 2926/149/1764
f 2986/145/1818 2926/149/1764 3020/144/1842
f 3020/144/1842 2985/144/1817 2986/145/1818
f 3020/144/1842 2963/129/1801 2961/122/1799
f 2961/122/1799 3009/150/1831 3020/144/1842
f 2985/144/1817 3020/144/1842 3009/150/1831
f 3009/150/1831 3002/150/1824 2985/144/1817
f 3008/152/1830 2959/122/1797 2903/130/1747
f 2903/130/1747 3007/151/1829 3008/152/1830
f 3015/126/1837 3017/155/1839 2953/154/1791
f 2953/154/1791 3016/128/1838 3015/126/1837
f 3021/140/1843 2901/130/1745 2897/122/1741
f 2897/122/1741 2899/139/1743 3021/140/1843
f 2975/140/1810 3021/140/1843 2899/139/1743
f 2899/139/1743 2974/139/1809 2975/140/1810
f 3007/151/1829 2903/130/1747 2901/130/1745
f 2901/130/1745 3021/140/1843 3007/151/1829
f 3005/151/1827 3007/151/1829 3021/140/1843
f 3021/140/1843 2975/140/1810 3005/151/1827
f 3004/130/1826 3005/151/1827 2975/140/1810
f 2975/140/1810 2969/130/1807 3004/130/1826
f 3014/143/1836 2880/127/1726 2955/126/1793
f 2955/126/1793 2957/153/1795 3014/143/1836
f 2900/139/1744 2894/122/1738 2879/130/1725
f 2879/130/1725 3018/141/1840 2900/139/1744
f 2980/142/1814 2900/139/1744 3018/141/1840
f 3018/141/1840 2979/141/1813 2980/142/1814
f 2993/146/1822 2925/146/1763 2926/149/1764
f 2926/149/1764 2986/145/1818 2993/146/1822
f 2954/145/1792 2917/147/1755 2918/148/1756
f 2918/148/1756 3019/146/1841 2954/145/1792
f 2987/130/1819 2954/145/1792 3019/146/1841
f 3019/146/1841 2990/122/1820 2987/130/1819
f 2980/142/1814 2976/126/1811 2972/122/1808
f 2972/122/1808 2974/139/1809 2980/142/1814
f 2900/139/1744 2980/142/1814 2974/139/1809
f 2974/139/1809 2899/139/1743 2900/139/1744
f 2863/123/1715 2864/137/1715 3022/137/1844
f 3022/137/1844 3023/123/1844 2863/123/1715
f 2858/134/1713 3025/134/470 3024/134/470
f 3024/134/470 2859/134/1713 2858/134/1713
f 2859/134/1713 3024/134/470 3026/138/470
f 3026/138/470 3027/138/1713 2859/134/1713
f 3031/156/470 3028/156/470 3026/138/470
f 3026/138/470 3024/134/470 3031/156/470
f 3029/123/1844 3030/137/1844 2861/137/1715
f 2861/137/1715 2862/123/1715 3029/123/1844
f 3029/123/1844 2862/123/1715 2863/123/1715
f 2863/123/1715 3023/123/1844 3029/123/1844
f 3031/156/470 3024/134/470 3025/134/470
f 3025/134/470 3032/156/470 3031/156/470
f 3034/156/470 3033/156/470 3032/156/470
f 3032/156/470 3025/134/470 3034/156/470
f 2855/138/1713 3034/156/470 3025/134/470
f 3025/134/470 2858/134/1713 2855/138/1713
f 2865/137/1714 2860/123/1714 2859/131/1713
f 2859/131/1713 3027/136/1713 2865/137/1714
f 3035/134/446 3037/156/446 3036/156/446
f 3036/156/446 3042/138/446 3035/134/446
f 3037/156/446 3035/134/446 3038/134/446
f 3038/134/446 3039/156/446 3037/156/446
f 3041/138/446 3040/156/446 3039/156/446
f 3039/156/446 3038/134/446 3041/138/446
f 3022/138/1844 3041/138/446 3038/134/446
f 3038/134/446 3023/134/1844 3022/138/1844
f 3023/134/1844 3038/134/446 3035/134/446
f 3035/134/446 3029/134/1844 3023/134/1844
f 3029/134/1844 3035/134/446 3042/138/446
f 3042/138/446 3030/138/1844 3029/134/1844
f 3045/158/1847 3044/157/1846 3043/157/1845
f 3043/157/1845 3046/158/1848 3045/158/1847
f 3046/158/1848 3043/157/1845 3047/157/1849
f 3047/157/1849 3050/158/1852 3046/158/1848
f 3050/158/1852 3047/157/1849 3051/157/1853
f 3051/157/1853 3052/158/1854 3050/158/1852
f 3046/158/1848 3050/158/1852 3053/158/1855
f 3053/158/1855 3048/158/1850 3046/158/1848
f 3054/159/1856 3048/158/1850 3053/158/1855
f 3053/158/1855 3056/159/1858 3054/159/1856
f 3059/161/1861 3058/160/1860 3057/160/1859
f 3057/160/1859 3060/161/1862 3059/161/1861
f 3060/161/1862 3057/160/1859 3061/160/1863
f 3061/160/1863 3064/161/1866 3060/161/1862
f 3064/161/1866 3061/160/1863 3065/162/1867
f 3065/162/1867 3066/163/1868 3064/161/1866
f 3060/161/1862 3064/161/1866 3067/161/1869
f 3067/161/1869 3062/161/1864 3060/161/1862
f 3068/163/1870 3062/161/1864 3067/161/1869
f 3067/161/1869 3070/163/1872 3068/163/1870
f 3072/165/1873 3071/164/1846 3044/164/1846
f 3044/164/1846 3045/165/1847 3072/165/1873
f 3076/168/1875 3075/167/1860 3058/167/1860
f 3058/167/1860 3059/168/1861 3076/168/1875
f 3081/166/1877 3080/170/1846 3079/169/1846
f 3079/169/1846 3082/171/1877 3081/166/1877
f 3081/166/1877 3082/171/1877 3083/171/1851
f 3083/171/1851 3084/166/1851 3081/166/1877
f 3084/166/1851 3083/171/1851 3085/166/1874
f 3085/166/1874 3086/166/1878 3084/166/1851
f 3082/159/1877 3079/173/1846 3087/172/1846
f 3087/172/1846 3088/174/1877 3082/159/1877
f 3082/159/1877 3088/174/1877 3089/174/1851
f 3089/174/1851 3083/159/1851 3082/159/1877
f 3083/159/1851 3089/174/1851 3090/159/1874
f 3090/159/1874 3085/159/1874 3083/159/1851
f 3088/171/1877 3087/169/1846 3091/169/1846
f 3091/169/1846 3092/171/1877 3088/171/1877
f 3088/171/1877 3092/171/1877 3093/171/1851
f 3093/171/1851 3089/171/1851 3088/171/1877
f 3089/171/1851 3093/171/1851 3094/166/1874
f 3094/166/1874 3090/166/1874 3089/171/1851
f 3092/174/1877 3091/172/1846 3095/172/1846
f 3095/172/1846 3096/174/1877 3092/174/1877
f 3092/174/1877 3096/174/1877 3097/174/1851
f 3097/174/1851 3093/174/1851 3092/174/1877
f 3093/174/1851 3097/174/1851 3098/159/1874
f 3098/159/1874 3094/159/1874 3093/174/1851
f 3096/171/1877 3095/169/1846 3099/169/1846
f 3099/169/1846 3100/171/1873 3096/171/1877
f 3096/171/1877 3100/171/1873 3101/171/1851
f 3101/171/1851 3097/171/1851 3096/171/1877
f 3097/171/1851 3101/171/1851 3102/166/1874
f 3102/166/1874 3098/166/1874 3097/171/1851
f 3100/174/1873 3099/172/1846 3071/172/1846
f 3071/172/1846 3072/174/1873 3100/174/1873
f 3101/174/1851 3073/174/1851 3074/159/1874
f 3074/159/1874 3102/159/1874 3101/174/1851
f 3105/176/1881 3104/175/1880 3103/173/1879
f 3103/173/1879 3106/159/1882 3105/176/1881
f 3106/159/1882 3103/173/1879 3107/173/1883
f 3107/173/1883 3108/159/1884 3106/159/1882
f 3105/176/1881 3106/159/1882 3109/159/1885
f 3109/159/1885 3110/176/1886 3105/176/1881
f 3106/159/1882 3108/159/1884 3111/159/1887
f 3111/159/1887 3109/159/1885 3106/159/1882
f 3110/176/1886 3109/159/1885 3112/159/1888
f 3112/159/1888 3113/176/1889 3110/176/1886
f 3112/159/1888 3109/159/1885 3111/159/1887
f 3111/159/1887 3114/159/1890 3112/159/1888
f 3115/159/1891 3111/159/1887 3108/159/1884
f 3108/159/1884 3116/159/1892 3115/159/1891
f 3118/161/1875 3117/160/1860 3075/160/1860
f 3075/160/1860 3076/161/1875 3118/161/1875
f 3119/161/1865 3077/161/1865 3078/163/1876
f 3078/163/1876 3120/163/1876 3119/161/1865
f 3122/168/1893 3121/167/1860 3117/167/1860
f 3117/167/1860 3118/168/1875 3122/168/1893
f 3122/168/1893 3118/168/1875 3119/168/1865
f 3119/168/1865 3123/168/1865 3122/168/1893
f 3123/168/1865 3119/168/1865 3120/168/1876
f 3120/168/1876 3124/168/1876 3123/168/1865
f 3126/178/1893 3125/177/1860 3121/160/1860
f 3121/160/1860 3122/161/1893 3126/178/1893
f 3126/178/1893 3122/161/1893 3123/161/1865
f 3123/161/1865 3127/178/1865 3126/178/1893
f 3127/178/1865 3123/161/1865 3124/163/1876
f 3124/163/1876 3128/163/1876 3127/178/1865
f 3130/180/1893 3129/179/1860 3125/179/1860
f 3125/179/1860 3126/180/1893 3130/180/1893
f 3130/180/1893 3126/180/1893 3127/180/1865
f 3127/180/1865 3131/180/1865 3130/180/1893
f 3131/180/1865 3127/180/1865 3128/168/1876
f 3128/168/1876 3132/168/1876 3131/180/1865
f 3134/178/1893 3133/177/1860 3129/177/1860
f 3129/177/1860 3130/178/1893 3134/178/1893
f 3134/178/1893 3130/178/1893 3131/178/1865
f 3131/178/1865 3135/178/1865 3134/178/1893
f 3135/178/1865 3131/178/1865 3132/163/1876
f 3132/163/1876 3136/163/1876 3135/178/1865
f 3138/180/1893 3137/179/1860 3133/179/1860
f 3133/179/1860 3134/180/1893 3138/180/1893
f 3138/180/1893 3134/180/1893 3135/180/1865
f 3135/180/1865 3139/180/1865 3138/180/1893
f 3139/180/1865 3135/180/1865 3136/168/1876
f 3136/168/1876 3140/168/1894 3139/180/1865
f 3141/181/1895 3143/181/1897 3142/181/1896
f 3142/181/1896 3144/181/1898 3141/181/1895
f 3146/181/1900 3141/181/1895 3144/181/1898
f 3144/181/1898 3151/181/1905 3146/181/1900
f 3147/182/1901 3141/181/1895 3146/181/1900
f 3146/181/1900 3148/182/1902 3147/182/1901
f 3148/182/1902 3146/181/1900 3149/183/1903
f 3149/183/1903 3150/184/1904 3148/182/1902
f 3149/183/1903 3146/181/1900 3151/181/1905
f 3151/181/1905 3152/183/1906 3149/183/1903
f 3153/163/1907 3151/181/1905 3144/181/1898
f 3144/181/1898 3145/163/1899 3153/163/1907
f 3152/183/1906 3151/181/1905 3153/163/1907
f 3153/163/1907 3154/163/1908 3152/183/1906
f 3056/159/1858 3156/158/1910 3155/158/1909
f 3155/158/1909 3157/159/1911 3056/159/1858
f 3154/176/1908 3157/159/1911 3155/158/1909
f 3155/158/1909 3152/185/1906 3154/176/1908
f 3156/158/1910 3053/158/1855 3050/158/1852
f 3050/158/1852 3052/158/1854 3156/158/1910
f 3156/158/1910 3052/158/1854 3158/158/1912
f 3158/158/1912 3155/158/1909 3156/158/1910
f 3152/185/1906 3155/158/1909 3158/158/1912
f 3158/158/1912 3149/185/1903 3152/185/1906
f 3150/186/1904 3149/185/1903 3158/158/1912
f 3158/158/1912 3159/157/1913 3150/186/1904
f 3159/157/1913 3158/158/1912 3052/158/1854
f 3052/158/1854 3051/157/1853 3159/157/1913
f 3143/178/1897 3161/178/1915 3160/177/1914
f 3160/177/1914 3162/178/1916 3143/178/1897
f 3162/178/1916 3160/177/1914 3137/177/1860
f 3137/177/1860 3138/178/1893 3162/178/1916
f 3142/178/1896 3143/178/1897 3162/178/1916
f 3162/178/1916 3163/178/1917 3142/178/1896
f 3162/178/1916 3138/178/1893 3139/178/1865
f 3139/178/1865 3163/178/1917 3162/178/1916
f 3145/163/1899 3142/178/1896 3163/178/1917
f 3163/178/1917 3164/163/1918 3145/163/1899
f 3163/178/1917 3139/178/1865 3140/163/1894
f 3140/163/1894 3164/163/1918 3163/178/1917
f 3141/181/1895 3147/182/1901 3161/181/1915
f 3161/181/1915 3143/181/1897 3141/181/1895
f 3157/159/1911 3154/176/1908 3165/176/1919
f 3165/176/1919 3166/159/1920 3157/159/1911
f 3056/159/1858 3157/159/1911 3166/159/1920
f 3166/159/1920 3054/159/1856 3056/159/1858
f 3055/159/1857 3054/159/1856 3166/159/1920
f 3166/159/1920 3167/159/1921 3055/159/1857
f 3167/159/1921 3166/159/1920 3165/176/1919
f 3165/176/1919 3168/176/470 3167/159/1921
f 3169/176/470 3168/176/470 3170/176/1922
f 3170/176/1922 3171/176/1923 3169/176/470
f 3171/176/1923 3170/176/1922 3140/168/1894
f 3140/168/1894 3136/168/1876 3171/176/1923
f 3169/176/470 3173/176/470 3172/159/1921
f 3172/159/1921 3174/159/1921 3169/176/470
f 3174/159/1921 3172/159/1921 3102/159/1874
f 3102/159/1874 3074/159/1874 3174/159/1921
f 3175/176/470 3173/176/470 3176/176/1923
f 3176/176/1923 3177/176/1923 3175/176/470
f 3177/176/1923 3176/176/1923 3132/168/1876
f 3132/168/1876 3128/168/1876 3177/176/1923
f 3175/176/470 3179/176/470 3178/159/1921
f 3178/159/1921 3180/159/1921 3175/176/470
f 3180/159/1921 3178/159/1921 3094/159/1874
f 3094/159/1874 3098/159/1874 3180/159/1921
f 3181/176/470 3179/176/470 3182/176/1923
f 3182/176/1923 3183/176/1923 3181/176/470
f 3183/176/1923 3182/176/1923 3124/168/1876
f 3124/168/1876 3120/168/1876 3183/176/1923
f 3181/176/470 3185/176/470 3184/159/1921
f 3184/159/1921 3186/159/1921 3181/176/470
f 3186/159/1921 3184/159/1921 3085/159/1874
f 3085/159/1874 3090/159/1874 3186/159/1921
f 3187/176/470 3185/176/470 3188/176/1923
f 3188/176/1923 3189/176/1923 3187/176/470
f 3189/176/1923 3188/176/1923 3078/168/1876
f 3078/168/1876 3069/168/1871 3189/176/1923
f 3187/176/470 3191/176/1925 3190/159/1924
f 3190/159/1924 3192/159/1926 3187/176/470
f 3190/159/1924 3191/176/1925 3113/176/1889
f 3113/176/1889 3112/159/1888 3190/159/1924
f 3190/159/1924 3112/159/1888 3114/159/1890
f 3114/159/1890 3193/159/1927 3190/159/1924
f 3192/159/1926 3190/159/1924 3193/159/1927
f 3193/159/1927 3086/159/1878 3192/159/1926
f 3108/159/1884 3107/173/1883 3194/173/1928
f 3194/173/1928 3116/159/1892 3108/159/1884
f 3116/159/1892 3194/173/1928 3195/173/1929
f 3195/173/1929 3196/159/1930 3116/159/1892
f 3196/159/1930 3195/173/1929 3080/173/1846
f 3080/173/1846 3081/159/1877 3196/159/1930
f 3115/159/1891 3116/159/1892 3196/159/1930
f 3196/159/1930 3197/159/1931 3115/159/1891
f 3196/159/1930 3081/159/1877 3084/159/1851
f 3084/159/1851 3197/159/1931 3196/159/1930
f 3114/159/1890 3115/159/1891 3197/159/1931
f 3197/159/1931 3193/159/1927 3114/159/1890
f 3197/159/1931 3084/159/1851 3086/159/1878
f 3086/159/1878 3193/159/1927 3197/159/1931
f 3198/163/1932 3113/163/1889 3191/163/1925
f 3191/163/1925 3199/163/1933 3198/163/1932
f 3070/163/1872 3198/163/1932 3199/163/1933
f 3199/163/1933 3068/163/1870 3070/163/1872
f 3069/163/1871 3068/163/1870 3199/163/1933
f 3199/163/1933 3189/163/1923 3069/163/1871
f 3189/163/1923 3199/163/1933 3191/163/1925
f 3191/163/1925 3187/163/470 3189/163/1923
f 3185/163/470 3187/163/470 3192/166/1926
f 3192/166/1926 3184/166/1921 3185/163/470
f 3184/166/1921 3192/166/1926 3086/166/1878
f 3086/166/1878 3085/166/1874 3184/166/1921
f 3185/163/470 3181/163/470 3183/163/1923
f 3183/163/1923 3188/163/1923 3185/163/470
f 3188/163/1923 3183/163/1923 3120/163/1876
f 3120/163/1876 3078/163/1876 3188/163/1923
f 3179/163/470 3181/163/470 3186/166/1921
f 3186/166/1921 3178/166/1921 3179/163/470
f 3178/166/1921 3186/166/1921 3090/166/1874
f 3090/166/1874 3094/166/1874 3178/166/1921
f 3179/163/470 3175/163/470 3177/163/1923
f 3177/163/1923 3182/163/1923 3179/163/470
f 3182/163/1923 3177/163/1923 3128/163/1876
f 3128/163/1876 3124/163/1876 3182/163/1923
f 3173/163/470 3175/163/470 3180/166/1921
f 3180/166/1921 3172/166/1921 3173/163/470
f 3172/166/1921 3180/166/1921 3098/166/1874
f 3098/166/1874 3102/166/1874 3172/166/1921
f 3173/163/470 3169/163/470 3171/163/1923
f 3171/163/1923 3176/163/1923 3173/163/470
f 3176/163/1923 3171/163/1923 3136/163/1876
f 3136/163/1876 3132/163/1876 3176/163/1923
f 3168/163/470 3169/163/470 3174/166/1921
f 3174/166/1921 3167/166/1921 3168/163/470
f 3167/166/1921 3174/166/1921 3074/166/1874
f 3074/166/1874 3055/166/1857 3167/166/1921
f 3168/163/470 3165/163/1919 3200/163/1934
f 3200/163/1934 3170/163/1922 3168/163/470
f 3200/163/1934 3165/163/1919 3154/163/1908
f 3154/163/1908 3153/163/1907 3200/163/1934
f 3200/163/1934 3153/163/1907 3145/163/1899
f 3145/163/1899 3164/163/1918 3200/163/1934
f 3170/163/1922 3200/163/1934 3164/163/1918
f 3164/163/1918 3140/163/1894 3170/163/1922
f 3066/163/1868 3065/162/1867 3201/162/1935
f 3201/162/1935 3202/163/1936 3066/163/1868
f 3202/163/1936 3201/162/1935 3104/162/1880
f 3104/162/1880 3105/163/1881 3202/163/1936
f 3202/163/1936 3105/163/1881 3110/163/1886
f 3110/163/1886 3204/163/1938 3202/163/1936
f 3203/163/1937 3066/163/1868 3202/163/1936
f 3202/163/1936 3204/163/1938 3203/163/1937
f 3064/161/1866 3066/163/1868 3203/163/1937
f 3203/163/1937 3067/161/1869 3064/161/1866
f 3070/163/1872 3203/163/1937 3204/163/1938
f 3204/163/1938 3198/163/1932 3070/163/1872
f 3204/163/1938 3110/163/1886 3113/163/1889
f 3113/163/1889 3198/163/1932 3204/163/1938
f 3205/187/1939 3207/189/1941 3206/188/1940
f 3206/188/1940 3208/190/1942 3205/187/1939
f 3209/189/1943 3207/189/1941 3205/187/1939
f 3205/187/1939 3218/187/1952 3209/189/1943
f 3210/191/1944 3205/187/1939 3208/190/1942
f 3208/190/1942 3211/192/1945 3210/191/1944
f 3210/191/1944 3211/192/1945 3212/193/1946
f 3212/193/1946 3213/194/1947 3210/191/1944
f 3214/191/1948 3210/191/1944 3213/194/1947
f 3213/194/1947 3215/194/1949 3214/191/1948
f 3205/187/1939 3210/191/1944 3214/191/1948
f 3214/191/1948 3218/187/1952 3205/187/1939
f 3214/191/1948 3215/194/1949 3216/193/1950
f 3216/193/1950 3217/192/1951 3214/191/1948
f 3218/187/1952 3214/191/1948 3217/192/1951
f 3217/192/1951 3220/190/1954 3218/187/1952
f 3219/188/1953 3209/189/1943 3218/187/1952
f 3218/187/1952 3220/190/1954 3219/188/1953
f 3206/188/1940 3222/189/1956 3221/187/1955
f 3221/187/1955 3208/190/1942 3206/188/1940
f 3211/192/1945 3208/190/1942 3221/187/1955
f 3221/187/1955 3227/191/1961 3211/192/1945
f 3223/187/1957 3221/187/1955 3222/189/1956
f 3222/189/1956 3224/189/1958 3223/187/1957
f 3223/187/1957 3224/189/1958 3225/188/1959
f 3225/188/1959 3226/190/1960 3223/187/1957
f 3227/191/1961 3221/187/1955 3223/187/1957
f 3223/187/1957 3230/191/1964 3227/191/1961
f 3212/193/1946 3211/192/1945 3227/191/1961
f 3227/191/1961 3228/194/1962 3212/193/1946
f 3229/194/1963 3228/194/1962 3227/191/1961
f 3227/191/1961 3230/191/1964 3229/194/1963
f 3230/191/1964 3223/187/1957 3226/190/1960
f 3226/190/1960 3231/192/1965 3230/191/1964
f 3232/193/1966 3229/194/1963 3230/191/1964
f 3230/191/1964 3231/192/1965 3232/193/1966
f 3225/188/1959 3234/189/1968 3233/187/1967
f 3233/187/1967 3226/190/1960 3225/188/1959
f 3231/192/1965 3226/190/1960 3233/187/1967
f 3233/187/1967 3239/191/1973 3231/192/1965
f 3235/187/1969 3233/187/1967 3234/189/1968
f 3234/189/1968 3236/189/1970 3235/187/1969
f 3235/187/1969 3236/189/1970 3237/188/1971
f 3237/188/1971 3238/187/1972 3235/187/1969
f 3239/191/1973 3233/187/1967 3235/187/1969
f 3235/187/1969 3242/191/1976 3239/191/1973
f 3232/193/1966 3231/192/1965 3239/191/1973
f 3239/191/1973 3240/194/1974 3232/193/1966
f 3241/194/1975 3240/194/1974 3239/191/1973
f 3239/191/1973 3242/191/1976 3241/194/1975
f 3242/191/1976 3235/187/1969 3238/187/1972
f 3238/187/1972 3243/191/1977 3242/191/1976
f 3244/193/1978 3241/194/1975 3242/191/1976
f 3242/191/1976 3243/191/1977 3244/193/1978
f 3245/187/1979 3246/189/1980 3219/188/1953
f 3219/188/1953 3220/190/1954 3245/187/1979
f 3247/189/1981 3246/189/1980 3245/187/1979
f 3245/187/1979 3252/187/1986 3247/189/1981
f 3248/191/1982 3245/187/1979 3220/190/1954
f 3220/190/1954 3217/192/1951 3248/191/1982
f 3248/191/1982 3217/192/1951 3216/193/1950
f 3216/193/1950 3249/194/1983 3248/191/1982
f 3250/191/1984 3248/191/1982 3249/194/1983
f 3249/194/1983 3251/194/1985 3250/191/1984
f 3245/187/1979 3248/191/1982 3250/191/1984
f 3250/191/1984 3252/187/1986 3245/187/1979
f 3250/191/1984 3251/194/1985 3244/193/1978
f 3244/193/1978 3243/191/1977 3250/191/1984
f 3252/187/1986 3250/191/1984 3243/191/1977
f 3243/191/1977 3238/187/1972 3252/187/1986
f 3237/188/1971 3247/189/1981 3252/187/1986
f 3252/187/1986 3238/187/1972 3237/188/1971
f 3237/188/1971 3236/189/1970 3253/195/1987
f 3253/195/1987 3247/189/1981 3237/188/1971
f 3246/189/1980 3247/189/1981 3253/195/1987
f 3253/195/1987 3256/195/1990 3246/189/1980
f 3254/195/1988 3253/195/1987 3236/189/1970
f 3236/189/1970 3234/189/1968 3254/195/1988
f 3254/195/1988 3234/189/1968 3225/188/1959
f 3225/188/1959 3224/189/1958 3254/195/1988
f 3255/195/1989 3254/195/1988 3224/189/1958
f 3224/189/1958 3222/189/1956 3255/195/1989
f 3253/195/1987 3254/195/1988 3255/195/1989
f 3255/195/1989 3256/195/1990 3253/195/1987
f 3255/195/1989 3222/189/1956 3206/188/1940
f 3206/188/1940 3207/189/1941 3255/195/1989
f 3256/195/1990 3255/195/1989 3207/189/1941
f 3207/189/1941 3209/189/1943 3256/195/1990
f 3219/188/1953 3246/189/1980 3256/195/1990
f 3256/195/1990 3209/189/1943 3219/188/1953
f 3212/193/1946 3228/194/1962 3257/196/1991
f 3257/196/1991 3213/194/1947 3212/193/1946
f 3215/194/1949 3213/194/1947 3257/196/1991
f 3257/196/1991 3259/196/1993 3215/194/1949
f 3258/196/1992 3257/196/1991 3228/194/1962
f 3228/194/1962 3229/194/1963 3258/196/1992
f 3258/196/1992 3229/194/1963 3232/193/1966
f 3232/193/1966 3240/194/1974 3258/196/1992
f 3259/196/1993 3257/196/1991 3258/196/1992
f 3258/196/1992 3260/196/1994 3259/196/1993
f 3216/193/1950 3215/194/1949 3259/196/1993
f 3259/196/1993 3249/194/1983 3216/193/1950
f 3251/194/1985 3249/194/1983 3259/196/1993
f 3259/196/1993 3260/196/1994 3251/194/1985
f 3260/196/1994 3258/196/1992 3240/194/1974
f 3240/194/1974 3241/194/1975 3260/196/1994
f 3244/193/1978 3251/194/1985 3260/196/1994
f 3260/196/1994 3241/194/1975 3244/193/1978
f 3261/187/1995 3263/189/1997 3262/188/1996
f 3262/188/1996 3264/190/1998 3261/187/1995
f 3265/189/1999 3263/189/1997 3261/187/1995
f 3261/187/1995 3274/187/2008 3265/189/1999
f 3266/191/2000 3261/187/1995 3264/190/1998
f 3264/190/1998 3267/192/2001 3266/191/2000
f 3266/191/2000 3267/192/2001 3268/193/2002
f 3268/193/2002 3269/194/2003 3266/191/2000
f 3270/191/2004 3266/191/2000 3269/194/2003
f 3269/194/2003 3271/194/2005 3270/191/2004
f 3261/187/1995 3266/191/2000 3270/191/2004
f 3270/191/2004 3274/187/2008 3261/187/1995
f 3270/191/2004 3271/194/2005 3272/193/2006
f 3272/193/2006 3273/192/2007 3270/191/2004
f 3274/187/2008 3270/191/2004 3273/192/2007
f 3273/192/2007 3276/190/2010 3274/187/2008
f 3275/188/2009 3265/189/1999 3274/187/2008
f 3274/187/2008 3276/190/2010 3275/188/2009
f 3262/188/1996 3278/189/2012 3277/187/2011
f 3277/187/2011 3264/190/1998 3262/188/1996
f 3267/192/2001 3264/190/1998 3277/187/2011
f 3277/187/2011 3283/191/2017 3267/192/2001
f 3279/187/2013 3277/187/2011 3278/189/2012
f 3278/189/2012 3280/189/2014 3279/187/2013
f 3279/187/2013 3280/189/2014 3281/188/2015
f 3281/188/2015 3282/190/2016 3279/187/2013
f 3283/191/2017 3277/187/2011 3279/187/2013
f 3279/187/2013 3286/191/2020 3283/191/2017
f 3268/193/2002 3267/192/2001 3283/191/2017
f 3283/191/2017 3284/194/2018 3268/193/2002
f 3285/194/2019 3284/194/2018 3283/191/2017
f 3283/191/2017 3286/191/2020 3285/194/2019
f 3286/191/2020 3279/187/2013 3282/190/2016
f 3282/190/2016 3287/192/2021 3286/191/2020
f 3288/193/2022 3285/194/2019 3286/191/2020
f 3286/191/2020 3287/192/2021 3288/193/2022
f 3281/188/2015 3290/189/2024 3289/187/2023
f 3289/187/2023 3282/190/2016 3281/188/2015
f 3287/192/2021 3282/190/2016 3289/187/2023
f 3289/187/2023 3295/191/2029 3287/192/2021
f 3291/187/2025 3289/187/2023 3290/189/2024
f 3290/189/2024 3292/189/2026 3291/187/2025
f 3291/187/2025 3292/189/2026 3293/188/2027
f 3293/188/2027 3294/187/2028 3291/187/2025
f 3295/191/2029 3289/187/2023 3291/187/2025
f 3291/187/2025 3298/191/2032 3295/191/2029
f 3288/193/2022 3287/192/2021 3295/191/2029
f 3295/191/2029 3296/194/2030 3288/193/2022
f 3297/194/2031 3296/194/2030 3295/191/2029
f 3295/191/2029 3298/191/2032 3297/194/2031
f 3298/191/2032 3291/187/2025 3294/187/2028
f 3294/187/2028 3299/191/2033 3298/191/2032
f 3300/193/2034 3297/194/2031 3298/191/2032
f 3298/191/2032 3299/191/2033 3300/193/2034
f 3301/187/2035 3302/189/2036 3275/188/2009
f 3275/188/2009 3276/190/2010 3301/187/2035
f 3303/189/2037 3302/189/2036 3301/187/2035
f 3301/187/2035 3308/187/2042 3303/189/2037
f 3304/191/2038 3301/187/2035 3276/190/2010
f 3276/190/2010 3273/192/2007 3304/191/2038
f 3304/191/2038 3273/192/2007 3272/193/2006
f 3272/193/2006 3305/194/2039 3304/191/2038
f 3306/191/2040 3304/191/2038 3305/194/2039
f 3305/194/2039 3307/194/2041 3306/191/2040
f 3301/187/2035 3304/191/2038 3306/191/2040
f 3306/191/2040 3308/187/2042 3301/187/2035
f 3306/191/2040 3307/194/2041 3300/193/2034
f 3300/193/2034 3299/191/2033 3306/191/2040
f 3308/187/2042 3306/191/2040 3299/191/2033
f 3299/191/2033 3294/187/2028 3308/187/2042
f 3293/188/2027 3303/189/2037 3308/187/2042
f 3308/187/2042 3294/187/2028 3293/188/2027
f 3293/188/2027 3292/189/2026 3309/195/2043
f 3309/195/2043 3303/189/2037 3293/188/2027
f 3302/189/2036 3303/189/2037 3309/195/2043
f 3309/195/2043 3312/195/2046 3302/189/2036
f 3310/195/2044 3309/195/2043 3292/189/2026
f 3292/189/2026 3290/189/2024 3310/195/2044
f 3310/195/2044 3290/189/2024 3281/188/2015
f 3281/188/2015 3280/189/2014 3310/195/2044
f 3311/195/2045 3310/195/2044 3280/189/2014
f 3280/189/2014 3278/189/2012 3311/195/2045
f 3309/195/2043 3310/195/2044 3311/195/2045
f 3311/195/2045 3312/195/2046 3309/195/2043
f 3311/195/2045 3278/189/2012 3262/188/1996
f 3262/188/1996 3263/189/1997 3311/195/2045
f 3312/195/2046 3311/195/2045 3263/189/1997
f 3263/189/1997 3265/189/1999 3312/195/2046
f 3275/188/2009 3302/189/2036 3312/195/2046
f 3312/195/2046 3265/189/1999 3275/188/2009
f 3268/193/2002 3284/194/2018 3313/196/2047
f 3313/196/2047 3269/194/2003 3268/193/2002
f 3271/194/2005 3269/194/2003 3313/196/2047
f 3313/196/2047 3315/196/2049 3271/194/2005
f 3314/196/2048 3313/196/2047 3284/194/2018
f 3284/194/2018 3285/194/2019 3314/196/2048
f 3314/196/2048 3285/194/2019 3288/193/2022
f 3288/193/2022 3296/194/2030 3314/196/2048
f 3315/196/2049 3313/196/2047 3314/196/2048
f 3314/196/2048 3316/196/2050 3315/196/2049
f 3272/193/2006 3271/194/2005 3315/196/2049
f 3315/196/2049 3305/194/2039 3272/193/2006
f 3307/194/2041 3305/194/2039 3315/196/2049
f 3315/196/2049 3316/196/2050 3307/194/2041
f 3316/196/2050 3314/196/2048 3296/194/2030
f 3296/194/2030 3297/194/2031 3316/196/2050
f 3300/193/2034 3307/194/2041 3316/196/2050
f 3316/196/2050 3297/194/2031 3300/193/2034
f 3317/187/2051 3319/189/2053 3318/188/2052
f 3318/188/2052 3320/190/2054 3317/187/2051
f 3321/189/2055 3319/189/2053 3317/187/2051
f 3317/187/2051 3330/187/2063 3321/189/2055
f 3322/191/2056 3317/187/2051 3320/190/2054
f 3320/190/2054 3323/192/2057 3322/191/2056
f 3322/191/2056 3323/192/2057 3324/193/2058
f 3324/193/2058 3325/194/2059 3322/191/2056
f 3326/191/1401 3322/191/2056 3325/194/2059
f 3325/194/2059 3327/194/2060 3326/191/1401
f 3317/187/2051 3322/191/2056 3326/191/1401
f 3326/191/1401 3330/187/2063 3317/187/2051
f 3326/191/1401 3327/194/2060 3328/193/2061
f 3328/193/2061 3329/192/2062 3326/191/1401
f 3330/187/2063 3326/191/1401 3329/192/2062
f 3329/192/2062 3332/190/2065 3330/187/2063
f 3331/188/2064 3321/189/2055 3330/187/2063
f 3330/187/2063 3332/190/2065 3331/188/2064
f 3318/188/2052 3334/189/2067 3333/187/2066
f 3333/187/2066 3320/190/2054 3318/188/2052
f 3323/192/2057 3320/190/2054 3333/187/2066
f 3333/187/2066 3339/191/2072 3323/192/2057
f 3335/187/2068 3333/187/2066 3334/189/2067
f 3334/189/2067 3336/189/2069 3335/187/2068
f 3335/187/2068 3336/189/2069 3337/188/2070
f 3337/188/2070 3338/190/2071 3335/187/2068
f 3339/191/2072 3333/187/2066 3335/187/2068
f 3335/187/2068 3342/191/2075 3339/191/2072
f 3324/193/2058 3323/192/2057 3339/191/2072
f 3339/191/2072 3340/194/2073 3324/193/2058
f 3341/194/2074 3340/194/2073 3339/191/2072
f 3339/191/2072 3342/191/2075 3341/194/2074
f 3342/191/2075 3335/187/2068 3338/190/2071
f 3338/190/2071 3343/192/2076 3342/191/2075
f 3344/193/2077 3341/194/2074 3342/191/2075
f 3342/191/2075 3343/192/2076 3344/193/2077
f 3337/188/2070 3346/189/2079 3345/187/2078
f 3345/187/2078 3338/190/2071 3337/188/2070
f 3343/192/2076 3338/190/2071 3345/187/2078
f 3345/187/2078 3351/191/2084 3343/192/2076
f 3347/187/2080 3345/187/2078 3346/189/2079
f 3346/189/2079 3348/189/2081 3347/187/2080
f 3347/187/2080 3348/189/2081 3349/188/2082
f 3349/188/2082 3350/190/2083 3347/187/2080
f 3351/191/2084 3345/187/2078 3347/187/2080
f 3347/187/2080 3354/191/1435 3351/191/2084
f 3344/193/2077 3343/192/2076 3351/191/2084
f 3351/191/2084 3352/194/2085 3344/193/2077
f 3353/194/2086 3352/194/2085 3351/191/2084
f 3351/191/2084 3354/191/1435 3353/194/2086
f 3354/191/1435 3347/187/2080 3350/190/2083
f 3350/190/2083 3355/192/2087 3354/191/1435
f 3356/193/2088 3353/194/2086 3354/191/1435
f 3354/191/1435 3355/192/2087 3356/193/2088
f 3357/187/2089 3358/189/2090 3331/188/2064
f 3331/188/2064 3332/190/2065 3357/187/2089
f 3359/189/2091 3358/189/2090 3357/187/2089
f 3357/187/2089 3364/187/2096 3359/189/2091
f 3360/191/2092 3357/187/2089 3332/190/2065
f 3332/190/2065 3329/192/2062 3360/191/2092
f 3360/191/2092 3329/192/2062 3328/193/2061
f 3328/193/2061 3361/194/2093 3360/191/2092
f 3362/191/2094 3360/191/2092 3361/194/2093
f 3361/194/2093 3363/194/2095 3362/191/2094
f 3357/187/2089 3360/191/2092 3362/191/2094
f 3362/191/2094 3364/187/2096 3357/187/2089
f 3362/191/2094 3363/194/2095 3356/193/2088
f 3356/193/2088 3355/192/2087 3362/191/2094
f 3364/187/2096 3362/191/2094 3355/192/2087
f 3355/192/2087 3350/190/2083 3364/187/2096
f 3349/188/2082 3359/189/2091 3364/187/2096
f 3364/187/2096 3350/190/2083 3349/188/2082
f 3349/188/2082 3348/189/2081 3365/195/2097
f 3365/195/2097 3359/189/2091 3349/188/2082
f 3358/189/2090 3359/189/2091 3365/195/2097
f 3365/195/2097 3368/195/2100 3358/189/2090
f 3366/195/2098 3365/195/2097 3348/189/2081
f 3348/189/2081 3346/189/2079 3366/195/2098
f 3366/195/2098 3346/189/2079 3337/188/2070
f 3337/188/2070 3336/189/2069 3366/195/2098
f 3367/195/2099 3366/195/2098 3336/189/2069
f 3336/189/2069 3334/189/2067 3367/195/2099
f 3365/195/2097 3366/195/2098 3367/195/2099
f 3367/195/2099 3368/195/2100 3365/195/2097
f 3367/195/2099 3334/189/2067 3318/188/2052
f 3318/188/2052 3319/189/2053 3367/195/2099
f 3368/195/2100 3367/195/2099 3319/189/2053
f 3319/189/2053 3321/189/2055 3368/195/2100
f 3331/188/2064 3358/189/2090 3368/195/2100
f 3368/195/2100 3321/189/2055 3331/188/2064
f 3324/193/2058 3340/194/2073 3369/196/2101
f 3369/196/2101 3325/194/2059 3324/193/2058
f 3327/194/2060 3325/194/2059 3369/196/2101
f 3369/196/2101 3371/196/2103 3327/194/2060
f 3370/196/2102 3369/196/2101 3340/194/2073
f 3340/194/2073 3341/194/2074 3370/196/2102
f 3370/196/2102 3341/194/2074 3344/193/2077
f 3344/193/2077 3352/194/2085 3370/196/2102
f 3371/196/2103 3369/196/2101 3370/196/2102
f 3370/196/2102 3372/196/2104 3371/196/2103
f 3328/193/2061 3327/194/2060 3371/196/2103
f 3371/196/2103 3361/194/2093 3328/193/2061
f 3363/194/2095 3361/194/2093 3371/196/2103
f 3371/196/2103 3372/196/2104 3363/194/2095
f 3372/196/2104 3370/196/2102 3352/194/2085
f 3352/194/2085 3353/194/2086 3372/196/2104
f 3356/193/2088 3363/194/2095 3372/196/2104
f 3372/196/2104 3353/194/2086 3356/193/2088
f 3373/187/2105 3375/189/2107 3374/188/2106
f 3374/188/2106 3376/190/2108 3373/187/2105
f 3377/189/2109 3375/189/2107 3373/187/2105
f 3373/187/2105 3386/187/2118 3377/189/2109
f 3378/191/2110 3373/187/2105 3376/190/2108
f 3376/190/2108 3379/192/2111 3378/191/2110
f 3378/191/2110 3379/192/2111 3380/193/2112
f 3380/193/2112 3381/194/2113 3378/191/2110
f 3382/191/2114 3378/191/2110 3381/194/2113
f 3381/194/2113 3383/194/2115 3382/191/2114
f 3373/187/2105 3378/191/2110 3382/191/2114
f 3382/191/2114 3386/187/2118 3373/187/2105
f 3382/191/2114 3383/194/2115 3384/193/2116
f 3384/193/2116 3385/192/2117 3382/191/2114
f 3386/187/2118 3382/191/2114 3385/192/2117
f 3385/192/2117 3388/190/2120 3386/187/2118
f 3387/188/2119 3377/189/2109 3386/187/2118
f 3386/187/2118 3388/190/2120 3387/188/2119
f 3374/188/2106 3390/189/2122 3389/187/2121
f 3389/187/2121 3376/190/2108 3374/188/2106
f 3379/192/2111 3376/190/2108 3389/187/2121
f 3389/187/2121 3395/191/2127 3379/192/2111
f 3391/187/2123 3389/187/2121 3390/189/2122
f 3390/189/2122 3392/189/2124 3391/187/2123
f 3391/187/2123 3392/189/2124 3393/188/2125
f 3393/188/2125 3394/190/2126 3391/187/2123
f 3395/191/2127 3389/187/2121 3391/187/2123
f 3391/187/2123 3398/191/2130 3395/191/2127
f 3380/193/2112 3379/192/2111 3395/191/2127
f 3395/191/2127 3396/194/2128 3380/193/2112
f 3397/194/2129 3396/194/2128 3395/191/2127
f 3395/191/2127 3398/191/2130 3397/194/2129
f 3398/191/2130 3391/187/2123 3394/190/2126
f 3394/190/2126 3399/192/2131 3398/191/2130
f 3400/193/2132 3397/194/2129 3398/191/2130
f 3398/191/2130 3399/192/2131 3400/193/2132
f 3393/188/2125 3402/189/2134 3401/187/2133
f 3401/187/2133 3394/190/2126 3393/188/2125
f 3399/192/2131 3394/190/2126 3401/187/2133
f 3401/187/2133 3407/191/2139 3399/192/2131
f 3403/187/2135 3401/187/2133 3402/189/2134
f 3402/189/2134 3404/189/2136 3403/187/2135
f 3403/187/2135 3404/189/2136 3405/188/2137
f 3405/188/2137 3406/190/2138 3403/187/2135
f 3407/191/2139 3401/187/2133 3403/187/2135
f 3403/187/2135 3410/191/2142 3407/191/2139
f 3400/193/2132 3399/192/2131 3407/191/2139
f 3407/191/2139 3408/194/2140 3400/193/2132
f 3409/194/2141 3408/194/2140 3407/191/2139
f 3407/191/2139 3410/191/2142 3409/194/2141
f 3410/191/2142 3403/187/2135 3406/190/2138
f 3406/190/2138 3411/192/2143 3410/191/2142
f 3412/193/2144 3409/194/2141 3410/191/2142
f 3410/191/2142 3411/192/2143 3412/193/2144
f 3413/187/2145 3414/189/2146 3387/188/2119
f 3387/188/2119 3388/190/2120 3413/187/2145
f 3415/189/2147 3414/189/2146 3413/187/2145
f 3413/187/2145 3420/187/2152 3415/189/2147
f 3416/191/2148 3413/187/2145 3388/190/2120
f 3388/190/2120 3385/192/2117 3416/191/2148
f 3416/191/2148 3385/192/2117 3384/193/2116
f 3384/193/2116 3417/194/2149 3416/191/2148
f 3418/191/2150 3416/191/2148 3417/194/2149
f 3417/194/2149 3419/194/2151 3418/191/2150
f 3413/187/2145 3416/191/2148 3418/191/2150
f 3418/191/2150 3420/187/2152 3413/187/2145
f 3418/191/2150 3419/194/2151 3412/193/2144
f 3412/193/2144 3411/192/2143 3418/191/2150
f 3420/187/2152 3418/191/2150 3411/192/2143
f 3411/192/2143 3406/190/2138 3420/187/2152
f 3405/188/2137 3415/189/2147 3420/187/2152
f 3420/187/2152 3406/190/2138 3405/188/2137
f 3405/188/2137 3404/189/2136 3421/195/2153
f 3421/195/2153 3415/189/2147 3405/188/2137
f 3414/189/2146 3415/189/2147 3421/195/2153
f 3421/195/2153 3424/195/2156 3414/189/2146
f 3422/195/2154 3421/195/2153 3404/189/2136
f 3404/189/2136 3402/189/2134 3422/195/2154
f 3422/195/2154 3402/189/2134 3393/188/2125
f 3393/188/2125 3392/189/2124 3422/195/2154
f 3423/195/2155 3422/195/2154 3392/189/2124
f 3392/189/2124 3390/189/2122 3423/195/2155
f 3421/195/2153 3422/195/2154 3423/195/2155
f 3423/195/2155 3424/195/2156 3421/195/2153
f 3423/195/2155 3390/189/2122 3374/188/2106
f 3374/188/2106 3375/189/2107 3423/195/2155
f 3424/195/2156 3423/195/2155 3375/189/2107
f 3375/189/2107 3377/189/2109 3424/195/2156
f 3387/188/2119 3414/189/2146 3424/195/2156
f 3424/195/2156 3377/189/2109 3387/188/2119
f 3380/193/2112 3396/194/2128 3425/196/2157
f 3425/196/2157 3381/194/2113 3380/193/2112
f 3383/194/2115 3381/194/2113 3425/196/2157
f 3425/196/2157 3427/196/2159 3383/194/2115
f 3426/196/2158 3425/196/2157 3396/194/2128
f 3396/194/2128 3397/194/2129 3426/196/2158
f 3426/196/2158 3397/194/2129 3400/193/2132
f 3400/193/2132 3408/194/2140 3426/196/2158
f 3427/196/2159 3425/196/2157 3426/196/2158
f 3426/196/2158 3428/196/2160 3427/196/2159
f 3384/193/2116 3383/194/2115 3427/196/2159
f 3427/196/2159 3417/194/2149 3384/193/2116
f 3419/194/2151 3417/194/2149 3427/196/2159
f 3427/196/2159 3428/196/2160 3419/194/2151
f 3428/196/2160 3426/196/2158 3408/194/2140
f 3408/194/2140 3409/194/2141 3428/196/2160
f 3412/193/2144 3419/194/2151 3428/196/2160
f 3428/196/2160 3409/194/2141 3412/193/2144
f 3429/187/2105 3431/189/2107 3430/188/2106
f 3430/188/2106 3432/190/2161 3429/187/2105
f 3433/189/2162 3431/189/2107 3429/187/2105
f 3429/187/2105 3442/187/2118 3433/189/2162
f 3434/191/2110 3429/187/2105 3432/190/2161
f 3432/190/2161 3435/192/2111 3434/191/2110
f 3434/191/2110 3435/192/2111 3436/193/2112
f 3436/193/2112 3437/194/2163 3434/191/2110
f 3438/191/2114 3434/191/2110 3437/194/2163
f 3437/194/2163 3439/194/2115 3438/191/2114
f 3429/187/2105 3434/191/2110 3438/191/2114
f 3438/191/2114 3442/187/2118 3429/187/2105
f 3438/191/2114 3439/194/2115 3440/193/2116
f 3440/193/2116 3441/192/2164 3438/191/2114
f 3442/187/2118 3438/191/2114 3441/192/2164
f 3441/192/2164 3444/190/2120 3442/187/2118
f 3443/188/2119 3433/189/2162 3442/187/2118
f 3442/187/2118 3444/190/2120 3443/188/2119
f 3430/188/2106 3446/189/2165 3445/187/2121
f 3445/187/2121 3432/190/2161 3430/188/2106
f 3435/192/2111 3432/190/2161 3445/187/2121
f 3445/187/2121 3451/191/2127 3435/192/2111
f 3447/187/2123 3445/187/2121 3446/189/2165
f 3446/189/2165 3448/189/2166 3447/187/2123
f 3447/187/2123 3448/189/2166 3449/188/2125
f 3449/188/2125 3450/190/2167 3447/187/2123
f 3451/191/2127 3445/187/2121 3447/187/2123
f 3447/187/2123 3454/191/2130 3451/191/2127
f 3436/193/2112 3435/192/2111 3451/191/2127
f 3451/191/2127 3452/194/2168 3436/193/2112
f 3453/194/2169 3452/194/2168 3451/191/2127
f 3451/191/2127 3454/191/2130 3453/194/2169
f 3454/191/2130 3447/187/2123 3450/190/2167
f 3450/190/2167 3455/192/2131 3454/191/2130
f 3456/193/2132 3453/194/2169 3454/191/2130
f 3454/191/2130 3455/192/2131 3456/193/2132
f 3449/188/2125 3458/189/2134 3457/187/2133
f 3457/187/2133 3450/190/2167 3449/188/2125
f 3455/192/2131 3450/190/2167 3457/187/2133
f 3457/187/2133 3463/191/2139 3455/192/2131
f 3459/187/2135 3457/187/2133 3458/189/2134
f 3458/189/2134 3460/189/2170 3459/187/2135
f 3459/187/2135 3460/189/2170 3461/188/2137
f 3461/188/2137 3462/190/2138 3459/187/2135
f 3463/191/2139 3457/187/2133 3459/187/2135
f 3459/187/2135 3466/191/2142 3463/191/2139
f 3456/193/2132 3455/192/2131 3463/191/2139
f 3463/191/2139 3464/194/2171 3456/193/2132
f 3465/194/2141 3464/194/2171 3463/191/2139
f 3463/191/2139 3466/191/2142 3465/194/2141
f 3466/191/2142 3459/187/2135 3462/190/2138
f 3462/190/2138 3467/192/2172 3466/191/2142
f 3468/193/2144 3465/194/2141 3466/191/2142
f 3466/191/2142 3467/192/2172 3468/193/2144
f 3469/187/2145 3470/189/2173 3443/188/2119
f 3443/188/2119 3444/190/2120 3469/187/2145
f 3471/189/2174 3470/189/2173 3469/187/2145
f 3469/187/2145 3476/187/2152 3471/189/2174
f 3472/191/2148 3469/187/2145 3444/190/2120
f 3444/190/2120 3441/192/2164 3472/191/2148
f 3472/191/2148 3441/192/2164 3440/193/2116
f 3440/193/2116 3473/194/2175 3472/191/2148
f 3474/191/2150 3472/191/2148 3473/194/2175
f 3473/194/2175 3475/194/2176 3474/191/2150
f 3469/187/2145 3472/191/2148 3474/191/2150
f 3474/191/2150 3476/187/2152 3469/187/2145
f 3474/191/2150 3475/194/2176 3468/193/2144
f 3468/193/2144 3467/192/2172 3474/191/2150
f 3476/187/2152 3474/191/2150 3467/192/2172
f 3467/192/2172 3462/190/2138 3476/187/2152
f 3461/188/2137 3471/189/2174 3476/187/2152
f 3476/187/2152 3462/190/2138 3461/188/2137
f 3461/188/2137 3460/189/2170 3477/195/2153
f 3477/195/2153 3471/189/2174 3461/188/2137
f 3470/189/2173 3471/189/2174 3477/195/2153
f 3477/195/2153 3480/195/2156 3470/189/2173
f 3478/195/2154 3477/195/2153 3460/189/2170
f 3460/189/2170 3458/189/2134 3478/195/2154
f 3478/195/2154 3458/189/2134 3449/188/2125
f 3449/188/2125 3448/189/2166 3478/195/2154
f 3479/195/2155 3478/195/2154 3448/189/2166
f 3448/189/2166 3446/189/2165 3479/195/2155
f 3477/195/2153 3478/195/2154 3479/195/2155
f 3479/195/2155 3480/195/2156 3477/195/2153
f 3479/195/2155 3446/189/2165 3430/188/2106
f 3430/188/2106 3431/189/2107 3479/195/2155
f 3480/195/2156 3479/195/2155 3431/189/2107
f 3431/189/2107 3433/189/2162 3480/195/2156
f 3443/188/2119 3470/189/2173 3480/195/2156
f 3480/195/2156 3433/189/2162 3443/188/2119
f 3436/193/2112 3452/194/2168 3481/196/2157
f 3481/196/2157 3437/194/2163 3436/193/2112
f 3439/194/2115 3437/194/2163 3481/196/2157
f 3481/196/2157 3483/196/2159 3439/194/2115
f 3482/196/2158 3481/196/2157 3452/194/2168
f 3452/194/2168 3453/194/2169 3482/196/2158
f 3482/196/2158 3453/194/2169 3456/193/2132
f 3456/193/2132 3464/194/2171 3482/196/2158
f 3483/196/2159 3481/196/2157 3482/196/2158
f 3482/196/2158 3484/196/2160 3483/196/2159
f 3440/193/2116 3439/194/2115 3483/196/2159
f 3483/196/2159 3473/194/2175 3440/193/2116
f 3475/194/2176 3473/194/2175 3483/196/2159
f 3483/196/2159 3484/196/2160 3475/194/2176
f 3484/196/2160 3482/196/2158 3464/194/2171
f 3464/194/2171 3465/194/2141 3484/196/2160
f 3468/193/2144 3475/194/2176 3484/196/2160
f 3484/196/2160 3465/194/2141 3468/193/2144
f 3485/187/2177 3487/189/2179 3486/188/2178
f 3486/188/2178 3488/190/2180 3485/187/2177
f 3489/189/2181 3487/189/2179 3485/187/2177
f 3485/187/2177 3498/187/2190 3489/189/2181
f 3490/191/2182 3485/187/2177 3488/190/2180
f 3488/190/2180 3491/192/2183 3490/191/2182
f 3490/191/2182 3491/192/2183 3492/193/2184
f 3492/193/2184 3493/194/2185 3490/191/2182
f 3494/191/2186 3490/191/2182 3493/194/2185
f 3493/194/2185 3495/194/2187 3494/191/2186
f 3485/187/2177 3490/191/2182 3494/191/2186
f 3494/191/2186 3498/187/2190 3485/187/2177
f 3494/191/2186 3495/194/2187 3496/193/2188
f 3496/193/2188 3497/192/2189 3494/191/2186
f 3498/187/2190 3494/191/2186 3497/192/2189
f 3497/192/2189 3500/190/2192 3498/187/2190
f 3499/188/2191 3489/189/2181 3498/187/2190
f 3498/187/2190 3500/190/2192 3499/188/2191
f 3486/188/2178 3502/189/2194 3501/187/2193
f 3501/187/2193 3488/190/2180 3486/188/2178
f 3491/192/2183 3488/190/2180 3501/187/2193
f 3501/187/2193 3507/191/2199 3491/192/2183
f 3503/187/2195 3501/187/2193 3502/189/2194
f 3502/189/2194 3504/189/2196 3503/187/2195
f 3503/187/2195 3504/189/2196 3505/188/2197
f 3505/188/2197 3506/190/2198 3503/187/2195
f 3507/191/2199 3501/187/2193 3503/187/2195
f 3503/187/2195 3510/191/2202 3507/191/2199
f 3492/193/2184 3491/192/2183 3507/191/2199
f 3507/191/2199 3508/194/2200 3492/193/2184
f 3509/194/2201 3508/194/2200 3507/191/2199
f 3507/191/2199 3510/191/2202 3509/194/2201
f 3510/191/2202 3503/187/2195 3506/190/2198
f 3506/190/2198 3511/192/2203 3510/191/2202
f 3512/193/2204 3509/194/2201 3510/191/2202
f 3510/191/2202 3511/192/2203 3512/193/2204
f 3505/188/2197 3514/189/2206 3513/187/2205
f 3513/187/2205 3506/190/2198 3505/188/2197
f 3511/192/2203 3506/190/2198 3513/187/2205
f 3513/187/2205 3519/191/2211 3511/192/2203
f 3515/187/2207 3513/187/2205 3514/189/2206
f 3514/189/2206 3516/189/2208 3515/187/2207
f 3515/187/2207 3516/189/2208 3517/188/2209
f 3517/188/2209 3518/190/2210 3515/187/2207
f 3519/191/2211 3513/187/2205 3515/187/2207
f 3515/187/2207 3522/191/2214 3519/191/2211
f 3512/193/2204 3511/192/2203 3519/191/2211
f 3519/191/2211 3520/194/2212 3512/193/2204
f 3521/194/2213 3520/194/2212 3519/191/2211
f 3519/191/2211 3522/191/2214 3521/194/2213
f 3522/191/2214 3515/187/2207 3518/190/2210
f 3518/190/2210 3523/192/2215 3522/191/2214
f 3524/193/2216 3521/194/2213 3522/191/2214
f 3522/191/2214 3523/192/2215 3524/193/2216
f 3525/187/2217 3526/189/2218 3499/188/2191
f 3499/188/2191 3500/190/2192 3525/187/2217
f 3527/189/2219 3526/189/2218 3525/187/2217
f 3525/187/2217 3532/187/2224 3527/189/2219
f 3528/191/2220 3525/187/2217 3500/190/2192
f 3500/190/2192 3497/192/2189 3528/191/2220
f 3528/191/2220 3497/192/2189 3496/193/2188
f 3496/193/2188 3529/194/2221 3528/191/2220
f 3530/191/2222 3528/191/2220 3529/194/2221
f 3529/194/2221 3531/194/2223 3530/191/2222
f 3525/187/2217 3528/191/2220 3530/191/2222
f 3530/191/2222 3532/187/2224 3525/187/2217
f 3530/191/2222 3531/194/2223 3524/193/2216
f 3524/193/2216 3523/192/2215 3530/191/2222
f 3532/187/2224 3530/191/2222 3523/192/2215
f 3523/192/2215 3518/190/2210 3532/187/2224
f 3517/188/2209 3527/189/2219 3532/187/2224
f 3532/187/2224 3518/190/2210 3517/188/2209
f 3517/188/2209 3516/189/2208 3533/195/2225
f 3533/195/2225 3527/189/2219 3517/188/2209
f 3526/189/2218 3527/189/2219 3533/195/2225
f 3533/195/2225 3536/195/2228 3526/189/2218
f 3534/195/2226 3533/195/2225 3516/189/2208
f 3516/189/2208 3514/189/2206 3534/195/2226
f 3534/195/2226 3514/189/2206 3505/188/2197
f 3505/188/2197 3504/189/2196 3534/195/2226
f 3535/195/2227 3534/195/2226 3504/189/2196
f 3504/189/2196 3502/189/2194 3535/195/2227
f 3533/195/2225 3534/195/2226 3535/195/2227
f 3535/195/2227 3536/195/2228 3533/195/2225
f 3535/195/2227 3502/189/2194 3486/188/2178
f 3486/188/2178 3487/189/2179 3535/195/2227
f 3536/195/2228 3535/195/2227 3487/189/2179
f 3487/189/2179 3489/189/2181 3536/195/2228
f 3499/188/2191 3526/189/2218 3536/195/2228
f 3536/195/2228 3489/189/2181 3499/188/2191
f 3492/193/2184 3508/194/2200 3537/196/2229
f 3537/196/2229 3493/194/2185 3492/193/2184
f 3495/194/2187 3493/194/2185 3537/196/2229
f 3537/196/2229 3539/196/2231 3495/194/2187
f 3538/196/2230 3537/196/2229 3508/194/2200
f 3508/194/2200 3509/194/2201 3538/196/2230
f 3538/196/2230 3509/194/2201 3512/193/2204
f 3512/193/2204 3520/194/2212 3538/196/2230
f 3539/196/2231 3537/196/2229 3538/196/2230
f 3538/196/2230 3540/196/2232 3539/196/2231
f 3496/193/2188 3495/194/2187 3539/196/2231
f 3539/196/2231 3529/194/2221 3496/193/2188
f 3531/194/2223 3529/194/2221 3539/196/2231
f 3539/196/2231 3540/196/2232 3531/194/2223
f 3540/196/2232 3538/196/2230 3520/194/2212
f 3520/194/2212 3521/194/2213 3540/196/2232
f 3524/193/2216 3531/194/2223 3540/196/2232
f 3540/196/2232 3521/194/2213 3524/193/2216
f 3541/187/2177 3543/189/2179 3542/188/2178
f 3542/188/2178 3544/190/2180 3541/187/2177
f 3545/189/2181 3543/189/2179 3541/187/2177
f 3541/187/2177 3554/187/2190 3545/189/2181
f 3546/191/2182 3541/187/2177 3544/190/2180
f 3544/190/2180 3547/192/2183 3546/191/2182
f 3546/191/2182 3547/192/2183 3548/193/2184
f 3548/193/2184 3549/194/2185 3546/191/2182
f 3550/191/2186 3546/191/2182 3549/194/2185
f 3549/194/2185 3551/194/2187 3550/191/2186
f 3541/187/2177 3546/191/2182 3550/191/2186
f 3550/191/2186 3554/187/2190 3541/187/2177
f 3550/191/2186 3551/194/2187 3552/193/2188
f 3552/193/2188 3553/192/2189 3550/191/2186
f 3554/187/2190 3550/191/2186 3553/192/2189
f 3553/192/2189 3556/190/2192 3554/187/2190
f 3555/188/2191 3545/189/2181 3554/187/2190
f 3554/187/2190 3556/190/2192 3555/188/2191
f 3542/188/2178 3558/189/2233 3557/187/2193
f 3557/187/2193 3544/190/2180 3542/188/2178
f 3547/192/2183 3544/190/2180 3557/187/2193
f 3557/187/2193 3563/191/2199 3547/192/2183
f 3559/187/2195 3557/187/2193 3558/189/2233
f 3558/189/2233 3560/189/2234 3559/187/2195
f 3559/187/2195 3560/189/2234 3561/188/2197
f 3561/188/2197 3562/190/2198 3559/187/2195
f 3563/191/2199 3557/187/2193 3559/187/2195
f 3559/187/2195 3566/191/2202 3563/191/2199
f 3548/193/2184 3547/192/2183 3563/191/2199
f 3563/191/2199 3564/194/2235 3548/193/2184
f 3565/194/2236 3564/194/2235 3563/191/2199
f 3563/191/2199 3566/191/2202 3565/194/2236
f 3566/191/2202 3559/187/2195 3562/190/2198
f 3562/190/2198 3567/192/2203 3566/191/2202
f 3568/193/2204 3565/194/2236 3566/191/2202
f 3566/191/2202 3567/192/2203 3568/193/2204
f 3561/188/2197 3570/189/2206 3569/187/2205
f 3569/187/2205 3562/190/2198 3561/188/2197
f 3567/192/2203 3562/190/2198 3569/187/2205
f 3569/187/2205 3575/191/2211 3567/192/2203
f 3571/187/2207 3569/187/2205 3570/189/2206
f 3570/189/2206 3572/189/2208 3571/187/2207
f 3571/187/2207 3572/189/2208 3573/188/2209
f 3573/188/2209 3574/190/2210 3571/187/2207
f 3575/191/2211 3569/187/2205 3571/187/2207
f 3571/187/2207 3578/191/2214 3575/191/2211
f 3568/193/2204 3567/192/2203 3575/191/2211
f 3575/191/2211 3576/194/2212 3568/193/2204
f 3577/194/2213 3576/194/2212 3575/191/2211
f 3575/191/2211 3578/191/2214 3577/194/2213
f 3578/191/2214 3571/187/2207 3574/190/2210
f 3574/190/2210 3579/192/2215 3578/191/2214
f 3580/193/2216 3577/194/2213 3578/191/2214
f 3578/191/2214 3579/192/2215 3580/193/2216
f 3581/187/2217 3582/189/2237 3555/188/2191
f 3555/188/2191 3556/190/2192 3581/187/2217
f 3583/189/2219 3582/189/2237 3581/187/2217
f 3581/187/2217 3588/187/2224 3583/189/2219
f 3584/191/2220 3581/187/2217 3556/190/2192
f 3556/190/2192 3553/192/2189 3584/191/2220
f 3584/191/2220 3553/192/2189 3552/193/2188
f 3552/193/2188 3585/194/2238 3584/191/2220
f 3586/191/2222 3584/191/2220 3585/194/2238
f 3585/194/2238 3587/194/2223 3586/191/2222
f 3581/187/2217 3584/191/2220 3586/191/2222
f 3586/191/2222 3588/187/2224 3581/187/2217
f 3586/191/2222 3587/194/2223 3580/193/2216
f 3580/193/2216 3579/192/2215 3586/191/2222
f 3588/187/2224 3586/191/2222 3579/192/2215
f 3579/192/2215 3574/190/2210 3588/187/2224
f 3573/188/2209 3583/189/2219 3588/187/2224
f 3588/187/2224 3574/190/2210 3573/188/2209
f 3573/188/2209 3572/189/2208 3589/195/2225
f 3589/195/2225 3583/189/2219 3573/188/2209
f 3582/189/2237 3583/189/2219 3589/195/2225
f 3589/195/2225 3592/195/2228 3582/189/2237
f 3590/195/2226 3589/195/2225 3572/189/2208
f 3572/189/2208 3570/189/2206 3590/195/2226
f 3590/195/2226 3570/189/2206 3561/188/2197
f 3561/188/2197 3560/189/2234 3590/195/2226
f 3591/195/2227 3590/195/2226 3560/189/2234
f 3560/189/2234 3558/189/2233 3591/195/2227
f 3589/195/2225 3590/195/2226 3591/195/2227
f 3591/195/2227 3592/195/2228 3589/195/2225
f 3591/195/2227 3558/189/2233 3542/188/2178
f 3542/188/2178 3543/189/2179 3591/195/2227
f 3592/195/2228 3591/195/2227 3543/189/2179
f 3543/189/2179 3545/189/2181 3592/195/2228
f 3555/188/2191 3582/189/2237 3592/195/2228
f 3592/195/2228 3545/189/2181 3555/188/2191
f 3548/193/2184 3564/194/2235 3593/196/2229
f 3593/196/2229 3549/194/2185 3548/193/2184
f 3551/194/2187 3549/194/2185 3593/196/2229
f 3593/196/2229 3595/196/2231 3551/194/2187
f 3594/196/2230 3593/196/2229 3564/194/2235
f 3564/194/2235 3565/194/2236 3594/196/2230
f 3594/196/2230 3565/194/2236 3568/193/2204
f 3568/193/2204 3576/194/2212 3594/196/2230
f 3595/196/2231 3593/196/2229 3594/196/2230
f 3594/196/2230 3596/196/2232 3595/196/2231
f 3552/193/2188 3551/194/2187 3595/196/2231
f 3595/196/2231 3585/194/2238 3552/193/2188
f 3587/194/2223 3585/194/2238 3595/196/2231
f 3595/196/2231 3596/196/2232 3587/194/2223
f 3596/196/2232 3594/196/2230 3576/194/2212
f 3576/194/2212 3577/194/2213 3596/196/2232
f 3580/193/2216 3587/194/2223 3596/196/2232
f 3596/196/2232 3577/194/2213 3580/193/2216
f 3597/187/2056 3599/189/2057 3598/188/2058
f 3598/188/2058 3600/190/2059 3597/187/2056
f 3601/189/2054 3599/189/2057 3597/187/2056
f 3597/187/2056 3610/187/2051 3601/189/2054
f 3602/191/1401 3597/187/2056 3600/190/2059
f 3600/190/2059 3603/192/2060 3602/191/1401
f 3602/191/1401 3603/192/2060 3604/193/2061
f 3604/193/2061 3605/194/2062 3602/191/1401
f 3606/191/2063 3602/191/1401 3605/194/2062
f 3605/194/2062 3607/194/2065 3606/191/2063
f 3597/187/2056 3602/191/1401 3606/191/2063
f 3606/191/2063 3610/187/2051 3597/187/2056
f 3606/191/2063 3607/194/2065 3608/193/2064
f 3608/193/2064 3609/192/2055 3606/191/2063
f 3610/187/2051 3606/191/2063 3609/192/2055
f 3609/192/2055 3612/190/2053 3610/187/2051
f 3611/188/2052 3601/189/2054 3610/187/2051
f 3610/187/2051 3612/190/2053 3611/188/2052
f 3598/188/2058 3614/189/2073 3613/187/2101
f 3613/187/2101 3600/190/2059 3598/188/2058
f 3603/192/2060 3600/190/2059 3613/187/2101
f 3613/187/2101 3619/191/2103 3603/192/2060
f 3615/187/2102 3613/187/2101 3614/189/2073
f 3614/189/2073 3616/189/2239 3615/187/2102
f 3615/187/2102 3616/189/2239 3617/188/2077
f 3617/188/2077 3618/190/2085 3615/187/2102
f 3619/191/2103 3613/187/2101 3615/187/2102
f 3615/187/2102 3622/191/2104 3619/191/2103
f 3604/193/2061 3603/192/2060 3619/191/2103
f 3619/191/2103 3620/194/2093 3604/193/2061
f 3621/194/2240 3620/194/2093 3619/191/2103
f 3619/191/2103 3622/191/2104 3621/194/2240
f 3622/191/2104 3615/187/2102 3618/190/2085
f 3618/190/2085 3623/192/2086 3622/191/2104
f 3624/193/2088 3621/194/2240 3622/191/2104
f 3622/191/2104 3623/192/2086 3624/193/2088
f 3617/188/2077 3626/189/2076 3625/187/2084
f 3625/187/2084 3618/190/2085 3617/188/2077
f 3623/192/2086 3618/190/2085 3625/187/2084
f 3625/187/2084 3631/191/1435 3623/192/2086
f 3627/187/2078 3625/187/2084 3626/189/2076
f 3626/189/2076 3628/189/2071 3627/187/2078
f 3627/187/2078 3628/189/2071 3629/188/2070
f 3629/188/2070 3630/190/2079 3627/187/2078
f 3631/191/1435 3625/187/2084 3627/187/2078
f 3627/187/2078 3634/191/2080 3631/191/1435
f 3624/193/2088 3623/192/2086 3631/191/1435
f 3631/191/1435 3632/194/2087 3624/193/2088
f 3633/194/2083 3632/194/2087 3631/191/1435
f 3631/191/1435 3634/191/2080 3633/194/2083
f 3634/191/2080 3627/187/2078 3630/190/2079
f 3630/190/2079 3635/192/2081 3634/191/2080
f 3636/193/2082 3633/194/2083 3634/191/2080
f 3634/191/2080 3635/192/2081 3636/193/2082
f 3637/187/2099 3638/189/2067 3611/188/2052
f 3611/188/2052 3612/190/2053 3637/187/2099
f 3639/189/2241 3638/189/2067 3637/187/2099
f 3637/187/2099 3644/187/2098 3639/189/2241
f 3640/191/2100 3637/187/2099 3612/190/2053
f 3612/190/2053 3609/192/2055 3640/191/2100
f 3640/191/2100 3609/192/2055 3608/193/2064
f 3608/193/2064 3641/194/2090 3640/191/2100
f 3642/191/2097 3640/191/2100 3641/194/2090
f 3641/194/2090 3643/194/2242 3642/191/2097
f 3637/187/2099 3640/191/2100 3642/191/2097
f 3642/191/2097 3644/187/2098 3637/187/2099
f 3642/191/2097 3643/194/2242 3636/193/2082
f 3636/193/2082 3635/192/2081 3642/191/2097
f 3644/187/2098 3642/191/2097 3635/192/2081
f 3635/192/2081 3630/190/2079 3644/187/2098
f 3629/188/2070 3639/189/2241 3644/187/2098
f 3644/187/2098 3630/190/2079 3629/188/2070
f 3629/188/2070 3628/189/2071 3645/195/2068
f 3645/195/2068 3639/189/2241 3629/188/2070
f 3638/189/2067 3639/189/2241 3645/195/2068
f 3645/195/2068 3648/195/2066 3638/189/2067
f 3646/195/2075 3645/195/2068 3628/189/2071
f 3628/189/2071 3626/189/2076 3646/195/2075
f 3646/195/2075 3626/189/2076 3617/188/2077
f 3617/188/2077 3616/189/2239 3646/195/2075
f 3647/195/2072 3646/195/2075 3616/189/2239
f 3616/189/2239 3614/189/2073 3647/195/2072
f 3645/195/2068 3646/195/2075 3647/195/2072
f 3647/195/2072 3648/195/2066 3645/195/2068
f 3647/195/2072 3614/189/2073 3598/188/2058
f 3598/188/2058 3599/189/2057 3647/195/2072
f 3648/195/2066 3647/195/2072 3599/189/2057
f 3599/189/2057 3601/189/2054 3648/195/2066
f 3611/188/2052 3638/189/2067 3648/195/2066
f 3648/195/2066 3601/189/2054 3611/188/2052
f 3604/193/2061 3620/194/2093 3649/196/2092
f 3649/196/2092 3605/194/2062 3604/193/2061
f 3607/194/2065 3605/194/2062 3649/196/2092
f 3649/196/2092 3651/196/2089 3607/194/2065
f 3650/196/2094 3649/196/2092 3620/194/2093
f 3620/194/2093 3621/194/2240 3650/196/2094
f 3650/196/2094 3621/194/2240 3624/193/2088
f 3624/193/2088 3632/194/2087 3650/196/2094
f 3651/196/2089 3649/196/2092 3650/196/2094
f 3650/196/2094 3652/196/2096 3651/196/2089
f 3608/193/2064 3607/194/2065 3651/196/2089
f 3651/196/2089 3641/194/2090 3608/193/2064
f 3643/194/2242 3641/194/2090 3651/196/2089
f 3651/196/2089 3652/196/2096 3643/194/2242
f 3652/196/2096 3650/196/2094 3632/194/2087
f 3632/194/2087 3633/194/2083 3652/196/2096
f 3636/193/2082 3643/194/2242 3652/196/2096
f 3652/196/2096 3633/194/2083 3636/193/2082
f 3653/187/2056 3655/189/2057 3654/188/2058
f 3654/188/2058 3656/190/2059 3653/187/2056
f 3657/189/2054 3655/189/2057 3653/187/2056
f 3653/187/2056 3666/187/2051 3657/189/2054
f 3658/191/1401 3653/187/2056 3656/190/2059
f 3656/190/2059 3659/192/2060 3658/191/1401
f 3658/191/1401 3659/192/2060 3660/193/2061
f 3660/193/2061 3661/194/2062 3658/191/1401
f 3662/191/2063 3658/191/1401 3661/194/2062
f 3661/194/2062 3663/194/2065 3662/191/2063
f 3653/187/2056 3658/191/1401 3662/191/2063
f 3662/191/2063 3666/187/2051 3653/187/2056
f 3662/191/2063 3663/194/2065 3664/193/2064
f 3664/193/2064 3665/192/2055 3662/191/2063
f 3666/187/2051 3662/191/2063 3665/192/2055
f 3665/192/2055 3668/190/2053 3666/187/2051
f 3667/188/2052 3657/189/2054 3666/187/2051
f 3666/187/2051 3668/190/2053 3667/188/2052
f 3654/188/2058 3670/189/2243 3669/187/2101
f 3669/187/2101 3656/190/2059 3654/188/2058
f 3659/192/2060 3656/190/2059 3669/187/2101
f 3669/187/2101 3675/191/2103 3659/192/2060
f 3671/187/2102 3669/187/2101 3670/189/2243
f 3670/189/2243 3672/189/2239 3671/187/2102
f 3671/187/2102 3672/189/2239 3673/188/2077
f 3673/188/2077 3674/190/2085 3671/187/2102
f 3675/191/2103 3669/187/2101 3671/187/2102
f 3671/187/2102 3678/191/2104 3675/191/2103
f 3660/193/2061 3659/192/2060 3675/191/2103
f 3675/191/2103 3676/194/2244 3660/193/2061
f 3677/194/2240 3676/194/2244 3675/191/2103
f 3675/191/2103 3678/191/2104 3677/194/2240
f 3678/191/2104 3671/187/2102 3674/190/2085
f 3674/190/2085 3679/192/2086 3678/191/2104
f 3680/193/2088 3677/194/2240 3678/191/2104
f 3678/191/2104 3679/192/2086 3680/193/2088
f 3673/188/2077 3682/189/2076 3681/187/2084
f 3681/187/2084 3674/190/2085 3673/188/2077
f 3679/192/2086 3674/190/2085 3681/187/2084
f 3681/187/2084 3687/191/1435 3679/192/2086
f 3683/187/2078 3681/187/2084 3682/189/2076
f 3682/189/2076 3684/189/2071 3683/187/2078
f 3683/187/2078 3684/189/2071 3685/188/2070
f 3685/188/2070 3686/190/2079 3683/187/2078
f 3687/191/1435 3681/187/2084 3683/187/2078
f 3683/187/2078 3690/191/2080 3687/191/1435
f 3680/193/2088 3679/192/2086 3687/191/1435
f 3687/191/1435 3688/194/2087 3680/193/2088
f 3689/194/2083 3688/194/2087 3687/191/1435
f 3687/191/1435 3690/191/2080 3689/194/2083
f 3690/191/2080 3683/187/2078 3686/190/2079
f 3686/190/2079 3691/192/2081 3690/191/2080
f 3692/193/2082 3689/194/2083 3690/191/2080
f 3690/191/2080 3691/192/2081 3692/193/2082
f 3693/187/2099 3694/189/2245 3667/188/2052
f 3667/188/2052 3668/190/2053 3693/187/2099
f 3695/189/2241 3694/189/2245 3693/187/2099
f 3693/187/2099 3700/187/2098 3695/189/2241
f 3696/191/2100 3693/187/2099 3668/190/2053
f 3668/190/2053 3665/192/2055 3696/191/2100
f 3696/191/2100 3665/192/2055 3664/193/2064
f 3664/193/2064 3697/194/2246 3696/191/2100
f 3698/191/2097 3696/191/2100 3697/194/2246
f 3697/194/2246 3699/194/2242 3698/191/2097
f 3693/187/2099 3696/191/2100 3698/191/2097
f 3698/191/2097 3700/187/2098 3693/187/2099
f 3698/191/2097 3699/194/2242 3692/193/2082
f 3692/193/2082 3691/192/2081 3698/191/2097
f 3700/187/2098 3698/191/2097 3691/192/2081
f 3691/192/2081 3686/190/2079 3700/187/2098
f 3685/188/2070 3695/189/2241 3700/187/2098
f 3700/187/2098 3686/190/2079 3685/188/2070
f 3685/188/2070 3684/189/2071 3701/195/2068
f 3701/195/2068 3695/189/2241 3685/188/2070
f 3694/189/2245 3695/189/2241 3701/195/2068
f 3701/195/2068 3704/195/2066 3694/189/2245
f 3702/195/2075 3701/195/2068 3684/189/2071
f 3684/189/2071 3682/189/2076 3702/195/2075
f 3702/195/2075 3682/189/2076 3673/188/2077
f 3673/188/2077 3672/189/2239 3702/195/2075
f 3703/195/2072 3702/195/2075 3672/189/2239
f 3672/189/2239 3670/189/2243 3703/195/2072
f 3701/195/2068 3702/195/2075 3703/195/2072
f 3703/195/2072 3704/195/2066 3701/195/2068
f 3703/195/2072 3670/189/2243 3654/188/2058
f 3654/188/2058 3655/189/2057 3703/195/2072
f 3704/195/2066 3703/195/2072 3655/189/2057
f 3655/189/2057 3657/189/2054 3704/195/2066
f 3667/188/2052 3694/189/2245 3704/195/2066
f 3704/195/2066 3657/189/2054 3667/188/2052
f 3660/193/2061 3676/194/2244 3705/196/2092
f 3705/196/2092 3661/194/2062 3660/193/2061
f 3663/194/2065 3661/194/2062 3705/196/2092
f 3705/196/2092 3707/196/2089 3663/194/2065
f 3706/196/2094 3705/196/2092 3676/194/2244
f 3676/194/2244 3677/194/2240 3706/196/2094
f 3706/196/2094 3677/194/2240 3680/193/2088
f 3680/193/2088 3688/194/2087 3706/196/2094
f 3707/196/2089 3705/196/2092 3706/196/2094
f 3706/196/2094 3708/196/2096 3707/196/2089
f 3664/193/2064 3663/194/2065 3707/196/2089
f 3707/196/2089 3697/194/2246 3664/193/2064
f 3699/194/2242 3697/194/2246 3707/196/2089
f 3707/196/2089 3708/196/2096 3699/194/2242
f 3708/196/2096 3706/196/2094 3688/194/2087
f 3688/194/2087 3689/194/2083 3708/196/2096
f 3692/193/2082 3699/194/2242 3708/196/2096
f 3708/196/2096 3689/194/2083 3692/193/2082
f 3709/187/1995 3711/189/1997 3710/188/1996
f 3710/188/1996 3712/190/1998 3709/187/1995
f 3713/189/1999 3711/189/1997 3709/187/1995
f 3709/187/1995 3722/187/2008 3713/189/1999
f 3714/191/2000 3709/187/1995 3712/190/1998
f 3712/190/1998 3715/192/2001 3714/191/2000
f 3714/191/2000 3715/192/2001 3716/193/2002
f 3716/193/2002 3717/194/2003 3714/191/2000
f 3718/191/2004 3714/191/2000 3717/194/2003
f 3717/194/2003 3719/194/2005 3718/191/2004
f 3709/187/1995 3714/191/2000 3718/191/2004
f 3718/191/2004 3722/187/2008 3709/187/1995
f 3718/191/2004 3719/194/2005 3720/193/2006
f 3720/193/2006 3721/192/2007 3718/191/2004
f 3722/187/2008 3718/191/2004 3721/192/2007
f 3721/192/2007 3724/190/2010 3722/187/2008
f 3723/188/2009 3713/189/1999 3722/187/2008
f 3722/187/2008 3724/190/2010 3723/188/2009
f 3710/188/1996 3726/189/2247 3725/187/2011
f 3725/187/2011 3712/190/1998 3710/188/1996
f 3715/192/2001 3712/190/1998 3725/187/2011
f 3725/187/2011 3731/191/2017 3715/192/2001
f 3727/187/2013 3725/187/2011 3726/189/2247
f 3726/189/2247 3728/189/2248 3727/187/2013
f 3727/187/2013 3728/189/2248 3729/188/2015
f 3729/188/2015 3730/190/2016 3727/187/2013
f 3731/191/2017 3725/187/2011 3727/187/2013
f 3727/187/2013 3734/191/2020 3731/191/2017
f 3716/193/2002 3715/192/2001 3731/191/2017
f 3731/191/2017 3732/194/2249 3716/193/2002
f 3733/194/2250 3732/194/2249 3731/191/2017
f 3731/191/2017 3734/191/2020 3733/194/2250
f 3734/191/2020 3727/187/2013 3730/190/2016
f 3730/190/2016 3735/192/2021 3734/191/2020
f 3736/193/2022 3733/194/2250 3734/191/2020
f 3734/191/2020 3735/192/2021 3736/193/2022
f 3729/188/2015 3738/189/2024 3737/187/2023
f 3737/187/2023 3730/190/2016 3729/188/2015
f 3735/192/2021 3730/190/2016 3737/187/2023
f 3737/187/2023 3743/191/2029 3735/192/2021
f 3739/187/2025 3737/187/2023 3738/189/2024
f 3738/189/2024 3740/189/2026 3739/187/2025
f 3739/187/2025 3740/189/2026 3741/188/2027
f 3741/188/2027 3742/190/2028 3739/187/2025
f 3743/191/2029 3737/187/2023 3739/187/2025
f 3739/187/2025 3746/191/2032 3743/191/2029
f 3736/193/2022 3735/192/2021 3743/191/2029
f 3743/191/2029 3744/194/2030 3736/193/2022
f 3745/194/2031 3744/194/2030 3743/191/2029
f 3743/191/2029 3746/191/2032 3745/194/2031
f 3746/191/2032 3739/187/2025 3742/190/2028
f 3742/190/2028 3747/192/2033 3746/191/2032
f 3748/193/2034 3745/194/2031 3746/191/2032
f 3746/191/2032 3747/192/2033 3748/193/2034
f 3749/187/2035 3750/189/2251 3723/188/2009
f 3723/188/2009 3724/190/2010 3749/187/2035
f 3751/189/2252 3750/189/2251 3749/187/2035
f 3749/187/2035 3756/187/2042 3751/189/2252
f 3752/191/2038 3749/187/2035 3724/190/2010
f 3724/190/2010 3721/192/2007 3752/191/2038
f 3752/191/2038 3721/192/2007 3720/193/2006
f 3720/193/2006 3753/194/2039 3752/191/2038
f 3754/191/2040 3752/191/2038 3753/194/2039
f 3753/194/2039 3755/194/2253 3754/191/2040
f 3749/187/2035 3752/191/2038 3754/191/2040
f 3754/191/2040 3756/187/2042 3749/187/2035
f 3754/191/2040 3755/194/2253 3748/193/2034
f 3748/193/2034 3747/192/2033 3754/191/2040
f 3756/187/2042 3754/191/2040 3747/192/2033
f 3747/192/2033 3742/190/2028 3756/187/2042
f 3741/188/2027 3751/189/2252 3756/187/2042
f 3756/187/2042 3742/190/2028 3741/188/2027
f 3741/188/2027 3740/189/2026 3757/195/2043
f 3757/195/2043 3751/189/2252 3741/188/2027
f 3750/189/2251 3751/189/2252 3757/195/2043
f 3757/195/2043 3760/195/2046 3750/189/2251
f 3758/195/2044 3757/195/2043 3740/189/2026
f 3740/189/2026 3738/189/2024 3758/195/2044
f 3758/195/2044 3738/189/2024 3729/188/2015
f 3729/188/2015 3728/189/2248 3758/195/2044
f 3759/195/2045 3758/195/2044 3728/189/2248
f 3728/189/2248 3726/189/2247 3759/195/2045
f 3757/195/2043 3758/195/2044 3759/195/2045
f 3759/195/2045 3760/195/2046 3757/195/2043
f 3759/195/2045 3726/189/2247 3710/188/1996
f 3710/188/1996 3711/189/1997 3759/195/2045
f 3760/195/2046 3759/195/2045 3711/189/1997
f 3711/189/1997 3713/189/1999 3760/195/2046
f 3723/188/2009 3750/189/2251 3760/195/2046
f 3760/195/2046 3713/189/1999 3723/188/2009
f 3716/193/2002 3732/194/2249 3761/196/2047
f 3761/196/2047 3717/194/2003 3716/193/2002
f 3719/194/2005 3717/194/2003 3761/196/2047
f 3761/196/2047 3763/196/2049 3719/194/2005
f 3762/196/2048 3761/196/2047 3732/194/2249
f 3732/194/2249 3733/194/2250 3762/196/2048
f 3762/196/2048 3733/194/2250 3736/193/2022
f 3736/193/2022 3744/194/2030 3762/196/2048
f 3763/196/2049 3761/196/2047 3762/196/2048
f 3762/196/2048 3764/196/2050 3763/196/2049
f 3720/193/2006 3719/194/2005 3763/196/2049
f 3763/196/2049 3753/194/2039 3720/193/2006
f 3755/194/2253 3753/194/2039 3763/196/2049
f 3763/196/2049 3764/196/2050 3755/194/2253
f 3764/196/2050 3762/196/2048 3744/194/2030
f 3744/194/2030 3745/194/2031 3764/196/2050
f 3748/193/2034 3755/194/2253 3764/196/2050
f 3764/196/2050 3745/194/2031 3748/193/2034
f 3765/187/2105 3767/189/2107 3766/188/2106
f 3766/188/2106 3768/190/2161 3765/187/2105
f 3769/189/2162 3767/189/2107 3765/187/2105
f 3765/187/2105 3778/187/2118 3769/189/2162
f 3770/191/2110 3765/187/2105 3768/190/2161
f 3768/190/2161 3771/192/2111 3770/191/2110
f 3770/191/2110 3771/192/2111 3772/193/2112
f 3772/193/2112 3773/194/2163 3770/191/2110
f 3774/191/2114 3770/191/2110 3773/194/2163
f 3773/194/2163 3775/194/2115 3774/191/2114
f 3765/187/2105 3770/191/2110 3774/191/2114
f 3774/191/2114 3778/187/2118 3765/187/2105
f 3774/191/2114 3775/194/2115 3776/193/2116
f 3776/193/2116 3777/192/2164 3774/191/2114
f 3778/187/2118 3774/191/2114 3777/192/2164
f 3777/192/2164 3780/190/2120 3778/187/2118
f 3779/188/2119 3769/189/2162 3778/187/2118
f 3778/187/2118 3780/190/2120 3779/188/2119
f 3766/188/2106 3782/189/2165 3781/187/2121
f 3781/187/2121 3768/190/2161 3766/188/2106
f 3771/192/2111 3768/190/2161 3781/187/2121
f 3781/187/2121 3787/191/2127 3771/192/2111
f 3783/187/2123 3781/187/2121 3782/189/2165
f 3782/189/2165 3784/189/2166 3783/187/2123
f 3783/187/2123 3784/189/2166 3785/188/2125
f 3785/188/2125 3786/190/2167 3783/187/2123
f 3787/191/2127 3781/187/2121 3783/187/2123
f 3783/187/2123 3790/191/2130 3787/191/2127
f 3772/193/2112 3771/192/2111 3787/191/2127
f 3787/191/2127 3788/194/2168 3772/193/2112
f 3789/194/2169 3788/194/2168 3787/191/2127
f 3787/191/2127 3790/191/2130 3789/194/2169
f 3790/191/2130 3783/187/2123 3786/190/2167
f 3786/190/2167 3791/192/2131 3790/191/2130
f 3792/193/2132 3789/194/2169 3790/191/2130
f 3790/191/2130 3791/192/2131 3792/193/2132
f 3785/188/2125 3794/189/2134 3793/187/2133
f 3793/187/2133 3786/190/2167 3785/188/2125
f 3791/192/2131 3786/190/2167 3793/187/2133
f 3793/187/2133 3799/191/2139 3791/192/2131
f 3795/187/2135 3793/187/2133 3794/189/2134
f 3794/189/2134 3796/189/2170 3795/187/2135
f 3795/187/2135 3796/189/2170 3797/188/2137
f 3797/188/2137 3798/190/2138 3795/187/2135
f 3799/191/2139 3793/187/2133 3795/187/2135
f 3795/187/2135 3802/191/2142 3799/191/2139
f 3792/193/2132 3791/192/2131 3799/191/2139
f 3799/191/2139 3800/194/2171 3792/193/2132
f 3801/194/2141 3800/194/2171 3799/191/2139
f 3799/191/2139 3802/191/2142 3801/194/2141
f 3802/191/2142 3795/187/2135 3798/190/2138
f 3798/190/2138 3803/192/2172 3802/191/2142
f 3804/193/2144 3801/194/2141 3802/191/2142
f 3802/191/2142 3803/192/2172 3804/193/2144
f 3805/187/2145 3806/189/2173 3779/188/2119
f 3779/188/2119 3780/190/2120 3805/187/2145
f 3807/189/2174 3806/189/2173 3805/187/2145
f 3805/187/2145 3812/187/2152 3807/189/2174
f 3808/191/2148 3805/187/2145 3780/190/2120
f 3780/190/2120 3777/192/2164 3808/191/2148
f 3808/191/2148 3777/192/2164 3776/193/2116
f 3776/193/2116 3809/194/2175 3808/191/2148
f 3810/191/2150 3808/191/2148 3809/194/2175
f 3809/194/2175 3811/194/2176 3810/191/2150
f 3805/187/2145 3808/191/2148 3810/191/2150
f 3810/191/2150 3812/187/2152 3805/187/2145
f 3810/191/2150 3811/194/2176 3804/193/2144
f 3804/193/2144 3803/192/2172 3810/191/2150
f 3812/187/2152 3810/191/2150 3803/192/2172
f 3803/192/2172 3798/190/2138 3812/187/2152
f 3797/188/2137 3807/189/2174 3812/187/2152
f 3812/187/2152 3798/190/2138 3797/188/2137
f 3797/188/2137 3796/189/2170 3813/195/2153
f 3813/195/2153 3807/189/2174 3797/188/2137
f 3806/189/2173 3807/189/2174 3813/195/2153
f 3813/195/2153 3816/195/2156 3806/189/2173
f 3814/195/2154 3813/195/2153 3796/189/2170
f 3796/189/2170 3794/189/2134 3814/195/2154
f 3814/195/2154 3794/189/2134 3785/188/2125
f 3785/188/2125 3784/189/2166 3814/195/2154
f 3815/195/2155 3814/195/2154 3784/189/2166
f 3784/189/2166 3782/189/2165 3815/195/2155
f 3813/195/2153 3814/195/2154 3815/195/2155
f 3815/195/2155 3816/195/2156 3813/195/2153
f 3815/195/2155 3782/189/2165 3766/188/2106
f 3766/188/2106 3767/189/2107 3815/195/2155
f 3816/195/2156 3815/195/2155 3767/189/2107
f 3767/189/2107 3769/189/2162 3816/195/2156
f 3779/188/2119 3806/189/2173 3816/195/2156
f 3816/195/2156 3769/189/2162 3779/188/2119
f 3772/193/2112 3788/194/2168 3817/196/2157
f 3817/196/2157 3773/194/2163 3772/193/2112
f 3775/194/2115 3773/194/2163 3817/196/2157
f 3817/196/2157 3819/196/2159 3775/194/2115
f 3818/196/2158 3817/196/2157 3788/194/2168
f 3788/194/2168 3789/194/2169 3818/196/2158
f 3818/196/2158 3789/194/2169 3792/193/2132
f 3792/193/2132 3800/194/2171 3818/196/2158
f 3819/196/2159 3817/196/2157 3818/196/2158
f 3818/196/2158 3820/196/2160 3819/196/2159
f 3776/193/2116 3775/194/2115 3819/196/2159
f 3819/196/2159 3809/194/2175 3776/193/2116
f 3811/194/2176 3809/194/2175 3819/196/2159
f 3819/196/2159 3820/196/2160 3811/194/2176
f 3820/196/2160 3818/196/2158 3800/194/2171
f 3800/194/2171 3801/194/2141 3820/196/2160
f 3804/193/2144 3811/194/2176 3820/196/2160
f 3820/196/2160 3801/194/2141 3804/193/2144
f 3821/187/2177 3823/189/2179 3822/188/2178
f 3822/188/2178 3824/190/2180 3821/187/2177
f 3825/189/2181 3823/189/2179 3821/187/2177
f 3821/187/2177 3834/187/2190 3825/189/2181
f 3826/191/2182 3821/187/2177 3824/190/2180
f 3824/190/2180 3827/192/2183 3826/191/2182
f 3826/191/2182 3827/192/2183 3828/193/2184
f 3828/193/2184 3829/194/2185 3826/191/2182
f 3830/191/2186 3826/191/2182 3829/194/2185
f 3829/194/2185 3831/194/2187 3830/191/2186
f 3821/187/2177 3826/191/2182 3830/191/2186
f 3830/191/2186 3834/187/2190 3821/187/2177
f 3830/191/2186 3831/194/2187 3832/193/2188
f 3832/193/2188 3833/192/2189 3830/191/2186
f 3834/187/2190 3830/191/2186 3833/192/2189
f 3833/192/2189 3836/190/2192 3834/187/2190
f 3835/188/2191 3825/189/2181 3834/187/2190
f 3834/187/2190 3836/190/2192 3835/188/2191
f 3822/188/2178 3838/189/2233 3837/187/2193
f 3837/187/2193 3824/190/2180 3822/188/2178
f 3827/192/2183 3824/190/2180 3837/187/2193
f 3837/187/2193 3843/191/2199 3827/192/2183
f 3839/187/2195 3837/187/2193 3838/189/2233
f 3838/189/2233 3840/189/2234 3839/187/2195
f 3839/187/2195 3840/189/2234 3841/188/2197
f 3841/188/2197 3842/190/2198 3839/187/2195
f 3843/191/2199 3837/187/2193 3839/187/2195
f 3839/187/2195 3846/191/2202 3843/191/2199
f 3828/193/2184 3827/192/2183 3843/191/2199
f 3843/191/2199 3844/194/2235 3828/193/2184
f 3845/194/2236 3844/194/2235 3843/191/2199
f 3843/191/2199 3846/191/2202 3845/194/2236
f 3846/191/2202 3839/187/2195 3842/190/2198
f 3842/190/2198 3847/192/2203 3846/191/2202
f 3848/193/2204 3845/194/2236 3846/191/2202
f 3846/191/2202 3847/192/2203 3848/193/2204
f 3841/188/2197 3850/189/2206 3849/187/2205
f 3849/187/2205 3842/190/2198 3841/188/2197
f 3847/192/2203 3842/190/2198 3849/187/2205
f 3849/187/2205 3855/191/2211 3847/192/2203
f 3851/187/2207 3849/187/2205 3850/189/2206
f 3850/189/2206 3852/189/2208 3851/187/2207
f 3851/187/2207 3852/189/2208 3853/188/2209
f 3853/188/2209 3854/190/2210 3851/187/2207
f 3855/191/2211 3849/187/2205 3851/187/2207
f 3851/187/2207 3858/191/2214 3855/191/2211
f 3848/193/2204 3847/192/2203 3855/191/2211
f 3855/191/2211 3856/194/2212 3848/193/2204
f 3857/194/2213 3856/194/2212 3855/191/2211
f 3855/191/2211 3858/191/2214 3857/194/2213
f 3858/191/2214 3851/187/2207 3854/190/2210
f 3854/190/2210 3859/192/2215 3858/191/2214
f 3860/193/2216 3857/194/2213 3858/191/2214
f 3858/191/2214 3859/192/2215 3860/193/2216
f 3861/187/2217 3862/189/2237 3835/188/2191
f 3835/188/2191 3836/190/2192 3861/187/2217
f 3863/189/2219 3862/189/2237 3861/187/2217
f 3861/187/2217 3868/187/2224 3863/189/2219
f 3864/191/2220 3861/187/2217 3836/190/2192
f 3836/190/2192 3833/192/2189 3864/191/2220
f 3864/191/2220 3833/192/2189 3832/193/2188
f 3832/193/2188 3865/194/2238 3864/191/2220
f 3866/191/2222 3864/191/2220 3865/194/2238
f 3865/194/2238 3867/194/2223 3866/191/2222
f 3861/187/2217 3864/191/2220 3866/191/2222
f 3866/191/2222 3868/187/2224 3861/187/2217
f 3866/191/2222 3867/194/2223 3860/193/2216
f 3860/193/2216 3859/192/2215 3866/191/2222
f 3868/187/2224 3866/191/2222 3859/192/2215
f 3859/192/2215 3854/190/2210 3868/187/2224
f 3853/188/2209 3863/189/2219 3868/187/2224
f 3868/187/2224 3854/190/2210 3853/188/2209
f 3853/188/2209 3852/189/2208 3869/195/2225
f 3869/195/2225 3863/189/2219 3853/188/2209
f 3862/189/2237 3863/189/2219 3869/195/2225
f 3869/195/2225 3872/195/2228 3862/189/2237
f 3870/195/2226 3869/195/2225 3852/189/2208
f 3852/189/2208 3850/189/2206 3870/195/2226
f 3870/195/2226 3850/189/2206 3841/188/2197
f 3841/188/2197 3840/189/2234 3870/195/2226
f 3871/195/2227 3870/195/2226 3840/189/2234
f 3840/189/2234 3838/189/2233 3871/195/2227
f 3869/195/2225 3870/195/2226 3871/195/2227
f 3871/195/2227 3872/195/2228 3869/195/2225
f 3871/195/2227 3838/189/2233 3822/188/2178
f 3822/188/2178 3823/189/2179 3871/195/2227
f 3872/195/2228 3871/195/2227 3823/189/2179
f 3823/189/2179 3825/189/2181 3872/195/2228
f 3835/188/2191 3862/189/2237 3872/195/2228
f 3872/195/2228 3825/189/2181 3835/188/2191
f 3828/193/2184 3844/194/2235 3873/196/2229
f 3873/196/2229 3829/194/2185 3828/193/2184
f 3831/194/2187 3829/194/2185 3873/196/2229
f 3873/196/2229 3875/196/2231 3831/194/2187
f 3874/196/2230 3873/196/2229 3844/194/2235
f 3844/194/2235 3845/194/2236 3874/196/2230
f 3874/196/2230 3845/194/2236 3848/193/2204
f 3848/193/2204 3856/194/2212 3874/196/2230
f 3875/196/2231 3873/196/2229 3874/196/2230
f 3874/196/2230 3876/196/2232 3875/196/2231
f 3832/193/2188 3831/194/2187 3875/196/2231
f 3875/196/2231 3865/194/2238 3832/193/2188
f 3867/194/2223 3865/194/2238 3875/196/2231
f 3875/196/2231 3876/196/2232 3867/194/2223
f 3876/196/2232 3874/196/2230 3856/194/2212
f 3856/194/2212 3857/194/2213 3876/196/2232
f 3860/193/2216 3867/194/2223 3876/196/2232
f 3876/196/2232 3857/194/2213 3860/193/2216
f 3877/187/2056 3879/189/2057 3878/188/2058
f 3878/188/2058 3880/190/2059 3877/187/2056
f 3881/189/2054 3879/189/2057 3877/187/2056
f 3877/187/2056 3890/187/2051 3881/189/2054
f 3882/191/1401 3877/187/2056 3880/190/2059
f 3880/190/2059 3883/192/2060 3882/191/1401
f 3882/191/1401 3883/192/2060 3884/193/2061
f 3884/193/2061 3885/194/2062 3882/191/1401
f 3886/191/2063 3882/191/1401 3885/194/2062
f 3885/194/2062 3887/194/2065 3886/191/2063
f 3877/187/2056 3882/191/1401 3886/191/2063
f 3886/191/2063 3890/187/2051 3877/187/2056
f 3886/191/2063 3887/194/2065 3888/193/2064
f 3888/193/2064 3889/192/2055 3886/191/2063
f 3890/187/2051 3886/191/2063 3889/192/2055
f 3889/192/2055 3892/190/2053 3890/187/2051
f 3891/188/2052 3881/189/2054 3890/187/2051
f 3890/187/2051 3892/190/2053 3891/188/2052
f 3878/188/2058 3894/189/2243 3893/187/2101
f 3893/187/2101 3880/190/2059 3878/188/2058
f 3883/192/2060 3880/190/2059 3893/187/2101
f 3893/187/2101 3899/191/2103 3883/192/2060
f 3895/187/2102 3893/187/2101 3894/189/2243
f 3894/189/2243 3896/189/2239 3895/187/2102
f 3895/187/2102 3896/189/2239 3897/188/2077
f 3897/188/2077 3898/190/2085 3895/187/2102
f 3899/191/2103 3893/187/2101 3895/187/2102
f 3895/187/2102 3902/191/2104 3899/191/2103
f 3884/193/2061 3883/192/2060 3899/191/2103
f 3899/191/2103 3900/194/2244 3884/193/2061
f 3901/194/2240 3900/194/2244 3899/191/2103
f 3899/191/2103 3902/191/2104 3901/194/2240
f 3902/191/2104 3895/187/2102 3898/190/2085
f 3898/190/2085 3903/192/2086 3902/191/2104
f 3904/193/2088 3901/194/2240 3902/191/2104
f 3902/191/2104 3903/192/2086 3904/193/2088
f 3897/188/2077 3906/189/2076 3905/187/2084
f 3905/187/2084 3898/190/2085 3897/188/2077
f 3903/192/2086 3898/190/2085 3905/187/2084
f 3905/187/2084 3911/191/1435 3903/192/2086
f 3907/187/2078 3905/187/2084 3906/189/2076
f 3906/189/2076 3908/189/2071 3907/187/2078
f 3907/187/2078 3908/189/2071 3909/188/2070
f 3909/188/2070 3910/190/2079 3907/187/2078
f 3911/191/1435 3905/187/2084 3907/187/2078
f 3907/187/2078 3914/191/2080 3911/191/1435
f 3904/193/2088 3903/192/2086 3911/191/1435
f 3911/191/1435 3912/194/2087 3904/193/2088
f 3913/194/2083 3912/194/2087 3911/191/1435
f 3911/191/1435 3914/191/2080 3913/194/2083
f 3914/191/2080 3907/187/2078 3910/190/2079
f 3910/190/2079 3915/192/2081 3914/191/2080
f 3916/193/2082 3913/194/2083 3914/191/2080
f 3914/191/2080 3915/192/2081 3916/193/2082
f 3917/187/2099 3918/189/2245 3891/188/2052
f 3891/188/2052 3892/190/2053 3917/187/2099
f 3919/189/2241 3918/189/2245 3917/187/2099
f 3917/187/2099 3924/187/2098 3919/189/2241
f 3920/191/2100 3917/187/2099 3892/190/2053
f 3892/190/2053 3889/192/2055 3920/191/2100
f 3920/191/2100 3889/192/2055 3888/193/2064
f 3888/193/2064 3921/194/2246 3920/191/2100
f 3922/191/2097 3920/191/2100 3921/194/2246
f 3921/194/2246 3923/194/2242 3922/191/2097
f 3917/187/2099 3920/191/2100 3922/191/2097
f 3922/191/2097 3924/187/2098 3917/187/2099
f 3922/191/2097 3923/194/2242 3916/193/2082
f 3916/193/2082 3915/192/2081 3922/191/2097
f 3924/187/2098 3922/191/2097 3915/192/2081
f 3915/192/2081 3910/190/2079 3924/187/2098
f 3909/188/2070 3919/189/2241 3924/187/2098
f 3924/187/2098 3910/190/2079 3909/188/2070
f 3909/188/2070 3908/189/2071 3925/195/2068
f 3925/195/2068 3919/189/2241 3909/188/2070
f 3918/189/2245 3919/189/2241 3925/195/2068
f 3925/195/2068 3928/195/2066 3918/189/2245
f 3926/195/2075 3925/195/2068 3908/189/2071
f 3908/189/2071 3906/189/2076 3926/195/2075
f 3926/195/2075 3906/189/2076 3897/188/2077
f 3897/188/2077 3896/189/2239 3926/195/2075
f 3927/195/2072 3926/195/2075 3896/189/2239
f 3896/189/2239 3894/189/2243 3927/195/2072
f 3925/195/2068 3926/195/2075 3927/195/2072
f 3927/195/2072 3928/195/2066 3925/195/2068
f 3927/195/2072 3894/189/2243 3878/188/2058
f 3878/188/2058 3879/189/2057 3927/195/2072
f 3928/195/2066 3927/195/2072 3879/189/2057
f 3879/189/2057 3881/189/2054 3928/195/2066
f 3891/188/2052 3918/189/2245 3928/195/2066
f 3928/195/2066 3881/189/2054 3891/188/2052
f 3884/193/2061 3900/194/2244 3929/196/2092
f 3929/196/2092 3885/194/2062 3884/193/2061
f 3887/194/2065 3885/194/2062 3929/196/2092
f 3929/196/2092 3931/196/2089 3887/194/2065
f 3930/196/2094 3929/196/2092 3900/194/2244
f 3900/194/2244 3901/194/2240 3930/196/2094
f 3930/196/2094 3901/194/2240 3904/193/2088
f 3904/193/2088 3912/194/2087 3930/196/2094
f 3931/196/2089 3929/196/2092 3930/196/2094
f 3930/196/2094 3932/196/2096 3931/196/2089
f 3888/193/2064 3887/194/2065 3931/196/2089
f 3931/196/2089 3921/194/2246 3888/193/2064
f 3923/194/2242 3921/194/2246 3931/196/2089
f 3931/196/2089 3932/196/2096 3923/194/2242
f 3932/196/2096 3930/196/2094 3912/194/2087
f 3912/194/2087 3913/194/2083 3932/196/2096
f 3916/193/2082 3923/194/2242 3932/196/2096
f 3932/196/2096 3913/194/2083 3916/193/2082

