# ProBuilder 6.1.2
# https://unity3d.com/unity/features/worldbuilding/probuilder
# 22.09.2026 0:41:49

mtllib ./Part1.mtl
o Part1

g platform_014
v 3.230471 4.667422 -12
v 3.25 4.740297 -12
v 3.25 5.259714 -12
v 3.230471 5.332588 -12
v 3.177118 4.61409 -12
v 3.177118 5.38592 -12
v 3.104235 4.594592 -12
v 3.104235 5.405418 -12
v 2.095765 4.595004 -12
v 2.095765 5.405006 -12
v 2.022883 4.614563 -12
v 2.022883 5.385448 -12
v 1.96953 4.667939 -12
v 1.96953 5.332071 -12
v 1.950001 4.740829 -12
v 1.950001 5.259181 -12
v 2.095765 0.4815566 -1.637799
v 2.095766 5.328451 -10.3622
v 3.104236 5.328863 -10.3622
v 3.104235 0.4819681 -1.637797
v 3.177118 5.309061 -10.36165
v 3.177118 5.347489 -10.45082
v 3.104236 5.36714 -10.4511
v 2.095766 5.366728 -10.4511
v 3.104236 5.395162 -10.55618
v 2.095766 5.39475 -10.55618
v 3.177118 0.4627739 -1.638345
v 3.104235 0.4436909 -1.548898
v 3.177118 0.4243452 -1.549173
v 2.095765 0.4432789 -1.5489
v 2.095765 0.415258 -1.443823
v 3.104235 0.41567 -1.443821
v 3.177118 0.3962127 -1.443896
v 0.7810727 5.250005 -11.95234
v 1.950001 5.203166 -12
v 1.950001 5.250005 -11.95234
v 0.7810727 5.203166 -12
v -0.7810713 5.203166 -12
v -0.7810713 5.250005 -11.95234
v 0.7810727 4.750005 -11.95234
v 1.950001 4.750005 -10.63192
v 1.950001 4.750005 -11.95234
v 0.7810732 4.750005 -10.63192
v 1.950001 4.73983 -10.53583
v -0.7810708 4.750005 -10.63192
v -0.7810713 4.750005 -11.95234
v -1.949999 4.750005 -11.95234
v -1.949999 4.750005 -10.63192
v -0.7810708 4.73983 -10.53582
v -1.949999 4.73983 -10.53582
v 0.7810732 4.73983 -10.53583
v 1.950001 4.712032 -10.42904
v -0.7810708 4.712032 -10.42904
v -1.949999 4.712032 -10.42904
v 0.7810732 4.712032 -10.42904
v 1.950001 4.674058 -10.34019
v -0.7810707 4.674058 -10.34019
v -1.949999 4.674058 -10.34018
v -1.949999 -0.1746722 -1.658699
v 0.7810733 4.674058 -10.34019
v -0.7810713 -0.174672 -1.6587
v 0.7810727 -0.1746719 -1.6587
v 1.950001 -0.1746717 -1.6587
v 1.950001 -0.2123357 -1.570566
v -0.7810711 -0.212336 -1.570567
v -1.949999 -0.2123361 -1.570567
v 0.7810729 -0.2123358 -1.570566
v 1.950001 -0.2399078 -1.464655
v -0.7810711 -0.2399082 -1.464657
v -1.949999 -0.2399083 -1.464657
v 0.7810729 -0.239908 -1.464656
v 1.950001 -0.2499996 -1.369346
v -0.7810711 -0.2499996 -1.369346
v -1.949999 -0.2499996 -1.369346
v 0.7810729 -0.2499996 -1.369346
v 1.950001 -0.2499996 -0.04765767
v 0.7810729 -0.2499996 -0.04765756
v -0.7810711 -0.2499996 -0.04765742
v -1.949999 -0.2499996 -0.04765731
v -1.969528 4.667939 -11.99999
v -1.949999 4.740829 -11.99999
v -1.949999 5.259181 -11.99999
v -1.969528 5.332071 -11.99999
v -2.022881 4.614563 -11.99999
v -2.022881 5.385448 -11.99999
v -2.095763 4.595004 -11.99999
v -2.095763 5.405006 -11.99999
v -3.104234 4.594592 -11.99999
v -3.104234 5.405418 -11.99999
v -3.177116 4.61409 -11.99999
v -3.177116 5.38592 -11.99999
v -3.230469 4.667422 -11.99999
v -3.230469 5.332588 -11.99999
v -3.249998 4.740297 -11.99999
v -3.249998 5.259714 -11.99999
v -3.177116 -0.309055 -1.638345
v -3.230469 4.590068 -10.36076
v -3.230469 -0.2552281 -1.639235
v -3.177115 4.537232 -10.36165
v -3.177116 -0.3474838 -1.549173
v -3.230469 -0.2939039 -1.549617
v -3.177115 4.575661 -10.45082
v -3.230469 4.628745 -10.45037
v -3.230469 4.667422 -10.64927
v -3.249998 4.740297 -10.64927
v -3.230469 4.657058 -10.55598
v -3.249997 4.729882 -10.55589
v -3.249998 5.259714 -10.64927
v -3.230469 5.332588 -10.64927
v -3.249997 5.249299 -10.55589
v -3.249997 4.70143 -10.45004
v -3.249997 5.220848 -10.45004
v -3.177116 5.38592 -10.64927
v -3.104233 5.405418 -10.64927
v -2.095763 5.405006 -10.64927
v -2.022881 5.385448 -10.64927
v -2.095763 5.39475 -10.55617
v -3.104233 5.395162 -10.55617
v -3.177115 5.375622 -10.5561
v -3.177115 5.347489 -10.45082
v -3.104233 5.36714 -10.45109
v -3.249998 0.3374406 -1.639916
v -3.230469 5.255234 -10.36076
v -3.230469 0.4099375 -1.639235
v -3.249997 5.181982 -10.36008
v -3.249998 -0.1819764 -1.639916
v -3.249997 4.662564 -10.36008
v -3.249998 -0.220841 -1.549959
v -3.230469 -0.3222176 -1.444013
v -3.249998 -0.2492929 -1.444106
v -2.022881 4.614563 -10.64927
v -2.095763 4.595004 -10.64927
v -2.022881 4.604266 -10.5561
v -3.104233 4.594592 -10.64927
v -2.095763 4.584747 -10.55617
v -2.022881 4.576133 -10.45082
v -2.095763 4.556726 -10.45109
v -3.104233 4.584336 -10.55617
v -3.177116 4.61409 -10.64927
v -3.104233 4.556314 -10.45109
v -3.177115 4.603794 -10.5561
v -2.095763 4.518449 -10.3622
v -3.104233 4.518037 -10.3622
v -2.095763 -0.3284456 -1.637799
v -3.104234 -0.3288575 -1.637797
v -2.095763 -0.3667232 -1.5489
v -3.104234 -0.3671347 -1.548898
v -2.095763 -0.3947445 -1.443822
v -3.104234 -0.3951555 -1.443821
v -3.177116 -0.3756162 -1.443896
v -1.949999 -0.1814433 -1.639918
v -1.969528 4.590584 -10.36075
v -1.969528 -0.2547117 -1.639238
v -1.949999 4.663096 -10.36007
v -1.949999 0.3369094 -1.639918
v -1.949999 5.181449 -10.36007
v -1.969528 0.4094216 -1.639238
v -1.969528 5.254717 -10.36075
v -1.949999 4.701963 -10.45003
v -1.949999 5.220315 -10.45003
v -1.969528 4.629261 -10.45037
v -1.949999 4.730414 -10.55589
v -1.949999 5.248767 -10.55589
v -1.969528 5.332071 -10.64927
v -1.949999 5.259181 -10.64927
v -1.949999 4.740829 -10.64927
v -1.969528 4.667939 -10.64927
v -1.969528 4.657575 -10.55598
v 3.230471 -0.2552281 -1.639236
v 3.230471 4.590068 -10.36076
v 3.177118 4.537232 -10.36165
v 3.177118 -0.309055 -1.638345
v 3.177118 4.575661 -10.45082
v 3.230471 4.628745 -10.45038
v 3.177118 -0.3474838 -1.549173
v 3.230471 -0.2939039 -1.549617
v 3.230471 0.4099375 -1.639236
v 3.230471 5.255234 -10.36076
v 3.25 5.181982 -10.36008
v 3.25 0.3374406 -1.639917
v 3.25 4.662564 -10.36008
v 3.25 -0.1819764 -1.639917
v 3.25 4.70143 -10.45004
v 3.25 5.220848 -10.45004
v 3.230471 4.657058 -10.55598
v 3.25 4.729882 -10.55589
v 3.25 -0.220841 -1.549959
v 3.25 -0.2492929 -1.444106
v 3.230471 -0.3222176 -1.444014
v 1.96953 -0.2547117 -1.639238
v 1.96953 4.590584 -10.36076
v 1.950001 4.663096 -10.36008
v 1.950001 -0.1814433 -1.639918
v 1.950001 5.181449 -10.36008
v 1.950001 0.3369094 -1.639918
v 1.96953 5.254717 -10.36076
v 1.96953 0.4094216 -1.639238
v 1.950001 5.220315 -10.45004
v 1.950001 4.701963 -10.45004
v 1.96953 4.629261 -10.45038
v 1.950001 5.248767 -10.55589
v 1.950001 4.730414 -10.55589
v -1.969528 0.3320671 -2.9E-07
v -1.949999 0.2591768 -2.9E-07
v -1.949999 -0.2591759 -2.9E-07
v -1.969528 -0.3320662 -2.9E-07
v -2.022881 0.3854429 -2.7E-07
v -2.022881 -0.3854414 -2.7E-07
v -2.095763 0.4050018 -2.5E-07
v -2.095763 -0.4050008 -2.5E-07
v -3.104234 0.4054133 8E-08
v -3.104234 -0.4054123 8E-08
v -3.177116 0.385915 1.1E-07
v -3.177116 -0.385914 1.1E-07
v -3.230469 0.3325835 1.2E-07
v -3.230469 -0.3325821 1.2E-07
v -3.249998 0.259709 1.3E-07
v -3.249998 -0.259708 1.3E-07
v -1.969528 -0.3320662 -1.350722
v -2.022881 -0.3854414 -1.350722
v -0.7810711 0.2500006 -0.04765742
v -1.949999 0.2031613 1.61E-06
v -1.949999 0.2500006 -0.04765731
v -0.7810711 0.2031613 1.5E-06
v 0.7810729 0.2031613 1.36E-06
v 0.7810729 0.2500006 -0.04765756
v 3.230471 0.3325835 -1.2E-07
v 3.25 0.259709 -1.3E-07
v 3.25 -0.259708 -1.3E-07
v 3.230471 -0.3325821 -1.2E-07
v 3.177118 0.385915 -1.1E-07
v 3.177118 -0.385914 -1.1E-07
v 3.104235 0.4054133 -8E-08
v 3.104235 -0.4054123 -8E-08
v 2.095765 0.4050018 2.5E-07
v 2.095765 -0.4050008 2.5E-07
v 2.022883 0.3854429 2.7E-07
v 2.022883 -0.3854414 2.7E-07
v 1.96953 0.3320671 2.9E-07
v 1.96953 -0.3320662 2.9E-07
v 1.950001 0.2591768 2.9E-07
v 1.950001 -0.2591759 2.9E-07
v -3.177116 -0.385914 -1.350721
v -3.230469 -0.3325821 -1.350721
v 2.022883 -0.3854414 -1.350722
v 1.96953 -0.3320662 -1.350722
v 2.022883 0.3854429 -1.350722
v 1.96953 0.3320671 -1.350722
v 2.022883 0.3957402 -1.443896
v 1.96953 0.3424307 -1.444014
v 2.022883 0.4238726 -1.549174
v 1.96953 0.3707443 -1.549618
v 3.177118 -0.385914 -1.350721
v 3.104235 -0.4054123 -1.350721
v 2.095765 -0.4050008 -1.350722
v 2.095765 -0.3947445 -1.443823
v 3.104235 -0.3951555 -1.443821
v 3.177118 -0.3756162 -1.443896
v 3.230471 -0.3325821 -1.350721
v 3.25 -0.259708 -1.350721
v 3.25 0.259709 -1.350721
v 3.25 0.270124 -1.444106
v 3.230471 0.3325835 -1.350721
v 3.230471 0.3429466 -1.444014
v 3.177118 0.385915 -1.350721
v 3.104235 0.4054133 -1.350721
v 2.095765 0.4050018 -1.350722
v 1.950001 -0.2591759 -1.350722
v 1.950001 0.2591768 -1.350722
v 1.950001 0.2695905 -1.444107
v 1.950001 -0.2487622 -1.444107
v 1.950001 0.2980429 -1.54996
v 3.230471 0.3712603 -1.549617
v -1.949999 4.796844 -11.99999
v -1.949999 5.203166 -11.99999
v -0.7810713 4.796844 -12
v 0.7810727 4.796844 -12
v -2.022881 0.3854429 -1.350722
v -1.969528 0.3320671 -1.350722
v -1.969528 0.3424307 -1.444016
v -2.022881 0.3957402 -1.443896
v -1.969528 0.3707443 -1.54962
v -2.022881 0.4238726 -1.549174
v -3.104234 -0.4054123 -1.350721
v -2.095763 -0.4050008 -1.350722
v -3.249998 -0.259708 -1.350721
v -3.249998 0.259709 -1.350721
v -3.230469 0.3325835 -1.350721
v -3.230469 0.3429466 -1.444013
v -3.249998 0.270124 -1.444106
v -3.177116 0.385915 -1.350721
v -3.104234 0.4054133 -1.350721
v -2.095763 0.4050018 -1.350722
v -2.095763 0.415258 -1.443822
v -3.104234 0.41567 -1.443821
v -3.177116 0.3962127 -1.443896
v -1.949999 -0.2591759 -1.350722
v -1.949999 0.2591768 -1.350722
v -1.949999 -0.2487622 -1.444106
v -1.949999 0.2695905 -1.444106
v -1.949999 0.2980429 -1.54996
v -3.177116 0.4243452 -1.549173
v -3.230469 0.3712603 -1.549617
v 1.950001 -0.2031604 1.25E-06
v 1.950001 0.2031613 1.25E-06
v 0.7810729 -0.2031604 1.36E-06
v -0.7810711 -0.2031604 1.5E-06
v 3.177118 4.61409 -10.64927
v 3.230471 4.667422 -10.64927
v 3.177118 4.603794 -10.5561
v 2.095765 5.405006 -10.64927
v 2.022883 5.385448 -10.64927
v 3.104235 5.405418 -10.64927
v 3.177118 5.38592 -10.64927
v 3.177118 5.375622 -10.5561
v 1.96953 5.332071 -10.64927
v 1.950001 5.259181 -10.64927
v 1.950001 4.740829 -10.64927
v 1.96953 4.667939 -10.64927
v 1.96953 4.657575 -10.55598
v 3.25 5.259714 -10.64927
v 3.230471 5.332588 -10.64927
v 3.25 4.740297 -10.64927
v 3.25 5.249299 -10.55589
v 2.022883 4.614563 -10.64927
v 2.022883 4.604266 -10.5561
v 2.022883 4.576133 -10.45082
v 2.095765 4.595004 -10.64927
v 3.104235 4.594592 -10.64927
v 3.104236 4.584336 -10.55618
v 2.095766 4.584747 -10.55618
v 2.095766 4.556726 -10.4511
v 3.104236 4.556314 -10.4511
v 3.104236 4.518037 -10.3622
v 2.095766 4.518449 -10.3622
v 3.104235 -0.3288575 -1.637797
v 2.095765 -0.328446 -1.637799
v 3.104235 -0.3671347 -1.548898
v 2.095765 -0.3667237 -1.5489
v -3.177115 5.309061 -10.36165
v -3.104233 5.328863 -10.3622
v -3.177116 0.4627739 -1.638345
v -3.104234 0.4819681 -1.637797
v -2.095763 5.328451 -10.3622
v -2.095763 0.4815571 -1.637799
v -3.104234 0.4436909 -1.548898
v -2.095763 0.4432794 -1.5489
v -2.095763 5.366728 -10.45109
v -2.022881 5.308588 -10.36165
v -2.022881 0.4623024 -1.638346
v -2.022881 5.347017 -10.45082
v -2.022881 5.37515 -10.5561
v -3.230469 5.293911 -10.45037
v -3.230469 5.322224 -10.55598
v -2.022881 4.537704 -10.36165
v -2.022881 -0.3085819 -1.638346
v -2.022881 -0.3470117 -1.549174
v -2.022881 -0.3751446 -1.443896
v -1.969528 -0.293389 -1.54962
v -1.969528 5.293394 -10.45037
v -1.969528 5.321708 -10.55598
v 3.230471 5.293911 -10.45038
v 3.230471 5.322224 -10.55598
v 2.022883 4.537704 -10.36165
v 2.022883 -0.3085819 -1.638346
v 2.022883 -0.3470117 -1.549174
v 2.022883 -0.3751446 -1.443896
v 1.96953 -0.293389 -1.549618
v 1.96953 5.293394 -10.45038
v 1.96953 5.321708 -10.55598
v 2.022883 5.347018 -10.45082
v 2.022883 5.308588 -10.36165
v 2.022883 0.4623024 -1.638346
v 2.022883 5.37515 -10.5561
v 1.950001 -0.2203098 -1.54996
v 1.96953 -0.3217026 -1.444014
v 3.25 0.298576 -1.549959
v -3.249998 0.298576 -1.549959
v -1.969528 -0.3217026 -1.444016
v -1.949999 -0.2203098 -1.54996
v -1.949999 5.250005 -10.63192
v -1.949999 5.250005 -11.95234
v -0.7810708 5.250005 -10.63192
v -1.949999 5.23983 -10.53582
v 0.7810732 5.250005 -10.63192
v 1.950001 5.250005 -10.63192
v 0.7810732 5.23983 -10.53583
v 1.950001 5.23983 -10.53583
v -0.7810708 5.23983 -10.53582
v -1.949999 5.212032 -10.42904
v 0.7810732 5.212032 -10.42904
v 1.950001 5.212032 -10.42904
v -0.7810708 5.212032 -10.42904
v -1.949999 5.174058 -10.34018
v 0.7810733 5.174058 -10.34019
v 1.950001 5.174058 -10.34019
v 1.950001 0.325328 -1.6587
v -0.7810707 5.174058 -10.34019
v 0.7810727 0.3253281 -1.6587
v -0.7810713 0.3253283 -1.6587
v -1.949999 0.3253285 -1.658699
v -1.949999 0.2876645 -1.570567
v 0.7810729 0.2876642 -1.570566
v 1.950001 0.287664 -1.570566
v -0.7810711 0.2876644 -1.570567
v -1.949999 0.2600923 -1.464657
v 0.7810729 0.260092 -1.464656
v 1.950001 0.2600919 -1.464655
v -0.7810711 0.2600922 -1.464657
v -1.949999 0.2500006 -1.369346
v 0.7810729 0.2500006 -1.369346
v 1.950001 0.2500006 -1.369346
v -0.7810711 0.2500006 -1.369346
v 1.950001 0.2500006 -0.04765767
v -1.949999 -0.2031604 1.61E-06
v 1.950001 4.796844 -12
v -0.7836697 -0.2499994 0.04765271
v -1.95 -0.2031603 -8.844789E-06
v -1.95 -0.2499994 0.04765198
v -0.7836697 -0.2031603 -8.112527E-06
v 0.7836673 -0.2031603 -7.128502E-06
v 0.7836672 -0.2499994 0.0476537
v 0.7836672 0.2500004 0.04765368
v 1.949998 0.2031612 -6.414002E-06
v 1.949998 0.2500004 0.04765442
v 0.7836673 0.2031612 -7.146263E-06
v -0.7836697 0.2031612 -8.130288E-06
v -0.7836697 0.2500004 0.0476527
v 1.949994 0.2500009 5.991304
v 0.7836635 0.2500009 5.991303
v -0.7836734 0.2500009 5.991302
v -1.95 0.2500004 0.04765197
v -1.950004 0.2500009 5.991301
v 1.949998 -0.2499994 0.04765443
v 1.949998 -0.2031603 -6.396242E-06
v -1.950004 -0.2031597 6.038954
v -1.950004 0.2031617 6.038954
v -0.7836735 0.2031617 6.038955
v -0.7836735 -0.2031597 6.038955
v 0.7836635 -0.2031597 6.038956
v 0.7836635 0.2031617 6.038956
v 1.949994 -0.2499989 5.991304
v 0.7836635 -0.2499989 5.991303
v -0.7836734 -0.2499989 5.991302
v -1.950004 -0.2499989 5.991301
v -1.969533 -0.3320653 5.803259
v -1.950004 -0.2596886 5.785803
v -1.921308 -0.259698 5.892897
v -1.940561 -0.3320683 5.911391
v -1.950004 0.259177 5.785811
v -1.969533 0.3325652 5.803252
v -1.940559 0.3325744 5.911383
v -1.921309 0.2591802 5.892905
v -3.230476 -0.3325817 7.064207
v -3.177122 -0.3859131 7.007032
v -3.147639 -0.3859108 7.117071
v -3.201503 -0.3325792 7.172338
v -3.230476 0.3325837 7.064207
v -3.250005 0.2591928 7.085814
v -3.250005 -0.2591906 7.085814
v -3.221311 -0.2591827 7.192907
v 3.014211 0.3325659 7.280466
v -3.014222 0.3325659 7.280462
v -2.957043 0.3858984 7.22711
v 2.957032 0.3858984 7.227114
v 3.067072 0.3859068 7.197634
v 3.122338 0.3325748 7.251497
v 3.147627 0.385913 7.117075
v 3.201492 0.3325814 7.172342
v -2.881181 0.4053987 7.154226
v 2.88117 0.4053987 7.15423
v -2.99271 0.4054062 7.124342
v -3.067084 0.3859068 7.197622
v 1.872695 0.40502 6.145761
v -1.872704 0.40502 6.145759
v -1.802796 0.3859151 6.072875
v 1.984227 0.405011 6.115877
v 2.9927 0.4054062 7.124346
v 1.802786 0.3859151 6.072877
v -1.753265 0.3325837 6.019523
v 1.753256 0.3325837 6.019525
v -1.8614 0.3325812 5.990546
v -1.912841 0.3859128 6.043387
v -3.074357 0.4054117 7.0427
v -3.147638 0.385913 7.117071
v -2.065885 0.4050044 6.034224
v -1.984237 0.405011 6.115874
v -2.095769 0.405002 5.92269
v -3.10424 0.4054137 6.931166
v -3.177122 0.3859152 7.007025
v -3.201503 0.3325814 7.172331
v -2.022887 0.385898 5.852782
v -1.9934 0.3859066 5.962828
v -3.10424 -0.4054117 6.931173
v -3.074358 -0.4054096 7.0427
v -2.095769 -0.4049999 5.922705
v -2.022887 -0.3858959 5.852805
v -1.993404 -0.3859045 5.962836
v -2.065887 -0.4050023 6.034232
v -1.912853 -0.3859107 6.043395
v -1.984244 -0.4050089 6.115874
v -2.992715 -0.405404 7.124342
v -3.221311 0.259185 7.192907
v -3.142917 0.2591793 7.271299
v -3.142917 -0.259177 7.271299
v -3.035829 -0.259175 7.299994
v -3.035828 0.2591772 7.299994
v 3.035818 -0.259175 7.299997
v 3.014213 -0.3325637 7.280466
v -3.014224 -0.3325637 7.280462
v 3.142905 -0.259177 7.271303
v 3.122339 -0.3325726 7.251497
v 3.035817 0.2591772 7.299997
v 3.142905 0.2591793 7.271303
v -3.067086 -0.3859046 7.197622
v -3.12235 -0.3325726 7.251493
v -2.957049 -0.3858962 7.22711
v 2.957038 -0.3858962 7.227114
v 2.88118 -0.4053965 7.15423
v -2.881191 -0.4053965 7.154226
v 3.067075 -0.3859046 7.197634
v 2.992704 -0.405404 7.124346
v 3.147628 -0.3859108 7.117075
v 3.074347 -0.4054096 7.042704
v 1.87271 -0.4050179 6.145761
v 1.984235 -0.4050089 6.115877
v 1.802808 -0.3859131 6.072877
v 1.912843 -0.3859107 6.043397
v -1.872719 -0.4050179 6.145759
v -1.802817 -0.3859131 6.072875
v -3.122349 0.3325748 7.251493
v -1.735822 -0.2597075 5.999991
v -1.842913 -0.2597049 5.971297
v -1.861406 -0.3320765 5.990546
v -1.753278 -0.332088 6.019523
v 1.735812 -0.2597075 5.999993
v -1.735823 0.2592001 5.999991
v 1.753269 -0.332088 6.019525
v 1.735814 0.2592001 5.999993
v 1.842903 -0.2597049 5.971299
v 1.842904 0.2591886 5.971299
v -1.842914 0.2591886 5.971297
v 1.969524 -0.3320653 5.803262
v 1.95 -0.2591755 1.235603E-06
v 1.949995 -0.2596886 5.785806
v 1.95 0.2591765 1.212945E-06
v 1.921299 -0.259698 5.892908
v 1.940552 -0.3320683 5.911394
v 1.949995 0.259177 5.785814
v 1.969524 0.3325652 5.803255
v 1.94055 0.3325744 5.911386
v 1.9213 0.2591802 5.892908
v 3.230465 -0.3325817 7.064211
v 3.177112 -0.3859131 7.007036
v 3.201492 -0.3325792 7.172342
v 3.230465 0.3325837 7.064211
v 3.249994 0.2591928 7.085817
v 3.249994 -0.2591906 7.085817
v 3.2213 -0.2591827 7.192911
v 3.10423 -0.4054117 6.931177
v 2.09576 -0.4049999 5.922708
v 2.022878 -0.3858959 5.852808
v 1.993394 -0.3859045 5.962839
v 2.065877 -0.4050023 6.034235
v 2.022878 0.385898 5.852785
v 2.09576 0.405002 5.922693
v 2.065875 0.4050044 6.034227
v 1.993391 0.3859066 5.962831
v 1.912832 0.3859128 6.04339
v 3.10423 0.4054137 6.93117
v 3.177112 0.3859152 7.007036
v 3.074346 0.4054117 7.042704
v 1.86139 0.3325812 5.990548
v 3.2213 0.259185 7.192911
v 1.861396 -0.3320765 5.990556
v 1.949994 0.2031617 6.038957
v 1.949994 -0.2031597 6.038957
v -1.95 0.2031612 -8.862549E-06
v -0.7815592 4.750006 -12.04765
v -2.143144 4.756266 -15.00821
v -1.949999 4.750006 -12.04765
v -0.8875067 4.756266 -15.0082
v -4.94999 4.750005 -20.99998
v 0.8875239 4.756266 -15.0082
v 0.7815753 4.750006 -12.04764
v -2.102414 4.750005 -20.99998
v -4.949987 4.750005 -23.95233
v -2.102411 4.750005 -23.95233
v 2.102442 4.750005 -23.95232
v 2.102438 4.750005 -20.99998
v 4.950017 4.750005 -23.95232
v 4.950014 4.750005 -20.99997
v 2.143155 4.756266 -15.0082
v 1.950003 4.750006 -12.04764
v -0.7815592 5.203166 -11.99999
v -0.7815592 4.796845 -11.99999
v 0.7815753 4.796845 -11.99998
v 0.7815753 5.203166 -11.99998
v 6.012376 4.594592 -20.81623
v 3.196114 4.594593 -15.18373
v 3.268632 4.614091 -15.183
v 6.085623 4.614091 -20.81696
v 5.003906 4.595004 -20.81623
v 2.187643 4.595005 -15.18373
v 4.931388 4.614563 -20.81696
v 2.114395 4.614563 -15.183
v 3.150177 4.594593 -15.0659
v 2.141707 4.595005 -15.0659
v 2.068642 4.614563 -15.06554
v 3.222878 4.614091 -15.06553
v 3.189383 4.614091 -14.92763
v 3.116549 4.594593 -14.92773
v 4.977141 4.614563 -20.93442
v 5.049842 4.595004 -20.93406
v 5.010635 4.614563 -21.07233
v 5.08347 4.595004 -21.07222
v 6.058313 4.594592 -20.93406
v 6.09194 4.594592 -21.07222
v 5.095778 4.595004 -21.19371
v 6.104249 4.594592 -21.19371
v 5.095782 4.595004 -23.99997
v 5.022896 4.614563 -21.19371
v 5.022899 4.614563 -23.99997
v 6.104252 4.594592 -23.99997
v 6.177135 4.614091 -23.99997
v 6.177132 4.614091 -21.19371
v 6.164872 4.614091 -21.07233
v 6.131377 4.614091 -20.93442
v 3.250002 4.740297 -11.99998
v 3.250002 5.259714 -11.99998
v 5.003906 5.405006 -20.81623
v 2.114395 5.385448 -15.183
v 4.931388 5.385447 -20.81696
v 2.187643 5.405006 -15.18373
v 6.012376 5.405417 -20.81623
v 6.058313 5.405417 -20.93406
v 5.049842 5.405005 -20.93406
v 6.09194 5.405417 -21.07222
v 5.08347 5.405005 -21.07222
v 3.196114 5.405418 -15.18373
v 6.085623 5.385919 -20.81696
v 3.268632 5.38592 -15.183
v 2.141707 5.405006 -15.0659
v 3.150177 5.405418 -15.0659
v 4.969547 5.332071 -23.99997
v 4.950017 5.259181 -23.99997
v 4.950017 4.740829 -23.99997
v 4.969547 4.667938 -23.99997
v 5.022899 5.385447 -23.99997
v 5.095782 5.405005 -23.99997
v 6.104252 5.405417 -23.99997
v 6.177135 5.385919 -23.99997
v 6.230487 5.332587 -23.99997
v 6.230487 4.667422 -23.99997
v 6.250016 5.259713 -23.99997
v 6.250016 4.740296 -23.99997
v 6.230484 5.332587 -21.19371
v 6.177132 5.385919 -21.19371
v 6.230484 4.667422 -21.19371
v -2.102411 4.796844 -23.99998
v -4.949987 5.203166 -23.99998
v -4.949987 4.796844 -23.99998
v -2.102411 5.203166 -23.99998
v 2.102442 4.796844 -23.99998
v 2.102442 5.203166 -23.99998
v 6.104249 5.405417 -21.19371
v 5.095778 5.405005 -21.19371
v 6.164872 5.385919 -21.07233
v 5.022896 5.385447 -21.19371
v 4.969543 5.332071 -21.19371
v 4.957349 5.332071 -21.07245
v 5.010635 5.385447 -21.07233
v 4.924034 5.332071 -20.93491
v 4.977141 5.385447 -20.93442
v 4.950014 4.740829 -21.19371
v 4.969543 4.667939 -21.19371
v 4.950014 5.259181 -21.19371
v 4.93786 4.740829 -21.07254
v 4.93786 5.259181 -21.07254
v 4.957349 4.667939 -21.07245
v 4.924034 4.667939 -20.93491
v 4.950017 4.796844 -23.99997
v -4.949987 5.250005 -23.95233
v -2.102411 5.250005 -23.95233
v 2.102442 5.250005 -23.95232
v -0.7815592 5.250006 -12.04765
v -1.949999 5.250006 -12.04765
v 0.7815753 5.250006 -12.04764
v 3.230475 4.667423 -14.80624
v 3.177123 4.614091 -14.80624
v 3.250005 4.740297 -14.80624
v 3.250005 5.259714 -14.80624
v 3.262159 4.740297 -14.92742
v 3.262159 5.259714 -14.92742
v 3.230475 5.332588 -14.80624
v 3.24267 5.332588 -14.9275
v 3.177123 5.38592 -14.80624
v 2.09577 5.405006 -14.80624
v 3.10424 5.405418 -14.80624
v 3.189383 5.38592 -14.92763
v 3.116549 5.405418 -14.92773
v 2.108079 5.405006 -14.92773
v 2.022887 5.385448 -14.80624
v 2.035148 5.385448 -14.92763
v 2.068642 5.385448 -15.06554
v 1.969535 5.332072 -14.80624
v 1.98173 5.332072 -14.9275
v 2.015045 5.332072 -15.06505
v 1.950006 5.259181 -14.80624
v 1.962159 5.259181 -14.92742
v 1.950006 4.74083 -14.80624
v 1.969535 4.66794 -14.80624
v 2.022887 4.614563 -14.80624
v 1.98173 4.66794 -14.9275
v 2.035148 4.614563 -14.92763
v 2.015045 4.66794 -15.06505
v 3.10424 4.594593 -14.80624
v 2.09577 4.595005 -14.80624
v 6.250013 4.740296 -21.19371
v 6.237859 4.740296 -21.07254
v 6.250013 5.259713 -21.19371
v 6.218289 5.332587 -21.07245
v 6.237859 5.259713 -21.07254
v 6.184974 5.332587 -20.93491
v 6.204655 5.259713 -20.93521
v 6.218289 4.667422 -21.07245
v 6.204655 4.740296 -20.93521
v 6.184974 4.667422 -20.93491
v 6.159297 5.259713 -20.81855
v 6.159297 4.740296 -20.81855
v 3.24267 4.667423 -14.9275
v 3.275986 4.667423 -15.06505
v 3.321496 4.667423 -15.18203
v 6.139463 4.667422 -20.81794
v 3.295363 4.740297 -15.06474
v 3.340721 4.740297 -15.18142
v 3.340721 5.259714 -15.18142
v 3.321496 5.332588 -15.18203
v 6.139463 5.332587 -20.81794
v 3.275986 5.332588 -15.06505
v 3.295363 5.259714 -15.06474
v 3.222878 5.38592 -15.06553
v 6.131377 5.385919 -20.93442
v 2.060556 5.332072 -15.18202
v 4.878523 5.332071 -20.81794
v 1.995364 5.259181 -15.06474
v 2.040722 5.259181 -15.18142
v 4.859298 5.259181 -20.81855
v 2.040722 4.74083 -15.18142
v 4.904656 5.259181 -20.93521
v 4.859298 4.740829 -20.81855
v 2.060556 4.66794 -15.18202
v 4.878523 4.667939 -20.81794
v 4.904656 4.740829 -20.93521
v 1.995364 4.74083 -15.06474
v 1.962159 4.74083 -14.92742
v 2.108079 4.595005 -14.92773
v -6.012353 4.594592 -20.81625
v -6.0856 4.614091 -20.81697
v -3.26862 4.614091 -15.18301
v -3.196103 4.594593 -15.18373
v -5.003883 4.595004 -20.81625
v -2.187632 4.595005 -15.18373
v -4.931364 4.614563 -20.81697
v -2.114384 4.614563 -15.18301
v -3.150166 4.594593 -15.0659
v -2.141696 4.595005 -15.0659
v -2.068631 4.614563 -15.06554
v -3.222867 4.614091 -15.06555
v -3.189372 4.614091 -14.92764
v -3.116539 4.594593 -14.92774
v -4.977118 4.614563 -20.93444
v -5.049818 4.595004 -20.93408
v -5.010612 4.614563 -21.07234
v -5.083447 4.595004 -21.07225
v -6.058289 4.594592 -20.93408
v -6.091917 4.594592 -21.07225
v -5.095754 4.595004 -21.19374
v -6.104225 4.594592 -21.19374
v -5.095751 4.595004 -23.99998
v -5.022872 4.614563 -21.19374
v -5.022869 4.614563 -23.99998
v -6.104222 4.594592 -23.99998
v -6.177104 4.614091 -23.99998
v -6.177107 4.614091 -21.19374
v -6.164848 4.614091 -21.07234
v -6.131353 4.614091 -20.93444
v -5.003883 5.405006 -20.81625
v -4.931364 5.385447 -20.81697
v -2.114384 5.385448 -15.18301
v -2.187632 5.405006 -15.18373
v -6.012353 5.405417 -20.81625
v -6.058289 5.405417 -20.93408
v -5.049818 5.405005 -20.93408
v -6.091917 5.405417 -21.07225
v -5.083447 5.405005 -21.07225
v -3.196103 5.405418 -15.18373
v -6.0856 5.385919 -20.81697
v -3.26862 5.38592 -15.18301
v -2.141696 5.405006 -15.0659
v -3.150166 5.405418 -15.0659
v -6.230456 5.332587 -23.99998
v -6.249986 5.259713 -23.99998
v -6.249986 4.740296 -23.99998
v -6.230456 4.667422 -23.99998
v -6.177104 5.385919 -23.99998
v -6.104222 5.405417 -23.99998
v -5.095751 5.405005 -23.99998
v -5.022869 5.385447 -23.99998
v -4.969516 5.332071 -23.99998
v -4.969516 4.667938 -23.99998
v -4.949987 5.259181 -23.99998
v -4.949987 4.740829 -23.99998
v -6.177107 5.385919 -21.19374
v -6.23046 5.332587 -21.19374
v -6.23046 4.667422 -21.19374
v -6.104225 5.405417 -21.19374
v -5.095754 5.405005 -21.19374
v -6.164848 5.385919 -21.07234
v -5.022872 5.385447 -21.19374
v -4.96952 5.332071 -21.19374
v -4.957325 5.332071 -21.07248
v -5.010612 5.385447 -21.07234
v -4.924009 5.332071 -20.93493
v -4.977118 5.385447 -20.93444
v -4.96952 4.667939 -21.19374
v -4.94999 4.740829 -21.19374
v -4.94999 5.259181 -21.19374
v -4.937837 4.740829 -21.07255
v -4.937837 5.259181 -21.07255
v -4.957325 4.667939 -21.07248
v -4.924009 4.667939 -20.93493
v -3.230466 4.667423 -14.80625
v -3.177114 4.614091 -14.80625
v -3.249995 4.740297 -14.80625
v -3.249995 5.259714 -14.80625
v -3.262149 4.740297 -14.92742
v -3.262149 5.259714 -14.92742
v -3.230466 5.332588 -14.80625
v -3.242659 5.332588 -14.92751
v -3.177114 5.38592 -14.80625
v -2.022878 5.385448 -14.80624
v -2.09576 5.405006 -14.80624
v -3.10423 5.405418 -14.80625
v -3.189372 5.38592 -14.92764
v -3.116539 5.405418 -14.92774
v -2.108068 5.405006 -14.92774
v -2.035137 5.385448 -14.92764
v -2.068631 5.385448 -15.06554
v -1.969526 5.332072 -14.80624
v -1.981719 5.332072 -14.92751
v -2.015034 5.332072 -15.06505
v -1.949996 5.259181 -14.80624
v -1.962149 5.259181 -14.92742
v -1.949996 4.74083 -14.80624
v -1.969526 4.66794 -14.80624
v -2.022878 4.614563 -14.80624
v -1.981719 4.66794 -14.92751
v -2.035137 4.614563 -14.92764
v -2.015034 4.66794 -15.06505
v -3.10423 4.594593 -14.80625
v -2.09576 4.595005 -14.80624
v -6.24999 4.740296 -21.19374
v -6.237835 4.740296 -21.07255
v -6.24999 5.259713 -21.19374
v -6.218266 5.332587 -21.07248
v -6.237835 5.259713 -21.07255
v -6.18495 5.332587 -20.93493
v -6.204632 5.259713 -20.93522
v -6.218266 4.667422 -21.07248
v -6.204632 4.740296 -20.93522
v -6.18495 4.667422 -20.93493
v -6.159274 5.259713 -20.81855
v -6.159274 4.740296 -20.81855
v -3.242659 4.667423 -14.92751
v -3.275975 4.667423 -15.06506
v -3.321486 4.667423 -15.18203
v -6.13944 4.667422 -20.81794
v -3.295353 4.740297 -15.06475
v -3.34071 4.740297 -15.18142
v -3.34071 5.259714 -15.18142
v -3.321486 5.332588 -15.18203
v -6.13944 5.332587 -20.81794
v -3.275975 5.332588 -15.06506
v -3.295353 5.259714 -15.06475
v -3.222867 5.38592 -15.06555
v -6.131353 5.385919 -20.93444
v -2.060545 5.332072 -15.18203
v -4.8785 5.332071 -20.81794
v -1.995353 5.259181 -15.06474
v -2.040711 5.259181 -15.18142
v -4.859275 5.259181 -20.81855
v -2.040711 4.74083 -15.18142
v -4.904633 5.259181 -20.93522
v -4.859275 4.740829 -20.81855
v -2.060545 4.66794 -15.18203
v -4.8785 4.667939 -20.81794
v -4.904633 4.740829 -20.93522
v -1.995353 4.74083 -15.06474
v -1.962149 4.74083 -14.92742
v -2.108068 4.595005 -14.92774
v 2.143463 5.243745 -15.00944
v 2.130908 5.24566 -16.84279
v 4.950014 5.250005 -20.99997
v 0.8876598 5.243745 -15.00944
v 2.102438 5.250005 -20.99998
v -0.8876425 5.243745 -15.00944
v 1.950003 5.250006 -12.04764
v -2.143452 5.243745 -15.00944
v -4.94999 5.250005 -20.99998
v -2.102414 5.250005 -20.99998
v 4.950017 5.250005 -23.95232
v 4.950017 5.203166 -23.99997
v 5.884128 3.461049 -37.40311
v 6.200656 3.45955 -37.19007
v 6.101235 3.846631 -37.07993
v 5.763921 3.847335 -37.30744
v 5.969341 4.192012 -36.94272
v 5.698231 4.211461 -37.11893
v 5.855719 4.386005 -36.82615
v 5.63494 4.461076 -36.89319
v 5.627425 4.627017 -36.59417
v 5.923631 4.460286 -36.60395
v 6.577044 -0.479586 -38.18659
v 6.655443 -0.9150617 -38.16254
v 6.919291 -0.8956134 -37.97843
v 6.909401 -0.4784603 -37.96202
v 6.685367 -1.164677 -38.03843
v 6.878113 -1.089606 -37.94083
v 7.195969 -0.9040882 -37.31484
v 7.102169 -0.9138377 -37.71402
v 6.973763 -1.163887 -37.74887
v 7.037199 -1.211425 -37.38239
v 7.132865 -0.4779701 -37.62856
v 6.739821 -1.330618 -37.80698
v 6.750017 -1.41703 -37.42923
v 6.914406 -1.417029 -33.64148
v 7.208568 -1.211424 -33.64148
v 6.361252 -1.418095 -37.81955
v 6.318854 -1.213392 -38.10361
v 3.561316 -1.213392 -38.28251
v 3.561316 -1.418095 -37.99294
v 5.303331 4.203058 -37.21697
v 5.250235 4.509791 -36.93854
v 5.605353 4.713429 -36.18125
v 5.969315 4.507824 -36.21811
v 5.216189 4.714494 -36.57114
v 3.561315 4.714494 -36.72029
v 3.561315 4.509791 -37.09484
v -0.01377927 4.509791 -37.15711
v -0.01377951 4.714494 -36.77975
v -3.588874 4.509791 -37.09484
v 3.561315 4.786002 -36.31209
v 5.206378 4.786002 -36.17069
v -3.588874 4.714494 -36.7203
v -0.01377977 4.786002 -36.36845
v 3.561315 4.786002 -33.73383
v -5.243748 4.714494 -36.57115
v -5.277793 4.509791 -36.93855
v -5.233937 4.786002 -36.1707
v -5.654984 4.627017 -36.59417
v -5.632912 4.713429 -36.18126
v -3.588874 4.786002 -36.3121
v -5.36081 4.786002 -33.64149
v -0.01377997 4.786002 -33.77064
v -5.769482 4.71343 -33.64149
v -5.996874 4.507824 -36.21812
v -6.14229 4.507824 -33.64149
v -6.239355 4.507824 -28.87986
v -5.860642 4.71343 -28.87986
v -6.142295 4.507825 -24.11824
v -3.588875 4.786002 -33.73384
v -5.445498 4.786002 -28.87986
v -5.769488 4.71343 -24.11824
v -5.632922 4.713431 -21.57847
v -5.996883 4.507825 -21.54161
v -5.233946 4.786003 -21.58902
v -5.654994 4.627018 -21.16554
v -5.243758 4.714495 -21.18858
v -5.360816 4.786003 -24.11824
v -3.588877 4.786002 -28.87986
v -0.01378246 4.786002 -28.87986
v -3.58888 4.786003 -24.02589
v -3.588884 4.786003 -21.44761
v -0.01378565 4.786003 -23.98908
v 3.561312 4.786002 -28.87986
v -3.588884 4.714495 -21.03941
v -5.277804 4.509792 -20.82118
v -3.588884 4.509792 -20.66488
v -0.01378967 4.509792 -20.60259
v -0.01378943 4.714495 -20.97997
v 3.561305 4.509792 -20.66488
v -0.01378917 4.786003 -21.39127
v 3.561309 4.786003 -24.02588
v 5.33325 4.786002 -33.64148
v 3.561305 4.714495 -21.0394
v 3.561305 4.786003 -21.44761
v 5.417933 4.786002 -28.87986
v 5.741921 4.71343 -33.64148
v 5.21618 4.714495 -21.18857
v 5.250225 4.509792 -20.82117
v 5.206368 4.786003 -21.58901
v 5.627416 4.627018 -21.16553
v 5.605343 4.713431 -21.57846
v 5.333244 4.786003 -24.11823
v 6.11473 4.507824 -33.64148
v 5.833076 4.71343 -28.87986
v 6.211789 4.507824 -28.87986
v 5.741916 4.71343 -24.11823
v 5.969305 4.507825 -21.5416
v 6.114724 4.507825 -24.11823
v 6.410285 3.843709 -36.34781
v 6.145414 4.210237 -36.67092
v 6.328257 3.84576 -36.74212
v 6.242855 4.200487 -36.27568
v 6.394918 4.200487 -33.64148
v 6.496415 4.200487 -28.87986
v 6.394913 4.200488 -24.11823
v 6.242845 4.200488 -21.48401
v 6.413118 3.460816 -36.87305
v 6.423554 3.086937 -36.92499
v 6.22603 3.084258 -37.22084
v 7.132854 -0.4779684 -20.13114
v 7.102158 -0.9138362 -20.04567
v 6.919279 -0.8956117 -19.78128
v 6.909389 -0.4784588 -19.79769
v 7.195959 -0.9040863 -20.44487
v 7.037189 -1.211423 -20.37732
v 6.973752 -1.163885 -20.01084
v 6.878101 -1.089605 -19.81888
v 6.73981 -1.330616 -19.95273
v 6.685356 -1.164675 -19.72127
v 6.750007 -1.417028 -20.33048
v 7.208562 -1.211423 -24.11823
v 6.914401 -1.417029 -24.11823
v 6.36124 -1.418093 -19.94014
v 6.318843 -1.21339 -19.65609
v 3.561304 -1.418093 -19.76678
v 3.561304 -1.21339 -19.47721
v 6.257394 -0.9066569 -19.50254
v 6.655432 -0.9150597 -19.59716
v 6.577033 -0.4795842 -19.57312
v 6.842322 -0.00171629 -19.87389
v 7.061563 -0.001232315 -20.20026
v 6.940716 0.3233548 -20.27607
v 6.741676 0.3210232 -19.97982
v 6.516111 -0.00199082 -19.65421
v 6.719439 0.6444398 -20.40036
v 6.445164 0.3216145 -19.78048
v 6.562237 0.6384411 -20.16512
v 6.326496 0.6411594 -20.00731
v 5.63493 4.461077 -20.86652
v 5.303321 4.203059 -20.54273
v 5.69822 4.211462 -20.64077
v 5.370015 3.846817 -20.36982
v 5.76391 3.847336 -20.45227
v 3.561305 3.847189 -20.20478
v 3.561305 4.203059 -20.38103
v -0.01378985 4.203059 -20.31661
v -3.588884 4.203059 -20.38104
v -5.3309 4.203059 -20.54274
v 5.923621 4.460288 -21.15575
v 5.85571 4.386007 -20.93357
v 5.969331 4.192013 -20.81697
v 6.101225 3.846632 -20.67977
v 6.200645 3.459552 -20.56963
v 5.884117 3.461051 -20.35659
v 5.930518 3.086729 -20.34075
v 6.226019 3.08426 -20.53885
v 6.145404 4.210238 -21.08879
v 6.328248 3.845762 -21.01758
v 6.413108 3.460817 -20.88666
v -7.160422 -0.4779699 -37.62857
v -7.129727 -0.9138377 -37.71403
v -6.946848 -0.8956134 -37.97844
v -6.936958 -0.4784603 -37.96203
v -7.223527 -0.9040877 -37.31485
v -7.064757 -1.211424 -37.3824
v -7.001321 -1.163887 -37.74888
v -6.90567 -1.089606 -37.94082
v -6.767378 -1.330618 -37.80699
v -6.712924 -1.164677 -38.03843
v -6.777575 -1.41703 -37.42924
v -7.236128 -1.211424 -33.64149
v -6.941966 -1.417029 -33.64149
v -6.388809 -1.418095 -37.81956
v -6.346412 -1.213392 -38.10362
v -3.588873 -1.418095 -37.99295
v -3.588873 -1.213392 -38.28251
v -6.284963 -0.9066584 -38.25718
v -6.683 -0.9150612 -38.16255
v -6.604601 -0.4795858 -38.1866
v -6.869892 -0.001716839 -37.88581
v -7.089132 -0.001233789 -37.55946
v -6.968286 0.3233533 -37.48364
v -6.769246 0.3210219 -37.7799
v -6.54368 -0.001992342 -38.10551
v -6.747008 0.6444381 -37.35934
v -6.472733 0.321613 -37.97923
v -6.589806 0.6384394 -37.5946
v -6.354064 0.6411574 -37.75239
v -5.662498 4.461076 -36.8932
v -5.33089 4.203058 -37.21698
v -5.725789 4.211461 -37.11894
v -5.397584 3.846815 -37.38989
v -5.791479 3.847335 -37.30745
v -3.588873 3.847188 -37.55494
v -3.588874 4.203058 -37.37867
v -0.01377909 4.203058 -37.44311
v 3.561315 4.203058 -37.37867
v -5.95119 4.460286 -36.60395
v -5.883278 4.386005 -36.82615
v -5.9969 4.192012 -36.94273
v -6.128794 3.846631 -37.07994
v -6.228214 3.45955 -37.19007
v -5.911686 3.461049 -37.40312
v -5.958086 3.086727 -37.41897
v -6.253588 3.084258 -37.22085
v -6.270414 4.200487 -36.27569
v -6.172973 4.210237 -36.67093
v -6.355816 3.84576 -36.74212
v -6.440677 3.460816 -36.87306
v -6.604613 -0.4795845 -19.57313
v -6.683012 -0.9150599 -19.59716
v -6.946859 -0.8956117 -19.78129
v -6.93697 -0.4784589 -19.7977
v -6.712936 -1.164675 -19.72128
v -6.905682 -1.089605 -19.81889
v -7.223538 -0.9040868 -20.44488
v -7.129738 -0.9138362 -20.04568
v -7.001332 -1.163885 -20.01083
v -7.064768 -1.211423 -20.37733
v -7.160433 -0.4779686 -20.13115
v -6.76739 -1.330616 -19.95274
v -6.777586 -1.417028 -20.33049
v -6.941972 -1.417029 -24.11824
v -7.236134 -1.211424 -24.11824
v -6.388821 -1.418093 -19.94015
v -6.346423 -1.213391 -19.65609
v -3.588885 -1.213391 -19.4772
v -3.588885 -1.418093 -19.76678
v -5.951199 4.460288 -21.15576
v -5.662509 4.461077 -20.86653
v -5.883288 4.386007 -20.93357
v -5.7258 4.211462 -20.64077
v -5.99691 4.192013 -20.81698
v -5.79149 3.847336 -20.45228
v -6.128804 3.846632 -20.67978
v -5.911696 3.461051 -20.35659
v -6.228225 3.459552 -20.56964
v -6.437854 3.843711 -21.41189
v -6.172983 4.210238 -21.0888
v -6.355826 3.845762 -21.01759
v -6.270423 4.200488 -21.48402
v -6.422484 4.200488 -24.11824
v -6.523981 4.200487 -28.87986
v -6.422478 4.200487 -33.64149
v -6.440687 3.460817 -20.88667
v -6.451124 3.086937 -20.83471
v -6.253598 3.08426 -20.53886
v 6.27523 1.795687 -37.86469
v 6.520422 2.193046 -37.52999
v 6.181775 2.193067 -37.75789
v 6.617771 1.796045 -37.63427
v 6.656988 1.386974 -37.68035
v 6.848306 1.795555 -37.29219
v 6.872225 1.388414 -37.36075
v 6.748369 2.192162 -37.19165
v 6.572264 2.530185 -37.08367
v 6.830669 2.191009 -36.79634
v 6.643377 2.5344 -36.72614
v 6.325418 2.781725 -36.9345
v 6.379418 2.795889 -36.6314
v 6.805174 2.534401 -33.64148
v 6.534801 2.79589 -33.64148
v 6.638513 2.795891 -28.87986
v 6.913168 2.534402 -28.87986
v 6.534795 2.795891 -24.11823
v 6.805168 2.534402 -24.11823
v 6.643367 2.534403 -21.03357
v 6.379409 2.795891 -21.1283
v 6.931558 1.794585 -36.89266
v 6.996773 2.190835 -33.64219
v 7.107511 2.190852 -28.87986
v 7.100359 1.794585 -33.64148
v 6.950007 1.390501 -36.98102
v 6.92557 0.9961036 -37.02222
v 6.853408 0.9918669 -37.38243
v 6.77614 0.6547912 -37.05556
v 6.71945 0.6444376 -37.35933
v 6.941164 0.6547911 -33.64148
v 7.094225 0.9961037 -33.64148
v 7.119256 1.390501 -33.64148
v 7.213029 1.794585 -28.87986
v 6.996767 2.190835 -24.11751
v 7.206798 0.9961042 -28.87986
v 7.051312 0.6547918 -28.87986
v 7.232225 1.390502 -28.87986
v 6.830659 2.19101 -20.96335
v 7.100354 1.794586 -24.11823
v 7.09422 0.9961046 -24.11823
v 6.941159 0.6547922 -24.11823
v 6.77613 0.6547924 -20.70415
v 7.11925 1.390502 -24.11823
v 6.92556 0.9961048 -20.73748
v 6.853398 0.9918688 -20.37726
v 6.949996 1.390502 -20.77868
v 6.872215 1.388416 -20.39896
v 6.848296 1.795557 -20.4675
v 6.931548 1.794586 -20.86705
v 6.748359 2.192164 -20.56804
v 6.572253 2.530187 -20.67604
v 6.130939 -0.002203963 -19.57454
v 6.086145 0.3239087 -19.70797
v 6.021512 0.6491585 -19.94992
v 3.561304 0.3243465 -19.53008
v 3.561304 0.6491585 -19.77672
v -0.01379023 0.6491586 -19.70771
v -0.01379039 0.3241321 -19.45921
v -3.588885 0.6491583 -19.77673
v -3.588885 0.3243465 -19.53008
v -6.113725 0.3239087 -19.70797
v -6.049092 0.6491583 -19.94993
v 6.617759 1.796047 -20.12543
v 6.656976 1.386976 -20.07935
v 6.653139 0.9892932 -20.0793
v -7.089143 -0.001232553 -20.20027
v -6.869903 -0.00171641 -19.8739
v -6.769256 0.321023 -19.97982
v -6.968296 0.3233547 -20.27607
v -6.472744 0.3216144 -19.78048
v -6.543691 -0.00199082 -19.65422
v -6.354075 0.6411594 -20.00732
v -6.589816 0.6384407 -20.16513
v -6.747018 0.6444398 -20.40037
v -6.875875 1.795557 -20.46751
v -6.684556 1.386976 -20.07936
v -6.899794 1.388416 -20.39897
v -6.64534 1.796047 -20.12544
v -6.547992 2.193048 -20.22973
v -6.302799 1.795689 -19.89502
v -6.209344 2.193069 -20.00181
v -6.364318 1.387315 -19.86419
v -6.680718 0.9892932 -20.07931
v -6.382104 0.9902731 -19.87899
v -6.158508 -0.002204418 -38.18516
v -6.113714 0.3239083 -38.05175
v -6.049082 0.6491563 -37.8098
v -3.588873 0.3243456 -38.22964
v -3.588873 0.6491563 -37.98298
v -0.01377871 0.6491563 -38.05199
v -0.01377856 0.3241301 -38.30051
v 3.561316 0.6491566 -37.98298
v 3.561316 0.3243454 -38.22963
v 6.086157 0.3239083 -38.05175
v 6.021524 0.6491563 -37.80979
v -6.645329 1.796045 -37.63427
v -6.875865 1.795555 -37.2922
v -6.899784 1.388415 -37.36076
v -6.684545 1.386975 -37.68037
v -6.680707 0.9892914 -37.6804
v -6.880967 0.9918671 -37.38244
v -6.215368 -0.4807558 -38.26793
v -3.588873 -0.001131662 -38.36564
v -0.01377847 -0.001503002 -38.43754
v -3.589372 -0.4797494 -38.4499
v -3.588873 -0.9066584 -38.43904
v -0.01377842 -0.479968 -38.52238
v 3.561316 -0.001131662 -38.36563
v -0.01377842 -0.9066584 -38.51151
v -0.01377852 -1.213392 -38.3538
v 6.130951 -0.002204418 -38.18515
v 3.561815 -0.4797494 -38.44989
v 3.561316 -0.9066591 -38.43903
v 6.257406 -0.9066591 -38.25718
v 6.18781 -0.4807559 -38.26792
v 6.516122 -0.001992461 -38.1055
v 6.445175 0.3216127 -37.97922
v 6.842334 -0.001717197 -37.88581
v -5.535768 3.463807 -37.48014
v -5.601075 3.092027 -37.48977
v -5.658387 2.79333 -37.38162
v -5.961648 2.780216 -37.32693
v -3.588873 2.79333 -37.5465
v -3.588873 3.092395 -37.65675
v -3.588873 3.464772 -37.64695
v -0.01377892 3.092372 -37.72329
v -0.01377899 2.793331 -37.61221
v -0.01377892 3.464761 -37.7134
v -0.01377898 3.847188 -37.6207
v 3.561315 3.092396 -37.65674
v 3.561316 2.793331 -37.5465
v 5.630828 2.793331 -37.38161
v 3.561316 3.464772 -37.64695
v 5.573516 3.092027 -37.48977
v 5.934089 2.780216 -37.32692
v 5.930528 3.086727 -37.41896
v 3.561316 3.847188 -37.55494
v 5.508209 3.463807 -37.48014
v 5.370026 3.846815 -37.38988
v -6.215379 -0.4807549 -19.49179
v -6.284975 -0.9066573 -19.50254
v -3.588885 -0.9066573 -19.32067
v -0.01379042 -1.21339 -19.40592
v -3.589384 -0.4797478 -19.30982
v -0.01379052 -0.9066569 -19.2482
v -6.15852 -0.002203963 -19.57455
v -3.588885 -0.001130117 -19.39408
v -0.01379053 -0.4799664 -19.23734
v -0.01379047 -0.001501332 -19.32217
v 3.561304 -0.9066569 -19.32067
v 3.561304 -0.001130237 -19.39408
v 3.561803 -0.4797478 -19.30981
v 6.187799 -0.4807549 -19.49178
v -6.517162 3.463332 -21.26292
v -6.593984 3.84418 -24.11824
v -6.698196 3.844179 -28.87986
v -6.521374 3.092328 -21.19186
v -6.675219 3.464486 -24.11824
v -6.406987 2.795891 -21.12831
v -6.352988 2.781726 -20.82522
v -6.562366 2.795891 -24.11824
v -6.679533 3.092769 -24.11824
v -6.780718 3.464458 -28.87986
v -6.785101 3.092712 -28.87986
v -6.666079 2.795891 -28.87986
v -6.593978 3.84418 -33.64149
v -6.679527 3.092769 -33.64149
v -6.56236 2.795891 -33.64149
v -6.406978 2.79589 -36.6314
v -6.675213 3.464485 -33.64149
v -6.437844 3.843709 -36.34782
v -6.521364 3.092326 -36.56787
v -6.352978 2.781725 -36.93451
v -6.451114 3.086937 -36.925
v -6.517152 3.46333 -36.49679
v 6.489593 3.46333 -36.49678
v 6.493805 3.092326 -36.56786
v 6.651967 3.092768 -33.64148
v 6.566418 3.844179 -33.64148
v 6.647653 3.464485 -33.64148
v 6.670631 3.844179 -28.87986
v 6.757535 3.092712 -28.87986
v 6.753152 3.464458 -28.87986
v 6.566412 3.84418 -24.11823
v 6.651961 3.092769 -24.11823
v 6.647647 3.464486 -24.11823
v 6.410275 3.843711 -21.41188
v 6.493795 3.092328 -21.19185
v 6.325408 2.781726 -20.82521
v 6.423545 3.086938 -20.83471
v 6.489583 3.463332 -21.26291
v 7.061574 -0.001233908 -37.55945
v 6.741687 0.3210215 -37.7799
v 6.940728 0.3233531 -37.48363
v 6.326506 0.6411572 -37.75238
v 6.562247 0.6384389 -37.59458
v 5.508199 3.463808 -20.27956
v 5.573504 3.092029 -20.26995
v 5.630816 2.793332 -20.37809
v 5.934078 2.780218 -20.43279
v 3.561304 2.793332 -20.2132
v 3.561305 3.092398 -20.10296
v 3.561305 3.464773 -20.11277
v -0.01379002 3.092373 -20.03642
v -0.01379043 2.793332 -20.1475
v -0.01379002 3.464763 -20.0463
v -0.01378996 3.847189 -20.13902
v -3.588884 3.092398 -20.10296
v -3.588885 2.793332 -20.21321
v -5.658396 2.793332 -20.37809
v -3.588884 3.464773 -20.11277
v -5.601083 3.092029 -20.26995
v -5.961658 2.780218 -20.4328
v -5.958097 3.086729 -20.34076
v -3.588884 3.847189 -20.20478
v -5.535778 3.463808 -20.27957
v -5.397595 3.846817 -20.36982
v -6.775928 2.192163 -37.19166
v -6.599824 2.530185 -37.08368
v -6.670933 2.5344 -36.72615
v -6.858229 2.191009 -36.79637
v -6.832732 2.534401 -33.64149
v -6.959116 1.794585 -36.89267
v -6.977565 1.390501 -36.98103
v -6.953128 0.9961036 -37.02223
v -6.803699 0.6547912 -37.05557
v -7.146817 1.390501 -33.64149
v -7.121785 0.9961037 -33.64149
v -6.968724 0.6547913 -33.64149
v -7.078878 0.6547918 -28.87986
v -7.234364 0.9961044 -28.87986
v -6.968731 0.654792 -24.11824
v -7.12792 1.794585 -33.64149
v -7.259791 1.390502 -28.87986
v -7.121792 0.9961048 -24.11824
v -7.024333 2.190835 -33.64219
v -7.240595 1.794585 -28.87986
v -7.135077 2.190852 -28.87986
v -6.940732 2.534401 -28.87986
v -7.146822 1.390502 -24.11824
v -6.953139 0.996105 -20.73748
v -6.80371 0.6547924 -20.70416
v -7.024339 2.190835 -24.11752
v -6.832738 2.534401 -24.11824
v -6.670943 2.534402 -21.03358
v -6.858238 2.19101 -20.96336
v -7.127926 1.794586 -24.11824
v -6.977575 1.390502 -20.77868
v -6.959127 1.794586 -20.86706
v -6.880977 0.9918686 -20.37727
v -6.775939 2.192164 -20.56805
v -7.040245 0.3269514 -37.12527
v -7.16814 -0.0007578887 -37.17443
v -7.21102 0.3274415 -33.64149
v -7.240844 -0.4777918 -37.23829
v -7.416318 -0.4765108 -33.6419
v -7.342023 0.000507434 -33.64149
v -7.458089 -0.0002340781 -28.87986
v -7.32501 0.3270047 -28.87986
v -7.398757 -0.9040874 -33.64149
v -7.350517 -1.211424 -28.87986
v -7.515721 -0.9040869 -28.87986
v -7.533392 -0.4769085 -28.87986
v -7.342028 0.0005080886 -24.11824
v -7.211025 0.3274421 -24.11824
v -7.040254 0.3269529 -20.63446
v -7.398763 -0.9040872 -24.11824
v -7.416324 -0.4765099 -24.11782
v -7.168149 -0.0007568059 -20.58528
v -7.240855 -0.4777905 -20.52143
v -6.547981 2.193046 -37.52999
v -6.401477 2.528136 -37.37959
v -6.197276 2.774628 -37.17038
v -6.382093 0.9902711 -37.88073
v -6.209333 2.193068 -37.7579
v -6.105435 2.530187 -37.57821
v -5.813678 2.192684 -37.84048
v -5.747507 2.534487 -37.64973
v -3.589779 2.192505 -38.01414
v -3.588873 2.534487 -37.81981
v -0.01377882 2.534487 -37.88758
v -0.01377869 2.192496 -38.08326
v 3.561316 2.534487 -37.8198
v 5.71995 2.534487 -37.64972
v -6.364306 1.387313 -37.89552
v -6.302788 1.795687 -37.8647
v -6.020698 0.9932714 -37.9534
v -3.588873 0.9932714 -38.12938
v -5.983541 1.388508 -37.97372
v -0.01377862 0.9932714 -38.19949
v -5.902463 1.794824 -37.9483
v -3.588873 1.794824 -38.12417
v -3.588873 1.388508 -38.15008
v -0.01377861 1.388508 -38.22036
v -0.01377862 1.794824 -38.19425
v 3.561316 0.9932714 -38.12937
v 3.561316 1.388508 -38.15007
v 5.99314 0.9932714 -37.95339
v 6.354535 0.9902704 -37.88073
v 5.955985 1.388508 -37.97371
v 6.336749 1.387313 -37.89551
v 5.874906 1.794824 -37.94829
v 3.561316 1.794824 -38.12416
v 5.78612 2.192684 -37.84047
v 3.562221 2.192505 -38.01413
v 6.077877 2.530186 -37.57821
v -6.105446 2.530189 -20.18151
v -5.747517 2.534488 -20.11
v -5.81369 2.192686 -19.91925
v -3.588884 2.534488 -19.93991
v -5.902475 1.794826 -19.81143
v -5.983553 1.38851 -19.78601
v -6.020707 0.9932736 -19.80633
v -3.588885 1.38851 -19.60963
v -3.588885 0.9932736 -19.63035
v -0.01379032 0.9932736 -19.56022
v -3.588885 1.794826 -19.63554
v -0.01379034 1.38851 -19.53934
v 3.561304 0.9932736 -19.63035
v -3.58979 2.192507 -19.74558
v -0.01379032 1.794826 -19.56545
v -0.01379073 2.192497 -19.67645
v -0.01379013 2.534488 -19.87212
v 3.561304 1.38851 -19.60962
v 3.561304 1.794826 -19.63553
v 3.562209 2.192507 -19.74558
v 5.993127 0.9932736 -19.80632
v 5.955973 1.38851 -19.786
v 5.874895 1.794826 -19.81142
v 5.786109 2.192686 -19.91924
v 6.354524 0.9902728 -19.87899
v 6.336737 1.387315 -19.86419
v 6.275218 1.795689 -19.89501
v 6.181763 2.193069 -20.0018
v -6.401488 2.528137 -20.38012
v -6.197286 2.77463 -20.58934
v -6.599835 2.530187 -20.67605
v 7.012675 0.3269529 -20.63443
v 7.140571 -0.0007564483 -20.58527
v 7.183453 0.3274421 -24.11823
v 7.213275 -0.4777903 -20.52143
v 7.388753 -0.4765099 -24.11782
v 7.314456 0.000508327 -24.11823
v 7.430523 -0.0002340781 -28.87986
v 7.297445 0.3270047 -28.87986
v 7.371191 -0.9040867 -24.11823
v 7.322951 -1.211424 -28.87986
v 7.488156 -0.9040869 -28.87986
v 7.505826 -0.4769085 -28.87986
v 7.314463 0.0005071955 -33.64148
v 7.18346 0.3274415 -33.64148
v 7.012687 0.3269518 -37.12526
v 7.371196 -0.9040878 -33.64148
v 7.388759 -0.4765108 -33.6419
v 7.140582 -0.0007580079 -37.17443
v 7.213286 -0.477792 -37.23829
v 6.520412 2.193048 -20.22972
v 6.373908 2.528137 -20.38012
v 6.169707 2.77463 -20.58933
v 6.077866 2.530189 -20.18151
v 5.719936 2.534488 -20.10999
v 3.561305 2.534488 -19.9399
v 6.653149 0.989291 -37.68039
v 6.169717 2.774628 -37.17037
v 6.373919 2.528136 -37.37958
v -7.051696 -1.417029 -28.87986
v -6.56106 -1.489602 -24.11824
v -6.664752 -1.489602 -28.87986
v -6.405713 -1.489601 -20.31149
v -3.588884 -1.489601 -20.1453
v -3.588881 -1.489602 -24.02587
v -6.561054 -1.489603 -33.64149
v -3.588878 -1.489602 -28.87986
v -6.405702 -1.489603 -37.44824
v -3.588875 -1.489603 -33.73384
v -3.588873 -1.489603 -37.61442
v -0.01379 -1.489601 -20.07908
v -0.01378611 -1.489602 -23.98908
v -0.01378304 -1.489602 -28.87986
v -0.01377997 -1.489603 -33.77064
v -0.01377895 -1.489603 -37.68063
v -0.01377871 -1.418095 -38.06202
v 3.561316 -1.489603 -37.61441
v 3.561315 -1.489603 -33.73383
v 3.561312 -1.489602 -28.87986
v 6.378144 -1.489603 -37.44823
v 6.533494 -1.489603 -33.64148
v 6.637186 -1.489602 -28.87986
v 3.561309 -1.489602 -24.02587
v 7.02413 -1.417029 -28.87986
v 6.533489 -1.489602 -24.11823
v 6.378133 -1.489601 -20.31148
v 3.561305 -1.489601 -20.1453
v -0.01379024 -1.418093 -19.69769
v 3.868881 5.203634 -29.52515
v 4.143024 5.203634 -29.4517
v 4.417167 5.203634 -29.52515
v 3.668183 5.203634 -29.72584
v 4.617865 5.203634 -29.72583
v 3.594726 5.203634 -29.99999
v 4.691322 5.203634 -29.99999
v 3.668184 5.203634 -30.27415
v 3.489122 5.277932 -29.99999
v 3.576729 5.281062 -30.32694
v 4.617866 5.203634 -30.27414
v 3.868882 5.203634 -30.47483
v 4.417168 5.203634 -30.47483
v 4.143025 5.203634 -30.54828
v -1.632508 11.52635 -30.39269
v -3.000264 11.50838 -30.37434
v -2.845407 11.22006 -30.64837
v -1.548246 11.23073 -30.68017
v 1.939856E-05 11.53797 -30.39922
v -2.640894 10.82682 -30.74868
v -3.002996 11.1198 -30.61572
v -2.783543 10.76318 -30.71096
v 1.958204E-05 11.23743 -30.69147
v 1.632547 11.52635 -30.39269
v -1.436966 10.82725 -30.78538
v -2.450633 10.43479 -30.64837
v -1.33344 10.42446 -30.68017
v 1.96492E-05 10.82724 -30.79844
v 1.958204E-05 10.41775 -30.69147
v 1.548285 11.23073 -30.68017
v 1.437005 10.82725 -30.78538
v 1.333479 10.42446 -30.68017
v 2.450673 10.43479 -30.64837
v 2.640934 10.82682 -30.74868
v 2.845446 11.22006 -30.64837
v 3.000303 11.50838 -30.37433
v 3.170022 11.37759 -30.3545
v 3.009331 11.11629 -30.61402
v 2.790479 10.76065 -30.70901
v 4.143025 5.570404 -30.74199
v 3.748503 6.017736 -30.68332
v 3.77202 5.524762 -30.6426
v 4.143025 6.109135 -30.78904
v 3.732685 7.167689 -30.71073
v 4.143025 7.260026 -30.82067
v 3.748503 8.488679 -30.68332
v 4.51403 5.619676 -30.6426
v 4.469971 5.315043 -30.56629
v 4.143025 5.301848 -30.65389
v 4.537546 6.207804 -30.68332
v 4.785626 5.657287 -30.37099
v 4.826356 6.28312 -30.3945
v 4.553365 7.358285 -30.71073
v 4.853755 7.432352 -30.41033
v 4.143025 8.581953 -30.78904
v 4.537546 8.679801 -30.68332
v 4.826356 8.752619 -30.3945
v 4.791404 9.66107 -30.37433
v 4.517367 9.512936 -30.64837
v 4.143025 9.31642 -30.74868
v 3.768683 9.131745 -30.64837
v 4.095086 9.453927 -30.68888
v 4.445151 9.659043 -30.59659
v -1.632508 11.52635 -29.60729
v -3.000264 11.50838 -29.62565
v -3.056686 11.61388 -29.99999
v -1.663208 11.63454 -29.99999
v 1.889726E-05 11.53797 -29.60076
v 1.914791E-05 11.64796 -29.99999
v 1.632546 11.52635 -29.60729
v 1.663247 11.63454 -29.99999
v 3.056724 11.61388 -29.99999
v 3.000302 11.50838 -29.62565
v 4.891707 9.715076 -29.99999
v 4.932067 8.778965 -29.99999
v 4.963705 7.459355 -29.99999
v 4.791403 9.66107 -29.62564
v 4.796491 9.864697 -29.99999
v 4.702349 9.809645 -29.65554
v 4.826355 8.752619 -29.60547
v 4.853754 7.432352 -29.58965
v 4.932067 6.31078 -29.99999
v 4.553364 7.358285 -29.28925
v 4.537546 8.679801 -29.31666
v 4.537546 6.207804 -29.31666
v 4.826355 6.28312 -29.60547
v 4.514032 5.619676 -29.35738
v 4.785625 5.657287 -29.62899
v 4.885036 5.671099 -29.99999
v 4.709321 5.325115 -29.67304
v 4.796927 5.328813 -29.99999
v 4.13548 10.76622 -29.99999
v 4.678003 10.0181 -29.62564
v 4.048397 10.68275 -29.6117
v 4.777951 10.08188 -29.99999
v 4.048398 10.68275 -30.38828
v 4.678003 10.0181 -30.37433
v 3.378422 11.3087 -30.37433
v 3.446384 11.40586 -29.99999
v 3.228765 11.47323 -29.99999
v 4.404959 9.843803 -29.35161
v 3.810483 10.4547 -29.32746
v 3.378421 11.3087 -29.62565
v 3.192725 11.04328 -29.35161
v 3.170022 11.37759 -29.64548
v 3.00933 11.11629 -29.38596
v 2.450671 10.43479 -29.35161
v 2.573328 10.40728 -29.38596
v 2.414844 10.14953 -29.64548
v 2.316534 10.14825 -29.62565
v 1.260491 10.12985 -29.60729
v 1.333478 10.42446 -29.31983
v 1.871377E-05 10.41775 -29.30851
v 1.889726E-05 10.11824 -29.60076
v 3.494645 9.000829 -29.62565
v 3.493559 9.101885 -29.65554
v 3.747255 9.250419 -29.40339
v 3.768682 9.131745 -29.35161
v 4.095085 9.453928 -29.3111
v 4.143023 9.31642 -29.2513
v 3.677274 9.350887 -29.35161
v 3.417618 9.164338 -29.62565
v 3.4007 9.047447 -29.99999
v 3.161704 9.832829 -29.32746
v 3.322584 9.09605 -29.99999
v 2.924676 9.605633 -29.6117
v 2.669444 10.33712 -29.35161
v 2.837919 9.522474 -29.99999
v 2.47207 10.08559 -29.62565
v 2.399821 9.993532 -29.99999
v 2.356761 10.0552 -29.99999
v 3.494646 9.000829 -30.37433
v 3.493559 9.101885 -30.34444
v 3.394341 8.952695 -29.99999
v 3.353981 8.397086 -29.99999
v 3.459693 8.421807 -30.39451
v 3.432294 7.102231 -30.41033
v 3.459692 8.421807 -29.60547
v 3.322344 7.078164 -29.99999
v 3.459693 5.953691 -30.39451
v 3.748502 8.488679 -29.31666
v 3.432294 7.102231 -29.58965
v 3.732684 7.167689 -29.28925
v 3.353981 5.930278 -29.99999
v 3.500423 5.492779 -30.37099
v 3.401013 5.481088 -29.99999
v 3.459692 5.953691 -29.60547
v 3.748502 6.017736 -29.31666
v 3.500423 5.492779 -29.62899
v 3.772017 5.524762 -29.35738
v 3.576729 5.281062 -29.67304
v 3.417618 9.164338 -30.37433
v 3.747256 9.250419 -30.59659
v 3.816077 5.289627 -30.56629
v 4.03686 9.601242 -30.74868
v 3.677275 9.350885 -30.64837
v 2.573329 10.40727 -30.61402
v 2.316534 10.14825 -30.37433
v 2.414844 10.14953 -30.3545
v 1.260492 10.12985 -30.39269
v 1.939856E-05 10.11824 -30.39922
v -1.260453 10.12985 -30.39269
v -2.316496 10.14825 -30.37434
v -2.565797 10.40884 -30.61572
v -2.406878 10.15039 -30.35548
v 2.9348 10.68578 -30.74868
v 2.669445 10.33712 -30.64837
v 2.472071 10.08559 -30.37433
v 3.161705 9.832829 -30.67252
v 2.924676 9.605633 -30.38828
v 4.70235 9.809645 -30.34444
v 3.192726 11.04328 -30.64837
v 3.810485 10.4547 -30.67252
v 3.485812 10.1435 -30.77656
v 4.40496 9.843803 -30.64837
v 2.267177 10.04335 -29.99999
v 1.233635 10.02201 -29.99999
v 1.914791E-05 10.0086 -29.99999
v -1.260453 10.12985 -29.60729
v -1.233597 10.02201 -29.99999
v -2.316496 10.14825 -29.62565
v -2.267139 10.04335 -29.99999
v -2.348635 10.0558 -29.99999
v -2.406878 10.15039 -29.64451
v 4.445151 9.659043 -29.40339
v 2.845445 11.22006 -29.35161
v 1.548284 11.23073 -29.31983
v 1.871377E-05 11.23743 -29.30851
v 2.790472 10.76064 -29.29098
v 2.934799 10.68578 -29.2513
v 3.485811 10.1435 -29.22342
v 4.036859 9.601242 -29.2513
v 2.640933 10.82682 -29.2513
v 1.437004 10.82725 -29.21461
v 1.864662E-05 10.82724 -29.20155
v -1.548247 11.23073 -29.31983
v -1.436967 10.82725 -29.21461
v -1.333441 10.42446 -29.31983
v -2.845407 11.22006 -29.35162
v -2.640895 10.82682 -29.25131
v -2.450634 10.43479 -29.35162
v -2.565798 10.40884 -29.38427
v -2.783538 10.76317 -29.28903
v -3.002997 11.1198 -29.38427
v 4.517366 9.512936 -29.35161
v 4.143023 8.581953 -29.21094
v 4.143024 7.260026 -29.17931
v 4.143024 6.109136 -29.21094
v 4.143024 5.570404 -29.25799
v 3.816074 5.289627 -29.43369
v 4.143024 5.301849 -29.34609
v 4.469975 5.315043 -29.43369
v -3.459654 8.421807 -30.39451
v -3.494607 9.000829 -30.37434
v -3.768644 9.131745 -30.64837
v -3.748464 8.488679 -30.68333
v -3.732646 7.167689 -30.71073
v -3.432255 7.102231 -30.41033
v -4.142986 9.31642 -30.74868
v -3.752576 9.259129 -30.59933
v -4.102003 9.463572 -30.69204
v -4.517327 9.512936 -30.64837
v -4.453674 9.669629 -30.59933
v -4.142985 8.581953 -30.78904
v -4.537508 8.679801 -30.68333
v -4.553326 7.358285 -30.71073
v -4.142985 7.260026 -30.82067
v -4.537485 6.206873 -30.6833
v -3.748486 6.017017 -30.6833
v -3.459693 5.953043 -30.3945
v -3.500384 5.492779 -30.371
v -3.771981 5.524762 -30.6426
v -4.142985 6.108314 -30.789
v -4.142986 5.570404 -30.742
v -4.51399 5.619676 -30.6426
v -3.816039 5.289627 -30.56629
v -4.142986 5.301848 -30.65389
v -4.417129 5.203634 -29.52516
v -4.142986 5.203634 -29.4517
v -3.868844 5.203634 -29.52516
v -4.617827 5.203634 -29.72584
v -3.668146 5.203634 -29.72584
v -4.691285 5.203634 -30
v -3.594688 5.203634 -29.99999
v -4.617827 5.203634 -30.27415
v -3.668145 5.203634 -30.27415
v -4.417129 5.203634 -30.47483
v -3.868843 5.203634 -30.47483
v -4.142986 5.203634 -30.54829
v -4.826317 8.752619 -30.39451
v -4.791365 9.66107 -30.37434
v -4.89167 9.715076 -30
v -4.932029 8.778965 -30
v -4.963667 7.459355 -30
v -4.853716 7.432352 -30.41034
v -4.791366 9.66107 -29.62565
v -4.806628 9.876227 -30
v -4.712055 9.820923 -29.65397
v -4.826318 8.752619 -29.60548
v -4.853716 7.432352 -29.58966
v -4.931984 6.309733 -30
v -4.826279 6.282105 -30.3945
v -4.785587 5.657287 -30.371
v -4.553327 7.358285 -29.28926
v -4.537508 8.679801 -29.31666
v -4.537486 6.206873 -29.31671
v -4.826279 6.282105 -29.6055
v -4.884998 5.671099 -30
v -4.709283 5.325115 -30.32695
v -4.796889 5.328813 -30
v -4.785587 5.657287 -29.62899
v -4.513995 5.619676 -29.35739
v -4.709284 5.325115 -29.67305
v -4.135442 10.76622 -29.99999
v -4.048359 10.68275 -29.6117
v -4.677965 10.0181 -29.62565
v -4.777914 10.08188 -30
v -4.048359 10.68275 -30.38828
v -4.677965 10.0181 -30.37434
v -3.810446 10.4547 -30.67253
v -4.40492 9.843803 -30.64837
v -3.192687 11.04328 -30.64837
v -3.378383 11.3087 -30.37434
v -3.446346 11.40586 -29.99999
v -3.164129 11.38182 -30.35548
v -3.223033 11.47772 -29.99999
v -4.404921 9.843803 -29.35162
v -3.810446 10.4547 -29.32746
v -3.378383 11.3087 -29.62565
v -3.192688 11.04328 -29.35162
v -3.164129 11.38182 -29.64451
v -3.494607 9.000829 -29.62565
v -3.752577 9.259129 -29.40066
v -3.497715 9.109914 -29.65397
v -3.768645 9.131745 -29.35162
v -4.102003 9.463572 -29.30795
v -4.142986 9.31642 -29.25131
v -3.677237 9.350887 -29.35162
v -3.41758 9.164338 -29.62565
v -3.40443 9.055226 -29.99999
v -3.161666 9.832829 -29.32746
v -3.322546 9.09605 -29.99999
v -2.924638 9.605633 -29.6117
v -2.669406 10.33712 -29.35162
v -2.83788 9.522474 -29.99999
v -2.472032 10.08559 -29.62565
v -2.399782 9.993532 -29.99999
v -3.497715 9.109914 -30.34602
v -3.394302 8.952695 -29.99999
v -3.353943 8.397086 -29.99999
v -3.459655 8.421807 -29.60548
v -3.322305 7.078164 -29.99999
v -3.748465 8.488679 -29.31666
v -3.432256 7.102231 -29.58965
v -3.732646 7.167689 -29.28926
v -3.353988 5.929657 -29.99999
v -3.459694 5.953043 -29.60549
v -3.748487 6.017017 -29.31671
v -3.771979 5.524762 -29.35739
v -3.500385 5.492779 -29.62899
v -3.400974 5.481088 -29.99999
v -3.576691 5.281062 -29.67304
v -3.489084 5.277932 -29.99999
v -3.417579 9.164338 -30.37434
v -2.924637 9.605633 -30.38828
v -2.472032 10.08559 -30.37434
v -3.161665 9.832829 -30.67253
v -2.669405 10.33712 -30.64837
v -3.677236 9.350885 -30.64837
v -4.036821 9.601242 -30.74868
v -4.712054 9.820923 -30.34602
v -2.934761 10.68578 -30.74868
v -3.485773 10.1435 -30.77656
v -4.453675 9.669629 -29.40066
v -2.934761 10.68578 -29.25131
v -3.485774 10.1435 -29.22343
v -4.036821 9.601242 -29.25131
v -4.517328 9.512936 -29.35162
v -4.469933 5.315043 -30.56629
v -4.142987 8.581953 -29.21095
v -4.142987 7.260026 -29.17932
v -4.142987 6.108314 -29.21099
v -4.142986 5.570404 -29.25799
v -4.469936 5.315043 -29.43369
v -4.142986 5.301849 -29.34609
v -3.816036 5.289627 -29.43369
v 4.709322 5.325115 -30.32694
v -3.57669 5.281062 -30.32694
v -5.443805 6.236444 -36.04676
v -5.494586 6.385918 -35.97894
v -5.588558 6.385918 -36.00798
v -5.579623 6.236444 -36.10203
v -5.697041 6.385918 -36.00798
v -5.579623 6.035392 -36.10203
v -5.443805 6.035392 -36.04676
v -5.494586 5.885918 -35.97894
v -5.588558 5.885918 -36.00798
v -5.705975 6.035392 -36.10203
v -5.697041 5.885918 -36.00798
v -5.705975 6.236444 -36.10203
v -5.791014 6.385918 -35.97894
v -5.841794 6.236444 -36.04676
v -5.841794 6.035392 -36.04676
v -5.791014 5.885918 -35.97894
v -5.468393 6.385918 -35.8946
v -5.443805 6.535392 -36.04676
v -5.396111 6.535392 -35.91331
v -5.44243 6.385918 -35.64978
v -5.396111 6.71931 -35.91331
v -5.443805 6.71931 -36.04676
v -5.462142 6.815501 -36.02227
v -5.438586 6.83712 -35.91331
v -5.359388 6.71931 -35.64978
v -5.408186 6.83712 -35.64978
v -5.408191 6.83712 -29.75811
v -5.359388 6.535392 -35.64978
v -5.359392 6.71931 -29.75811
v -5.359392 6.535392 -29.75811
v -5.442434 6.385918 -29.75811
v -5.468397 6.385918 -29.51329
v -5.396115 6.71931 -29.49458
v -5.438591 6.83712 -29.49458
v -5.462146 6.815501 -29.38562
v -5.44381 6.71931 -29.36113
v -5.396115 6.535392 -29.49458
v -5.49459 6.385918 -29.42895
v -5.44381 6.535392 -29.36113
v -5.44381 6.035392 -29.36113
v -5.49459 5.885918 -29.42895
v -5.588562 5.885918 -29.39991
v -5.579628 6.035392 -29.30586
v -5.697046 5.885918 -29.39991
v -5.579628 6.236444 -29.30586
v -5.44381 6.236444 -29.36113
v -5.588562 6.385918 -29.39991
v -5.70598 6.236444 -29.30586
v -5.697046 6.385918 -29.39991
v -5.70598 6.035392 -29.30586
v -5.791018 5.885918 -29.42895
v -5.841799 6.035392 -29.36113
v -5.841799 6.236444 -29.36113
v -5.791018 6.385918 -29.42895
v -5.468397 5.885918 -29.51329
v -5.44381 5.736444 -29.36113
v -5.396115 5.736444 -29.49458
v -5.442434 5.885918 -29.75811
v -5.396115 5.552526 -29.49458
v -5.44381 5.552526 -29.36113
v -5.462145 5.456335 -29.38562
v -5.438591 5.434717 -29.49458
v -5.359392 5.552526 -29.75811
v -5.408191 5.434717 -29.75811
v -5.408186 5.434717 -35.64978
v -5.359392 5.736444 -29.75811
v -5.359388 5.552526 -35.64978
v -5.359388 5.736444 -35.64978
v -5.44243 5.885918 -35.64978
v -5.468393 5.885918 -35.8946
v -5.396111 5.552526 -35.91331
v -5.438586 5.434717 -35.91331
v -5.462141 5.456335 -36.02227
v -5.443805 5.552526 -36.04676
v -5.396111 5.736444 -35.91331
v -5.443805 5.736444 -36.04676
v -5.817211 5.885918 -29.51329
v -5.889493 6.035392 -29.49458
v -5.843174 5.885918 -29.75811
v -5.889493 6.236444 -29.49458
v -5.817211 6.385918 -29.51329
v -5.926216 6.236444 -29.75811
v -5.843174 6.385918 -29.75811
v -5.84317 6.385918 -35.64978
v -5.926216 6.035392 -29.75811
v -5.926211 6.236444 -35.64978
v -5.926211 6.035392 -35.64978
v -5.843169 5.885918 -35.64978
v -5.817206 5.885918 -35.8946
v -5.889488 6.236444 -35.91331
v -5.817207 6.385918 -35.8946
v -5.889488 6.035392 -35.91331
v -5.841799 5.736444 -29.36113
v -5.70598 5.736444 -29.30586
v -5.70598 5.552526 -29.30586
v -5.841799 5.552526 -29.36113
v -5.823462 5.456335 -29.38562
v -5.70598 5.434717 -29.36113
v -5.579628 5.552526 -29.30586
v -5.579628 5.434717 -29.36113
v -5.579628 5.736444 -29.30586
v -5.841794 5.736444 -36.04676
v -5.889488 5.736444 -35.91331
v -5.889488 5.552526 -35.91331
v -5.841794 5.552526 -36.04676
v -5.823458 5.456335 -36.02227
v -5.847013 5.434717 -35.91331
v -5.926211 5.552526 -35.64978
v -5.877413 5.434717 -35.64978
v -5.877417 5.434717 -29.75811
v -5.926211 5.736444 -35.64978
v -5.926216 5.552526 -29.75811
v -5.926216 5.736444 -29.75811
v -5.889493 5.552526 -29.49458
v -5.847017 5.434717 -29.49458
v -5.889493 5.736444 -29.49458
v -5.579623 5.736444 -36.10203
v -5.579623 5.552526 -36.10203
v -5.579623 5.434717 -36.04676
v -5.705975 5.552526 -36.10203
v -5.705975 5.434717 -36.04676
v -5.705975 5.736444 -36.10203
v -5.396111 6.035392 -35.91331
v -5.396111 6.236444 -35.91331
v -5.359388 6.236444 -35.64978
v -5.359388 6.035392 -35.64978
v -5.359392 6.236444 -29.75811
v -5.359392 6.035392 -29.75811
v -5.396115 6.236444 -29.49458
v -5.396115 6.035392 -29.49458
v -5.579628 6.535392 -29.30586
v -5.579628 6.71931 -29.30586
v -5.579628 6.83712 -29.36113
v -5.70598 6.71931 -29.30586
v -5.70598 6.83712 -29.36113
v -5.823462 6.815501 -29.38562
v -5.841799 6.71931 -29.36113
v -5.70598 6.535392 -29.30586
v -5.841799 6.535392 -29.36113
v -5.889493 6.535392 -29.49458
v -5.889493 6.71931 -29.49458
v -5.847017 6.83712 -29.49458
v -5.926216 6.71931 -29.75811
v -5.877418 6.83712 -29.75811
v -5.877413 6.83712 -35.64978
v -5.926216 6.535392 -29.75811
v -5.926211 6.71931 -35.64978
v -5.926211 6.535392 -35.64978
v -5.889488 6.71931 -35.91331
v -5.847013 6.83712 -35.91331
v -5.823458 6.815501 -36.02227
v -5.841794 6.71931 -36.04676
v -5.889488 6.535392 -35.91331
v -5.841794 6.535392 -36.04676
v -5.705975 6.535392 -36.10203
v -5.705975 6.71931 -36.10203
v -5.705975 6.83712 -36.04676
v -5.579623 6.71931 -36.10203
v -5.579623 6.83712 -36.04676
v -5.579623 6.535392 -36.10203
v -5.525996 5.385918 -35.64978
v -5.54921 5.385918 -35.91331
v -5.736389 5.385918 -35.91331
v -5.759603 5.385918 -35.64978
v -5.526 5.385918 -29.75811
v -5.759607 5.385918 -29.75811
v -5.549214 5.385918 -29.49458
v -5.736393 5.385918 -29.49458
v -5.526 6.885918 -29.75811
v -5.549214 6.885918 -29.49458
v -5.736393 6.885918 -29.49458
v -5.759607 6.885918 -29.75811
v -5.525996 6.885918 -35.64978
v -5.759603 6.885918 -35.64978
v -5.54921 6.885918 -35.91331
v -5.736389 6.885918 -35.91331
v -4.992122 6.236444 -36.77868
v -4.947401 6.385918 -36.7279
v -4.966543 6.385918 -36.63394
v -5.028572 6.236444 -36.64286
v -4.966543 6.385918 -36.52545
v -5.028572 6.035392 -36.64286
v -4.992122 6.035392 -36.77868
v -4.947401 5.885918 -36.7279
v -4.966543 5.885918 -36.63394
v -5.028572 6.035392 -36.51652
v -4.966543 5.885918 -36.52545
v -5.028572 6.236444 -36.51652
v -4.947401 6.385918 -36.43148
v -4.992122 6.236444 -36.3807
v -4.992122 6.035392 -36.3807
v -4.947401 5.885918 -36.43148
v -4.891784 6.385918 -36.7541
v -4.992122 6.535392 -36.77868
v -4.904122 6.535392 -36.82638
v -4.730329 6.385918 -36.78006
v -4.904122 6.71931 -36.82638
v -4.992122 6.71931 -36.77868
v -4.975973 6.815501 -36.76036
v -4.904122 6.83712 -36.7839
v -4.730328 6.71931 -36.86311
v -4.730329 6.83712 -36.81431
v -0.8450649 6.83712 -36.81431
v -4.730328 6.535392 -36.86311
v -0.8450649 6.71931 -36.86311
v -0.8450649 6.535392 -36.86311
v -0.8450649 6.385918 -36.78005
v -0.6836095 6.385918 -36.7541
v -0.6712708 6.71931 -36.82638
v -0.6712709 6.83712 -36.7839
v -0.5994201 6.815501 -36.76035
v -0.583272 6.71931 -36.77868
v -0.6712708 6.535392 -36.82638
v -0.6279922 6.385918 -36.7279
v -0.583272 6.535392 -36.77868
v -0.583272 6.035392 -36.77868
v -0.6279922 5.885918 -36.7279
v -0.6088504 5.885918 -36.63393
v -0.5468215 6.035392 -36.64286
v -0.6088504 5.885918 -36.52544
v -0.5468215 6.236444 -36.64286
v -0.583272 6.236444 -36.77868
v -0.6088504 6.385918 -36.63393
v -0.5468215 6.236444 -36.51652
v -0.6088504 6.385918 -36.52544
v -0.5468215 6.035392 -36.51652
v -0.6279924 5.885918 -36.43148
v -0.5832723 6.035392 -36.3807
v -0.5832723 6.236444 -36.3807
v -0.6279924 6.385918 -36.43148
v -0.6836095 5.885918 -36.7541
v -0.583272 5.736444 -36.77868
v -0.6712708 5.736444 -36.82638
v -0.8450649 5.885918 -36.78005
v -0.6712708 5.552526 -36.82638
v -0.583272 5.552526 -36.77868
v -0.5994201 5.456335 -36.76035
v -0.6712709 5.434717 -36.7839
v -0.8450649 5.552526 -36.86311
v -0.8450649 5.434717 -36.81431
v -4.730329 5.434717 -36.81431
v -0.8450649 5.736444 -36.86311
v -4.730328 5.552526 -36.86311
v -4.730328 5.736444 -36.86311
v -4.730329 5.885918 -36.78006
v -4.891784 5.885918 -36.7541
v -4.904122 5.552526 -36.82638
v -4.904122 5.434717 -36.7839
v -4.975973 5.456335 -36.76036
v -4.992122 5.552526 -36.77868
v -4.904122 5.736444 -36.82638
v -4.992122 5.736444 -36.77868
v -0.6836098 5.885918 -36.40528
v -0.6712711 6.035392 -36.333
v -0.8450652 5.885918 -36.37933
v -0.6712711 6.236444 -36.333
v -0.6836098 6.385918 -36.40528
v -0.8450652 6.236444 -36.29627
v -0.8450652 6.385918 -36.37933
v -4.730329 6.385918 -36.37933
v -0.8450652 6.035392 -36.29627
v -4.730329 6.236444 -36.29628
v -4.730329 6.035392 -36.29628
v -4.730329 5.885918 -36.37933
v -4.891784 5.885918 -36.40528
v -4.904122 6.236444 -36.333
v -4.891784 6.385918 -36.40528
v -4.904122 6.035392 -36.333
v -0.5832723 5.736444 -36.3807
v -0.5468215 5.736444 -36.51652
v -0.5468215 5.552526 -36.51652
v -0.5832723 5.552526 -36.3807
v -0.5994204 5.456335 -36.39902
v -0.5832722 5.434717 -36.51652
v -0.5468215 5.552526 -36.64286
v -0.5832721 5.434717 -36.64286
v -0.5468215 5.736444 -36.64286
v -4.992122 5.736444 -36.3807
v -4.904122 5.736444 -36.333
v -4.904122 5.552526 -36.333
v -4.992122 5.552526 -36.3807
v -4.975973 5.456335 -36.39903
v -4.904122 5.434717 -36.37548
v -4.730329 5.552526 -36.29628
v -4.730329 5.434717 -36.34507
v -0.8450652 5.434717 -36.34507
v -4.730329 5.736444 -36.29628
v -0.8450652 5.552526 -36.29627
v -0.8450652 5.736444 -36.29627
v -0.6712711 5.552526 -36.333
v -0.6712711 5.434717 -36.37548
v -0.6712711 5.736444 -36.333
v -5.028572 5.736444 -36.64286
v -5.028572 5.552526 -36.64286
v -4.992122 5.434717 -36.64286
v -5.028572 5.552526 -36.51652
v -4.992122 5.434717 -36.51652
v -5.028572 5.736444 -36.51652
v -4.904122 6.035392 -36.82638
v -4.904122 6.236444 -36.82638
v -4.730328 6.236444 -36.86311
v -4.730328 6.035392 -36.86311
v -0.8450649 6.236444 -36.86311
v -0.8450649 6.035392 -36.86311
v -0.6712708 6.236444 -36.82638
v -0.6712708 6.035392 -36.82638
v -0.5468215 6.535392 -36.64286
v -0.5468215 6.71931 -36.64286
v -0.5832721 6.83712 -36.64286
v -0.5468215 6.71931 -36.51652
v -0.5832722 6.83712 -36.51652
v -0.5994204 6.815501 -36.39902
v -0.5832723 6.71931 -36.3807
v -0.5468215 6.535392 -36.51652
v -0.5832723 6.535392 -36.3807
v -0.6712711 6.535392 -36.333
v -0.6712711 6.71931 -36.333
v -0.6712711 6.83712 -36.37548
v -0.8450652 6.71931 -36.29627
v -0.8450652 6.83712 -36.34507
v -4.730329 6.83712 -36.34507
v -0.8450652 6.535392 -36.29627
v -4.730329 6.71931 -36.29628
v -4.730329 6.535392 -36.29628
v -4.904122 6.71931 -36.333
v -4.904122 6.83712 -36.37548
v -4.975973 6.815501 -36.39903
v -4.992122 6.71931 -36.3807
v -4.904122 6.535392 -36.333
v -4.992122 6.535392 -36.3807
v -5.028572 6.535392 -36.51652
v -5.028572 6.71931 -36.51652
v -4.992122 6.83712 -36.51652
v -5.028572 6.71931 -36.64286
v -4.992122 6.83712 -36.64286
v -5.028572 6.535392 -36.64286
v -4.730329 5.385918 -36.6965
v -4.904122 5.385918 -36.67327
v -4.904122 5.385918 -36.48611
v -4.730329 5.385918 -36.46289
v -0.8450649 5.385918 -36.6965
v -0.8450651 5.385918 -36.46288
v -0.671271 5.385918 -36.67327
v -0.6712711 5.385918 -36.48611
v -0.8450649 6.885918 -36.6965
v -0.671271 6.885918 -36.67327
v -0.6712711 6.885918 -36.48611
v -0.8450651 6.885918 -36.46288
v -4.730329 6.885918 -36.6965
v -4.730329 6.885918 -36.46289
v -4.904122 6.885918 -36.67327
v -4.904122 6.885918 -36.48611
v 0.6043448 6.236444 -36.77868
v 0.649065 6.385918 -36.7279
v 0.6299232 6.385918 -36.63393
v 0.5678941 6.236444 -36.64286
v 0.6299232 6.385918 -36.52544
v 0.5678941 6.035392 -36.64286
v 0.6043448 6.035392 -36.77868
v 0.649065 5.885918 -36.7279
v 0.6299232 5.885918 -36.63393
v 0.567894 6.035392 -36.51652
v 0.6299232 5.885918 -36.52544
v 0.567894 6.236444 -36.51652
v 0.6490648 6.385918 -36.43148
v 0.6043445 6.236444 -36.3807
v 0.6043445 6.035392 -36.3807
v 0.6490648 5.885918 -36.43148
v 0.7046823 6.385918 -36.7541
v 0.6043448 6.535392 -36.77868
v 0.6923437 6.535392 -36.82638
v 0.8661377 6.385918 -36.78005
v 0.6923437 6.71931 -36.82638
v 0.6043448 6.71931 -36.77868
v 0.6204929 6.815501 -36.76035
v 0.6923437 6.83712 -36.7839
v 0.8661377 6.71931 -36.86311
v 0.8661377 6.83712 -36.81431
v 4.751401 6.83712 -36.8143
v 0.8661377 6.535392 -36.86311
v 4.751401 6.71931 -36.8631
v 4.751401 6.535392 -36.8631
v 4.751401 6.385918 -36.78005
v 4.912856 6.385918 -36.75409
v 4.925195 6.71931 -36.82637
v 4.925195 6.83712 -36.78389
v 4.997046 6.815501 -36.76035
v 5.013194 6.71931 -36.77868
v 4.925195 6.535392 -36.82637
v 4.968473 6.385918 -36.72789
v 5.013194 6.535392 -36.77868
v 5.013194 6.035392 -36.77868
v 4.968473 5.885918 -36.72789
v 4.987616 5.885918 -36.63393
v 5.049644 6.035392 -36.64286
v 4.987616 5.885918 -36.52544
v 5.049644 6.236444 -36.64286
v 5.013194 6.236444 -36.77868
v 4.987616 6.385918 -36.63393
v 5.049644 6.236444 -36.51651
v 4.987616 6.385918 -36.52544
v 5.049644 6.035392 -36.51651
v 4.968473 5.885918 -36.43148
v 5.013194 6.035392 -36.3807
v 5.013194 6.236444 -36.3807
v 4.968473 6.385918 -36.43148
v 4.912856 5.885918 -36.75409
v 5.013194 5.736444 -36.77868
v 4.925195 5.736444 -36.82637
v 4.751401 5.885918 -36.78005
v 4.925195 5.552526 -36.82637
v 5.013194 5.552526 -36.77868
v 4.997046 5.456335 -36.76035
v 4.925195 5.434717 -36.78389
v 4.751401 5.552526 -36.8631
v 4.751401 5.434717 -36.8143
v 0.8661377 5.434717 -36.81431
v 4.751401 5.736444 -36.8631
v 0.8661377 5.552526 -36.86311
v 0.8661377 5.736444 -36.86311
v 0.8661377 5.885918 -36.78005
v 0.7046823 5.885918 -36.7541
v 0.6923437 5.552526 -36.82638
v 0.6923437 5.434717 -36.7839
v 0.6204929 5.456335 -36.76035
v 0.6043448 5.552526 -36.77868
v 0.6923437 5.736444 -36.82638
v 0.6043448 5.736444 -36.77868
v 4.912856 5.885918 -36.40528
v 4.925195 6.035392 -36.333
v 4.751401 5.885918 -36.37932
v 4.925195 6.236444 -36.333
v 4.912856 6.385918 -36.40528
v 4.751401 6.236444 -36.29627
v 4.751401 6.385918 -36.37932
v 0.8661374 6.385918 -36.37933
v 4.751401 6.035392 -36.29627
v 0.8661374 6.236444 -36.29627
v 0.8661374 6.035392 -36.29627
v 0.8661374 5.885918 -36.37933
v 0.7046821 5.885918 -36.40528
v 0.6923434 6.236444 -36.333
v 0.7046821 6.385918 -36.40528
v 0.6923434 6.035392 -36.333
v 5.013194 5.736444 -36.3807
v 5.049644 5.736444 -36.51651
v 5.049644 5.552526 -36.51651
v 5.013194 5.552526 -36.3807
v 4.997046 5.456335 -36.39902
v 5.013194 5.434717 -36.51651
v 5.049644 5.552526 -36.64286
v 5.013194 5.434717 -36.64286
v 5.049644 5.736444 -36.64286
v 0.6043445 5.736444 -36.3807
v 0.6923434 5.736444 -36.333
v 0.6923434 5.552526 -36.333
v 0.6043445 5.552526 -36.3807
v 0.6204926 5.456335 -36.39902
v 0.6923434 5.434717 -36.37548
v 0.8661374 5.552526 -36.29627
v 0.8661374 5.434717 -36.34507
v 4.751401 5.434717 -36.34507
v 0.8661374 5.736444 -36.29627
v 4.751401 5.552526 -36.29627
v 4.751401 5.736444 -36.29627
v 4.925195 5.552526 -36.333
v 4.925195 5.434717 -36.37548
v 4.925195 5.736444 -36.333
v 0.5678941 5.736444 -36.64286
v 0.5678941 5.552526 -36.64286
v 0.6043447 5.434717 -36.64286
v 0.567894 5.552526 -36.51652
v 0.6043447 5.434717 -36.51652
v 0.567894 5.736444 -36.51652
v 0.6923437 6.035392 -36.82638
v 0.6923437 6.236444 -36.82638
v 0.8661377 6.236444 -36.86311
v 0.8661377 6.035392 -36.86311
v 4.751401 6.236444 -36.8631
v 4.751401 6.035392 -36.8631
v 4.925195 6.236444 -36.82637
v 4.925195 6.035392 -36.82637
v 5.049644 6.535392 -36.64286
v 5.049644 6.71931 -36.64286
v 5.013194 6.83712 -36.64286
v 5.049644 6.71931 -36.51651
v 5.013194 6.83712 -36.51651
v 4.997046 6.815501 -36.39902
v 5.013194 6.71931 -36.3807
v 5.049644 6.535392 -36.51651
v 5.013194 6.535392 -36.3807
v 4.925195 6.535392 -36.333
v 4.925195 6.71931 -36.333
v 4.925195 6.83712 -36.37548
v 4.751401 6.71931 -36.29627
v 4.751401 6.83712 -36.34507
v 0.8661374 6.83712 -36.34507
v 4.751401 6.535392 -36.29627
v 0.8661374 6.71931 -36.29627
v 0.8661374 6.535392 -36.29627
v 0.6923434 6.71931 -36.333
v 0.6923434 6.83712 -36.37548
v 0.6204926 6.815501 -36.39902
v 0.6043445 6.71931 -36.3807
v 0.6923434 6.535392 -36.333
v 0.6043445 6.535392 -36.3807
v 0.567894 6.535392 -36.51652
v 0.567894 6.71931 -36.51652
v 0.6043447 6.83712 -36.51652
v 0.5678941 6.71931 -36.64286
v 0.6043447 6.83712 -36.64286
v 0.5678941 6.535392 -36.64286
v 0.8661377 5.385918 -36.6965
v 0.6923436 5.385918 -36.67327
v 0.6923435 5.385918 -36.48611
v 0.8661375 5.385918 -36.46288
v 4.751401 5.385918 -36.69649
v 4.751401 5.385918 -36.46288
v 4.925195 5.385918 -36.67327
v 4.925195 5.385918 -36.4861
v 4.751401 6.885918 -36.69649
v 4.925195 6.885918 -36.67327
v 4.925195 6.885918 -36.4861
v 4.751401 6.885918 -36.46288
v 0.8661377 6.885918 -36.6965
v 0.8661375 6.885918 -36.46288
v 0.6923436 6.885918 -36.67327
v 0.6923435 6.885918 -36.48611
v -5.44381 6.236444 -28.21905
v -5.49459 6.385918 -28.15123
v -5.588562 6.385918 -28.18026
v -5.579628 6.236444 -28.27432
v -5.697046 6.385918 -28.18026
v -5.579628 6.035392 -28.27432
v -5.44381 6.035392 -28.21905
v -5.49459 5.885918 -28.15123
v -5.588562 5.885918 -28.18026
v -5.70598 6.035392 -28.27432
v -5.697046 5.885918 -28.18026
v -5.70598 6.236444 -28.27432
v -5.791019 6.385918 -28.15123
v -5.841799 6.236444 -28.21905
v -5.841799 6.035392 -28.21905
v -5.791019 5.885918 -28.15123
v -5.468398 6.385918 -28.06689
v -5.44381 6.535392 -28.21905
v -5.396116 6.535392 -28.0856
v -5.442434 6.385918 -27.82206
v -5.396116 6.71931 -28.0856
v -5.44381 6.71931 -28.21905
v -5.462146 6.815501 -28.19456
v -5.438591 6.83712 -28.0856
v -5.359393 6.71931 -27.82206
v -5.408191 6.83712 -27.82206
v -5.408195 6.83712 -21.9304
v -5.359393 6.535392 -27.82206
v -5.359397 6.71931 -21.9304
v -5.359397 6.535392 -21.9304
v -5.442439 6.385919 -21.9304
v -5.468402 6.385919 -21.68557
v -5.39612 6.71931 -21.66687
v -5.438595 6.83712 -21.66687
v -5.462151 6.815502 -21.5579
v -5.443815 6.71931 -21.53341
v -5.39612 6.535392 -21.66687
v -5.494595 6.385919 -21.60124
v -5.443815 6.535392 -21.53341
v -5.443815 6.035392 -21.53341
v -5.494595 5.885919 -21.60124
v -5.588567 5.885919 -21.5722
v -5.579633 6.035392 -21.47815
v -5.697051 5.885919 -21.5722
v -5.579633 6.236445 -21.47815
v -5.443815 6.236445 -21.53341
v -5.588567 6.385919 -21.5722
v -5.705985 6.236445 -21.47815
v -5.697051 6.385919 -21.5722
v -5.705985 6.035392 -21.47815
v -5.791024 5.885919 -21.60124
v -5.841805 6.035392 -21.53341
v -5.841805 6.236445 -21.53341
v -5.791024 6.385919 -21.60124
v -5.468402 5.885919 -21.68557
v -5.443815 5.736445 -21.53341
v -5.39612 5.736445 -21.66687
v -5.442439 5.885919 -21.9304
v -5.39612 5.552527 -21.66687
v -5.443815 5.552527 -21.53341
v -5.462151 5.456336 -21.5579
v -5.438595 5.434717 -21.66687
v -5.359397 5.552527 -21.9304
v -5.408195 5.434717 -21.9304
v -5.408191 5.434717 -27.82206
v -5.359397 5.736445 -21.9304
v -5.359393 5.552526 -27.82206
v -5.359393 5.736444 -27.82206
v -5.442434 5.885918 -27.82206
v -5.468398 5.885918 -28.06689
v -5.396116 5.552526 -28.0856
v -5.438591 5.434717 -28.0856
v -5.462146 5.456335 -28.19456
v -5.44381 5.552526 -28.21905
v -5.396116 5.736444 -28.0856
v -5.44381 5.736444 -28.21905
v -5.817216 5.885919 -21.68557
v -5.889497 6.035392 -21.66687
v -5.843179 5.885919 -21.9304
v -5.889497 6.236445 -21.66687
v -5.817216 6.385919 -21.68557
v -5.92622 6.236445 -21.9304
v -5.843179 6.385919 -21.9304
v -5.843174 6.385918 -27.82206
v -5.92622 6.035392 -21.9304
v -5.926216 6.236444 -27.82206
v -5.926216 6.035392 -27.82206
v -5.843174 5.885918 -27.82206
v -5.817211 5.885918 -28.06689
v -5.889493 6.236444 -28.0856
v -5.817212 6.385918 -28.06689
v -5.889493 6.035392 -28.0856
v -5.841805 5.736445 -21.53341
v -5.705985 5.736445 -21.47815
v -5.705985 5.552527 -21.47815
v -5.841805 5.552527 -21.53341
v -5.823468 5.456336 -21.5579
v -5.705985 5.434717 -21.53341
v -5.579633 5.552527 -21.47815
v -5.579633 5.434717 -21.53341
v -5.579633 5.736445 -21.47815
v -5.841799 5.736444 -28.21905
v -5.889493 5.736444 -28.0856
v -5.889493 5.552526 -28.0856
v -5.841799 5.552526 -28.21905
v -5.823463 5.456335 -28.19456
v -5.847018 5.434717 -28.0856
v -5.926216 5.552526 -27.82206
v -5.877418 5.434717 -27.82206
v -5.877422 5.434717 -21.9304
v -5.926216 5.736444 -27.82206
v -5.92622 5.552527 -21.9304
v -5.92622 5.736445 -21.9304
v -5.889497 5.552527 -21.66687
v -5.847022 5.434717 -21.66687
v -5.889497 5.736445 -21.66687
v -5.579628 5.736444 -28.27432
v -5.579628 5.552526 -28.27432
v -5.579628 5.434717 -28.21905
v -5.70598 5.552526 -28.27432
v -5.70598 5.434717 -28.21905
v -5.70598 5.736444 -28.27432
v -5.396116 6.035392 -28.0856
v -5.396116 6.236444 -28.0856
v -5.359393 6.236444 -27.82206
v -5.359393 6.035392 -27.82206
v -5.359397 6.236445 -21.9304
v -5.359397 6.035392 -21.9304
v -5.39612 6.236445 -21.66687
v -5.39612 6.035392 -21.66687
v -5.579633 6.535392 -21.47815
v -5.579633 6.71931 -21.47815
v -5.579633 6.83712 -21.53341
v -5.705985 6.71931 -21.47815
v -5.705986 6.83712 -21.53341
v -5.823468 6.815502 -21.5579
v -5.841805 6.71931 -21.53341
v -5.705985 6.535392 -21.47815
v -5.841805 6.535392 -21.53341
v -5.889497 6.535392 -21.66687
v -5.889497 6.71931 -21.66687
v -5.847022 6.83712 -21.66687
v -5.92622 6.71931 -21.9304
v -5.877422 6.83712 -21.9304
v -5.877418 6.83712 -27.82206
v -5.92622 6.535392 -21.9304
v -5.926216 6.71931 -27.82206
v -5.926216 6.535392 -27.82206
v -5.889493 6.71931 -28.0856
v -5.847018 6.83712 -28.0856
v -5.823463 6.815501 -28.19456
v -5.841799 6.71931 -28.21905
v -5.889493 6.535392 -28.0856
v -5.841799 6.535392 -28.21905
v -5.70598 6.535392 -28.27432
v -5.70598 6.71931 -28.27432
v -5.70598 6.83712 -28.21905
v -5.579628 6.71931 -28.27432
v -5.579628 6.83712 -28.21905
v -5.579628 6.535392 -28.27432
v -5.526 5.385918 -27.82206
v -5.549215 5.385918 -28.0856
v -5.736393 5.385918 -28.0856
v -5.759608 5.385918 -27.82206
v -5.526005 5.385919 -21.9304
v -5.759612 5.385919 -21.9304
v -5.549219 5.385919 -21.66687
v -5.736398 5.385919 -21.66687
v -5.526005 6.885919 -21.9304
v -5.549219 6.885919 -21.66687
v -5.736398 6.885919 -21.66687
v -5.759612 6.885919 -21.9304
v -5.526001 6.885918 -27.82206
v -5.759608 6.885918 -27.82206
v -5.549215 6.885918 -28.0856
v -5.736393 6.885918 -28.0856
v 5.799085 6.236444 -36.04676
v 5.748304 6.385918 -35.97893
v 5.654332 6.385918 -36.00797
v 5.663267 6.236444 -36.10202
v 5.545848 6.385918 -36.00797
v 5.663267 6.035392 -36.10202
v 5.799085 6.035392 -36.04676
v 5.748304 5.885918 -35.97893
v 5.654332 5.885918 -36.00797
v 5.536915 6.035392 -36.10202
v 5.545848 5.885918 -36.00797
v 5.536915 6.236444 -36.10202
v 5.451875 6.385918 -35.97893
v 5.401095 6.236444 -36.04676
v 5.401095 6.035392 -36.04676
v 5.451875 5.885918 -35.97893
v 5.774497 6.385918 -35.8946
v 5.799085 6.535392 -36.04676
v 5.846778 6.535392 -35.9133
v 5.80046 6.385918 -35.64977
v 5.846778 6.71931 -35.9133
v 5.799085 6.71931 -36.04676
v 5.780748 6.815501 -36.02227
v 5.804303 6.83712 -35.9133
v 5.883502 6.71931 -35.64977
v 5.834703 6.83712 -35.64977
v 5.834699 6.83712 -29.75811
v 5.883502 6.535392 -35.64977
v 5.883497 6.71931 -29.75811
v 5.883497 6.535392 -29.75811
v 5.800456 6.385918 -29.75811
v 5.774492 6.385918 -29.51328
v 5.846774 6.71931 -29.49457
v 5.804299 6.83712 -29.49457
v 5.780744 6.815501 -29.38561
v 5.79908 6.71931 -29.36112
v 5.846774 6.535392 -29.49457
v 5.7483 6.385918 -29.42894
v 5.79908 6.535392 -29.36112
v 5.79908 6.035392 -29.36112
v 5.7483 5.885918 -29.42894
v 5.654327 5.885918 -29.39991
v 5.663261 6.035392 -29.30585
v 5.545844 5.885918 -29.39991
v 5.663261 6.236444 -29.30585
v 5.79908 6.236444 -29.36112
v 5.654327 6.385918 -29.39991
v 5.53691 6.236444 -29.30585
v 5.545844 6.385918 -29.39991
v 5.53691 6.035392 -29.30585
v 5.451871 5.885918 -29.42894
v 5.40109 6.035392 -29.36112
v 5.40109 6.236444 -29.36112
v 5.451871 6.385918 -29.42894
v 5.774492 5.885918 -29.51328
v 5.79908 5.736444 -29.36112
v 5.846774 5.736444 -29.49457
v 5.800456 5.885918 -29.75811
v 5.846774 5.552526 -29.49457
v 5.79908 5.552526 -29.36112
v 5.780744 5.456335 -29.38561
v 5.804299 5.434717 -29.49457
v 5.883497 5.552526 -29.75811
v 5.834699 5.434717 -29.75811
v 5.834703 5.434717 -35.64977
v 5.883497 5.736444 -29.75811
v 5.883502 5.552526 -35.64977
v 5.883502 5.736444 -35.64977
v 5.80046 5.885918 -35.64977
v 5.774497 5.885918 -35.8946
v 5.846778 5.552526 -35.9133
v 5.804303 5.434717 -35.9133
v 5.780748 5.456335 -36.02227
v 5.799085 5.552526 -36.04676
v 5.846778 5.736444 -35.9133
v 5.799085 5.736444 -36.04676
v 5.425678 5.885918 -29.51328
v 5.353397 6.035392 -29.49457
v 5.399715 5.885918 -29.75811
v 5.353397 6.236444 -29.49457
v 5.425678 6.385918 -29.51328
v 5.316674 6.236444 -29.75811
v 5.399715 6.385918 -29.75811
v 5.39972 6.385918 -35.64977
v 5.316674 6.035392 -29.75811
v 5.316678 6.236444 -35.64977
v 5.316678 6.035392 -35.64977
v 5.39972 5.885918 -35.64977
v 5.425683 5.885918 -35.8946
v 5.353401 6.236444 -35.9133
v 5.425683 6.385918 -35.8946
v 5.353401 6.035392 -35.9133
v 5.40109 5.736444 -29.36112
v 5.53691 5.736444 -29.30585
v 5.53691 5.552526 -29.30585
v 5.40109 5.552526 -29.36112
v 5.419427 5.456335 -29.38561
v 5.53691 5.434717 -29.36112
v 5.663261 5.552526 -29.30585
v 5.663261 5.434717 -29.36112
v 5.663261 5.736444 -29.30585
v 5.401095 5.736444 -36.04676
v 5.353401 5.736444 -35.9133
v 5.353401 5.552526 -35.9133
v 5.401095 5.552526 -36.04676
v 5.419431 5.456335 -36.02227
v 5.395876 5.434717 -35.9133
v 5.316678 5.552526 -35.64977
v 5.365477 5.434717 -35.64977
v 5.365472 5.434717 -29.75811
v 5.316678 5.736444 -35.64977
v 5.316674 5.552526 -29.75811
v 5.316674 5.736444 -29.75811
v 5.353397 5.552526 -29.49457
v 5.395872 5.434717 -29.49457
v 5.353397 5.736444 -29.49457
v 5.663267 5.736444 -36.10202
v 5.663267 5.552526 -36.10202
v 5.663266 5.434717 -36.04676
v 5.536915 5.552526 -36.10202
v 5.536914 5.434717 -36.04676
v 5.536915 5.736444 -36.10202
v 5.846778 6.035392 -35.9133
v 5.846778 6.236444 -35.9133
v 5.883502 6.236444 -35.64977
v 5.883502 6.035392 -35.64977
v 5.883497 6.236444 -29.75811
v 5.883497 6.035392 -29.75811
v 5.846774 6.236444 -29.49457
v 5.846774 6.035392 -29.49457
v 5.663261 6.535392 -29.30585
v 5.663261 6.71931 -29.30585
v 5.663261 6.83712 -29.36112
v 5.53691 6.71931 -29.30585
v 5.536909 6.83712 -29.36112
v 5.419427 6.815501 -29.38561
v 5.40109 6.71931 -29.36112
v 5.53691 6.535392 -29.30585
v 5.40109 6.535392 -29.36112
v 5.353397 6.535392 -29.49457
v 5.353397 6.71931 -29.49457
v 5.395872 6.83712 -29.49457
v 5.316674 6.71931 -29.75811
v 5.365472 6.83712 -29.75811
v 5.365477 6.83712 -35.64977
v 5.316674 6.535392 -29.75811
v 5.316678 6.71931 -35.64977
v 5.316678 6.535392 -35.64977
v 5.353401 6.71931 -35.9133
v 5.395876 6.83712 -35.9133
v 5.419431 6.815501 -36.02227
v 5.401095 6.71931 -36.04676
v 5.353401 6.535392 -35.9133
v 5.401095 6.535392 -36.04676
v 5.536915 6.535392 -36.10202
v 5.536915 6.71931 -36.10202
v 5.536914 6.83712 -36.04676
v 5.663267 6.71931 -36.10202
v 5.663266 6.83712 -36.04676
v 5.663267 6.535392 -36.10202
v 5.716894 5.385918 -35.64977
v 5.693679 5.385918 -35.9133
v 5.506501 5.385918 -35.9133
v 5.483286 5.385918 -35.64977
v 5.716889 5.385918 -29.75811
v 5.483282 5.385918 -29.75811
v 5.693675 5.385918 -29.49457
v 5.506496 5.385918 -29.49457
v 5.716889 6.885918 -29.75811
v 5.693675 6.885918 -29.49457
v 5.506496 6.885918 -29.49457
v 5.483282 6.885918 -29.75811
v 5.716893 6.885918 -35.64977
v 5.483286 6.885918 -35.64977
v 5.693679 6.885918 -35.9133
v 5.506501 6.885918 -35.9133
v 5.853693 6.236444 -28.21904
v 5.802912 6.385918 -28.15122
v 5.70894 6.385918 -28.18026
v 5.717874 6.236444 -28.27431
v 5.600456 6.385918 -28.18026
v 5.717874 6.035392 -28.27431
v 5.853693 6.035392 -28.21904
v 5.802912 5.885918 -28.15122
v 5.70894 5.885918 -28.18026
v 5.591522 6.035392 -28.27431
v 5.600456 5.885918 -28.18026
v 5.591522 6.236444 -28.27431
v 5.506483 6.385918 -28.15122
v 5.455703 6.236444 -28.21904
v 5.455703 6.035392 -28.21904
v 5.506483 5.885918 -28.15122
v 5.829104 6.385918 -28.06688
v 5.853693 6.535392 -28.21904
v 5.901386 6.535392 -28.08559
v 5.855068 6.385918 -27.82206
v 5.901386 6.71931 -28.08559
v 5.853693 6.71931 -28.21904
v 5.835356 6.815501 -28.19455
v 5.858911 6.83712 -28.08559
v 5.938109 6.71931 -27.82206
v 5.889311 6.83712 -27.82206
v 5.889307 6.83712 -21.93039
v 5.938109 6.535392 -27.82206
v 5.938105 6.71931 -21.93039
v 5.938105 6.535392 -21.93039
v 5.855063 6.385919 -21.93039
v 5.8291 6.385919 -21.68557
v 5.901382 6.71931 -21.66686
v 5.858907 6.83712 -21.66686
v 5.835351 6.815502 -21.5579
v 5.853687 6.71931 -21.53341
v 5.901382 6.535392 -21.66686
v 5.802907 6.385919 -21.60123
v 5.853687 6.535392 -21.53341
v 5.853687 6.035392 -21.53341
v 5.802907 5.885919 -21.60123
v 5.708935 5.885919 -21.57219
v 5.717869 6.035392 -21.47814
v 5.600451 5.885919 -21.57219
v 5.717869 6.236445 -21.47814
v 5.853687 6.236445 -21.53341
v 5.708935 6.385919 -21.57219
v 5.591517 6.236445 -21.47814
v 5.600451 6.385919 -21.57219
v 5.591517 6.035392 -21.47814
v 5.506478 5.885919 -21.60123
v 5.455698 6.035392 -21.53341
v 5.455698 6.236445 -21.53341
v 5.506478 6.385919 -21.60123
v 5.8291 5.885919 -21.68557
v 5.853687 5.736445 -21.53341
v 5.901382 5.736445 -21.66686
v 5.855063 5.885919 -21.93039
v 5.901382 5.552527 -21.66686
v 5.853687 5.552527 -21.53341
v 5.835351 5.456336 -21.5579
v 5.858907 5.434717 -21.66686
v 5.938105 5.552527 -21.93039
v 5.889307 5.434717 -21.93039
v 5.889311 5.434717 -27.82206
v 5.938105 5.736445 -21.93039
v 5.938109 5.552526 -27.82206
v 5.938109 5.736444 -27.82206
v 5.855068 5.885918 -27.82206
v 5.829104 5.885918 -28.06688
v 5.901386 5.552526 -28.08559
v 5.858911 5.434717 -28.08559
v 5.835356 5.456335 -28.19455
v 5.853693 5.552526 -28.21904
v 5.901386 5.736444 -28.08559
v 5.853693 5.736444 -28.21904
v 5.480286 5.885919 -21.68557
v 5.408005 6.035392 -21.66686
v 5.454323 5.885919 -21.93039
v 5.408005 6.236445 -21.66686
v 5.480286 6.385919 -21.68557
v 5.371282 6.236445 -21.93039
v 5.454323 6.385919 -21.93039
v 5.454328 6.385918 -27.82206
v 5.371282 6.035392 -21.93039
v 5.371286 6.236444 -27.82206
v 5.371286 6.035392 -27.82206
v 5.454328 5.885918 -27.82206
v 5.480291 5.885918 -28.06688
v 5.408009 6.236444 -28.08559
v 5.480291 6.385918 -28.06688
v 5.408009 6.035392 -28.08559
v 5.455698 5.736445 -21.53341
v 5.591517 5.736445 -21.47814
v 5.591517 5.552527 -21.47814
v 5.455698 5.552527 -21.53341
v 5.474034 5.456336 -21.5579
v 5.591517 5.434717 -21.53341
v 5.717869 5.552527 -21.47814
v 5.717869 5.434717 -21.53341
v 5.717869 5.736445 -21.47814
v 5.455703 5.736444 -28.21904
v 5.408009 5.736444 -28.08559
v 5.408009 5.552526 -28.08559
v 5.455703 5.552526 -28.21904
v 5.474039 5.456335 -28.19455
v 5.450484 5.434717 -28.08559
v 5.371286 5.552526 -27.82206
v 5.420084 5.434717 -27.82206
v 5.42008 5.434717 -21.93039
v 5.371286 5.736444 -27.82206
v 5.371282 5.552527 -21.93039
v 5.371282 5.736445 -21.93039
v 5.408005 5.552527 -21.66686
v 5.45048 5.434717 -21.66686
v 5.408005 5.736445 -21.66686
v 5.717874 5.736444 -28.27431
v 5.717874 5.552526 -28.27431
v 5.717874 5.434717 -28.21904
v 5.591522 5.552526 -28.27431
v 5.591522 5.434717 -28.21904
v 5.591522 5.736444 -28.27431
v 5.901386 6.035392 -28.08559
v 5.901386 6.236444 -28.08559
v 5.938109 6.236444 -27.82206
v 5.938109 6.035392 -27.82206
v 5.938105 6.236445 -21.93039
v 5.938105 6.035392 -21.93039
v 5.901382 6.236445 -21.66686
v 5.901382 6.035392 -21.66686
v 5.717869 6.535392 -21.47814
v 5.717869 6.71931 -21.47814
v 5.717869 6.83712 -21.53341
v 5.591517 6.71931 -21.47814
v 5.591516 6.83712 -21.53341
v 5.474034 6.815502 -21.5579
v 5.455698 6.71931 -21.53341
v 5.591517 6.535392 -21.47814
v 5.455698 6.535392 -21.53341
v 5.408005 6.535392 -21.66686
v 5.408005 6.71931 -21.66686
v 5.45048 6.83712 -21.66686
v 5.371282 6.71931 -21.93039
v 5.42008 6.83712 -21.93039
v 5.420084 6.83712 -27.82206
v 5.371282 6.535392 -21.93039
v 5.371286 6.71931 -27.82206
v 5.371286 6.535392 -27.82206
v 5.408009 6.71931 -28.08559
v 5.450484 6.83712 -28.08559
v 5.474039 6.815501 -28.19455
v 5.455703 6.71931 -28.21904
v 5.408009 6.535392 -28.08559
v 5.455703 6.535392 -28.21904
v 5.591522 6.535392 -28.27431
v 5.591522 6.71931 -28.27431
v 5.591522 6.83712 -28.21904
v 5.717874 6.71931 -28.27431
v 5.717874 6.83712 -28.21904
v 5.717874 6.535392 -28.27431
v 5.771501 5.385918 -27.82206
v 5.748287 5.385918 -28.08559
v 5.561109 5.385918 -28.08559
v 5.537894 5.385918 -27.82206
v 5.771497 5.385919 -21.93039
v 5.53789 5.385919 -21.93039
v 5.748283 5.385919 -21.66686
v 5.561104 5.385919 -21.66686
v 5.771497 6.885919 -21.93039
v 5.748283 6.885919 -21.66686
v 5.561104 6.885919 -21.66686
v 5.53789 6.885919 -21.93039
v 5.771501 6.885918 -27.82206
v 5.537894 6.885918 -27.82206
v 5.748287 6.885918 -28.08559
v 5.561109 6.885918 -28.08559
v -6.01266 6.405023 -35.90927
v -6.249216 7.267541 -36.20469
v -5.97494 7.255993 -35.93017
v -6.296016 6.405023 -36.19262
v -6.000588 5.576249 -35.93017
v -6.349607 7.271768 -36.57969
v -6.210429 7.387091 -36.22416
v -6.305609 7.391098 -36.57969
v -6.249215 7.267541 -36.95469
v -6.210429 7.387091 -36.93522
v -6.399731 6.405023 -36.57969
v -6.296015 6.405023 -36.96676
v -6.275107 5.576249 -36.20469
v -6.375588 5.576249 -36.57969
v -6.275106 5.576249 -36.95469
v -6.241384 5.455174 -36.93522
v -6.336648 5.455174 -36.57969
v -6.241384 5.455174 -36.22416
v -5.981118 5.455174 -35.96389
v -5.981117 5.455174 -37.19549
v -6.000587 5.576249 -37.22921
v -5.625587 5.455174 -37.29075
v -5.625587 5.576249 -37.32969
v -6.012659 6.405023 -37.25012
v -5.625587 6.405023 -37.35383
v -5.974939 7.255993 -37.22921
v -5.950393 7.376143 -37.19549
v -5.600271 7.240219 -37.32969
v -5.595178 7.361187 -37.29075
v -5.225603 7.224444 -37.22921
v -5.239963 7.346231 -37.19549
v -5.238516 6.405023 -37.25012
v -5.250587 5.576249 -37.22921
v -5.270057 5.455174 -37.19549
v -5.009791 5.455174 -36.93522
v -4.976068 5.576249 -36.95469
v -4.914528 5.455174 -36.57969
v -4.875588 5.576249 -36.57969
v -4.95516 6.405023 -36.96676
v -4.951327 7.212896 -36.95469
v -4.979927 7.335283 -36.93522
v -5.009792 5.455174 -36.22416
v -4.976069 5.576249 -36.20469
v -5.270058 5.455174 -35.96389
v -5.250588 5.576249 -35.93017
v -5.238516 6.405023 -35.90927
v -4.95516 6.405023 -36.19262
v -5.225604 7.224444 -35.93017
v -4.851444 6.405023 -36.57969
v -4.951327 7.212896 -36.20469
v -4.850935 7.20867 -36.57969
v -4.884748 7.331275 -36.57969
v -4.979927 7.335283 -36.22416
v -5.239964 7.346231 -35.96389
v -5.625588 5.455174 -35.86863
v -5.625588 5.576249 -35.82969
v -5.625588 6.405023 -35.80555
v -5.600272 7.240219 -35.82969
v -5.595179 7.361187 -35.86863
v -5.950394 7.376143 -35.96389
v -6.126977 7.433773 -36.27116
v -5.901321 7.424272 -36.04531
v -6.209573 7.43725 -36.57969
v -5.05916 7.388814 -36.27116
v -5.593069 7.411294 -35.96264
v -5.284817 7.398315 -36.04531
v -4.976564 7.385336 -36.57969
v -6.126976 7.433773 -36.88821
v -5.05916 7.388814 -36.88821
v -5.90132 7.424272 -37.11407
v -5.284816 7.398315 -37.11407
v -5.593068 7.411294 -37.19674
v -6.159969 5.405023 -36.27116
v -5.934114 5.405023 -36.04531
v -5.625588 5.405023 -35.96264
v -5.317063 5.405023 -36.04531
v -5.091207 5.405023 -36.27116
v -6.242638 5.405023 -36.57969
v -5.008537 5.405023 -36.57969
v -6.159969 5.405023 -36.88821
v -5.091206 5.405023 -36.88821
v -5.934113 5.405023 -37.11407
v -5.317062 5.405023 -37.11407
v -5.625587 5.405023 -37.19674
v 0.6206157 6.405023 -36.19262
v 0.3251876 7.267541 -35.95606
v 0.5997068 7.255993 -36.23034
v 0.3372593 6.405023 -35.90926
v 0.5997068 5.576249 -36.20469
v -0.04981242 7.271768 -35.85567
v 0.3057176 7.387091 -35.99485
v -0.0498124 7.391098 -35.89967
v -0.4248124 7.267541 -35.95606
v -0.4053423 7.387091 -35.99485
v -0.04981243 6.405023 -35.80555
v -0.436884 6.405023 -35.90926
v 0.3251877 5.576249 -35.93017
v -0.04981237 5.576249 -35.82969
v -0.4248123 5.576249 -35.93017
v -0.4053423 5.455174 -35.96389
v -0.04981234 5.455174 -35.86863
v 0.3057177 5.455174 -35.96389
v 0.5659839 5.455174 -36.22416
v -0.6656082 5.455174 -36.22416
v -0.6993312 5.576249 -36.20469
v -0.7608718 5.455174 -36.57969
v -0.7998118 5.576249 -36.57969
v -0.7202401 6.405023 -36.19262
v -0.8239554 6.405023 -36.57969
v -0.6993312 7.255993 -36.23034
v -0.6656082 7.376143 -36.25489
v -0.7998118 7.240219 -36.605
v -0.7608718 7.361187 -36.6101
v -0.6993307 7.224444 -36.97967
v -0.6656078 7.346231 -36.96531
v -0.7202395 6.405023 -36.96676
v -0.6993306 5.576249 -36.95469
v -0.6656076 5.455174 -36.93522
v -0.4053415 5.455174 -37.19549
v -0.4248115 5.576249 -37.22921
v -0.04981143 5.455174 -37.29075
v -0.04981141 5.576249 -37.32969
v -0.4368832 6.405023 -37.25011
v -0.4248115 7.212896 -37.25394
v -0.4053416 7.335283 -37.22535
v 0.3057185 5.455174 -37.19549
v 0.3251885 5.576249 -37.22921
v 0.5659844 5.455174 -36.93522
v 0.5997073 5.576249 -36.95469
v 0.6206161 6.405023 -36.96676
v 0.3372602 6.405023 -37.25011
v 0.5997074 7.224444 -36.97967
v -0.04981146 6.405023 -37.35383
v 0.3251885 7.212896 -37.25394
v -0.04981147 7.20867 -37.35435
v -0.0498115 7.331275 -37.32053
v 0.3057184 7.335283 -37.22535
v 0.5659843 7.346231 -36.96531
v 0.661248 5.455174 -36.57969
v 0.7001881 5.576249 -36.57969
v 0.7243313 6.405023 -36.57969
v 0.7001881 7.240219 -36.605
v 0.661248 7.361187 -36.6101
v 0.5659839 7.376143 -36.25489
v 0.2587129 7.433773 -36.0783
v 0.4845692 7.424272 -36.30396
v -0.04981235 7.43725 -35.9957
v 0.2587136 7.388814 -37.14611
v 0.5672386 7.411294 -36.61221
v 0.4845696 7.398315 -36.92046
v -0.04981155 7.385336 -37.22871
v -0.3583375 7.433773 -36.0783
v -0.3583368 7.388814 -37.14611
v -0.5841935 7.424272 -36.30396
v -0.5841929 7.398315 -36.92046
v -0.6668623 7.411294 -36.61221
v 0.2587129 5.405023 -36.04531
v 0.4845692 5.405023 -36.27116
v 0.5672386 5.405023 -36.57969
v 0.4845697 5.405023 -36.88821
v 0.2587137 5.405023 -37.11407
v -0.04981227 5.405023 -35.96264
v -0.04981148 5.405023 -37.19674
v -0.3583375 5.405023 -36.04531
v -0.3583367 5.405023 -37.11407
v -0.5841933 5.405023 -36.27116
v -0.5841929 5.405023 -36.88821
v -0.6668623 5.405023 -36.57969
v 5.995768 6.405023 -37.25011
v 6.232324 7.267541 -36.95469
v 5.958048 7.255993 -37.22921
v 6.279124 6.405023 -36.96675
v 5.983696 5.576249 -37.22921
v 6.332716 7.271768 -36.57969
v 6.193538 7.387091 -36.93521
v 6.288717 7.391098 -36.57969
v 6.232324 7.267541 -36.20469
v 6.193538 7.387091 -36.22416
v 6.38284 6.405023 -36.57969
v 6.279124 6.405023 -36.19262
v 6.258215 5.576249 -36.95469
v 6.358696 5.576249 -36.57969
v 6.258215 5.576249 -36.20469
v 6.224493 5.455174 -36.22416
v 6.319756 5.455174 -36.57969
v 6.224493 5.455174 -36.93521
v 5.964226 5.455174 -37.19548
v 5.964226 5.455174 -35.96389
v 5.983696 5.576249 -35.93016
v 5.608696 5.455174 -35.86863
v 5.608696 5.576249 -35.82969
v 5.995768 6.405023 -35.90926
v 5.608696 6.405023 -35.80555
v 5.958048 7.255993 -35.93016
v 5.933502 7.376143 -35.96389
v 5.58338 7.240219 -35.82969
v 5.578287 7.361187 -35.86863
v 5.208712 7.224444 -35.93016
v 5.223072 7.346231 -35.96389
v 5.221625 6.405023 -35.90926
v 5.233696 5.576249 -35.93016
v 5.253166 5.455174 -35.96389
v 4.9929 5.455174 -36.22416
v 4.959177 5.576249 -36.20469
v 4.897636 5.455174 -36.57969
v 4.858696 5.576249 -36.57969
v 4.938269 6.405023 -36.19262
v 4.934436 7.212896 -36.20469
v 4.963036 7.335283 -36.22416
v 4.9929 5.455174 -36.93521
v 4.959177 5.576249 -36.95469
v 5.253166 5.455174 -37.19548
v 5.233696 5.576249 -37.22921
v 5.221625 6.405023 -37.25011
v 4.938269 6.405023 -36.96675
v 5.208712 7.224444 -37.22921
v 4.834553 6.405023 -36.57969
v 4.934436 7.212896 -36.95469
v 4.834044 7.20867 -36.57969
v 4.867857 7.331275 -36.57969
v 4.963036 7.335283 -36.93521
v 5.223072 7.346231 -37.19548
v 5.608696 5.455174 -37.29074
v 5.608696 5.576249 -37.32969
v 5.608696 6.405023 -37.35382
v 5.58338 7.240219 -37.32969
v 5.578287 7.361187 -37.29074
v 5.933502 7.376143 -37.19548
v 6.110086 7.433773 -36.88822
v 5.884429 7.424272 -37.11406
v 6.192681 7.43725 -36.57969
v 5.042269 7.388814 -36.88822
v 5.576177 7.411294 -37.19674
v 5.267925 7.398315 -37.11406
v 4.959673 7.385336 -36.57969
v 6.110085 7.433773 -36.27117
v 5.042269 7.388814 -36.27115
v 5.884429 7.424272 -36.04531
v 5.267925 7.398315 -36.04531
v 5.576177 7.411294 -35.96264
v 6.143078 5.405023 -36.88822
v 5.917222 5.405023 -37.11406
v 5.608696 5.405023 -37.19674
v 5.300171 5.405023 -37.11406
v 5.074316 5.405023 -36.88822
v 6.225747 5.405023 -36.57969
v 4.991646 5.405023 -36.57969
v 6.143078 5.405023 -36.27117
v 5.074315 5.405023 -36.27115
v 5.917222 5.405023 -36.04531
v 5.300171 5.405023 -36.04531
v 5.608696 5.405023 -35.96264
v -4.955164 6.405023 -28.36468
v -5.250592 7.267541 -28.12812
v -4.976074 7.255993 -28.4024
v -5.238521 6.405023 -28.08133
v -4.976073 5.576249 -28.37675
v -5.625592 7.271768 -28.02774
v -5.270062 7.387091 -28.16691
v -5.625592 7.391098 -28.07173
v -6.000592 7.267541 -28.12812
v -5.981122 7.387091 -28.16691
v -5.625592 6.405023 -27.97761
v -6.012664 6.405023 -28.08133
v -5.250592 5.576249 -28.10223
v -5.625592 5.576249 -28.00175
v -6.000592 5.576249 -28.10223
v -5.981122 5.455174 -28.13595
v -5.625592 5.455174 -28.04069
v -5.270062 5.455174 -28.13595
v -5.009797 5.455174 -28.39622
v -6.241388 5.455174 -28.39622
v -6.275112 5.576249 -28.37675
v -6.336652 5.455174 -28.75175
v -6.375592 5.576249 -28.75175
v -6.29602 6.405023 -28.36468
v -6.399735 6.405023 -28.75175
v -6.275112 7.255993 -28.4024
v -6.241388 7.376143 -28.42695
v -6.375592 7.240219 -28.77707
v -6.336652 7.361187 -28.78216
v -6.275111 7.224444 -29.15173
v -6.241388 7.346231 -29.13737
v -6.29602 6.405023 -29.13882
v -6.275111 5.576249 -29.12675
v -6.241388 5.455174 -29.10728
v -5.981122 5.455174 -29.36755
v -6.000591 5.576249 -29.40127
v -5.625591 5.455174 -29.46281
v -5.625591 5.576249 -29.50175
v -6.012663 6.405023 -29.42218
v -6.000591 7.212896 -29.42601
v -5.981122 7.335283 -29.39741
v -5.270061 5.455174 -29.36755
v -5.250591 5.576249 -29.40127
v -5.009796 5.455174 -29.10728
v -4.976073 5.576249 -29.12675
v -4.955164 6.405023 -29.13882
v -5.23852 6.405023 -29.42218
v -4.976073 7.224444 -29.15173
v -5.625591 6.405023 -29.52589
v -5.250591 7.212896 -29.42601
v -5.625591 7.20867 -29.52641
v -5.625591 7.331275 -29.4926
v -5.270061 7.335283 -29.39741
v -5.009796 7.346231 -29.13737
v -4.914532 5.455174 -28.75175
v -4.875592 5.576249 -28.75175
v -4.851449 6.405023 -28.75175
v -4.875592 7.240219 -28.77707
v -4.914532 7.361187 -28.78216
v -5.009797 7.376143 -28.42695
v -5.317067 7.433773 -28.25036
v -5.091211 7.424272 -28.47602
v -5.625592 7.43725 -28.16777
v -5.317066 7.388814 -29.31817
v -5.008542 7.411294 -28.78427
v -5.09121 7.398315 -29.09253
v -5.625591 7.385336 -29.40077
v -5.934118 7.433773 -28.25036
v -5.934117 7.388814 -29.31817
v -6.159974 7.424272 -28.47602
v -6.159973 7.398315 -29.09253
v -6.242642 7.411294 -28.78427
v -5.317067 5.405023 -28.21737
v -5.091211 5.405023 -28.44322
v -5.008542 5.405023 -28.75175
v -5.09121 5.405023 -29.06027
v -5.317066 5.405023 -29.28613
v -5.625592 5.405023 -28.1347
v -5.625591 5.405023 -29.3688
v -5.934118 5.405023 -28.21737
v -5.934116 5.405023 -29.28613
v -6.159974 5.405023 -28.44322
v -6.159973 5.405023 -29.06027
v -6.242642 5.405023 -28.75175
v -5.238525 6.405024 -21.87722
v -5.001969 7.267542 -21.5818
v -5.276245 7.255994 -21.85632
v -4.955169 6.405024 -21.59387
v -5.250597 5.57625 -21.85632
v -4.901577 7.271769 -21.2068
v -5.040755 7.387091 -21.56233
v -4.945576 7.391098 -21.2068
v -5.001969 7.267542 -20.8318
v -5.040755 7.387091 -20.85127
v -4.851453 6.405024 -21.2068
v -4.955169 6.405024 -20.81973
v -4.976078 5.57625 -21.5818
v -4.875597 5.57625 -21.2068
v -4.976078 5.57625 -20.8318
v -5.009801 5.455174 -20.85127
v -4.914537 5.455174 -21.2068
v -5.009801 5.455174 -21.56233
v -5.270067 5.455174 -21.8226
v -5.270067 5.455174 -20.591
v -5.250597 5.57625 -20.55728
v -5.625597 5.455174 -20.49574
v -5.625597 5.57625 -20.4568
v -5.238525 6.405024 -20.53637
v -5.625597 6.405024 -20.43266
v -5.276245 7.255994 -20.55728
v -5.300791 7.376143 -20.591
v -5.650913 7.240219 -20.4568
v -5.656006 7.361187 -20.49574
v -6.025581 7.224445 -20.55728
v -6.011221 7.346231 -20.591
v -6.012668 6.405024 -20.53637
v -6.000597 5.57625 -20.55728
v -5.981127 5.455174 -20.591
v -6.241393 5.455174 -20.85127
v -6.275116 5.57625 -20.8318
v -6.336657 5.455174 -21.2068
v -6.375597 5.57625 -21.2068
v -6.296025 6.405024 -20.81973
v -6.299858 7.212897 -20.8318
v -6.271257 7.335283 -20.85127
v -6.241393 5.455174 -21.56233
v -6.275116 5.57625 -21.5818
v -5.981127 5.455174 -21.8226
v -6.000597 5.57625 -21.85632
v -6.012668 6.405024 -21.87722
v -6.296025 6.405024 -21.59387
v -6.025581 7.224445 -21.85632
v -6.39974 6.405024 -21.2068
v -6.299857 7.212897 -21.5818
v -6.400249 7.20867 -21.2068
v -6.366436 7.331276 -21.2068
v -6.271257 7.335283 -21.56233
v -6.011221 7.346231 -21.8226
v -5.625597 5.455174 -21.91786
v -5.625597 5.57625 -21.9568
v -5.625597 6.405024 -21.98094
v -5.650913 7.240219 -21.9568
v -5.656006 7.361187 -21.91786
v -5.300791 7.376143 -21.8226
v -5.124207 7.433773 -21.51533
v -5.349864 7.424272 -21.74118
v -5.041612 7.43725 -21.2068
v -6.192024 7.388814 -21.51533
v -5.658116 7.411294 -21.82385
v -5.966368 7.398315 -21.74118
v -6.27462 7.385337 -21.2068
v -5.124207 7.433773 -20.89828
v -6.192024 7.388814 -20.89827
v -5.349864 7.424272 -20.67242
v -5.966368 7.398315 -20.67242
v -5.658116 7.411294 -20.58975
v -5.091216 5.405024 -21.51533
v -5.317071 5.405024 -21.74118
v -5.625597 5.405024 -21.82385
v -5.934122 5.405024 -21.74118
v -6.159978 5.405024 -21.51533
v -5.008546 5.405024 -21.2068
v -6.242647 5.405024 -21.2068
v -5.091215 5.405024 -20.89828
v -6.159978 5.405024 -20.89827
v -5.317071 5.405024 -20.67242
v -5.934122 5.405024 -20.67242
v -5.625597 5.405024 -20.58975
v 6.287725 6.405023 -28.36467
v 5.992297 7.267541 -28.12812
v 6.266816 7.255993 -28.40239
v 6.004369 6.405023 -28.08132
v 6.266816 5.576249 -28.37674
v 5.617297 7.271768 -28.02773
v 5.972827 7.387091 -28.1669
v 5.617297 7.391098 -28.07172
v 5.242297 7.267541 -28.12812
v 5.261767 7.387091 -28.1669
v 5.617297 6.405023 -27.9776
v 5.230225 6.405023 -28.08132
v 5.992297 5.576249 -28.10222
v 5.617297 5.576249 -28.00174
v 5.242297 5.576249 -28.10222
v 5.261767 5.455174 -28.13594
v 5.617297 5.455174 -28.04068
v 5.972827 5.455174 -28.13594
v 6.233093 5.455174 -28.39621
v 5.001501 5.455174 -28.39621
v 4.967778 5.576249 -28.37674
v 4.906238 5.455174 -28.75174
v 4.867298 5.576249 -28.75174
v 4.946869 6.405023 -28.36467
v 4.843154 6.405023 -28.75174
v 4.967778 7.255993 -28.40239
v 5.001501 7.376143 -28.42694
v 4.867298 7.240219 -28.77706
v 4.906238 7.361187 -28.78215
v 4.967778 7.224444 -29.15172
v 5.001502 7.346231 -29.13736
v 4.94687 6.405023 -29.13881
v 4.967779 5.576249 -29.12674
v 5.001502 5.455174 -29.10727
v 5.261768 5.455174 -29.36754
v 5.242298 5.576249 -29.40126
v 5.617298 5.455174 -29.4628
v 5.617298 5.576249 -29.50174
v 5.230226 6.405023 -29.42217
v 5.242298 7.212896 -29.426
v 5.261768 7.335283 -29.3974
v 5.972828 5.455174 -29.36754
v 5.992298 5.576249 -29.40126
v 6.233094 5.455174 -29.10727
v 6.266817 5.576249 -29.12674
v 6.287725 6.405023 -29.13881
v 6.00437 6.405023 -29.42217
v 6.266817 7.224444 -29.15172
v 5.617298 6.405023 -29.52588
v 5.992298 7.212896 -29.426
v 5.617298 7.20867 -29.5264
v 5.617298 7.331275 -29.49259
v 5.972828 7.335283 -29.3974
v 6.233093 7.346231 -29.13736
v 6.328357 5.455174 -28.75174
v 6.367298 5.576249 -28.75174
v 6.391441 6.405023 -28.75174
v 6.367298 7.240219 -28.77706
v 6.328357 7.361187 -28.78215
v 6.233093 7.376143 -28.42694
v 5.925822 7.433773 -28.25035
v 6.151679 7.424272 -28.47602
v 5.617297 7.43725 -28.16776
v 5.925823 7.388814 -29.31816
v 6.234348 7.411294 -28.78426
v 6.151679 7.398315 -29.09252
v 5.617298 7.385336 -29.40076
v 5.308772 7.433773 -28.25035
v 5.308773 7.388814 -29.31816
v 5.082916 7.424272 -28.47602
v 5.082916 7.398315 -29.09252
v 5.000247 7.411294 -28.78426
v 5.925822 5.405023 -28.21737
v 6.151679 5.405023 -28.44321
v 6.234348 5.405023 -28.75174
v 6.151679 5.405023 -29.06026
v 5.925823 5.405023 -29.28612
v 5.617297 5.405023 -28.13469
v 5.617298 5.405023 -29.36879
v 5.308772 5.405023 -28.21737
v 5.308773 5.405023 -29.28612
v 5.082916 5.405023 -28.44321
v 5.082916 5.405023 -29.06026
v 5.000247 5.405023 -28.75174
v 6.004364 6.405024 -21.87722
v 6.24092 7.267542 -21.58179
v 5.966644 7.255994 -21.85631
v 6.28772 6.405024 -21.59386
v 5.992293 5.57625 -21.85631
v 6.341312 7.271769 -21.20679
v 6.202134 7.387091 -21.56232
v 6.297314 7.391098 -21.20679
v 6.24092 7.267542 -20.83179
v 6.202134 7.387091 -20.85126
v 6.391436 6.405024 -21.20679
v 6.28772 6.405024 -20.81972
v 6.266811 5.57625 -21.58179
v 6.367293 5.57625 -21.20679
v 6.266811 5.57625 -20.83179
v 6.233088 5.455174 -20.85126
v 6.328352 5.455174 -21.20679
v 6.233088 5.455174 -21.56232
v 5.972823 5.455174 -21.82259
v 5.972823 5.455174 -20.59099
v 5.992293 5.57625 -20.55727
v 5.617293 5.455174 -20.49573
v 5.617293 5.57625 -20.45679
v 6.004364 6.405024 -20.53637
v 5.617293 6.405024 -20.43265
v 5.966644 7.255994 -20.55727
v 5.942099 7.376143 -20.59099
v 5.591976 7.240219 -20.45679
v 5.586883 7.361187 -20.49573
v 5.217308 7.224445 -20.55727
v 5.231668 7.346231 -20.59099
v 5.230221 6.405024 -20.53637
v 5.242293 5.57625 -20.55727
v 5.261763 5.455174 -20.59099
v 5.001496 5.455174 -20.85126
v 4.967773 5.57625 -20.83179
v 4.906233 5.455174 -21.20679
v 4.867293 5.57625 -21.20679
v 4.946865 6.405024 -20.81972
v 4.943032 7.212897 -20.83179
v 4.971632 7.335283 -20.85126
v 5.001496 5.455174 -21.56232
v 4.967773 5.57625 -21.58179
v 5.261763 5.455174 -21.82259
v 5.242293 5.57625 -21.85631
v 5.230221 6.405024 -21.87722
v 4.946865 6.405024 -21.59386
v 5.217308 7.224445 -21.85631
v 4.843149 6.405024 -21.20679
v 4.943032 7.212897 -21.58179
v 4.84264 7.20867 -21.20679
v 4.876453 7.331276 -21.20679
v 4.971632 7.335283 -21.56232
v 5.231668 7.346231 -21.82259
v 5.617293 5.455174 -21.91785
v 5.617293 5.57625 -21.95679
v 5.617293 6.405024 -21.98093
v 5.591976 7.240219 -21.95679
v 5.586883 7.361187 -21.91785
v 5.942099 7.376143 -21.82259
v 6.118682 7.433773 -21.51532
v 5.893026 7.424272 -21.74117
v 6.201278 7.43725 -21.20679
v 5.050865 7.388814 -21.51532
v 5.584774 7.411294 -21.82384
v 5.276522 7.398315 -21.74117
v 4.968269 7.385337 -21.20679
v 6.118682 7.433773 -20.89827
v 5.050865 7.388814 -20.89826
v 5.893025 7.424272 -20.67241
v 5.276521 7.398315 -20.67241
v 5.584774 7.411294 -20.58974
v 6.151674 5.405024 -21.51532
v 5.925818 5.405024 -21.74117
v 5.617293 5.405024 -21.82384
v 5.308768 5.405024 -21.74117
v 5.082911 5.405024 -21.51532
v 6.234343 5.405024 -21.20679
v 5.000242 5.405024 -21.20679
v 6.151674 5.405024 -20.89827
v 5.082911 5.405024 -20.89826
v 5.925818 5.405024 -20.67241
v 5.308767 5.405024 -20.67241
v 5.617293 5.405024 -20.58974
v 6.23049 4.667421 -29.99999
v 6.177137 5.385918 -29.99999
v 6.23049 5.332587 -29.99999
v 6.177137 4.614089 -29.99999
v 4.950019 5.250004 -30.04683
v 4.950018 5.203165 -29.99999
v 2.097898 5.203165 -29.99999
v 2.097898 5.250004 -30.04683
v -2.09786 5.250004 -30.04682
v -2.09786 5.203165 -29.99999
v 4.950018 4.796843 -29.99999
v 2.097898 4.796843 -29.99999
v -2.09786 4.796843 -29.99999
v -4.949981 4.796843 -30
v -4.949981 5.203165 -30
v 4.969546 4.667938 -35.80326
v 4.950019 4.740828 -29.99999
v 4.969548 4.667938 -29.99999
v 4.950016 4.740314 -35.7858
v 4.950019 5.25918 -29.99999
v 4.92132 4.740305 -35.8929
v 4.940573 4.667935 -35.9114
v 4.950017 5.25918 -35.7858
v 4.969548 5.33207 -29.99999
v 4.969546 5.332568 -35.80324
v 4.940572 5.332578 -35.91138
v 4.921322 5.259183 -35.8929
v 4.802808 5.385918 -36.07288
v -4.753245 5.332587 -36.01951
v -4.802776 5.385918 -36.07287
v 4.753278 5.332587 -36.01952
v 4.861412 5.332584 -35.99054
v 4.912854 5.385916 -36.04338
v 6.230488 4.667421 -37.06421
v 6.177135 4.61409 -37.00704
v 6.147651 4.614092 -37.11707
v 6.201515 4.667424 -37.17234
v 6.230488 5.332587 -37.0642
v 6.250019 5.259713 -29.99999
v 6.250017 5.259196 -37.08582
v 6.250019 4.740295 -29.99999
v 6.250017 4.740812 -37.08582
v 6.221323 4.74082 -37.19291
v -4.735803 5.259203 -36
v 4.735836 5.259203 -35.99999
v 4.842926 5.259192 -35.9713
v -4.735802 4.740295 -36
v 4.735834 4.740295 -35.99999
v -4.842893 4.740298 -35.97129
v -4.842894 5.259192 -35.97129
v -4.753258 4.667915 -36.01951
v 4.753291 4.667915 -36.01952
v -4.802797 4.61409 -36.07287
v 4.80283 4.61409 -36.07288
v 4.861418 4.667926 -35.99054
v 4.842925 4.740298 -35.9713
v 6.104254 5.405416 -29.99999
v 6.104254 4.594591 -29.99999
v 5.095784 5.405005 -29.99999
v 5.095784 4.595003 -29.99999
v 5.022902 5.385446 -29.99999
v 5.022902 4.614562 -29.99999
v 6.03584 5.259181 -37.29999
v 6.014234 5.332569 -37.28046
v -6.014202 5.332569 -37.28045
v -6.035808 5.259181 -37.29998
v -6.122329 5.332578 -37.25149
v -6.142897 5.259182 -37.2713
v 6.035841 4.740828 -37.29999
v 6.142929 5.259182 -37.27131
v 6.142929 4.740826 -37.27131
v -6.03581 4.740828 -37.29998
v 6.014236 4.667439 -37.28046
v -6.014205 4.667439 -37.28045
v -6.142897 4.740826 -37.2713
v -6.12233 4.66743 -37.25149
v 6.104253 4.594592 -36.93117
v 6.074369 4.594594 -37.0427
v 5.095782 4.595003 -35.9227
v 5.0229 4.614107 -35.8528
v 4.993416 4.614099 -35.96283
v 5.065899 4.595001 -36.03423
v 4.912865 4.614092 -36.04338
v 4.984257 4.594994 -36.11588
v 5.992728 4.594599 -37.12435
v 5.0229 5.385901 -35.85277
v 5.095782 5.405005 -35.92269
v 5.065897 5.405007 -36.03421
v 4.993412 5.38591 -35.96283
v 4.98425 5.405014 -36.11586
v 6.104253 5.405417 -36.93116
v 6.177135 5.385918 -37.00702
v 6.201516 5.332584 -37.17234
v 6.147651 5.385916 -37.11707
v 6.074369 5.405415 -37.0427
v 5.992723 5.405409 -37.12435
v 6.067095 5.38591 -37.19762
v 5.957055 5.385901 -37.22712
v 5.881193 5.405402 -37.15422
v -5.881161 5.405402 -37.15422
v -5.957024 5.385901 -37.22711
v -6.067063 5.38591 -37.19763
v -6.147618 5.385916 -37.11706
v -6.201483 5.332584 -37.17233
v -4.872684 5.405023 -36.14575
v 4.872717 5.405023 -36.14576
v -4.984216 5.405014 -36.11587
v -5.99269 5.405409 -37.12434
v -4.872699 4.594985 -36.14575
v 4.872732 4.594985 -36.14576
v -5.88117 4.594606 -37.15422
v 5.881203 4.594606 -37.15422
v -5.957029 4.614107 -37.22711
v 5.957061 4.614107 -37.22712
v 6.122362 4.66743 -37.25148
v 6.067099 4.614099 -37.19762
v 6.221323 5.259188 -37.19291
v 6.12236 5.332578 -37.25148
v -4.969513 4.667938 -35.80325
v -4.969512 4.667938 -30
v -4.949983 4.740828 -30
v -4.949984 4.740314 -35.78581
v -4.949983 5.25918 -30
v -4.921288 4.740305 -35.89289
v -4.940541 4.667935 -35.91139
v -4.949985 5.25918 -35.78581
v -4.969512 5.33207 -30
v -4.969513 5.332568 -35.80325
v -4.940539 5.332578 -35.91139
v -4.921289 5.259183 -35.89289
v -6.230456 4.667421 -37.06421
v -6.230453 4.667421 -30
v -6.1771 4.614089 -30
v -6.177103 4.61409 -37.00703
v -6.147619 4.614092 -37.11706
v -6.201483 4.667424 -37.17233
v -6.230456 5.332587 -37.06421
v -6.230453 5.332587 -30
v -6.249982 5.259713 -30
v -6.249984 5.259196 -37.08581
v -6.249982 4.740295 -30
v -6.249984 4.740812 -37.08581
v -6.221291 4.74082 -37.1929
v -5.022865 5.385446 -30
v -5.022865 4.614562 -30
v -5.095747 5.405005 -30
v -5.095747 4.595003 -30
v -6.104218 5.405416 -30
v -6.104218 4.594591 -30
v -6.1771 5.385918 -30
v -6.10422 4.594592 -36.93116
v -6.074337 4.594594 -37.04269
v -5.095749 4.595003 -35.9227
v -5.022867 4.614107 -35.85279
v -4.993384 4.614099 -35.96284
v -5.065867 4.595001 -36.03422
v -4.912833 4.614092 -36.04339
v -4.984224 4.594994 -36.11587
v -5.992695 4.594599 -37.12434
v -5.022867 5.385901 -35.85278
v -5.095749 5.405005 -35.92268
v -5.065865 5.405007 -36.03422
v -4.99338 5.38591 -35.96283
v -4.912821 5.385916 -36.04339
v -6.10422 5.405417 -36.93116
v -6.177103 5.385918 -37.00703
v -6.074337 5.405415 -37.04269
v -4.86138 5.332584 -35.99054
v -6.221291 5.259188 -37.1929
v -6.067066 4.614099 -37.19763
v -4.861386 4.667926 -35.99055
v -4.949981 4.750004 -30.04683
v -2.09786 4.750004 -30.04682
v -2.097861 5.250004 -33.02341
v 2.097897 5.250004 -33.02341
v -4.949982 5.250004 -33.0234
v -4.949981 5.250004 -30.04683
v -4.949983 5.250004 -36
v 2.097898 4.750004 -30.04683
v 4.950019 4.750004 -30.04683
v -2.097862 5.250004 -35.99999
v 2.097896 5.250004 -35.99999
v 4.950016 5.250004 -35.99999
v 4.950017 5.250004 -33.02341
v 2.097897 4.750004 -33.02341
v 4.950016 4.750004 -35.99999
v 2.097896 4.750004 -35.99999
v -2.097861 4.750004 -33.02341
v -2.097862 4.750004 -35.99999
v -4.949983 4.750004 -36
v -4.949982 4.750004 -33.0234
v 4.950017 4.750004 -33.02341
v -2.102407 4.750004 -29.95234
v -4.949982 4.750004 -29.95234
v -2.102407 4.796843 -29.99999
v 2.102445 4.796843 -29.99999
v 2.102445 4.750004 -29.95234
v 2.102445 5.250004 -29.95234
v 4.950019 5.250004 -29.95234
v 2.102445 5.203165 -29.99999
v -2.102407 5.203165 -29.99999
v -2.102407 5.250004 -29.95234
v 4.950016 5.250005 -24.04764
v 2.102441 5.250005 -24.04764
v -2.102411 5.250005 -24.04765
v -4.949985 5.250005 -24.04765
v -4.949982 5.250004 -29.95234
v 4.950019 4.750004 -29.95234
v 4.950016 4.750005 -24.04764
v 2.102441 4.750005 -24.04764
v -2.102411 4.750005 -24.04765
v -4.949985 4.750005 -24.04765
v 2.741738 0.3232569 7.840212
v 2.787654 0.2437287 7.62607
v 3.1112 0.330423 7.62607
v 3.1112 0.4222539 7.840212
v 3.111198 0.4853567 11.36999
v 2.710185 0.3779056 11.36999
v 2.692237 0.4089883 16.21679
v 3.512211 0.3779056 11.36999
v 3.480662 0.3232569 7.840212
v 3.111195 0.5212479 16.21679
v 3.530153 0.4089883 16.21679
v 2.710179 0.377907 21.06359
v 3.111192 0.4853581 21.06359
v 3.512205 0.377907 21.06359
v 3.480651 0.3232591 24.59337
v 3.11119 0.4222562 24.59337
v 2.741728 0.3232591 24.59337
v 2.787643 0.243731 24.80752
v 3.11119 0.3304253 24.80752
v 3.434736 0.243731 24.80752
v 2.550791 0.006878745 24.80752
v 2.471263 0.0527941 24.59337
v 2.464097 -0.3166678 24.80752
v 2.372266 -0.3166678 24.59337
v 2.309165 -0.3166683 21.06359
v 2.416617 0.08434483 21.06359
v 2.385538 0.1022894 16.21679
v 2.273278 -0.3166689 16.21679
v 2.416623 0.08434357 11.36999
v 2.309171 -0.3166696 11.36999
v 2.372276 -0.31667 7.840211
v 2.471273 0.05279194 7.840211
v 2.550801 0.006876444 7.62607
v 2.464108 -0.3166701 7.62607
v 2.550791 -0.6402143 24.80752
v 2.471263 -0.6861297 24.59337
v 2.787643 -0.8770667 24.80752
v 2.741728 -0.9565948 24.59337
v 2.710179 -1.011243 21.06359
v 2.416617 -0.7176815 21.06359
v 2.385538 -0.7356272 16.21679
v 2.692237 -1.042326 16.21679
v 2.416623 -0.7176826 11.36999
v 2.710185 -1.011245 11.36999
v 2.741738 -0.956597 7.840212
v 2.471273 -0.686132 7.840211
v 2.550801 -0.6402165 7.62607
v 2.787654 -0.8770689 7.62607
v 3.11119 -0.9637607 24.80752
v 3.11119 -1.055592 24.59337
v 3.434736 -0.8770667 24.80752
v 3.480651 -0.9565948 24.59337
v 3.512205 -1.011243 21.06359
v 3.111192 -1.118695 21.06359
v 3.111195 -1.154586 16.21679
v 3.530153 -1.042326 16.21679
v 3.111198 -1.118696 11.36999
v 3.512211 -1.011245 11.36999
v 3.480662 -0.956597 7.840212
v 3.1112 -1.055594 7.840212
v 3.1112 -0.9637629 7.62607
v 3.434747 -0.8770689 7.62607
v 3.671589 -0.6402142 24.80752
v 3.751117 -0.6861297 24.59337
v 3.758282 -0.3166678 24.80752
v 3.850113 -0.3166678 24.59337
v 3.913218 -0.3166683 21.06359
v 3.805767 -0.7176815 21.06359
v 3.836852 -0.7356272 16.21679
v 3.949111 -0.3166689 16.21679
v 3.805773 -0.7176826 11.36999
v 3.913224 -0.3166696 11.36999
v 3.850124 -0.31667 7.840212
v 3.751127 -0.686132 7.840212
v 3.6716 -0.6402165 7.62607
v 3.758293 -0.3166701 7.62607
v 3.671589 0.006878507 24.80752
v 3.751117 0.0527941 24.59337
v 3.805767 0.08434483 21.06359
v 3.836852 0.1022894 16.21679
v 3.805773 0.08434357 11.36999
v 3.751127 0.05279194 7.840212
v 3.6716 0.006876325 7.62607
v 3.434747 0.2437287 7.62607
v -2.769338 -0.9565967 7.840208
v -2.815253 -0.8770686 7.626066
v -3.1388 -0.9637629 7.626066
v -3.1388 -1.055594 7.840216
v -3.462346 -0.8770686 7.626066
v -3.508262 -0.9565967 7.840215
v -2.769348 -0.9565943 24.59337
v -2.815264 -0.8770663 24.80752
v -2.578411 -0.6402138 24.80752
v -2.498883 -0.6861295 24.59337
v -2.491717 -0.3166672 24.80752
v -2.399886 -0.3166673 24.59337
v -2.336782 -0.3166677 21.06359
v -2.444232 -0.717681 21.06359
v -2.737795 -1.011243 21.06359
v -2.719847 -1.042326 16.21679
v -2.413148 -0.7356269 16.21679
v -2.300888 -0.3166684 16.21679
v -2.737789 -1.011245 11.36999
v -2.444227 -0.7176826 11.36999
v -2.336776 -0.3166691 11.36999
v -2.399876 -0.3166697 7.840209
v -2.498873 -0.6861318 7.840216
v -2.578401 -0.6402162 7.626067
v -2.491706 -0.3166697 7.626067
v -2.578412 0.006879103 24.80751
v -2.498884 0.05279458 24.59337
v -2.815264 0.2437314 24.80751
v -2.769348 0.3232595 24.59337
v -2.737795 0.3779073 21.06359
v -2.444233 0.08434531 21.06359
v -2.413148 0.1022898 16.21679
v -2.719847 0.4089885 16.21679
v -2.444227 0.08434381 11.36999
v -2.737789 0.3779059 11.36999
v -2.769338 0.3232571 7.840208
v -2.498873 0.05279218 7.840209
v -2.578401 0.006876564 7.626067
v -2.815253 0.243729 7.626059
v -3.1388 0.4222541 7.840208
v -3.1388 0.3304231 7.626059
v -3.13881 0.3304256 24.80751
v -3.13881 0.4222566 24.59337
v -3.462357 0.2437314 24.80751
v -3.508272 0.3232594 24.59337
v -3.539821 0.3779072 21.06359
v -3.138808 0.4853584 21.06359
v -3.138805 0.521248 16.21679
v -3.557763 0.4089885 16.21679
v -3.138802 0.485357 11.36999
v -3.539815 0.3779058 11.36999
v -3.508262 0.323257 7.840208
v -3.462346 0.243729 7.626058
v -3.69921 0.006879103 24.80751
v -3.778738 0.05279434 24.59337
v -3.785903 -0.3166676 24.80751
v -3.877734 -0.3166677 24.59337
v -3.940834 -0.3166683 21.06359
v -3.833384 0.08434507 21.06359
v -3.864462 0.1022894 16.21679
v -3.976722 -0.316669 16.21679
v -3.833378 0.08434357 11.36998
v -3.940828 -0.3166697 11.36998
v -3.877724 -0.3166701 7.840208
v -3.778727 0.05279194 7.840208
v -3.699199 0.006876683 7.626066
v -3.785892 -0.3166701 7.626066
v -3.699209 -0.6402141 24.80752
v -3.778737 -0.6861296 24.59337
v -3.462357 -0.8770663 24.80752
v -3.508272 -0.9565943 24.59337
v -3.539821 -1.011243 21.06359
v -3.833382 -0.7176812 21.06359
v -3.864462 -0.7356272 16.21679
v -3.557763 -1.042326 16.21679
v -3.833376 -0.7176826 11.36998
v -3.539815 -1.011245 11.36999
v -3.778726 -0.686132 7.840208
v -3.699198 -0.6402166 7.626066
v -3.13881 -0.9637605 24.80752
v -3.13881 -1.055591 24.59337
v -3.138808 -1.118694 21.06359
v -3.138805 -1.154585 16.21679
v -3.138802 -1.118696 11.36999
v -2.411899 -0.316668 24.22777
v -1.202015 -0.6536869 24.18652
v -2.506973 -0.629168 24.14404
v -1.201949 -0.316668 24.27505
v -2.506972 -0.004168171 24.14404
v -1.202015 0.0203508 24.18652
v 1.174411 -0.6536869 24.18652
v 1.174344 -0.316668 24.27505
v 1.174411 0.02035092 24.18652
v 2.479367 -0.004167932 24.14404
v 2.384294 -0.3166678 24.22778
v 2.479368 -0.6291678 24.14404
v -2.676229 0.2245978 23.91527
v -1.202116 0.2695208 23.94122
v -2.795379 0.308332 23.60277
v -1.202177 0.3619938 23.60278
v -2.676229 0.2245979 23.29027
v -1.202116 0.2695209 23.26434
v 1.174512 0.2695211 23.94122
v 1.174573 0.3619939 23.60278
v 1.174513 0.2695211 23.26434
v 2.648625 0.2245981 23.29028
v 2.767775 0.3083324 23.60278
v 2.648625 0.224598 23.91528
v -2.506972 -0.004167979 23.06151
v -1.202015 0.02035087 23.01904
v -2.411898 -0.316668 22.97777
v -1.201948 -0.316668 22.93051
v -2.506972 -0.629168 23.06151
v -1.202015 -0.6536868 23.01904
v 1.174411 0.02035099 23.01904
v 1.174345 -0.3166679 22.93051
v 1.174412 -0.6536868 23.01904
v 2.479369 -0.6291677 23.06152
v 2.384295 -0.3166677 22.97778
v 2.479368 -0.004167741 23.06152
v -2.67623 -0.8579339 23.29027
v -1.202116 -0.902857 23.26434
v 1.174513 -0.902857 23.26434
v 2.648626 -0.8579337 23.29028
v -2.79538 -0.941668 23.60277
v -1.202177 -0.9953298 23.60278
v -2.67623 -0.8579339 23.91527
v -1.202116 -0.9028569 23.94122
v 1.174573 -0.9953298 23.60278
v 1.174512 -0.9028569 23.94122
v 2.648626 -0.8579336 23.91528
v 2.767776 -0.941668 23.60278
v 2.767778 -0.9416691 8.671457
v 2.648628 -0.8579351 8.358957
v 1.174515 -0.9028584 8.333016
v 1.174575 -0.9953312 8.671456
v 2.648628 -0.857935 8.983957
v -1.202174 -0.9953314 8.671454
v -1.202114 -0.9028584 8.333014
v 1.174515 -0.9028583 9.009889
v 2.479371 -0.6291692 9.212725
v 1.174413 -0.6536881 9.255189
v -1.202013 -0.6536883 9.255187
v -1.202114 -0.9028583 9.009887
v -2.50697 -0.6291694 9.212721
v -2.676228 -0.8579352 8.983953
v -2.795377 -0.9416693 8.671453
v -2.676228 -0.8579351 8.358953
v -2.411896 -0.3166694 9.296453
v -1.201946 -0.3166694 9.343726
v -2.50697 -0.004169419 9.212721
v -1.202013 0.02034943 9.255187
v 1.174347 -0.3166693 9.343728
v 1.174413 0.02034955 9.255189
v 2.47937 -0.004169181 9.212725
v 2.384297 -0.3166692 9.296457
v -2.676227 0.2245964 8.983953
v -1.202114 0.2695196 9.009887
v -2.795376 0.3083307 8.671453
v -1.202174 0.3619926 8.671454
v -2.676226 0.2245965 8.358953
v -1.202114 0.2695196 8.333014
v 1.174515 0.2695197 9.009889
v 1.174575 0.3619927 8.671456
v 1.174515 0.2695197 8.333016
v 2.648627 0.2245968 8.358957
v 2.767777 0.3083311 8.671457
v 2.648627 0.2245966 8.983957
v -2.506969 -0.004169347 8.130186
v -1.202012 0.0203495 8.087722
v -2.411896 -0.3166693 8.046453
v -1.201946 -0.3166692 7.999183
v -2.50697 -0.6291693 8.130186
v -1.202012 -0.6536883 8.087714
v 1.174414 0.02034962 8.087724
v 1.174347 -0.3166691 7.999185
v 1.174414 -0.6536881 8.087716
v 2.479371 -0.6291691 8.13019
v 2.384297 -0.3166691 8.046457
v 2.479371 -0.004169109 8.13019
v 2.767777 -0.941669 10.02885
v 2.648628 -0.857935 9.716349
v 1.174514 -0.9028581 9.690408
v 1.174574 -0.9953311 10.02885
v 2.648627 -0.857935 10.34135
v -1.202175 -0.9953313 10.02885
v -1.202115 -0.9028583 9.690406
v 1.174514 -0.9028583 10.36729
v 2.47937 -0.629169 10.57012
v 1.174412 -0.653688 10.61258
v -1.202014 -0.6536882 10.61258
v -1.202115 -0.9028583 10.36729
v -2.506971 -0.6291692 10.57011
v -2.676229 -0.857935 10.34134
v -2.795378 -0.9416693 10.02884
v -2.676229 -0.857935 9.716345
v -2.411897 -0.3166692 10.65384
v -1.201947 -0.3166693 10.70112
v -2.506971 -0.004169241 10.57011
v -1.202014 0.02034949 10.61258
v 1.174346 -0.3166692 10.70112
v 1.174412 0.02034973 10.61258
v 2.479369 -0.004169121 10.57012
v 2.384296 -0.316669 10.65385
v -2.676228 0.2245966 10.34134
v -1.202115 0.2695198 10.36729
v -2.795377 0.3083308 10.02884
v -1.202175 0.3619926 10.02885
v -2.676227 0.2245967 9.716345
v -1.202115 0.2695197 9.690406
v 1.174514 0.2695198 10.36729
v 1.174574 0.3619927 10.02885
v 1.174514 0.2695197 9.690408
v 2.648626 0.2245969 9.716349
v 2.767776 0.3083312 10.02885
v 2.648626 0.2245968 10.34135
v -2.50697 -0.004169288 9.487577
v -1.202013 0.02034968 9.445113
v -2.411897 -0.3166692 9.403845
v -1.201946 -0.3166692 9.356574
v -2.506971 -0.6291693 9.487577
v -1.202013 -0.6536881 9.445113
v 1.174413 0.0203498 9.445115
v 1.174347 -0.316669 9.356576
v 1.174413 -0.653688 9.445115
v 2.47937 -0.629169 9.487581
v 2.384297 -0.3166689 9.403849
v 2.47937 -0.004169049 9.487581
v 2.767776 -0.941669 11.38624
v 2.648627 -0.8579347 11.07374
v 1.174514 -0.902858 11.04781
v 1.174574 -0.995331 11.38624
v 2.648626 -0.8579347 11.69874
v -1.202176 -0.9953313 11.38624
v -1.202115 -0.9028583 11.0478
v 1.174513 -0.902858 11.72468
v 2.479369 -0.6291689 11.92751
v 1.174411 -0.6536879 11.96997
v -1.202015 -0.653688 11.96997
v -1.202116 -0.9028582 11.72468
v -2.506972 -0.6291692 11.9275
v -2.67623 -0.8579349 11.69874
v -2.795379 -0.9416692 11.38624
v -2.676229 -0.857935 11.07374
v -2.411898 -0.3166692 12.01124
v -1.201948 -0.3166692 12.05851
v -2.506972 -0.004169181 11.9275
v -1.202014 0.02034967 11.96997
v 1.174345 -0.316669 12.05851
v 1.174411 0.02034979 11.96997
v 2.479368 -0.004168943 11.92751
v 2.384295 -0.3166689 12.01124
v -2.676229 0.2245968 11.69874
v -1.202116 0.2695198 11.72468
v -2.795378 0.3083309 11.38624
v -1.202176 0.3619927 11.38624
v -2.676228 0.2245967 11.07374
v -1.202115 0.2695198 11.0478
v 1.174513 0.26952 11.72468
v 1.174574 0.3619929 11.38624
v 1.174513 0.2695198 11.04781
v 2.648626 0.224597 11.07374
v 2.767776 0.3083313 11.38624
v 2.648625 0.224597 11.69874
v -2.506971 -0.004169109 10.84498
v -1.202014 0.02034974 10.8025
v -2.411897 -0.3166691 10.76124
v -1.201947 -0.316669 10.71397
v -2.506972 -0.6291691 10.84497
v -1.202014 -0.653688 10.8025
v 1.174412 0.02034986 10.80251
v 1.174346 -0.3166689 10.71397
v 1.174412 -0.6536878 10.80251
v 2.479369 -0.6291689 10.84497
v 2.384296 -0.3166689 10.76124
v 2.479369 -0.004168871 10.84498
v 2.767776 -0.9416689 12.74363
v 2.648626 -0.8579347 12.43113
v 1.174513 -0.902858 12.4052
v 1.174573 -0.9953308 12.74363
v 2.648626 -0.8579346 13.05613
v -1.202177 -0.995331 12.74363
v -1.202116 -0.902858 12.4052
v 1.174512 -0.9028579 13.08207
v 2.479368 -0.6291687 13.2849
v 1.174411 -0.6536878 13.32737
v -1.202015 -0.6536878 13.32737
v -1.202117 -0.9028579 13.08207
v -2.506973 -0.629169 13.28489
v -2.67623 -0.8579348 13.05613
v -2.79538 -0.9416692 12.74363
v -2.67623 -0.8579349 12.43113
v -2.411899 -0.316669 13.36863
v -1.201949 -0.3166691 13.4159
v -2.506972 -0.004169122 13.28489
v -1.202015 0.02034985 13.32737
v 1.174344 -0.316669 13.4159
v 1.174411 0.02034985 13.32737
v 2.479367 -0.004168883 13.2849
v 2.384294 -0.3166687 13.36863
v -2.676229 0.2245968 13.05613
v -1.202117 0.2695199 13.08207
v -2.795379 0.308331 12.74363
v -1.202177 0.3619929 12.74363
v -2.676229 0.2245968 12.43113
v -1.202116 0.2695199 12.4052
v 1.174512 0.2695201 13.08207
v 1.174573 0.361993 12.74363
v 1.174513 0.26952 12.4052
v 2.648625 0.224597 12.43113
v 2.767775 0.3083314 12.74363
v 2.648624 0.2245971 13.05613
v -2.506972 -0.004168931 12.20237
v -1.202014 0.02034979 12.1599
v -2.411898 -0.3166689 12.11863
v -1.201948 -0.3166689 12.07136
v -2.506972 -0.6291689 12.20237
v -1.202015 -0.6536879 12.1599
v 1.174411 0.02035003 12.1599
v 1.174345 -0.3166688 12.07137
v 1.174411 -0.6536878 12.1599
v 2.479369 -0.6291688 12.20237
v 2.384295 -0.3166687 12.11863
v 2.479368 -0.004168812 12.20237
v 2.767775 -0.9416686 14.10103
v 2.648625 -0.8579346 13.78853
v 1.174512 -0.9028577 13.76259
v 1.174572 -0.9953307 14.10103
v 2.648625 -0.8579345 14.41353
v -1.202178 -0.9953309 14.10103
v -1.202117 -0.9028579 13.76259
v 1.174511 -0.9028578 14.43946
v 2.479367 -0.6291687 14.6423
v 1.17441 -0.6536877 14.68476
v -1.202016 -0.6536878 14.68476
v -1.202117 -0.9028578 14.43946
v -2.506974 -0.6291689 14.64229
v -2.676231 -0.8579348 14.41353
v -2.79538 -0.9416689 14.10103
v -2.67623 -0.8579348 13.78853
v -2.4119 -0.3166689 14.72603
v -1.20195 -0.3166689 14.7733
v -2.506973 -0.004168944 14.64229
v -1.202016 0.02034991 14.68476
v 1.174343 -0.3166688 14.7733
v 1.17441 0.02035003 14.68476
v 2.479367 -0.004168705 14.6423
v 2.384293 -0.3166687 14.72603
v -2.67623 0.2245969 14.41353
v -1.202117 0.2695201 14.43946
v -2.795379 0.3083312 14.10103
v -1.202178 0.361993 14.10103
v -2.67623 0.224597 13.78853
v -1.202117 0.2695202 13.76259
v 1.174511 0.2695202 14.43946
v 1.174572 0.3619931 14.10103
v 1.174512 0.2695202 13.76259
v 2.648624 0.2245972 13.78853
v 2.767774 0.3083315 14.10103
v 2.648624 0.2245971 14.41353
v -2.506973 -0.004168871 13.55976
v -1.202015 0.02035009 13.51729
v -2.411899 -0.3166689 13.47603
v -1.201949 -0.3166687 13.42876
v -2.506973 -0.6291689 13.55976
v -1.202015 -0.6536878 13.51729
v 1.174411 0.02035009 13.5173
v 1.174344 -0.3166686 13.42876
v 1.174411 -0.6536877 13.5173
v 2.479368 -0.6291686 13.55976
v 2.384294 -0.3166686 13.47603
v 2.479367 -0.004168633 13.55976
v 2.767774 -0.9416686 15.45842
v 2.648624 -0.8579343 15.14592
v 1.174511 -0.9028576 15.11998
v 1.174572 -0.9953306 15.45842
v 2.648624 -0.8579342 15.77092
v -1.202178 -0.9953309 15.45842
v -1.202118 -0.9028578 15.11998
v 1.174511 -0.9028575 15.79686
v 2.479367 -0.6291685 15.99969
v 1.174409 -0.6536876 16.04215
v -1.202017 -0.6536877 16.04215
v -1.202118 -0.9028578 15.79686
v -2.506974 -0.6291687 15.99969
v -2.676232 -0.8579347 15.77092
v -2.795381 -0.9416688 15.45842
v -2.676231 -0.8579345 15.14592
v -2.411901 -0.3166687 16.08342
v -1.20195 -0.3166689 16.13069
v -2.506974 -0.004168765 15.99969
v -1.202017 0.02034996 16.04215
v 1.174343 -0.3166687 16.13069
v 1.174409 0.0203502 16.04215
v 2.479366 -0.004168645 15.99969
v 2.384293 -0.3166685 16.08342
v -2.676231 0.2245971 15.77092
v -1.202118 0.2695203 15.79686
v -2.79538 0.3083313 15.45842
v -1.202178 0.3619931 15.45842
v -2.67623 0.2245972 15.14592
v -1.202118 0.2695202 15.11998
v 1.174511 0.2695203 15.79686
v 1.174571 0.3619932 15.45842
v 1.174511 0.2695202 15.11998
v 2.648623 0.2245974 15.14592
v 2.767773 0.3083316 15.45842
v 2.648623 0.2245973 15.77092
v -2.506973 -0.004168812 14.91715
v -1.202016 0.02035015 14.87469
v -2.4119 -0.3166687 14.83342
v -1.20195 -0.3166687 14.78615
v -2.506974 -0.6291688 14.91715
v -1.202016 -0.6536877 14.87469
v 1.17441 0.02035027 14.87469
v 1.174343 -0.3166686 14.78615
v 1.17441 -0.6536875 14.87469
v 2.479367 -0.6291686 14.91715
v 2.384293 -0.3166685 14.83342
v 2.479367 -0.004168574 14.91715
v 2.767774 -0.9416685 16.81581
v 2.648624 -0.8579342 16.50331
v 1.17451 -0.9028575 16.47738
v 1.174571 -0.9953306 16.81581
v 2.648623 -0.8579342 17.12831
v -1.202179 -0.9953306 16.81581
v -1.202119 -0.9028575 16.47738
v 1.17451 -0.9028575 17.15425
v 2.479366 -0.6291685 17.35708
v 1.174408 -0.6536874 17.39954
v -1.202018 -0.6536875 17.39954
v -1.202119 -0.9028575 17.15425
v -2.506975 -0.6291687 17.35708
v -2.676233 -0.8579344 17.12831
v -2.795382 -0.9416687 16.81581
v -2.676232 -0.8579345 16.50331
v -2.411901 -0.3166687 17.44081
v -1.201951 -0.3166687 17.48808
v -2.506975 -0.004168706 17.35708
v -1.202018 0.02035014 17.39954
v 1.174342 -0.3166686 17.48808
v 1.174408 0.02035026 17.39954
v 2.479365 -0.004168467 17.35708
v 2.384292 -0.3166685 17.44081
v -2.676232 0.2245972 17.12831
v -1.202119 0.2695203 17.15425
v -2.795381 0.3083314 16.81581
v -1.202179 0.3619932 16.81581
v -2.676231 0.2245972 16.50331
v -1.202119 0.2695203 16.47738
v 1.17451 0.2695204 17.15425
v 1.17457 0.3619933 16.81581
v 1.17451 0.2695203 16.47738
v 2.648623 0.2245975 16.50331
v 2.767772 0.3083318 16.81581
v 2.648622 0.2245975 17.12831
v -2.506974 -0.004168633 16.27454
v -1.202017 0.02035021 16.23208
v -2.411901 -0.3166686 16.19081
v -1.20195 -0.3166685 16.14354
v -2.506975 -0.6291686 16.27454
v -1.202017 -0.6536875 16.23208
v 1.174409 0.02035033 16.23208
v 1.174343 -0.3166684 16.14354
v 1.174409 -0.6536874 16.23208
v 2.479367 -0.6291684 16.27455
v 2.384293 -0.3166684 16.19081
v 2.479366 -0.004168395 16.27455
v 2.767773 -0.9416682 18.17321
v 2.648623 -0.8579342 17.86071
v 1.17451 -0.9028575 17.83477
v 1.17457 -0.9953305 18.17321
v 2.648622 -0.8579341 18.48571
v -1.20218 -0.9953305 18.17321
v -1.202119 -0.9028575 17.83477
v 1.174509 -0.9028574 18.51164
v 2.479365 -0.6291683 18.71447
v 1.174407 -0.6536874 18.75694
v -1.202019 -0.6536875 18.75694
v -1.20212 -0.9028574 18.51164
v -2.506976 -0.6291685 18.71447
v -2.676234 -0.8579344 18.48571
v -2.795383 -0.9416687 18.17321
v -2.676233 -0.8579344 17.86071
v -2.411902 -0.3166685 18.79821
v -1.201952 -0.3166686 18.84547
v -2.506975 -0.004168646 18.71447
v -1.202019 0.02035032 18.75694
v 1.174341 -0.3166685 18.84547
v 1.174407 0.02035032 18.75694
v 2.479364 -0.004168408 18.71447
v 2.384291 -0.3166683 18.79821
v -2.676233 0.2245973 18.48571
v -1.20212 0.2695204 18.51164
v -2.795382 0.3083315 18.17321
v -1.20218 0.3619933 18.17321
v -2.676232 0.2245973 17.86071
v -1.202119 0.2695205 17.83477
v 1.174509 0.2695206 18.51164
v 1.17457 0.3619935 18.17321
v 1.174509 0.2695205 17.83477
v 2.648622 0.2245975 17.86071
v 2.767771 0.3083319 18.17321
v 2.648621 0.2245975 18.48571
v -2.506975 -0.004168455 17.63194
v -1.202018 0.02035027 17.58947
v -2.411901 -0.3166685 17.54821
v -1.201951 -0.3166685 17.50094
v -2.506975 -0.6291685 17.63194
v -1.202018 -0.6536874 17.58947
v 1.174408 0.02035051 17.58947
v 1.174342 -0.3166683 17.50094
v 1.174408 -0.6536873 17.58947
v 2.479366 -0.6291683 17.63194
v 2.384292 -0.3166682 17.54821
v 2.479365 -0.004168336 17.63194
v 2.767772 -0.9416682 19.5306
v 2.648622 -0.8579341 19.2181
v 1.174509 -0.9028574 19.19216
v 1.174569 -0.9953302 19.5306
v 2.648622 -0.8579341 19.8431
v -1.202181 -0.9953305 19.5306
v -1.20212 -0.9028574 19.19216
v 1.174508 -0.9028574 19.86903
v 2.479364 -0.6291682 20.07186
v 1.174407 -0.6536872 20.11433
v -1.202019 -0.6536873 20.11433
v -1.202121 -0.9028574 19.86903
v -2.506977 -0.6291685 20.07186
v -2.676234 -0.8579343 19.8431
v -2.795384 -0.9416686 19.5306
v -2.676234 -0.8579341 19.2181
v -2.411903 -0.3166685 20.1556
v -1.201953 -0.3166685 20.20287
v -2.506976 -0.004168468 20.07187
v -1.202019 0.02035038 20.11433
v 1.17434 -0.3166683 20.20287
v 1.174407 0.0203505 20.11433
v 2.479364 -0.004168229 20.07187
v 2.38429 -0.3166682 20.1556
v -2.676233 0.2245974 19.8431
v -1.202121 0.2695206 19.86903
v -2.795383 0.3083316 19.5306
v -1.202181 0.3619935 19.5306
v -2.676233 0.2245975 19.2181
v -1.20212 0.2695206 19.19216
v 1.174508 0.2695207 19.86903
v 1.174569 0.3619936 19.5306
v 1.174509 0.2695206 19.19216
v 2.648621 0.2245977 19.2181
v 2.767771 0.308332 19.5306
v 2.648621 0.2245976 19.8431
v -2.506976 -0.004168395 18.98933
v -1.202018 0.02035045 18.94687
v -2.411902 -0.3166684 18.9056
v -1.201952 -0.3166683 18.85833
v -2.506976 -0.6291684 18.98933
v -1.202019 -0.6536874 18.94687
v 1.174407 0.02035057 18.94687
v 1.174341 -0.3166682 18.85833
v 1.174407 -0.6536871 18.94687
v 2.479365 -0.6291682 18.98934
v 2.384291 -0.3166682 18.9056
v 2.479364 -0.004168157 18.98934
v 2.767771 -0.9416681 20.88799
v 2.648622 -0.8579341 20.57549
v 1.174508 -0.9028571 20.54955
v 1.174568 -0.9953302 20.88799
v 2.648621 -0.857934 21.20049
v -1.202182 -0.9953304 20.88799
v -1.202121 -0.9028574 20.54955
v 1.174507 -0.9028573 21.22643
v 2.479363 -0.629168 21.42926
v 1.174406 -0.6536871 21.47173
v -1.20202 -0.6536872 21.47173
v -1.202121 -0.9028573 21.22643
v -2.506978 -0.6291683 21.42926
v -2.676235 -0.857934 21.20049
v -2.795384 -0.9416683 20.88799
v -2.676234 -0.8579341 20.57549
v -2.411904 -0.3166683 21.51299
v -1.201954 -0.3166684 21.56026
v -2.506977 -0.004168289 21.42926
v -1.20202 0.02035044 21.47173
v 1.174339 -0.3166683 21.56026
v 1.174406 0.02035068 21.47173
v 2.479363 -0.00416817 21.42926
v 2.384289 -0.316668 21.51299
v -2.676234 0.2245975 21.20049
v -1.202121 0.2695207 21.22643
v -2.795383 0.3083318 20.88799
v -1.202182 0.3619936 20.88799
v -2.676234 0.2245976 20.57549
v -1.202121 0.2695207 20.54955
v 1.174507 0.2695207 21.22643
v 1.174568 0.3619937 20.88799
v 1.174508 0.2695207 20.54955
v 2.64862 0.2245979 20.57549
v 2.76777 0.3083321 20.88799
v 2.64862 0.2245978 21.20049
v -2.506977 -0.004168336 20.34672
v -1.202019 0.02035063 20.30426
v -2.411903 -0.3166682 20.26299
v -1.201953 -0.3166682 20.21572
v -2.506977 -0.6291683 20.34672
v -1.202019 -0.6536872 20.30426
v 1.174407 0.02035075 20.30426
v 1.17434 -0.3166681 20.21572
v 1.174407 -0.6536871 20.30426
v 2.479364 -0.6291681 20.34673
v 2.38429 -0.316668 20.26299
v 2.479363 -0.004168098 20.34673
v 2.76777 -0.941668 22.24539
v 2.648621 -0.8579338 21.93289
v 1.174507 -0.9028571 21.90695
v 1.174568 -0.9953301 22.24538
v 2.64862 -0.8579337 22.55789
v -1.202182 -0.9953303 22.24538
v -1.202122 -0.9028573 21.90695
v 1.174507 -0.902857 22.58382
v 2.479363 -0.629168 22.78665
v 1.174405 -0.6536869 22.82912
v -1.202021 -0.6536871 22.82912
v -1.202122 -0.9028572 22.58382
v -2.506978 -0.6291682 22.78665
v -2.676236 -0.8579339 22.55788
v -2.795385 -0.9416683 22.24538
v -2.676235 -0.857934 21.93288
v -2.411904 -0.3166682 22.87038
v -1.201954 -0.3166682 22.91766
v -2.506978 -0.00416823 22.78665
v -1.202021 0.02035062 22.82912
v 1.174339 -0.3166681 22.91766
v 1.174405 0.02035074 22.82912
v 2.479362 -0.004167991 22.78665
v 2.384289 -0.316668 22.87039
v -2.676234 0.2245977 22.55788
v -1.202122 0.2695208 22.58382
v -2.795384 0.3083319 22.24538
v -1.202182 0.3619937 22.24538
v -2.676234 0.2245977 21.93288
v -1.202122 0.2695208 21.90695
v 1.174507 0.2695209 22.58382
v 1.174567 0.3619938 22.24538
v 1.174507 0.2695208 21.90695
v 2.648619 0.2245979 21.93289
v 2.767769 0.3083322 22.24539
v 2.648619 0.224598 22.55789
v -2.506977 -0.004168158 21.70412
v -1.20202 0.02035069 21.66165
v -2.411904 -0.3166682 21.62038
v -1.201954 -0.316668 21.57311
v -2.506978 -0.6291682 21.70411
v -1.20202 -0.653687 21.66165
v 1.174406 0.02035081 21.66165
v 1.174339 -0.316668 21.57311
v 1.174406 -0.6536869 21.66165
v 2.479363 -0.6291679 21.70412
v 2.384289 -0.3166679 21.62039
v 2.479363 -0.00416792 21.70413
v -3.351496 -0.6850713 7.537359
v -3.507201 -0.5293669 7.537366
v -3.564193 -0.31667 7.537359
v -3.507201 -0.1039731 7.537366
v -3.351497 0.05173132 7.537359
v -3.1388 0.1087235 7.537359
v -3.1388 -0.7420634 7.537359
v -2.926103 0.05173156 7.537359
v -2.926103 -0.6850712 7.537367
v -2.770398 -0.1039735 7.537367
v -2.770398 -0.5293665 7.537359
v -2.713406 -0.3166697 7.537359
v -3.351507 -0.6850688 24.89622
v -3.507212 -0.5293645 24.89622
v -3.138811 -0.7420608 24.89622
v -3.564204 -0.3166674 24.89622
v -3.507212 -0.1039705 24.89622
v -3.351507 0.05173399 24.89622
v -3.138811 0.108726 24.89622
v -2.926114 -0.6850688 24.89622
v -2.926114 0.05173399 24.89622
v -2.770409 -0.103971 24.89622
v -2.770409 -0.529364 24.89622
v -2.713417 -0.3166672 24.89622
v 3.323897 0.05173132 7.537363
v 3.479602 -0.1039737 7.537364
v 3.536594 -0.3166701 7.537364
v 3.479602 -0.5293665 7.537364
v 3.323897 -0.6850716 7.537363
v 3.1112 -0.7420634 7.537363
v 3.1112 0.1087234 7.537363
v 2.898504 -0.6850716 7.537363
v 2.898504 0.05173132 7.537363
v 2.742799 -0.5293669 7.537363
v 2.742799 -0.1039731 7.537363
v 2.685807 -0.3166701 7.537363
v 3.323886 0.05173363 24.89622
v 3.479591 -0.1039713 24.89622
v 3.536583 -0.3166678 24.89622
v 3.479591 -0.5293642 24.89622
v 3.323886 -0.6850693 24.89622
v 3.111189 0.1087257 24.89622
v 3.111189 -0.742061 24.89622
v 2.898493 0.05173363 24.89622
v 2.898493 -0.6850693 24.89622
v 2.742788 -0.1039709 24.89622
v 2.742788 -0.5293647 24.89622
v 2.685796 -0.3166678 24.89622

vt 0.714885 0.182318
vt 0.714885 0.181804
vt 0.715121 0.182342
vt 0.715046 0.199922
vt 0.715039 0.200177
vt 0.715124 0.182593
vt 0.284003 0.228168
vt 0.23978 0.141143
vt 0.283996 0.228168
vt 0.266665 0.137335
vt 0.288547 0.030457
vt 0.714724 0.199859
vt 0.714731 0.200113
vt 0.714858 0.19852
vt 0.714847 0.20098
vt 0.714848 0.18334
vt 0.714922 0.180992
vt 0.714651 0.182602
vt 0.714752 0.18357
vt 0.715016 0.181119
vt 0.714771 0.201156
vt 0.284153 0.227644
vt 0.715019 0.183516
vt 0.714755 0.181172
vt 0.26646 0.137644
vt 0.288681 0.030535
vt 0.240028 0.141022
vt 0.714994 0.199004
vt 0.714691 0.196562
vt 0.715065 0.196779
vt 0.715004 0.201015
vt 0.715136 0.178938
vt 0.71511 0.185745
vt 0.715015 0.203475
vt 0.714631 0.178982
vt 0.714748 0.203179
vt 0.714665 0.1857
vt 0.715016 0.183212
vt 0.713808 0.183079
vt 0.265527 0.139059
vt 0.26574 0.138886
vt 0.713642 0.200614
vt 0.71357 0.184516
vt 0.713562 0.18165
vt 0.713636 0.199302
vt 0.713656 0.202041
vt 0.713656 0.201984
vt 0.71357 0.184465
vt 0.713803 0.182578
vt 0.714039 0.183092
vt 0.71405 0.18164
vt 0.714033 0.184534
vt 0.714033 0.184482
vt 0.713835 0.200492
vt 0.283868 0.22958
vt 0.283994 0.229368
vt 0.284001 0.229368
vt 0.713919 0.201124
vt 0.272694 0.105935
vt 0.273748 0.107598
vt 0.269856 0.125916
vt 0.26694 0.139642
vt 0.266785 0.140373
vt 0.265391 0.146933
vt 0.264792 0.149754
vt 0.263467 0.15599
vt 0.506889 0.094706
vt 0.510001 0.080059
vt 0.509838 0.080826
vt 0.512094 0.070206
vt 0.511465 0.073169
vt 0.509909 0.080492
vt 0.512486 0.068361
vt 0.513486 0.063656
vt 0.51421 0.060246
vt 0.512503 0.068283
vt 0.264403 0.151584
vt 0.262777 0.159237
vt 0.262198 0.161964
vt 0.276111 0.096475
vt 0.503076 0.112653
vt 0.500833 0.123215
vt 0.498389 0.134716
vt 0.498441 0.134472
vt 0.68573 0.192518
vt 0.681756 0.211226
vt 0.689851 0.173122
vt 0.679876 0.220076
vt 0.677871 0.229514
vt 0.677758 0.230045
vt 0.685739 0.192477
vt 0.692104 0.162518
vt 0.692138 0.162359
vt 0.694824 0.149712
vt 0.694907 0.149323
vt 0.276068 0.096676
vt 0.27897 0.083016
vt 0.279078 0.082508
vt 0.4983 0.135137
vt 0.679892 0.219999
vt 0.677927 0.229248
vt 0.279124 0.082291
vt 0.514819 0.057381
vt 0.712674 0.083881
vt 0.712674 0.087911
vt 0.712674 0.088081
vt 0.044983 0.301077
vt 0.044983 0.2992
vt 0.044983 0.269092
vt 0.044983 0.270207
vt 0.044983 0.302291
vt 0.044983 0.228027
vt 0.044983 0.258623
vt 0.044983 0.221383
vt 0.044983 0.270906
vt 0.044983 0.18709
vt 0.044983 0.186011
vt 0.044983 0.185311
vt 0.044983 0.285542
vt 0.044983 0.258256
vt 0.712674 0.103774
vt 0.712674 0.128037
vt 0.712674 0.101299
vt 0.712674 0.132994
vt 0.712674 0.190408
vt 0.712674 0.195417
vt 0.712674 0.262057
vt 0.712674 0.106447
vt 0.712674 0.089924
vt 0.712674 0.089208
vt 0.712674 0.138346
vt 0.712674 0.108487
vt 0.712674 0.142431
vt 0.712674 0.200746
vt 0.712674 0.204763
vt 0.712674 0.267116
vt 0.712674 0.272423
vt 0.712674 0.276372
vt 0.712674 0.325645
vt 0.712674 0.317611
vt 0.712674 0.306952
vt 0.712674 0.296936
vt 0.712674 0.31441
vt 0.044983 0.310218
vt 0.044983 0.312375
vt 0.044983 0.313777
vt 0.712674 0.328575
vt 0.712674 0.277801
vt 0.712674 0.206228
vt 0.712674 0.33669
vt 0.712674 0.333704
vt 0.712674 0.143931
vt 0.712674 0.109236
vt 0.712674 0.09047
vt 0.712674 0.090671
vt 0.367393 0.318217
vt 0.367393 0.300001
vt 0.367393 0.303106
vt 0.367393 0.314509
vt 0.367393 0.299206
vt 0.367393 0.313837
vt 0.367393 0.286843
vt 0.367393 0.300523
vt 0.367393 0.260363
vt 0.367393 0.261817
vt 0.367393 0.259232
vt 0.367393 0.249451
vt 0.044983 0.184217
vt 0.044983 0.157302
vt 0.044983 0.155246
vt 0.044983 0.154034
vt 0.712674 0.289835
vt 0.712674 0.295316
vt 0.712674 0.303372
vt 0.367393 0.113865
vt 0.367393 0.152209
vt 0.367393 0.149506
vt 0.367393 0.11267
vt 0.367393 0.100813
vt 0.367393 0.149228
vt 0.367393 0.098199
vt 0.367393 0.108095
vt 0.367393 0.150293
vt 0.367393 0.093039
vt 0.367393 0.110518
vt 0.367393 0.147994
vt 0.367393 0.09596
vt 0.367393 0.111113
vt 0.367393 0.097608
vt 0.712674 0.292363
vt 0.712674 0.287224
vt 0.712674 0.257089
vt 0.712674 0.25843
vt 0.712674 0.186858
vt 0.712674 0.185553
vt 0.712674 0.124563
vt 0.712674 0.123293
vt 0.712674 0.099564
vt 0.712674 0.09893
vt 0.712674 0.088545
vt 0.367393 0.19836
vt 0.367393 0.206253
vt 0.367393 0.204701
vt 0.367393 0.198546
vt 0.367393 0.205474
vt 0.367393 0.283689
vt 0.367393 0.247553
vt 0.044983 0.147451
vt 0.044983 0.146214
vt 0.044983 0.143985
vt 0.044983 0.142585
vt 0.044983 0.147513
vt 0.367393 0.296907
vt 0.044983 0.29553
vt 0.712674 0.303845
vt 0.712674 0.314933
vt 0.712674 0.32611
vt 0.712674 0.127998
vt 0.712674 0.337315
vt 0.712674 0.334316
vt 0.367393 0.316275
vt 0.367393 0.301164
vt 0.367393 0.298058
vt 0.367393 0.312566
vt 0.367393 0.259876
vt 0.367393 0.258421
vt 0.367393 0.25729
vt 0.367393 0.297263
vt 0.367393 0.311893
vt 0.367393 0.284756
vt 0.367393 0.247262
vt 0.712674 0.295752
vt 0.367393 0.113006
vt 0.367393 0.148811
vt 0.367393 0.099895
vt 0.367393 0.147286
vt 0.367393 0.096256
vt 0.367393 0.106152
vt 0.367393 0.148352
vt 0.367393 0.091095
vt 0.367393 0.108575
vt 0.367393 0.145526
vt 0.367393 0.094017
vt 0.367393 0.095001
vt 0.712674 0.292785
vt 0.367393 0.197888
vt 0.367393 0.204311
vt 0.367393 0.196218
vt 0.367393 0.202759
vt 0.367393 0.203531
vt 0.514925 0.193163
vt 0.514925 0.262952
vt 0.514925 0.099291
vt 0.514925 0.029502
vt 0.514925 0.03246
vt 0.514925 0.102249
vt 0.514925 0.18812
vt 0.514925 0.233032
vt 0.514925 0.243125
vt 0.514925 0.247863
vt 0.514925 0.178074
vt 0.514925 0.092203
vt 0.514925 0.047291
vt 0.514925 0.037197
vt 0.514925 0.014414
vt 0.514925 0.26591
vt 0.519085 0.104749
vt 0.519085 0.220309
vt 0.519085 0.219287
vt 0.519085 0.102315
vt 0.519085 0.220684
vt 0.519085 0.343378
vt 0.519085 0.343733
vt 0.519085 0.108877
vt 0.519085 0.342409
vt 0.519085 0.217891
vt 0.519085 0.341085
vt 0.519085 0.216494
vt 0.519085 0.339761
vt 0.519085 0.215472
vt 0.519085 0.338792
vt 0.519085 0.338437
vt 0.519085 0.195824
vt 0.519085 0.194983
vt 0.519085 0.196132
vt 0.519085 0.191844
vt 0.519085 0.193834
vt 0.519085 0.192685
vt 0.519085 0.016219
vt 0.2395 0.142092
vt 0.239493 0.142092
vt 0.287962 0.031135
vt 0.28775 0.031597
vt 0.239497 0.141879
vt 0.239624 0.141667
vt 0.288262 0.031017
vt 0.288305 0.030746
vt 0.520642 0.149659
vt 0.520642 0.21346
vt 0.520642 0.218857
vt 0.520642 0.155822
vt 0.520642 0.15975
vt 0.520642 0.153061
vt 0.520642 0.154996
vt 0.520642 0.161984
vt 0.520642 0.198716
vt 0.520642 0.132823
vt 0.520642 0.178576
vt 0.520642 0.109824
vt 0.520642 0.134787
vt 0.520642 0.135904
vt 0.520642 0.158435
vt 0.520642 0.086825
vt 0.520642 0.143691
vt 0.520642 0.069989
vt 0.520642 0.066587
vt 0.520642 0.084861
vt 0.520642 0.083744
vt 0.520642 0.064652
vt 0.520642 0.138295
vt 0.520642 0.063826
vt 0.520642 0.059898
vt 0.520642 0.057664
vt 0.633623 0.182853
vt 0.633623 0.160733
vt 0.633623 0.162343
vt 0.633623 0.203364
vt 0.633623 0.204974
vt 0.633623 0.218379
vt 0.633623 0.221328
vt 0.633623 0.223875
vt 0.633623 0.227397
vt 0.633623 0.147328
vt 0.633623 0.144379
vt 0.633623 0.141832
vt 0.633623 0.13831
vt 0.268544 0.107154
vt 0.268544 0.11265
vt 0.268544 0.109701
vt 0.268544 0.103632
vt 0.268544 0.127665
vt 0.268544 0.126055
vt 0.268544 0.148175
vt 0.268544 0.168686
vt 0.268544 0.170296
vt 0.268544 0.183701
vt 0.268544 0.18665
vt 0.268544 0.189197
vt 0.268544 0.192719
vt 0.520642 0.096584
vt 0.520642 0.123064
vt 0.520642 0.136305
vt 0.520642 0.083344

vn 0 0 -1
vn -0.1179183 0.8911576 0.4381019
vn -0.1182784 0.8911352 0.4380506
vn 0.1175107 0.8911994 0.4381267
vn 0.1171607 0.8912573 0.4381024
vn 0.4651037 0.7942777 0.3908985
vn 0.4819956 0.8276125 0.2876419
vn 0.1235509 0.9375926 0.3250466
vn -0.1244343 0.9374964 0.3249871
vn 0.1281426 0.9747886 0.1826652
vn -0.1290555 0.9746683 0.1826648
vn 0.4644091 0.7946531 0.3909612
vn 0.1228958 0.93768 0.3250429
vn 0.4807152 0.8282973 0.2878134
vn -0.1237815 0.9375675 0.3250313
vn -0.128683 0.9747202 0.1826509
vn 0.127764 0.9748324 0.1826967
vn 0.4938562 0.8545607 0.1607234
vn -2.506163E-07 0.9255314 -0.3786707
vn -1.550271E-07 0.3866889 -0.9222102
vn -2.700558E-07 -0.9255324 -0.3786684
vn 0 -0.9986093 -0.05272112
vn 5.044613E-08 -0.9838287 -0.1791124
vn -2.163702E-07 -0.946278 -0.323354
vn -4.399816E-07 -0.8975517 -0.4409092
vn 3.499732E-08 -0.9255305 0.3786731
vn -0.4651389 -0.7942995 -0.3908121
vn -0.8444071 -0.4804985 -0.2368499
vn -0.8447353 -0.4800529 -0.2365828
vn -0.4644051 -0.7946137 -0.391046
vn -0.4820364 -0.8276075 -0.2875878
vn -0.8552355 -0.4893161 -0.1707104
vn -0.480736 -0.8282691 -0.2878599
vn -0.8546824 -0.4901695 -0.1710318
vn -0.991443 -0.1305401 1.750015E-07
vn -0.8656934 -0.4998088 -0.02767821
vn -0.8659678 -0.5000997 1.205555E-07
vn -0.9914165 -0.1305399 -0.007262208
vn -0.8625526 -0.4971623 -0.09398213
vn -0.991443 0.1305401 1.750015E-07
vn -0.9911395 -0.130493 -0.02478071
vn -0.9914185 0.130523 0.007279375
vn -0.8659664 0.5001021 1.528534E-07
vn -0.8657315 0.4997393 0.02774079
vn -0.9911563 0.1303675 0.02476748
vn -0.9904307 -0.1302579 -0.04560679
vn -0.9904637 0.1300344 0.04552513
vn -0.1301311 0.9914967 2.29333E-08
vn -0.4993777 0.865068 0.04774389
vn -0.4997424 0.866174 3.229799E-08
vn -0.1300023 0.9900194 0.05441534
vn 0.13092 0.991393 -2.31271E-08
vn 0.1307395 0.9899248 0.05437004
vn 0.5002611 0.8658746 -8.830205E-08
vn 0.4998876 0.8647795 0.04763315
vn 0.1289161 0.9746897 0.1826487
vn -0.1282817 0.9747671 0.1826825
vn -0.4946085 0.8541418 0.1606367
vn -0.4820329 0.8276084 0.287591
vn -0.9894668 0.1298061 0.06407724
vn -0.8447345 0.480053 0.2365857
vn -0.8444064 0.4804994 0.2368503
vn -0.9894869 -0.1296858 -0.06400995
vn -0.8628497 -0.4966586 -0.09391827
vn 0.130923 -0.9913926 -2.312764E-08
vn 0.499787 -0.864832 -0.04773576
vn 0.5002614 -0.8658744 -1.206121E-07
vn 0.1306897 -0.9899291 -0.05441197
vn 0.4943669 -0.8542756 -0.1606686
vn -0.1299514 -0.9900283 -0.05437399
vn 0.1285425 -0.974734 -0.1826758
vn 0.4812183 -0.828036 -0.2877244
vn -0.1301316 -0.9914967 4.593954E-08
vn 0.1236445 -0.9375909 -0.3250159
vn -0.4997435 -0.8661734 2.361445E-08
vn -0.1279092 -0.9748184 -0.1826701
vn -0.4992824 -0.8651279 -0.04765171
vn -0.1230373 -0.9376541 -0.3250639
vn -0.4938844 -0.8545548 -0.1606683
vn 0.1402943 -0.8841707 -0.4456003
vn -0.1172102 -0.8912331 -0.4381385
vn 0.1182273 -0.8911232 -0.4380889
vn -0.1175676 -0.8912121 -0.4380855
vn 0.1242973 -0.9375052 -0.3250142
vn -0.1236884 -0.9375856 -0.3250146
vn -0.128281 -0.9747672 -0.1826826
vn -0.494611 -0.8541404 -0.1606369
vn 0.9932945 -0.1036656 -0.051181
vn 0.8445696 -0.480296 -0.2366812
vn 0.8448711 -0.4798304 -0.2365493
vn 0.9894745 -0.1297637 -0.06404351
vn 0.9894746 0.1297633 0.06404299
vn 0.9932945 0.1036659 0.05117988
vn 0.84457 0.4802949 0.2366818
vn 0.8448715 0.4798315 0.2365458
vn 0.9904418 -0.1301837 -0.04557589
vn 0.9904742 0.129962 0.04550681
vn 0.8548736 -0.4898823 -0.1708988
vn 0.9911492 -0.1304204 -0.02477572
vn 0.9911666 0.1302943 0.0247428
vn 0.9914465 0.1305142 -3.500042E-07
vn 0.865873 0.4994988 0.02765565
vn 0.8660854 0.4998961 -2.734386E-07
vn 0.9914244 0.1304797 0.007258773
vn 0.9914465 -0.1305142 -3.500042E-07
vn 0.9945226 -0.1043603 -0.005818039
vn 0.8660845 -0.4998976 -3.057485E-07
vn 0.8658314 -0.4995668 -0.02773168
vn 0.8627321 -0.4968553 -0.09395877
vn 0.8444412 -0.4804778 -0.2367701
vn 0.4644102 -0.794652 -0.390962
vn 0.4186771 -0.8103448 -0.40994
vn 0.480712 -0.8282988 -0.2878142
vn 0.8547503 -0.4900742 -0.1709652
vn 0.4820016 -0.8276098 -0.2876396
vn 0.8552945 -0.4892125 -0.1707114
vn 0.8444434 0.4804746 0.2367688
vn 0.8626128 -0.4970551 -0.09399693
vn 0.9904702 -0.1299888 -0.0455163
vn -0.8448596 -0.479876 -0.2364982
vn -0.9894916 -0.1296567 -0.06399646
vn -0.9894916 0.1296565 0.06399674
vn -0.8448597 0.479876 0.2364973
vn -0.8548045 -0.4899798 -0.1709652
vn 1.8743E-07 0 1
vn 3.495799E-08 0.9255304 0.3786731
vn 8.674932E-08 0.3866865 0.9222112
vn -0.5002592 -0.8658758 0
vn -0.499894 -0.8647707 -0.04772473
vn -0.8660837 -0.4998991 0
vn -0.8660849 0.499897 0
vn -0.4997954 0.8648325 0.04763741
vn -0.5002583 0.8658762 0
vn -0.4943939 0.85427 0.1606157
vn -0.8626728 0.496961 0.09394393
vn -0.4812371 0.8280093 0.2877698
vn -0.8548057 0.4899777 0.170965
vn 0.4997446 -0.8661728 0
vn 0.4993726 -0.8650759 -0.04765132
vn 0.1299517 -0.9900281 -0.05437585
vn 0.1301311 -0.9914967 0
vn -0.1309232 -0.9913926 0
vn -0.130793 -0.9899155 -0.05440855
vn -0.1290597 -0.9746682 -0.1826621
vn 0.1281409 -0.9747885 -0.1826667
vn 0.4945882 -0.8541616 -0.1605945
vn 0.8659686 -0.5000985 0
vn 0.991421 -0.1305053 -0.007261023
vn 0.9945205 0.1043798 0.00581945
vn 0.8659678 0.5000997 0
vn 0.8657147 0.4997684 0.02774083
vn 0.8626147 0.4970521 0.09399488
vn 0.130131 0.9914968 0
vn 0.49927 0.8651296 0.04775201
vn 0.4997425 0.866174 0
vn 0.1298988 0.9900327 0.05441982
vn -0.13092 0.991393 0
vn -0.1307396 0.9899249 0.05436846
vn -0.9914222 -0.1304955 -0.007274473
vn 0.854753 0.4900701 0.170964
vn -1.349752E-06 -0.3866843 -0.9222121
vn 0.8627338 0.4968525 0.09395708
vn 0.4943658 0.8542767 0.1606671
vn 0.854875 0.4898799 0.1708989
vn 0.4812194 0.8280352 0.2877249
vn -0.1300029 -0.9900191 -0.05441772
vn -0.8625535 0.4971608 0.09398165
vn -0.1299517 0.9900282 0.05437569
vn -0.1279077 0.974818 0.1826732
vn -0.4938848 0.8545541 0.1606707
vn 0.9914246 -0.1304786 -0.007258649
vn 0.9904418 0.1301839 0.04557543
vn -0.4807369 0.8282692 0.2878578
vn -0.854682 0.49017 0.1710322
vn 8.61437E-08 -0.3866866 0.9222112
vn 0.4938518 -0.8545638 -0.1607208
vn 0.494587 0.8541622 0.1605945
vn -0.9914219 0.1304979 0.007275485
vn 0.991421 0.1305056 0.007259349
vn -0.4943961 -0.8542687 -0.160616
vn -0.4812387 -0.8280087 -0.287769
vn 0.1277658 -0.9748324 -0.1826958
vn -0.1286858 -0.9747196 -0.1826514
vn 0.1228971 -0.9376786 -0.3250463
vn 0.1395893 -0.8842598 -0.4456451
vn 0.1175105 -0.8912013 -0.4381227
vn -0.1182826 -0.8911349 -0.43805
vn -0.1244416 -0.9374956 -0.3249865
vn -0.4651364 0.7943001 0.390814
vn -0.4644024 0.7946154 0.3910455
vn -0.1172082 0.8912348 0.4381355
vn 0.1182226 0.8911238 0.4380889
vn -0.1230364 0.9376554 0.3250606
vn 0.1242946 0.9375049 0.3250161
vn 0.4655973 0.7940444 0.3907847
vn 0.4649039 0.7944185 0.3908497
vn 0.4825004 0.8273492 0.2875528
vn 0.4950964 0.8538774 0.1605397
vn -0.8552333 0.4893184 0.1707149
vn 0.4649037 -0.7944188 -0.3908496
vn 0.4192043 -0.8101259 -0.4098338
vn 0.4824992 -0.8273498 -0.2875532
vn 0.4950969 -0.8538774 -0.160538
vn 0.8554133 0.4890269 0.170648
vn 0.8630314 0.4963608 0.09382348
vn -0.4648992 -0.7943809 -0.3909317
vn -0.465635 -0.7940642 -0.3906994
vn -0.4825397 -0.8273447 -0.2875001
vn -0.4951213 -0.8538553 -0.1605804
vn -0.8629672 0.4964617 0.09387933
vn -0.4825356 0.8273472 0.2874996
vn -0.4656291 0.7940673 0.3907004
vn -0.4648975 0.7943816 0.3909324
vn -0.4951183 0.8538565 0.1605829
vn -0.862967 -0.4964623 -0.09387847
vn 0.8630298 -0.4963634 -0.09382336
vn 4.30143E-08 0.9986092 0.05272306
vn 1.461297E-07 0.9838286 0.1791127
vn 2.638077E-07 0.9462789 0.3233517
vn 3.597168E-07 0.8975521 0.4409084
vn 0.8396615 -0.5323232 -0.1077056
vn 0.8666142 -0.4989788 -1.348538E-05
vn 0.981069 -0.144702 -0.1287045
vn 0.8536702 -0.171343 -0.4918219
vn 0.6986783 -0.5943728 -0.3982081
vn 0.9813091 0.1430245 -0.1287494
vn 0.8393483 0.5328172 -0.1077042
vn 0.6986411 0.5944178 -0.3982062
vn 0.8539882 0.1691102 -0.4920426
vn -0.8356685 -0.538781 0.1066452
vn -0.4588938 -0.8867188 0.05609253
vn -0.3457761 -0.9182459 0.1930373
vn -0.6895254 -0.6089097 0.3921525
vn -0.8355446 0.5389733 0.1066438
vn -0.9915001 0.1301061 3.941109E-06
vn -0.9808815 0.1461084 0.1285456
vn -0.9808488 -0.1463265 0.1285465
vn -0.8527367 -0.1781496 0.4910224
vn 0.1066077 0.5387755 0.8356768
vn -0.1066117 0.5387835 0.8356711
vn -0.05606472 0.8867012 0.458931
vn 0.04472074 0.9066722 0.4194588
vn 0.1929639 0.9182349 0.3458463
vn 0.3921017 0.608893 0.6895691
vn 0.3457767 0.9182462 0.1930347
vn 0.6895255 0.6089082 0.3921545
vn -0.009181187 0.9926096 0.1210039
vn 0.01099311 0.9956012 0.09304515
vn -0.0462922 0.9953962 0.08392572
vn -0.1929601 0.9182388 0.345838
vn -0.009165755 0.992783 -0.119574
vn 0.01374345 0.9932298 -0.1153504
vn 0.04537593 0.9063593 -0.4200642
vn -0.03723707 0.9970329 -0.06737031
vn 0.04628879 0.9953965 0.0839235
vn -0.05687101 0.8856447 -0.4608679
vn 0.1076574 0.5328603 -0.8393269
vn -0.1076569 0.5328601 -0.8393272
vn 0.3981655 0.5944158 -0.6986659
vn 0.1974988 0.9146723 -0.3526596
vn -0.08386424 0.9953989 0.04634533
vn -0.3457816 0.9182445 0.1930338
vn 0.08411532 0.9953654 -0.04660818
vn 0.04654289 0.9953644 -0.08416265
vn 0.1153404 0.9932305 -0.01377704
vn -0.1163876 0.9931083 0.0137813
vn 0.1294738 0.9915829 -1.892333E-05
vn -0.4588937 0.8867188 0.05609276
vn -0.6895269 0.6089115 0.3921473
vn 0.4614845 0.8853208 -0.05691247
vn 0.3525819 0.9146863 -0.1975725
vn -0.09301587 -0.9956039 0.01100089
vn -0.08387078 -0.9953985 0.04634025
vn 0.116038 -0.993149 -0.01379582
vn 0.498979 -0.866614 -4.74749E-05
vn 0.462375 -0.8848382 -0.05718939
vn 0.3543482 -0.9137863 -0.198575
vn 0.06733159 -0.9970335 -0.03729146
vn 0.1985001 -0.9137897 -0.3543812
vn 0.04654982 -0.9953627 -0.0841797
vn -0.03701237 -0.9970626 0.06705347
vn -0.8527321 0.1781732 0.4910217
vn -0.4910098 0.1781516 0.8527434
vn -0.4910017 -0.1781459 0.8527493
vn -0.128542 -0.1461245 0.9808795
vn -0.1285354 0.1461153 0.9808818
vn 0.1285415 -0.1461241 0.9808796
vn 0.1066166 -0.5387682 0.8356804
vn -0.106617 -0.5387684 0.8356802
vn 0.491001 -0.1781451 0.8527498
vn 0.3921009 -0.6088823 0.689579
vn 0.128535 0.1461154 0.9808818
vn 0.4910054 0.1781434 0.8527477
vn -0.1929698 -0.9182394 0.345831
vn -0.3921001 -0.6088955 0.6895677
vn -0.04472642 -0.9066742 0.4194537
vn 0.05605429 -0.8866959 0.4589426
vn 0.01374852 -0.9833162 0.1813843
vn -0.0137678 -0.993104 0.1164255
vn 0.1929682 -0.9182338 0.345847
vn 0.03701146 -0.997063 0.06704892
vn 0.3457811 -0.9182452 0.1930315
vn 0.08387049 -0.9953986 0.04634035
vn -0.0110024 -0.9956681 -0.09232569
vn -0.04654948 -0.9953627 -0.08417996
vn -0.04557376 -0.9056028 -0.4216713
vn -0.1985011 -0.9137836 -0.3543964
vn 0.01100852 -0.9896063 -0.1433813
vn 0.05712429 -0.8845881 -0.4628615
vn -0.39211 0.6089057 0.6895532
vn 0.1286912 -0.1447027 -0.9810707
vn 0.4918216 -0.1713328 -0.8536724
vn 0.3981589 -0.5943635 -0.6987142
vn 0.1076781 -0.5325168 -0.8395423
vn -0.1286819 -0.1447127 -0.9810705
vn 0.1287308 0.1428362 -0.981339
vn -0.1076574 -0.532506 -0.8395518
vn -0.12873 0.1428362 -0.981339
vn -0.491808 -0.1713551 -0.8536758
vn -0.4920115 0.1691268 -0.8540028
vn 0.4920191 0.1691291 -0.853998
vn -0.8396624 -0.5323219 -0.1077045
vn -0.8666136 -0.4989798 -1.482102E-05
vn -0.9810699 -0.144701 -0.1286996
vn -0.8536651 -0.1713261 -0.4918366
vn -0.698684 -0.5943673 -0.3982061
vn -0.981309 0.1430237 -0.1287511
vn -0.8393486 0.5328165 -0.1077051
vn -0.6986398 0.5944179 -0.3982083
vn -0.8539875 0.1691077 -0.4920446
vn 0.8356683 -0.5387811 0.1066462
vn 0.4588955 -0.8867177 0.056094
vn 0.6895291 -0.6089065 0.3921511
vn 0.8355509 0.5389643 0.1066401
vn 0.9915 0.1301069 5.485168E-06
vn 0.9808813 0.1461098 0.1285456
vn 0.9808485 -0.1463276 0.1285472
vn 0.8527364 -0.1781505 0.4910225
vn 0.09301559 -0.9956039 0.01100118
vn -0.1160386 -0.9931489 -0.01379614
vn -0.4989791 -0.866614 -4.821629E-05
vn -0.4623744 -0.8848386 -0.0571905
vn -0.3543526 -0.9137842 -0.1985766
vn -0.06733169 -0.9970335 -0.03729151
vn -0.4614821 0.885322 -0.05691367
vn -0.1294745 0.9915827 -1.912244E-05
vn -0.09230603 0.9956695 -0.01103559
vn -0.08411559 0.9953654 -0.04660843
vn -0.3525813 0.9146864 -0.1975734
vn -0.1974961 0.9146729 -0.3526596
vn 0.1163864 0.9931084 0.01378174
vn 0.4588933 0.8867189 0.05609391
vn 0.06700497 0.9970647 0.03704547
vn -0.3981623 0.5944164 -0.6986673
vn 0.8527353 0.1781547 0.4910228
vn -0.3981478 -0.5943717 -0.6987136
vn -2.287314E-07 -0.9259351 0.3776827
vn 3.713745E-11 -0.9999999 -0.0005347202
vn -1.762363E-09 -0.9999999 0.000522496
vn 0.1293976 -0.989836 0.05899995
vn 0.09703269 -0.9944212 0.04136352
vn 0.4393525 -0.8761955 0.1981183
vn 0.4831953 -0.8487786 0.2147025
vn -0.09782595 -0.9943288 -0.04171675
vn -0.1301778 -0.9897135 -0.05933693
vn -0.4398791 -0.8758761 -0.1983619
vn -0.4836752 -0.8484516 -0.2149142
vn 0.1298747 -0.990679 0.04108153
vn -0.1304487 -0.9905957 -0.04127132
vn -0.4912217 -0.8571317 -0.1550052
vn 0.4915562 -0.8569277 0.1550725
vn 0.4972621 -0.8633952 0.08531772
vn 0.1300596 -0.9912533 0.02239075
vn -0.4920611 -0.8566096 -0.1552284
vn -0.130659 -0.9905649 -0.04134424
vn -0.4977802 -0.8630881 -0.08540376
vn -0.1308449 -0.9911466 -0.02254057
vn 0.1299437 -0.9912688 0.02237772
vn -0.1047694 -0.9944824 -0.005310586
vn 0.1301029 -0.9914787 0.006578696
vn -0.4999885 -0.8656643 -0.02523758
vn 0.4994101 -0.8660005 0.0251542
vn 0.4967824 -0.8636826 0.0852024
vn 0.4907239 -0.8574454 0.1548465
vn -0.1303316 0.989774 -0.05797487
vn -0.4837165 0.8484369 -0.2148797
vn -0.4841532 0.8481309 -0.2151037
vn 0.1294318 0.9899158 0.05756853
vn 0.12971 0.9907024 0.04103851
vn -0.1307066 0.990558 -0.04135795
vn 0.1299861 0.9912631 0.0223847
vn -0.1308908 0.9911407 -0.02253557
vn 0.1295463 0.9898976 0.0576239
vn 0.4832324 0.8487669 0.2146655
vn 0.4836772 0.848456 0.2148924
vn -0.1304943 0.990589 -0.04128725
vn 0.8650471 0.4998053 0.04345245
vn 0.4994477 0.8659772 0.02520784
vn 0.8650547 -0.4997982 0.04338259
vn 0.1301161 0.9914768 0.006590444
vn -0.1309212 0.9913707 -0.006621711
vn 0.4968812 0.8636216 0.08524514
vn -0.5000283 0.8656426 -0.02519059
vn -0.8652206 0.4995103 -0.0433914
vn -0.8565003 0.4949931 -0.1462499
vn -0.4978832 0.8630293 -0.08539767
vn -0.8347232 0.484069 -0.2625154
vn -0.4921535 0.8565468 -0.1552823
vn -0.9902322 -0.1303175 -0.04957259
vn -0.8652239 -0.499498 -0.04346632
vn -0.990227 0.13037 -0.04953953
vn -0.9776338 -0.1285118 -0.166484
vn -0.9776183 0.1286566 -0.1664626
vn -0.8565083 -0.4949677 -0.1462892
vn -0.8347447 -0.4840512 -0.2624799
vn -2.304689E-07 0.925934 0.3776854
vn 0.4994757 -0.865961 0.02520961
vn 0.9902289 -0.1303426 0.04957316
vn 0.9902236 0.130396 0.04953898
vn 0.9776307 -0.1285291 0.1664886
vn 0.9776151 0.1286705 0.1664711
vn 0.8563847 0.4951984 0.1462319
vn 0.4995127 0.865941 0.02516353
vn 0.4973668 0.8633357 0.08530936
vn 0.1301051 0.9912471 0.0224011
vn -0.4999597 0.865681 -0.02523272
vn -0.4973919 0.8633187 -0.08533473
vn -0.4913204 0.8570744 -0.1550086
vn -0.8560926 0.4957086 -0.1462138
vn -0.8340573 0.485343 -0.2622797
vn -0.9775682 0.1290203 -0.1664759
vn -0.8651724 -0.4995941 -0.04338666
vn -0.8561111 -0.4956859 -0.1461823
vn -0.4972934 -0.8633798 -0.08529094
vn -0.8340619 -0.4853153 -0.2623162
vn 0.1039737 -0.9945661 0.005262107
vn -0.1308887 -0.991375 -0.006618153
vn 0.8559818 0.4959053 0.1461952
vn 0.9775658 0.1290398 0.166475
vn 0.8339519 0.4855424 0.2622456
vn 0.9466085 0.1252365 0.297066
vn 0.8559974 -0.4958886 0.1461609
vn 0.9466203 -0.1250918 0.2970891
vn 0.833953 -0.4855192 0.2622851
vn 0.9075952 0.1200465 0.4023181
vn 0.9075891 -0.1199908 0.4023485
vn 0.8563951 -0.4951686 0.1462721
vn 0.8346429 -0.4842491 0.2624387
vn 0.8064969 -0.4707214 0.3577488
vn 0.8236868 -0.4248227 0.3755873
vn 0.9467055 -0.1244481 0.2970883
vn 0.9011384 -0.1426613 0.4093867
vn 0.9076282 0.1196938 0.4023485
vn 0.8064677 0.4707213 0.3578148
vn 0.8061365 0.4714331 0.3576237
vn 0.8346153 0.4842801 0.2624691
vn 0.9466839 0.1245849 0.2970996
vn 0.4916572 0.8568597 0.155128
vn 0.4908218 0.8573886 0.1548506
vn -0.8062287 0.4712484 -0.3576595
vn -0.8065567 0.4705314 -0.3578638
vn -0.9466115 0.1252148 -0.2970654
vn -0.9076014 0.1200356 -0.4023075
vn -0.9076262 0.119667 -0.4023612
vn -0.9075941 -0.1199812 -0.40234
vn -0.9466844 0.1245646 -0.2971068
vn -0.8062137 -0.4712211 -0.3577291
vn -0.8065877 -0.4705255 -0.3578016
vn -0.9467072 -0.1244222 -0.2970935
vn -0.9466248 -0.1250697 -0.2970844
vn -0.1307276 -0.991163 -0.02249845
vn -0.1293907 -0.9898371 0.05899586
vn -0.483186 -0.8487887 0.2146836
vn -0.4393434 -0.8762007 0.1981152
vn -0.09703739 -0.9944208 0.04136537
vn 0.0978313 -0.9943283 -0.04171683
vn 0.1301748 -0.989714 -0.05933572
vn 0.4398877 -0.8758737 -0.1983537
vn 0.4836729 -0.8484547 -0.2149074
vn -0.1298782 -0.9906785 0.04108233
vn 0.1304472 -0.9905959 -0.04126984
vn 0.4912224 -0.8571324 -0.1549985
vn -0.4915634 -0.8569236 0.1550716
vn -0.4972682 -0.8633923 0.08531199
vn -0.1300598 -0.9912533 0.02239009
vn 0.4920585 -0.8566123 -0.1552217
vn 0.1306616 -0.9905646 -0.04134516
vn 0.4977734 -0.8630918 -0.08540637
vn 0.1308483 -0.9911461 -0.02254131
vn -0.129942 -0.9912691 0.02237794
vn 0.10477 -0.9944823 -0.005310092
vn -0.1301027 -0.9914787 0.006577604
vn 0.4999892 -0.8656639 -0.02523406
vn -0.4994107 -0.8660002 0.02515111
vn -0.4967864 -0.8636802 0.08520366
vn -0.4907224 -0.8574477 0.1548382
vn 0.1303369 0.9897733 -0.05797577
vn 0.4841658 0.8481253 -0.2150977
vn 0.4837158 0.848439 -0.2148728
vn -0.1294236 0.9899172 0.05756187
vn -0.1297088 0.9907025 0.0410385
vn 0.13071 0.9905576 -0.04135764
vn -0.1299836 0.9912634 0.02238386
vn 0.1308935 0.9911402 -0.02253679
vn -0.1295483 0.9898973 0.05762452
vn -0.483229 0.848773 0.2146487
vn -0.4836716 0.8484602 0.2148888
vn 0.1304943 0.990589 -0.04128728
vn -0.4994456 0.8659785 0.02520319
vn -0.8650475 0.4998049 0.04345001
vn -0.8650529 -0.4998016 0.04338036
vn -0.1301161 0.9914768 0.006589536
vn 0.1309221 0.9913706 -0.006620956
vn -0.4968878 0.8636173 0.08525074
vn 0.5000275 0.8656431 -0.02518788
vn 0.8652226 0.4995069 -0.0433894
vn 0.8565038 0.4949866 -0.1462512
vn 0.4978783 0.863032 -0.08539872
vn 0.8347345 0.4840566 -0.2625024
vn 0.4921553 0.856547 -0.1552751
vn 0.8652246 -0.499497 -0.04346411
vn 0.9902329 -0.1303136 -0.04956819
vn 0.9902277 0.130367 -0.04953402
vn 0.9776366 -0.128494 -0.1664811
vn 0.9776208 0.1286421 -0.1664599
vn 0.8565106 -0.4949624 -0.1462932
vn 0.8347653 -0.4840254 -0.2624619
vn -0.4994748 -0.8659617 0.02520606
vn -0.990229 -0.1303442 0.04956822
vn -0.9902239 0.1303945 0.04953605
vn -0.9776308 -0.1285401 0.1664795
vn -0.9776158 0.1286818 0.1664583
vn -0.8563834 0.495204 0.1462204
vn -0.4995122 0.8659415 0.02515902
vn 0.4999613 0.8656802 -0.02523057
vn -0.4973711 0.8633337 0.08530473
vn -0.1301065 0.9912469 0.02240071
vn 0.4973919 0.8633191 -0.08533169
vn 0.4913196 0.857076 -0.1550024
vn 0.856093 0.4957095 -0.1462086
vn 0.8340594 0.4853453 -0.2622688
vn 0.9775692 0.1290208 -0.1664698
vn 0.865173 -0.4995936 -0.04338164
vn 0.8561115 -0.4956867 -0.146177
vn 0.4972935 -0.86338 -0.08528846
vn 0.8340654 -0.4853129 -0.2623096
vn -0.1039724 -0.9945663 0.005261834
vn 0.1308899 -0.9913748 -0.006617805
vn -0.8559796 0.4959088 0.1461963
vn -0.977565 0.1290547 0.1664679
vn -0.8339425 0.4855737 0.2622176
vn -0.9466086 0.125259 0.2970561
vn -0.8559952 -0.4958931 0.1461584
vn -0.9466175 -0.1251225 0.2970855
vn -0.8339472 -0.4855379 0.2622689
vn -0.9075959 0.1200437 0.4023173
vn -0.9075911 -0.119999 0.4023415
vn -0.856393 -0.4951749 0.1462626
vn -0.8346363 -0.4842579 0.2624433
vn -0.8064873 -0.4707317 0.3577566
vn -0.8236944 -0.4248235 0.3755696
vn -0.9467044 -0.1244505 0.2970906
vn -0.901136 -0.1426576 0.4093931
vn -0.9076243 0.1196923 0.4023579
vn -0.8064594 0.470731 0.3578206
vn -0.8061361 0.4714479 0.3576051
vn -0.8346136 0.484278 0.2624784
vn -0.946682 0.1245923 0.2971024
vn -0.4916578 0.8568594 0.1551273
vn -0.4908232 0.8573894 0.1548418
vn 0.8062389 0.4712331 -0.3576567
vn 0.8065687 0.4705283 -0.3578408
vn 0.9466128 0.1252111 -0.297063
vn 0.9076024 0.1200197 -0.4023097
vn 0.9076316 0.1196596 -0.4023511
vn 0.9075966 -0.1199643 -0.4023393
vn 0.9466891 0.1245311 -0.2971056
vn 0.8062239 -0.4712089 -0.3577222
vn 0.8066002 -0.4705175 -0.3577841
vn 0.9467131 -0.1243989 -0.2970845
vn 0.9466244 -0.1250708 -0.2970851
vn 0.9775897 -0.1288807 -0.1664575
vn 0.1307276 -0.991163 -0.02249823
vn -1.289474E-07 1 -8.101894E-06
vn -3.501175E-10 0.9999995 0.001044916
vn -1.291806E-07 0.9999998 0.0006966114
vn 2.214473E-10 0.9999999 -0.0005344549
vn 0.3780071 0.2098662 -0.9017022
vn 0.6885896 0.2333963 -0.6865643
vn 0.6426001 0.4210581 -0.640137
vn 0.3560611 0.4070645 -0.8411415
vn 0.5857905 0.5629326 -0.5830578
vn 0.3297068 0.5795008 -0.7453002
vn 0.4992524 0.7102484 -0.4962805
vn 0.2920288 0.7678009 -0.570264
vn 0.3179897 0.8943526 -0.314668
vn 0.5746942 0.7653907 -0.2896615
vn 0.3878693 0.1100584 -0.91512
vn 0.3985823 -0.1717587 -0.9009057
vn 0.7039118 -0.1149107 -0.7009307
vn 0.702529 0.1265303 -0.7003164
vn 0.3816745 -0.5553821 -0.7388338
vn 0.6437855 -0.4190471 -0.6402653
vn 0.9630277 -0.2338602 -0.1337423
vn 0.9011726 -0.1793608 -0.3946107
vn 0.738696 -0.559099 -0.3764789
vn 0.7620857 -0.6356165 -0.1233575
vn 0.9171947 0.1003036 -0.3856073
vn 0.4091969 -0.817085 -0.4061159
vn 0.4036625 -0.9073592 -0.1172849
vn 0.3894192 -0.9209659 -0.01320827
vn 0.7499797 -0.6609308 -0.02647632
vn 0.123403 -0.9071496 -0.4023076
vn 0.1338188 -0.6291364 -0.7656892
vn 0.03184254 -0.6533521 -0.7563843
vn 0.01579182 -0.9204241 -0.3906024
vn 0.1318689 0.5724807 -0.8092444
vn 0.1133698 0.7858639 -0.6079187
vn 0.3335796 0.9375403 -0.09870571
vn 0.6149508 0.7819788 -0.1017084
vn 0.105774 0.9381691 -0.3296219
vn 0.01786671 0.9436178 -0.3305542
vn 0.03384358 0.7884663 -0.6141462
vn -0.0001027423 0.790259 -0.6127729
vn -6.931259E-05 0.9443656 -0.3288974
vn -0.0336069 0.788142 -0.6145751
vn 0.004541876 0.9962153 -0.08680146
vn 0.09453046 0.9912662 -0.09195243
vn -0.01755068 0.9436156 -0.3305776
vn -2.102249E-05 0.9962846 -0.08612186
vn -0.1059817 0.9382237 -0.3293997
vn -0.113568 0.7855738 -0.6082566
vn -0.09508373 0.9912522 -0.09153175
vn -0.3179897 0.8943526 -0.3146682
vn -0.3340702 0.9373866 -0.09850594
vn -0.004404036 0.9962336 -0.08659704
vn -0.08791681 0.996123 -0.003109263
vn -0.3334776 0.9426761 -0.01242425
vn -0.6148227 0.782115 -0.1014349
vn -0.6188783 0.7851202 -0.02399764
vn -0.614982 0.7885411 0.0001598247
vn -0.3300734 0.9439552 0.0001120199
vn -0.6191733 0.7849005 0.02356865
vn -0.08675792 0.9962294 3.516672E-05
vn -0.3334777 0.9426808 0.01206113
vn -0.3335817 0.9375399 0.09870195
vn -0.6149499 0.78198 0.101705
vn -0.09453073 0.9912661 0.09195371
vn -0.3179852 0.8943508 0.3146775
vn -0.1057712 0.9381677 0.3296268
vn -0.0877599 0.9961372 0.002981292
vn -0.004541981 0.9962152 0.0868021
vn -0.01786777 0.9436172 0.3305562
vn -0.1133703 0.7858708 0.6079098
vn -0.03384418 0.7884651 0.6141477
vn 0.0001026486 0.7902575 0.6127748
vn 7.006439E-05 0.9443671 0.3288935
vn 0.03360765 0.7881489 0.6145664
vn 2.106745E-05 0.9962846 0.08612167
vn 0.08776001 0.9961372 -0.002981597
vn 0.0175517 0.9436125 0.3305865
vn 0.004403816 0.9962337 0.08659686
vn 0.08675802 0.9962294 -3.526629E-05
vn 0.3334772 0.942681 -0.01206154
vn 0.1059786 0.9382213 0.3294076
vn 0.1135671 0.7855819 0.6082463
vn 0.09508426 0.9912521 0.0915323
vn 0.3179849 0.8943508 0.3146779
vn 0.3340723 0.9373863 0.09850238
vn 0.08791695 0.996123 0.003109076
vn 0.6191732 0.7849007 -0.02356919
vn 0.3300736 0.9439552 -0.0001120928
vn 0.6149818 0.7885413 -0.0001598993
vn 0.3334776 0.9426761 0.01242422
vn 0.6148216 0.7821164 0.1014315
vn 0.6188776 0.7851207 0.02399777
vn 0.9283512 0.3503483 -0.1241782
vn 0.749889 0.5746638 -0.3277622
vn 0.8458683 0.3981272 -0.3549669
vn 0.817721 0.5635968 -0.1170083
vn 0.8281783 0.5595195 -0.03253709
vn 0.8258077 0.5639518 -0.0001436214
vn 0.8278925 0.5599276 0.03278957
vn 0.817342 0.564175 0.1168699
vn 0.9048377 0.1986711 -0.3765613
vn 0.9208025 -0.1031109 -0.3761527
vn 0.7070714 -0.06810736 -0.7038547
vn 0.9171025 0.1003652 0.3858106
vn 0.9011682 -0.1793672 0.3946178
vn 0.703913 -0.1149057 0.7009302
vn 0.7025066 0.1267388 0.7003012
vn 0.9632701 -0.2326913 0.1340353
vn 0.7618489 -0.635842 0.1236579
vn 0.7386912 -0.5591058 0.3764786
vn 0.6437961 -0.4190475 0.6402544
vn 0.4092076 -0.8170856 0.4061037
vn 0.3816952 -0.5553795 0.738825
vn 0.4025468 -0.9078361 0.1174297
vn 0.7496845 -0.6612864 0.02595085
vn 0.3888147 -0.9212266 0.01283495
vn 0.1232264 -0.9067004 0.4033729
vn 0.1334015 -0.628776 0.766058
vn 0.01619954 -0.920066 0.3914284
vn 0.03244129 -0.6528877 0.7567597
vn 0.1452124 -0.2201866 0.9645886
vn 0.3985939 -0.1717502 0.9009022
vn 0.3878171 0.1103314 0.9151092
vn 0.6720744 0.3116525 0.6717058
vn 0.8810115 0.2961259 0.3689556
vn 0.7915553 0.5122452 0.3332341
vn 0.600283 0.5255222 0.6028986
vn 0.3687901 0.3058138 0.8777652
vn 0.7221462 0.6191278 0.3085218
vn 0.3308074 0.5199931 0.7875111
vn 0.5461973 0.630054 0.5519968
vn 0.304373 0.6237183 0.7199532
vn 0.2920245 0.7678056 0.5702597
vn 0.1317818 0.5717837 0.8097511
vn 0.3297104 0.579505 0.7452952
vn 0.1399707 0.3688009 0.9189092
vn 0.3562092 0.4072774 0.8409756
vn 0.05078027 0.3446853 0.9373438
vn 0.04546778 0.5670789 0.8224075
vn 9.445978E-05 0.5694209 0.8220461
vn -0.0453827 0.5677056 0.8219798
vn -0.1318685 0.5724923 0.8092362
vn 0.5746948 0.765386 0.2896725
vn 0.4992484 0.7102518 0.4962795
vn 0.5857871 0.562945 0.5830492
vn 0.6425074 0.4211455 0.6401724
vn 0.688307 0.233284 0.6868857
vn 0.3777413 0.2087757 0.9020667
vn 0.3783548 -0.09316412 0.9209604
vn 0.7054275 -0.06781589 0.7055303
vn 0.7498882 0.5746669 0.3277585
vn 0.8460127 0.3980172 0.3547463
vn 0.9045309 0.1995988 0.3768079
vn -0.9171034 0.1003636 -0.385809
vn -0.9011698 -0.1793648 -0.3946154
vn -0.7039095 -0.1149362 -0.7009288
vn -0.7025164 0.1267457 -0.7002901
vn -0.9632702 -0.2326894 -0.1340377
vn -0.7618488 -0.6358421 -0.1236573
vn -0.7386923 -0.5590925 -0.3764962
vn -0.643787 -0.4190488 -0.6402628
vn -0.4092011 -0.8170807 -0.4061202
vn -0.3816958 -0.5553737 -0.738829
vn -0.4025469 -0.9078361 -0.1174294
vn -0.7496842 -0.6612868 -0.0259504
vn -0.3888144 -0.9212267 -0.01283461
vn -0.1232223 -0.9066982 -0.4033791
vn -0.1334035 -0.628791 -0.7660453
vn -0.01620008 -0.9200671 -0.3914257
vn -0.03244255 -0.652882 -0.7567645
vn -0.1452261 -0.220172 -0.9645899
vn -0.3985876 -0.171764 -0.9009024
vn -0.3877963 0.1103158 -0.9151199
vn -0.6720858 0.3116496 -0.6716958
vn -0.8810077 0.2961273 -0.3689635
vn -0.7915566 0.5122459 -0.3332301
vn -0.6002866 0.525519 -0.6028979
vn -0.3687753 0.3058262 -0.8777671
vn -0.7221484 0.6191282 -0.3085156
vn -0.3307982 0.5199997 -0.7875106
vn -0.5461925 0.6300568 -0.5519983
vn -0.304373 0.6237183 -0.7199532
vn -0.292028 0.7678007 -0.5702645
vn -0.1317838 0.5717758 -0.8097564
vn -0.3297066 0.5795007 -0.7453003
vn -0.1399668 0.3688002 -0.9189101
vn -0.3562006 0.407276 -0.8409801
vn -0.05078369 0.344694 -0.9373404
vn -0.04546883 0.5670875 -0.8224016
vn -9.420854E-05 0.5694298 -0.82204
vn 0.04538486 0.5677015 -0.8219826
vn -0.5746942 0.7653908 -0.2896612
vn -0.4992522 0.7102481 -0.496281
vn -0.5857903 0.5629317 -0.5830588
vn -0.6425148 0.4211474 -0.6401637
vn -0.6883049 0.233284 -0.6868879
vn -0.3777373 0.2087814 -0.902067
vn -0.3783629 -0.09315424 -0.9209581
vn -0.7054381 -0.06781732 -0.7055196
vn -0.8173426 0.5641747 -0.1168678
vn -0.7498885 0.5746639 -0.3277628
vn -0.8460113 0.3980187 -0.3547477
vn -0.90453 0.1995986 -0.37681
vn -0.3878865 0.1100702 0.9151112
vn -0.3985938 -0.1717503 0.9009022
vn -0.7039127 -0.1149054 0.7009305
vn -0.7025261 0.1265236 0.7003205
vn -0.3816954 -0.5553793 0.738825
vn -0.6437907 -0.4190413 0.640264
vn -0.9630281 -0.2338616 0.1337374
vn -0.9011685 -0.1793594 0.3946207
vn -0.7386878 -0.5591008 0.3764926
vn -0.7620856 -0.6356174 0.1233532
vn -0.9171907 0.1003096 0.3856152
vn -0.4092017 -0.8170869 0.406107
vn -0.4036612 -0.90736 0.1172839
vn -0.3894192 -0.920966 0.01320827
vn -0.7499792 -0.6609313 0.0264761
vn -0.1234074 -0.9071533 0.4022978
vn -0.1338197 -0.6291246 0.7656987
vn -0.03184108 -0.6533543 0.7563824
vn -0.01579122 -0.9204293 0.39059
vn -0.5746948 0.7653861 0.2896722
vn -0.2920253 0.7678058 0.5702592
vn -0.4992489 0.7102523 0.4962783
vn -0.3297105 0.5795052 0.745295
vn -0.5857874 0.5629458 0.5830481
vn -0.3560624 0.4070637 0.8411413
vn -0.6425917 0.4210614 0.6401431
vn -0.3779998 0.2098632 0.9017059
vn -0.6885932 0.2333963 0.6865608
vn -0.9283507 0.3503491 0.1241795
vn -0.7498882 0.5746673 0.3277575
vn -0.8458707 0.3981265 0.354962
vn -0.8177203 0.5635976 0.1170096
vn -0.828178 0.55952 0.03253632
vn -0.8258078 0.5639517 0.0001435456
vn -0.8278922 0.5599279 -0.03278933
vn -0.9048416 0.1986706 0.3765523
vn -0.9208045 -0.1031124 0.3761475
vn -0.7070624 -0.06811481 0.703863
vn 0.3772153 0.2248353 -0.8984195
vn 0.6364126 0.4368941 -0.6356906
vn 0.3505592 0.4239054 -0.8351123
vn 0.6856836 0.2432269 -0.6860602
vn 0.7050744 0.06972577 -0.7056972
vn 0.899865 0.2173467 -0.378158
vn 0.9211724 0.04720483 -0.3862812
vn 0.8377533 0.4183019 -0.3509886
vn 0.7060252 0.6422741 -0.2983495
vn 0.9150845 0.385691 -0.1177399
vn 0.7809391 0.6161737 -0.1022936
vn 0.6073973 0.748951 -0.2648413
vn 0.682717 0.7245063 -0.09480558
vn 0.792028 0.6097646 -0.02964212
vn 0.6949704 0.7185816 -0.02562423
vn 0.6909537 0.722899 -0.0001855177
vn 0.7895952 0.6136281 -0.0001334143
vn 0.6940507 0.7194615 0.02585999
vn 0.7920507 0.6097255 0.02984075
vn 0.7819005 0.6151599 0.1010443
vn 0.6818866 0.7256861 0.09170759
vn 0.9768023 0.1733901 -0.1256705
vn 0.9267875 0.3739523 -0.03499483
vn 0.9263474 0.3766701 -0.0001069523
vn 0.9876323 0.1523324 -0.0371127
vn 0.9919671 0.01016128 -0.126087
vn 0.9673398 -0.2234288 -0.1197218
vn 0.9067728 -0.1948079 -0.3739158
vn 0.9165847 -0.3854167 -0.1064256
vn 0.867998 -0.3558229 -0.3463663
vn 0.9126604 -0.407376 -0.03310241
vn 0.9702931 -0.2392721 -0.03577833
vn 0.9992754 -0.008227136 -0.03716114
vn 0.9882892 0.1525926 -5.350292E-05
vn 0.9270514 0.3732758 0.03522527
vn 0.970122 -0.2426177 6.290524E-05
vn 0.9106318 -0.4132189 0.0001303683
vn 0.9999645 -0.008423983 3.071071E-06
vn 0.9152731 0.3852633 0.1176746
vn 0.9877855 0.1512606 0.03741737
vn 0.9703471 -0.2391029 0.03544401
vn 0.9119661 -0.4089695 0.03258542
vn 0.9136876 -0.3936627 0.1010176
vn 0.999287 -0.006357384 0.03721593
vn 0.9681247 -0.2215195 0.1168913
vn 0.8645388 -0.3620677 0.3485394
vn 0.9064085 -0.1926011 0.3759367
vn 0.9919692 0.01310533 0.1257992
vn 0.9211042 0.04811712 0.3863312
vn 0.900106 0.2169363 0.3778198
vn 0.9769549 0.1724654 0.1257571
vn 0.837914 0.4182085 0.350716
vn 0.7071742 0.640847 0.2986969
vn 0.1306757 0.2887095 0.9484571
vn 0.1178051 0.5027694 0.8563556
vn 0.1092021 0.6073618 0.7868841
vn 0.03902795 0.4990563 0.8656903
vn 0.03568362 0.6043653 0.7959078
vn 0.0001035047 0.6067237 0.7949128
vn 7.605991E-05 0.5010592 0.865413
vn -0.03581588 0.60484 0.7955412
vn -0.03910401 0.4991565 0.865629
vn -0.1178588 0.5026494 0.8564187
vn -0.1088146 0.6074051 0.7869043
vn 0.6856893 0.2431953 0.6860659
vn 0.7049255 0.06966982 0.7058514
vn 0.6958746 -0.174111 0.6967381
vn -0.880906 0.2963601 0.3690195
vn -0.6721737 0.3120928 0.6714019
vn -0.6013846 0.525552 0.6017737
vn -0.7908815 0.5128928 0.3338376
vn -0.3304839 0.5194541 0.7880024
vn -0.3685974 0.3062321 0.8777003
vn -0.3036332 0.6245252 0.7195659
vn -0.5486916 0.6293982 0.5502684
vn -0.7230572 0.6173458 0.3099558
vn -0.899869 0.2173395 0.3781525
vn -0.7050788 0.06972524 0.7056928
vn -0.9211762 0.04720538 0.386272
vn -0.6856809 0.2432359 0.6860598
vn -0.6364071 0.4368976 0.6356937
vn -0.3772013 0.2248369 0.8984251
vn -0.3505581 0.4239162 0.8351073
vn -0.3859352 0.05514067 0.9208764
vn -0.6968661 -0.1744685 0.6956568
vn -0.3774109 -0.1852229 0.9073331
vn -0.1306705 0.2886989 -0.948461
vn -0.1178259 0.5027593 -0.8563586
vn -0.1092197 0.6073709 -0.7868746
vn -0.03902711 0.4990665 -0.8656844
vn -0.03568038 0.6043906 -0.7958887
vn -0.0001030697 0.6067479 -0.7948943
vn -7.505308E-05 0.5010594 -0.865413
vn 0.03581393 0.6048585 -0.7955272
vn 0.03910385 0.4991611 -0.8656265
vn 0.1178676 0.5026456 -0.8564196
vn 0.1088299 0.6074088 -0.7868993
vn -0.6856864 0.2431992 -0.6860672
vn -0.9001061 0.2169382 -0.3778184
vn -0.921106 0.04811584 -0.386327
vn -0.7049229 0.06967147 -0.7058538
vn -0.6958791 -0.1741178 -0.6967319
vn -0.9064094 -0.192605 -0.3759324
vn -0.1398053 0.08657785 -0.9863867
vn -0.04318107 0.281947 -0.9584577
vn -4.872862E-05 0.2825332 -0.9592575
vn -0.04458044 0.07441542 -0.9962304
vn -0.04270242 -0.2445551 -0.9686946
vn -1.919294E-05 0.0747952 -0.9971989
vn 0.04334882 0.2810985 -0.9586994
vn 3.515341E-05 -0.2472216 -0.968959
vn 8.069556E-05 -0.6564855 -0.7543386
vn 0.1305622 0.2883384 -0.9485855
vn 0.04448076 0.076322 -0.9960906
vn 0.04217276 -0.2440533 -0.9688444
vn 0.1456967 -0.2191997 -0.9647404
vn 0.1397081 0.08848637 -0.9862311
vn 0.3686019 0.306241 -0.8776953
vn 0.3304936 0.5194628 -0.7879927
vn 0.6721686 0.3120944 -0.6714063
vn -0.1422574 0.1589026 -0.9769917
vn -0.1371252 -0.1367356 -0.9810709
vn -0.1225439 -0.3103354 -0.9426956
vn -0.355218 -0.2631458 -0.8969808
vn -0.04685065 -0.3415528 -0.9386942
vn -0.05034573 -0.1607612 -0.9857084
vn -0.05156866 0.1308727 -0.9900571
vn 2.409799E-05 -0.1635451 -0.9865358
vn 6.058976E-05 -0.347634 -0.9376303
vn -2.460382E-05 0.131552 -0.9913093
vn -6.200536E-05 0.3426751 -0.939454
vn 0.04963195 -0.1603896 -0.9858052
vn 0.04591436 -0.3455142 -0.9372896
vn 0.1161464 -0.3229245 -0.9392709
vn 0.05186737 0.1355058 -0.989418
vn 0.1339864 -0.1344817 -0.9818158
vn 0.3583742 -0.2716667 -0.893177
vn 0.3809085 -0.09005211 -0.920217
vn 0.05146725 0.3407868 -0.9387308
vn 0.1413155 0.1643939 -0.9762195
vn 0.139837 0.3648053 -0.9205231
vn -0.1397164 0.08847821 0.9862307
vn -0.1456843 -0.2191974 0.9647427
vn -0.04217387 -0.2440422 0.9688472
vn -7.869277E-05 -0.6564839 0.75434
vn -0.04447984 0.07632775 0.9960901
vn -3.46997E-05 -0.2472316 0.9689564
vn -0.1305775 0.2883561 0.9485781
vn -0.0433476 0.2811024 0.9586983
vn 1.894296E-05 0.07479357 0.997199
vn 4.914535E-05 0.2825437 0.9592544
vn 0.04270299 -0.2445742 0.9686898
vn 0.04318063 0.2819621 0.9584533
vn 0.04457938 0.07442819 0.9962295
vn 0.1398134 0.08657847 0.9863855
vn -0.9820175 0.1399638 0.1266961
vn -0.9445835 0.3261511 0.03724835
vn -0.9449977 0.3270769 9.144757E-05
vn -0.9803989 -0.1547017 0.1220058
vn -0.9930444 0.1112795 0.03846626
vn -0.9376146 -0.33063 0.1075296
vn -0.8952562 -0.2741862 0.3511957
vn -0.9306981 -0.3641192 0.03490346
vn -0.9829908 -0.1797642 0.03760354
vn -0.9936823 0.1122295 3.231562E-05
vn -0.9830961 -0.1830905 -3.971863E-05
vn -0.9286667 -0.3709154 -0.0001030538
vn -0.9453401 0.3239033 -0.03766674
vn -0.983052 -0.1795181 -0.03717409
vn -0.9296321 -0.3668917 -0.03427387
vn -0.9337955 -0.3434705 -0.1002692
vn -0.9927186 0.1141048 -0.03859808
vn -0.9291307 0.3482956 -0.1241223
vn -0.9812463 -0.1521828 -0.1183048
vn -0.8911373 -0.2837564 -0.3540573
vn -0.9201627 -0.09947772 -0.3786882
vn -0.9815465 0.1438767 -0.1259604
vn 0.9820178 0.1399651 -0.1266921
vn 0.9803984 -0.1547022 -0.1220096
vn 0.9376141 -0.3306302 -0.1075328
vn 0.8952571 -0.274177 -0.3512003
vn 0.9306985 -0.3641181 -0.03490392
vn 0.9829912 -0.1797618 -0.03760403
vn 0.9445838 0.3261503 -0.03724914
vn 0.9930444 0.1112794 -0.03846695
vn 0.9449981 0.3270757 -9.146587E-05
vn 0.9830963 -0.1830893 3.974569E-05
vn 0.928667 -0.3709145 0.0001031236
vn 0.9936824 0.1122291 -3.231281E-05
vn 0.9453406 0.3239019 0.03766703
vn 0.9830523 -0.1795164 0.03717461
vn 0.9296329 -0.3668896 0.03427437
vn 0.9337971 -0.3434641 0.1002764
vn 0.9927186 0.1141047 0.03859843
vn 0.9291304 0.3482959 0.1241235
vn 0.9812462 -0.152184 0.1183043
vn 0.8911389 -0.2837725 0.3540405
vn 0.9201652 -0.09947989 0.3786817
vn 0.9815465 0.1438754 0.1259615
vn 0.8809065 0.2963604 -0.3690179
vn 0.6013785 0.525552 -0.6017798
vn 0.79088 0.5128989 -0.3338316
vn 0.3036423 0.6245309 -0.7195572
vn 0.5486873 0.6294116 -0.5502575
vn 0.723054 0.6173481 -0.3099586
vn 0.1422548 0.1588918 0.9769939
vn 0.137127 -0.1367385 0.9810702
vn 0.122556 -0.3103027 0.9427047
vn 0.3552212 -0.2631441 0.89698
vn 0.04685256 -0.3415416 0.9386982
vn 0.0503479 -0.1607555 0.9857092
vn 0.05156608 0.1308975 0.990054
vn -2.409754E-05 -0.1635397 0.9865367
vn -6.006721E-05 -0.3476335 0.9376305
vn 2.509185E-05 0.1315709 0.9913067
vn 6.349284E-05 0.3426844 0.9394506
vn -0.04963529 -0.1603632 0.9858093
vn -0.04591459 -0.3455137 0.9372898
vn -0.1161747 -0.3228858 0.9392807
vn -0.05186717 0.1355102 0.9894174
vn -0.1339945 -0.1344729 0.9818159
vn -0.3583658 -0.271653 0.8931845
vn -0.3808901 -0.09007151 0.9202228
vn -0.05146435 0.3407752 0.9387352
vn -0.1413166 0.1643782 0.976222
vn -0.1398478 0.3648001 0.9205235
vn -0.83792 0.4182016 -0.3507102
vn -0.7071758 0.6408455 -0.2986963
vn -0.7819014 0.6151594 -0.1010401
vn -0.9152712 0.385267 -0.1176772
vn -0.7920503 0.6097261 -0.02984056
vn -0.9769549 0.1724628 -0.1257605
vn -0.9919694 0.01310336 -0.1257976
vn -0.9681249 -0.2215186 -0.1168913
vn -0.864544 -0.3620669 -0.3485272
vn -0.913689 -0.3936589 -0.1010204
vn -0.999287 -0.006358508 -0.03721565
vn -0.9703467 -0.2391045 -0.0354437
vn -0.9119661 -0.4089695 -0.03258501
vn -0.9106315 -0.4132195 -0.0001304931
vn -0.9701219 -0.242618 -6.30061E-05
vn -0.9126602 -0.4073765 0.03310195
vn -0.9877854 0.1512612 -0.03741692
vn -0.9999645 -0.008423392 -3.070138E-06
vn -0.9702933 -0.2392711 0.03577783
vn -0.9270505 0.3732781 -0.03522473
vn -0.9882892 0.1525923 5.343921E-05
vn -0.9263464 0.3766727 0.0001068181
vn -0.7895948 0.6136286 0.0001332969
vn -0.9992754 -0.008226562 0.03716069
vn -0.9673398 -0.2234283 0.1197231
vn -0.9165838 -0.3854192 0.1064248
vn -0.9267864 0.3739551 0.03499431
vn -0.7920277 0.6097652 0.0296416
vn -0.7809387 0.6161749 0.1022896
vn -0.9150844 0.3856926 0.1177365
vn -0.9876323 0.1523321 0.03711228
vn -0.9919667 0.01016495 0.1260899
vn -0.9768032 0.1733872 0.1256682
vn -0.9067744 -0.1948043 0.3739138
vn -0.8679985 -0.3558234 0.3463642
vn -0.8377514 0.4183047 0.3509898
vn -0.6034438 0.7524043 -0.2640895
vn -0.6818905 0.7256832 -0.09170222
vn -0.7958291 0.5968546 -0.1020819
vn -0.8644359 0.4906395 -0.1096514
vn -0.9545506 0.2725196 -0.1206906
vn -0.8725585 0.4874652 -0.03192447
vn -0.9890967 0.07165059 -0.1286622
vn -0.9976389 0.0581623 -0.0365196
vn -0.963668 0.2647321 -0.03550914
vn -0.9636229 0.2672658 6.971708E-05
vn -0.8709524 0.4913674 0.0001149431
vn -0.9651783 -0.2592931 -0.03461249
vn -0.7458686 -0.6660931 -0.0001237747
vn -0.9647139 -0.2633003 -5.513551E-05
vn -0.9983511 0.05740288 2.272006E-05
vn -0.9635573 0.2651566 0.03534565
vn -0.8726216 0.4873672 0.03169686
vn -0.8643332 0.4907314 0.1100494
vn -0.9650707 -0.2596403 0.0350069
vn -0.997708 0.05692903 0.03657845
vn -0.9545588 0.2724498 0.1207833
vn -0.9892015 0.07017149 0.1286714
vn -0.6360729 0.436969 -0.635979
vn -0.5334793 0.6550992 -0.5350186
vn -0.454546 0.7633574 -0.4589917
vn -0.6862713 -0.2395162 -0.6867777
vn -0.6659234 -0.3371667 -0.6654808
vn -0.35066 -0.3470643 -0.8698183
vn -0.3752818 -0.1868579 -0.9078809
vn -0.3507836 0.424085 -0.8349268
vn -0.2976385 0.6465127 -0.7024476
vn -0.2624264 0.7533166 -0.603031
vn -0.1292213 0.3970051 -0.9086742
vn -0.1119664 0.6241914 -0.7732067
vn -0.04463485 0.3849238 -0.9218684
vn -0.03841701 0.6170989 -0.7859472
vn -0.1027194 0.7318727 -0.6736551
vn -0.03367817 0.7256364 -0.6872537
vn -0.0001112784 0.7279922 -0.6855854
vn -8.676339E-05 0.6187798 -0.7855644
vn -7.064393E-05 0.3850813 -0.9228827
vn 0.03356402 0.7268842 -0.6859393
vn 0.03835008 0.6170461 -0.785992
vn 0.111145 0.6232256 -0.7741037
vn 0.1001536 0.7339442 -0.671785
vn -0.3858296 0.05419926 -0.9209766
vn -0.3774476 0.2251318 -0.8982477
vn -0.1188445 -0.3699399 -0.9214231
vn -0.1315447 -0.2098899 -0.9688355
vn -0.04180935 -0.3890243 -0.9202783
vn -0.04490972 -0.2242346 -0.9734999
vn -0.1377199 0.02298685 -0.9902044
vn 4.025238E-05 -0.2264751 -0.9740169
vn 7.669268E-05 -0.3933294 -0.9193976
vn -0.1374286 0.1882236 -0.9724635
vn -0.04671279 0.1677962 -0.9847143
vn -0.04656061 0.005724118 -0.998899
vn 2.659306E-08 0.005692942 -0.9999838
vn -3.768985E-05 0.1670398 -0.9859501
vn 0.04449875 -0.2239991 -0.9735729
vn 0.04121325 -0.3911343 -0.9194104
vn 0.1142977 -0.3772817 -0.9190183
vn 0.04669485 0.008264018 -0.998875
vn 0.1291792 -0.2083611 -0.9694836
vn 0.3535074 -0.3518502 -0.8667375
vn 0.377428 -0.1852236 -0.9073259
vn 0.1373894 0.02646076 -0.9901636
vn 0.3859567 0.05515615 -0.9208665
vn 0.1373026 0.1875054 -0.97262
vn 0.04729208 0.1671635 -0.9847943
vn 0.1292619 0.3953943 -0.9093705
vn 0.04492538 0.3831698 -0.9225847
vn 0.2979726 0.645304 -0.7034166
vn -0.2979694 0.6453079 0.7034146
vn -0.1111429 0.6232209 0.7741079
vn -0.1292467 0.3953931 0.9093732
vn -0.03835293 0.6170398 0.7859967
vn -0.1372883 0.1875025 0.9726226
vn -0.1373786 0.02645466 0.9901653
vn -0.1291743 -0.2083619 0.9694841
vn -0.3535007 -0.3518282 0.8667492
vn -0.114277 -0.377275 0.9190236
vn -0.04669794 0.008254659 0.9988749
vn -0.04450108 -0.2240085 0.9735706
vn -0.04121687 -0.3910992 0.9194251
vn -7.724411E-05 -0.3933207 0.9194013
vn -3.964919E-05 -0.2264752 0.9740169
vn 0.04181199 -0.3890068 0.9202855
vn -0.04729458 0.1671769 0.9847919
vn 1.03433E-06 0.00568817 0.9999838
vn 0.04491204 -0.2242257 0.9735018
vn -0.04492699 0.3831669 0.9225859
vn 3.772218E-05 0.1670442 0.9859494
vn 7.101792E-05 0.3850818 0.9228824
vn 8.768871E-05 0.6187768 0.7855669
vn 0.04656364 0.005704928 0.998899
vn 0.04671622 0.1678096 0.9847119
vn 0.04463772 0.3849287 0.9218663
vn 0.1315396 -0.2098904 0.9688361
vn 0.1188361 -0.3699303 0.921428
vn 0.1377032 0.02297922 0.990207
vn 0.1374128 0.1882254 0.9724654
vn 0.1292079 0.397007 0.9086753
vn 0.3752677 -0.1868545 0.9078874
vn 0.3506416 -0.3470496 0.8698316
vn 0.3858316 0.05418594 0.9209766
vn 0.3774355 0.2251272 0.898254
vn 0.3507695 0.4240954 0.8349275
vn -0.262063 0.7561347 0.5996526
vn -0.1001623 0.7339318 0.6717973
vn -0.5352347 0.6552059 0.5331314
vn -0.4585357 0.7629802 0.4556384
vn -0.689317 -0.2389417 0.6839218
vn -0.6680735 -0.3362769 0.6637738
vn -0.7060266 0.6422784 0.2983369
vn -0.6074033 0.7489493 0.2648321
vn -0.7952845 0.5974122 0.10306
vn -0.8034461 0.5946849 0.02870725
vn -0.8006917 0.5990766 0.0001704774
vn -0.8032182 0.5949771 -0.02902965
vn 0.6034487 0.7524018 0.2640856
vn 0.7958297 0.5968541 0.1020802
vn 0.8644357 0.4906396 0.1096524
vn 0.9545501 0.2725195 0.1206941
vn 0.8725593 0.4874639 0.0319248
vn 0.9890969 0.07165004 0.1286603
vn 0.9976389 0.05816273 0.03651993
vn 0.9636677 0.2647333 0.03550942
vn 0.963623 0.2672652 -6.959659E-05
vn 0.8709525 0.4913672 -0.000114874
vn 0.9651781 -0.2592939 0.03461294
vn 0.7458686 -0.6660931 0.0001239125
vn 0.9647141 -0.2632996 5.51317E-05
vn 0.9983511 0.05740295 -2.273316E-05
vn 0.9635575 0.2651557 -0.03534606
vn 0.8726208 0.4873687 -0.03169719
vn 0.8643324 0.4907318 -0.1100542
vn 0.9650708 -0.2596399 -0.03500725
vn 0.997708 0.0569273 -0.03657883
vn 0.954559 0.2724485 -0.1207848
vn 0.9892009 0.07017207 -0.1286754
vn 0.6360803 0.4369715 0.6359699
vn 0.5334854 0.6550959 0.5350165
vn 0.4545448 0.7633578 0.4589922
vn 0.6862598 -0.2395256 0.6867859
vn 0.6659296 -0.3371872 0.6654643
vn 0.297619 0.6465196 0.7024495
vn 0.2624212 0.753311 0.6030403
vn 0.1119723 0.6241806 0.7732146
vn 0.03841973 0.617083 0.7859597
vn 0.1027378 0.7318597 0.6736663
vn 0.03367804 0.7256358 0.6872543
vn 0.0001116235 0.7279921 0.6855856
vn -0.03356578 0.7268794 0.6859443
vn 0.7952809 0.5974162 -0.1030638
vn 0.8034436 0.5946884 -0.02870766
vn 0.8006906 0.599078 -0.0001706665
vn 0.8032195 0.5949754 0.02902995
vn 0.6968753 -0.1744646 -0.6956485
vn 0.6680775 -0.3362844 -0.663766
vn 0.6893224 -0.2389406 -0.6839167
vn 0.4585411 0.7629791 -0.4556346
vn 0.5352401 0.6552104 -0.5331205
vn 0.2620595 0.7561349 -0.5996539
vn -0.6827225 0.7245007 0.09480904
vn -0.6949723 0.7185798 0.02562365
vn -0.6909575 0.7228954 0.0001853636
vn -0.6940547 0.7194577 -0.02586007
vn -0.3850875 -0.9228801 -0.0001103434
vn -0.0942415 -0.9955447 0.003048864
vn -0.09292436 -0.9956732 -3.699435E-05
vn -0.1049332 -0.9892257 0.1020862
vn -0.003613163 -0.9956391 0.09321857
vn -1.785464E-09 -1 1.107114E-07
vn -0.0939943 -0.9955683 -0.002941319
vn -0.104292 -0.989238 -0.1026233
vn -0.003726135 -0.9956076 -0.09354989
vn -2.174873E-05 -0.9956934 0.09270805
vn 2.179733E-05 -0.9956933 -0.09270822
vn 6.867175E-05 -0.9213828 -0.3886561
vn 0.003612965 -0.9956391 -0.09321875
vn 0.1049326 -0.9892255 -0.1020883
vn 0.0942416 -0.9955447 -0.003048703
vn 0.09292445 -0.9956732 3.716557E-05
vn 0.3850873 -0.9228801 0.0001105211
vn 0.0939943 -0.9955683 0.002941572
vn 0.1042926 -0.9892382 0.1026203
vn 0.003726135 -0.9956077 0.09354876
vn -6.774065E-05 -0.9213805 0.3886617
vn -0.2194658 -0.8923054 0.3944943
vn 0.007081842 -0.8715315 0.4902884
vn 0.2011962 -0.9182867 0.3409833
vn -0.2157211 -0.9679917 0.1282826
vn 0.284133 -0.944853 0.1628536
vn -0.302242 -0.95323 0.001538724
vn 0.4155177 -0.9095842 0.001293346
vn -0.2650272 -0.9517363 -0.1547855
vn -0.7762088 -0.6304735 0.001775507
vn -0.6763558 -0.6169841 -0.402335
vn 0.3533526 -0.9139085 -0.1997828
vn -0.160015 -0.9450392 -0.285125
vn 0.2605577 -0.8605855 -0.4376098
vn 0.006968274 -0.8818357 -0.4715053
vn -0.0137385 0.8587512 -0.5122086
vn -0.2962018 0.7756735 -0.5573107
vn -0.2016943 0.3946484 -0.8964218
vn -0.01739725 0.4863952 -0.8735657
vn -7.250613E-05 0.8605835 -0.5093094
vn -0.1163911 -0.05903874 -0.9914472
vn -0.3765276 0.2891146 -0.8801363
vn -0.2231137 -0.1279362 -0.9663605
vn -0.0001347725 0.4905887 -0.8713912
vn 0.01381375 0.8588076 -0.5121119
vn -0.0197647 -0.005035946 -0.9997919
vn -0.06401979 -0.5119409 -0.8566318
vn -0.01921037 -0.4944519 -0.8689926
vn -0.0001683314 -0.0007775024 -0.9999997
vn -0.0001587608 -0.4923842 -0.870378
vn 0.01753656 0.4864241 -0.8735468
vn 0.0199375 -0.005097816 -0.9997882
vn 0.01937325 -0.4945495 -0.8689336
vn 0.06350364 -0.5117642 -0.8567758
vn 0.1170224 -0.05934399 -0.9913546
vn 0.2021545 0.3944212 -0.8964182
vn 0.2961665 0.7756976 -0.5572958
vn 0.5505593 0.6294339 -0.5483588
vn 0.3771079 0.2887407 -0.8800104
vn 0.2230915 -0.1279232 -0.9663674
vn 0.02177575 -0.1980744 -0.9799451
vn -0.490512 -0.0603856 -0.8693397
vn -0.47072 -0.2215474 -0.8540137
vn 0.01149416 -0.05644996 -0.9983393
vn -0.4997295 -0.001772586 -0.8661797
vn 0.0003876457 -0.001778177 -0.9999983
vn -0.5080539 0.04228222 -0.8602868
vn 0.5080252 -0.1783626 -0.8426726
vn 0.4496154 -0.4978987 -0.7415814
vn 0.02130831 -0.5389339 -0.8420785
vn 0.5080208 -0.0530869 -0.8597073
vn 0.8593864 -0.1662933 -0.4835302
vn 0.8678459 -0.05106375 -0.4942024
vn 0.5003131 -0.001789084 -0.8658427
vn 0.8661338 -0.001792866 -0.4998091
vn -0.01046935 0.0385491 -0.9992018
vn 0.4924079 0.03563894 -0.8696346
vn 0.8633262 0.03399698 -0.5034999
vn 0.7879376 0.2927241 -0.5417259
vn 0.3814331 0.2568883 -0.8879849
vn -0.104496 0.2087521 -0.9723698
vn -0.5503278 0.1558635 -0.8202718
vn -0.1783395 0.3240699 -0.9290715
vn 0.2662254 0.4219111 -0.8666689
vn -0.01296682 0.8593812 0.511171
vn -0.2973132 0.775655 0.5567442
vn -0.3421422 0.9396478 -0.000859428
vn -0.01171881 0.9999309 -0.0009479679
vn 7.341367E-05 0.8605818 0.5093122
vn 0.01289064 0.8593233 0.5112702
vn 0.01171881 0.999931 -0.0008042667
vn 0.3418601 0.9397504 -0.0008598281
vn 0.2972607 0.7756829 0.5567335
vn 0.953223 0.3022659 -0.001053796
vn 0.9994321 0.03369286 0.0003937811
vn 0.9999984 -0.001789017 -1.573974E-05
vn 0.79212 0.2832424 0.5406659
vn 0.8399032 0.5427277 -0.003041475
vn 0.6574066 0.5211088 0.5442997
vn 0.8629127 0.03469688 0.5041606
vn 0.8661453 -0.001780654 0.4997892
vn 0.9987177 -0.05062463 0.0002535324
vn 0.5003191 -0.001773652 0.8658393
vn 0.4918443 0.03702002 0.8698958
vn 0.5079986 -0.0544269 0.8596367
vn 0.8676315 -0.05177666 0.4945046
vn 0.5072544 -0.1828317 0.8421791
vn 0.8582721 -0.1685724 0.4847187
vn 0.9866218 -0.1630231 0.0009803569
vn 0.7673934 -0.472873 0.433011
vn 0.8869172 -0.4619261 0.001462043
vn 0.7049964 0.7092108 -0.0003336893
vn 0.7751111 0.3095513 0.5508001
vn 0.5893693 0.5929762 0.5486557
vn 0.9143135 0.4050069 0.0005807205
vn 0.5887088 0.5934473 -0.5488553
vn 0.773981 0.3130931 -0.5503873
vn 0.3968692 0.7320863 -0.5536646
vn 0.4991963 0.8664885 -0.000918075
vn 0.2200322 0.8137055 -0.5380234
vn 0.2936671 0.9559068 -0.001325233
vn 0.461921 0.08969612 0.8823738
vn 0.3179042 0.3201535 0.8924341
vn 0.3998906 0.7310167 0.5529033
vn 0.1673076 0.4241108 0.8900215
vn 0.2130172 0.8172272 0.535503
vn 0.02421634 0.4977745 0.8669684
vn 0.08560299 -0.5185404 0.8507573
vn 0.09279339 -0.5369944 0.8384667
vn 0.07873442 -0.8720177 0.4831004
vn 0.07418007 -0.8657036 0.4950299
vn 0.01740035 -0.8618023 0.5069458
vn 0.019411 -0.4952681 0.8685233
vn 0.0001591064 -0.4923854 0.8703773
vn 9.913434E-05 -0.861523 0.5077185
vn -0.8742003 0.09371948 0.4764352
vn -0.8794605 0.1265782 0.4588324
vn -0.5857412 0.2410962 0.7738087
vn -0.5477424 0.143182 0.824304
vn -0.1942768 0.3487374 0.9168636
vn -0.09795158 0.1937142 0.9761559
vn -0.4419985 -0.739898 0.5071373
vn -0.2145078 -0.4554914 0.8640104
vn -0.1726896 -0.5228567 0.8347449
vn -0.483675 -0.6989444 0.5268161
vn -0.5379057 -0.8429939 0.004337861
vn -0.3175367 -0.3257224 0.8905478
vn -0.6007366 -0.7994459 0.001335398
vn -0.5843001 -0.6002409 0.5461723
vn -0.3979848 -0.2579707 0.8803745
vn -0.6974277 -0.716655 0.000345358
vn -0.656807 -0.5289213 0.5374447
vn -0.482305 -0.2004133 0.8527699
vn -0.7740456 -0.6331291 -0.001023888
vn -0.7198315 -0.4668818 0.5136771
vn -0.8122787 -0.5832539 -0.004264744
vn -0.8744323 0.09921085 -0.474895
vn -0.8774539 0.1193251 -0.4645816
vn -0.9977755 0.06666351 -0.000129393
vn -0.9976051 0.0691636 0.0005938575
vn -0.9988542 0.0478555 0.0005190981
vn -0.8682802 0.04586303 -0.4939494
vn -0.8659388 -0.001775696 -0.5001467
vn -0.8678578 0.0471542 0.4945698
vn -0.9999984 -0.001780568 -1.383477E-05
vn -0.8614107 -0.06383816 -0.5038813
vn -0.5078207 0.04421703 0.8603272
vn -0.8659505 -0.001783609 0.5001264
vn -0.4997426 -0.001782519 0.8661721
vn -0.9978467 -0.06558961 0.0003433169
vn -0.8345339 -0.2423712 -0.4947822
vn -0.9676219 -0.2524008 0.001265368
vn -0.8610142 -0.06484448 0.5044301
vn -0.491126 -0.06110936 0.8689424
vn -0.8324429 -0.2464225 0.4963011
vn -0.4691844 -0.2285599 0.8530102
vn -0.6739221 -0.6183049 0.4043861
vn -0.4177098 -0.7627155 -0.4937445
vn -0.4966679 -0.6893595 -0.5273561
vn -0.5765622 0.2220928 -0.7862893
vn -0.3901994 -0.5827935 -0.7128087
vn 0.1943477 -0.3224718 -0.9264129
vn 0.107122 -0.1639829 -0.9806296
vn -0.2281639 -0.4413319 -0.8678522
vn -0.1458681 -0.55506 -0.8189206
vn 0.1380864 -0.5534016 -0.8213884
vn 0.05279948 -0.8657119 -0.49775
vn 0.1222212 -0.8777587 -0.4632512
vn 0.01703549 -0.8619992 -0.5066234
vn -0.0001002473 -0.8615248 -0.5077154
vn -0.01693233 -0.8619213 -0.5067593
vn -0.05750888 -0.8660215 -0.4966886
vn -0.142655 -0.5547372 -0.8197049
vn -0.1360341 -0.8778793 -0.4591544
vn -0.4496274 -0.2259658 -0.8641613
vn -0.1192622 0.08531052 -0.9891909
vn -0.1919133 0.1222197 -0.9737719
vn -0.4120906 -0.2436217 -0.8779691
vn -0.6940843 -0.4922126 -0.525332
vn -0.668121 -0.5147471 -0.5372613
vn -0.318457 -0.3244241 -0.8906931
vn -0.5851125 -0.5996337 -0.5459697
vn 0.668241 0.5027933 -0.5483183
vn 0.0382193 0.4898385 -0.8709751
vn 0.161483 0.4275503 -0.8894514
vn 0.3171605 0.3214151 -0.8922452
vn -0.001438933 -0.0004841721 -0.9999988
vn 0.4588857 0.0968437 -0.8832017
vn 0.8637319 0.02242727 -0.5034523
vn 0.5523267 -0.1232211 -0.8244706
vn 0.114517 -0.9933947 0.0072649
vn 0.06836116 -0.9976596 0.001487501
vn 0.01591747 -0.9998731 0.0005734764
vn -0.01750235 -0.8618782 0.5068131
vn -0.01591747 -0.9998732 0.0003971095
vn -0.08117747 -0.8659922 0.4934245
vn -0.07740827 -0.9969985 0.001377376
vn -0.1323992 -0.9911654 0.007849271
vn -0.08806978 -0.8723471 0.4808891
vn 0.996573 0.08270349 0.00154804
vn 0.8613245 0.03028169 0.5071521
vn 0.5448569 -0.1078657 0.8315624
vn 0.6330003 0.7741516 3.6513E-05
vn 0.5494961 0.6299196 0.5488672
vn 0.368529 0.2919836 0.8825712
vn 0.2064384 0.3906533 0.8970916
vn 0.0163169 0.4861417 0.8737277
vn 0.0001344753 0.4905894 0.8713909
vn -0.2155607 0.1379983 0.9666902
vn -0.1090811 0.07733071 0.9910203
vn -0.0006488385 -0.0020866 0.9999976
vn 0.1145312 -0.1757659 0.9777468
vn 0.1771635 -0.2971248 0.938259
vn 0.1977432 -0.1162145 0.9733405
vn 0.1291621 -0.0675016 0.9893234
vn 0.01920084 -0.006258545 0.999796
vn 0.0001685948 -0.0007771192 0.9999997
vn -0.01645554 0.4861653 0.8737119
vn -0.01937351 -0.006312341 0.9997924
vn -0.01957418 -0.4953728 0.8684599
vn -0.2061316 0.3908206 0.8970892
vn -0.1291948 -0.06747007 0.9893212
vn -0.08793689 -0.5191568 0.8501432
vn -0.09380505 -0.5372905 0.8381644
vn -0.1965304 -0.1155138 0.9736695
vn -0.3676816 0.2925596 0.8827339
vn 0.2481128 0.4460603 0.8599246
vn 0.388158 0.2429699 0.8889876
vn -0.01071076 0.04042934 0.9991249
vn 0.0003816691 -0.00177565 0.9999983
vn 0.01283418 -0.05726611 0.9982765
vn 0.02407148 -0.2049773 0.9784707
vn -0.3874674 -0.5856311 0.7119728
vn 0.02191222 -0.542949 0.8394797
vn 0.4474715 -0.5018353 0.7402233
vn 0.8682805 0.04586305 -0.4939489
vn 0.8742746 0.1079828 -0.4732692
vn 0.5486577 0.1522871 -0.8220605
vn 0.5080547 0.04228239 -0.8602864
vn 0.499727 -0.001781023 -0.8661811
vn 0.8659391 -0.001785612 -0.5001462
vn 0.09666853 0.1947089 -0.9760858
vn 0.5740555 0.2168105 -0.7895907
vn 0.1642718 0.3004516 -0.9395444
vn -0.3950615 0.232576 -0.8887265
vn -0.2958271 0.3798071 -0.876489
vn 0.01046981 0.03854918 -0.9992018
vn -0.4924044 0.03563908 -0.8696366
vn -0.5003104 -0.001794133 -0.8658442
vn -0.5079842 -0.05443765 -0.8596445
vn 0.4899031 -0.06200932 -0.8695688
vn 0.8610117 -0.06487627 -0.5044302
vn 0.8324362 -0.2464495 -0.496299
vn 0.4682998 -0.2277117 -0.8537228
vn -0.01194301 -0.05814954 -0.9982364
vn -0.02283309 -0.2041308 -0.9786773
vn -0.5072528 -0.1828627 -0.8421733
vn 0.3874674 -0.5856295 -0.7119741
vn -0.02191242 -0.5429494 -0.8394794
vn -0.2605545 -0.8605877 0.4376073
vn -0.00696884 -0.8818354 0.4715058
vn 0.1600144 -0.9450399 0.2851229
vn -0.280915 -0.9464992 0.1588267
vn 0.2112977 -0.9696001 0.1234053
vn -0.4155183 -0.9095839 -0.001293579
vn 0.3022419 -0.95323 -0.001538641
vn -0.3575319 -0.9111407 -0.2049234
vn 0.2706699 -0.9491205 -0.1609598
vn -0.2011965 -0.9182858 -0.3409855
vn 0.2194686 -0.8923038 -0.3944966
vn -0.007082487 -0.8715318 -0.4902878
vn -0.8633241 0.03399695 -0.5035034
vn -0.8016598 0.2581732 -0.5391551
vn -0.9647301 0.263239 -0.001017938
vn -0.9994321 0.0336928 0.0003929398
vn -0.8661323 -0.001798802 -0.4998116
vn -0.8052857 0.2492476 0.5379503
vn -0.8814431 0.4722825 -0.002685359
vn -0.6985962 0.4591788 0.5487424
vn -0.8629144 0.03469695 0.5041574
vn -0.8661455 -0.001787662 0.4997888
vn -0.9987161 -0.05065665 -0.0002824159
vn -0.8676207 -0.05179409 -0.4945218
vn -0.8582672 -0.168599 -0.4847181
vn -0.5003246 -0.001784257 0.8658361
vn -0.4918474 0.03702028 0.869894
vn -0.5080266 -0.05314398 0.8597004
vn -0.8678483 -0.05111479 0.4941929
vn -0.9866177 -0.163048 -0.0009807025
vn -0.7673924 -0.472872 -0.4330139
vn -0.8869174 -0.4619257 -0.001461823
vn -0.8593824 -0.1663182 0.4835289
vn -0.5080271 -0.1783824 0.8426673
vn -0.7697297 -0.4705038 0.4314424
vn -0.7049961 0.7092111 -0.0003344936
vn -0.5893703 0.592976 0.5486549
vn -0.765076 0.3313545 0.5521439
vn -0.9029261 0.4297954 0.0005245855
vn -0.5887075 0.5934477 -0.5488564
vn -0.7639206 0.3346959 -0.5517281
vn -0.3171596 0.3214147 -0.8922457
vn -0.4520163 0.11066 -0.885119
vn -0.1680748 0.42346 -0.8901868
vn -0.4022047 0.7289745 -0.5539201
vn -0.504093 0.8636489 -0.0009022474
vn -0.2309219 0.8096588 -0.5395625
vn -0.3044069 0.9525412 -0.001260602
vn -0.4550332 0.1036987 0.8844159
vn -0.3179045 0.3201535 0.892434
vn -0.4049745 0.7280201 0.5531567
vn -0.1732842 0.4203579 0.8906581
vn -0.2244674 0.8129928 0.5372682
vn -0.03783105 0.4909535 0.870364
vn 0.8740861 0.1022719 0.4748831
vn 0.5825387 0.2350441 0.7780765
vn 0.8787266 0.1442429 0.4550094
vn 0.5461597 0.140372 0.8258361
vn 0.1789745 0.3233607 0.9291965
vn 0.09065565 0.1808313 0.9793271
vn 0.3889674 -0.7778903 0.4935494
vn 0.1562496 -0.5396889 0.8272375
vn 0.2048642 -0.4654136 0.861058
vn 0.4558881 -0.7213809 0.5213211
vn 0.4583963 -0.8887306 0.005545974
vn 0.3175364 -0.3257222 0.890548
vn 0.5631316 -0.8263661 0.001363496
vn 0.5842997 -0.6002406 0.546173
vn 0.3855503 -0.2686002 0.8827258
vn 0.6974278 -0.716655 0.0003460762
vn 0.6373124 -0.5492122 0.5405542
vn 0.4526203 -0.2262812 0.8625147
vn 0.7497526 -0.6617176 -0.000930357
vn 0.6778674 -0.5148706 0.5247894
vn 0.7664908 -0.642248 -0.003086192
vn 0.9952578 0.09727107 -0.0004740531
vn 0.8769352 0.1362151 -0.4609013
vn 0.9964226 0.08450766 0.0005369691
vn 0.9988542 0.04785565 0.0005205011
vn 0.8678573 0.04715422 0.4945706
vn 0.50782 0.04421711 0.8603277
vn 0.86595 -0.001794158 0.5001274
vn 0.4997379 -0.001795155 0.8661748
vn 0.9978444 -0.06562357 -0.0003459197
vn 0.8614107 -0.06387731 0.5038761
vn 0.4905116 -0.06042653 0.8693371
vn 0.4707157 -0.221566 0.8540113
vn 0.8345295 -0.242396 0.4947774
vn 0.9676161 -0.2524232 -0.00126412
vn 0.6763558 -0.6169857 0.4023325
vn 0.7762079 -0.6304744 -0.001775652
vn 0.3591286 -0.8022687 -0.476856
vn 0.4712067 -0.7106326 -0.5224611
vn 0.5851126 -0.5996339 -0.5459692
vn 0.6462984 -0.538337 -0.5408249
vn 0.3184571 -0.3244242 -0.890693
vn 0.397163 -0.2568189 -0.881082
vn 0.656651 -0.5333849 -0.5332073
vn 0.4250409 -0.2464847 -0.8709682
vn -0.1923156 -0.3165714 -0.9288688
vn 0.219865 -0.4499412 -0.8655705
vn -0.1054512 -0.1602737 -0.9814237
vn 0.1255679 -0.5740933 -0.8091041
vn -0.7075076 0.4417632 -0.5516144
vn -0.8554659 0.06815378 -0.5133548
vn -0.5427902 -0.09546398 -0.8344252
vn -0.5506467 0.6293508 -0.5483665
vn -0.6334644 0.7737718 3.812124E-05
vn -0.0505297 0.483695 -0.8737768
vn 0.1757359 0.1117874 -0.9780698
vn 0.1098445 0.07853666 -0.9908412
vn 0.001438811 -0.0004840266 -0.9999988
vn -0.9906948 0.1360953 0.001352601
vn -0.8529152 0.07553076 0.5165567
vn -0.5352236 -0.08057695 0.8408585
vn -0.5495597 0.6298628 0.548869
vn 0.1965283 0.1253905 0.9724474
vn 0.1010602 0.07156532 0.992303
vn 0.0006487237 -0.002086569 0.9999976
vn -0.1130442 -0.172424 0.9785147
vn -0.1742669 -0.2906817 0.9408162
vn -0.2795791 0.4025974 0.8716369
vn -0.4010579 0.2195907 0.8893439
vn -0.4474709 -0.5018324 -0.7402257
vn 0.01071007 0.04042936 0.999125
vn -0.01147214 -0.05650365 0.9983365
vn -0.02177374 -0.1980961 0.9799407
vn -0.4496149 -0.4979016 0.7415797
vn -0.02130803 -0.5389336 0.8420787
vn 0.3901994 -0.5827958 0.7128068
vn 0.7697279 -0.4705044 -0.4314446
vn 0.6739204 -0.6183057 -0.4043875
vn 0.6935678 0.2597155 -0.6719461
vn 0.609641 0.49707 -0.6174619
vn 0.1474146 0.5194659 -0.8416793
vn 0.1849253 0.277766 -0.9426817
vn -0.1265412 0.5337042 -0.8361502
vn 0.1761256 -0.2733101 -0.9456645
vn 0.7034609 -0.2561807 -0.6629586
vn 0.6320565 -0.5022293 -0.5901443
vn 0.1265422 -0.5337049 -0.8361495
vn -0.1849231 -0.2777654 -0.9426823
vn -0.1474131 -0.519465 -0.8416801
vn -0.1761236 0.2733096 -0.945665
vn -0.6320561 0.5022278 -0.5901461
vn -0.7034594 0.25618 -0.6629605
vn -0.6935666 -0.2597147 -0.6719477
vn -0.6096412 -0.4970695 -0.6174622
vn 0.8778276 -0.4392795 -0.1909249
vn 0.9448438 -0.2347178 -0.2284244
vn 0.8783895 -0.4748901 -0.05395731
vn 0.9603423 0.1598425 -0.228458
vn 0.7146797 0.1519328 -0.6827514
vn 0.5829046 0.5816952 -0.5673209
vn 0.7139423 0.6749752 -0.1862657
vn 0.9797848 0.1890913 -0.06531569
vn 0.7082177 0.7048874 -0.03951397
vn 0.7100441 0.7027835 0.04396275
vn 0.965816 -0.2504197 -0.06700396
vn 0.97851 0.1947087 0.06787238
vn 0.9673336 -0.2454084 0.06356502
vn 0.8732219 -0.4851276 0.04620274
vn 0.8696266 -0.4567939 0.1873202
vn 0.9600017 0.1657076 0.2256939
vn 0.7166037 0.6731981 0.1824377
vn 0.5829042 0.5816942 0.5673222
vn 0.7146785 0.1519312 0.6827529
vn 0.9468474 -0.2272528 0.2276755
vn 0.6096409 -0.4970692 0.6174628
vn 0.6935666 -0.2597146 0.6719477
vn 0.1474144 -0.5194653 0.8416797
vn 0.1849248 -0.2777655 0.9426818
vn -0.1265417 -0.5337044 0.83615
vn 0.1761252 0.2733098 0.9456646
vn 0.7034598 0.25618 0.6629601
vn 0.6320571 0.5022277 0.5901451
vn 0.1265423 0.5337045 0.8361499
vn -0.1849237 0.2777655 0.9426821
vn -0.1474136 0.5194654 0.8416798
vn -0.1761242 -0.2733099 0.9456649
vn -0.6320557 -0.5022292 0.5901452
vn -0.7034606 -0.2561806 0.662959
vn -0.6935679 0.2597154 0.671946
vn -0.6096414 0.4970694 0.617462
vn 0.8778277 0.4392789 0.1909257
vn 0.9448435 0.2347178 0.2284259
vn 0.8783894 0.4748901 0.05395794
vn 0.9603422 -0.1598415 0.2284588
vn 0.7146788 -0.1519296 0.682753
vn 0.5829049 -0.5816939 0.5673218
vn 0.7139425 -0.6749753 0.1862642
vn 0.9797848 -0.1890908 0.06531641
vn 0.7082177 -0.7048874 0.03951451
vn 0.7100447 -0.7027829 -0.04396267
vn 0.9658159 0.2504197 0.06700465
vn 0.9785104 -0.194707 -0.06787169
vn 0.9673336 0.2454084 -0.06356431
vn 0.873222 0.4851276 -0.04620211
vn 0.8696266 0.4567939 -0.1873202
vn 0.9600021 -0.1657071 -0.2256925
vn 0.7166039 -0.6731981 -0.1824369
vn 0.5829052 -0.5816948 -0.5673206
vn 0.71468 -0.1519311 -0.6827514
vn 0.9468477 0.2272529 -0.2276743
vn -0.8778287 -0.4392777 0.1909235
vn -0.9448445 -0.2347169 0.2284228
vn -0.8783895 -0.47489 0.05395689
vn -0.9468482 0.2272519 0.2276732
vn -0.8696275 0.4567923 0.18732
vn -0.9673337 0.2454081 0.06356411
vn -0.873222 0.4851277 0.04620127
vn -0.8783898 0.4748895 -0.05395754
vn -0.965816 -0.2504197 0.06700396
vn -0.9658159 0.2504197 -0.06700466
vn -0.9673334 -0.245409 -0.0635648
vn -0.8732208 -0.4851298 -0.04620187
vn -0.8696269 -0.4567944 -0.1873175
vn -0.9448441 0.2347169 -0.2284243
vn -0.8778288 0.4392772 -0.1909243
vn -0.9468479 -0.2272527 -0.2276738
vn -0.1780051 -0.2016105 0.9631549
vn -0.7146796 -0.1519328 0.6827514
vn -0.5829041 -0.581696 0.5673204
vn -0.1358121 -0.7220011 0.6784317
vn 0.1780061 -0.2016101 0.9631549
vn 0.1358121 -0.7220009 0.6784319
vn -0.9603425 -0.159842 -0.2284576
vn -0.7146783 -0.1519312 -0.6827531
vn -0.5829038 -0.5816951 -0.5673218
vn -0.713942 -0.6749759 -0.1862642
vn -0.9797848 -0.1890912 -0.0653164
vn -0.7082176 -0.7048876 -0.03951455
vn -0.7100441 -0.7027835 0.04396224
vn -0.9785101 -0.1947087 0.06787167
vn -0.9600023 -0.165708 0.2256911
vn -0.7166035 -0.6731986 0.1824363
vn 0.1780066 -0.2016105 -0.9631546
vn 0.1358126 -0.722001 -0.6784316
vn -0.1780046 -0.2016101 -0.9631551
vn -0.1358116 -0.7220008 -0.678432
vn 0.1780062 0.2016103 0.9631548
vn 0.1358127 0.7220008 0.6784319
vn -0.1780052 0.2016104 0.9631549
vn -0.1358126 0.7220009 0.6784318
vn -0.5829045 0.5816958 0.5673203
vn -0.7146796 0.1519328 0.6827514
vn -0.9603427 0.1598424 0.2284564
vn -0.7139422 0.6749756 0.1862647
vn -0.979785 0.1890904 0.0653159
vn -0.7082185 0.7048866 0.03951462
vn -0.7100444 0.7027832 -0.04396278
vn -0.97851 0.1947087 -0.06787238
vn -0.9600021 0.1657075 -0.2256922
vn -0.7166035 0.6731986 -0.1824363
vn -0.5829038 0.5816951 -0.5673218
vn -0.7146783 0.1519312 -0.6827531
vn -0.1780046 0.2016101 -0.9631551
vn -0.1358116 0.7220008 -0.678432
vn 0.1780067 0.2016107 -0.9631546
vn 0.1358132 0.722001 -0.6784315
vn 0.1978233 -0.9801851 -0.01015646
vn 0.1858873 -0.9658331 -0.180589
vn -0.1830253 -0.966185 -0.1816264
vn -0.195056 -0.9807546 -0.008588719
vn 0.195056 -0.9807546 0.00858855
vn -0.1978231 -0.9801851 0.01015636
vn 0.1830258 -0.966185 0.1816264
vn -0.1858866 -0.9658332 0.1805889
vn 0.1978233 0.9801851 0.01015642
vn 0.1858873 0.9658331 0.1805892
vn -0.1830253 0.9661851 0.1816263
vn -0.1950553 0.9807547 0.008588546
vn 0.195056 0.9807546 -0.0085884
vn -0.1978229 0.9801852 -0.0101565
vn 0.183026 0.9661849 -0.1816265
vn -0.1858865 0.9658332 -0.180589
vn -0.7726665 0.2124136 -0.5982199
vn -0.7286875 0.412966 -0.5463275
vn -0.9208137 0.3749156 -0.107426
vn -0.9719304 0.1973109 -0.1281394
vn -0.9177043 0.3863528 0.09246732
vn -0.9736325 -0.193206 -0.1212895
vn -0.7647744 -0.2115489 -0.608578
vn -0.7069088 -0.4194728 -0.5694932
vn -0.9177043 -0.3863528 -0.09246732
vn -0.9719304 -0.1973109 0.1281394
vn -0.9208137 -0.3749156 0.107426
vn -0.9736325 0.193206 0.1212895
vn -0.7069088 0.4194728 0.5694932
vn -0.7647744 0.2115489 0.608578
vn -0.7726664 -0.2124136 0.5982199
vn -0.7286875 -0.412966 0.5463275
vn -0.279818 -0.4295379 -0.858603
vn -0.3314941 -0.2284039 -0.9153925
vn -0.08133142 -0.4740659 -0.876725
vn -0.3319237 0.1557539 -0.9303588
vn -0.7795895 0.1223303 -0.6142275
vn -0.684522 0.5116531 -0.5192694
vn -0.2736214 0.6614934 -0.6982535
vn -0.09824339 0.1887651 -0.9770957
vn -0.05967061 0.7046306 -0.7070609
vn 0.06630351 0.7025065 -0.708582
vn -0.1007651 -0.2499088 -0.963012
vn 0.1020429 0.1942199 -0.9756361
vn 0.09562543 -0.2451074 -0.9647685
vn 0.06974792 -0.4845167 -0.871997
vn 0.275772 -0.4470631 -0.8509315
vn 0.3279371 0.1617844 -0.9307433
vn 0.2680238 0.6602455 -0.7015976
vn 0.6845232 0.5116524 -0.5192686
vn 0.7795901 0.1223285 -0.6142271
vn 0.3309189 -0.2212842 -0.9173473
vn 0.7286894 -0.4129642 -0.5463262
vn 0.7726673 -0.2124127 -0.5982192
vn 0.9208142 -0.3749148 -0.1074254
vn 0.9719303 -0.1973109 -0.1281398
vn 0.9177045 -0.3863528 0.09246673
vn 0.9736326 0.1932057 -0.1212894
vn 0.7647749 0.211548 -0.6085778
vn 0.7069094 0.4194717 -0.5694932
vn 0.9177045 0.3863528 -0.09246569
vn 0.9719302 0.1973109 0.1281409
vn 0.920814 0.3749148 0.1074264
vn 0.9736325 -0.1932057 0.1212904
vn 0.7069091 -0.4194715 0.5694938
vn 0.7647744 -0.2115478 0.6085784
vn 0.7726668 0.2124126 0.5982198
vn 0.7286891 0.412964 0.5463268
vn 0.2798185 0.4295377 -0.8586029
vn 0.3314953 0.2284039 -0.915392
vn 0.08133227 0.474066 -0.8767249
vn 0.3319247 -0.1557537 -0.9303584
vn 0.7795902 -0.1223285 -0.6142271
vn 0.6845232 -0.5116524 -0.5192686
vn 0.2736214 -0.6614935 -0.6982533
vn 0.09824443 -0.1887652 -0.9770955
vn 0.05967123 -0.7046308 -0.7070607
vn -0.06630283 -0.7025064 -0.7085822
vn 0.1007661 0.2499089 -0.9630118
vn -0.1020418 -0.1942198 -0.9756363
vn -0.09562442 0.2451073 -0.9647686
vn -0.06974718 0.4845165 -0.8719972
vn -0.275772 0.4470629 -0.8509316
vn -0.3279361 -0.1617845 -0.9307436
vn -0.2680238 -0.6602454 -0.7015976
vn -0.684522 -0.5116531 -0.5192694
vn -0.7795895 -0.1223303 -0.6142275
vn -0.3309179 0.2212842 -0.9173476
vn 0.2798184 -0.4295376 0.8586031
vn 0.3314952 -0.2284039 0.915392
vn 0.0813314 -0.474066 0.876725
vn 0.3309188 0.2212841 0.9173474
vn 0.2757718 0.447063 0.8509316
vn 0.09562447 0.2451074 0.9647685
vn 0.06974707 0.4845167 0.8719971
vn -0.08133239 0.474066 0.8767249
vn 0.1007652 -0.249909 0.9630119
vn -0.1007663 0.2499089 0.9630118
vn -0.09562556 -0.2451074 0.9647684
vn -0.06974803 -0.4845167 0.871997
vn -0.2757721 -0.447063 0.8509315
vn -0.3314943 0.2284039 0.9153923
vn -0.279818 0.4295379 0.858603
vn -0.3309181 -0.2212842 0.9173475
vn 0.9828902 -0.1384954 0.121432
vn 0.7795897 -0.1223285 0.6142277
vn 0.6845229 -0.5116522 0.5192692
vn 0.7826849 -0.6127682 0.1091769
vn 0.9828904 -0.1384954 -0.1214309
vn 0.7826849 -0.6127683 -0.1091759
vn -0.331924 -0.1557539 0.9303586
vn -0.7795895 -0.1223303 0.6142275
vn -0.684522 -0.5116531 0.5192694
vn -0.2736214 -0.6614934 0.6982534
vn -0.09824456 -0.1887652 0.9770955
vn -0.05967129 -0.7046307 0.7070608
vn 0.06630279 -0.7025065 0.708582
vn 0.1020419 -0.1942199 0.9756362
vn 0.3279369 -0.1617843 0.9307433
vn 0.2680238 -0.6602454 0.7015977
vn -0.9828904 -0.1384952 -0.1214312
vn -0.7826847 -0.6127682 -0.1091779
vn -0.9828904 -0.1384952 0.1214312
vn -0.7826846 -0.6127683 0.1091779
vn 0.9828904 0.1384954 -0.1214309
vn 0.7826849 0.6127683 -0.1091759
vn 0.9828902 0.1384954 0.121432
vn 0.7826849 0.6127682 0.1091769
vn 0.6845229 0.5116522 0.5192692
vn 0.7795897 0.1223285 0.6142277
vn 0.3319246 0.1557536 0.9303585
vn 0.2736213 0.6614934 0.6982535
vn 0.09824344 0.1887652 0.9770957
vn 0.05967052 0.7046308 0.7070608
vn -0.06630359 0.7025065 0.708582
vn -0.102043 0.1942199 0.9756361
vn -0.3279363 0.1617846 0.9307435
vn -0.2680238 0.6602454 0.7015976
vn -0.684522 0.5116531 0.5192694
vn -0.7795895 0.1223303 0.6142275
vn -0.9828904 0.1384952 0.1214312
vn -0.7826846 0.6127683 0.1091779
vn -0.9828904 0.1384952 -0.1214312
vn -0.7826847 0.6127682 -0.1091779
vn -0.01539288 -0.980131 -0.197753
vn -0.2599502 -0.947989 -0.1836915
vn -0.2615038 -0.9481302 0.1807344
vn -0.0130208 -0.9807157 0.1950058
vn 0.01302078 -0.9807157 -0.1950057
vn 0.01539286 -0.980131 0.197753
vn 0.2615045 -0.9481301 -0.1807339
vn 0.259951 -0.9479889 0.1836915
vn 0.01539306 0.980131 -0.197753
vn 0.259951 0.9479889 -0.1836912
vn 0.2615045 0.94813 0.1807343
vn 0.01302059 0.9807157 0.1950058
vn -0.0130206 0.9807157 -0.1950058
vn -0.01539307 0.980131 0.197753
vn -0.2615038 0.9481302 -0.1807344
vn -0.2599502 0.947989 0.1836915
vn -0.4998451 0.007084505 0.8660858
vn -0.8467336 0.1996689 0.4931273
vn -0.4857464 0.1868803 0.8538889
vn -0.8659214 0.01238463 0.5000266
vn -0.4927611 -0.169541 0.8534883
vn -0.9789055 0.2043134 -4.921482E-05
vn -0.6342545 0.6720544 0.3821833
vn -0.7365673 0.6763643 -5.984275E-07
vn -0.8467087 0.1995941 -0.4932005
vn -0.6342494 0.6720615 -0.3821792
vn -0.9998971 0.01434442 -4.850641E-05
vn -0.8658825 0.01246194 -0.5000922
vn -0.8534885 -0.1695452 0.4927594
vn -0.9855222 -0.1695464 -5.561537E-07
vn -0.853488 -0.1695438 -0.4927607
vn -0.6619582 -0.6447876 -0.3821783
vn -0.7643657 -0.6447829 -4.180796E-07
vn -0.6619668 -0.6447749 0.3821847
vn -0.3821814 -0.6447855 0.6619585
vn -0.3821807 -0.6447865 -0.6619579
vn -0.4927608 -0.1695415 -0.8534884
vn -3.934868E-07 -0.6447836 -0.7643653
vn -3.150237E-07 -0.169543 -0.9855228
vn -0.4998223 0.007211883 -0.8660979
vn -0.4857393 0.1867575 -0.8539198
vn -0.3547185 0.6602955 -0.6619551
vn 0.006957537 0.1692147 -0.9855547
vn 0.02712381 0.6442125 -0.7643655
vn 0.4991986 0.1516289 -0.8531175
vn 0.4089661 0.6281385 -0.6619582
vn 0.5000655 -0.007415575 -0.8659558
vn 0.4927609 -0.1695404 -0.8534886
vn 0.3821801 -0.6447899 -0.6619549
vn 0.6619595 -0.6447862 -0.3821786
vn 0.8534884 -0.1695449 -0.4927595
vn 0.7643681 -0.6447802 3.443007E-07
vn 0.9855224 -0.1695452 8.245072E-07
vn 0.8659679 -0.01286709 -0.499934
vn 0.859251 0.1387326 -0.4923829
vn 0.6884962 0.6163712 -0.3821774
vn 0.6619633 -0.6447788 0.3821842
vn 0.8534882 -0.1695435 0.4927604
vn 0.3821807 -0.6447861 0.6619583
vn 0.4927604 -0.1695409 0.8534887
vn 0.5001091 -0.007519985 0.8659298
vn 0.8659946 -0.01292185 0.4998864
vn 0.4992386 0.1517254 0.8530769
vn 0.9998891 -0.01489127 -2.633569E-05
vn 0.859273 0.138784 0.4923301
vn 0.9909783 0.1340221 -2.680451E-05
vn 0.7908128 0.6120581 5.328467E-07
vn 0.6885033 0.6163585 0.3821852
vn 0.4089659 0.628138 0.6619589
vn 1.926445E-07 -0.6447834 0.7643653
vn 2.800211E-07 -0.1695431 0.9855228
vn 0.0001824652 -0.000189323 0.9999999
vn 0.006986652 0.1693417 0.9855326
vn 0.0271233 0.6442122 0.7643658
vn -0.3547193 0.6602928 0.6619574
vn -0.1682559 0.9783109 0.1208209
vn -0.07988705 0.9745935 0.20925
vn -0.2005935 0.9796746 -1.526824E-06
vn 0.1802293 0.9803534 0.0801535
vn 0.03983532 0.9460717 0.3214987
vn 0.2004336 0.9393117 0.2784241
vn 0.2822351 0.9593452 -5.927224E-07
vn -0.1682465 0.9783139 -0.1208095
vn 0.2498855 0.9607094 -0.1208083
vn -0.07988457 0.974594 -0.2092487
vn 0.2004373 0.9393137 -0.2784148
vn 0.03982978 0.9460718 -0.3214991
vn -0.167058 -0.9812181 0.09645065
vn -0.1607431 -0.9469116 0.2784241
vn -2.785338E-06 -0.9469097 0.3214997
vn 0.1208132 -0.9703701 0.2092509
vn 0.1670595 -0.9812173 0.09645556
vn -0.24163 -0.9703684 -1.09486E-06
vn 0.2416275 -0.9703691 -6.47663E-07
vn -0.2092516 -0.9703705 -0.1208091
vn 0.2092505 -0.9703707 -0.1208096
vn -0.1208102 -0.9703718 -0.2092447
vn 0.1607474 -0.9469119 -0.2784208
vn 2.728913E-06 -0.9469097 -0.3214997
vn 0.8660846 0.007084589 0.4998472
vn 0.4931244 0.1996769 0.8467335
vn 0.8538862 0.1868937 0.4857458
vn 0.5000244 0.01238602 0.8659227
vn -4.578881E-05 0.2042941 0.9789096
vn 0.3821891 0.6720517 0.6342539
vn 3.348772E-06 0.6763539 0.7365768
vn -0.4932003 0.1995906 0.8467095
vn -0.3821872 0.6720609 0.6342453
vn -4.724793E-05 0.0143472 0.9998971
vn -0.5000898 0.01246377 0.8658839
vn -0.8660969 0.00721272 0.4998241
vn -1 -5.446929E-05 -0.0001595842
vn -0.853918 0.1867692 0.4857379
vn -0.6619584 0.6602932 0.3547168
vn -0.9855542 0.1692175 -0.006958084
vn -0.7643661 0.6442117 -0.02712362
vn -0.853116 0.1516314 -0.4992003
vn -0.6619686 0.628123 -0.4089732
vn -0.8659543 -0.007414254 -0.5000681
vn -0.4999357 -0.01286584 -0.8659669
vn -0.4923978 0.1387228 -0.859244
vn -0.382194 0.6163616 -0.6884956
vn 0.8659286 -0.007517833 -0.500111
vn 0.499884 -0.01291765 -0.8659961
vn 0.8530763 0.1517261 -0.4992394
vn -2.284894E-05 -0.01489293 -0.9998891
vn 0.4923399 0.1387733 -0.8592691
vn -2.184632E-05 0.1340167 -0.9909791
vn 2.692956E-06 0.6120754 -0.7907994
vn 0.3821893 0.6163666 -0.6884937
vn 0.6619657 0.6281281 -0.4089702
vn 0.9999999 -0.0001891569 -0.000181663
vn 0.9855322 0.1693447 -0.006986589
vn 0.7643681 0.6442094 -0.02712299
vn 0.6619584 0.6602917 0.3547195
vn 0.1208165 0.9783123 0.1682512
vn 0.209257 0.9745919 0.07988852
vn -1.819113E-06 0.979675 0.2005913
vn 0.08015142 0.9803544 -0.1802252
vn 0.3215032 0.9460704 -0.0398301
vn 0.2784367 0.9393039 -0.2004527
vn 1.746996E-06 0.959352 -0.2822122
vn -0.1208156 0.978312 0.1682538
vn -0.1208052 0.9607117 -0.2498785
vn -0.2092573 0.9745919 0.07988714
vn -0.2784346 0.9393063 -0.200444
vn -0.3215069 0.9460691 -0.03983169
vn 0.09644932 -0.9812192 0.167052
vn 0.2784359 -0.9469051 0.1607612
vn 0.3215028 -0.9469087 -8.361147E-07
vn 0.09644753 -0.9812196 -0.1670507
vn -2.050932E-06 -0.9703697 0.2416251
vn 2.058642E-06 -0.9703697 -0.2416251
vn -0.1208074 -0.9703708 0.2092514
vn -0.2092581 -0.9703684 0.1208149
vn -0.2784243 -0.9469112 -0.1607453
vn -0.3215057 -0.9469076 -1.436272E-06
vn 0.4998448 0.007084499 -0.8660861
vn 0.8467336 0.1996677 -0.4931279
vn 0.485746 0.1868803 -0.8538891
vn 0.8659213 0.01238463 -0.5000271
vn 0.9789056 0.204313 4.874766E-05
vn 0.634255 0.6720536 -0.382184
vn 0.7365677 0.6763638 3.40202E-07
vn 0.8467092 0.1995931 0.4931999
vn 0.63425 0.6720612 0.3821788
vn 0.9998971 0.01434442 4.792738E-05
vn 0.8658828 0.01246194 0.5000917
vn 0.4998223 0.007211883 0.8660979
vn 0.4857392 0.1867572 0.8539199
vn 0.354718 0.6602958 0.6619551
vn -0.006957389 0.1692147 0.9855547
vn -0.02712376 0.6442127 0.7643653
vn -0.4991989 0.1516295 0.8531172
vn -0.4089664 0.6281388 0.6619577
vn -0.5000656 -0.00741567 0.8659558
vn -0.8659676 -0.01286709 0.4999346
vn -0.8592507 0.1387341 0.492383
vn -0.6885005 0.6163625 0.3821837
vn -0.5001093 -0.007520021 -0.8659297
vn -0.8659948 -0.0129217 -0.4998862
vn -0.4992391 0.1517254 -0.8530766
vn -0.9998891 -0.0148912 2.676768E-05
vn -0.8592731 0.1387841 -0.4923298
vn -0.9909782 0.1340226 2.69211E-05
vn -0.7908143 0.6120561 -2.951149E-07
vn -0.6885035 0.6163583 -0.382185
vn -0.4089666 0.628138 -0.6619585
vn -0.0001825809 -0.0001893085 -0.9999999
vn -0.00698669 0.1693416 -0.9855326
vn -0.0271233 0.6442122 -0.7643658
vn 0.3547191 0.6602921 -0.6619582
vn 0.1682558 0.9783109 -0.1208208
vn 0.07988705 0.9745935 -0.2092503
vn 0.2005933 0.9796746 1.398205E-06
vn -0.1802294 0.9803534 -0.08015346
vn -0.0398353 0.9460717 -0.3214987
vn -0.2004339 0.9393117 -0.2784238
vn -0.2822351 0.9593452 -9.440773E-07
vn 0.1682458 0.9783141 0.1208091
vn -0.2498947 0.9607055 0.1208207
vn 0.07988424 0.9745941 0.2092485
vn -0.2004417 0.9393101 0.2784236
vn -0.03982972 0.9460717 0.3214993
vn 0.1670579 -0.9812181 -0.09645072
vn -0.1670592 -0.9812174 -0.09645527
vn 0.2092517 -0.9703705 0.120809
vn -2.559013E-07 0.9238902 0.3826576
vn -6.178349E-07 0.3827093 0.9238688
vn -6.178349E-07 -0.3827093 0.9238688
vn -0.8396619 -0.5323239 0.1076994
vn -0.9810699 -0.1447015 0.1286987
vn -0.853676 -0.1713464 0.4918106
vn -0.6986799 -0.5943612 0.3982225
vn -0.9813104 0.1430224 0.1287423
vn -0.83935 0.5328162 0.1076963
vn -0.6986372 0.5944255 0.3982014
vn -0.8540011 0.1690985 0.4920242
vn -0.05687813 0.8856536 0.4608499
vn 0.107669 0.5328194 0.8393514
vn 0.04536623 0.9063645 0.4200538
vn -0.086073 0.4798077 0.8731415
vn -0.39818 0.5943999 0.6986711
vn -0.1975042 0.9146726 0.3526557
vn 0.8356657 -0.5387836 -0.1066542
vn 0.4588902 -0.8867203 -0.05609726
vn 0.3457733 -0.9182462 -0.1930411
vn 0.6895128 -0.60891 -0.3921744
vn 0.8355483 0.5389689 -0.1066371
vn 0.9915001 0.1301055 -4.996902E-06
vn 0.9808785 0.1461212 -0.1285537
vn 0.9808472 -0.1463274 -0.1285576
vn 0.8527359 -0.1781657 -0.4910178
vn 0.1028736 0.1663839 0.98068
vn -0.1286986 0.1428337 0.9813436
vn -0.4920147 0.1691005 0.8540062
vn 0.1286993 -0.1446408 0.9810788
vn -0.128667 -0.1446647 0.9810795
vn 0.491852 -0.1713664 0.8536482
vn 0.4920579 0.1690774 0.8539858
vn 0.1076421 -0.532462 0.8395816
vn -0.1076874 -0.5325372 0.8395281
vn 0.05711909 -0.8845984 0.4628424
vn -0.04558732 -0.9056141 0.4216455
vn -0.3981494 -0.594321 0.6987557
vn -0.4917893 -0.1713003 0.8536975
vn 0.1026568 0.1690892 -0.98024
vn 0.106639 0.5387661 -0.8356789
vn -0.08524794 0.4846823 -0.8705262
vn -0.1285028 0.146112 -0.9808865
vn -0.3920956 0.6088932 -0.6895725
vn -0.490999 0.1781441 -0.8527513
vn 0.1285086 -0.1461202 -0.9808845
vn 0.4909825 0.178206 -0.8527478
vn 0.4910004 -0.1782028 -0.8527381
vn -0.1285095 -0.1461207 -0.9808843
vn 0.1066251 -0.5387645 -0.8356817
vn -0.1065936 -0.5387326 -0.8357062
vn -0.4909947 -0.1781466 -0.8527532
vn -0.392098 -0.6088787 -0.6895838
vn 0.09301375 -0.9956041 -0.0110005
vn 0.08387077 -0.9953986 -0.046339
vn -0.1160381 -0.993149 0.01379602
vn -0.462377 -0.8848372 0.05718926
vn -0.35435 -0.9137824 0.1985897
vn -0.06732979 -0.9970337 0.0372905
vn -0.1985103 -0.913792 0.3543696
vn -0.04654865 -0.9953634 0.08417185
vn 0.04630019 -0.9953957 -0.0839275
vn -0.461486 0.8853204 0.05690799
vn -0.09230492 0.9956696 0.01103538
vn -0.08411957 0.9953648 0.04661185
vn -0.352576 0.914689 0.1975706
vn -0.04654852 0.9953638 0.08416795
vn 0.1163864 0.9931084 -0.01378215
vn 0.458896 0.8867177 -0.05609112
vn 0.6895155 0.6089231 -0.3921492
vn 0.3457732 0.9182466 -0.1930389
vn 0.06700671 0.9970645 -0.03704665
vn 0.0462958 0.995396 -0.08392586
vn 0.1929842 0.9182293 -0.3458498
vn 0.04473899 0.9066703 -0.4194607
vn 0.01100503 0.9956028 -0.09302593
vn -0.009165646 0.9926095 -0.121006
vn -0.05605486 0.8866879 -0.4589579
vn -0.1929686 0.918233 -0.3458488
vn -0.3457816 0.9182451 -0.1930307
vn -0.6895311 0.6089082 -0.3921449
vn 0.01098952 0.9956673 0.09233531
vn -0.01099966 0.9896048 0.1433922
vn 0.03723741 0.9970325 0.06737615
vn -0.04628832 0.9953967 -0.08392099
vn 0.009185382 -0.9927823 0.1195779
vn -0.01099906 -0.995667 0.09233699
vn -0.01099473 -0.9956019 -0.09303737
vn 0.01100414 -0.989334 -0.1452481
vn -0.0447191 -0.9066669 -0.4194703
vn 0.05607524 -0.8866959 -0.4589399
vn 0.3921067 -0.6089284 -0.689535
vn 0.1929842 -0.9182327 -0.3458407
vn 0.8527437 0.1781591 -0.4910066
vn 0.3920771 0.6089374 -0.6895439
vn 0.8396648 -0.5323188 0.1077026
vn 0.9810698 -0.1446877 0.128715
vn 0.8536713 -0.1713379 0.4918217
vn 0.6986811 -0.5943865 0.3981827
vn 0.981308 0.1430279 0.1287543
vn 0.8393523 0.5328121 0.1076982
vn 0.6986084 0.5944532 0.3982106
vn 0.8539826 0.1691283 0.492046
vn -0.8356678 -0.5387806 -0.1066525
vn -0.4588912 -0.8867198 -0.05609635
vn -0.3457828 -0.9182454 -0.1930276
vn -0.6895359 -0.6089044 -0.3921423
vn -0.8355483 0.5389668 -0.1066476
vn -0.9808809 0.1461061 -0.1285517
vn -0.980848 -0.1463255 -0.1285539
vn -0.8527458 -0.1781489 -0.4910067
vn -0.0930139 -0.995604 -0.01100034
vn -0.08387075 -0.9953986 -0.04633901
vn 0.1160403 -0.9931487 0.01379546
vn 0.4623766 -0.8848377 0.05718381
vn 0.3543512 -0.9137852 0.1985746
vn 0.06733441 -0.9970332 0.0372937
vn 0.1984913 -0.9137843 0.3544002
vn 0.04655038 -0.9953624 0.08418261
vn -0.03701105 -0.997063 -0.06704877
vn 0.4614814 0.8853225 0.05691262
vn 0.0923085 0.9956693 0.01103453
vn 0.08411618 0.9953653 0.0466086
vn 0.3525949 0.9146814 0.1975722
vn 0.1974765 0.9146816 0.352648
vn -0.1163853 0.9931085 -0.01378361
vn -0.4588913 0.8867196 -0.05609784
vn -0.06700538 0.9970647 -0.03704522
vn 0.3981328 0.5944331 0.6986699
vn -0.8527443 0.1781547 -0.4910071
vn -0.1929728 -0.918236 -0.3458382
vn 0.3981387 -0.5943541 0.6987337
vn -2.559515E-07 -0.9238591 0.3827327
vn -0.4888054 0.8466358 -0.2104217
vn -0.3473754 0.6016726 -0.7192499
vn 5.208875E-07 0.6947518 -0.7192496
vn 2.626295E-07 0.9776109 -0.210421
vn -1.234154E-07 0.9999201 -0.01263986
vn -0.49996 0.8659562 -0.01264014
vn 0.4999601 0.8659562 -0.01263955
vn 0.4888054 0.8466359 -0.2104208
vn -0.4999602 0.8659561 0.01263929
vn -1.542693E-08 0.9999201 0.0126396
vn 0.4999599 0.8659562 0.01263995
vn 0.4888059 0.8466371 0.2104147
vn 1.567935E-08 0.9776123 0.2104144
vn -0.4888062 0.846637 0.2104144
vn -0.3473726 0.6016672 0.7192558
vn -7.792872E-08 0.6947454 0.7192557
vn 0.3473727 0.6016672 0.7192558
vn -0.6016673 0.3473726 0.7192557
vn -0.8466372 0.4888061 0.2104141
vn -0.6947452 1.476544E-07 0.7192559
vn -0.9776123 5.487775E-08 0.2104145
vn -0.9999201 -1.15702E-07 0.0126391
vn -0.8659561 0.4999603 0.01263911
vn -0.8660253 0.5000002 -5.970813E-07
vn -0.8659561 0.4999602 -0.01264033
vn -0.9999201 1.002751E-07 -0.01264036
vn -0.9776106 -3.135874E-08 -0.2104219
vn -0.8466356 0.4888056 -0.2104215
vn -0.6016716 0.3473759 -0.7192506
vn -0.6947504 -1.72262E-07 -0.7192509
vn -0.6016672 -0.3473727 0.7192557
vn -0.8466371 -0.4888062 0.2104141
vn -0.3473727 -0.6016672 0.7192558
vn -0.4888062 -0.846637 0.2104146
vn -0.4999601 -0.8659562 0.01263951
vn -0.8659561 -0.4999603 0.01263925
vn -0.8660253 -0.5000002 -4.672758E-07
vn -0.8659561 -0.4999602 -0.01264019
vn -0.4999601 -0.8659562 -0.01263992
vn -0.4888051 -0.8466359 -0.2104214
vn -0.8466358 -0.4888055 -0.2104214
vn -0.6016716 -0.3473757 -0.7192506
vn -0.3473752 -0.6016727 -0.71925
vn 6.152267E-09 -0.6947452 0.7192559
vn 1.489538E-07 -0.9776123 0.2104146
vn 0.3473724 -0.6016672 0.7192559
vn 0.4888059 -0.8466372 0.2104148
vn 0.4999599 -0.8659563 0.01264017
vn 4.628079E-08 -0.9999201 0.01263986
vn -1.542693E-08 -0.9999201 -0.0126396
vn 0.4999598 -0.8659564 -0.01263932
vn 0.4888052 -0.8466361 -0.2104205
vn 1.803128E-07 -0.9776109 -0.2104209
vn 5.085831E-07 -0.6947518 -0.7192495
vn 0.3473764 -0.6016734 -0.7192488
vn 0.6016672 -0.3473722 0.7192559
vn 0.8466372 -0.4888057 0.2104148
vn 0.6947455 -4.10151E-09 0.7192556
vn 0.9776122 1.019158E-07 0.2104148
vn 0.9999201 3.31679E-07 0.01264036
vn 0.8659563 -0.4999599 0.01264035
vn 1 -1.542721E-08 6.13352E-07
vn 0.8659566 -0.4999594 -0.01263912
vn 0.9999201 -3.548194E-07 -0.0126391
vn 0.9776111 -9.407619E-08 -0.21042
vn 0.8466364 -0.4888051 -0.2104201
vn 0.6016734 -0.3473756 -0.7192492
vn 0.6947524 2.460886E-08 -0.719249
vn 0.6016672 0.3473722 0.7192559
vn 0.8466373 0.4888056 0.2104147
vn 0.8659566 0.4999594 0.01264021
vn 0.8659563 0.4999599 -0.01263926
vn 0.8466362 0.4888052 -0.2104203
vn 0.601673 0.3473756 -0.7192494
vn 0.3473768 0.6016729 -0.719249
vn 0.8660252 0.5000003 4.54018E-07
vn 0.5000002 0.8660253 1.723509E-07
vn -0.5000002 -0.8660253 -1.883807E-07
vn -0.0386164 -0.001675359 0.9992527
vn -0.01897582 -0.493761 0.8693906
vn -0.03687139 -0.4895002 0.8712233
vn -0.01933067 -0.0007740878 0.9998128
vn -0.03798009 0.4878675 0.8720911
vn -0.0184708 0.4931645 0.8697399
vn 0.01897457 -0.4937611 0.8693905
vn 0.01932912 -0.0007739799 0.9998128
vn 0.01846952 0.4931646 0.8697399
vn 0.03797745 0.4878682 0.8720908
vn 0.03861333 -0.001675105 0.9992529
vn 0.03686902 -0.4895008 0.8712231
vn -0.03585545 0.8588985 0.5108891
vn -0.01739196 0.862206 0.5062591
vn -0.034098 0.9994172 -0.001603304
vn -0.01702974 0.9998546 -0.0008762202
vn -0.0347308 0.8588973 -0.510969
vn -0.01789722 0.8620566 -0.506496
vn 0.01739122 0.862206 0.5062592
vn 0.01702963 0.9998546 -0.0008763748
vn 0.01789782 0.8620566 -0.506496
vn 0.03473202 0.8588969 -0.5109695
vn 0.0340979 0.9994172 -0.001603582
vn 0.03585404 0.8588987 0.5108891
vn -0.03686791 0.4895075 -0.8712193
vn -0.01897377 0.4937636 -0.8693892
vn -0.03860872 0.001668573 -0.999253
vn -0.01932674 0.0007709224 -0.9998129
vn -0.03797573 -0.4878661 -0.872092
vn -0.01846905 -0.4931627 -0.869741
vn 0.01897503 0.4937635 -0.8693892
vn 0.01932829 0.0007710456 -0.9998129
vn 0.01847035 -0.4931625 -0.8697411
vn 0.03797843 -0.4878653 -0.8720924
vn 0.03861181 0.001668811 -0.9992529
vn 0.03687035 0.4895069 -0.8712196
vn -0.03585241 -0.8588969 -0.5108922
vn -0.01739011 -0.8622051 -0.5062609
vn 0.01739081 -0.862205 -0.5062609
vn 0.03585396 -0.8588964 -0.5108927
vn -0.0340976 -0.9994172 0.001602376
vn -0.01702986 -0.9998546 0.0008713758
vn -0.03473436 -0.8589014 0.5109617
vn -0.01789871 -0.8620589 0.5064919
vn 0.01702988 -0.9998546 0.0008714454
vn 0.0178981 -0.862059 0.5064918
vn 0.03473315 -0.8589016 0.5109615
vn 0.03409766 -0.9994172 0.001602376
vn -0.03686555 0.489498 -0.8712248
vn 0.03686675 0.4894977 -0.8712249
vn 0.0368656 -0.4894978 0.8712249
vn -0.03686684 -0.4894978 0.8712249
vn -0.07539712 -0.1305631 -0.988569
vn -0.1634027 -0.09434694 -0.9820378
vn -0.2512369 7.333827E-06 -0.9679257
vn -0.2175997 0.1256317 -0.9679189
vn -0.07539894 0.1305523 -0.9885702
vn 1.806482E-07 0.1886783 -0.9820389
vn 1.261831E-05 -0.1886901 -0.9820367
vn 0.0943564 0.1633934 -0.9820384
vn 0.09434032 -0.163401 -0.9820387
vn 0.130539 0.07538476 -0.9885731
vn 0.1633764 -0.09434566 -0.9820423
vn 0.2512593 1.004086E-05 -0.9679198
vn -0.09433939 -0.1634006 0.9820389
vn -0.1305609 -0.07537594 0.9885709
vn -9.697957E-08 -0.1886785 0.9820389
vn -0.2512871 -2.127182E-07 0.9679126
vn -0.1634129 0.09434645 0.9820361
vn -0.06271523 0.108626 0.9921024
vn -6.275169E-08 0.1886931 0.9820361
vn 0.06271044 -0.1086176 0.9921036
vn 0.09434655 0.1634129 0.9820361
vn 0.1305628 0.07538389 0.98857
vn 0.1634003 -0.09433919 0.9820389
vn 0.2512673 2.051205E-07 0.9679177
vn 0.0753843 0.130567 -0.9885694
vn 0.1634145 0.09434647 -0.9820359
vn 0.2176218 -0.1256426 -0.9679126
vn 0.07538433 -0.1305672 -0.9885694
vn -0.09434666 -0.1634131 -0.9820361
vn -0.09434625 0.163413 -0.9820361
vn -0.1305662 -0.07538263 -0.9885696
vn -0.1634121 0.09434602 -0.9820363
vn 0.07537702 0.1305568 0.9885713
vn 0.2176041 0.1256336 0.9679177
vn 0.075377 -0.1305568 0.9885713
vn -0.09433946 0.1634006 0.9820389
vn -0.1305569 0.07537706 0.9885713
vn -0.1634005 -0.09433922 0.9820389

usemtl Color
f 1/1/1 5/1/1 4/1/1
f 5/1/1 6/1/1 4/1/1
f 11/1/1 13/1/1 12/1/1
f 13/1/1 14/1/1 12/1/1
f 80/1/1 84/1/1 83/1/1
f 84/1/1 85/1/1 83/1/1
f 90/1/1 92/1/1 91/1/1
f 92/1/1 93/1/1 91/1/1
f 154/1/91 159/19/96 156/3/93
f 166/1/106 165/3/104 163/20/100
f 179/1/93 181/1/91 183/16/96
f 203/1/125 207/1/125 206/1/125
f 207/1/125 208/1/125 206/1/125
f 213/1/125 215/1/125 214/1/125
f 215/1/125 216/1/125 214/1/125
f 227/1/125 231/1/125 230/1/125
f 231/1/125 232/1/125 230/1/125
f 237/1/125 239/1/125 238/1/125
f 239/1/125 240/1/125 238/1/125
f 260/1/148 188/17/99 261/1/149
f 298/3/149 297/1/171 299/24/99
f 321/1/179 324/17/100 323/1/106
f 334/1/185 171/12/111 172/12/112
f 336/1/186 334/1/185 172/12/112
f 142/1/80 355/12/200 356/12/201
f 144/1/82 142/1/80 356/12/201
f 182/1/88 180/1/92 377/16/172
f 155/3/92 301/23/172 151/1/88
f 215/1/1 213/1/1 216/1/1
f 213/1/1 214/1/1 216/1/1
f 470/3/247 464/5/241 465/5/242
f 471/3/248 470/3/247 465/5/242
f 471/3/248 474/3/251 470/3/247
f 474/3/251 475/3/252 470/3/247
f 476/5/253 475/3/252 474/3/251
f 477/33/254 474/3/251 471/3/248
f 478/32/255 477/33/254 471/3/248
f 479/5/256 476/5/253 474/3/251
f 207/1/1 203/1/1 208/1/1
f 203/1/1 206/1/1 208/1/1
f 494/1/272 496/1/274 499/37/278
f 495/35/273 494/1/272 499/37/278
f 518/13/297 517/13/296 519/1/298
f 517/13/296 520/1/299 519/1/298
f 526/37/305 522/35/301 525/1/304
f 502/35/281 501/37/280 529/1/308
f 525/1/304 529/1/308 527/12/306
f 529/1/308 530/12/309 527/12/306
f 239/1/1 237/1/1 240/1/1
f 237/1/1 238/1/1 240/1/1
f 231/1/1 227/1/1 232/1/1
f 227/1/1 230/1/1 232/1/1
f 561/1/340 560/1/339 564/37/344
f 560/1/339 524/35/303 564/37/344
f 570/3/351 566/3/347 572/32/353
f 566/3/347 567/33/348 572/32/353
f 5/39/125 1/39/125 6/39/125
f 1/39/125 4/39/125 6/39/125
f 602/42/363 601/42/362 599/39/360
f 604/39/365 606/42/367 605/42/366
f 604/39/365 600/39/361 607/43/368
f 619/39/379 620/39/380 618/44/378
f 13/39/125 11/39/125 14/39/125
f 11/39/125 12/39/125 14/39/125
f 645/39/1 649/39/1 648/39/1
f 649/39/1 623/39/1 648/39/1
f 652/39/1 653/39/1 625/39/1
f 653/39/1 654/39/1 625/39/1
f 736/49/452 733/42/449 734/42/450
f 730/49/446 736/49/452 734/42/450
f 718/39/437 757/44/471 717/39/436
f 603/39/364 614/43/375 599/39/360
f 760/42/474 759/42/473 758/39/472
f 765/42/479 763/39/477 764/42/478
f 761/39/475 763/39/477 766/43/480
f 779/39/492 778/39/491 777/44/490
f 92/39/125 90/39/125 93/39/125
f 90/39/125 91/39/125 93/39/125
f 84/39/125 80/39/125 85/39/125
f 80/39/125 83/39/125 85/39/125
f 802/39/1 806/39/1 805/39/1
f 806/39/1 784/39/1 805/39/1
f 809/39/1 810/39/1 782/39/1
f 810/39/1 811/39/1 782/39/1
f 877/42/560 880/49/563 878/42/561
f 880/49/563 874/49/557 878/42/561
f 901/44/583 862/39/548 861/39/547
f 773/43/487 762/39/476 758/39/472
f 904/26/586 903/59/585 902/26/584
f 902/26/584 903/59/585 905/40/584
f 905/40/584 903/59/585 906/40/586
f 906/40/586 903/59/585 904/26/586
f 1559/104/1280 1560/104/1281 1558/104/1279
f 1559/104/1280 1561/104/1282 1560/104/1281
f 1796/104/1538 1797/104/1539 1795/104/1537
f 1796/104/1538 1798/104/1540 1797/104/1539
f 3023/286/2017 3020/283/2014 3021/284/2015
f 3023/286/2017 3022/285/2016 3020/283/2014
f 3032/289/2026 3036/289/2030 3035/289/2029
f 3032/289/2026 3037/289/2031 3036/289/2030
f 3107/286/2077 3104/283/2074 3105/284/2075
f 3107/286/2077 3106/285/2076 3104/283/2074
f 3116/289/2086 3120/289/2089 3119/289/2034
f 3116/289/2086 3121/289/2090 3120/289/2089
f 3191/286/2134 3188/283/2131 3189/284/2132
f 3191/286/2134 3190/285/2133 3188/283/2131
f 3200/289/2143 3204/289/2144 3203/289/2035
f 3200/289/2143 3205/289/2032 3204/289/2144
f 3275/286/2077 3272/283/2074 3273/284/2075
f 3275/286/2077 3274/285/2076 3272/283/2074
f 3284/289/2086 3288/289/2089 3287/289/2034
f 3284/289/2086 3289/289/2090 3288/289/2089
f 3359/286/2134 3356/283/2131 3357/284/2132
f 3359/286/2134 3358/285/2133 3356/283/2131
f 3368/289/2143 3372/289/2144 3371/289/2035
f 3368/289/2143 3373/289/2032 3372/289/2144
f 3443/286/2077 3440/283/2074 3441/284/2075
f 3443/286/2077 3442/285/2076 3440/283/2074
f 3452/289/2086 3456/289/2089 3455/289/2034
f 3452/289/2086 3457/289/2090 3456/289/2089
f 3527/286/2134 3524/283/2131 3525/284/2132
f 3527/286/2134 3526/285/2133 3524/283/2131
f 3536/289/2143 3540/289/2144 3539/289/2035
f 3536/289/2143 3541/289/2032 3540/289/2144
f 3550/1/125 3549/1/125 3548/1/125
f 3549/1/125 3551/1/125 3548/1/125
f 3576/12/2158 3591/1/2172 3578/12/2160
f 3591/1/2172 3592/1/2173 3578/12/2160
f 3608/1/125 3571/1/125 3609/1/125
f 3571/1/125 3565/1/125 3609/1/125
f 3612/13/2187 3611/13/2186 3610/3/2185
f 3613/3/2188 3612/13/2187 3610/3/2185
f 3624/1/2199 3626/1/2201 3629/37/2204
f 3625/35/2200 3624/1/2199 3629/37/2204
f 3634/3/2209 3638/3/2213 3642/32/2217
f 3635/33/2210 3634/3/2209 3642/32/2217
f 3647/3/2222 3646/3/2221 3645/5/2220
f 3648/5/2223 3647/3/2222 3645/5/2220
f 3646/3/2221 3647/3/2222 3652/3/2227
f 3653/3/2228 3646/3/2221 3652/3/2227
f 3654/33/2229 3652/3/2227 3647/3/2222
f 3655/32/2230 3654/33/2229 3647/3/2222
f 3652/3/2227 3577/5/2159 3653/3/2228
f 3577/5/2159 3575/5/2157 3653/3/2228
f 3600/12/2181 3656/1/2231 3601/12/2182
f 3656/1/2231 3657/1/2232 3601/12/2182
f 3656/1/2231 3658/1/2233 3657/1/2232
f 3658/1/2233 3659/1/2234 3657/1/2232
f 3658/1/2233 3660/13/2235 3659/1/2234
f 3660/13/2235 3661/13/2236 3659/1/2234
f 3674/1/125 3691/1/125 3667/1/125
f 3691/1/125 3692/1/125 3667/1/125
f 3697/1/125 3685/1/125 3680/1/125
f 3685/1/125 3679/1/125 3680/1/125
f 3700/1/2259 3698/1/2257 3703/37/2262
f 3698/1/2257 3699/35/2258 3703/37/2262
f 3712/3/2271 3708/3/2267 3714/32/2273
f 3708/3/2267 3709/33/2268 3714/32/2273
f 3706/35/2265 3658/1/2233 3656/1/2231
f 3705/37/2264 3706/35/2265 3656/1/2231
f 625/1/125 654/1/125 652/1/125
f 654/1/125 653/1/125 652/1/125
f 3571/1/1 3608/1/1 3565/1/1
f 3608/1/1 3609/1/1 3565/1/1
f 3549/1/1 3550/1/1 3551/1/1
f 3550/1/1 3548/1/1 3551/1/1
f 648/1/125 623/1/125 645/1/125
f 623/1/125 649/1/125 645/1/125
f 3685/1/1 3697/1/1 3679/1/1
f 3697/1/1 3680/1/1 3679/1/1
f 3691/1/1 3674/1/1 3692/1/1
f 3674/1/1 3667/1/1 3692/1/1
f 805/1/125 784/1/125 802/1/125
f 784/1/125 806/1/125 802/1/125
f 782/1/125 811/1/125 809/1/125
f 811/1/125 810/1/125 809/1/125
f 4508/307/2413 4504/313/2409 4505/350/2410
f 4508/307/2413 4509/352/2414 4504/313/2409
f 4513/351/2418 4514/350/2419 4512/313/2417
f 4513/351/2418 4515/309/2420 4514/350/2419
f 4520/351/2425 4519/309/2424 4517/350/2422
f 4517/350/2422 4516/313/2421 4521/307/2426
f 4517/350/2422 4521/307/2426 4520/351/2425
f 4516/313/2421 4518/353/2423 4521/307/2426
f 4523/313/2428 4524/307/2429 4522/352/2427
f 4523/313/2428 4525/351/2430 4524/307/2429
f 4523/313/2428 4526/350/2431 4525/351/2430
f 4526/350/2431 4527/309/2432 4525/351/2430
f 4528/307/2433 4529/351/2434 4532/313/2436
f 4528/307/2433 4532/313/2436 4533/353/2415
f 4538/351/2440 4536/307/2438 4537/350/2439
f 4537/350/2439 4539/309/2411 4538/351/2440
f 4544/313/2443 4543/350/2431 4540/307/2441
f 4544/313/2443 4540/307/2441 4545/352/2427
f 4550/350/2446 4548/313/2421 4549/351/2445
f 4549/351/2445 4551/309/2424 4550/350/2446
f 3/2/1 2/2/1 1/1/1
f 1/1/1 4/1/1 3/2/1
f 6/1/1 5/1/1 7/2/1
f 7/2/1 8/2/1 6/1/1
f 8/2/1 7/2/1 9/2/1
f 9/2/1 10/2/1 8/2/1
f 10/2/1 9/2/1 11/1/1
f 11/1/1 12/1/1 10/2/1
f 14/1/1 13/1/1 15/2/1
f 15/2/1 16/2/1 14/1/1
f 19/3/4 18/3/3 17/3/2
f 17/3/2 20/3/5 19/3/4
f 21/4/6 19/3/4 20/3/5
f 20/3/5 27/4/12 21/4/6
f 19/3/4 21/4/6 22/5/7
f 22/5/7 23/6/8 19/3/4
f 18/3/3 19/3/4 23/6/8
f 23/6/8 24/6/9 18/3/3
f 24/6/9 23/6/8 25/6/10
f 25/6/10 26/6/11 24/6/9
f 27/4/12 20/3/5 28/3/13
f 28/3/13 29/4/14 27/4/12
f 30/3/15 28/3/13 20/3/5
f 20/3/5 17/3/2 30/3/15
f 28/3/13 30/3/15 31/3/16
f 31/3/16 32/3/17 28/3/13
f 29/4/14 28/3/13 32/3/17
f 32/3/17 33/4/18 29/4/14
f 34/7/19 36/8/19 35/8/20
f 35/8/20 37/9/20 34/7/19
f 34/7/19 37/9/20 38/9/20
f 38/9/20 39/7/19 34/7/19
f 40/10/21 42/11/21 41/11/22
f 41/11/22 43/10/22 40/10/21
f 43/10/22 41/11/22 44/11/23
f 44/11/23 51/10/23 43/10/22
f 40/10/21 43/10/22 45/10/22
f 45/10/22 46/10/21 40/10/21
f 47/11/21 46/10/21 45/10/22
f 45/10/22 48/11/22 47/11/21
f 48/11/22 45/10/22 49/10/23
f 49/10/23 50/11/23 48/11/22
f 49/10/23 45/10/22 43/10/22
f 43/10/22 51/10/23 49/10/23
f 51/10/23 44/11/23 52/11/24
f 52/11/24 55/10/24 51/10/23
f 50/11/23 49/10/23 53/10/24
f 53/10/24 54/11/24 50/11/23
f 53/10/24 49/10/23 51/10/23
f 51/10/23 55/10/24 53/10/24
f 55/10/24 52/11/24 56/11/25
f 56/11/25 60/10/25 55/10/24
f 54/11/24 53/10/24 57/10/25
f 57/10/25 58/11/25 54/11/24
f 57/10/25 53/10/24 55/10/24
f 55/10/24 60/10/25 57/10/25
f 59/11/25 58/11/25 57/10/25
f 57/10/25 61/10/25 59/11/25
f 61/10/25 57/10/25 60/10/25
f 60/10/25 62/10/25 61/10/25
f 62/10/25 60/10/25 56/11/25
f 56/11/25 63/11/25 62/10/25
f 62/10/25 63/11/25 64/11/24
f 64/11/24 67/10/24 62/10/25
f 59/11/25 61/10/25 65/10/24
f 65/10/24 66/11/24 59/11/25
f 65/10/24 61/10/25 62/10/25
f 62/10/25 67/10/24 65/10/24
f 67/10/24 64/11/24 68/11/23
f 68/11/23 71/10/23 67/10/24
f 66/11/24 65/10/24 69/10/23
f 69/10/23 70/11/23 66/11/24
f 69/10/23 65/10/24 67/10/24
f 67/10/24 71/10/23 69/10/23
f 71/10/23 68/11/23 72/11/22
f 72/11/22 75/10/22 71/10/23
f 70/11/23 69/10/23 73/10/22
f 73/10/22 74/11/22 70/11/23
f 73/10/22 69/10/23 71/10/23
f 71/10/23 75/10/22 73/10/22
f 75/10/22 72/11/22 76/11/26
f 76/11/26 77/10/26 75/10/22
f 75/10/22 77/10/26 78/10/26
f 78/10/26 73/10/22 75/10/22
f 74/11/22 73/10/22 78/10/26
f 78/10/26 79/11/26 74/11/22
f 82/2/1 81/2/1 80/1/1
f 80/1/1 83/1/1 82/2/1
f 85/1/1 84/1/1 86/2/1
f 86/2/1 87/2/1 85/1/1
f 87/2/1 86/2/1 88/2/1
f 88/2/1 89/2/1 87/2/1
f 89/2/1 88/2/1 90/1/1
f 90/1/1 91/1/1 89/2/1
f 93/1/1 92/1/1 94/2/1
f 94/2/1 95/2/1 93/1/1
f 96/12/27 98/12/29 97/12/28
f 97/12/28 99/12/30 96/12/27
f 98/12/29 96/12/27 100/13/31
f 100/13/31 101/14/32 98/12/29
f 103/15/34 102/12/33 99/12/30
f 99/12/30 97/12/28 103/15/34
f 94/1/35 92/12/37 104/12/36
f 104/12/36 105/1/38 94/1/35
f 105/1/38 104/12/36 106/15/39
f 106/15/39 107/16/41 105/1/38
f 95/1/40 94/1/35 105/1/38
f 105/1/38 108/1/42 95/1/40
f 108/1/42 105/1/38 107/16/41
f 107/16/41 110/17/45 108/1/42
f 93/12/43 95/1/40 108/1/42
f 108/1/42 109/12/44 93/12/43
f 110/17/45 107/16/41 111/16/46
f 111/16/46 112/17/47 110/17/45
f 89/3/48 91/4/50 113/4/49
f 113/4/49 114/3/51 89/3/48
f 87/3/52 89/3/48 114/3/51
f 114/3/51 115/3/53 87/3/52
f 85/4/54 87/3/52 115/3/53
f 115/3/53 116/4/55 85/4/54
f 118/6/57 117/6/56 115/3/53
f 115/3/53 114/3/51 118/6/57
f 119/5/58 118/6/57 114/3/51
f 114/3/51 113/4/49 119/5/58
f 118/6/57 119/5/58 120/5/59
f 120/5/59 121/6/15 118/6/57
f 122/1/60 124/12/62 123/12/61
f 123/12/61 125/1/60 122/1/60
f 126/1/63 122/1/60 125/1/60
f 125/1/60 127/1/63 126/1/63
f 127/1/63 125/1/60 112/17/47
f 112/17/47 111/16/46 127/1/63
f 98/12/29 126/1/63 127/1/63
f 127/1/63 97/12/28 98/12/29
f 97/12/28 127/1/63 111/16/46
f 111/16/46 103/15/34 97/12/28
f 126/1/63 98/12/29 101/14/32
f 101/14/32 128/17/46 126/1/63
f 103/15/34 111/16/46 107/16/41
f 107/16/41 106/15/39 103/15/34
f 128/17/46 101/14/32 129/14/64
f 129/14/64 130/17/41 128/17/46
f 86/1/65 84/12/67 131/12/66
f 131/12/66 132/1/68 86/1/65
f 132/1/68 131/12/66 133/12/69
f 133/12/69 135/1/71 132/1/68
f 86/1/65 132/1/68 134/1/70
f 134/1/70 88/1/73 86/1/65
f 135/1/71 133/12/69 136/12/72
f 136/12/72 137/1/74 135/1/71
f 90/12/75 88/1/73 134/1/70
f 134/1/70 139/12/77 90/12/75
f 138/1/76 135/1/71 137/1/74
f 137/1/74 140/1/78 138/1/76
f 141/12/79 138/1/76 140/1/78
f 140/1/78 102/12/33 141/12/79
f 140/1/78 137/1/74 142/1/80
f 142/1/80 143/1/81 140/1/78
f 102/12/33 140/1/78 143/1/81
f 143/1/81 99/12/30 102/12/33
f 143/1/81 142/1/80 144/1/82
f 144/1/82 145/1/83 143/1/81
f 99/12/30 143/1/81 145/1/83
f 145/1/83 96/12/27 99/12/30
f 145/1/83 144/1/82 146/18/84
f 146/18/84 147/18/85 145/1/83
f 96/12/27 145/1/83 147/18/85
f 147/18/85 100/13/31 96/12/27
f 147/18/85 146/18/84 148/18/71
f 148/18/71 149/18/86 147/18/85
f 100/13/31 147/18/85 149/18/86
f 149/18/86 150/13/87 100/13/31
f 151/1/88 153/12/90 152/12/89
f 152/12/89 154/1/91 151/1/88
f 155/3/92 151/1/88 154/1/91
f 154/1/91 156/3/93 155/3/92
f 157/12/94 155/3/92 156/3/93
f 156/3/93 158/12/95 157/12/94
f 162/19/99 160/20/97 156/3/93
f 156/3/93 159/19/96 162/19/99
f 161/21/98 159/19/96 154/1/91
f 154/1/91 152/12/89 161/21/98
f 166/1/106 163/20/100 160/20/97
f 160/20/97 162/19/99 166/1/106
f 82/3/101 83/12/103 164/12/102
f 164/12/102 165/3/104 82/3/101
f 81/1/105 82/3/101 165/3/104
f 165/3/104 166/1/106 81/1/105
f 80/12/107 81/1/105 166/1/106
f 166/1/106 167/12/108 80/12/107
f 167/12/108 166/1/106 162/19/99
f 162/19/99 168/21/109 167/12/108
f 168/21/109 162/19/99 159/19/96
f 159/19/96 161/21/98 168/21/109
f 171/12/111 170/12/110 169/12/89
f 169/12/89 172/12/112 171/12/111
f 170/12/110 171/12/111 173/12/113
f 173/12/113 174/15/114 170/12/110
f 176/14/116 175/13/115 172/12/112
f 172/12/112 169/12/89 176/14/116
f 179/1/93 178/12/94 177/12/117
f 177/12/117 180/1/92 179/1/93
f 181/1/91 179/1/93 180/1/92
f 180/1/92 182/1/88 181/1/91
f 184/17/97 179/1/93 183/16/96
f 183/16/96 186/16/99 184/17/97
f 170/12/110 181/1/91 182/1/88
f 182/1/88 169/12/89 170/12/110
f 181/1/91 170/12/110 174/15/114
f 174/15/114 183/16/96 181/1/91
f 183/16/96 174/15/114 185/15/118
f 185/15/118 186/16/99 183/16/96
f 169/12/89 182/1/88 187/17/119
f 187/17/119 176/14/116 169/12/89
f 176/14/116 187/17/119 188/17/99
f 188/17/99 189/14/109 176/14/116
f 192/1/63 191/12/29 190/12/120
f 190/12/120 193/1/121 192/1/63
f 194/3/122 192/1/63 193/1/121
f 193/1/121 195/3/60 194/3/122
f 196/12/123 194/3/122 195/3/60
f 195/3/60 197/12/61 196/12/123
f 192/1/63 194/3/122 198/20/47
f 198/20/47 199/19/46 192/1/63
f 191/12/29 192/1/63 199/19/46
f 199/19/46 200/21/124 191/12/29
f 199/19/46 198/20/47 201/20/45
f 201/20/45 202/19/41 199/19/46
f 205/2/125 204/2/125 203/1/125
f 203/1/125 206/1/125 205/2/125
f 208/1/125 207/1/125 209/2/125
f 209/2/125 210/2/125 208/1/125
f 210/2/125 209/2/125 211/2/125
f 211/2/125 212/2/125 210/2/125
f 212/2/125 211/2/125 213/1/125
f 213/1/125 214/1/125 212/2/125
f 216/1/125 215/1/125 217/2/125
f 217/2/125 218/2/125 216/1/125
f 219/12/108 206/12/107 208/12/67
f 208/12/67 220/12/66 219/12/108
f 221/7/126 223/8/126 222/8/127
f 222/8/127 224/22/127 221/7/126
f 221/7/126 224/22/127 225/22/127
f 225/22/127 226/7/126 221/7/126
f 229/2/125 228/2/125 227/1/125
f 227/1/125 230/1/125 229/2/125
f 232/1/125 231/1/125 233/2/125
f 233/2/125 234/2/125 232/1/125
f 234/2/125 233/2/125 235/2/125
f 235/2/125 236/2/125 234/2/125
f 236/2/125 235/2/125 237/1/125
f 237/1/125 238/1/125 236/2/125
f 240/1/125 239/1/125 241/2/125
f 241/2/125 242/2/125 240/1/125
f 243/12/77 214/12/75 216/12/37
f 216/12/37 244/12/36 243/12/77
f 246/12/36 245/12/129 238/12/128
f 238/12/128 240/12/130 246/12/36
f 239/12/131 237/4/133 247/4/132
f 247/4/132 248/12/44 239/12/131
f 248/12/44 247/4/132 249/4/134
f 249/4/134 250/21/135 248/12/44
f 250/21/135 249/4/134 251/4/136
f 251/4/136 252/21/137 250/21/135
f 254/1/140 253/12/139 232/12/138
f 232/12/138 234/1/141 254/1/140
f 254/1/140 234/1/141 236/1/142
f 236/1/142 255/1/143 254/1/140
f 245/12/129 255/1/143 236/1/142
f 236/1/142 238/12/128 245/12/129
f 254/1/140 255/1/143 256/18/144
f 256/18/144 257/18/145 254/1/140
f 253/12/139 254/1/140 257/18/145
f 257/18/145 258/13/146 253/12/139
f 229/1/105 230/12/147 259/12/108
f 259/12/108 260/1/148 229/1/105
f 228/1/101 229/1/105 260/1/148
f 260/1/148 261/1/149 228/1/101
f 227/12/150 228/1/101 261/1/149
f 261/1/149 263/12/151 227/12/150
f 187/17/119 262/16/100 261/1/149
f 261/1/149 188/17/99 187/17/119
f 263/12/151 261/1/149 262/16/100
f 262/16/100 264/15/152 263/12/151
f 233/3/153 231/4/155 265/4/154
f 265/4/154 266/3/156 233/3/153
f 266/3/156 265/4/154 33/4/18
f 33/4/18 32/3/17 266/3/156
f 235/3/157 233/3/153 266/3/156
f 266/3/156 267/3/158 235/3/157
f 267/3/158 266/3/156 32/3/17
f 32/3/17 31/3/16 267/3/158
f 237/4/133 235/3/157 267/3/158
f 267/3/158 247/4/132 237/4/133
f 247/4/132 267/3/158 31/3/16
f 31/3/16 249/4/134 247/4/132
f 268/1/159 246/12/36 240/12/130
f 240/12/130 242/1/35 268/1/159
f 269/3/42 268/1/159 242/1/35
f 242/1/35 241/3/40 269/3/42
f 248/12/44 269/3/42 241/3/40
f 241/3/40 239/12/131 248/12/44
f 269/3/42 248/12/44 250/21/135
f 250/21/135 270/23/45 269/3/42
f 268/1/159 269/3/42 270/23/45
f 270/23/45 271/24/41 268/1/159
f 270/23/45 250/21/135 252/21/137
f 252/21/137 272/23/47 270/23/45
f 231/4/155 227/12/150 263/12/151
f 263/12/151 265/4/154 231/4/155
f 265/4/154 263/12/151 264/15/152
f 264/15/152 33/4/18 265/4/154
f 33/4/18 264/15/152 273/21/160
f 273/21/160 29/4/14 33/4/18
f 274/11/161 275/11/20 38/25/20
f 38/25/20 276/10/161 274/11/161
f 276/10/161 38/25/20 37/25/20
f 37/25/20 277/10/161 276/10/161
f 278/4/55 207/4/54 203/12/103
f 203/12/103 279/12/151 278/4/55
f 278/4/55 279/12/151 280/21/162
f 280/21/162 281/4/163 278/4/55
f 281/4/163 280/21/162 282/21/164
f 282/21/164 283/4/165 281/4/163
f 214/12/75 243/12/77 284/1/166
f 284/1/166 212/1/73 214/12/75
f 210/1/65 212/1/73 284/1/166
f 284/1/166 285/1/68 210/1/65
f 220/12/66 208/12/67 210/1/65
f 210/1/65 285/1/68 220/12/66
f 244/12/36 216/12/37 218/1/35
f 218/1/35 286/1/38 244/12/36
f 286/1/38 218/1/35 217/1/40
f 217/1/40 287/1/42 286/1/38
f 287/1/42 217/1/40 215/12/43
f 215/12/43 288/12/44 287/1/42
f 287/1/42 288/12/44 289/15/167
f 289/15/167 290/16/45 287/1/42
f 286/1/38 287/1/42 290/16/45
f 290/16/45 130/17/41 286/1/38
f 291/4/49 213/4/50 211/3/48
f 211/3/48 292/3/168 291/4/49
f 292/3/168 211/3/48 209/3/52
f 209/3/52 293/3/53 292/3/168
f 292/3/168 293/3/53 294/3/56
f 294/3/56 295/3/169 292/3/168
f 291/4/49 292/3/168 295/3/169
f 295/3/169 296/4/170 291/4/49
f 293/3/53 209/3/52 207/4/54
f 207/4/54 278/4/55 293/3/53
f 293/3/53 278/4/55 281/4/163
f 281/4/163 294/3/56 293/3/53
f 206/12/107 219/12/108 297/1/171
f 297/1/171 205/1/105 206/12/107
f 205/1/105 297/1/171 298/3/149
f 298/3/149 204/3/101 205/1/105
f 300/23/100 298/3/149 299/24/99
f 299/24/99 380/24/119 300/23/100
f 204/3/101 298/3/149 279/12/151
f 279/12/151 203/12/103 204/3/101
f 279/12/151 298/3/149 300/23/100
f 300/23/100 280/21/162 279/12/151
f 280/21/162 300/23/100 301/23/172
f 301/23/172 282/21/164 280/21/162
f 288/12/44 215/12/43 213/4/50
f 213/4/50 291/4/49 288/12/44
f 288/12/44 291/4/49 296/4/170
f 296/4/170 289/15/167 288/12/44
f 289/15/167 296/4/170 302/4/173
f 302/4/173 303/21/174 289/15/167
f 304/11/175 305/11/127 225/10/127
f 225/10/127 306/10/175 304/11/175
f 306/10/175 225/10/127 224/10/127
f 224/10/127 307/10/175 306/10/175
f 109/12/44 113/4/49 91/4/50
f 91/4/50 93/12/43 109/12/44
f 84/12/67 80/12/107 167/12/108
f 167/12/108 131/12/66 84/12/67
f 131/12/66 167/12/108 168/21/109
f 168/21/109 133/12/69 131/12/66
f 133/12/69 168/21/109 161/21/98
f 161/21/98 136/12/72 133/12/69
f 308/12/139 5/12/138 1/12/147
f 1/12/147 309/12/108 308/12/139
f 308/12/139 309/12/108 185/15/118
f 185/15/118 310/12/176 308/12/139
f 310/12/176 185/15/118 174/15/114
f 174/15/114 173/12/113 310/12/176
f 116/4/55 164/12/102 83/12/103
f 83/12/103 85/4/54 116/4/55
f 12/4/133 312/4/132 311/3/158
f 311/3/158 10/3/157 12/4/133
f 10/3/157 311/3/158 313/3/156
f 313/3/156 8/3/153 10/3/157
f 313/3/156 311/3/158 26/6/11
f 26/6/11 25/6/10 313/3/156
f 314/4/154 313/3/156 25/6/10
f 25/6/10 315/5/177 314/4/154
f 315/5/177 25/6/10 23/6/8
f 23/6/8 22/5/7 315/5/177
f 314/4/154 6/4/155 8/3/153
f 8/3/153 313/3/156 314/4/154
f 316/12/44 14/12/131 16/3/40
f 16/3/40 317/3/178 316/12/44
f 317/3/178 16/3/40 15/1/35
f 15/1/35 318/1/38 317/3/178
f 318/1/38 15/1/35 13/12/130
f 13/12/130 319/12/36 318/1/38
f 318/1/38 319/12/36 320/21/64
f 320/21/64 202/19/41 318/1/38
f 317/3/178 318/1/38 202/19/41
f 202/19/41 201/20/45 317/3/178
f 202/19/41 320/21/64 200/21/124
f 200/21/124 199/19/46 202/19/41
f 253/12/139 259/12/108 230/12/147
f 230/12/147 232/12/138 253/12/139
f 4/12/150 322/12/151 321/1/179
f 321/1/179 3/1/101 4/12/150
f 3/1/101 321/1/179 323/1/106
f 323/1/106 2/1/105 3/1/101
f 2/1/105 323/1/106 309/12/108
f 309/12/108 1/12/147 2/1/105
f 184/17/97 186/16/99 323/1/106
f 323/1/106 324/17/100 184/17/97
f 309/12/108 323/1/106 186/16/99
f 186/16/99 185/15/118 309/12/108
f 319/12/36 13/12/130 11/12/128
f 11/12/128 325/12/129 319/12/36
f 319/12/36 325/12/129 326/12/180
f 326/12/180 320/21/64 319/12/36
f 320/21/64 326/12/180 327/12/181
f 327/12/181 200/21/124 320/21/64
f 329/1/140 328/1/143 9/1/142
f 9/1/142 7/1/141 329/1/140
f 329/1/140 7/1/141 5/12/138
f 5/12/138 308/12/139 329/1/140
f 329/1/140 308/12/139 310/12/176
f 310/12/176 330/1/182 329/1/140
f 328/1/143 329/1/140 330/1/182
f 330/1/182 331/1/183 328/1/143
f 325/12/129 11/12/128 9/1/142
f 9/1/142 328/1/143 325/12/129
f 325/12/129 328/1/143 331/1/183
f 331/1/183 326/12/180 325/12/129
f 326/12/180 331/1/183 332/1/85
f 332/1/85 327/12/181 326/12/180
f 333/1/184 332/1/85 331/1/183
f 331/1/183 330/1/182 333/1/184
f 173/12/113 333/1/184 330/1/182
f 330/1/182 310/12/176 173/12/113
f 333/1/184 173/12/113 171/12/111
f 171/12/111 334/1/185 333/1/184
f 332/1/85 333/1/184 334/1/185
f 334/1/185 335/1/83 332/1/85
f 335/1/83 334/1/185 336/1/186
f 336/1/186 337/1/187 335/1/83
f 336/1/186 172/12/112 175/13/115
f 175/13/115 338/18/74 336/1/186
f 337/1/187 336/1/186 338/18/74
f 338/18/74 339/18/188 337/1/187
f 338/18/74 175/13/115 258/13/146
f 258/13/146 257/18/145 338/18/74
f 339/18/188 338/18/74 257/18/145
f 257/18/145 256/18/144 339/18/188
f 322/12/151 4/12/150 6/4/155
f 6/4/155 314/4/154 322/12/151
f 312/4/132 12/4/133 14/12/131
f 14/12/131 316/12/44 312/4/132
f 102/12/33 103/15/34 106/15/39
f 106/15/39 141/12/79 102/12/33
f 141/12/79 106/15/39 104/12/36
f 104/12/36 139/12/77 141/12/79
f 139/12/77 104/12/36 92/12/37
f 92/12/37 90/12/75 139/12/77
f 138/1/76 141/12/79 139/12/77
f 139/12/77 134/1/70 138/1/76
f 135/1/71 138/1/76 134/1/70
f 134/1/70 132/1/68 135/1/71
f 121/6/15 120/5/59 340/4/189
f 340/4/189 341/3/2 121/6/15
f 341/3/2 340/4/189 342/4/190
f 342/4/190 343/3/191 341/3/2
f 343/3/191 342/4/190 302/4/173
f 302/4/173 346/3/193 343/3/191
f 344/3/192 341/3/2 343/3/191
f 343/3/191 345/3/4 344/3/192
f 345/3/4 343/3/191 346/3/193
f 346/3/193 347/3/8 345/3/4
f 346/3/193 302/4/173 296/4/170
f 296/4/170 295/3/169 346/3/193
f 347/3/8 346/3/193 295/3/169
f 295/3/169 294/3/56 347/3/8
f 348/6/194 121/6/15 341/3/2
f 341/3/2 344/3/192 348/6/194
f 121/6/15 348/6/194 117/6/56
f 117/6/56 118/6/57 121/6/15
f 349/4/195 344/3/192 345/3/4
f 345/3/4 350/4/196 349/4/195
f 344/3/192 349/4/195 351/5/197
f 351/5/197 348/6/194 344/3/192
f 350/4/196 345/3/4 347/3/8
f 347/3/8 283/4/165 350/4/196
f 348/6/194 351/5/197 352/5/198
f 352/5/198 117/6/56 348/6/194
f 283/4/165 347/3/8 294/3/56
f 294/3/56 281/4/163 283/4/165
f 120/5/59 353/14/199 123/12/61
f 123/12/61 340/4/189 120/5/59
f 340/4/189 123/12/61 124/12/62
f 124/12/62 342/4/190 340/4/189
f 342/4/190 124/12/62 303/21/174
f 303/21/174 302/4/173 342/4/190
f 353/14/199 120/5/59 119/5/58
f 119/5/58 354/14/135 353/14/199
f 354/14/135 119/5/58 113/4/49
f 113/4/49 109/12/44 354/14/135
f 353/14/199 112/17/47 125/1/60
f 125/1/60 123/12/61 353/14/199
f 112/17/47 353/14/199 354/14/135
f 354/14/135 110/17/45 112/17/47
f 110/17/45 354/14/135 109/12/44
f 109/12/44 108/1/42 110/17/45
f 137/1/74 136/12/72 355/12/200
f 355/12/200 142/1/80 137/1/74
f 144/1/82 356/12/201 357/13/202
f 357/13/202 146/18/84 144/1/82
f 146/18/84 357/13/202 358/13/203
f 358/13/203 148/18/71 146/18/84
f 136/12/72 161/21/98 152/12/89
f 152/12/89 355/12/200 136/12/72
f 355/12/200 152/12/89 153/12/90
f 153/12/90 356/12/201 355/12/200
f 356/12/201 153/12/90 359/14/116
f 359/14/116 357/13/202 356/12/201
f 158/12/95 156/3/93 160/20/97
f 160/20/97 360/14/204 158/12/95
f 360/14/204 160/20/97 163/20/100
f 163/20/100 361/14/205 360/14/204
f 165/3/104 164/12/102 361/14/205
f 361/14/205 163/20/100 165/3/104
f 360/14/204 351/5/197 349/4/195
f 349/4/195 158/12/95 360/14/204
f 158/12/95 349/4/195 350/4/196
f 350/4/196 157/12/94 158/12/95
f 157/12/94 350/4/196 283/4/165
f 283/4/165 282/21/164 157/12/94
f 351/5/197 360/14/204 361/14/205
f 361/14/205 352/5/198 351/5/197
f 352/5/198 361/14/205 164/12/102
f 164/12/102 116/4/55 352/5/198
f 116/4/55 115/3/53 117/6/56
f 117/6/56 352/5/198 116/4/55
f 362/14/204 22/5/7 21/4/6
f 21/4/6 178/12/94 362/14/204
f 178/12/94 21/4/6 27/4/12
f 27/4/12 177/12/117 178/12/94
f 177/12/117 27/4/12 29/4/14
f 29/4/14 273/21/160 177/12/117
f 22/5/7 362/14/204 363/14/162
f 363/14/162 315/5/177 22/5/7
f 315/5/177 363/14/162 322/12/151
f 322/12/151 314/4/154 315/5/177
f 184/17/97 362/14/204 178/12/94
f 178/12/94 179/1/93 184/17/97
f 362/14/204 184/17/97 324/17/100
f 324/17/100 363/14/162 362/14/204
f 363/14/162 324/17/100 321/1/179
f 321/1/179 322/12/151 363/14/162
f 327/12/181 332/1/85 335/1/83
f 335/1/83 364/12/206 327/12/181
f 364/12/206 335/1/83 337/1/187
f 337/1/187 365/12/207 364/12/206
f 365/12/207 337/1/187 339/18/188
f 339/18/188 366/13/208 365/12/207
f 366/13/208 339/18/188 256/18/144
f 256/18/144 367/13/209 366/13/208
f 200/21/124 327/12/181 364/12/206
f 364/12/206 191/12/29 200/21/124
f 191/12/29 364/12/206 365/12/207
f 365/12/207 190/12/120 191/12/29
f 190/12/120 365/12/207 366/13/208
f 366/13/208 368/14/32 190/12/120
f 194/3/122 196/12/123 369/14/199
f 369/14/199 198/20/47 194/3/122
f 198/20/47 369/14/199 370/14/210
f 370/14/210 201/20/45 198/20/47
f 316/12/44 317/3/178 201/20/45
f 201/20/45 370/14/210 316/12/44
f 371/5/211 369/14/199 196/12/123
f 196/12/123 372/4/212 371/5/211
f 372/4/212 196/12/123 197/12/61
f 197/12/61 373/4/213 372/4/212
f 373/4/213 197/12/61 252/21/137
f 252/21/137 251/4/136 373/4/213
f 369/14/199 371/5/211 374/5/214
f 374/5/214 370/14/210 369/14/199
f 370/14/210 374/5/214 312/4/132
f 312/4/132 316/12/44 370/14/210
f 26/6/11 374/5/214 371/5/211
f 371/5/211 24/6/9 26/6/11
f 24/6/9 371/5/211 372/4/212
f 372/4/212 18/3/3 24/6/9
f 18/3/3 372/4/212 373/4/213
f 373/4/213 17/3/2 18/3/3
f 17/3/2 373/4/213 251/4/136
f 251/4/136 30/3/15 17/3/2
f 30/3/15 251/4/136 249/4/134
f 249/4/134 31/3/16 30/3/15
f 311/3/158 312/4/132 374/5/214
f 374/5/214 26/6/11 311/3/158
f 195/3/60 193/1/121 375/24/46
f 375/24/46 272/23/47 195/3/60
f 197/12/61 195/3/60 272/23/47
f 272/23/47 252/21/137 197/12/61
f 375/24/46 368/14/32 376/14/215
f 376/14/215 271/24/41 375/24/46
f 271/24/41 270/23/45 272/23/47
f 272/23/47 375/24/46 271/24/41
f 271/24/41 376/14/215 246/12/36
f 246/12/36 268/1/159 271/24/41
f 260/1/148 259/12/108 189/14/109
f 189/14/109 188/17/99 260/1/148
f 175/13/115 176/14/116 189/14/109
f 189/14/109 258/13/146 175/13/115
f 258/13/146 189/14/109 259/12/108
f 259/12/108 253/12/139 258/13/146
f 180/1/92 177/12/117 273/21/160
f 273/21/160 377/16/172 180/1/92
f 377/16/172 273/21/160 264/15/152
f 264/15/152 262/16/100 377/16/172
f 187/17/119 182/1/88 377/16/172
f 377/16/172 262/16/100 187/17/119
f 255/1/143 245/12/129 367/13/209
f 367/13/209 256/18/144 255/1/143
f 368/14/32 366/13/208 367/13/209
f 367/13/209 376/14/215 368/14/32
f 376/14/215 367/13/209 245/12/129
f 245/12/129 246/12/36 376/14/215
f 368/14/32 375/24/46 193/1/121
f 193/1/121 190/12/120 368/14/32
f 244/12/36 286/1/38 130/17/41
f 130/17/41 129/14/64 244/12/36
f 101/14/32 100/13/31 150/13/87
f 150/13/87 129/14/64 101/14/32
f 129/14/64 150/13/87 243/12/77
f 243/12/77 244/12/36 129/14/64
f 284/1/166 243/12/77 150/13/87
f 150/13/87 149/18/86 284/1/166
f 285/1/68 284/1/166 149/18/86
f 149/18/86 148/18/71 285/1/68
f 290/16/45 289/15/167 303/21/174
f 303/21/174 378/16/47 290/16/45
f 378/16/47 303/21/174 124/12/62
f 124/12/62 122/1/60 378/16/47
f 130/17/41 290/16/45 378/16/47
f 378/16/47 128/17/46 130/17/41
f 128/17/46 378/16/47 122/1/60
f 122/1/60 126/1/63 128/17/46
f 220/12/66 285/1/68 148/18/71
f 148/18/71 358/13/203 220/12/66
f 357/13/202 359/14/116 379/14/216
f 379/14/216 358/13/203 357/13/202
f 358/13/203 379/14/216 219/12/108
f 219/12/108 220/12/66 358/13/203
f 380/24/119 359/14/116 153/12/90
f 153/12/90 151/1/88 380/24/119
f 297/1/171 219/12/108 379/14/216
f 379/14/216 299/24/99 297/1/171
f 299/24/99 379/14/216 359/14/116
f 359/14/116 380/24/119 299/24/99
f 301/23/172 300/23/100 380/24/119
f 380/24/119 151/1/88 301/23/172
f 282/21/164 301/23/172 155/3/92
f 155/3/92 157/12/94 282/21/164
f 39/25/19 382/26/19 381/26/217
f 381/26/217 383/25/217 39/25/19
f 383/25/217 381/26/217 384/26/218
f 384/26/218 389/25/218 383/25/217
f 39/25/19 383/25/217 385/25/217
f 385/25/217 34/25/19 39/25/19
f 36/26/19 34/25/19 385/25/217
f 385/25/217 386/26/217 36/26/19
f 386/26/217 385/25/217 387/25/218
f 387/25/218 388/26/218 386/26/217
f 387/25/218 385/25/217 383/25/217
f 383/25/217 389/25/218 387/25/218
f 389/25/218 384/26/218 390/26/219
f 390/26/219 393/25/219 389/25/218
f 388/26/218 387/25/218 391/25/219
f 391/25/219 392/26/219 388/26/218
f 391/25/219 387/25/218 389/25/218
f 389/25/218 393/25/219 391/25/219
f 393/25/219 390/26/219 394/26/220
f 394/26/220 398/25/220 393/25/219
f 392/26/219 391/25/219 395/25/220
f 395/25/220 396/26/220 392/26/219
f 395/25/220 391/25/219 393/25/219
f 393/25/219 398/25/220 395/25/220
f 397/26/220 396/26/220 395/25/220
f 395/25/220 399/25/220 397/26/220
f 399/25/220 395/25/220 398/25/220
f 398/25/220 400/25/220 399/25/220
f 400/25/220 398/25/220 394/26/220
f 394/26/220 401/26/220 400/25/220
f 400/25/220 401/26/220 402/26/219
f 402/26/219 405/25/219 400/25/220
f 397/26/220 399/25/220 403/25/219
f 403/25/219 404/26/219 397/26/220
f 403/25/219 399/25/220 400/25/220
f 400/25/220 405/25/219 403/25/219
f 405/25/219 402/26/219 406/26/218
f 406/26/218 409/25/218 405/25/219
f 404/26/219 403/25/219 407/25/218
f 407/25/218 408/26/218 404/26/219
f 407/25/218 403/25/219 405/25/219
f 405/25/219 409/25/218 407/25/218
f 409/25/218 406/26/218 410/26/217
f 410/26/217 413/25/217 409/25/218
f 408/26/218 407/25/218 411/25/217
f 411/25/217 412/26/217 408/26/218
f 411/25/217 407/25/218 409/25/218
f 409/25/218 413/25/217 411/25/217
f 413/25/217 410/26/217 223/26/126
f 223/26/126 221/25/126 413/25/217
f 413/25/217 221/25/126 226/25/126
f 226/25/126 411/25/217 413/25/217
f 412/26/217 411/25/217 226/25/126
f 226/25/126 414/26/126 412/26/217
f 307/22/175 415/8/175 79/8/26
f 79/8/26 78/22/26 307/22/175
f 307/22/175 78/22/26 77/22/26
f 77/22/26 306/22/175 307/22/175
f 277/22/161 416/8/161 42/8/21
f 42/8/21 40/22/21 277/22/161
f 277/22/161 40/22/21 46/22/21
f 46/22/21 276/22/161 277/22/161
f 304/8/175 306/22/175 77/22/26
f 77/22/26 76/8/26 304/8/175
f 222/11/127 415/11/175 307/10/175
f 307/10/175 224/10/127 222/11/127
f 225/22/127 305/8/127 414/8/126
f 414/8/126 226/7/126 225/22/127
f 274/8/161 276/22/161 46/22/21
f 46/22/21 47/8/21 274/8/161
f 35/11/20 416/11/161 277/10/161
f 277/10/161 37/25/20 35/11/20
f 38/9/20 275/8/20 382/8/19
f 382/8/19 39/7/19 38/9/20
f 417/9/21 419/8/21 418/8/161
f 418/8/161 420/9/161 417/9/21
f 417/9/21 420/9/161 421/9/161
f 421/9/161 422/9/21 417/9/21
f 423/7/19 425/27/19 424/27/20
f 424/27/20 426/9/20 423/7/19
f 423/7/19 426/9/20 427/9/20
f 427/9/20 428/7/19 423/7/19
f 429/26/126 425/26/19 423/25/19
f 423/25/19 430/25/126 429/26/126
f 430/25/126 423/25/19 428/25/19
f 428/25/19 431/25/126 430/25/126
f 431/25/126 428/25/19 432/26/19
f 432/26/19 433/26/126 431/25/126
f 421/9/161 435/8/161 434/8/21
f 434/8/21 422/9/21 421/9/161
f 438/25/127 437/11/127 436/11/175
f 436/11/175 439/25/175 438/25/127
f 438/25/127 439/25/175 440/25/175
f 440/25/175 441/25/127 438/25/127
f 433/27/126 437/27/127 438/9/127
f 438/9/127 431/7/126 433/27/126
f 431/7/126 438/9/127 441/9/127
f 441/9/127 430/7/126 431/7/126
f 422/25/21 434/11/21 442/11/26
f 442/11/26 443/25/26 422/25/21
f 422/25/21 443/25/26 444/25/26
f 444/25/26 417/25/21 422/25/21
f 419/11/21 417/25/21 444/25/26
f 444/25/26 445/11/26 419/11/21
f 446/12/221 206/13/222 205/1/105
f 205/1/105 447/1/223 446/12/221
f 447/1/223 205/1/105 204/3/101
f 204/3/101 450/3/226 447/1/223
f 446/12/221 447/1/223 448/24/224
f 448/24/224 449/14/225 446/12/221
f 450/3/226 204/3/101 203/13/103
f 203/13/103 451/12/227 450/3/226
f 450/3/226 451/12/227 452/28/228
f 452/28/228 453/20/229 450/3/226
f 454/12/230 216/12/130 214/12/75
f 214/12/75 455/12/231 454/12/230
f 454/12/230 455/12/231 456/29/232
f 456/29/232 457/15/233 454/12/230
f 458/12/234 215/13/43 217/1/235
f 217/1/235 459/1/236 458/12/234
f 459/1/236 217/1/235 218/1/35
f 218/1/35 460/1/237 459/1/236
f 460/1/237 218/1/35 216/12/130
f 216/12/130 454/12/230 460/1/237
f 460/1/237 454/12/230 457/15/233
f 457/15/233 461/16/238 460/1/237
f 464/5/241 463/13/240 462/13/239
f 462/13/239 465/5/242 464/5/241
f 466/30/243 465/5/242 462/13/239
f 462/13/239 467/31/244 466/30/243
f 468/30/245 466/30/243 467/31/244
f 467/31/244 469/15/246 468/30/245
f 464/5/241 470/3/247 472/32/249
f 472/32/249 473/30/250 464/5/241
f 480/12/257 476/5/253 479/5/256
f 479/5/256 481/12/258 480/12/257
f 476/5/253 480/12/257 482/28/259
f 482/28/259 483/34/260 476/5/253
f 473/30/250 472/32/249 484/32/261
f 484/32/261 485/30/262 473/30/250
f 486/33/263 484/32/261 472/32/249
f 472/32/249 487/33/264 486/33/263
f 484/32/261 486/33/263 488/3/265
f 488/3/265 489/3/266 484/32/261
f 211/3/48 489/3/266 488/3/265
f 488/3/265 209/3/267 211/3/48
f 489/3/266 211/3/48 213/5/50
f 213/5/50 490/4/268 489/3/266
f 490/4/268 213/5/50 215/13/43
f 215/13/43 458/12/234 490/4/268
f 490/4/268 458/12/234 491/15/269
f 491/15/269 485/30/262 490/4/268
f 209/3/267 488/3/265 492/4/270
f 492/4/270 207/5/54 209/3/267
f 492/4/270 488/3/265 486/33/263
f 486/33/263 493/34/271 492/4/270
f 207/5/54 492/4/270 451/12/227
f 451/12/227 203/13/103 207/5/54
f 493/34/271 486/33/263 487/33/264
f 487/33/264 483/34/260 493/34/271
f 218/2/1 217/2/1 215/1/1
f 215/1/1 216/1/1 218/2/1
f 214/1/1 213/1/1 211/2/1
f 211/2/1 212/2/1 214/1/1
f 212/2/1 211/2/1 209/2/1
f 209/2/1 210/2/1 212/2/1
f 210/2/1 209/2/1 207/1/1
f 207/1/1 208/1/1 210/2/1
f 206/1/1 203/1/1 204/2/1
f 204/2/1 205/2/1 206/1/1
f 455/12/231 214/12/75 212/1/73
f 212/1/73 494/1/272 455/12/231
f 455/12/231 494/1/272 495/35/273
f 495/35/273 456/29/232 455/12/231
f 496/1/274 494/1/272 212/1/73
f 212/1/73 210/1/65 496/1/274
f 496/1/274 210/1/65 208/13/275
f 208/13/275 497/12/276 496/1/274
f 496/1/274 497/12/276 498/36/277
f 498/36/277 499/37/278 496/1/274
f 499/37/278 498/36/277 500/36/279
f 500/36/279 501/37/280 499/37/278
f 495/35/273 499/37/278 501/37/280
f 501/37/280 502/35/281 495/35/273
f 206/13/222 446/12/221 497/12/276
f 497/12/276 208/13/275 206/13/222
f 483/34/260 482/28/259 452/28/228
f 452/28/228 493/34/271 483/34/260
f 493/34/271 452/28/228 451/12/227
f 451/12/227 492/4/270 493/34/271
f 461/16/238 503/16/282 459/1/236
f 459/1/236 460/1/237 461/16/238
f 505/16/284 504/38/283 503/16/282
f 503/16/282 461/16/238 505/16/284
f 504/38/283 505/16/284 506/1/285
f 506/1/285 507/3/286 504/38/283
f 507/3/286 506/1/285 508/1/287
f 508/1/287 513/3/292 507/3/286
f 509/13/288 508/1/287 506/1/285
f 506/1/285 510/13/289 509/13/288
f 511/16/290 508/1/287 509/13/288
f 509/13/288 512/21/291 511/16/290
f 463/13/240 507/3/286 513/3/292
f 513/3/292 462/13/239 463/13/240
f 467/31/244 462/13/239 513/3/292
f 513/3/292 514/38/293 467/31/244
f 457/15/233 456/29/232 515/29/294
f 515/29/294 516/21/295 457/15/233
f 516/21/295 515/29/294 517/13/296
f 517/13/296 510/13/289 516/21/295
f 510/13/289 517/13/296 518/13/297
f 518/13/297 509/13/288 510/13/289
f 521/29/300 518/13/297 519/1/298
f 519/1/298 522/35/301 521/29/300
f 523/29/302 521/29/300 522/35/301
f 522/35/301 524/35/303 523/29/302
f 525/1/304 522/35/301 519/1/298
f 519/1/298 520/1/299 525/1/304
f 526/37/305 525/1/304 527/12/306
f 527/12/306 528/36/307 526/37/305
f 520/1/299 517/13/296 515/29/294
f 515/29/294 502/35/281 520/1/299
f 502/35/281 515/29/294 456/29/232
f 456/29/232 495/35/273 502/35/281
f 520/1/299 502/35/281 529/1/308
f 529/1/308 525/1/304 520/1/299
f 530/12/309 529/1/308 501/37/280
f 501/37/280 500/36/279 530/12/309
f 489/3/266 490/4/268 485/30/262
f 485/30/262 484/32/261 489/3/266
f 463/13/240 464/5/241 473/30/250
f 473/30/250 531/31/310 463/13/240
f 531/31/310 473/30/250 485/30/262
f 485/30/262 491/15/269 531/31/310
f 487/33/264 472/32/249 470/3/247
f 470/3/247 475/3/252 487/33/264
f 534/14/313 533/24/312 532/1/311
f 532/1/311 535/12/314 534/14/313
f 535/12/314 532/1/311 536/1/315
f 536/1/315 538/12/317 535/12/314
f 536/1/315 532/1/311 537/1/316
f 537/1/316 539/1/318 536/1/315
f 530/12/309 535/12/314 538/12/317
f 538/12/317 527/12/306 530/12/309
f 540/24/319 536/1/315 539/1/318
f 539/1/318 541/24/320 540/24/319
f 481/12/258 539/1/318 537/1/316
f 537/1/316 480/12/257 481/12/258
f 480/12/257 537/1/316 542/24/321
f 542/24/321 482/28/259 480/12/257
f 449/14/225 448/24/224 533/24/312
f 533/24/312 534/14/313 449/14/225
f 500/36/279 534/14/313 535/12/314
f 535/12/314 530/12/309 500/36/279
f 534/14/313 500/36/279 498/36/277
f 498/36/277 449/14/225 534/14/313
f 449/14/225 498/36/277 497/12/276
f 497/12/276 446/12/221 449/14/225
f 483/34/260 487/33/264 475/3/252
f 475/3/252 476/5/253 483/34/260
f 453/20/229 452/28/228 482/28/259
f 482/28/259 542/24/321 453/20/229
f 505/16/284 516/21/295 510/13/289
f 510/13/289 506/1/285 505/16/284
f 461/16/238 457/15/233 516/21/295
f 516/21/295 505/16/284 461/16/238
f 531/31/310 504/38/283 507/3/286
f 507/3/286 463/13/240 531/31/310
f 491/15/269 503/16/282 504/38/283
f 504/38/283 531/31/310 491/15/269
f 458/12/234 459/1/236 503/16/282
f 503/16/282 491/15/269 458/12/234
f 453/20/229 448/24/224 447/1/223
f 447/1/223 450/3/226 453/20/229
f 542/24/321 533/24/312 448/24/224
f 448/24/224 453/20/229 542/24/321
f 537/1/316 532/1/311 533/24/312
f 533/24/312 542/24/321 537/1/316
f 544/1/35 240/13/323 543/12/322
f 543/12/322 545/1/324 544/1/35
f 546/3/40 544/1/35 545/1/324
f 545/1/324 549/3/327 546/3/40
f 547/24/325 545/1/324 543/12/322
f 543/12/322 548/14/326 547/24/325
f 239/13/131 546/3/40 549/3/327
f 549/3/327 550/12/328 239/13/131
f 551/28/329 550/12/328 549/3/327
f 549/3/327 552/20/330 551/28/329
f 232/12/138 230/12/107 553/12/331
f 553/12/331 554/12/332 232/12/138
f 523/29/302 554/12/332 553/12/331
f 553/12/331 555/15/333 523/29/302
f 228/1/335 227/13/150 556/12/334
f 556/12/334 557/1/336 228/1/335
f 229/1/105 228/1/335 557/1/336
f 557/1/336 558/1/337 229/1/105
f 230/12/107 229/1/105 558/1/337
f 558/1/337 553/12/331 230/12/107
f 555/15/333 553/12/331 558/1/337
f 558/1/337 559/16/338 555/15/333
f 544/2/1 546/2/1 239/1/1
f 239/1/1 240/1/1 544/2/1
f 238/1/1 237/1/1 235/2/1
f 235/2/1 236/2/1 238/1/1
f 236/2/1 235/2/1 233/2/1
f 233/2/1 234/2/1 236/2/1
f 234/2/1 233/2/1 231/1/1
f 231/1/1 232/1/1 234/2/1
f 230/1/1 227/1/1 228/2/1
f 228/2/1 229/2/1 230/1/1
f 234/1/141 232/12/138 554/12/332
f 554/12/332 560/1/339 234/1/141
f 524/35/303 560/1/339 554/12/332
f 554/12/332 523/29/302 524/35/303
f 234/1/141 560/1/339 561/1/340
f 561/1/340 236/1/142 234/1/141
f 238/13/341 236/1/142 561/1/340
f 561/1/340 562/12/342 238/13/341
f 563/36/343 562/12/342 561/1/340
f 561/1/340 564/37/344 563/36/343
f 528/36/307 563/36/343 564/37/344
f 564/37/344 526/37/305 528/36/307
f 526/37/305 564/37/344 524/35/303
f 524/35/303 522/35/301 526/37/305
f 240/13/323 238/13/341 562/12/342
f 562/12/342 543/12/322 240/13/323
f 237/5/133 239/13/131 550/12/328
f 550/12/328 565/4/345 237/5/133
f 235/3/346 237/5/133 565/4/345
f 565/4/345 566/3/347 235/3/346
f 567/33/348 566/3/347 565/4/345
f 565/4/345 568/34/349 567/33/348
f 477/33/254 567/33/348 568/34/349
f 568/34/349 569/34/350 477/33/254
f 233/3/153 235/3/346 566/3/347
f 566/3/347 570/3/351 233/3/153
f 231/5/155 233/3/153 570/3/351
f 570/3/351 571/4/352 231/5/155
f 227/13/150 231/5/155 571/4/352
f 571/4/352 556/12/334 227/13/150
f 469/15/246 556/12/334 571/4/352
f 571/4/352 468/30/245 469/15/246
f 478/32/255 572/32/353 567/33/348
f 567/33/348 477/33/254 478/32/255
f 572/32/353 478/32/255 466/30/243
f 466/30/243 468/30/245 572/32/353
f 465/5/242 466/30/243 478/32/255
f 478/32/255 471/3/248 465/5/242
f 573/28/354 481/12/258 479/5/256
f 479/5/256 569/34/350 573/28/354
f 551/28/329 573/28/354 569/34/350
f 569/34/350 568/34/349 551/28/329
f 550/12/328 551/28/329 568/34/349
f 568/34/349 565/4/345 550/12/328
f 559/16/338 558/1/337 557/1/336
f 557/1/336 574/16/355 559/16/338
f 511/16/290 559/16/338 574/16/355
f 574/16/355 514/38/293 511/16/290
f 508/1/287 511/16/290 514/38/293
f 514/38/293 513/3/292 508/1/287
f 512/21/291 509/13/288 518/13/297
f 518/13/297 521/29/300 512/21/291
f 555/15/333 512/21/291 521/29/300
f 521/29/300 523/29/302 555/15/333
f 570/3/351 572/32/353 468/30/245
f 468/30/245 571/4/352 570/3/351
f 575/14/356 538/12/317 536/1/315
f 536/1/315 540/24/319 575/14/356
f 548/14/326 575/14/356 540/24/319
f 540/24/319 547/24/325 548/14/326
f 528/36/307 527/12/306 538/12/317
f 538/12/317 575/14/356 528/36/307
f 563/36/343 528/36/307 575/14/356
f 575/14/356 548/14/326 563/36/343
f 562/12/342 563/36/343 548/14/326
f 548/14/326 543/12/322 562/12/342
f 569/34/350 479/5/256 474/3/251
f 474/3/251 477/33/254 569/34/350
f 541/24/320 539/1/318 481/12/258
f 481/12/258 573/28/354 541/24/320
f 552/20/330 541/24/320 573/28/354
f 573/28/354 551/28/329 552/20/330
f 559/16/338 511/16/290 512/21/291
f 512/21/291 555/15/333 559/16/338
f 469/15/246 467/31/244 514/38/293
f 514/38/293 574/16/355 469/15/246
f 556/12/334 469/15/246 574/16/355
f 574/16/355 557/1/336 556/12/334
f 552/20/330 549/3/327 545/1/324
f 545/1/324 547/24/325 552/20/330
f 541/24/320 552/20/330 547/24/325
f 547/24/325 540/24/319 541/24/320
f 439/9/175 436/8/175 445/8/26
f 445/8/26 444/9/26 439/9/175
f 439/9/175 444/9/26 443/9/26
f 443/9/26 440/9/175 439/9/175
f 576/11/127 441/25/127 440/25/175
f 440/25/175 577/11/175 576/11/127
f 443/9/26 442/8/26 577/8/175
f 577/8/175 440/9/175 443/9/26
f 418/11/161 578/11/20 427/25/20
f 427/25/20 420/25/161 418/11/161
f 420/25/161 427/25/20 426/25/20
f 426/25/20 421/25/161 420/25/161
f 424/11/20 435/11/161 421/25/161
f 421/25/161 426/25/20 424/11/20
f 427/9/20 578/27/20 432/27/19
f 432/27/19 428/7/19 427/9/20
f 576/27/127 429/27/126 430/7/126
f 430/7/126 441/9/127 576/27/127
f 579/40/357 581/26/357 580/26/358
f 580/26/358 582/40/358 579/40/357
f 582/40/358 580/26/358 583/26/359
f 583/26/359 586/40/359 582/40/358
f 579/40/357 582/40/358 584/40/358
f 584/40/358 585/40/357 579/40/357
f 586/40/359 583/26/359 587/26/21
f 587/26/21 588/40/21 586/40/359
f 586/40/359 588/40/21 589/40/21
f 589/40/21 590/40/359 586/40/359
f 584/40/358 582/40/358 586/40/359
f 586/40/359 590/40/359 584/40/358
f 590/40/359 589/40/21 591/26/21
f 591/26/21 592/26/359 590/40/359
f 593/26/358 584/40/358 590/40/359
f 590/40/359 592/26/359 593/26/358
f 594/26/357 585/40/357 584/40/358
f 584/40/358 593/26/358 594/26/357
f 595/41/127 275/11/127 274/11/175
f 274/11/175 596/41/175 595/41/127
f 595/41/127 596/41/175 597/41/175
f 597/41/175 598/41/127 595/41/127
f 599/39/360 601/42/362 600/39/361
f 600/39/361 603/39/364 599/39/360
f 603/39/364 600/39/361 604/39/365
f 604/39/365 605/42/366 603/39/364
f 608/44/369 604/39/365 607/43/368
f 607/43/368 612/48/373 608/44/369
f 606/42/367 604/39/365 608/44/369
f 608/44/369 609/45/370 606/42/367
f 610/46/371 607/43/368 600/39/361
f 600/39/361 601/42/362 610/46/371
f 607/43/368 610/46/371 611/47/372
f 611/47/372 612/48/373 607/43/368
f 603/39/364 605/42/366 613/46/374
f 613/46/374 614/43/375 603/39/364
f 614/43/375 613/46/374 615/46/376
f 615/46/376 616/48/377 614/43/375
f 614/43/375 616/48/377 617/44/368
f 617/44/368 599/39/360 614/43/375
f 619/39/379 618/44/378 617/44/368
f 617/44/368 616/48/377 619/39/379
f 621/39/142 619/39/379 622/42/381
f 622/42/381 623/42/128 621/39/142
f 620/39/380 619/39/379 621/39/142
f 621/39/142 624/39/141 620/39/380
f 620/39/380 624/39/141 625/42/138
f 625/42/138 626/42/382 620/39/380
f 620/39/380 626/42/382 627/45/383
f 627/45/383 618/44/378 620/39/380
f 618/44/378 627/45/383 628/45/384
f 628/45/384 617/44/368 618/44/378
f 16/49/125 15/49/125 13/39/125
f 13/39/125 14/39/125 16/49/125
f 12/39/125 11/39/125 9/49/125
f 9/49/125 10/49/125 12/39/125
f 10/49/125 9/49/125 7/49/125
f 7/49/125 8/49/125 10/49/125
f 8/49/125 7/49/125 5/39/125
f 5/39/125 6/39/125 8/49/125
f 4/39/125 1/39/125 629/49/125
f 629/49/125 630/49/125 4/39/125
f 631/50/385 633/42/387 632/42/386
f 632/42/386 634/50/385 631/50/385
f 635/50/388 631/50/385 634/50/385
f 634/50/385 640/50/393 635/50/388
f 631/50/385 635/50/388 636/51/389
f 636/51/389 637/52/390 631/50/385
f 637/52/390 636/51/389 638/51/391
f 638/51/391 639/53/392 637/52/390
f 641/42/394 635/50/388 640/50/393
f 640/50/393 642/42/395 641/42/394
f 640/50/393 634/50/385 643/51/396
f 643/51/396 644/52/389 640/50/393
f 647/49/1 646/49/1 645/39/1
f 645/39/1 648/39/1 647/49/1
f 623/39/1 649/39/1 650/49/1
f 650/49/1 621/49/1 623/39/1
f 621/49/1 650/49/1 651/49/1
f 651/49/1 624/49/1 621/49/1
f 624/49/1 651/49/1 652/39/1
f 652/39/1 625/39/1 624/49/1
f 654/39/1 653/39/1 655/49/1
f 655/49/1 656/49/1 654/39/1
f 657/42/397 653/54/150 652/42/155
f 652/42/155 658/42/398 657/42/397
f 626/42/382 625/42/138 654/54/147
f 654/54/147 659/42/399 626/42/382
f 660/41/161 662/11/161 661/11/20
f 661/11/20 663/41/20 660/41/161
f 664/41/161 660/41/161 663/41/20
f 663/41/20 665/41/20 664/41/161
f 658/42/398 652/42/155 651/50/153
f 651/50/153 666/50/400 658/42/398
f 666/50/400 651/50/153 650/50/157
f 650/50/157 667/50/401 666/50/400
f 658/42/398 666/50/400 638/51/391
f 638/51/391 668/45/402 658/42/398
f 667/50/401 650/50/157 649/42/133
f 649/42/133 669/42/403 667/50/401
f 669/42/403 649/42/133 645/42/131
f 645/42/131 670/42/404 669/42/403
f 669/42/403 670/42/404 671/54/405
f 671/54/405 672/46/406 669/42/403
f 672/46/406 671/54/405 673/54/407
f 673/54/407 674/46/408 672/46/406
f 648/42/130 676/42/410 675/39/409
f 675/39/409 647/39/35 648/42/130
f 647/39/35 675/39/409 677/39/411
f 677/39/411 646/39/40 647/39/35
f 677/39/411 675/39/409 678/49/412
f 678/49/412 679/49/413 677/39/411
f 646/39/40 677/39/411 670/42/404
f 670/42/404 645/42/131 646/39/40
f 676/42/410 648/42/130 623/42/128
f 623/42/128 622/42/381 676/42/410
f 676/42/410 622/42/381 615/46/376
f 615/46/376 680/54/414 676/42/410
f 680/54/414 615/46/376 613/46/374
f 613/46/374 681/54/415 680/54/414
f 594/8/357 416/8/175 597/55/175
f 597/55/175 585/55/357 594/8/357
f 579/55/357 585/55/357 597/55/175
f 597/55/175 596/55/175 579/55/357
f 682/8/161 591/8/21 589/55/21
f 589/55/21 664/55/161 682/8/161
f 664/55/161 589/55/21 588/55/21
f 588/55/21 660/55/161 664/55/161
f 663/56/20 661/8/20 683/8/19
f 683/8/19 684/57/19 663/56/20
f 663/56/20 684/57/19 685/57/19
f 685/57/19 665/56/20 663/56/20
f 686/57/416 687/8/416 275/8/127
f 275/8/127 595/56/127 686/57/416
f 688/57/416 686/57/416 595/56/127
f 595/56/127 598/56/127 688/57/416
f 5/42/138 690/42/417 689/42/399
f 689/42/399 1/42/147 5/42/138
f 1/42/147 689/42/399 691/49/418
f 691/49/418 629/49/105 1/42/147
f 629/49/105 691/49/418 692/49/419
f 692/49/419 630/49/101 629/49/105
f 692/49/419 691/49/418 693/49/420
f 693/49/420 694/49/421 692/49/419
f 695/42/397 4/42/150 630/49/101
f 630/49/101 692/49/419 695/42/397
f 695/42/397 692/49/419 694/49/421
f 694/49/421 696/54/422 695/42/397
f 4/42/150 695/42/397 697/42/423
f 697/42/423 6/42/155 4/42/150
f 698/50/401 10/50/157 8/50/153
f 8/50/153 699/50/400 698/50/401
f 699/50/400 8/50/153 6/42/155
f 6/42/155 697/42/423 699/50/400
f 699/50/400 697/42/423 700/46/424
f 700/46/424 701/53/425 699/50/400
f 698/50/401 699/50/400 701/53/425
f 701/53/425 702/51/392 698/50/401
f 703/42/426 698/50/401 702/51/392
f 702/51/392 704/45/427 703/42/426
f 704/45/427 702/51/392 643/51/396
f 643/51/396 705/45/428 704/45/427
f 10/50/157 698/50/401 703/42/426
f 703/42/426 12/42/133 10/50/157
f 706/42/404 14/42/131 12/42/133
f 12/42/133 703/42/426 706/42/404
f 706/42/404 703/42/426 704/45/427
f 704/45/427 707/58/429 706/42/404
f 707/58/429 704/45/427 705/45/428
f 705/45/428 708/58/430 707/58/429
f 14/42/131 706/42/404 709/39/411
f 709/39/411 16/39/40 14/42/131
f 707/58/429 710/39/431 709/39/411
f 709/39/411 706/42/404 707/58/429
f 16/39/40 709/39/411 711/39/409
f 711/39/409 15/39/35 16/39/40
f 15/39/35 711/39/409 712/42/432
f 712/42/432 13/42/130 15/39/35
f 713/42/381 11/42/128 13/42/130
f 13/42/130 712/42/432 713/42/381
f 713/42/381 712/42/432 714/58/433
f 714/58/433 715/45/434 713/42/381
f 715/45/434 714/58/433 716/58/435
f 716/58/435 609/45/370 715/45/434
f 690/42/417 5/42/138 7/39/141
f 7/39/141 717/39/436 690/42/417
f 718/39/437 717/39/436 7/39/141
f 7/39/141 9/39/142 718/39/437
f 718/39/437 9/39/142 11/42/128
f 11/42/128 713/42/381 718/39/437
f 659/42/399 654/54/147 656/49/105
f 656/49/105 719/49/418 659/42/399
f 719/49/418 656/49/105 655/49/101
f 655/49/101 721/49/419 719/49/418
f 659/42/399 719/49/418 720/39/420
f 720/39/420 726/42/442 659/42/399
f 721/49/419 655/49/101 653/54/150
f 653/54/150 657/42/397 721/49/419
f 721/49/419 657/42/397 722/42/438
f 722/42/438 723/39/439 721/49/419
f 723/39/439 722/42/438 724/42/440
f 724/42/440 725/39/441 723/39/439
f 720/39/420 723/39/439 725/39/441
f 725/39/441 727/39/443 720/39/420
f 726/42/442 720/39/420 727/39/443
f 727/39/443 728/42/444 726/42/442
f 727/39/443 725/39/441 729/49/445
f 729/49/445 730/49/446 727/39/443
f 689/42/399 690/42/417 611/47/372
f 611/47/372 731/54/447 689/42/399
f 731/54/447 611/47/372 610/46/371
f 610/46/371 732/54/448 731/54/447
f 732/54/448 610/46/371 601/42/362
f 601/42/362 733/42/449 732/54/448
f 733/42/449 601/42/362 602/42/363
f 602/42/363 734/42/450 733/42/449
f 734/42/450 602/42/363 628/45/384
f 628/45/384 728/42/444 734/42/450
f 731/54/447 693/49/420 691/49/418
f 691/49/418 689/42/399 731/54/447
f 693/49/420 731/54/447 732/54/448
f 732/54/448 735/49/451 693/49/420
f 735/49/451 732/54/448 733/42/449
f 733/42/449 736/49/452 735/49/451
f 730/49/446 734/42/450 728/42/444
f 728/42/444 727/39/443 730/49/446
f 737/49/453 736/49/452 730/49/446
f 730/49/446 729/49/445 737/49/453
f 738/42/454 737/49/453 729/49/445
f 729/49/445 739/42/455 738/42/454
f 739/42/455 729/49/445 725/39/441
f 725/39/441 724/42/440 739/42/455
f 737/49/453 738/42/454 740/54/456
f 740/54/456 741/49/457 737/49/453
f 741/49/457 740/54/456 696/54/422
f 696/54/422 694/49/421 741/49/457
f 736/49/452 737/49/453 741/49/457
f 741/49/457 735/49/451 736/49/452
f 735/49/451 741/49/457 694/49/421
f 694/49/421 693/49/420 735/49/451
f 697/42/423 695/42/397 696/54/422
f 696/54/422 700/46/424 697/42/423
f 700/46/424 696/54/422 740/54/456
f 740/54/456 742/46/458 700/46/424
f 742/46/458 740/54/456 738/42/454
f 738/42/454 642/42/395 742/46/458
f 642/42/395 738/42/454 739/42/455
f 739/42/455 641/42/394 642/42/395
f 641/42/394 739/42/455 724/42/440
f 724/42/440 743/45/459 641/42/394
f 701/53/425 700/46/424 742/46/458
f 742/46/458 644/52/389 701/53/425
f 702/51/392 701/53/425 644/52/389
f 644/52/389 643/51/396 702/51/392
f 644/52/389 742/46/458 642/42/395
f 642/42/395 640/50/393 644/52/389
f 634/50/385 632/42/386 705/45/428
f 705/45/428 643/51/396 634/50/385
f 708/58/430 705/45/428 632/42/386
f 632/42/386 744/42/460 708/58/430
f 744/42/460 632/42/386 633/42/387
f 633/42/387 745/42/461 744/42/460
f 745/42/461 633/42/387 674/46/408
f 674/46/408 673/54/407 745/42/461
f 710/39/431 707/58/429 708/58/430
f 708/58/430 746/39/462 710/39/431
f 746/39/462 708/58/430 744/42/460
f 744/42/460 747/39/463 746/39/462
f 747/39/463 744/42/460 745/42/461
f 745/42/461 748/39/464 747/39/463
f 748/39/464 745/42/461 673/54/407
f 673/54/407 750/49/466 748/39/464
f 749/39/465 747/39/463 748/39/464
f 748/39/464 751/39/465 749/39/465
f 750/49/466 673/54/407 671/54/405
f 671/54/405 679/49/413 750/49/466
f 752/42/467 749/39/465 751/39/465
f 751/39/465 753/42/468 752/42/467
f 749/39/465 752/42/467 716/58/435
f 716/58/435 755/39/470 749/39/465
f 753/42/468 751/39/465 754/49/469
f 754/49/469 681/54/415 753/42/468
f 755/39/470 716/58/435 714/58/433
f 714/58/433 756/39/412 755/39/470
f 681/54/415 754/49/469 678/49/412
f 678/49/412 680/54/414 681/54/415
f 710/39/431 756/39/412 711/39/409
f 711/39/409 709/39/411 710/39/431
f 756/39/412 710/39/431 746/39/462
f 746/39/462 755/39/470 756/39/412
f 755/39/470 746/39/462 747/39/463
f 747/39/463 749/39/465 755/39/470
f 756/39/412 714/58/433 712/42/432
f 712/42/432 711/39/409 756/39/412
f 609/45/370 716/58/435 752/42/467
f 752/42/467 606/42/367 609/45/370
f 606/42/367 752/42/467 753/42/468
f 753/42/468 605/42/366 606/42/367
f 605/42/366 753/42/468 681/54/415
f 681/54/415 613/46/374 605/42/366
f 718/39/437 713/42/381 715/45/434
f 715/45/434 757/44/471 718/39/437
f 757/44/471 715/45/434 609/45/370
f 609/45/370 608/44/369 757/44/471
f 608/44/369 612/48/373 717/39/436
f 717/39/436 757/44/471 608/44/369
f 690/42/417 717/39/436 612/48/373
f 612/48/373 611/47/372 690/42/417
f 633/42/387 631/50/385 637/52/390
f 637/52/390 674/46/408 633/42/387
f 674/46/408 637/52/390 639/53/392
f 639/53/392 672/46/406 674/46/408
f 667/50/401 669/42/403 672/46/406
f 672/46/406 639/53/392 667/50/401
f 670/42/404 677/39/411 679/49/413
f 679/49/413 671/54/405 670/42/404
f 675/39/409 676/42/410 680/54/414
f 680/54/414 678/49/412 675/39/409
f 622/42/381 619/39/379 616/48/377
f 616/48/377 615/46/376 622/42/381
f 743/45/459 724/42/440 722/42/438
f 722/42/438 668/45/402 743/45/459
f 668/45/402 722/42/438 657/42/397
f 657/42/397 658/42/398 668/45/402
f 635/50/388 641/42/394 743/45/459
f 743/45/459 636/51/389 635/50/388
f 636/51/389 743/45/459 668/45/402
f 668/45/402 638/51/391 636/51/389
f 617/44/368 628/45/384 602/42/363
f 602/42/363 599/39/360 617/44/368
f 728/42/444 628/45/384 627/45/383
f 627/45/383 726/42/442 728/42/444
f 726/42/442 627/45/383 626/42/382
f 626/42/382 659/42/399 726/42/442
f 751/39/465 748/39/464 750/49/466
f 750/49/466 754/49/469 751/39/465
f 754/49/469 750/49/466 679/49/413
f 679/49/413 678/49/412 754/49/469
f 723/39/439 720/39/420 719/49/418
f 719/49/418 721/49/419 723/39/439
f 639/53/392 638/51/391 666/50/400
f 666/50/400 667/50/401 639/53/392
f 761/39/475 760/42/474 758/39/472
f 758/39/472 762/39/476 761/39/475
f 763/39/477 761/39/475 762/39/476
f 762/39/476 764/42/478 763/39/477
f 766/43/480 763/39/477 767/44/481
f 767/44/481 771/48/485 766/43/480
f 767/44/481 763/39/477 765/42/479
f 765/42/479 768/45/482 767/44/481
f 761/39/475 766/43/480 769/46/483
f 769/46/483 760/42/474 761/39/475
f 770/47/484 769/46/483 766/43/480
f 766/43/480 771/48/485 770/47/484
f 772/46/486 764/42/478 762/39/476
f 762/39/476 773/43/487 772/46/486
f 774/46/488 772/46/486 773/43/487
f 773/43/487 775/48/489 774/46/488
f 776/44/480 775/48/489 773/43/487
f 773/43/487 758/39/472 776/44/480
f 778/39/491 775/48/489 776/44/480
f 776/44/480 777/44/490 778/39/491
f 781/42/493 778/39/491 780/39/65
f 780/39/65 782/42/67 781/42/493
f 780/39/65 778/39/491 779/39/492
f 779/39/492 783/39/73 780/39/65
f 784/42/75 783/39/73 779/39/492
f 779/39/492 785/42/494 784/42/75
f 786/45/495 785/42/494 779/39/492
f 779/39/492 777/44/490 786/45/495
f 787/45/496 786/45/495 777/44/490
f 777/44/490 776/44/480 787/45/496
f 95/49/125 94/49/125 92/39/125
f 92/39/125 93/39/125 95/49/125
f 91/39/125 90/39/125 88/49/125
f 88/49/125 89/49/125 91/39/125
f 89/49/125 88/49/125 86/49/125
f 86/49/125 87/49/125 89/49/125
f 87/49/125 86/49/125 84/39/125
f 84/39/125 85/39/125 87/49/125
f 83/39/125 80/39/125 81/49/125
f 81/49/125 82/49/125 83/39/125
f 790/42/499 789/42/498 788/50/497
f 788/50/497 791/50/497 790/42/499
f 791/50/497 788/50/497 792/50/500
f 792/50/500 797/50/505 791/50/497
f 793/51/501 792/50/500 788/50/497
f 788/50/497 794/52/502 793/51/501
f 795/51/503 793/51/501 794/52/502
f 794/52/502 796/53/504 795/51/503
f 797/50/505 792/50/500 798/42/506
f 798/42/506 799/42/507 797/50/505
f 800/51/508 791/50/497 797/50/505
f 797/50/505 801/52/501 800/51/508
f 804/49/1 803/49/1 802/39/1
f 802/39/1 805/39/1 804/49/1
f 784/39/1 806/39/1 807/49/1
f 807/49/1 783/49/1 784/39/1
f 783/49/1 807/49/1 808/49/1
f 808/49/1 780/49/1 783/49/1
f 780/49/1 808/49/1 809/39/1
f 809/39/1 782/39/1 780/49/1
f 811/39/1 810/39/1 812/49/1
f 812/49/1 813/49/1 811/39/1
f 815/42/510 814/42/509 806/42/50
f 806/42/50 802/54/43 815/42/510
f 785/42/494 816/42/511 805/54/37
f 805/54/37 784/42/75 785/42/494
f 807/50/48 806/42/50 814/42/509
f 814/42/509 817/50/512 807/50/48
f 808/50/52 807/50/48 817/50/512
f 817/50/512 818/50/513 808/50/52
f 795/51/503 817/50/512 814/42/509
f 814/42/509 819/45/514 795/51/503
f 809/42/54 808/50/52 818/50/513
f 818/50/513 820/42/515 809/42/54
f 810/42/103 809/42/54 820/42/515
f 820/42/515 821/42/516 810/42/103
f 822/54/517 821/42/516 820/42/515
f 820/42/515 823/46/518 822/54/517
f 824/54/519 822/54/517 823/46/518
f 823/46/518 825/46/520 824/54/519
f 827/39/522 826/42/521 811/42/107
f 811/42/107 813/39/105 827/39/522
f 828/39/523 827/39/522 813/39/105
f 813/39/105 812/39/101 828/39/523
f 829/49/524 827/39/522 828/39/523
f 828/39/523 830/49/525 829/49/524
f 821/42/516 828/39/523 812/39/101
f 812/39/101 810/42/103 821/42/516
f 782/42/67 811/42/107 826/42/521
f 826/42/521 781/42/493 782/42/67
f 774/46/488 781/42/493 826/42/521
f 826/42/521 831/54/526 774/46/488
f 772/46/486 774/46/488 831/54/526
f 831/54/526 832/54/527 772/46/486
f 90/42/75 92/42/37 833/42/511
f 833/42/511 834/42/528 90/42/75
f 835/49/529 833/42/511 92/42/37
f 92/42/37 94/49/35 835/49/529
f 836/49/530 835/49/529 94/49/35
f 94/49/35 95/49/40 836/49/530
f 837/49/531 835/49/529 836/49/530
f 836/49/530 838/49/532 837/49/531
f 95/49/40 93/42/43 839/42/510
f 839/42/510 836/49/530 95/49/40
f 838/49/532 836/49/530 839/42/510
f 839/42/510 840/54/533 838/49/532
f 93/42/43 91/42/50 841/42/534
f 841/42/534 839/42/510 93/42/43
f 87/50/52 85/42/54 842/42/535
f 842/42/535 843/50/513 87/50/52
f 89/50/48 87/50/52 843/50/513
f 843/50/513 844/50/512 89/50/48
f 91/42/50 89/50/48 844/50/512
f 844/50/512 841/42/534 91/42/50
f 845/46/536 841/42/534 844/50/512
f 844/50/512 846/53/537 845/46/536
f 846/53/537 844/50/512 843/50/513
f 843/50/513 847/51/504 846/53/537
f 847/51/504 843/50/513 842/42/535
f 842/42/535 848/45/538 847/51/504
f 800/51/508 847/51/504 848/45/538
f 848/45/538 849/45/539 800/51/508
f 85/42/54 83/42/103 850/42/516
f 850/42/516 842/42/535 85/42/54
f 848/45/538 842/42/535 850/42/516
f 850/42/516 851/58/540 848/45/538
f 849/45/539 848/45/538 851/58/540
f 851/58/540 852/58/541 849/45/539
f 83/42/103 82/39/101 853/39/523
f 853/39/523 850/42/516 83/42/103
f 851/58/540 850/42/516 853/39/523
f 853/39/523 854/39/542 851/58/540
f 855/39/522 853/39/523 82/39/101
f 82/39/101 81/39/105 855/39/522
f 856/42/543 855/39/522 81/39/105
f 81/39/105 80/42/107 856/42/543
f 80/42/107 84/42/67 857/42/493
f 857/42/493 856/42/543 80/42/107
f 858/58/544 856/42/543 857/42/493
f 857/42/493 859/45/545 858/58/544
f 860/58/546 858/58/544 859/45/545
f 859/45/545 768/45/482 860/58/546
f 88/39/73 90/42/75 834/42/528
f 834/42/528 861/39/547 88/39/73
f 88/39/73 861/39/547 862/39/548
f 862/39/548 86/39/65 88/39/73
f 84/42/67 86/39/65 862/39/548
f 862/39/548 857/42/493 84/42/67
f 804/49/35 805/54/37 816/42/511
f 816/42/511 863/49/529 804/49/35
f 803/49/40 804/49/35 863/49/529
f 863/49/529 865/49/530 803/49/40
f 864/39/531 863/49/529 816/42/511
f 816/42/511 870/42/553 864/39/531
f 802/54/43 803/49/40 865/49/530
f 865/49/530 815/42/510 802/54/43
f 866/42/549 815/42/510 865/49/530
f 865/49/530 867/39/550 866/42/549
f 868/42/551 866/42/549 867/39/550
f 867/39/550 869/39/552 868/42/551
f 869/39/552 867/39/550 864/39/531
f 864/39/531 871/39/554 869/39/552
f 871/39/554 864/39/531 870/42/553
f 870/42/553 872/42/555 871/39/554
f 873/49/556 869/39/552 871/39/554
f 871/39/554 874/49/557 873/49/556
f 770/47/484 834/42/528 833/42/511
f 833/42/511 875/54/558 770/47/484
f 769/46/483 770/47/484 875/54/558
f 875/54/558 876/54/559 769/46/483
f 760/42/474 769/46/483 876/54/559
f 876/54/559 877/42/560 760/42/474
f 759/42/473 760/42/474 877/42/560
f 877/42/560 878/42/561 759/42/473
f 787/45/496 759/42/473 878/42/561
f 878/42/561 872/42/555 787/45/496
f 875/54/558 833/42/511 835/49/529
f 835/49/529 837/49/531 875/54/558
f 876/54/559 875/54/558 837/49/531
f 837/49/531 879/49/562 876/54/559
f 877/42/560 876/54/559 879/49/562
f 879/49/562 880/49/563 877/42/560
f 872/42/555 878/42/561 874/49/557
f 874/49/557 871/39/554 872/42/555
f 874/49/557 880/49/563 881/49/564
f 881/49/564 873/49/556 874/49/557
f 873/49/556 881/49/564 882/42/565
f 882/42/565 883/42/566 873/49/556
f 869/39/552 873/49/556 883/42/566
f 883/42/566 868/42/551 869/39/552
f 884/54/567 882/42/565 881/49/564
f 881/49/564 885/49/568 884/54/567
f 840/54/533 884/54/567 885/49/568
f 885/49/568 838/49/532 840/54/533
f 885/49/568 881/49/564 880/49/563
f 880/49/563 879/49/562 885/49/568
f 838/49/532 885/49/568 879/49/562
f 879/49/562 837/49/531 838/49/532
f 840/54/533 839/42/510 841/42/534
f 841/42/534 845/46/536 840/54/533
f 884/54/567 840/54/533 845/46/536
f 845/46/536 886/46/569 884/54/567
f 882/42/565 884/54/567 886/46/569
f 886/46/569 799/42/507 882/42/565
f 883/42/566 882/42/565 799/42/507
f 799/42/507 798/42/506 883/42/566
f 868/42/551 883/42/566 798/42/506
f 798/42/506 887/45/570 868/42/551
f 886/46/569 845/46/536 846/53/537
f 846/53/537 801/52/501 886/46/569
f 801/52/501 846/53/537 847/51/504
f 847/51/504 800/51/508 801/52/501
f 799/42/507 886/46/569 801/52/501
f 801/52/501 797/50/505 799/42/507
f 791/50/497 800/51/508 849/45/539
f 849/45/539 790/42/499 791/50/497
f 790/42/499 849/45/539 852/58/541
f 852/58/541 888/42/571 790/42/499
f 789/42/498 790/42/499 888/42/571
f 888/42/571 889/42/572 789/42/498
f 825/46/520 789/42/498 889/42/572
f 889/42/572 824/54/519 825/46/520
f 852/58/541 851/58/540 854/39/542
f 854/39/542 890/39/573 852/58/541
f 888/42/571 852/58/541 890/39/573
f 890/39/573 891/39/574 888/42/571
f 889/42/572 888/42/571 891/39/574
f 891/39/574 892/39/575 889/42/572
f 824/54/519 889/42/572 892/39/575
f 892/39/575 894/49/577 824/54/519
f 892/39/575 891/39/574 893/39/576
f 893/39/576 895/39/576 892/39/575
f 822/54/517 824/54/519 894/49/577
f 894/49/577 830/49/525 822/54/517
f 895/39/576 893/39/576 896/42/578
f 896/42/578 897/42/579 895/39/576
f 860/58/546 896/42/578 893/39/576
f 893/39/576 899/39/581 860/58/546
f 898/49/580 895/39/576 897/42/579
f 897/42/579 832/54/527 898/49/580
f 858/58/544 860/58/546 899/39/581
f 899/39/581 900/39/582 858/58/544
f 829/49/524 898/49/580 832/54/527
f 832/54/527 831/54/526 829/49/524
f 854/39/542 853/39/523 855/39/522
f 855/39/522 900/39/582 854/39/542
f 890/39/573 854/39/542 900/39/582
f 900/39/582 899/39/581 890/39/573
f 891/39/574 890/39/573 899/39/581
f 899/39/581 893/39/576 891/39/574
f 900/39/582 855/39/522 856/42/543
f 856/42/543 858/58/544 900/39/582
f 896/42/578 860/58/546 768/45/482
f 768/45/482 765/42/479 896/42/578
f 897/42/579 896/42/578 765/42/479
f 765/42/479 764/42/478 897/42/579
f 832/54/527 897/42/579 764/42/478
f 764/42/478 772/46/486 832/54/527
f 859/45/545 857/42/493 862/39/548
f 862/39/548 901/44/583 859/45/545
f 768/45/482 859/45/545 901/44/583
f 901/44/583 767/44/481 768/45/482
f 767/44/481 901/44/583 861/39/547
f 861/39/547 771/48/485 767/44/481
f 771/48/485 861/39/547 834/42/528
f 834/42/528 770/47/484 771/48/485
f 794/52/502 788/50/497 789/42/498
f 789/42/498 825/46/520 794/52/502
f 796/53/504 794/52/502 825/46/520
f 825/46/520 823/46/518 796/53/504
f 818/50/513 796/53/504 823/46/518
f 823/46/518 820/42/515 818/50/513
f 821/42/516 822/54/517 830/49/525
f 830/49/525 828/39/523 821/42/516
f 827/39/522 829/49/524 831/54/526
f 831/54/526 826/42/521 827/39/522
f 781/42/493 774/46/488 775/48/489
f 775/48/489 778/39/491 781/42/493
f 866/42/549 868/42/551 887/45/570
f 887/45/570 819/45/514 866/42/549
f 815/42/510 866/42/549 819/45/514
f 819/45/514 814/42/509 815/42/510
f 887/45/570 798/42/506 792/50/500
f 792/50/500 793/51/501 887/45/570
f 819/45/514 887/45/570 793/51/501
f 793/51/501 795/51/503 819/45/514
f 776/44/480 758/39/472 759/42/473
f 759/42/473 787/45/496 776/44/480
f 786/45/495 787/45/496 872/42/555
f 872/42/555 870/42/553 786/45/495
f 785/42/494 786/45/495 870/42/553
f 870/42/553 816/42/511 785/42/494
f 894/49/577 892/39/575 895/39/576
f 895/39/576 898/49/580 894/49/577
f 830/49/525 894/49/577 898/49/580
f 898/49/580 829/49/524 830/49/525
f 867/39/550 865/49/530 863/49/529
f 863/49/529 864/39/531 867/39/550
f 796/53/504 818/50/513 817/50/512
f 817/50/512 795/51/503 796/53/504
f 911/40/586 907/40/587 905/40/584
f 905/40/584 906/40/586 911/40/586
f 908/26/416 902/26/584 905/40/584
f 905/40/584 688/40/416 908/26/416
f 686/40/416 688/40/416 905/40/584
f 905/40/584 907/40/587 686/40/416
f 686/40/416 907/40/587 909/26/587
f 909/26/587 687/26/416 686/40/416
f 911/40/586 910/26/586 909/26/587
f 909/26/587 907/40/587 911/40/586
f 683/26/19 910/26/586 911/40/586
f 911/40/586 684/40/19 683/26/19
f 906/40/586 685/40/19 684/40/19
f 684/40/19 911/40/586 906/40/586
f 904/26/586 912/26/19 685/40/19
f 685/40/19 906/40/586 904/26/586
f 579/55/357 596/55/175 274/8/175
f 274/8/175 581/8/357 579/55/357
f 660/55/161 588/55/21 587/8/21
f 587/8/21 662/8/161 660/55/161
f 597/41/175 416/11/175 35/11/127
f 35/11/127 598/41/127 597/41/175
f 665/41/20 913/11/20 682/11/161
f 682/11/161 664/41/161 665/41/20
f 685/57/19 912/8/19 913/8/20
f 913/8/20 665/56/20 685/57/19
f 598/56/127 35/8/127 908/8/416
f 908/8/416 688/57/416 598/56/127
f 916/61/590 915/60/589 914/60/588
f 914/60/588 917/61/591 916/61/590
f 918/62/592 916/61/590 917/61/591
f 917/61/591 919/63/593 918/62/592
f 920/64/594 918/62/592 919/63/593
f 919/63/593 921/65/595 920/64/594
f 920/64/594 921/65/595 922/66/596
f 922/66/596 923/65/597 920/64/594
f 926/69/600 925/68/599 924/67/598
f 924/67/598 927/67/601 926/69/600
f 929/71/603 928/70/602 925/68/599
f 925/68/599 926/69/600 929/71/603
f 932/70/606 931/72/605 930/72/604
f 930/72/604 933/73/607 932/70/606
f 926/69/600 927/67/601 934/67/608
f 934/67/608 931/72/605 926/69/600
f 929/71/603 926/69/600 931/72/605
f 931/72/605 932/70/606 929/71/603
f 929/71/603 932/70/606 935/74/609
f 935/74/609 928/70/602 929/71/603
f 936/75/610 935/74/609 932/70/606
f 932/70/606 933/73/607 936/75/610
f 937/75/611 936/75/610 933/73/607
f 933/73/607 938/73/612 937/75/611
f 928/70/602 935/74/609 939/75/613
f 939/75/613 940/76/614 928/70/602
f 941/76/615 940/76/614 939/75/613
f 939/75/613 942/75/616 941/76/615
f 921/65/595 919/63/593 943/63/617
f 943/63/617 944/77/618 921/65/595
f 923/65/597 922/66/596 945/78/619
f 945/78/619 946/77/620 923/65/597
f 947/78/621 922/66/596 921/65/595
f 921/65/595 944/77/618 947/78/621
f 948/78/622 947/78/621 944/77/618
f 944/77/618 949/77/623 948/78/622
f 948/78/622 949/77/623 950/77/624
f 950/77/624 951/78/625 948/78/622
f 951/78/625 950/77/624 952/77/626
f 952/77/626 955/78/629 951/78/625
f 953/79/627 948/78/622 951/78/625
f 951/78/625 956/79/630 953/79/627
f 947/78/621 948/78/622 953/79/627
f 953/79/627 954/79/628 947/78/621
f 922/66/596 947/78/621 954/79/628
f 954/79/628 945/78/619 922/66/596
f 956/79/630 951/78/625 955/78/629
f 955/78/629 963/79/636 956/79/630
f 954/79/628 953/79/627 957/79/584
f 957/79/584 995/79/660 954/79/628
f 957/79/584 953/79/627 956/79/630
f 956/79/630 965/79/584 957/79/584
f 958/78/631 955/78/629 952/77/626
f 952/77/626 959/77/632 958/78/631
f 955/78/629 958/78/631 960/79/633
f 960/79/633 963/79/636 955/78/629
f 960/79/633 958/78/631 961/66/634
f 961/66/634 962/78/635 960/79/633
f 964/79/637 960/79/633 962/78/635
f 962/78/635 966/78/638 964/79/637
f 963/79/636 960/79/633 964/79/637
f 964/79/637 972/79/584 963/79/636
f 965/79/584 956/79/630 963/79/636
f 963/79/636 972/79/584 965/79/584
f 966/78/638 962/78/635 967/77/639
f 967/77/639 968/77/640 966/78/638
f 966/78/638 968/77/640 969/77/641
f 969/77/641 970/78/642 966/78/638
f 964/79/637 966/78/638 970/78/642
f 970/78/642 973/79/644 964/79/637
f 970/78/642 969/77/641 971/77/643
f 971/77/643 974/78/645 970/78/642
f 972/79/584 964/79/637 973/79/644
f 973/79/644 981/79/584 972/79/584
f 973/79/644 970/78/642 974/78/645
f 974/78/645 980/79/651 973/79/644
f 975/78/646 974/78/645 971/77/643
f 971/77/643 976/77/647 975/78/646
f 974/78/645 975/78/646 977/79/648
f 977/79/648 980/79/651 974/78/645
f 977/79/648 975/78/646 978/66/649
f 978/66/649 979/78/650 977/79/648
f 981/79/584 973/79/644 980/79/651
f 980/79/651 983/79/584 981/79/584
f 982/79/584 965/79/584 972/79/584
f 972/79/584 981/79/584 982/79/584
f 983/79/584 980/79/651 977/79/648
f 977/79/648 984/79/652 983/79/584
f 984/79/652 977/79/648 979/78/650
f 979/78/650 987/78/653 984/79/652
f 981/79/584 983/79/584 985/79/584
f 985/79/584 982/79/584 981/79/584
f 965/79/584 982/79/584 986/79/584
f 986/79/584 957/79/584 965/79/584
f 987/78/653 979/78/650 988/77/654
f 988/77/654 989/77/655 987/78/653
f 987/78/653 989/77/655 990/77/656
f 990/77/656 991/78/657 987/78/653
f 984/79/652 987/78/653 991/78/657
f 991/78/657 993/79/659 984/79/652
f 991/78/657 990/77/656 992/77/658
f 992/77/658 996/78/661 991/78/657
f 983/79/584 984/79/652 993/79/659
f 993/79/659 985/79/584 983/79/584
f 982/79/584 985/79/584 994/79/584
f 994/79/584 986/79/584 982/79/584
f 995/79/660 957/79/584 986/79/584
f 986/79/584 998/79/663 995/79/660
f 993/79/659 991/78/657 996/78/661
f 996/78/661 997/79/662 993/79/659
f 985/79/584 993/79/659 997/79/662
f 997/79/662 994/79/584 985/79/584
f 998/79/663 986/79/584 994/79/584
f 994/79/584 1005/79/670 998/79/663
f 954/79/628 995/79/660 999/78/664
f 999/78/664 945/78/619 954/79/628
f 999/78/664 995/79/660 998/79/663
f 998/79/663 1007/78/672 999/78/664
f 1000/78/665 996/78/661 992/77/658
f 992/77/658 1001/77/666 1000/78/665
f 996/78/661 1000/78/665 1002/79/667
f 1002/79/667 997/79/662 996/78/661
f 1002/79/667 1000/78/665 1003/66/668
f 1003/66/668 1004/78/669 1002/79/667
f 1005/79/670 994/79/584 997/79/662
f 997/79/662 1002/79/667 1005/79/670
f 1005/79/670 1002/79/667 1004/78/669
f 1004/78/669 1009/78/674 1005/79/670
f 945/78/619 999/78/664 1006/77/671
f 1006/77/671 946/77/620 945/78/619
f 1006/77/671 999/78/664 1007/78/672
f 1007/78/672 1008/77/673 1006/77/671
f 1007/78/672 998/79/663 1005/79/670
f 1005/79/670 1009/78/674 1007/78/672
f 1008/77/673 1007/78/672 1009/78/674
f 1009/78/674 1011/77/676 1008/77/673
f 1009/78/674 1004/78/669 1010/77/675
f 1010/77/675 1011/77/676 1009/78/674
f 1012/61/677 1014/61/679 1013/63/678
f 1013/63/678 1015/62/680 1012/61/677
f 1015/62/680 1013/63/678 923/65/597
f 923/65/597 946/77/620 1015/62/680
f 1016/62/681 1015/62/680 946/77/620
f 946/77/620 1006/77/671 1016/62/681
f 1016/62/681 1006/77/671 1008/77/673
f 1008/77/673 1017/62/682 1016/62/681
f 1017/62/682 1008/77/673 1011/77/676
f 1011/77/676 1018/62/683 1017/62/682
f 1019/62/684 1018/62/683 1011/77/676
f 1011/77/676 1010/77/675 1019/62/684
f 920/64/594 923/65/597 1013/63/678
f 1013/63/678 918/62/592 920/64/594
f 918/62/592 1013/63/678 1014/61/679
f 1014/61/679 916/61/590 918/62/592
f 915/60/589 916/61/590 1014/61/679
f 1014/61/679 1020/60/685 915/60/589
f 915/60/589 1020/60/685 1021/80/686
f 1021/80/686 1022/80/687 915/60/589
f 1025/69/690 1024/72/689 1023/67/688
f 1023/67/688 1026/67/691 1025/69/690
f 1029/70/694 1028/73/693 1027/72/692
f 1027/72/692 1024/72/689 1029/70/694
f 1024/72/689 1025/69/690 1030/71/695
f 1030/71/695 1029/70/694 1024/72/689
f 1031/74/696 1029/70/694 1030/71/695
f 1030/71/695 1032/70/697 1031/74/696
f 1029/70/694 1031/74/696 1033/75/698
f 1033/75/698 1028/73/693 1029/70/694
f 1034/73/699 1028/73/693 1033/75/698
f 1033/75/698 1035/75/700 1034/73/699
f 1036/75/701 1031/74/696 1032/70/697
f 1032/70/697 1037/76/702 1036/75/701
f 1038/75/703 1036/75/701 1037/76/702
f 1037/76/702 1039/76/704 1038/75/703
f 1040/72/705 1037/76/702 1032/70/697
f 1032/70/697 1041/68/706 1040/72/705
f 1042/67/707 1041/68/706 1025/69/690
f 1025/69/690 1026/67/691 1042/67/707
f 1043/81/708 1026/67/691 1023/67/688
f 1023/67/688 1044/81/709 1043/81/708
f 1043/81/708 1044/81/709 1045/82/710
f 1045/82/710 1046/82/711 1043/81/708
f 1047/81/712 1043/81/708 1046/82/711
f 1046/82/711 1049/82/714 1047/81/712
f 1046/82/711 1045/82/710 1048/83/713
f 1048/83/713 1050/84/715 1046/82/711
f 1049/82/714 1046/82/711 1050/84/715
f 1050/84/715 1051/83/716 1049/82/714
f 1030/71/695 1025/69/690 1041/68/706
f 1041/68/706 1032/70/697 1030/71/695
f 1052/65/717 1003/66/668 1000/78/665
f 1000/78/665 1001/77/666 1052/65/717
f 1052/65/717 1001/77/666 1053/63/718
f 1053/63/718 1054/63/719 1052/65/717
f 1054/63/719 1053/63/718 1055/61/720
f 1055/61/720 1056/61/721 1054/63/719
f 1057/61/722 1055/61/720 1053/63/718
f 1053/63/718 1058/63/723 1057/61/722
f 1058/63/723 1053/63/718 1001/77/666
f 1001/77/666 992/77/658 1058/63/723
f 1058/63/723 992/77/658 990/77/656
f 990/77/656 1059/63/724 1058/63/723
f 1059/63/724 990/77/656 989/77/655
f 989/77/655 1060/63/725 1059/63/724
f 1061/63/726 1060/63/725 989/77/655
f 989/77/655 988/77/654 1061/63/726
f 1062/65/727 1010/77/675 1004/78/669
f 1004/78/669 1003/66/668 1062/65/727
f 1063/64/728 1062/65/727 1003/66/668
f 1003/66/668 1052/65/717 1063/64/728
f 1063/64/728 1052/65/717 1054/63/719
f 1054/63/719 1064/62/729 1063/64/728
f 1064/62/729 1054/63/719 1056/61/721
f 1056/61/721 1065/61/730 1064/62/729
f 1066/60/731 1065/61/730 1056/61/721
f 1056/61/721 1067/60/732 1066/60/731
f 1066/60/731 1067/60/732 1068/80/733
f 1068/80/733 1069/80/734 1066/60/731
f 1062/65/727 1070/63/735 1019/62/684
f 1019/62/684 1010/77/675 1062/65/727
f 1070/63/735 1062/65/727 1063/64/728
f 1063/64/728 1064/62/729 1070/63/735
f 1071/61/736 1070/63/735 1064/62/729
f 1064/62/729 1065/61/730 1071/61/736
f 1072/60/737 1071/61/736 1065/61/730
f 1065/61/730 1066/60/731 1072/60/737
f 1075/69/740 1074/72/739 1073/67/738
f 1073/67/738 1076/67/741 1075/69/740
f 1079/70/744 1078/73/743 1077/72/742
f 1077/72/742 1074/72/739 1079/70/744
f 1074/72/739 1075/69/740 1080/71/745
f 1080/71/745 1079/70/744 1074/72/739
f 1081/74/746 1079/70/744 1080/71/745
f 1080/71/745 1082/70/747 1081/74/746
f 1079/70/744 1081/74/746 1083/75/748
f 1083/75/748 1078/73/743 1079/70/744
f 1084/73/749 1078/73/743 1083/75/748
f 1083/75/748 1085/75/750 1084/73/749
f 1086/75/751 1081/74/746 1082/70/747
f 1082/70/747 1087/76/752 1086/75/751
f 1088/75/753 1086/75/751 1087/76/752
f 1087/76/752 1089/76/754 1088/75/753
f 1090/72/755 1087/76/752 1082/70/747
f 1082/70/747 1091/68/756 1090/72/755
f 1092/67/757 1091/68/756 1075/69/740
f 1075/69/740 1076/67/741 1092/67/757
f 1093/81/758 1076/67/741 1073/67/738
f 1073/67/738 1094/81/759 1093/81/758
f 1093/81/758 1094/81/759 1095/82/760
f 1095/82/760 1096/82/761 1093/81/758
f 1097/81/762 1093/81/758 1096/82/761
f 1096/82/761 1099/82/764 1097/81/762
f 1096/82/761 1095/82/760 1098/83/763
f 1098/83/763 1100/84/765 1096/82/761
f 1099/82/764 1096/82/761 1100/84/765
f 1100/84/765 1101/83/766 1099/82/764
f 1080/71/745 1075/69/740 1091/68/756
f 1091/68/756 1082/70/747 1080/71/745
f 1102/65/767 961/66/634 958/78/631
f 958/78/631 959/77/632 1102/65/767
f 1102/65/767 959/77/632 1103/63/768
f 1103/63/768 1104/63/769 1102/65/767
f 1104/63/769 1103/63/768 1105/61/770
f 1105/61/770 1106/61/771 1104/63/769
f 1107/61/772 1105/61/770 1103/63/768
f 1103/63/768 1108/63/773 1107/61/772
f 1108/63/773 1103/63/768 959/77/632
f 959/77/632 952/77/626 1108/63/773
f 1108/63/773 952/77/626 950/77/624
f 950/77/624 1109/63/774 1108/63/773
f 1109/63/774 950/77/624 949/77/623
f 949/77/623 1110/63/775 1109/63/774
f 943/63/617 1110/63/775 949/77/623
f 949/77/623 944/77/618 943/63/617
f 1111/65/776 967/77/639 962/78/635
f 962/78/635 961/66/634 1111/65/776
f 1112/64/777 1111/65/776 961/66/634
f 961/66/634 1102/65/767 1112/64/777
f 1112/64/777 1102/65/767 1104/63/769
f 1104/63/769 1113/62/778 1112/64/777
f 1113/62/778 1104/63/769 1106/61/771
f 1106/61/771 1114/61/779 1113/62/778
f 1115/60/780 1114/61/779 1106/61/771
f 1106/61/771 1116/60/781 1115/60/780
f 1115/60/780 1116/60/781 1117/80/782
f 1117/80/782 1118/80/783 1115/60/780
f 1111/65/776 1120/63/785 1119/62/784
f 1119/62/784 967/77/639 1111/65/776
f 1120/63/785 1111/65/776 1112/64/777
f 1112/64/777 1113/62/778 1120/63/785
f 1121/61/786 1120/63/785 1113/62/778
f 1113/62/778 1114/61/779 1121/61/786
f 1122/60/787 1121/61/786 1114/61/779
f 1114/61/779 1115/60/780 1122/60/787
f 1125/69/790 1124/68/789 1123/67/788
f 1123/67/788 1126/67/791 1125/69/790
f 1128/71/793 1127/70/792 1124/68/789
f 1124/68/789 1125/69/790 1128/71/793
f 1131/70/796 1130/72/795 1129/72/794
f 1129/72/794 1132/73/797 1131/70/796
f 1125/69/790 1126/67/791 1133/67/798
f 1133/67/798 1130/72/795 1125/69/790
f 1128/71/793 1125/69/790 1130/72/795
f 1130/72/795 1131/70/796 1128/71/793
f 1128/71/793 1131/70/796 1134/74/799
f 1134/74/799 1127/70/792 1128/71/793
f 1135/75/800 1134/74/799 1131/70/796
f 1131/70/796 1132/73/797 1135/75/800
f 1136/75/801 1135/75/800 1132/73/797
f 1132/73/797 1137/73/802 1136/75/801
f 1127/70/792 1134/74/799 1138/75/803
f 1138/75/803 1139/76/804 1127/70/792
f 1140/76/805 1139/76/804 1138/75/803
f 1138/75/803 1141/75/806 1140/76/805
f 1142/65/807 978/66/649 975/78/646
f 975/78/646 976/77/647 1142/65/807
f 979/78/650 978/66/649 1143/65/808
f 1143/65/808 988/77/654 979/78/650
f 978/66/649 1142/65/807 1144/64/809
f 1144/64/809 1143/65/808 978/66/649
f 1145/63/810 1143/65/808 1144/64/809
f 1144/64/809 1146/62/811 1145/63/810
f 1147/61/812 1145/63/810 1146/62/811
f 1146/62/811 1148/61/813 1147/61/812
f 1149/60/814 1147/61/812 1148/61/813
f 1148/61/813 1150/60/815 1149/60/814
f 1151/61/816 1153/61/818 1152/63/817
f 1152/63/817 1154/62/819 1151/61/816
f 1154/62/819 1152/63/817 1142/65/807
f 1142/65/807 976/77/647 1154/62/819
f 1155/62/820 1154/62/819 976/77/647
f 976/77/647 971/77/643 1155/62/820
f 1155/62/820 971/77/643 969/77/641
f 969/77/641 1156/62/821 1155/62/820
f 1156/62/821 969/77/641 968/77/640
f 968/77/640 1157/62/822 1156/62/821
f 1119/62/784 1157/62/822 968/77/640
f 968/77/640 967/77/639 1119/62/784
f 1144/64/809 1142/65/807 1152/63/817
f 1152/63/817 1146/62/811 1144/64/809
f 1146/62/811 1152/63/817 1153/61/818
f 1153/61/818 1148/61/813 1146/62/811
f 1150/60/815 1148/61/813 1153/61/818
f 1153/61/818 1158/60/823 1150/60/815
f 1150/60/815 1158/60/823 1159/80/824
f 1159/80/824 1160/80/825 1150/60/815
f 1143/65/808 1145/63/810 1061/63/726
f 1061/63/726 988/77/654 1143/65/808
f 1161/85/826 1163/86/828 1162/86/827
f 1162/86/827 1164/85/829 1161/85/826
f 1165/87/830 1164/85/829 1166/85/831
f 1166/85/831 1167/87/832 1165/87/830
f 1168/86/833 1166/85/831 1164/85/829
f 1164/85/829 1162/86/827 1168/86/833
f 1170/86/835 1168/86/833 1169/88/834
f 1169/88/834 1171/88/836 1170/86/835
f 1171/88/836 1169/88/834 1172/89/837
f 1172/89/837 1173/90/838 1171/88/836
f 1174/88/839 1171/88/836 1173/90/838
f 1173/90/838 1175/90/840 1174/88/839
f 1174/88/839 1175/90/840 1176/90/841
f 1176/90/841 1177/88/842 1174/88/839
f 1177/88/842 1176/90/841 1178/90/843
f 1178/90/843 1179/88/844 1177/88/842
f 1180/88/845 1179/88/844 1178/90/843
f 1178/90/843 1181/90/846 1180/88/845
f 1166/85/831 1168/86/833 1170/86/835
f 1170/86/835 1182/91/847 1166/85/831
f 1167/87/832 1166/85/831 1182/91/847
f 1182/91/847 1186/87/851 1167/87/832
f 1182/91/847 1170/86/835 1183/86/848
f 1183/86/848 1185/91/850 1182/91/847
f 1183/86/848 1170/86/835 1171/88/836
f 1171/88/836 1174/88/839 1183/86/848
f 1183/86/848 1174/88/839 1177/88/842
f 1177/88/842 1184/86/849 1183/86/848
f 1184/86/849 1177/88/842 1179/88/844
f 1179/88/844 1195/86/860 1184/86/849
f 1185/91/850 1183/86/848 1184/86/849
f 1184/86/849 1194/91/859 1185/91/850
f 1186/87/851 1182/91/847 1185/91/850
f 1185/91/850 1193/87/858 1186/87/851
f 1167/87/832 1186/87/851 1187/92/852
f 1187/92/852 1188/93/853 1167/87/832
f 1188/93/853 1187/92/852 1189/94/854
f 1189/94/854 1190/95/855 1188/93/853
f 1191/94/856 1189/94/854 1187/92/852
f 1187/92/852 1192/92/857 1191/94/856
f 1192/92/857 1187/92/852 1186/87/851
f 1186/87/851 1193/87/858 1192/92/857
f 1193/87/858 1185/91/850 1194/91/859
f 1194/91/859 1198/87/863 1193/87/858
f 1194/91/859 1184/86/849 1195/86/860
f 1195/86/860 1200/91/865 1194/91/859
f 1191/94/856 1192/92/857 1196/92/861
f 1196/92/861 1197/94/862 1191/94/856
f 1192/92/857 1193/87/858 1198/87/863
f 1198/87/863 1196/92/861 1192/92/857
f 1199/86/864 1195/86/860 1179/88/844
f 1179/88/844 1180/88/845 1199/86/864
f 1198/87/863 1194/91/859 1200/91/865
f 1200/91/865 1204/87/869 1198/87/863
f 1200/91/865 1195/86/860 1199/86/864
f 1199/86/864 1210/91/876 1200/91/865
f 1197/94/862 1196/92/861 1201/92/866
f 1201/92/866 1202/94/867 1197/94/862
f 1203/94/868 1202/94/867 1201/92/866
f 1201/92/866 1205/92/870 1203/94/868
f 1196/92/861 1198/87/863 1204/87/869
f 1204/87/869 1201/92/866 1196/92/861
f 1205/92/870 1201/92/866 1204/87/869
f 1204/87/869 1207/87/873 1205/92/870
f 1048/95/871 1203/94/868 1205/92/870
f 1205/92/870 1206/93/872 1048/95/871
f 1206/93/872 1205/92/870 1207/87/873
f 1207/87/873 1208/87/874 1206/93/872
f 1209/85/875 1208/87/874 1207/87/873
f 1207/87/873 1210/91/876 1209/85/875
f 1204/87/869 1200/91/865 1210/91/876
f 1210/91/876 1207/87/873 1204/87/869
f 1211/86/877 1209/85/875 1210/91/876
f 1210/91/876 1199/86/864 1211/86/877
f 1211/86/877 1199/86/864 1180/88/845
f 1180/88/845 1212/88/878 1211/86/877
f 1026/67/691 1043/81/708 1047/81/712
f 1047/81/712 1042/67/707 1026/67/691
f 1213/81/879 1047/81/712 1049/82/714
f 1049/82/714 1214/82/880 1213/81/879
f 1214/82/880 1049/82/714 1051/83/716
f 1051/83/716 1215/83/881 1214/82/880
f 1216/82/882 1214/82/880 1215/83/881
f 1215/83/881 1217/83/883 1216/82/882
f 1216/82/882 1217/83/883 1218/83/884
f 1218/83/884 1219/82/885 1216/82/882
f 1219/82/885 1218/83/884 1220/83/886
f 1220/83/886 1221/82/887 1219/82/885
f 1222/82/888 1221/82/887 1220/83/886
f 1220/83/886 1223/83/889 1222/82/888
f 1208/87/874 1209/85/875 1224/85/890
f 1224/85/890 1225/87/891 1208/87/874
f 1208/87/874 1225/87/891 1226/93/892
f 1226/93/892 1206/93/872 1208/87/874
f 1227/81/893 1133/67/798 1126/67/791
f 1126/67/791 1228/81/894 1227/81/893
f 1227/81/893 1228/81/894 1229/82/895
f 1229/82/895 1230/82/896 1227/81/893
f 1231/82/897 1229/82/895 1228/81/894
f 1228/81/894 1232/81/898 1231/82/897
f 1229/82/895 1231/82/897 1233/83/899
f 1233/83/899 1234/84/900 1229/82/895
f 1230/82/896 1229/82/895 1234/84/900
f 1234/84/900 1235/83/901 1230/82/896
f 1236/85/902 1238/87/904 1237/87/903
f 1237/87/903 1239/85/905 1236/85/902
f 1240/86/906 1239/85/905 1241/85/907
f 1241/85/907 1242/86/908 1240/86/906
f 1243/87/909 1241/85/907 1239/85/905
f 1239/85/905 1237/87/903 1243/87/909
f 1243/87/909 1237/87/903 1244/93/910
f 1244/93/910 1245/93/911 1243/87/909
f 1076/67/741 1093/81/758 1097/81/762
f 1097/81/762 1092/67/757 1076/67/741
f 1246/81/912 1097/81/762 1099/82/764
f 1099/82/764 1247/82/913 1246/81/912
f 1247/82/913 1099/82/764 1101/83/766
f 1101/83/766 1248/83/914 1247/82/913
f 1249/82/915 1247/82/913 1248/83/914
f 1248/83/914 1250/83/916 1249/82/915
f 1249/82/915 1250/83/916 1251/83/917
f 1251/83/917 1252/82/918 1249/82/915
f 1252/82/918 1251/83/917 1253/83/919
f 1253/83/919 1254/82/920 1252/82/918
f 1255/82/921 1254/82/920 1253/83/919
f 1253/83/919 1256/83/922 1255/82/921
f 1259/87/925 1258/85/924 1257/85/923
f 1257/85/923 1260/87/926 1259/87/925
f 1259/87/925 1260/87/926 1261/93/927
f 1261/93/927 1262/93/928 1259/87/925
f 1092/67/757 1097/81/762 1246/81/912
f 1246/81/912 1263/67/929 1092/67/757
f 1091/68/756 1092/67/757 1263/67/929
f 1263/67/929 1090/72/755 1091/68/756
f 1263/67/929 1246/81/912 1264/81/930
f 1264/81/930 1266/67/932 1263/67/929
f 1264/81/930 1246/81/912 1247/82/913
f 1247/82/913 1249/82/915 1264/81/930
f 1264/81/930 1249/82/915 1252/82/918
f 1252/82/918 1265/81/931 1264/81/930
f 1265/81/931 1252/82/918 1254/82/920
f 1254/82/920 1269/81/935 1265/81/931
f 1266/67/932 1264/81/930 1265/81/931
f 1265/81/931 1268/67/934 1266/67/932
f 1267/72/933 1090/72/755 1263/67/929
f 1263/67/929 1266/67/932 1267/72/933
f 1267/72/933 1266/67/932 1268/67/934
f 1268/67/934 1270/72/936 1267/72/933
f 1268/67/934 1265/81/931 1269/81/935
f 1269/81/935 1273/67/939 1268/67/934
f 1090/72/755 1267/72/933 1089/76/754
f 1089/76/754 1087/76/752 1090/72/755
f 1089/76/754 1267/72/933 1270/72/936
f 1270/72/936 1271/76/937 1089/76/754
f 1272/81/938 1269/81/935 1254/82/920
f 1254/82/920 1255/82/921 1272/81/938
f 1270/72/936 1268/67/934 1273/67/939
f 1273/67/939 1274/72/940 1270/72/936
f 1273/67/939 1269/81/935 1272/81/938
f 1272/81/938 1276/67/942 1273/67/939
f 1271/76/937 1270/72/936 1274/72/940
f 1274/72/940 941/76/615 1271/76/937
f 940/76/614 941/76/615 1274/72/940
f 1274/72/940 1275/72/941 940/76/614
f 1275/72/941 1274/72/940 1273/67/939
f 1273/67/939 1276/67/942 1275/72/941
f 928/70/602 940/76/614 1275/72/941
f 1275/72/941 925/68/599 928/70/602
f 925/68/599 1275/72/941 1276/67/942
f 1276/67/942 924/67/598 925/68/599
f 1277/81/943 1272/81/938 1255/82/921
f 1255/82/921 1278/82/944 1277/81/943
f 1276/67/942 1272/81/938 1277/81/943
f 1277/81/943 924/67/598 1276/67/942
f 924/67/598 1277/81/943 1279/81/945
f 1279/81/945 927/67/601 924/67/598
f 1116/60/781 1106/61/771 1105/61/770
f 1105/61/770 1280/60/946 1116/60/781
f 1280/60/946 1105/61/770 1107/61/772
f 1107/61/772 1286/60/952 1280/60/946
f 1116/60/781 1280/60/946 1281/96/947
f 1281/96/947 1117/80/782 1116/60/781
f 1117/80/782 1281/96/947 1282/97/948
f 1282/97/948 1283/98/949 1117/80/782
f 1284/97/950 1282/97/948 1281/96/947
f 1281/96/947 1285/96/951 1284/97/950
f 1285/96/951 1281/96/947 1280/60/946
f 1280/60/946 1286/60/952 1285/96/951
f 1284/97/950 1285/96/951 1287/96/953
f 1287/96/953 1288/97/954 1284/97/950
f 1285/96/951 1286/60/952 1289/60/955
f 1289/60/955 1287/96/953 1285/96/951
f 1286/60/952 1107/61/772 1290/61/956
f 1290/61/956 1289/60/955 1286/60/952
f 1288/97/954 1287/96/953 1291/96/957
f 1291/96/957 1292/97/958 1288/97/954
f 1293/97/959 1292/97/958 1291/96/957
f 1291/96/957 1295/96/961 1293/97/959
f 1109/63/774 1290/61/956 1107/61/772
f 1107/61/772 1108/63/773 1109/63/774
f 1290/61/956 1109/63/774 1110/63/775
f 1110/63/775 1298/61/964 1290/61/956
f 1287/96/953 1289/60/955 1294/60/960
f 1294/60/960 1291/96/957 1287/96/953
f 1295/96/961 1291/96/957 1294/60/960
f 1294/60/960 1299/60/965 1295/96/961
f 1296/98/962 1293/97/959 1295/96/961
f 1295/96/961 1297/80/963 1296/98/962
f 1289/60/955 1290/61/956 1298/61/964
f 1298/61/964 1294/60/960 1289/60/955
f 1297/80/963 1295/96/961 1299/60/965
f 1299/60/965 914/60/588 1297/80/963
f 917/61/591 914/60/588 1299/60/965
f 1299/60/965 1300/61/966 917/61/591
f 1300/61/966 1298/61/964 1110/63/775
f 1110/63/775 943/63/617 1300/61/966
f 1294/60/960 1298/61/964 1300/61/966
f 1300/61/966 1299/60/965 1294/60/960
f 919/63/593 917/61/591 1300/61/966
f 1300/61/966 943/63/617 919/63/593
f 1228/81/894 1126/67/791 1123/67/788
f 1123/67/788 1232/81/898 1228/81/894
f 1232/81/898 1123/67/788 1301/67/967
f 1301/67/967 1307/81/973 1232/81/898
f 1301/67/967 1123/67/788 1124/68/789
f 1124/68/789 1302/72/968 1301/67/967
f 1302/72/968 1124/68/789 1127/70/792
f 1127/70/792 1139/76/804 1302/72/968
f 1303/72/969 1302/72/968 1139/76/804
f 1139/76/804 1140/76/805 1303/72/969
f 1303/72/969 1140/76/805 1304/76/970
f 1304/76/970 1306/72/972 1303/72/969
f 1305/67/971 1301/67/967 1302/72/968
f 1302/72/968 1303/72/969 1305/67/971
f 1305/67/971 1303/72/969 1306/72/972
f 1306/72/972 1309/67/975 1305/67/971
f 1306/72/972 1304/76/970 1039/76/704
f 1039/76/704 1311/72/977 1306/72/972
f 1307/81/973 1301/67/967 1305/67/971
f 1305/67/971 1308/81/974 1307/81/973
f 1232/81/898 1307/81/973 1222/82/888
f 1222/82/888 1231/82/897 1232/81/898
f 1221/82/887 1222/82/888 1307/81/973
f 1307/81/973 1308/81/974 1221/82/887
f 1308/81/974 1305/67/971 1309/67/975
f 1309/67/975 1310/81/976 1308/81/974
f 1221/82/887 1308/81/974 1310/81/976
f 1310/81/976 1219/82/885 1221/82/887
f 1309/67/975 1306/72/972 1311/72/977
f 1311/72/977 1313/67/979 1309/67/975
f 1219/82/885 1310/81/976 1312/81/978
f 1312/81/978 1216/82/882 1219/82/885
f 1214/82/880 1216/82/882 1312/81/978
f 1312/81/978 1213/81/879 1214/82/880
f 1310/81/976 1309/67/975 1313/67/979
f 1313/67/979 1312/81/978 1310/81/976
f 1312/81/978 1313/67/979 1314/67/980
f 1314/67/980 1213/81/879 1312/81/978
f 1314/67/980 1313/67/979 1311/72/977
f 1311/72/977 1040/72/705 1314/67/980
f 1040/72/705 1311/72/977 1039/76/704
f 1039/76/704 1037/76/702 1040/72/705
f 1314/67/980 1040/72/705 1041/68/706
f 1041/68/706 1042/67/707 1314/67/980
f 1213/81/879 1314/67/980 1042/67/707
f 1042/67/707 1047/81/712 1213/81/879
f 1158/60/823 1153/61/818 1151/61/816
f 1151/61/816 1315/60/981 1158/60/823
f 1315/60/981 1151/61/816 1316/61/982
f 1316/61/982 1319/60/985 1315/60/981
f 1316/61/982 1151/61/816 1154/62/819
f 1154/62/819 1155/62/820 1316/61/982
f 1316/61/982 1155/62/820 1156/62/821
f 1156/62/821 1317/61/983 1316/61/982
f 1317/61/983 1156/62/821 1157/62/822
f 1157/62/822 1327/61/993 1317/61/983
f 1158/60/823 1315/60/981 1318/96/984
f 1318/96/984 1159/80/824 1158/60/823
f 1319/60/985 1316/61/982 1317/61/983
f 1317/61/983 1324/60/990 1319/60/985
f 1159/80/824 1318/96/984 1320/97/986
f 1320/97/986 1321/98/987 1159/80/824
f 1322/97/988 1320/97/986 1318/96/984
f 1318/96/984 1323/96/989 1322/97/988
f 1323/96/989 1318/96/984 1315/60/981
f 1315/60/981 1319/60/985 1323/96/989
f 1323/96/989 1319/60/985 1324/60/990
f 1324/60/990 1325/96/991 1323/96/989
f 1322/97/988 1323/96/989 1325/96/991
f 1325/96/991 1326/97/992 1322/97/988
f 1324/60/990 1317/61/983 1327/61/993
f 1327/61/993 1331/60/997 1324/60/990
f 1326/97/992 1325/96/991 1328/96/994
f 1328/96/994 1329/97/995 1326/97/992
f 1330/97/996 1329/97/995 1328/96/994
f 1328/96/994 1333/96/999 1330/97/996
f 1325/96/991 1324/60/990 1331/60/997
f 1331/60/997 1328/96/994 1325/96/991
f 1332/61/998 1327/61/993 1157/62/822
f 1157/62/822 1119/62/784 1332/61/998
f 1331/60/997 1327/61/993 1332/61/998
f 1332/61/998 1336/60/1002 1331/60/997
f 1332/61/998 1119/62/784 1120/63/785
f 1120/63/785 1121/61/786 1332/61/998
f 1333/96/999 1328/96/994 1331/60/997
f 1331/60/997 1336/60/1002 1333/96/999
f 1334/98/1000 1330/97/996 1333/96/999
f 1333/96/999 1335/80/1001 1334/98/1000
f 1336/60/1002 1332/61/998 1121/61/786
f 1121/61/786 1122/60/787 1336/60/1002
f 1335/80/1001 1333/96/999 1336/60/1002
f 1336/60/1002 1122/60/787 1335/80/1001
f 1020/60/685 1014/61/679 1012/61/677
f 1012/61/677 1337/60/1003 1020/60/685
f 1020/60/685 1337/60/1003 1338/96/1004
f 1338/96/1004 1021/80/686 1020/60/685
f 1021/80/686 1338/96/1004 1173/97/1005
f 1173/97/1005 1172/98/1006 1021/80/686
f 1175/97/1007 1173/97/1005 1338/96/1004
f 1338/96/1004 1339/96/1008 1175/97/1007
f 1339/96/1008 1338/96/1004 1337/60/1003
f 1337/60/1003 1341/60/1010 1339/96/1008
f 1337/60/1003 1012/61/677 1340/61/1009
f 1340/61/1009 1341/60/1010 1337/60/1003
f 1340/61/1009 1012/61/677 1015/62/680
f 1015/62/680 1016/62/681 1340/61/1009
f 1340/61/1009 1016/62/681 1017/62/682
f 1017/62/682 1342/61/1011 1340/61/1009
f 1341/60/1010 1340/61/1009 1342/61/1011
f 1342/61/1011 1344/60/1014 1341/60/1010
f 1342/61/1011 1017/62/682 1018/62/683
f 1018/62/683 1345/61/1015 1342/61/1011
f 1175/97/1007 1339/96/1008 1343/96/1012
f 1343/96/1012 1176/97/1013 1175/97/1007
f 1339/96/1008 1341/60/1010 1344/60/1014
f 1344/60/1014 1343/96/1012 1339/96/1008
f 1344/60/1014 1342/61/1011 1345/61/1015
f 1345/61/1015 1347/60/1019 1344/60/1014
f 1176/97/1013 1343/96/1012 1346/96/1016
f 1346/96/1016 1178/97/1017 1176/97/1013
f 1181/97/1018 1178/97/1017 1346/96/1016
f 1346/96/1016 1349/96/1021 1181/97/1018
f 1343/96/1012 1344/60/1014 1347/60/1019
f 1347/60/1019 1346/96/1016 1343/96/1012
f 1348/61/1020 1345/61/1015 1018/62/683
f 1018/62/683 1019/62/684 1348/61/1020
f 1347/60/1019 1345/61/1015 1348/61/1020
f 1348/61/1020 1352/60/1024 1347/60/1019
f 1348/61/1020 1019/62/684 1070/63/735
f 1070/63/735 1071/61/736 1348/61/1020
f 1349/96/1021 1346/96/1016 1347/60/1019
f 1347/60/1019 1352/60/1024 1349/96/1021
f 1350/98/1022 1181/97/1018 1349/96/1021
f 1349/96/1021 1351/80/1023 1350/98/1022
f 1352/60/1024 1348/61/1020 1071/61/736
f 1071/61/736 1072/60/737 1352/60/1024
f 1351/80/1023 1349/96/1021 1352/60/1024
f 1352/60/1024 1072/60/737 1351/80/1023
f 1353/81/1025 934/67/608 927/67/601
f 927/67/601 1279/81/945 1353/81/1025
f 1353/81/1025 1279/81/945 1354/82/1026
f 1354/82/1026 1355/82/1027 1353/81/1025
f 1278/82/944 1354/82/1026 1279/81/945
f 1279/81/945 1277/81/943 1278/82/944
f 1354/82/1026 1278/82/944 1356/83/1028
f 1356/83/1028 1357/84/1029 1354/82/1026
f 1355/82/1027 1354/82/1026 1357/84/1029
f 1357/84/1029 1190/83/1030 1355/82/1027
f 1067/60/732 1056/61/721 1055/61/720
f 1055/61/720 1358/60/1031 1067/60/732
f 1358/60/1031 1055/61/720 1057/61/722
f 1057/61/722 1364/60/1037 1358/60/1031
f 1067/60/732 1358/60/1031 1359/96/1032
f 1359/96/1032 1068/80/733 1067/60/732
f 1068/80/733 1359/96/1032 1360/97/1033
f 1360/97/1033 1361/98/1034 1068/80/733
f 1362/97/1035 1360/97/1033 1359/96/1032
f 1359/96/1032 1363/96/1036 1362/97/1035
f 1363/96/1036 1359/96/1032 1358/60/1031
f 1358/60/1031 1364/60/1037 1363/96/1036
f 1362/97/1035 1363/96/1036 1365/96/1038
f 1365/96/1038 1366/97/1039 1362/97/1035
f 1363/96/1036 1364/60/1037 1367/60/1040
f 1367/60/1040 1365/96/1038 1363/96/1036
f 1364/60/1037 1057/61/722 1368/61/1041
f 1368/61/1041 1367/60/1040 1364/60/1037
f 1366/97/1039 1365/96/1038 1369/96/1042
f 1369/96/1042 1370/97/1043 1366/97/1039
f 1371/97/1044 1370/97/1043 1369/96/1042
f 1369/96/1042 1373/96/1046 1371/97/1044
f 1059/63/724 1368/61/1041 1057/61/722
f 1057/61/722 1058/63/723 1059/63/724
f 1368/61/1041 1059/63/724 1060/63/725
f 1060/63/725 1376/61/1049 1368/61/1041
f 1365/96/1038 1367/60/1040 1372/60/1045
f 1372/60/1045 1369/96/1042 1365/96/1038
f 1373/96/1046 1369/96/1042 1372/60/1045
f 1372/60/1045 1377/60/1050 1373/96/1046
f 1374/98/1047 1371/97/1044 1373/96/1046
f 1373/96/1046 1375/80/1048 1374/98/1047
f 1367/60/1040 1368/61/1041 1376/61/1049
f 1376/61/1049 1372/60/1045 1367/60/1040
f 1375/80/1048 1373/96/1046 1377/60/1050
f 1377/60/1050 1149/60/814 1375/80/1048
f 1147/61/812 1149/60/814 1377/60/1050
f 1377/60/1050 1378/61/1051 1147/61/812
f 1378/61/1051 1376/61/1049 1060/63/725
f 1060/63/725 1061/63/726 1378/61/1051
f 1372/60/1045 1376/61/1049 1378/61/1051
f 1378/61/1051 1377/60/1050 1372/60/1045
f 1145/63/810 1147/61/812 1378/61/1051
f 1378/61/1051 1061/63/726 1145/63/810
f 1381/88/1054 1380/88/1053 1379/86/1052
f 1379/86/1052 1382/86/1055 1381/88/1054
f 1383/88/1056 1381/88/1054 1382/86/1055
f 1382/86/1055 1397/86/1071 1383/88/1056
f 1384/91/1057 1382/86/1055 1379/86/1052
f 1379/86/1052 1258/85/924 1384/91/1057
f 1385/87/1058 1384/91/1057 1258/85/924
f 1258/85/924 1259/87/925 1385/87/1058
f 1385/87/1058 1259/87/925 1262/93/928
f 1262/93/928 1386/92/1059 1385/87/1058
f 1386/92/1059 1262/93/928 1098/95/1060
f 1098/95/1060 1387/94/1061 1386/92/1059
f 1384/91/1057 1385/87/1058 1388/87/1062
f 1388/87/1062 1394/91/1068 1384/91/1057
f 1388/87/1062 1385/87/1058 1386/92/1059
f 1386/92/1059 1389/92/1063 1388/87/1062
f 1389/92/1063 1386/92/1059 1387/94/1061
f 1387/94/1061 1390/94/1064 1389/92/1063
f 1389/92/1063 1390/94/1064 1391/94/1065
f 1391/94/1065 1392/92/1066 1389/92/1063
f 1388/87/1062 1389/92/1063 1392/92/1066
f 1392/92/1066 1395/87/1069 1388/87/1062
f 1392/92/1066 1391/94/1065 1393/94/1067
f 1393/94/1067 1396/92/1070 1392/92/1066
f 1382/86/1055 1384/91/1057 1394/91/1068
f 1394/91/1068 1397/86/1071 1382/86/1055
f 1394/91/1068 1388/87/1062 1395/87/1069
f 1395/87/1069 1398/91/1072 1394/91/1068
f 1395/87/1069 1392/92/1066 1396/92/1070
f 1396/92/1070 1401/87/1075 1395/87/1069
f 1397/86/1071 1394/91/1068 1398/91/1072
f 1398/91/1072 1399/86/1073 1397/86/1071
f 1383/88/1056 1397/86/1071 1399/86/1073
f 1399/86/1073 1400/88/1074 1383/88/1056
f 1398/91/1072 1395/87/1069 1401/87/1075
f 1401/87/1075 1408/91/1082 1398/91/1072
f 1402/92/1076 1396/92/1070 1393/94/1067
f 1393/94/1067 1403/94/1077 1402/92/1076
f 1400/88/1074 1399/86/1073 1404/86/1078
f 1404/86/1078 1405/88/1079 1400/88/1074
f 1406/88/1080 1405/88/1079 1404/86/1078
f 1404/86/1078 1407/86/1081 1406/88/1080
f 1399/86/1073 1398/91/1072 1408/91/1082
f 1408/91/1082 1404/86/1078 1399/86/1073
f 1409/87/1083 1401/87/1075 1396/92/1070
f 1396/92/1070 1402/92/1076 1409/87/1083
f 1408/91/1082 1401/87/1075 1409/87/1083
f 1409/87/1083 1410/91/1084 1408/91/1082
f 1404/86/1078 1408/91/1082 1410/91/1084
f 1410/91/1084 1407/86/1081 1404/86/1078
f 1411/93/1085 1402/92/1076 1403/94/1077
f 1403/94/1077 1235/95/1086 1411/93/1085
f 1402/92/1076 1411/93/1085 1238/87/904
f 1238/87/904 1409/87/1083 1402/92/1076
f 1410/91/1084 1409/87/1083 1238/87/904
f 1238/87/904 1236/85/902 1410/91/1084
f 1407/86/1081 1410/91/1084 1236/85/902
f 1236/85/902 1412/86/1087 1407/86/1081
f 1330/90/1089 1334/89/1088 1380/88/1053
f 1380/88/1053 1381/88/1054 1330/90/1089
f 1387/99/1090 1098/83/763 1095/82/760
f 1095/82/760 1413/82/1091 1387/99/1090
f 1413/82/1091 1095/82/760 1094/81/759
f 1094/81/759 1414/81/1092 1413/82/1091
f 1415/82/1093 1413/82/1091 1414/81/1092
f 1414/81/1092 1418/81/1096 1415/82/1093
f 1416/67/1094 1414/81/1092 1094/81/759
f 1094/81/759 1073/67/738 1416/67/1094
f 1416/67/1094 1073/67/738 1074/72/739
f 1074/72/739 1077/72/742 1416/67/1094
f 1414/81/1092 1416/67/1094 1417/67/1095
f 1417/67/1095 1418/81/1096 1414/81/1092
f 1417/67/1095 1416/67/1094 1077/72/742
f 1077/72/742 1421/72/1099 1417/67/1095
f 1415/82/1093 1418/81/1096 1419/81/1097
f 1419/81/1097 1420/82/1098 1415/82/1093
f 1421/72/1099 1077/72/742 1078/73/743
f 1078/73/743 1084/73/749 1421/72/1099
f 1421/72/1099 1084/73/749 1422/73/1100
f 1422/73/1100 1423/72/1101 1421/72/1099
f 1417/67/1095 1421/72/1099 1423/72/1101
f 1423/72/1101 1424/67/1102 1417/67/1095
f 1423/72/1101 1422/73/1100 1137/73/802
f 1137/73/802 1428/72/1106 1423/72/1101
f 1418/81/1096 1417/67/1095 1424/67/1102
f 1424/67/1102 1419/81/1097 1418/81/1096
f 1420/82/1098 1419/81/1097 1425/81/1103
f 1425/81/1103 1426/82/1104 1420/82/1098
f 1427/82/1105 1426/82/1104 1425/81/1103
f 1425/81/1103 1430/81/1108 1427/82/1105
f 1424/67/1102 1423/72/1101 1428/72/1106
f 1428/72/1106 1429/67/1107 1424/67/1102
f 1419/81/1097 1424/67/1102 1429/67/1107
f 1429/67/1107 1425/81/1103 1419/81/1097
f 1230/82/896 1427/82/1105 1430/81/1108
f 1430/81/1108 1227/81/893 1230/82/896
f 1133/67/798 1227/81/893 1430/81/1108
f 1430/81/1108 1431/67/1109 1133/67/798
f 1425/81/1103 1429/67/1107 1431/67/1109
f 1431/67/1109 1430/81/1108 1425/81/1103
f 1431/67/1109 1429/67/1107 1428/72/1106
f 1428/72/1106 1129/72/794 1431/67/1109
f 1130/72/795 1133/67/798 1431/67/1109
f 1431/67/1109 1129/72/794 1130/72/795
f 1129/72/794 1428/72/1106 1137/73/802
f 1137/73/802 1132/73/797 1129/72/794
f 1432/86/1110 1379/86/1052 1380/88/1053
f 1380/88/1053 1433/100/1111 1432/86/1110
f 1433/100/1111 1380/88/1053 1334/89/1088
f 1334/89/1088 1434/101/1112 1433/100/1111
f 1335/80/1001 1118/80/783 1434/102/1113
f 1434/102/1113 1334/98/1000 1335/80/1001
f 1122/60/787 1115/60/780 1118/80/783
f 1118/80/783 1335/80/1001 1122/60/787
f 1100/95/1114 1098/95/1060 1262/93/928
f 1262/93/928 1261/93/927 1100/95/1114
f 1101/95/1115 1100/95/1114 1261/93/927
f 1261/93/927 1435/93/1116 1101/95/1115
f 1436/86/1117 1432/86/1110 1433/100/1111
f 1433/100/1111 1437/88/1118 1436/86/1117
f 1437/88/1118 1433/100/1111 1434/101/1112
f 1434/101/1112 1283/101/1119 1437/88/1118
f 1438/86/1120 1436/86/1117 1437/88/1118
f 1437/88/1118 1439/88/1121 1438/86/1120
f 1440/86/1122 1438/86/1120 1439/88/1121
f 1439/88/1121 1441/88/1123 1440/86/1122
f 1441/88/1123 1439/88/1121 1282/89/1124
f 1282/89/1124 1284/89/1125 1441/88/1123
f 1441/88/1123 1284/89/1125 1288/89/1126
f 1288/89/1126 1442/88/1127 1441/88/1123
f 1440/86/1122 1441/88/1123 1442/88/1127
f 1442/88/1127 1443/86/1128 1440/86/1122
f 1442/88/1127 1288/89/1126 1292/89/1129
f 1292/89/1129 1444/88/1130 1442/88/1127
f 1445/88/1131 1444/88/1130 1292/89/1129
f 1292/89/1129 1293/89/1132 1445/88/1131
f 1118/80/783 1117/80/782 1283/98/949
f 1283/98/949 1434/102/1113 1118/80/783
f 1435/93/1116 1261/93/927 1260/87/926
f 1260/87/926 1446/87/1133 1435/93/1116
f 1447/85/1134 1446/87/1133 1260/87/926
f 1260/87/926 1257/85/923 1447/85/1134
f 1436/86/1117 1447/85/1134 1257/85/923
f 1257/85/923 1432/86/1110 1436/86/1117
f 1283/101/1119 1282/89/1124 1439/88/1121
f 1439/88/1121 1437/88/1118 1283/101/1119
f 1248/94/1135 1101/95/1115 1435/93/1116
f 1435/93/1116 1448/93/1136 1248/94/1135
f 1250/94/1137 1248/94/1135 1448/93/1136
f 1448/93/1136 1449/93/1138 1250/94/1137
f 1448/93/1136 1435/93/1116 1446/87/1133
f 1446/87/1133 1450/87/1139 1448/93/1136
f 1449/93/1138 1448/93/1136 1450/87/1139
f 1450/87/1139 1454/87/1144 1449/93/1138
f 1250/94/1137 1449/93/1138 1451/93/1140
f 1451/93/1140 1251/94/1141 1250/94/1137
f 1452/91/1142 1450/87/1139 1446/87/1133
f 1446/87/1133 1447/85/1134 1452/91/1142
f 1438/86/1120 1452/91/1142 1447/85/1134
f 1447/85/1134 1436/86/1117 1438/86/1120
f 1452/91/1142 1438/86/1120 1440/86/1122
f 1440/86/1122 1453/91/1143 1452/91/1142
f 1450/87/1139 1452/91/1142 1453/91/1143
f 1453/91/1143 1454/87/1144 1450/87/1139
f 1453/91/1143 1440/86/1122 1443/86/1128
f 1443/86/1128 1456/91/1146 1453/91/1143
f 1449/93/1138 1454/87/1144 1455/87/1145
f 1455/87/1145 1451/93/1140 1449/93/1138
f 1454/87/1144 1453/91/1143 1456/91/1146
f 1456/91/1146 1455/87/1145 1454/87/1144
f 1251/94/1141 1451/93/1140 1457/93/1147
f 1457/93/1147 1253/94/1148 1251/94/1141
f 1256/94/1149 1253/94/1148 1457/93/1147
f 1457/93/1147 1459/93/1151 1256/94/1149
f 1451/93/1140 1455/87/1145 1458/87/1150
f 1458/87/1150 1457/93/1147 1451/93/1140
f 1459/93/1151 1457/93/1147 1458/87/1150
f 1458/87/1150 1461/87/1154 1459/93/1151
f 1356/95/1152 1256/94/1149 1459/93/1151
f 1459/93/1151 1460/93/1153 1356/95/1152
f 1460/93/1153 1459/93/1151 1461/87/1154
f 1461/87/1154 1462/87/1155 1460/93/1153
f 1161/85/826 1462/87/1155 1461/87/1154
f 1461/87/1154 1463/91/1156 1161/85/826
f 1463/91/1156 1461/87/1154 1458/87/1150
f 1458/87/1150 1464/91/1157 1463/91/1156
f 1163/86/828 1161/85/826 1463/91/1156
f 1463/91/1156 1465/86/1158 1163/86/828
f 1464/91/1157 1458/87/1150 1455/87/1145
f 1455/87/1145 1456/91/1146 1464/91/1157
f 1465/86/1158 1463/91/1156 1464/91/1157
f 1464/91/1157 1466/86/1159 1465/86/1158
f 1466/86/1159 1464/91/1157 1456/91/1146
f 1456/91/1146 1443/86/1128 1466/86/1159
f 1444/88/1130 1466/86/1159 1443/86/1128
f 1443/86/1128 1442/88/1127 1444/88/1130
f 1465/86/1158 1466/86/1159 1444/88/1130
f 1444/88/1130 1445/88/1131 1465/86/1158
f 1163/86/828 1465/86/1158 1445/88/1131
f 1445/88/1131 1467/88/1160 1163/86/828
f 1469/88/1162 1468/88/1161 1242/86/908
f 1242/86/908 1470/86/1163 1469/88/1162
f 1471/88/1164 1469/88/1162 1470/86/1163
f 1470/86/1163 1481/86/1179 1471/88/1164
f 1472/91/1165 1470/86/1163 1242/86/908
f 1242/86/908 1241/85/907 1472/91/1165
f 1473/87/1166 1472/91/1165 1241/85/907
f 1241/85/907 1243/87/909 1473/87/1166
f 1473/87/1166 1243/87/909 1245/93/911
f 1245/93/911 1474/93/1167 1473/87/1166
f 1474/93/1167 1245/93/911 1233/95/1168
f 1233/95/1168 1223/94/1169 1474/93/1167
f 1472/91/1165 1473/87/1166 1475/87/1170
f 1475/87/1170 1478/91/1176 1472/91/1165
f 1475/87/1170 1473/87/1166 1474/93/1167
f 1474/93/1167 1476/93/1171 1475/87/1170
f 1476/93/1171 1474/93/1167 1223/94/1169
f 1223/94/1169 1220/94/1172 1476/93/1171
f 1476/93/1171 1220/94/1172 1218/94/1173
f 1218/94/1173 1477/93/1174 1476/93/1171
f 1475/87/1170 1476/93/1171 1477/93/1174
f 1477/93/1174 1479/87/1177 1475/87/1170
f 1477/93/1174 1218/94/1173 1217/94/1175
f 1217/94/1175 1480/93/1178 1477/93/1174
f 1470/86/1163 1472/91/1165 1478/91/1176
f 1478/91/1176 1481/86/1179 1470/86/1163
f 1478/91/1176 1475/87/1170 1479/87/1177
f 1479/87/1177 1482/91/1180 1478/91/1176
f 1479/87/1177 1477/93/1174 1480/93/1178
f 1480/93/1178 1485/87/1183 1479/87/1177
f 1481/86/1179 1478/91/1176 1482/91/1180
f 1482/91/1180 1483/86/1181 1481/86/1179
f 1471/88/1164 1481/86/1179 1483/86/1181
f 1483/86/1181 1484/88/1182 1471/88/1164
f 1482/91/1180 1479/87/1177 1485/87/1183
f 1485/87/1183 1486/91/1184 1482/91/1180
f 1483/86/1181 1482/91/1180 1486/91/1184
f 1486/91/1184 1487/86/1185 1483/86/1181
f 1488/93/1186 1480/93/1178 1217/94/1175
f 1217/94/1175 1215/94/1187 1488/93/1186
f 1489/87/1188 1485/87/1183 1480/93/1178
f 1480/93/1178 1488/93/1186 1489/87/1188
f 1486/91/1184 1485/87/1183 1489/87/1188
f 1489/87/1188 1490/91/1189 1486/91/1184
f 1487/86/1185 1486/91/1184 1490/91/1189
f 1490/91/1189 1491/86/1190 1487/86/1185
f 1492/93/1191 1488/93/1186 1215/94/1187
f 1215/94/1187 1051/95/1192 1492/93/1191
f 1488/93/1186 1492/93/1191 1493/87/1193
f 1493/87/1193 1489/87/1188 1488/93/1186
f 1490/91/1189 1489/87/1188 1493/87/1193
f 1493/87/1193 1494/85/1194 1490/91/1189
f 1491/86/1190 1490/91/1189 1494/85/1194
f 1494/85/1194 1495/86/1195 1491/86/1190
f 1371/89/1197 1374/101/1196 1468/88/1161
f 1468/88/1161 1469/88/1162 1371/89/1197
f 1223/83/889 1233/83/899 1231/82/897
f 1231/82/897 1222/82/888 1223/83/889
f 1240/86/906 1242/86/908 1468/88/1161
f 1468/88/1161 1496/100/1198 1240/86/906
f 1496/100/1198 1468/88/1161 1374/101/1196
f 1374/101/1196 1497/101/1199 1496/100/1198
f 1375/80/1048 1160/80/825 1497/102/1200
f 1497/102/1200 1374/98/1047 1375/80/1048
f 1149/60/814 1150/60/815 1160/80/825
f 1160/80/825 1375/80/1048 1149/60/814
f 1234/95/1201 1233/95/1168 1245/93/911
f 1245/93/911 1244/93/910 1234/95/1201
f 1235/95/1086 1234/95/1201 1244/93/910
f 1244/93/910 1411/93/1085 1235/95/1086
f 1412/86/1087 1240/86/906 1496/100/1198
f 1496/100/1198 1498/88/1202 1412/86/1087
f 1498/88/1202 1496/100/1198 1497/101/1199
f 1497/101/1199 1321/89/1203 1498/88/1202
f 1160/80/825 1159/80/824 1321/98/987
f 1321/98/987 1497/102/1200 1160/80/825
f 1237/87/903 1238/87/904 1411/93/1085
f 1411/93/1085 1244/93/910 1237/87/903
f 1427/82/1105 1230/82/896 1235/83/901
f 1235/83/901 1403/99/1204 1427/82/1105
f 1426/82/1104 1427/82/1105 1403/99/1204
f 1403/99/1204 1393/99/1205 1426/82/1104
f 1426/82/1104 1393/99/1205 1391/99/1206
f 1391/99/1206 1420/82/1098 1426/82/1104
f 1420/82/1098 1391/99/1206 1390/99/1207
f 1390/99/1207 1415/82/1093 1420/82/1098
f 1413/82/1091 1415/82/1093 1390/99/1207
f 1390/99/1207 1387/99/1090 1413/82/1091
f 1181/90/846 1350/89/1208 1212/88/878
f 1212/88/878 1180/88/845 1181/90/846
f 1203/99/1209 1048/83/713 1045/82/710
f 1045/82/710 1499/82/1210 1203/99/1209
f 1499/82/1210 1045/82/710 1044/81/709
f 1044/81/709 1500/81/1211 1499/82/1210
f 1501/82/1212 1499/82/1210 1500/81/1211
f 1500/81/1211 1504/81/1215 1501/82/1212
f 1502/67/1213 1500/81/1211 1044/81/709
f 1044/81/709 1023/67/688 1502/67/1213
f 1502/67/1213 1023/67/688 1024/72/689
f 1024/72/689 1027/72/692 1502/67/1213
f 1500/81/1211 1502/67/1213 1503/67/1214
f 1503/67/1214 1504/81/1215 1500/81/1211
f 1503/67/1214 1502/67/1213 1027/72/692
f 1027/72/692 1507/72/1218 1503/67/1214
f 1501/82/1212 1504/81/1215 1505/81/1216
f 1505/81/1216 1506/82/1217 1501/82/1212
f 1507/72/1218 1027/72/692 1028/73/693
f 1028/73/693 1034/73/699 1507/72/1218
f 1507/72/1218 1034/73/699 1508/73/1219
f 1508/73/1219 1509/72/1220 1507/72/1218
f 1503/67/1214 1507/72/1218 1509/72/1220
f 1509/72/1220 1510/67/1221 1503/67/1214
f 1509/72/1220 1508/73/1219 938/73/612
f 938/73/612 1514/72/1225 1509/72/1220
f 1504/81/1215 1503/67/1214 1510/67/1221
f 1510/67/1221 1505/81/1216 1504/81/1215
f 1506/82/1217 1505/81/1216 1511/81/1222
f 1511/81/1222 1512/82/1223 1506/82/1217
f 1513/82/1224 1512/82/1223 1511/81/1222
f 1511/81/1222 1516/81/1227 1513/82/1224
f 1510/67/1221 1509/72/1220 1514/72/1225
f 1514/72/1225 1515/67/1226 1510/67/1221
f 1505/81/1216 1510/67/1221 1515/67/1226
f 1515/67/1226 1511/81/1222 1505/81/1216
f 1355/82/1027 1513/82/1224 1516/81/1227
f 1516/81/1227 1353/81/1025 1355/82/1027
f 934/67/608 1353/81/1025 1516/81/1227
f 1516/81/1227 1517/67/1228 934/67/608
f 1511/81/1222 1515/67/1226 1517/67/1228
f 1517/67/1228 1516/81/1227 1511/81/1222
f 1517/67/1228 1515/67/1226 1514/72/1225
f 1514/72/1225 930/72/604 1517/67/1228
f 931/72/605 934/67/608 1517/67/1228
f 1517/67/1228 930/72/604 931/72/605
f 930/72/604 1514/72/1225 938/73/612
f 938/73/612 933/73/607 930/72/604
f 1518/86/1229 1211/86/877 1212/88/878
f 1212/88/878 1519/100/1230 1518/86/1229
f 1519/100/1230 1212/88/878 1350/89/1208
f 1350/89/1208 1520/101/1231 1519/100/1230
f 1351/80/1023 1069/80/734 1520/102/1232
f 1520/102/1232 1350/98/1022 1351/80/1023
f 1072/60/737 1066/60/731 1069/80/734
f 1069/80/734 1351/80/1023 1072/60/737
f 1050/95/1233 1048/95/871 1206/93/872
f 1206/93/872 1226/93/892 1050/95/1233
f 1051/95/1192 1050/95/1233 1226/93/892
f 1226/93/892 1492/93/1191 1051/95/1192
f 1495/86/1195 1518/86/1229 1519/100/1230
f 1519/100/1230 1521/88/1234 1495/86/1195
f 1521/88/1234 1519/100/1230 1520/101/1231
f 1520/101/1231 1361/101/1235 1521/88/1234
f 1491/86/1190 1495/86/1195 1521/88/1234
f 1521/88/1234 1522/88/1236 1491/86/1190
f 1487/86/1185 1491/86/1190 1522/88/1236
f 1522/88/1236 1523/88/1237 1487/86/1185
f 1523/88/1237 1522/88/1236 1360/89/1238
f 1360/89/1238 1362/89/1239 1523/88/1237
f 1523/88/1237 1362/89/1239 1366/89/1240
f 1366/89/1240 1484/88/1182 1523/88/1237
f 1487/86/1185 1523/88/1237 1484/88/1182
f 1484/88/1182 1483/86/1181 1487/86/1185
f 1484/88/1182 1366/89/1240 1370/89/1241
f 1370/89/1241 1471/88/1164 1484/88/1182
f 1469/88/1162 1471/88/1164 1370/89/1241
f 1370/89/1241 1371/89/1197 1469/88/1162
f 1069/80/734 1068/80/733 1361/98/1034
f 1361/98/1034 1520/102/1232 1069/80/734
f 1492/93/1191 1226/93/892 1225/87/891
f 1225/87/891 1493/87/1193 1492/93/1191
f 1494/85/1194 1493/87/1193 1225/87/891
f 1225/87/891 1224/85/890 1494/85/1194
f 1495/86/1195 1494/85/1194 1224/85/890
f 1224/85/890 1518/86/1229 1495/86/1195
f 1361/101/1235 1360/89/1238 1522/88/1236
f 1522/88/1236 1521/88/1234 1361/101/1235
f 1513/82/1224 1355/82/1027 1190/83/1030
f 1190/83/1030 1189/99/1242 1513/82/1224
f 1512/82/1223 1513/82/1224 1189/99/1242
f 1189/99/1242 1191/99/1243 1512/82/1223
f 1512/82/1223 1191/99/1243 1197/99/1244
f 1197/99/1244 1506/82/1217 1512/82/1223
f 1506/82/1217 1197/99/1244 1202/99/1245
f 1202/99/1245 1501/82/1212 1506/82/1217
f 1499/82/1210 1501/82/1212 1202/99/1245
f 1202/99/1245 1203/99/1209 1499/82/1210
f 1188/93/853 1524/93/1246 1165/87/830
f 1165/87/830 1167/87/832 1188/93/853
f 1524/93/1246 1188/93/853 1190/95/855
f 1190/95/855 1357/95/1247 1524/93/1246
f 1460/93/1153 1524/93/1246 1357/95/1247
f 1357/95/1247 1356/95/1152 1460/93/1153
f 1172/98/1006 1525/102/1248 1022/80/687
f 1022/80/687 1021/80/686 1172/98/1006
f 1525/101/1249 1172/89/837 1169/88/834
f 1169/88/834 1526/100/1250 1525/101/1249
f 1526/100/1250 1169/88/834 1168/86/833
f 1168/86/833 1162/86/827 1526/100/1250
f 1524/93/1246 1460/93/1153 1462/87/1155
f 1462/87/1155 1165/87/830 1524/93/1246
f 1164/85/829 1165/87/830 1462/87/1155
f 1462/87/1155 1161/85/826 1164/85/829
f 1022/80/687 1297/80/963 914/60/588
f 914/60/588 915/60/589 1022/80/687
f 1525/102/1248 1296/98/962 1297/80/963
f 1297/80/963 1022/80/687 1525/102/1248
f 1296/101/1251 1525/101/1249 1526/100/1250
f 1526/100/1250 1467/88/1160 1296/101/1251
f 1467/88/1160 1526/100/1250 1162/86/827
f 1162/86/827 1163/86/828 1467/88/1160
f 1278/82/944 1255/82/921 1256/83/922
f 1256/83/922 1356/83/1028 1278/82/944
f 1467/88/1160 1445/88/1131 1293/89/1132
f 1293/89/1132 1296/101/1251 1467/88/1160
f 1258/85/924 1379/86/1052 1432/86/1110
f 1432/86/1110 1257/85/923 1258/85/924
f 1239/85/905 1240/86/906 1412/86/1087
f 1412/86/1087 1236/85/902 1239/85/905
f 1407/86/1081 1412/86/1087 1498/88/1202
f 1498/88/1202 1406/88/1080 1407/86/1081
f 1406/88/1080 1498/88/1202 1321/89/1203
f 1321/89/1203 1320/90/1252 1406/88/1080
f 1405/88/1079 1406/88/1080 1320/90/1252
f 1320/90/1252 1322/90/1253 1405/88/1079
f 1405/88/1079 1322/90/1253 1326/90/1254
f 1326/90/1254 1400/88/1074 1405/88/1079
f 1400/88/1074 1326/90/1254 1329/90/1255
f 1329/90/1255 1383/88/1056 1400/88/1074
f 1381/88/1054 1383/88/1056 1329/90/1255
f 1329/90/1255 1330/90/1089 1381/88/1054
f 1209/85/875 1211/86/877 1518/86/1229
f 1518/86/1229 1224/85/890 1209/85/875
f 1136/75/801 1137/73/802 1422/73/1100
f 1422/73/1100 1527/75/1256 1136/75/801
f 1527/75/1256 1422/73/1100 1084/73/749
f 1084/73/749 1085/75/750 1527/75/1256
f 1528/103/1257 1136/75/801 1527/75/1256
f 1527/75/1256 1529/103/1258 1528/103/1257
f 1135/75/800 1136/75/801 1528/103/1257
f 1528/103/1257 1530/103/1259 1135/75/800
f 1529/103/1258 1527/75/1256 1085/75/750
f 1085/75/750 1533/103/1262 1529/103/1258
f 1134/74/799 1135/75/800 1530/103/1259
f 1530/103/1259 1138/75/803 1134/74/799
f 1141/75/806 1138/75/803 1530/103/1259
f 1530/103/1259 1531/103/1260 1141/75/806
f 1531/103/1260 1530/103/1259 1528/103/1257
f 1528/103/1257 1532/103/1261 1531/103/1260
f 1532/103/1261 1528/103/1257 1529/103/1258
f 1529/103/1258 1534/103/1261 1532/103/1261
f 1534/103/1261 1529/103/1258 1533/103/1262
f 1533/103/1262 1536/103/1261 1534/103/1261
f 1535/103/1263 1533/103/1262 1085/75/750
f 1085/75/750 1083/75/748 1535/103/1263
f 1535/103/1263 1083/75/748 1081/74/746
f 1081/74/746 1086/75/751 1535/103/1263
f 1536/103/1261 1533/103/1262 1535/103/1263
f 1535/103/1263 1537/103/1264 1536/103/1261
f 1537/103/1264 1535/103/1263 1086/75/751
f 1086/75/751 1088/75/753 1537/103/1264
f 1141/75/806 1531/103/1260 1538/103/1265
f 1538/103/1265 1555/75/1276 1141/75/806
f 1531/103/1260 1532/103/1261 1539/103/1261
f 1539/103/1261 1538/103/1265 1531/103/1260
f 1532/103/1261 1534/103/1261 1540/103/1261
f 1540/103/1261 1539/103/1261 1532/103/1261
f 1534/103/1261 1536/103/1261 1541/103/1261
f 1541/103/1261 1540/103/1261 1534/103/1261
f 1536/103/1261 1537/103/1264 1542/103/1266
f 1542/103/1266 1541/103/1261 1536/103/1261
f 1537/103/1264 1088/75/753 1543/75/1267
f 1543/75/1267 1542/103/1266 1537/103/1264
f 1271/76/937 1543/75/1267 1088/75/753
f 1088/75/753 1089/76/754 1271/76/937
f 1543/75/1267 1271/76/937 941/76/615
f 941/76/615 942/75/616 1543/75/1267
f 1542/103/1266 1543/75/1267 942/75/616
f 942/75/616 1544/103/1268 1542/103/1266
f 1541/103/1261 1542/103/1266 1544/103/1268
f 1544/103/1268 1545/103/1261 1541/103/1261
f 1540/103/1261 1541/103/1261 1545/103/1261
f 1545/103/1261 1546/103/1261 1540/103/1261
f 1539/103/1261 1540/103/1261 1546/103/1261
f 1546/103/1261 1550/103/1261 1539/103/1261
f 1547/103/1269 1544/103/1268 942/75/616
f 942/75/616 939/75/613 1547/103/1269
f 1547/103/1269 939/75/613 935/74/609
f 935/74/609 936/75/610 1547/103/1269
f 1544/103/1268 1547/103/1269 1548/103/1270
f 1548/103/1270 1545/103/1261 1544/103/1268
f 1548/103/1270 1547/103/1269 936/75/610
f 936/75/610 937/75/611 1548/103/1270
f 1545/103/1261 1548/103/1270 1549/103/1271
f 1549/103/1271 1546/103/1261 1545/103/1261
f 1538/103/1265 1539/103/1261 1550/103/1261
f 1550/103/1261 1554/103/1275 1538/103/1265
f 1548/103/1270 937/75/611 1551/75/1272
f 1551/75/1272 1549/103/1271 1548/103/1270
f 1546/103/1261 1549/103/1271 1552/103/1273
f 1552/103/1273 1550/103/1261 1546/103/1261
f 1508/73/1219 1551/75/1272 937/75/611
f 937/75/611 938/73/612 1508/73/1219
f 1551/75/1272 1508/73/1219 1034/73/699
f 1034/73/699 1035/75/700 1551/75/1272
f 1549/103/1271 1551/75/1272 1035/75/700
f 1035/75/700 1552/103/1273 1549/103/1271
f 1553/103/1274 1552/103/1273 1035/75/700
f 1035/75/700 1033/75/698 1553/103/1274
f 1550/103/1261 1552/103/1273 1553/103/1274
f 1553/103/1274 1554/103/1275 1550/103/1261
f 1553/103/1274 1033/75/698 1031/74/696
f 1031/74/696 1036/75/701 1553/103/1274
f 1554/103/1275 1553/103/1274 1036/75/701
f 1036/75/701 1038/75/703 1554/103/1275
f 1555/75/1276 1538/103/1265 1554/103/1275
f 1554/103/1275 1038/75/703 1555/75/1276
f 1140/76/805 1141/75/806 1555/75/1276
f 1555/75/1276 1304/76/970 1140/76/805
f 1304/76/970 1555/75/1276 1038/75/703
f 1038/75/703 1039/76/704 1304/76/970
f 1558/104/1279 1557/104/1278 1556/104/1277
f 1556/104/1277 1559/104/1280 1558/104/1279
f 1563/104/1284 1562/104/1283 1560/104/1281
f 1560/104/1281 1561/104/1282 1563/104/1284
f 1563/104/1284 1561/104/1282 1564/105/1285
f 1564/105/1285 1565/106/1286 1563/104/1284
f 1567/104/1288 1566/104/1287 1562/104/1283
f 1562/104/1283 1563/104/1284 1567/104/1288
f 1569/104/1290 1568/104/1289 1566/104/1287
f 1566/104/1287 1567/104/1288 1569/104/1290
f 1572/109/1293 1571/108/1292 1570/107/1291
f 1570/107/1291 1573/110/1294 1572/109/1293
f 1573/110/1294 1570/107/1291 1574/111/1295
f 1574/111/1295 1578/115/1299 1573/110/1294
f 1575/112/1296 1572/109/1293 1573/110/1294
f 1573/110/1294 1580/112/1301 1575/112/1296
f 1576/113/1297 1572/109/1293 1575/112/1296
f 1575/112/1296 1577/114/1298 1576/113/1297
f 1578/115/1299 1574/111/1295 1579/107/1300
f 1579/107/1300 1585/110/1306 1578/115/1299
f 1580/112/1301 1573/110/1294 1578/115/1299
f 1578/115/1299 1583/112/1304 1580/112/1301
f 1581/116/1302 1575/112/1296 1580/112/1301
f 1580/112/1301 1582/117/1303 1581/116/1302
f 1582/117/1303 1580/112/1301 1583/112/1304
f 1583/112/1304 1584/118/1305 1582/117/1303
f 1583/112/1304 1578/115/1299 1585/110/1306
f 1585/110/1306 1586/112/1307 1583/112/1304
f 1584/118/1305 1583/112/1304 1586/112/1307
f 1586/112/1307 1587/117/1308 1584/118/1305
f 1588/116/1309 1587/117/1308 1586/112/1307
f 1586/112/1307 1589/112/1310 1588/116/1309
f 1589/112/1310 1586/112/1307 1585/110/1306
f 1585/110/1306 1590/109/1311 1589/112/1310
f 1590/109/1311 1585/110/1306 1579/107/1300
f 1579/107/1300 1591/108/1312 1590/109/1311
f 1590/109/1311 1591/108/1312 1592/119/1313
f 1592/119/1313 1593/120/1314 1590/109/1311
f 1589/112/1310 1590/109/1311 1593/120/1314
f 1593/120/1314 1594/114/1315 1589/112/1310
f 1595/121/1316 1597/123/1318 1596/122/1317
f 1596/122/1317 1598/124/1319 1595/121/1316
f 1598/124/1319 1596/122/1317 1599/125/1320
f 1599/125/1320 1600/126/1321 1598/124/1319
f 1600/126/1321 1599/125/1320 1601/127/1322
f 1601/127/1322 1610/136/1331 1600/126/1321
f 1602/128/1323 1595/121/1316 1598/124/1319
f 1598/124/1319 1605/131/1326 1602/128/1323
f 1595/121/1316 1602/128/1323 1603/129/1324
f 1603/129/1324 1604/130/1325 1595/121/1316
f 1605/131/1326 1598/124/1319 1600/126/1321
f 1600/126/1321 1608/134/1329 1605/131/1326
f 1606/132/1327 1602/128/1323 1605/131/1326
f 1605/131/1326 1607/133/1328 1606/132/1327
f 1607/133/1328 1605/131/1326 1608/134/1329
f 1608/134/1329 1609/135/1330 1607/133/1328
f 1608/134/1329 1600/126/1321 1610/136/1331
f 1610/136/1331 1611/137/1332 1608/134/1329
f 1609/135/1330 1608/134/1329 1611/137/1332
f 1611/137/1332 1612/138/1333 1609/135/1330
f 1613/139/1334 1612/138/1333 1611/137/1332
f 1611/137/1332 1614/140/1335 1613/139/1334
f 1614/140/1335 1611/137/1332 1610/136/1331
f 1610/136/1331 1615/141/1336 1614/140/1335
f 1615/141/1336 1610/136/1331 1601/127/1322
f 1601/127/1322 1616/142/1337 1615/141/1336
f 1614/140/1335 1615/141/1336 1617/143/1338
f 1617/143/1338 1618/139/1339 1614/140/1335
f 1621/144/1342 1620/108/1341 1619/107/1340
f 1619/107/1340 1622/145/1343 1621/144/1342
f 1571/108/1292 1621/144/1342 1622/145/1343
f 1622/145/1343 1570/107/1291 1571/108/1292
f 1622/145/1343 1619/107/1340 1623/111/1344
f 1623/111/1344 1624/146/584 1622/145/1343
f 1570/107/1291 1622/145/1343 1624/146/584
f 1624/146/584 1574/111/1295 1570/107/1291
f 1624/146/584 1623/111/1344 1625/107/1345
f 1625/107/1345 1626/145/1346 1624/146/584
f 1574/111/1295 1624/146/584 1626/145/1346
f 1626/145/1346 1579/107/1300 1574/111/1295
f 1591/108/1312 1579/107/1300 1626/145/1346
f 1626/145/1346 1627/144/1347 1591/108/1312
f 1627/144/1347 1626/145/1346 1625/107/1345
f 1625/107/1345 1628/108/1348 1627/144/1347
f 1612/138/1333 1613/139/1334 1629/147/1349
f 1629/147/1349 1630/148/1350 1612/138/1333
f 1612/138/1333 1630/148/1350 1631/149/1351
f 1631/149/1351 1609/135/1330 1612/138/1333
f 1630/148/1350 1629/147/1349 1632/139/1352
f 1632/139/1352 1635/138/1355 1630/148/1350
f 1632/139/1352 1629/147/1349 1633/150/1353
f 1633/150/1353 1634/151/1354 1632/139/1352
f 1630/148/1350 1635/138/1355 1636/135/1356
f 1636/135/1356 1631/149/1351 1630/148/1350
f 1609/135/1330 1631/149/1351 1637/152/1357
f 1637/152/1357 1607/133/1328 1609/135/1330
f 1638/134/1358 1636/135/1356 1635/138/1355
f 1635/138/1355 1639/137/1359 1638/134/1358
f 1636/135/1356 1638/134/1358 1640/131/1360
f 1640/131/1360 1641/133/1361 1636/135/1356
f 1631/149/1351 1636/135/1356 1641/133/1361
f 1641/133/1361 1637/152/1357 1631/149/1351
f 1641/133/1361 1640/131/1360 1642/128/1362
f 1642/128/1362 1643/132/1363 1641/133/1361
f 1637/152/1357 1641/133/1361 1643/132/1363
f 1643/132/1363 1644/153/1364 1637/152/1357
f 1607/133/1328 1637/152/1357 1644/153/1364
f 1644/153/1364 1606/132/1327 1607/133/1328
f 1644/153/1364 1643/132/1363 1645/154/1365
f 1645/154/1365 1646/155/1366 1644/153/1364
f 1647/156/1367 1649/158/1369 1648/157/1368
f 1648/157/1368 1650/159/1370 1647/156/1367
f 1651/158/1371 1647/156/1367 1650/159/1370
f 1650/159/1370 1652/157/1372 1651/158/1371
f 1647/156/1367 1651/158/1371 1653/160/1373
f 1653/160/1373 1654/161/1374 1647/156/1367
f 1654/161/1374 1653/160/1373 1592/162/1375
f 1592/162/1375 1655/163/1376 1654/161/1374
f 1656/164/1377 1648/157/1368 1649/158/1369
f 1649/158/1369 1657/165/1378 1656/164/1377
f 1657/165/1378 1649/158/1369 1658/160/1379
f 1658/160/1379 1659/166/1380 1657/165/1378
f 1654/161/1374 1658/160/1379 1649/158/1369
f 1649/158/1369 1647/156/1367 1654/161/1374
f 1659/166/1380 1658/160/1379 1660/162/1381
f 1660/162/1381 1661/167/1382 1659/166/1380
f 1664/169/1385 1663/168/1384 1662/116/1383
f 1662/116/1383 1665/169/1386 1664/169/1385
f 1666/170/1387 1665/169/1386 1662/116/1383
f 1662/116/1383 1667/117/1388 1666/170/1387
f 1666/170/1387 1667/117/1388 1668/118/1389
f 1668/118/1389 1669/171/1390 1666/170/1387
f 1672/174/1393 1671/173/1392 1670/172/1391
f 1670/172/1391 1673/142/1394 1672/174/1393
f 1674/143/1395 1672/174/1393 1673/142/1394
f 1673/142/1394 1675/141/1396 1674/143/1395
f 1671/175/1397 1672/177/1399 1676/176/1398
f 1676/176/1398 1677/178/1400 1671/175/1397
f 1678/179/1401 1671/175/1397 1677/178/1400
f 1677/178/1400 1680/181/1403 1678/179/1401
f 1677/178/1400 1676/176/1398 1679/180/1402
f 1679/180/1402 1681/182/1404 1677/178/1400
f 1680/181/1403 1677/178/1400 1681/182/1404
f 1681/182/1404 1683/184/1406 1680/181/1403
f 1681/182/1404 1679/180/1402 1682/183/1405
f 1682/183/1405 1684/185/1407 1681/182/1404
f 1683/184/1406 1681/182/1404 1684/185/1407
f 1684/185/1407 1685/187/1409 1683/184/1406
f 1684/185/1407 1682/183/1405 1663/186/1408
f 1663/186/1408 1664/188/1410 1684/185/1407
f 1685/187/1409 1684/185/1407 1664/188/1410
f 1664/188/1410 1686/189/1411 1685/187/1409
f 1678/190/1414 1688/173/1413 1687/172/1412
f 1687/172/1412 1689/191/1415 1678/190/1414
f 1671/173/1392 1678/190/1414 1689/191/1415
f 1689/191/1415 1670/172/1391 1671/173/1392
f 1690/192/1416 1689/191/1415 1687/172/1412
f 1687/172/1412 1691/193/1417 1690/192/1416
f 1690/192/1416 1691/193/1417 1692/194/1418
f 1692/194/1418 1694/195/1420 1690/192/1416
f 1693/193/1419 1670/172/1391 1689/191/1415
f 1689/191/1415 1690/192/1416 1693/193/1419
f 1693/193/1419 1690/192/1416 1694/195/1420
f 1694/195/1420 1697/194/1423 1693/193/1419
f 1694/195/1420 1692/194/1418 1695/196/1421
f 1695/196/1421 1699/197/1425 1694/195/1420
f 1670/172/1391 1693/193/1419 1696/127/1422
f 1696/127/1422 1673/142/1394 1670/172/1391
f 1696/127/1422 1693/193/1419 1697/194/1423
f 1697/194/1423 1698/125/1424 1696/127/1422
f 1697/194/1423 1694/195/1420 1699/197/1425
f 1699/197/1425 1702/196/1428 1697/194/1423
f 1699/197/1425 1695/196/1421 1700/198/1426
f 1700/198/1426 1701/199/1427 1699/197/1425
f 1698/125/1424 1697/194/1423 1702/196/1428
f 1702/196/1428 1703/122/1429 1698/125/1424
f 1702/196/1428 1699/197/1425 1701/199/1427
f 1701/199/1427 1704/198/1430 1702/196/1428
f 1703/122/1429 1702/196/1428 1704/198/1430
f 1704/198/1430 1705/123/1431 1703/122/1429
f 1704/198/1430 1701/199/1427 1564/105/1285
f 1564/105/1285 1706/106/1432 1704/198/1430
f 1680/181/1403 1707/178/1434 1688/175/1433
f 1688/175/1433 1678/179/1401 1680/181/1403
f 1708/174/1435 1617/143/1338 1615/141/1336
f 1615/141/1336 1616/142/1337 1708/174/1435
f 1688/173/1413 1708/174/1435 1616/142/1337
f 1616/142/1337 1687/172/1412 1688/173/1413
f 1691/193/1417 1687/172/1412 1616/142/1337
f 1616/142/1337 1601/127/1322 1691/193/1417
f 1691/193/1417 1601/127/1322 1599/125/1320
f 1599/125/1320 1692/194/1418 1691/193/1417
f 1692/194/1418 1599/125/1320 1596/122/1317
f 1596/122/1317 1695/196/1421 1692/194/1418
f 1695/196/1421 1596/122/1317 1597/123/1318
f 1597/123/1318 1700/198/1426 1695/196/1421
f 1700/198/1426 1597/123/1318 1709/200/1436
f 1709/200/1436 1565/106/1286 1700/198/1426
f 1701/199/1427 1700/198/1426 1565/106/1286
f 1565/106/1286 1564/105/1285 1701/199/1427
f 1711/176/1439 1710/202/1438 1617/201/1437
f 1617/201/1437 1708/177/1440 1711/176/1439
f 1707/178/1434 1711/176/1439 1708/177/1440
f 1708/177/1440 1688/175/1433 1707/178/1434
f 1588/116/1309 1589/112/1310 1594/114/1315
f 1594/114/1315 1712/168/1441 1588/116/1309
f 1713/169/1442 1588/116/1309 1712/168/1441
f 1712/168/1441 1714/169/1443 1713/169/1442
f 1587/117/1308 1588/116/1309 1713/169/1442
f 1713/169/1442 1715/170/1444 1587/117/1308
f 1587/117/1308 1715/170/1444 1716/171/1445
f 1716/171/1445 1584/118/1305 1587/117/1308
f 1584/118/1305 1716/171/1445 1717/170/1446
f 1717/170/1446 1582/117/1303 1584/118/1305
f 1582/117/1303 1717/170/1446 1718/169/1447
f 1718/169/1447 1581/116/1302 1582/117/1303
f 1719/168/1448 1581/116/1302 1718/169/1447
f 1718/169/1447 1720/169/1449 1719/168/1448
f 1581/116/1302 1719/168/1448 1577/114/1298
f 1577/114/1298 1575/112/1296 1581/116/1302
f 1712/186/1450 1594/204/1452 1721/203/1451
f 1721/203/1451 1722/183/1453 1712/186/1450
f 1714/188/1454 1712/186/1450 1722/183/1453
f 1722/183/1453 1723/185/1455 1714/188/1454
f 1686/189/1411 1714/188/1454 1723/185/1455
f 1723/185/1455 1685/187/1409 1686/189/1411
f 1723/185/1455 1722/183/1453 1724/180/1456
f 1724/180/1456 1725/182/1457 1723/185/1455
f 1685/187/1409 1723/185/1455 1725/182/1457
f 1725/182/1457 1683/184/1406 1685/187/1409
f 1725/182/1457 1724/180/1456 1711/176/1439
f 1711/176/1439 1707/178/1434 1725/182/1457
f 1683/184/1406 1725/182/1457 1707/178/1434
f 1707/178/1434 1680/181/1403 1683/184/1406
f 1613/139/1334 1614/140/1335 1618/139/1339
f 1618/139/1339 1726/151/1458 1613/139/1334
f 1629/147/1349 1613/139/1334 1726/151/1458
f 1726/151/1458 1633/150/1353 1629/147/1349
f 1593/167/1459 1592/162/1375 1653/160/1373
f 1653/160/1373 1727/166/1460 1593/167/1459
f 1594/204/1452 1593/167/1459 1727/166/1460
f 1727/166/1460 1721/203/1451 1594/204/1452
f 1727/166/1460 1653/160/1373 1651/158/1371
f 1651/158/1371 1728/165/1461 1727/166/1460
f 1721/203/1451 1727/166/1460 1728/165/1461
f 1728/165/1461 1729/205/1462 1721/203/1451
f 1728/165/1461 1651/158/1371 1652/157/1372
f 1652/157/1372 1730/164/1463 1728/165/1461
f 1722/183/1453 1721/203/1451 1729/205/1462
f 1729/205/1462 1724/180/1456 1722/183/1453
f 1729/205/1462 1728/165/1461 1730/164/1463
f 1730/164/1463 1710/202/1438 1729/205/1462
f 1730/164/1463 1652/157/1372 1726/206/1464
f 1726/206/1464 1618/207/1465 1730/164/1463
f 1724/180/1456 1729/205/1462 1710/202/1438
f 1710/202/1438 1711/176/1439 1724/180/1456
f 1710/202/1438 1730/164/1463 1618/207/1465
f 1618/207/1465 1617/201/1437 1710/202/1438
f 1686/208/1466 1664/169/1385 1665/169/1386
f 1665/169/1386 1731/209/1467 1686/208/1466
f 1714/169/1443 1686/208/1466 1731/209/1467
f 1731/209/1467 1713/169/1442 1714/169/1443
f 1715/170/1444 1713/169/1442 1731/209/1467
f 1731/209/1467 1732/210/1468 1715/170/1444
f 1732/210/1468 1731/209/1467 1665/169/1386
f 1665/169/1386 1666/170/1387 1732/210/1468
f 1732/210/1468 1666/170/1387 1669/171/1390
f 1669/171/1390 1733/211/1261 1732/210/1468
f 1715/170/1444 1732/210/1468 1733/211/1261
f 1733/211/1261 1716/171/1445 1715/170/1444
f 1733/211/1261 1669/171/1390 1734/170/1469
f 1734/170/1469 1735/210/1470 1733/211/1261
f 1716/171/1445 1733/211/1261 1735/210/1470
f 1735/210/1470 1717/170/1446 1716/171/1445
f 1735/210/1470 1734/170/1469 1736/169/1471
f 1736/169/1471 1737/209/1472 1735/210/1470
f 1717/170/1446 1735/210/1470 1737/209/1472
f 1737/209/1472 1718/169/1447 1717/170/1446
f 1720/169/1449 1718/169/1447 1737/209/1472
f 1737/209/1472 1738/212/1473 1720/169/1449
f 1738/212/1473 1737/209/1472 1736/169/1471
f 1736/169/1471 1739/169/1474 1738/212/1473
f 1633/213/1475 1726/206/1464 1652/157/1372
f 1652/157/1372 1650/159/1370 1633/213/1475
f 1634/206/1476 1633/213/1475 1650/159/1370
f 1650/159/1370 1648/157/1368 1634/206/1476
f 1740/207/1477 1634/206/1476 1648/157/1368
f 1648/157/1368 1656/164/1377 1740/207/1477
f 1655/214/1478 1592/119/1313 1591/108/1312
f 1591/108/1312 1627/144/1347 1655/214/1478
f 1660/119/1479 1655/214/1478 1627/144/1347
f 1627/144/1347 1628/108/1348 1660/119/1479
f 1661/120/1480 1660/119/1479 1628/108/1348
f 1628/108/1348 1741/109/1481 1661/120/1480
f 1742/110/1482 1741/109/1481 1628/108/1348
f 1628/108/1348 1625/107/1345 1742/110/1482
f 1742/110/1482 1625/107/1345 1623/111/1344
f 1623/111/1344 1743/115/1483 1742/110/1482
f 1658/160/1379 1654/161/1374 1655/163/1376
f 1655/163/1376 1660/162/1381 1658/160/1379
f 1744/204/1484 1663/186/1408 1682/183/1405
f 1682/183/1405 1745/203/1485 1744/204/1484
f 1745/203/1485 1682/183/1405 1679/180/1402
f 1679/180/1402 1746/205/1486 1745/203/1485
f 1659/166/1380 1745/203/1485 1746/205/1486
f 1746/205/1486 1657/165/1378 1659/166/1380
f 1746/205/1486 1679/180/1402 1676/176/1398
f 1676/176/1398 1747/202/1487 1746/205/1486
f 1657/165/1378 1746/205/1486 1747/202/1487
f 1747/202/1487 1656/164/1377 1657/165/1378
f 1747/202/1487 1676/176/1398 1672/177/1399
f 1672/177/1399 1674/201/1488 1747/202/1487
f 1656/164/1377 1747/202/1487 1674/201/1488
f 1674/201/1488 1740/207/1477 1656/164/1377
f 1744/114/1489 1661/120/1480 1741/109/1481
f 1741/109/1481 1748/112/1490 1744/114/1489
f 1663/168/1384 1744/114/1489 1748/112/1490
f 1748/112/1490 1662/116/1383 1663/168/1384
f 1667/117/1388 1662/116/1383 1748/112/1490
f 1748/112/1490 1749/112/1491 1667/117/1388
f 1749/112/1491 1748/112/1490 1741/109/1481
f 1741/109/1481 1742/110/1482 1749/112/1491
f 1749/112/1491 1742/110/1482 1743/115/1483
f 1743/115/1483 1750/112/1492 1749/112/1491
f 1667/117/1388 1749/112/1491 1750/112/1492
f 1750/112/1492 1668/118/1389 1667/117/1388
f 1750/112/1492 1743/115/1483 1751/110/1493
f 1751/110/1493 1752/112/1494 1750/112/1492
f 1668/118/1389 1750/112/1492 1752/112/1494
f 1752/112/1494 1753/117/1495 1668/118/1389
f 1752/112/1494 1751/110/1493 1754/109/1496
f 1754/109/1496 1755/112/1497 1752/112/1494
f 1753/117/1495 1752/112/1494 1755/112/1497
f 1755/112/1497 1756/116/1498 1753/117/1495
f 1757/168/1499 1756/116/1498 1755/112/1497
f 1755/112/1497 1758/114/1500 1757/168/1499
f 1758/114/1500 1755/112/1497 1754/109/1496
f 1754/109/1496 1759/113/1501 1758/114/1500
f 1745/203/1485 1659/166/1380 1661/167/1382
f 1661/167/1382 1744/204/1484 1745/203/1485
f 1740/139/1502 1674/143/1395 1675/141/1396
f 1675/141/1396 1760/140/1503 1740/139/1502
f 1634/151/1354 1740/139/1502 1760/140/1503
f 1760/140/1503 1632/139/1352 1634/151/1354
f 1635/138/1355 1632/139/1352 1760/140/1503
f 1760/140/1503 1639/137/1359 1635/138/1355
f 1639/137/1359 1760/140/1503 1675/141/1396
f 1675/141/1396 1761/136/1504 1639/137/1359
f 1761/136/1504 1675/141/1396 1673/142/1394
f 1673/142/1394 1696/127/1422 1761/136/1504
f 1761/136/1504 1696/127/1422 1698/125/1424
f 1698/125/1424 1762/126/1505 1761/136/1504
f 1639/137/1359 1761/136/1504 1762/126/1505
f 1762/126/1505 1638/134/1358 1639/137/1359
f 1762/126/1505 1698/125/1424 1703/122/1429
f 1703/122/1429 1763/124/1506 1762/126/1505
f 1638/134/1358 1762/126/1505 1763/124/1506
f 1763/124/1506 1640/131/1360 1638/134/1358
f 1764/121/1507 1763/124/1506 1703/122/1429
f 1703/122/1429 1705/123/1431 1764/121/1507
f 1640/131/1360 1763/124/1506 1764/121/1507
f 1764/121/1507 1642/128/1362 1640/131/1360
f 1764/121/1507 1705/123/1431 1765/200/1508
f 1765/200/1508 1766/130/1509 1764/121/1507
f 1642/128/1362 1764/121/1507 1766/130/1509
f 1766/130/1509 1767/129/1510 1642/128/1362
f 1770/142/1513 1769/172/1512 1768/193/1511
f 1768/193/1511 1771/127/1514 1770/142/1513
f 1772/125/1515 1771/127/1514 1768/193/1511
f 1768/193/1511 1773/194/1516 1772/125/1515
f 1774/141/1517 1770/142/1513 1771/127/1514
f 1771/127/1514 1779/136/1522 1774/141/1517
f 1775/215/1518 1770/142/1513 1774/141/1517
f 1774/141/1517 1776/216/1519 1775/215/1518
f 1776/216/1519 1774/141/1517 1777/140/1520
f 1777/140/1520 1778/217/1521 1776/216/1519
f 1777/140/1520 1774/141/1517 1779/136/1522
f 1779/136/1522 1780/137/1523 1777/140/1520
f 1781/134/1524 1780/137/1523 1779/136/1522
f 1779/136/1522 1782/126/1321 1781/134/1524
f 1782/126/1321 1779/136/1522 1771/127/1514
f 1771/127/1514 1772/125/1515 1782/126/1321
f 1783/131/1525 1781/134/1524 1782/126/1321
f 1782/126/1321 1788/124/1530 1783/131/1525
f 1784/218/1526 1772/125/1515 1773/194/1516
f 1773/194/1516 1785/196/1527 1784/218/1526
f 1784/218/1526 1785/196/1527 1786/198/1528
f 1786/198/1528 1787/123/1529 1784/218/1526
f 1788/124/1530 1782/126/1321 1772/125/1515
f 1772/125/1515 1784/218/1526 1788/124/1530
f 1788/124/1530 1784/218/1526 1787/123/1529
f 1787/123/1529 1789/121/1531 1788/124/1530
f 1783/131/1525 1788/124/1530 1789/121/1531
f 1789/121/1531 1790/128/1532 1783/131/1525
f 1789/121/1531 1787/123/1529 1791/200/1533
f 1791/200/1533 1792/130/1534 1789/121/1531
f 1795/104/1537 1794/104/1536 1793/104/1535
f 1793/104/1535 1796/104/1538 1795/104/1537
f 1800/104/1542 1799/104/1541 1797/104/1539
f 1797/104/1539 1798/104/1540 1800/104/1542
f 1802/104/1544 1801/104/1543 1799/104/1541
f 1799/104/1541 1800/104/1542 1802/104/1544
f 1804/104/1546 1803/104/1545 1801/104/1543
f 1801/104/1543 1802/104/1544 1804/104/1546
f 1807/147/1549 1806/139/1548 1805/138/1547
f 1805/138/1547 1808/148/1550 1807/147/1549
f 1809/149/1420 1808/148/1550 1805/138/1547
f 1805/138/1547 1810/135/1551 1809/149/1420
f 1811/139/1552 1807/147/1549 1808/148/1550
f 1808/148/1550 1814/138/1555 1811/139/1552
f 1812/219/1553 1807/147/1549 1811/139/1552
f 1811/139/1552 1813/220/1554 1812/219/1553
f 1815/135/1556 1814/138/1555 1808/148/1550
f 1808/148/1550 1809/149/1420 1815/135/1556
f 1816/152/1557 1809/149/1420 1810/135/1551
f 1810/135/1551 1817/133/1558 1816/152/1557
f 1816/152/1557 1817/133/1558 1818/132/1559
f 1818/132/1559 1823/153/1564 1816/152/1557
f 1814/138/1555 1815/135/1556 1819/134/1560
f 1819/134/1560 1820/137/1561 1814/138/1555
f 1821/131/1562 1819/134/1560 1815/135/1556
f 1815/135/1556 1822/133/1563 1821/131/1562
f 1822/133/1563 1815/135/1556 1809/149/1420
f 1809/149/1420 1816/152/1557 1822/133/1563
f 1822/133/1563 1816/152/1557 1823/153/1564
f 1823/153/1564 1826/132/1567 1822/133/1563
f 1823/153/1564 1818/132/1559 1824/154/1565
f 1824/154/1565 1825/155/1566 1823/153/1564
f 1821/131/1562 1822/133/1563 1826/132/1567
f 1826/132/1567 1827/128/1568 1821/131/1562
f 1826/132/1567 1823/153/1564 1825/155/1566
f 1825/155/1566 1828/154/1569 1826/132/1567
f 1831/223/1572 1830/222/1571 1829/221/1570
f 1829/221/1570 1832/224/1573 1831/223/1572
f 1832/224/1573 1829/221/1570 1833/222/1574
f 1833/222/1574 1834/223/1575 1832/224/1573
f 1834/223/1575 1833/222/1574 1835/225/1576
f 1835/225/1576 1836/226/1577 1834/223/1575
f 1837/227/1578 1835/225/1576 1833/222/1574
f 1833/222/1574 1838/228/1579 1837/227/1578
f 1838/228/1579 1833/222/1574 1829/221/1570
f 1829/221/1570 1839/229/1580 1838/228/1579
f 1840/230/1581 1838/228/1579 1839/229/1580
f 1839/229/1580 1841/223/1582 1840/230/1581
f 1830/222/1571 1831/223/1572 1842/226/1583
f 1842/226/1583 1843/225/1584 1830/222/1571
f 1844/228/1585 1830/222/1571 1843/225/1584
f 1843/225/1584 1845/227/1586 1844/228/1585
f 1830/222/1571 1844/228/1585 1839/229/1580
f 1839/229/1580 1829/221/1570 1830/222/1571
f 1846/230/1587 1844/228/1585 1845/227/1586
f 1845/227/1586 1759/231/1588 1846/230/1587
f 1756/116/1498 1757/168/1499 1739/169/1474
f 1739/169/1474 1736/169/1471 1756/116/1498
f 1756/116/1498 1736/169/1471 1734/170/1469
f 1734/170/1469 1753/117/1495 1756/116/1498
f 1753/117/1495 1734/170/1469 1669/171/1390
f 1669/171/1390 1668/118/1389 1753/117/1495
f 1847/172/1589 1849/232/1591 1848/215/1590
f 1848/215/1590 1850/142/1592 1847/172/1589
f 1850/142/1592 1848/215/1590 1851/216/1593
f 1851/216/1593 1852/141/1594 1850/142/1592
f 1853/183/1597 1848/234/1596 1849/233/1595
f 1849/233/1595 1854/185/1598 1853/183/1597
f 1854/185/1598 1849/233/1595 1855/235/1599
f 1855/235/1599 1857/237/1601 1854/185/1598
f 1856/236/1600 1853/183/1597 1854/185/1598
f 1854/185/1598 1858/238/1602 1856/236/1600
f 1858/238/1602 1854/185/1598 1857/237/1601
f 1857/237/1601 1860/240/1604 1858/238/1602
f 1859/239/1603 1856/236/1600 1858/238/1602
f 1858/238/1602 1861/241/1605 1859/239/1603
f 1861/241/1605 1858/238/1602 1860/240/1604
f 1860/240/1604 1862/243/1607 1861/241/1605
f 1757/242/1606 1859/239/1603 1861/241/1605
f 1861/241/1605 1739/241/1608 1757/242/1606
f 1739/241/1608 1861/241/1605 1862/243/1607
f 1862/243/1607 1738/244/1609 1739/241/1608
f 1769/172/1512 1863/232/1611 1855/245/1610
f 1855/245/1610 1864/191/1612 1769/172/1512
f 1864/191/1612 1855/245/1610 1849/232/1591
f 1849/232/1591 1847/172/1589 1864/191/1612
f 1769/172/1512 1864/191/1612 1865/192/1613
f 1865/192/1613 1768/193/1511 1769/172/1512
f 1773/194/1516 1768/193/1511 1865/192/1613
f 1865/192/1613 1867/195/1351 1773/194/1516
f 1864/191/1612 1847/172/1589 1866/193/1614
f 1866/193/1614 1865/192/1613 1864/191/1612
f 1867/195/1351 1865/192/1613 1866/193/1614
f 1866/193/1614 1869/194/1616 1867/195/1351
f 1785/196/1527 1773/194/1516 1867/195/1351
f 1867/195/1351 1871/197/1618 1785/196/1527
f 1868/127/1615 1866/193/1614 1847/172/1589
f 1847/172/1589 1850/142/1592 1868/127/1615
f 1869/194/1616 1866/193/1614 1868/127/1615
f 1868/127/1615 1870/125/1617 1869/194/1616
f 1871/197/1618 1867/195/1351 1869/194/1616
f 1869/194/1616 1872/196/1619 1871/197/1618
f 1872/196/1619 1869/194/1616 1870/125/1617
f 1870/125/1617 1873/218/1620 1872/196/1619
f 1872/196/1619 1873/218/1620 1874/123/1621
f 1874/123/1621 1875/198/1622 1872/196/1619
f 1871/197/1618 1872/196/1619 1875/198/1622
f 1875/198/1622 1876/199/1623 1871/197/1618
f 1785/196/1527 1871/197/1618 1876/199/1623
f 1876/199/1623 1786/198/1528 1785/196/1527
f 1876/199/1623 1875/198/1622 1877/106/1624
f 1877/106/1624 1878/105/1625 1876/199/1623
f 1857/237/1601 1855/235/1599 1863/233/1626
f 1863/233/1626 1879/185/1627 1857/237/1601
f 1860/240/1604 1857/237/1601 1879/185/1627
f 1879/185/1627 1880/238/1628 1860/240/1604
f 1862/243/1607 1860/240/1604 1880/238/1628
f 1880/238/1628 1881/241/1629 1862/243/1607
f 1881/241/1629 1880/238/1628 1882/236/1630
f 1882/236/1630 1883/239/1631 1881/241/1629
f 1738/244/1609 1862/243/1607 1881/241/1629
f 1881/241/1629 1720/241/1632 1738/244/1609
f 1720/241/1632 1881/241/1629 1883/239/1631
f 1883/239/1631 1719/242/1633 1720/241/1632
f 1776/246/1634 1885/247/1636 1884/183/1635
f 1884/183/1635 1775/234/1637 1776/246/1634
f 1775/234/1637 1884/183/1635 1879/185/1627
f 1879/185/1627 1863/233/1626 1775/234/1637
f 1880/238/1628 1879/185/1627 1884/183/1635
f 1884/183/1635 1882/236/1630 1880/238/1628
f 1778/217/1521 1777/140/1520 1806/139/1548
f 1806/139/1548 1886/220/1638 1778/217/1521
f 1886/220/1638 1806/139/1548 1807/147/1549
f 1807/147/1549 1812/219/1553 1886/220/1638
f 1886/206/1639 1834/223/1575 1836/226/1577
f 1836/226/1577 1778/231/1640 1886/206/1639
f 1778/231/1640 1836/226/1577 1885/247/1636
f 1885/247/1636 1776/246/1634 1778/231/1640
f 1572/109/1293 1576/113/1297 1840/119/1641
f 1840/119/1641 1571/108/1292 1572/109/1293
f 1571/108/1292 1840/119/1641 1841/214/1642
f 1841/214/1642 1621/144/1342 1571/108/1292
f 1838/228/1579 1840/230/1581 1576/231/1643
f 1576/231/1643 1837/227/1578 1838/228/1579
f 1837/227/1578 1576/231/1643 1577/248/1644
f 1577/248/1644 1887/249/1645 1837/227/1578
f 1887/249/1645 1577/248/1644 1719/242/1633
f 1719/242/1633 1883/239/1631 1887/249/1645
f 1835/225/1576 1837/227/1578 1887/249/1645
f 1887/249/1645 1888/250/1646 1835/225/1576
f 1888/250/1646 1887/249/1645 1883/239/1631
f 1883/239/1631 1882/236/1630 1888/250/1646
f 1836/226/1577 1835/225/1576 1888/250/1646
f 1888/250/1646 1885/247/1636 1836/226/1577
f 1885/247/1636 1888/250/1646 1882/236/1630
f 1882/236/1630 1884/183/1635 1885/247/1636
f 1863/232/1611 1769/172/1512 1770/142/1513
f 1770/142/1513 1775/215/1518 1863/232/1611
f 1834/223/1575 1886/206/1639 1812/213/1647
f 1812/213/1647 1832/224/1573 1834/223/1575
f 1832/224/1573 1812/213/1647 1813/206/1648
f 1813/206/1648 1831/223/1572 1832/224/1573
f 1831/223/1572 1813/206/1648 1889/231/1649
f 1889/231/1649 1842/226/1583 1831/223/1572
f 1621/144/1342 1841/214/1642 1846/119/1650
f 1846/119/1650 1620/108/1341 1621/144/1342
f 1620/108/1341 1846/119/1650 1759/113/1501
f 1759/113/1501 1754/109/1496 1620/108/1341
f 1620/108/1341 1754/109/1496 1751/110/1493
f 1751/110/1493 1619/107/1340 1620/108/1341
f 1619/107/1340 1751/110/1493 1743/115/1483
f 1743/115/1483 1623/111/1344 1619/107/1340
f 1844/228/1585 1846/230/1587 1841/223/1582
f 1841/223/1582 1839/229/1580 1844/228/1585
f 1859/239/1603 1757/242/1606 1758/248/1651
f 1758/248/1651 1890/249/1652 1859/239/1603
f 1856/236/1600 1859/239/1603 1890/249/1652
f 1890/249/1652 1891/250/1653 1856/236/1600
f 1891/250/1653 1890/249/1652 1845/227/1586
f 1845/227/1586 1843/225/1584 1891/250/1653
f 1853/183/1597 1856/236/1600 1891/250/1653
f 1891/250/1653 1892/247/1654 1853/183/1597
f 1892/247/1654 1891/250/1653 1843/225/1584
f 1843/225/1584 1842/226/1583 1892/247/1654
f 1848/234/1596 1853/183/1597 1892/247/1654
f 1892/247/1654 1851/246/1655 1848/234/1596
f 1851/246/1655 1892/247/1654 1842/226/1583
f 1842/226/1583 1889/231/1649 1851/246/1655
f 1890/249/1652 1758/248/1651 1759/231/1588
f 1759/231/1588 1845/227/1586 1890/249/1652
f 1852/141/1594 1851/216/1593 1889/217/1656
f 1889/217/1656 1893/140/1657 1852/141/1594
f 1893/140/1657 1889/217/1656 1813/220/1554
f 1813/220/1554 1811/139/1552 1893/140/1657
f 1893/140/1657 1811/139/1552 1814/138/1555
f 1814/138/1555 1820/137/1561 1893/140/1657
f 1806/139/1548 1777/140/1520 1780/137/1523
f 1780/137/1523 1805/138/1547 1806/139/1548
f 1810/135/1551 1805/138/1547 1780/137/1523
f 1780/137/1523 1781/134/1524 1810/135/1551
f 1817/133/1558 1810/135/1551 1781/134/1524
f 1781/134/1524 1783/131/1525 1817/133/1558
f 1817/133/1558 1783/131/1525 1790/128/1532
f 1790/128/1532 1818/132/1559 1817/133/1558
f 1818/132/1559 1790/128/1532 1894/129/1658
f 1894/129/1658 1824/154/1565 1818/132/1559
f 1792/130/1534 1894/129/1658 1790/128/1532
f 1790/128/1532 1789/121/1531 1792/130/1534
f 1824/154/1565 1894/129/1658 1802/104/1544
f 1802/104/1544 1800/104/1542 1824/154/1565
f 1825/155/1566 1824/154/1565 1800/104/1542
f 1800/104/1542 1798/104/1540 1825/155/1566
f 1852/141/1594 1893/140/1657 1820/137/1561
f 1820/137/1561 1895/136/1659 1852/141/1594
f 1850/142/1592 1852/141/1594 1895/136/1659
f 1895/136/1659 1868/127/1615 1850/142/1592
f 1870/125/1617 1868/127/1615 1895/136/1659
f 1895/136/1659 1896/126/1505 1870/125/1617
f 1896/126/1505 1895/136/1659 1820/137/1561
f 1820/137/1561 1819/134/1560 1896/126/1505
f 1873/218/1620 1870/125/1617 1896/126/1505
f 1896/126/1505 1897/124/1660 1873/218/1620
f 1897/124/1660 1896/126/1505 1819/134/1560
f 1819/134/1560 1821/131/1562 1897/124/1660
f 1897/124/1660 1821/131/1562 1827/128/1568
f 1827/128/1568 1898/121/1661 1897/124/1660
f 1873/218/1620 1897/124/1660 1898/121/1661
f 1898/121/1661 1874/123/1621 1873/218/1620
f 1898/121/1661 1827/128/1568 1899/129/1662
f 1899/129/1662 1900/130/1663 1898/121/1661
f 1874/123/1621 1898/121/1661 1900/130/1663
f 1900/130/1663 1901/200/1664 1874/123/1621
f 1556/104/1277 1557/104/1278 1766/130/1509
f 1766/130/1509 1765/200/1508 1556/104/1277
f 1559/104/1280 1556/104/1277 1765/200/1508
f 1765/200/1508 1706/106/1432 1559/104/1280
f 1706/106/1432 1765/200/1508 1705/123/1431
f 1705/123/1431 1704/198/1430 1706/106/1432
f 1561/104/1282 1559/104/1280 1706/106/1432
f 1706/106/1432 1564/105/1285 1561/104/1282
f 1567/104/1288 1563/104/1284 1565/106/1286
f 1565/106/1286 1709/200/1436 1567/104/1288
f 1569/104/1290 1567/104/1288 1709/200/1436
f 1709/200/1436 1604/130/1325 1569/104/1290
f 1604/130/1325 1709/200/1436 1597/123/1318
f 1597/123/1318 1595/121/1316 1604/130/1325
f 1568/104/1289 1569/104/1290 1604/130/1325
f 1604/130/1325 1603/129/1324 1568/104/1289
f 1566/104/1287 1568/104/1289 1603/129/1324
f 1603/129/1324 1902/154/1665 1566/104/1287
f 1902/154/1665 1603/129/1324 1602/128/1323
f 1602/128/1323 1606/132/1327 1902/154/1665
f 1562/104/1283 1566/104/1287 1902/154/1665
f 1902/154/1665 1646/155/1366 1562/104/1283
f 1646/155/1366 1902/154/1665 1606/132/1327
f 1606/132/1327 1644/153/1364 1646/155/1366
f 1560/104/1281 1562/104/1283 1646/155/1366
f 1646/155/1366 1645/154/1365 1560/104/1281
f 1558/104/1279 1560/104/1281 1645/154/1365
f 1645/154/1365 1767/129/1510 1558/104/1279
f 1767/129/1510 1645/154/1365 1643/132/1363
f 1643/132/1363 1642/128/1362 1767/129/1510
f 1557/104/1278 1558/104/1279 1767/129/1510
f 1767/129/1510 1766/130/1509 1557/104/1278
f 1901/200/1664 1900/130/1663 1794/104/1536
f 1794/104/1536 1795/104/1537 1901/200/1664
f 1877/106/1624 1901/200/1664 1795/104/1537
f 1795/104/1537 1797/104/1539 1877/106/1624
f 1901/200/1664 1877/106/1624 1875/198/1622
f 1875/198/1622 1874/123/1621 1901/200/1664
f 1878/105/1625 1877/106/1624 1797/104/1539
f 1797/104/1539 1799/104/1541 1878/105/1625
f 1786/198/1528 1876/199/1623 1878/105/1625
f 1878/105/1625 1903/106/1666 1786/198/1528
f 1903/106/1666 1878/105/1625 1799/104/1541
f 1799/104/1541 1801/104/1543 1903/106/1666
f 1787/123/1529 1786/198/1528 1903/106/1666
f 1903/106/1666 1791/200/1533 1787/123/1529
f 1791/200/1533 1903/106/1666 1801/104/1543
f 1801/104/1543 1803/104/1545 1791/200/1533
f 1792/130/1534 1791/200/1533 1803/104/1545
f 1803/104/1545 1804/104/1546 1792/130/1534
f 1894/129/1658 1792/130/1534 1804/104/1546
f 1804/104/1546 1802/104/1544 1894/129/1658
f 1828/154/1569 1825/155/1566 1798/104/1540
f 1798/104/1540 1796/104/1538 1828/154/1569
f 1899/129/1662 1828/154/1569 1796/104/1538
f 1796/104/1538 1793/104/1535 1899/129/1662
f 1828/154/1569 1899/129/1662 1827/128/1568
f 1827/128/1568 1826/132/1567 1828/154/1569
f 1900/130/1663 1899/129/1662 1793/104/1535
f 1793/104/1535 1794/104/1536 1900/130/1663
f 1906/252/1669 1905/252/1668 1904/251/1667
f 1904/251/1667 1907/251/1670 1906/252/1669
f 1908/252/1671 1906/252/1669 1907/251/1670
f 1907/251/1670 1915/251/1678 1908/252/1671
f 1909/253/1672 1907/251/1670 1904/251/1667
f 1904/251/1667 1910/253/1673 1909/253/1672
f 1909/253/1672 1910/253/1673 1911/254/1674
f 1911/254/1674 1912/254/1675 1909/253/1672
f 1913/253/1676 1909/253/1672 1912/254/1675
f 1912/254/1675 1914/254/1677 1913/253/1676
f 1907/251/1670 1909/253/1672 1913/253/1676
f 1913/253/1676 1915/251/1678 1907/251/1670
f 1916/252/1679 1908/252/1671 1915/251/1678
f 1915/251/1678 1917/251/1680 1916/252/1679
f 1918/253/1681 1917/251/1680 1915/251/1678
f 1915/251/1678 1913/253/1676 1918/253/1681
f 1918/253/1681 1913/253/1676 1914/254/1677
f 1914/254/1677 1919/254/1682 1918/253/1681
f 1920/255/1683 1905/255/1674 1921/256/1673
f 1921/256/1673 1922/256/1684 1920/255/1683
f 1923/255/1685 1920/255/1683 1922/256/1684
f 1922/256/1684 1931/256/1693 1923/255/1685
f 1924/257/1686 1922/256/1684 1921/256/1673
f 1921/256/1673 1925/257/1687 1924/257/1686
f 1924/257/1686 1925/257/1687 1926/258/1688
f 1926/258/1688 1927/259/1689 1924/257/1686
f 1928/257/1690 1924/257/1686 1927/259/1689
f 1927/259/1689 1929/259/1691 1928/257/1690
f 1922/256/1684 1924/257/1686 1928/257/1690
f 1928/257/1690 1931/256/1693 1922/256/1684
f 1928/257/1690 1929/259/1691 1930/259/1692
f 1930/259/1692 1932/257/1694 1928/257/1690
f 1931/256/1693 1928/257/1690 1932/257/1694
f 1932/257/1694 1933/256/1695 1931/256/1693
f 1923/255/1685 1931/256/1693 1933/256/1695
f 1933/256/1695 1934/255/1696 1923/255/1685
f 1935/255/1697 1934/255/1696 1933/256/1695
f 1933/256/1695 1940/256/1702 1935/255/1697
f 1936/257/1698 1932/257/1694 1930/259/1692
f 1930/259/1692 1937/259/1699 1936/257/1698
f 1933/256/1695 1932/257/1694 1936/257/1698
f 1936/257/1698 1940/256/1702 1933/256/1695
f 1936/257/1698 1937/259/1699 1938/258/1700
f 1938/258/1700 1939/257/1701 1936/257/1698
f 1940/256/1702 1936/257/1698 1939/257/1701
f 1939/257/1701 1942/256/1704 1940/256/1702
f 1941/255/1703 1935/255/1697 1940/256/1702
f 1940/256/1702 1942/256/1704 1941/255/1703
f 1945/254/1705 1944/254/1703 1943/253/1704
f 1943/253/1704 1946/253/1706 1945/254/1705
f 1947/254/1707 1945/254/1705 1946/253/1706
f 1946/253/1706 1953/253/1714 1947/254/1707
f 1948/251/1708 1946/253/1706 1943/253/1704
f 1943/253/1704 1949/251/1709 1948/251/1708
f 1948/251/1708 1949/251/1709 1941/252/1710
f 1941/252/1710 1950/252/1711 1948/251/1708
f 1951/251/1712 1948/251/1708 1950/252/1711
f 1950/252/1711 1952/252/1713 1951/251/1712
f 1946/253/1706 1948/251/1708 1951/251/1712
f 1951/251/1712 1953/253/1714 1946/253/1706
f 1954/254/1715 1947/254/1707 1953/253/1714
f 1953/253/1714 1955/253/1716 1954/254/1715
f 1956/251/1717 1955/253/1716 1953/253/1714
f 1953/253/1714 1951/251/1712 1956/251/1717
f 1956/251/1717 1951/251/1712 1952/252/1713
f 1952/252/1713 1957/252/1718 1956/251/1717
f 1958/260/1719 1944/260/1710 1959/261/1709
f 1959/261/1709 1960/261/1720 1958/260/1719
f 1961/260/1721 1958/260/1719 1960/261/1720
f 1960/261/1720 1969/261/1729 1961/260/1721
f 1962/262/1722 1960/261/1720 1959/261/1709
f 1959/261/1709 1963/262/1723 1962/262/1722
f 1962/262/1722 1963/262/1723 1964/263/1724
f 1964/263/1724 1965/264/1725 1962/262/1722
f 1966/262/1726 1962/262/1722 1965/264/1725
f 1965/264/1725 1967/264/1727 1966/262/1726
f 1960/261/1720 1962/262/1722 1966/262/1726
f 1966/262/1726 1969/261/1729 1960/261/1720
f 1966/262/1726 1967/264/1727 1968/264/1728
f 1968/264/1728 1970/262/1730 1966/262/1726
f 1969/261/1729 1966/262/1726 1970/262/1730
f 1970/262/1730 1971/261/1731 1969/261/1729
f 1961/260/1721 1969/261/1729 1971/261/1731
f 1971/261/1731 1972/260/1732 1961/260/1721
f 1973/260/1733 1972/260/1732 1971/261/1731
f 1971/261/1731 1978/261/1738 1973/260/1733
f 1974/262/1734 1970/262/1730 1968/264/1728
f 1968/264/1728 1975/264/1735 1974/262/1734
f 1971/261/1731 1970/262/1730 1974/262/1734
f 1974/262/1734 1978/261/1738 1971/261/1731
f 1974/262/1734 1975/264/1735 1976/263/1736
f 1976/263/1736 1977/262/1737 1974/262/1734
f 1978/261/1738 1974/262/1734 1977/262/1737
f 1977/262/1737 1979/261/1667 1978/261/1738
f 1911/260/1668 1973/260/1733 1978/261/1738
f 1978/261/1738 1979/261/1667 1911/260/1668
f 1980/254/1739 1954/254/1715 1955/253/1716
f 1955/253/1716 1981/253/1740 1980/254/1739
f 1982/254/1741 1980/254/1739 1981/253/1740
f 1981/253/1740 1988/253/1747 1982/254/1741
f 1983/251/1742 1981/253/1740 1955/253/1716
f 1955/253/1716 1956/251/1717 1983/251/1742
f 1983/251/1742 1956/251/1717 1957/252/1718
f 1957/252/1718 1984/252/1743 1983/251/1742
f 1985/251/1744 1983/251/1742 1984/252/1743
f 1984/252/1743 1986/252/1745 1985/251/1744
f 1981/253/1740 1983/251/1742 1985/251/1744
f 1985/251/1744 1988/253/1747 1981/253/1740
f 1985/251/1744 1986/252/1745 1987/252/1746
f 1987/252/1746 1989/251/1748 1985/251/1744
f 1988/253/1747 1985/251/1744 1989/251/1748
f 1989/251/1748 1990/253/1749 1988/253/1747
f 1982/254/1741 1988/253/1747 1990/253/1749
f 1990/253/1749 1991/254/1750 1982/254/1741
f 1992/254/1751 1991/254/1750 1990/253/1749
f 1990/253/1749 1995/253/1754 1992/254/1751
f 1993/251/1752 1989/251/1748 1987/252/1746
f 1987/252/1746 1994/252/1753 1993/251/1752
f 1990/253/1749 1989/251/1748 1993/251/1752
f 1993/251/1752 1995/253/1754 1990/253/1749
f 1919/254/1682 1992/254/1751 1995/253/1754
f 1995/253/1754 1918/253/1681 1919/254/1682
f 1917/251/1680 1918/253/1681 1995/253/1754
f 1995/253/1754 1993/251/1752 1917/251/1680
f 1917/251/1680 1993/251/1752 1994/252/1753
f 1994/252/1753 1916/252/1679 1917/251/1680
f 1947/260/1713 1954/260/1718 1996/261/1717
f 1996/261/1717 1997/261/1712 1947/260/1713
f 1945/260/1711 1947/260/1713 1997/261/1712
f 1997/261/1712 2004/261/1708 1945/260/1711
f 1998/262/1755 1997/261/1712 1996/261/1717
f 1996/261/1717 1999/262/1756 1998/262/1755
f 1998/262/1755 1999/262/1756 2000/263/1757
f 2000/263/1757 2001/264/1758 1998/262/1755
f 2002/262/1759 1998/262/1755 2001/264/1758
f 2001/264/1758 2003/264/1760 2002/262/1759
f 1997/261/1712 1998/262/1755 2002/262/1759
f 2002/262/1759 2004/261/1708 1997/261/1712
f 2002/262/1759 2003/264/1760 1964/263/1724
f 1964/263/1724 1963/262/1723 2002/262/1759
f 2004/261/1708 2002/262/1759 1963/262/1723
f 1963/262/1723 1959/261/1709 2004/261/1708
f 1944/260/1710 1945/260/1711 2004/261/1708
f 2004/261/1708 1959/261/1709 1944/260/1710
f 1992/260/1753 1919/260/1679 2005/261/1680
f 2005/261/1680 2006/261/1752 1992/260/1753
f 1991/260/1746 1992/260/1753 2006/261/1752
f 2006/261/1752 2014/261/1748 1991/260/1746
f 2007/262/1761 2006/261/1752 2005/261/1680
f 2005/261/1680 2008/262/1762 2007/262/1761
f 2007/262/1761 2008/262/1762 2009/263/1763
f 2009/263/1763 2010/264/1764 2007/262/1761
f 2011/262/1765 2007/262/1761 2010/264/1764
f 2010/264/1764 2012/264/1766 2011/262/1765
f 2006/261/1752 2007/262/1761 2011/262/1765
f 2011/262/1765 2014/261/1748 2006/261/1752
f 2011/262/1765 2012/264/1766 2013/264/1767
f 2013/264/1767 2015/262/1768 2011/262/1765
f 2014/261/1748 2011/262/1765 2015/262/1768
f 2015/262/1768 2016/261/1744 2014/261/1748
f 1991/260/1746 2014/261/1748 2016/261/1744
f 2016/261/1744 1982/260/1745 1991/260/1746
f 1980/260/1743 1982/260/1745 2016/261/1744
f 2016/261/1744 2019/261/1742 1980/260/1743
f 2017/262/1769 2015/262/1768 2013/264/1767
f 2013/264/1767 2018/264/1770 2017/262/1769
f 2016/261/1744 2015/262/1768 2017/262/1769
f 2017/262/1769 2019/261/1742 2016/261/1744
f 2017/262/1769 2018/264/1770 2000/263/1757
f 2000/263/1757 1999/262/1756 2017/262/1769
f 2019/261/1742 2017/262/1769 1999/262/1756
f 1999/262/1756 1996/261/1717 2019/261/1742
f 1954/260/1718 1980/260/1743 2019/261/1742
f 2019/261/1742 1996/261/1717 1954/260/1718
f 1912/260/1669 1911/260/1668 1979/261/1667
f 1979/261/1667 2020/261/1670 1912/260/1669
f 1914/260/1671 1912/260/1669 2020/261/1670
f 2020/261/1670 2025/261/1678 1914/260/1671
f 2021/262/1771 2020/261/1670 1979/261/1667
f 1979/261/1667 1977/262/1737 2021/262/1771
f 2021/262/1771 1977/262/1737 1976/263/1736
f 1976/263/1736 2022/264/1772 2021/262/1771
f 2023/262/1773 2021/262/1771 2022/264/1772
f 2022/264/1772 2024/264/1774 2023/262/1773
f 2020/261/1670 2021/262/1771 2023/262/1773
f 2023/262/1773 2025/261/1678 2020/261/1670
f 2023/262/1773 2024/264/1774 2009/263/1763
f 2009/263/1763 2008/262/1762 2023/262/1773
f 2025/261/1678 2023/262/1773 2008/262/1762
f 2008/262/1762 2005/261/1680 2025/261/1678
f 1919/260/1679 1914/260/1671 2025/261/1678
f 2025/261/1678 2005/261/1680 1919/260/1679
f 1973/254/1683 1911/254/1674 1910/253/1673
f 1910/253/1673 2026/253/1684 1973/254/1683
f 1972/254/1685 1973/254/1683 2026/253/1684
f 2026/253/1684 2029/253/1693 1972/254/1685
f 2027/251/1738 2026/253/1684 1910/253/1673
f 1910/253/1673 1904/251/1667 2027/251/1738
f 2027/251/1738 1904/251/1667 1905/252/1668
f 1905/252/1668 1920/252/1733 2027/251/1738
f 2028/251/1731 2027/251/1738 1920/252/1733
f 1920/252/1733 1923/252/1732 2028/251/1731
f 2026/253/1684 2027/251/1738 2028/251/1731
f 2028/251/1731 2029/253/1693 2026/253/1684
f 2028/251/1731 1923/252/1732 1934/252/1721
f 1934/252/1721 2030/251/1729 2028/251/1731
f 2029/253/1693 2028/251/1731 2030/251/1729
f 2030/251/1729 2031/253/1695 2029/253/1693
f 1972/254/1685 2029/253/1693 2031/253/1695
f 2031/253/1695 1961/254/1696 1972/254/1685
f 1958/254/1697 1961/254/1696 2031/253/1695
f 2031/253/1695 2033/253/1702 1958/254/1697
f 2032/251/1720 2030/251/1729 1934/252/1721
f 1934/252/1721 1935/252/1719 2032/251/1720
f 2031/253/1695 2030/251/1729 2032/251/1720
f 2032/251/1720 2033/253/1702 2031/253/1695
f 1944/254/1703 1958/254/1697 2033/253/1702
f 2033/253/1702 1943/253/1704 1944/254/1703
f 1949/251/1709 1943/253/1704 2033/253/1702
f 2033/253/1702 2032/251/1720 1949/251/1709
f 1949/251/1709 2032/251/1720 1935/252/1719
f 1935/252/1719 1941/252/1710 1949/251/1709
f 1950/255/1705 1941/255/1703 1942/256/1704
f 1942/256/1704 2034/256/1706 1950/255/1705
f 1952/255/1707 1950/255/1705 2034/256/1706
f 2034/256/1706 2041/256/1714 1952/255/1707
f 2035/257/1775 2034/256/1706 1942/256/1704
f 1942/256/1704 1939/257/1701 2035/257/1775
f 2035/257/1775 1939/257/1701 1938/258/1700
f 1938/258/1700 2036/259/1776 2035/257/1775
f 2037/257/1777 2035/257/1775 2036/259/1776
f 2036/259/1776 2038/259/1778 2037/257/1777
f 2034/256/1706 2035/257/1775 2037/257/1777
f 2037/257/1777 2041/256/1714 2034/256/1706
f 2037/257/1777 2038/259/1778 2039/258/1779
f 2039/258/1779 2040/257/1780 2037/257/1777
f 2041/256/1714 2037/257/1777 2040/257/1780
f 2040/257/1780 2042/256/1716 2041/256/1714
f 1957/255/1715 1952/255/1707 2041/256/1714
f 2041/256/1714 2042/256/1716 1957/255/1715
f 1984/255/1739 1957/255/1715 2042/256/1716
f 2042/256/1716 2043/256/1740 1984/255/1739
f 1986/255/1741 1984/255/1739 2043/256/1740
f 2043/256/1740 2049/256/1747 1986/255/1741
f 2044/257/1781 2043/256/1740 2042/256/1716
f 2042/256/1716 2040/257/1780 2044/257/1781
f 2044/257/1781 2040/257/1780 2039/258/1779
f 2039/258/1779 2045/259/1782 2044/257/1781
f 2046/257/1783 2044/257/1781 2045/259/1782
f 2045/259/1782 2047/259/1784 2046/257/1783
f 2043/256/1740 2044/257/1781 2046/257/1783
f 2046/257/1783 2049/256/1747 2043/256/1740
f 2046/257/1783 2047/259/1784 2048/259/1785
f 2048/259/1785 2050/257/1786 2046/257/1783
f 2049/256/1747 2046/257/1783 2050/257/1786
f 2050/257/1786 2051/256/1749 2049/256/1747
f 1986/255/1741 2049/256/1747 2051/256/1749
f 2051/256/1749 1987/255/1750 1986/255/1741
f 1994/255/1751 1987/255/1750 2051/256/1749
f 2051/256/1749 2056/256/1754 1994/255/1751
f 2052/257/1787 2050/257/1786 2048/259/1785
f 2048/259/1785 2053/259/1788 2052/257/1787
f 2051/256/1749 2050/257/1786 2052/257/1787
f 2052/257/1787 2056/256/1754 2051/256/1749
f 2052/257/1787 2053/259/1788 2054/258/1789
f 2054/258/1789 2055/257/1790 2052/257/1787
f 2056/256/1754 2052/257/1787 2055/257/1790
f 2055/257/1790 2057/256/1681 2056/256/1754
f 1916/255/1682 1994/255/1751 2056/256/1754
f 2056/256/1754 2057/256/1681 1916/255/1682
f 1908/255/1677 1916/255/1682 2057/256/1681
f 2057/256/1681 2058/256/1676 1908/255/1677
f 1906/255/1675 1908/255/1677 2058/256/1676
f 2058/256/1676 2063/256/1672 1906/255/1675
f 2059/257/1791 2058/256/1676 2057/256/1681
f 2057/256/1681 2055/257/1790 2059/257/1791
f 2059/257/1791 2055/257/1790 2054/258/1789
f 2054/258/1789 2060/259/1792 2059/257/1791
f 2061/257/1793 2059/257/1791 2060/259/1792
f 2060/259/1792 2062/259/1794 2061/257/1793
f 2058/256/1676 2059/257/1791 2061/257/1793
f 2061/257/1793 2063/256/1672 2058/256/1676
f 2061/257/1793 2062/259/1794 1926/258/1688
f 1926/258/1688 1925/257/1687 2061/257/1793
f 2063/256/1672 2061/257/1793 1925/257/1687
f 1925/257/1687 1921/256/1673 2063/256/1672
f 1905/255/1674 1906/255/1675 2063/256/1672
f 2063/256/1672 1921/256/1673 1905/255/1674
f 2064/265/1795 1968/264/1728 1967/264/1727
f 1967/264/1727 2068/265/1799 2064/265/1795
f 1975/264/1735 1968/264/1728 2064/265/1795
f 2064/265/1795 2065/265/1796 1975/264/1735
f 1976/263/1736 1975/264/1735 2065/265/1796
f 2065/265/1796 2022/264/1772 1976/263/1736
f 2024/264/1774 2022/264/1772 2065/265/1796
f 2065/265/1796 2066/265/1797 2024/264/1774
f 2066/265/1797 2065/265/1796 2064/265/1795
f 2064/265/1795 2067/265/1798 2066/265/1797
f 2009/263/1763 2024/264/1774 2066/265/1797
f 2066/265/1797 2010/264/1764 2009/263/1763
f 2012/264/1766 2010/264/1764 2066/265/1797
f 2066/265/1797 2067/265/1798 2012/264/1766
f 2067/265/1798 2064/265/1795 2068/265/1799
f 2068/265/1799 2069/265/1800 2067/265/1798
f 2012/264/1766 2067/265/1798 2069/265/1800
f 2069/265/1800 2013/264/1767 2012/264/1766
f 2018/264/1770 2013/264/1767 2069/265/1800
f 2069/265/1800 2071/265/1802 2018/264/1770
f 2070/265/1801 2068/265/1799 1967/264/1727
f 1967/264/1727 1965/264/1725 2070/265/1801
f 2069/265/1800 2068/265/1799 2070/265/1801
f 2070/265/1801 2071/265/1802 2069/265/1800
f 2070/265/1801 1965/264/1725 1964/263/1724
f 1964/263/1724 2003/264/1760 2070/265/1801
f 2071/265/1802 2070/265/1801 2003/264/1760
f 2003/264/1760 2001/264/1758 2071/265/1802
f 2000/263/1757 2018/264/1770 2071/265/1802
f 2071/265/1802 2001/264/1758 2000/263/1757
f 1937/259/1699 1930/259/1692 2072/266/1803
f 2072/266/1803 2073/266/1804 1937/259/1699
f 2072/266/1803 1930/259/1692 1929/259/1691
f 1929/259/1691 2076/266/1807 2072/266/1803
f 1938/258/1700 1937/259/1699 2073/266/1804
f 2073/266/1804 2036/259/1776 1938/258/1700
f 2038/259/1778 2036/259/1776 2073/266/1804
f 2073/266/1804 2074/266/1805 2038/259/1778
f 2074/266/1805 2073/266/1804 2072/266/1803
f 2072/266/1803 2075/266/1806 2074/266/1805
f 2039/258/1779 2038/259/1778 2074/266/1805
f 2074/266/1805 2045/259/1782 2039/258/1779
f 2047/259/1784 2045/259/1782 2074/266/1805
f 2074/266/1805 2075/266/1806 2047/259/1784
f 2075/266/1806 2072/266/1803 2076/266/1807
f 2076/266/1807 2077/266/1808 2075/266/1806
f 2047/259/1784 2075/266/1806 2077/266/1808
f 2077/266/1808 2048/259/1785 2047/259/1784
f 2053/259/1788 2048/259/1785 2077/266/1808
f 2077/266/1808 2079/266/1810 2053/259/1788
f 2078/266/1809 2076/266/1807 1929/259/1691
f 1929/259/1691 1927/259/1689 2078/266/1809
f 2077/266/1808 2076/266/1807 2078/266/1809
f 2078/266/1809 2079/266/1810 2077/266/1808
f 2078/266/1809 1927/259/1689 1926/258/1688
f 1926/258/1688 2062/259/1794 2078/266/1809
f 2079/266/1810 2078/266/1809 2062/259/1794
f 2062/259/1794 2060/259/1792 2079/266/1810
f 2054/258/1789 2053/259/1788 2079/266/1810
f 2079/266/1810 2060/259/1792 2054/258/1789
f 2082/252/1813 2081/252/1812 2080/251/1811
f 2080/251/1811 2083/251/1814 2082/252/1813
f 2084/252/1815 2082/252/1813 2083/251/1814
f 2083/251/1814 2091/251/1822 2084/252/1815
f 2085/253/1816 2083/251/1814 2080/251/1811
f 2080/251/1811 2086/253/1817 2085/253/1816
f 2085/253/1816 2086/253/1817 2087/254/1818
f 2087/254/1818 2088/254/1819 2085/253/1816
f 2089/253/1820 2085/253/1816 2088/254/1819
f 2088/254/1819 2090/254/1821 2089/253/1820
f 2083/251/1814 2085/253/1816 2089/253/1820
f 2089/253/1820 2091/251/1822 2083/251/1814
f 2092/252/1823 2084/252/1815 2091/251/1822
f 2091/251/1822 2093/251/1824 2092/252/1823
f 2094/253/1825 2093/251/1824 2091/251/1822
f 2091/251/1822 2089/253/1820 2094/253/1825
f 2094/253/1825 2089/253/1820 2090/254/1821
f 2090/254/1821 2095/254/1826 2094/253/1825
f 2096/255/1827 2081/255/1818 2097/256/1817
f 2097/256/1817 2098/256/1828 2096/255/1827
f 2099/255/1829 2096/255/1827 2098/256/1828
f 2098/256/1828 2107/256/1837 2099/255/1829
f 2100/257/1830 2098/256/1828 2097/256/1817
f 2097/256/1817 2101/257/1831 2100/257/1830
f 2100/257/1830 2101/257/1831 2102/258/1832
f 2102/258/1832 2103/259/1833 2100/257/1830
f 2104/257/1834 2100/257/1830 2103/259/1833
f 2103/259/1833 2105/259/1835 2104/257/1834
f 2098/256/1828 2100/257/1830 2104/257/1834
f 2104/257/1834 2107/256/1837 2098/256/1828
f 2104/257/1834 2105/259/1835 2106/259/1836
f 2106/259/1836 2108/257/1838 2104/257/1834
f 2107/256/1837 2104/257/1834 2108/257/1838
f 2108/257/1838 2109/256/1839 2107/256/1837
f 2099/255/1829 2107/256/1837 2109/256/1839
f 2109/256/1839 2110/255/1840 2099/255/1829
f 2111/255/1841 2110/255/1840 2109/256/1839
f 2109/256/1839 2116/256/1846 2111/255/1841
f 2112/257/1842 2108/257/1838 2106/259/1836
f 2106/259/1836 2113/259/1843 2112/257/1842
f 2109/256/1839 2108/257/1838 2112/257/1842
f 2112/257/1842 2116/256/1846 2109/256/1839
f 2112/257/1842 2113/259/1843 2114/258/1844
f 2114/258/1844 2115/257/1845 2112/257/1842
f 2116/256/1846 2112/257/1842 2115/257/1845
f 2115/257/1845 2118/256/1848 2116/256/1846
f 2117/255/1847 2111/255/1841 2116/256/1846
f 2116/256/1846 2118/256/1848 2117/255/1847
f 2121/254/1849 2120/254/1847 2119/253/1848
f 2119/253/1848 2122/253/1850 2121/254/1849
f 2123/254/1851 2121/254/1849 2122/253/1850
f 2122/253/1850 2129/253/1858 2123/254/1851
f 2124/251/1852 2122/253/1850 2119/253/1848
f 2119/253/1848 2125/251/1853 2124/251/1852
f 2124/251/1852 2125/251/1853 2117/252/1854
f 2117/252/1854 2126/252/1855 2124/251/1852
f 2127/251/1856 2124/251/1852 2126/252/1855
f 2126/252/1855 2128/252/1857 2127/251/1856
f 2122/253/1850 2124/251/1852 2127/251/1856
f 2127/251/1856 2129/253/1858 2122/253/1850
f 2130/254/1859 2123/254/1851 2129/253/1858
f 2129/253/1858 2131/253/1860 2130/254/1859
f 2132/251/1861 2131/253/1860 2129/253/1858
f 2129/253/1858 2127/251/1856 2132/251/1861
f 2132/251/1861 2127/251/1856 2128/252/1857
f 2128/252/1857 2133/252/1862 2132/251/1861
f 2134/260/1863 2120/260/1854 2135/261/1853
f 2135/261/1853 2136/261/1864 2134/260/1863
f 2137/260/1865 2134/260/1863 2136/261/1864
f 2136/261/1864 2145/261/1873 2137/260/1865
f 2138/262/1866 2136/261/1864 2135/261/1853
f 2135/261/1853 2139/262/1867 2138/262/1866
f 2138/262/1866 2139/262/1867 2140/263/1868
f 2140/263/1868 2141/264/1869 2138/262/1866
f 2142/262/1870 2138/262/1866 2141/264/1869
f 2141/264/1869 2143/264/1871 2142/262/1870
f 2136/261/1864 2138/262/1866 2142/262/1870
f 2142/262/1870 2145/261/1873 2136/261/1864
f 2142/262/1870 2143/264/1871 2144/264/1872
f 2144/264/1872 2146/262/1874 2142/262/1870
f 2145/261/1873 2142/262/1870 2146/262/1874
f 2146/262/1874 2147/261/1875 2145/261/1873
f 2137/260/1865 2145/261/1873 2147/261/1875
f 2147/261/1875 2148/260/1876 2137/260/1865
f 2149/260/1877 2148/260/1876 2147/261/1875
f 2147/261/1875 2154/261/1882 2149/260/1877
f 2150/262/1878 2146/262/1874 2144/264/1872
f 2144/264/1872 2151/264/1879 2150/262/1878
f 2147/261/1875 2146/262/1874 2150/262/1878
f 2150/262/1878 2154/261/1882 2147/261/1875
f 2150/262/1878 2151/264/1879 2152/263/1880
f 2152/263/1880 2153/262/1881 2150/262/1878
f 2154/261/1882 2150/262/1878 2153/262/1881
f 2153/262/1881 2155/261/1811 2154/261/1882
f 2087/260/1812 2149/260/1877 2154/261/1882
f 2154/261/1882 2155/261/1811 2087/260/1812
f 2156/254/1883 2130/254/1859 2131/253/1860
f 2131/253/1860 2157/253/1884 2156/254/1883
f 2158/254/1885 2156/254/1883 2157/253/1884
f 2157/253/1884 2164/253/1891 2158/254/1885
f 2159/251/1886 2157/253/1884 2131/253/1860
f 2131/253/1860 2132/251/1861 2159/251/1886
f 2159/251/1886 2132/251/1861 2133/252/1862
f 2133/252/1862 2160/252/1887 2159/251/1886
f 2161/251/1888 2159/251/1886 2160/252/1887
f 2160/252/1887 2162/252/1889 2161/251/1888
f 2157/253/1884 2159/251/1886 2161/251/1888
f 2161/251/1888 2164/253/1891 2157/253/1884
f 2161/251/1888 2162/252/1889 2163/252/1890
f 2163/252/1890 2165/251/1892 2161/251/1888
f 2164/253/1891 2161/251/1888 2165/251/1892
f 2165/251/1892 2166/253/1893 2164/253/1891
f 2158/254/1885 2164/253/1891 2166/253/1893
f 2166/253/1893 2167/254/1894 2158/254/1885
f 2168/254/1895 2167/254/1894 2166/253/1893
f 2166/253/1893 2171/253/1898 2168/254/1895
f 2169/251/1896 2165/251/1892 2163/252/1890
f 2163/252/1890 2170/252/1897 2169/251/1896
f 2166/253/1893 2165/251/1892 2169/251/1896
f 2169/251/1896 2171/253/1898 2166/253/1893
f 2095/254/1826 2168/254/1895 2171/253/1898
f 2171/253/1898 2094/253/1825 2095/254/1826
f 2093/251/1824 2094/253/1825 2171/253/1898
f 2171/253/1898 2169/251/1896 2093/251/1824
f 2093/251/1824 2169/251/1896 2170/252/1897
f 2170/252/1897 2092/252/1823 2093/251/1824
f 2123/260/1857 2130/260/1862 2172/261/1861
f 2172/261/1861 2173/261/1856 2123/260/1857
f 2121/260/1855 2123/260/1857 2173/261/1856
f 2173/261/1856 2180/261/1852 2121/260/1855
f 2174/262/1899 2173/261/1856 2172/261/1861
f 2172/261/1861 2175/262/1900 2174/262/1899
f 2174/262/1899 2175/262/1900 2176/263/1901
f 2176/263/1901 2177/264/1902 2174/262/1899
f 2178/262/1903 2174/262/1899 2177/264/1902
f 2177/264/1902 2179/264/1904 2178/262/1903
f 2173/261/1856 2174/262/1899 2178/262/1903
f 2178/262/1903 2180/261/1852 2173/261/1856
f 2178/262/1903 2179/264/1904 2140/263/1868
f 2140/263/1868 2139/262/1867 2178/262/1903
f 2180/261/1852 2178/262/1903 2139/262/1867
f 2139/262/1867 2135/261/1853 2180/261/1852
f 2120/260/1854 2121/260/1855 2180/261/1852
f 2180/261/1852 2135/261/1853 2120/260/1854
f 2168/260/1897 2095/260/1823 2181/261/1824
f 2181/261/1824 2182/261/1896 2168/260/1897
f 2167/260/1890 2168/260/1897 2182/261/1896
f 2182/261/1896 2190/261/1892 2167/260/1890
f 2183/262/1905 2182/261/1896 2181/261/1824
f 2181/261/1824 2184/262/1906 2183/262/1905
f 2183/262/1905 2184/262/1906 2185/263/1907
f 2185/263/1907 2186/264/1908 2183/262/1905
f 2187/262/1909 2183/262/1905 2186/264/1908
f 2186/264/1908 2188/264/1910 2187/262/1909
f 2182/261/1896 2183/262/1905 2187/262/1909
f 2187/262/1909 2190/261/1892 2182/261/1896
f 2187/262/1909 2188/264/1910 2189/264/1911
f 2189/264/1911 2191/262/1912 2187/262/1909
f 2190/261/1892 2187/262/1909 2191/262/1912
f 2191/262/1912 2192/261/1888 2190/261/1892
f 2167/260/1890 2190/261/1892 2192/261/1888
f 2192/261/1888 2158/260/1889 2167/260/1890
f 2156/260/1887 2158/260/1889 2192/261/1888
f 2192/261/1888 2195/261/1886 2156/260/1887
f 2193/262/1913 2191/262/1912 2189/264/1911
f 2189/264/1911 2194/264/1914 2193/262/1913
f 2192/261/1888 2191/262/1912 2193/262/1913
f 2193/262/1913 2195/261/1886 2192/261/1888
f 2193/262/1913 2194/264/1914 2176/263/1901
f 2176/263/1901 2175/262/1900 2193/262/1913
f 2195/261/1886 2193/262/1913 2175/262/1900
f 2175/262/1900 2172/261/1861 2195/261/1886
f 2130/260/1862 2156/260/1887 2195/261/1886
f 2195/261/1886 2172/261/1861 2130/260/1862
f 2088/260/1813 2087/260/1812 2155/261/1811
f 2155/261/1811 2196/261/1814 2088/260/1813
f 2090/260/1815 2088/260/1813 2196/261/1814
f 2196/261/1814 2201/261/1822 2090/260/1815
f 2197/262/1915 2196/261/1814 2155/261/1811
f 2155/261/1811 2153/262/1881 2197/262/1915
f 2197/262/1915 2153/262/1881 2152/263/1880
f 2152/263/1880 2198/264/1916 2197/262/1915
f 2199/262/1917 2197/262/1915 2198/264/1916
f 2198/264/1916 2200/264/1918 2199/262/1917
f 2196/261/1814 2197/262/1915 2199/262/1917
f 2199/262/1917 2201/261/1822 2196/261/1814
f 2199/262/1917 2200/264/1918 2185/263/1907
f 2185/263/1907 2184/262/1906 2199/262/1917
f 2201/261/1822 2199/262/1917 2184/262/1906
f 2184/262/1906 2181/261/1824 2201/261/1822
f 2095/260/1823 2090/260/1815 2201/261/1822
f 2201/261/1822 2181/261/1824 2095/260/1823
f 2149/254/1827 2087/254/1818 2086/253/1817
f 2086/253/1817 2202/253/1828 2149/254/1827
f 2148/254/1829 2149/254/1827 2202/253/1828
f 2202/253/1828 2205/253/1837 2148/254/1829
f 2203/251/1882 2202/253/1828 2086/253/1817
f 2086/253/1817 2080/251/1811 2203/251/1882
f 2203/251/1882 2080/251/1811 2081/252/1812
f 2081/252/1812 2096/252/1877 2203/251/1882
f 2204/251/1875 2203/251/1882 2096/252/1877
f 2096/252/1877 2099/252/1876 2204/251/1875
f 2202/253/1828 2203/251/1882 2204/251/1875
f 2204/251/1875 2205/253/1837 2202/253/1828
f 2204/251/1875 2099/252/1876 2110/252/1865
f 2110/252/1865 2206/251/1873 2204/251/1875
f 2205/253/1837 2204/251/1875 2206/251/1873
f 2206/251/1873 2207/253/1839 2205/253/1837
f 2148/254/1829 2205/253/1837 2207/253/1839
f 2207/253/1839 2137/254/1840 2148/254/1829
f 2134/254/1841 2137/254/1840 2207/253/1839
f 2207/253/1839 2209/253/1846 2134/254/1841
f 2208/251/1864 2206/251/1873 2110/252/1865
f 2110/252/1865 2111/252/1863 2208/251/1864
f 2207/253/1839 2206/251/1873 2208/251/1864
f 2208/251/1864 2209/253/1846 2207/253/1839
f 2120/254/1847 2134/254/1841 2209/253/1846
f 2209/253/1846 2119/253/1848 2120/254/1847
f 2125/251/1853 2119/253/1848 2209/253/1846
f 2209/253/1846 2208/251/1864 2125/251/1853
f 2125/251/1853 2208/251/1864 2111/252/1863
f 2111/252/1863 2117/252/1854 2125/251/1853
f 2126/255/1849 2117/255/1847 2118/256/1848
f 2118/256/1848 2210/256/1850 2126/255/1849
f 2128/255/1851 2126/255/1849 2210/256/1850
f 2210/256/1850 2217/256/1858 2128/255/1851
f 2211/257/1919 2210/256/1850 2118/256/1848
f 2118/256/1848 2115/257/1845 2211/257/1919
f 2211/257/1919 2115/257/1845 2114/258/1844
f 2114/258/1844 2212/259/1920 2211/257/1919
f 2213/257/1921 2211/257/1919 2212/259/1920
f 2212/259/1920 2214/259/1922 2213/257/1921
f 2210/256/1850 2211/257/1919 2213/257/1921
f 2213/257/1921 2217/256/1858 2210/256/1850
f 2213/257/1921 2214/259/1922 2215/258/1923
f 2215/258/1923 2216/257/1924 2213/257/1921
f 2217/256/1858 2213/257/1921 2216/257/1924
f 2216/257/1924 2218/256/1860 2217/256/1858
f 2133/255/1859 2128/255/1851 2217/256/1858
f 2217/256/1858 2218/256/1860 2133/255/1859
f 2160/255/1883 2133/255/1859 2218/256/1860
f 2218/256/1860 2219/256/1884 2160/255/1883
f 2162/255/1885 2160/255/1883 2219/256/1884
f 2219/256/1884 2225/256/1891 2162/255/1885
f 2220/257/1925 2219/256/1884 2218/256/1860
f 2218/256/1860 2216/257/1924 2220/257/1925
f 2220/257/1925 2216/257/1924 2215/258/1923
f 2215/258/1923 2221/259/1926 2220/257/1925
f 2222/257/1927 2220/257/1925 2221/259/1926
f 2221/259/1926 2223/259/1928 2222/257/1927
f 2219/256/1884 2220/257/1925 2222/257/1927
f 2222/257/1927 2225/256/1891 2219/256/1884
f 2222/257/1927 2223/259/1928 2224/259/1929
f 2224/259/1929 2226/257/1930 2222/257/1927
f 2225/256/1891 2222/257/1927 2226/257/1930
f 2226/257/1930 2227/256/1893 2225/256/1891
f 2162/255/1885 2225/256/1891 2227/256/1893
f 2227/256/1893 2163/255/1894 2162/255/1885
f 2170/255/1895 2163/255/1894 2227/256/1893
f 2227/256/1893 2232/256/1898 2170/255/1895
f 2228/257/1931 2226/257/1930 2224/259/1929
f 2224/259/1929 2229/259/1932 2228/257/1931
f 2227/256/1893 2226/257/1930 2228/257/1931
f 2228/257/1931 2232/256/1898 2227/256/1893
f 2228/257/1931 2229/259/1932 2230/258/1933
f 2230/258/1933 2231/257/1934 2228/257/1931
f 2232/256/1898 2228/257/1931 2231/257/1934
f 2231/257/1934 2233/256/1825 2232/256/1898
f 2092/255/1826 2170/255/1895 2232/256/1898
f 2232/256/1898 2233/256/1825 2092/255/1826
f 2084/255/1821 2092/255/1826 2233/256/1825
f 2233/256/1825 2234/256/1820 2084/255/1821
f 2082/255/1819 2084/255/1821 2234/256/1820
f 2234/256/1820 2239/256/1816 2082/255/1819
f 2235/257/1935 2234/256/1820 2233/256/1825
f 2233/256/1825 2231/257/1934 2235/257/1935
f 2235/257/1935 2231/257/1934 2230/258/1933
f 2230/258/1933 2236/259/1936 2235/257/1935
f 2237/257/1937 2235/257/1935 2236/259/1936
f 2236/259/1936 2238/259/1938 2237/257/1937
f 2234/256/1820 2235/257/1935 2237/257/1937
f 2237/257/1937 2239/256/1816 2234/256/1820
f 2237/257/1937 2238/259/1938 2102/258/1832
f 2102/258/1832 2101/257/1831 2237/257/1937
f 2239/256/1816 2237/257/1937 2101/257/1831
f 2101/257/1831 2097/256/1817 2239/256/1816
f 2081/255/1818 2082/255/1819 2239/256/1816
f 2239/256/1816 2097/256/1817 2081/255/1818
f 2240/265/1939 2144/264/1872 2143/264/1871
f 2143/264/1871 2244/265/1943 2240/265/1939
f 2151/264/1879 2144/264/1872 2240/265/1939
f 2240/265/1939 2241/265/1940 2151/264/1879
f 2152/263/1880 2151/264/1879 2241/265/1940
f 2241/265/1940 2198/264/1916 2152/263/1880
f 2200/264/1918 2198/264/1916 2241/265/1940
f 2241/265/1940 2242/265/1941 2200/264/1918
f 2242/265/1941 2241/265/1940 2240/265/1939
f 2240/265/1939 2243/265/1942 2242/265/1941
f 2185/263/1907 2200/264/1918 2242/265/1941
f 2242/265/1941 2186/264/1908 2185/263/1907
f 2188/264/1910 2186/264/1908 2242/265/1941
f 2242/265/1941 2243/265/1942 2188/264/1910
f 2243/265/1942 2240/265/1939 2244/265/1943
f 2244/265/1943 2245/265/1944 2243/265/1942
f 2188/264/1910 2243/265/1942 2245/265/1944
f 2245/265/1944 2189/264/1911 2188/264/1910
f 2194/264/1914 2189/264/1911 2245/265/1944
f 2245/265/1944 2247/265/1946 2194/264/1914
f 2246/265/1945 2244/265/1943 2143/264/1871
f 2143/264/1871 2141/264/1869 2246/265/1945
f 2245/265/1944 2244/265/1943 2246/265/1945
f 2246/265/1945 2247/265/1946 2245/265/1944
f 2246/265/1945 2141/264/1869 2140/263/1868
f 2140/263/1868 2179/264/1904 2246/265/1945
f 2247/265/1946 2246/265/1945 2179/264/1904
f 2179/264/1904 2177/264/1902 2247/265/1946
f 2176/263/1901 2194/264/1914 2247/265/1946
f 2247/265/1946 2177/264/1902 2176/263/1901
f 2113/259/1843 2106/259/1836 2248/266/1947
f 2248/266/1947 2249/266/1948 2113/259/1843
f 2248/266/1947 2106/259/1836 2105/259/1835
f 2105/259/1835 2252/266/1951 2248/266/1947
f 2114/258/1844 2113/259/1843 2249/266/1948
f 2249/266/1948 2212/259/1920 2114/258/1844
f 2214/259/1922 2212/259/1920 2249/266/1948
f 2249/266/1948 2250/266/1949 2214/259/1922
f 2250/266/1949 2249/266/1948 2248/266/1947
f 2248/266/1947 2251/266/1950 2250/266/1949
f 2215/258/1923 2214/259/1922 2250/266/1949
f 2250/266/1949 2221/259/1926 2215/258/1923
f 2223/259/1928 2221/259/1926 2250/266/1949
f 2250/266/1949 2251/266/1950 2223/259/1928
f 2251/266/1950 2248/266/1947 2252/266/1951
f 2252/266/1951 2253/266/1952 2251/266/1950
f 2223/259/1928 2251/266/1950 2253/266/1952
f 2253/266/1952 2224/259/1929 2223/259/1928
f 2229/259/1932 2224/259/1929 2253/266/1952
f 2253/266/1952 2255/266/1954 2229/259/1932
f 2254/266/1953 2252/266/1951 2105/259/1835
f 2105/259/1835 2103/259/1833 2254/266/1953
f 2253/266/1952 2252/266/1951 2254/266/1953
f 2254/266/1953 2255/266/1954 2253/266/1952
f 2254/266/1953 2103/259/1833 2102/258/1832
f 2102/258/1832 2238/259/1938 2254/266/1953
f 2255/266/1954 2254/266/1953 2238/259/1938
f 2238/259/1938 2236/259/1936 2255/266/1954
f 2230/258/1933 2229/259/1932 2255/266/1954
f 2255/266/1954 2236/259/1936 2230/258/1933
f 2258/252/1813 2257/252/1812 2256/251/1811
f 2256/251/1811 2259/251/1814 2258/252/1813
f 2260/252/1815 2258/252/1813 2259/251/1814
f 2259/251/1814 2267/251/1822 2260/252/1815
f 2261/253/1816 2259/251/1814 2256/251/1811
f 2256/251/1811 2262/253/1817 2261/253/1816
f 2261/253/1816 2262/253/1817 2263/254/1818
f 2263/254/1818 2264/254/1819 2261/253/1816
f 2265/253/1820 2261/253/1816 2264/254/1819
f 2264/254/1819 2266/254/1821 2265/253/1820
f 2259/251/1814 2261/253/1816 2265/253/1820
f 2265/253/1820 2267/251/1822 2259/251/1814
f 2268/252/1823 2260/252/1815 2267/251/1822
f 2267/251/1822 2269/251/1824 2268/252/1823
f 2270/253/1825 2269/251/1824 2267/251/1822
f 2267/251/1822 2265/253/1820 2270/253/1825
f 2270/253/1825 2265/253/1820 2266/254/1821
f 2266/254/1821 2271/254/1826 2270/253/1825
f 2272/255/1827 2257/255/1818 2273/256/1817
f 2273/256/1817 2274/256/1828 2272/255/1827
f 2275/255/1829 2272/255/1827 2274/256/1828
f 2274/256/1828 2283/256/1837 2275/255/1829
f 2276/257/1830 2274/256/1828 2273/256/1817
f 2273/256/1817 2277/257/1831 2276/257/1830
f 2276/257/1830 2277/257/1831 2278/258/1832
f 2278/258/1832 2279/259/1833 2276/257/1830
f 2280/257/1834 2276/257/1830 2279/259/1833
f 2279/259/1833 2281/259/1835 2280/257/1834
f 2274/256/1828 2276/257/1830 2280/257/1834
f 2280/257/1834 2283/256/1837 2274/256/1828
f 2280/257/1834 2281/259/1835 2282/259/1836
f 2282/259/1836 2284/257/1838 2280/257/1834
f 2283/256/1837 2280/257/1834 2284/257/1838
f 2284/257/1838 2285/256/1839 2283/256/1837
f 2275/255/1829 2283/256/1837 2285/256/1839
f 2285/256/1839 2286/255/1840 2275/255/1829
f 2287/255/1841 2286/255/1840 2285/256/1839
f 2285/256/1839 2292/256/1846 2287/255/1841
f 2288/257/1842 2284/257/1838 2282/259/1836
f 2282/259/1836 2289/259/1843 2288/257/1842
f 2285/256/1839 2284/257/1838 2288/257/1842
f 2288/257/1842 2292/256/1846 2285/256/1839
f 2288/257/1842 2289/259/1843 2290/258/1844
f 2290/258/1844 2291/257/1845 2288/257/1842
f 2292/256/1846 2288/257/1842 2291/257/1845
f 2291/257/1845 2294/256/1848 2292/256/1846
f 2293/255/1847 2287/255/1841 2292/256/1846
f 2292/256/1846 2294/256/1848 2293/255/1847
f 2297/254/1849 2296/254/1847 2295/253/1848
f 2295/253/1848 2298/253/1850 2297/254/1849
f 2299/254/1851 2297/254/1849 2298/253/1850
f 2298/253/1850 2305/253/1858 2299/254/1851
f 2300/251/1852 2298/253/1850 2295/253/1848
f 2295/253/1848 2301/251/1853 2300/251/1852
f 2300/251/1852 2301/251/1853 2293/252/1854
f 2293/252/1854 2302/252/1855 2300/251/1852
f 2303/251/1856 2300/251/1852 2302/252/1855
f 2302/252/1855 2304/252/1857 2303/251/1856
f 2298/253/1850 2300/251/1852 2303/251/1856
f 2303/251/1856 2305/253/1858 2298/253/1850
f 2306/254/1859 2299/254/1851 2305/253/1858
f 2305/253/1858 2307/253/1860 2306/254/1859
f 2308/251/1861 2307/253/1860 2305/253/1858
f 2305/253/1858 2303/251/1856 2308/251/1861
f 2308/251/1861 2303/251/1856 2304/252/1857
f 2304/252/1857 2309/252/1862 2308/251/1861
f 2310/260/1863 2296/260/1854 2311/261/1853
f 2311/261/1853 2312/261/1864 2310/260/1863
f 2313/260/1865 2310/260/1863 2312/261/1864
f 2312/261/1864 2321/261/1873 2313/260/1865
f 2314/262/1866 2312/261/1864 2311/261/1853
f 2311/261/1853 2315/262/1867 2314/262/1866
f 2314/262/1866 2315/262/1867 2316/263/1868
f 2316/263/1868 2317/264/1869 2314/262/1866
f 2318/262/1870 2314/262/1866 2317/264/1869
f 2317/264/1869 2319/264/1871 2318/262/1870
f 2312/261/1864 2314/262/1866 2318/262/1870
f 2318/262/1870 2321/261/1873 2312/261/1864
f 2318/262/1870 2319/264/1871 2320/264/1872
f 2320/264/1872 2322/262/1874 2318/262/1870
f 2321/261/1873 2318/262/1870 2322/262/1874
f 2322/262/1874 2323/261/1875 2321/261/1873
f 2313/260/1865 2321/261/1873 2323/261/1875
f 2323/261/1875 2324/260/1876 2313/260/1865
f 2325/260/1877 2324/260/1876 2323/261/1875
f 2323/261/1875 2330/261/1882 2325/260/1877
f 2326/262/1878 2322/262/1874 2320/264/1872
f 2320/264/1872 2327/264/1879 2326/262/1878
f 2323/261/1875 2322/262/1874 2326/262/1878
f 2326/262/1878 2330/261/1882 2323/261/1875
f 2326/262/1878 2327/264/1879 2328/263/1880
f 2328/263/1880 2329/262/1881 2326/262/1878
f 2330/261/1882 2326/262/1878 2329/262/1881
f 2329/262/1881 2331/261/1811 2330/261/1882
f 2263/260/1812 2325/260/1877 2330/261/1882
f 2330/261/1882 2331/261/1811 2263/260/1812
f 2332/254/1883 2306/254/1859 2307/253/1860
f 2307/253/1860 2333/253/1884 2332/254/1883
f 2334/254/1885 2332/254/1883 2333/253/1884
f 2333/253/1884 2340/253/1891 2334/254/1885
f 2335/251/1886 2333/253/1884 2307/253/1860
f 2307/253/1860 2308/251/1861 2335/251/1886
f 2335/251/1886 2308/251/1861 2309/252/1862
f 2309/252/1862 2336/252/1887 2335/251/1886
f 2337/251/1888 2335/251/1886 2336/252/1887
f 2336/252/1887 2338/252/1889 2337/251/1888
f 2333/253/1884 2335/251/1886 2337/251/1888
f 2337/251/1888 2340/253/1891 2333/253/1884
f 2337/251/1888 2338/252/1889 2339/252/1890
f 2339/252/1890 2341/251/1892 2337/251/1888
f 2340/253/1891 2337/251/1888 2341/251/1892
f 2341/251/1892 2342/253/1893 2340/253/1891
f 2334/254/1885 2340/253/1891 2342/253/1893
f 2342/253/1893 2343/254/1894 2334/254/1885
f 2344/254/1895 2343/254/1894 2342/253/1893
f 2342/253/1893 2347/253/1898 2344/254/1895
f 2345/251/1896 2341/251/1892 2339/252/1890
f 2339/252/1890 2346/252/1897 2345/251/1896
f 2342/253/1893 2341/251/1892 2345/251/1896
f 2345/251/1896 2347/253/1898 2342/253/1893
f 2271/254/1826 2344/254/1895 2347/253/1898
f 2347/253/1898 2270/253/1825 2271/254/1826
f 2269/251/1824 2270/253/1825 2347/253/1898
f 2347/253/1898 2345/251/1896 2269/251/1824
f 2269/251/1824 2345/251/1896 2346/252/1897
f 2346/252/1897 2268/252/1823 2269/251/1824
f 2299/260/1857 2306/260/1862 2348/261/1861
f 2348/261/1861 2349/261/1856 2299/260/1857
f 2297/260/1855 2299/260/1857 2349/261/1856
f 2349/261/1856 2356/261/1852 2297/260/1855
f 2350/262/1899 2349/261/1856 2348/261/1861
f 2348/261/1861 2351/262/1900 2350/262/1899
f 2350/262/1899 2351/262/1900 2352/263/1901
f 2352/263/1901 2353/264/1902 2350/262/1899
f 2354/262/1903 2350/262/1899 2353/264/1902
f 2353/264/1902 2355/264/1904 2354/262/1903
f 2349/261/1856 2350/262/1899 2354/262/1903
f 2354/262/1903 2356/261/1852 2349/261/1856
f 2354/262/1903 2355/264/1904 2316/263/1868
f 2316/263/1868 2315/262/1867 2354/262/1903
f 2356/261/1852 2354/262/1903 2315/262/1867
f 2315/262/1867 2311/261/1853 2356/261/1852
f 2296/260/1854 2297/260/1855 2356/261/1852
f 2356/261/1852 2311/261/1853 2296/260/1854
f 2344/260/1897 2271/260/1823 2357/261/1824
f 2357/261/1824 2358/261/1896 2344/260/1897
f 2343/260/1890 2344/260/1897 2358/261/1896
f 2358/261/1896 2366/261/1892 2343/260/1890
f 2359/262/1905 2358/261/1896 2357/261/1824
f 2357/261/1824 2360/262/1906 2359/262/1905
f 2359/262/1905 2360/262/1906 2361/263/1907
f 2361/263/1907 2362/264/1908 2359/262/1905
f 2363/262/1909 2359/262/1905 2362/264/1908
f 2362/264/1908 2364/264/1910 2363/262/1909
f 2358/261/1896 2359/262/1905 2363/262/1909
f 2363/262/1909 2366/261/1892 2358/261/1896
f 2363/262/1909 2364/264/1910 2365/264/1911
f 2365/264/1911 2367/262/1912 2363/262/1909
f 2366/261/1892 2363/262/1909 2367/262/1912
f 2367/262/1912 2368/261/1888 2366/261/1892
f 2343/260/1890 2366/261/1892 2368/261/1888
f 2368/261/1888 2334/260/1889 2343/260/1890
f 2332/260/1887 2334/260/1889 2368/261/1888
f 2368/261/1888 2371/261/1886 2332/260/1887
f 2369/262/1913 2367/262/1912 2365/264/1911
f 2365/264/1911 2370/264/1914 2369/262/1913
f 2368/261/1888 2367/262/1912 2369/262/1913
f 2369/262/1913 2371/261/1886 2368/261/1888
f 2369/262/1913 2370/264/1914 2352/263/1901
f 2352/263/1901 2351/262/1900 2369/262/1913
f 2371/261/1886 2369/262/1913 2351/262/1900
f 2351/262/1900 2348/261/1861 2371/261/1886
f 2306/260/1862 2332/260/1887 2371/261/1886
f 2371/261/1886 2348/261/1861 2306/260/1862
f 2264/260/1813 2263/260/1812 2331/261/1811
f 2331/261/1811 2372/261/1814 2264/260/1813
f 2266/260/1815 2264/260/1813 2372/261/1814
f 2372/261/1814 2377/261/1822 2266/260/1815
f 2373/262/1915 2372/261/1814 2331/261/1811
f 2331/261/1811 2329/262/1881 2373/262/1915
f 2373/262/1915 2329/262/1881 2328/263/1880
f 2328/263/1880 2374/264/1916 2373/262/1915
f 2375/262/1917 2373/262/1915 2374/264/1916
f 2374/264/1916 2376/264/1918 2375/262/1917
f 2372/261/1814 2373/262/1915 2375/262/1917
f 2375/262/1917 2377/261/1822 2372/261/1814
f 2375/262/1917 2376/264/1918 2361/263/1907
f 2361/263/1907 2360/262/1906 2375/262/1917
f 2377/261/1822 2375/262/1917 2360/262/1906
f 2360/262/1906 2357/261/1824 2377/261/1822
f 2271/260/1823 2266/260/1815 2377/261/1822
f 2377/261/1822 2357/261/1824 2271/260/1823
f 2325/254/1827 2263/254/1818 2262/253/1817
f 2262/253/1817 2378/253/1828 2325/254/1827
f 2324/254/1829 2325/254/1827 2378/253/1828
f 2378/253/1828 2381/253/1837 2324/254/1829
f 2379/251/1882 2378/253/1828 2262/253/1817
f 2262/253/1817 2256/251/1811 2379/251/1882
f 2379/251/1882 2256/251/1811 2257/252/1812
f 2257/252/1812 2272/252/1877 2379/251/1882
f 2380/251/1875 2379/251/1882 2272/252/1877
f 2272/252/1877 2275/252/1876 2380/251/1875
f 2378/253/1828 2379/251/1882 2380/251/1875
f 2380/251/1875 2381/253/1837 2378/253/1828
f 2380/251/1875 2275/252/1876 2286/252/1865
f 2286/252/1865 2382/251/1873 2380/251/1875
f 2381/253/1837 2380/251/1875 2382/251/1873
f 2382/251/1873 2383/253/1839 2381/253/1837
f 2324/254/1829 2381/253/1837 2383/253/1839
f 2383/253/1839 2313/254/1840 2324/254/1829
f 2310/254/1841 2313/254/1840 2383/253/1839
f 2383/253/1839 2385/253/1846 2310/254/1841
f 2384/251/1864 2382/251/1873 2286/252/1865
f 2286/252/1865 2287/252/1863 2384/251/1864
f 2383/253/1839 2382/251/1873 2384/251/1864
f 2384/251/1864 2385/253/1846 2383/253/1839
f 2296/254/1847 2310/254/1841 2385/253/1846
f 2385/253/1846 2295/253/1848 2296/254/1847
f 2301/251/1853 2295/253/1848 2385/253/1846
f 2385/253/1846 2384/251/1864 2301/251/1853
f 2301/251/1853 2384/251/1864 2287/252/1863
f 2287/252/1863 2293/252/1854 2301/251/1853
f 2302/255/1849 2293/255/1847 2294/256/1848
f 2294/256/1848 2386/256/1850 2302/255/1849
f 2304/255/1851 2302/255/1849 2386/256/1850
f 2386/256/1850 2393/256/1858 2304/255/1851
f 2387/257/1919 2386/256/1850 2294/256/1848
f 2294/256/1848 2291/257/1845 2387/257/1919
f 2387/257/1919 2291/257/1845 2290/258/1844
f 2290/258/1844 2388/259/1920 2387/257/1919
f 2389/257/1921 2387/257/1919 2388/259/1920
f 2388/259/1920 2390/259/1922 2389/257/1921
f 2386/256/1850 2387/257/1919 2389/257/1921
f 2389/257/1921 2393/256/1858 2386/256/1850
f 2389/257/1921 2390/259/1922 2391/258/1923
f 2391/258/1923 2392/257/1924 2389/257/1921
f 2393/256/1858 2389/257/1921 2392/257/1924
f 2392/257/1924 2394/256/1860 2393/256/1858
f 2309/255/1859 2304/255/1851 2393/256/1858
f 2393/256/1858 2394/256/1860 2309/255/1859
f 2336/255/1883 2309/255/1859 2394/256/1860
f 2394/256/1860 2395/256/1884 2336/255/1883
f 2338/255/1885 2336/255/1883 2395/256/1884
f 2395/256/1884 2401/256/1891 2338/255/1885
f 2396/257/1925 2395/256/1884 2394/256/1860
f 2394/256/1860 2392/257/1924 2396/257/1925
f 2396/257/1925 2392/257/1924 2391/258/1923
f 2391/258/1923 2397/259/1926 2396/257/1925
f 2398/257/1927 2396/257/1925 2397/259/1926
f 2397/259/1926 2399/259/1928 2398/257/1927
f 2395/256/1884 2396/257/1925 2398/257/1927
f 2398/257/1927 2401/256/1891 2395/256/1884
f 2398/257/1927 2399/259/1928 2400/259/1929
f 2400/259/1929 2402/257/1930 2398/257/1927
f 2401/256/1891 2398/257/1927 2402/257/1930
f 2402/257/1930 2403/256/1893 2401/256/1891
f 2338/255/1885 2401/256/1891 2403/256/1893
f 2403/256/1893 2339/255/1894 2338/255/1885
f 2346/255/1895 2339/255/1894 2403/256/1893
f 2403/256/1893 2408/256/1898 2346/255/1895
f 2404/257/1931 2402/257/1930 2400/259/1929
f 2400/259/1929 2405/259/1932 2404/257/1931
f 2403/256/1893 2402/257/1930 2404/257/1931
f 2404/257/1931 2408/256/1898 2403/256/1893
f 2404/257/1931 2405/259/1932 2406/258/1933
f 2406/258/1933 2407/257/1934 2404/257/1931
f 2408/256/1898 2404/257/1931 2407/257/1934
f 2407/257/1934 2409/256/1825 2408/256/1898
f 2268/255/1826 2346/255/1895 2408/256/1898
f 2408/256/1898 2409/256/1825 2268/255/1826
f 2260/255/1821 2268/255/1826 2409/256/1825
f 2409/256/1825 2410/256/1820 2260/255/1821
f 2258/255/1819 2260/255/1821 2410/256/1820
f 2410/256/1820 2415/256/1816 2258/255/1819
f 2411/257/1935 2410/256/1820 2409/256/1825
f 2409/256/1825 2407/257/1934 2411/257/1935
f 2411/257/1935 2407/257/1934 2406/258/1933
f 2406/258/1933 2412/259/1936 2411/257/1935
f 2413/257/1937 2411/257/1935 2412/259/1936
f 2412/259/1936 2414/259/1938 2413/257/1937
f 2410/256/1820 2411/257/1935 2413/257/1937
f 2413/257/1937 2415/256/1816 2410/256/1820
f 2413/257/1937 2414/259/1938 2278/258/1832
f 2278/258/1832 2277/257/1831 2413/257/1937
f 2415/256/1816 2413/257/1937 2277/257/1831
f 2277/257/1831 2273/256/1817 2415/256/1816
f 2257/255/1818 2258/255/1819 2415/256/1816
f 2415/256/1816 2273/256/1817 2257/255/1818
f 2416/265/1939 2320/264/1872 2319/264/1871
f 2319/264/1871 2420/265/1943 2416/265/1939
f 2327/264/1879 2320/264/1872 2416/265/1939
f 2416/265/1939 2417/265/1940 2327/264/1879
f 2328/263/1880 2327/264/1879 2417/265/1940
f 2417/265/1940 2374/264/1916 2328/263/1880
f 2376/264/1918 2374/264/1916 2417/265/1940
f 2417/265/1940 2418/265/1941 2376/264/1918
f 2418/265/1941 2417/265/1940 2416/265/1939
f 2416/265/1939 2419/265/1942 2418/265/1941
f 2361/263/1907 2376/264/1918 2418/265/1941
f 2418/265/1941 2362/264/1908 2361/263/1907
f 2364/264/1910 2362/264/1908 2418/265/1941
f 2418/265/1941 2419/265/1942 2364/264/1910
f 2419/265/1942 2416/265/1939 2420/265/1943
f 2420/265/1943 2421/265/1944 2419/265/1942
f 2364/264/1910 2419/265/1942 2421/265/1944
f 2421/265/1944 2365/264/1911 2364/264/1910
f 2370/264/1914 2365/264/1911 2421/265/1944
f 2421/265/1944 2423/265/1946 2370/264/1914
f 2422/265/1945 2420/265/1943 2319/264/1871
f 2319/264/1871 2317/264/1869 2422/265/1945
f 2421/265/1944 2420/265/1943 2422/265/1945
f 2422/265/1945 2423/265/1946 2421/265/1944
f 2422/265/1945 2317/264/1869 2316/263/1868
f 2316/263/1868 2355/264/1904 2422/265/1945
f 2423/265/1946 2422/265/1945 2355/264/1904
f 2355/264/1904 2353/264/1902 2423/265/1946
f 2352/263/1901 2370/264/1914 2423/265/1946
f 2423/265/1946 2353/264/1902 2352/263/1901
f 2289/259/1843 2282/259/1836 2424/266/1947
f 2424/266/1947 2425/266/1948 2289/259/1843
f 2424/266/1947 2282/259/1836 2281/259/1835
f 2281/259/1835 2428/266/1951 2424/266/1947
f 2290/258/1844 2289/259/1843 2425/266/1948
f 2425/266/1948 2388/259/1920 2290/258/1844
f 2390/259/1922 2388/259/1920 2425/266/1948
f 2425/266/1948 2426/266/1949 2390/259/1922
f 2426/266/1949 2425/266/1948 2424/266/1947
f 2424/266/1947 2427/266/1950 2426/266/1949
f 2391/258/1923 2390/259/1922 2426/266/1949
f 2426/266/1949 2397/259/1926 2391/258/1923
f 2399/259/1928 2397/259/1926 2426/266/1949
f 2426/266/1949 2427/266/1950 2399/259/1928
f 2427/266/1950 2424/266/1947 2428/266/1951
f 2428/266/1951 2429/266/1952 2427/266/1950
f 2399/259/1928 2427/266/1950 2429/266/1952
f 2429/266/1952 2400/259/1929 2399/259/1928
f 2405/259/1932 2400/259/1929 2429/266/1952
f 2429/266/1952 2431/266/1954 2405/259/1932
f 2430/266/1953 2428/266/1951 2281/259/1835
f 2281/259/1835 2279/259/1833 2430/266/1953
f 2429/266/1952 2428/266/1951 2430/266/1953
f 2430/266/1953 2431/266/1954 2429/266/1952
f 2430/266/1953 2279/259/1833 2278/258/1832
f 2278/258/1832 2414/259/1938 2430/266/1953
f 2431/266/1954 2430/266/1953 2414/259/1938
f 2414/259/1938 2412/259/1936 2431/266/1954
f 2406/258/1933 2405/259/1932 2431/266/1954
f 2431/266/1954 2412/259/1936 2406/258/1933
f 2434/252/1669 2433/252/1668 2432/251/1667
f 2432/251/1667 2435/251/1670 2434/252/1669
f 2436/252/1671 2434/252/1669 2435/251/1670
f 2435/251/1670 2443/251/1678 2436/252/1671
f 2437/253/1672 2435/251/1670 2432/251/1667
f 2432/251/1667 2438/253/1673 2437/253/1672
f 2437/253/1672 2438/253/1673 2439/254/1674
f 2439/254/1674 2440/254/1675 2437/253/1672
f 2441/253/1676 2437/253/1672 2440/254/1675
f 2440/254/1675 2442/254/1677 2441/253/1676
f 2435/251/1670 2437/253/1672 2441/253/1676
f 2441/253/1676 2443/251/1678 2435/251/1670
f 2444/252/1679 2436/252/1671 2443/251/1678
f 2443/251/1678 2445/251/1680 2444/252/1679
f 2446/253/1681 2445/251/1680 2443/251/1678
f 2443/251/1678 2441/253/1676 2446/253/1681
f 2446/253/1681 2441/253/1676 2442/254/1677
f 2442/254/1677 2447/254/1682 2446/253/1681
f 2448/255/1683 2433/255/1674 2449/256/1673
f 2449/256/1673 2450/256/1684 2448/255/1683
f 2451/255/1685 2448/255/1683 2450/256/1684
f 2450/256/1684 2459/256/1693 2451/255/1685
f 2452/257/1686 2450/256/1684 2449/256/1673
f 2449/256/1673 2453/257/1687 2452/257/1686
f 2452/257/1686 2453/257/1687 2454/258/1688
f 2454/258/1688 2455/259/1689 2452/257/1686
f 2456/257/1690 2452/257/1686 2455/259/1689
f 2455/259/1689 2457/259/1691 2456/257/1690
f 2450/256/1684 2452/257/1686 2456/257/1690
f 2456/257/1690 2459/256/1693 2450/256/1684
f 2456/257/1690 2457/259/1691 2458/259/1692
f 2458/259/1692 2460/257/1694 2456/257/1690
f 2459/256/1693 2456/257/1690 2460/257/1694
f 2460/257/1694 2461/256/1695 2459/256/1693
f 2451/255/1685 2459/256/1693 2461/256/1695
f 2461/256/1695 2462/255/1696 2451/255/1685
f 2463/255/1697 2462/255/1696 2461/256/1695
f 2461/256/1695 2468/256/1702 2463/255/1697
f 2464/257/1698 2460/257/1694 2458/259/1692
f 2458/259/1692 2465/259/1699 2464/257/1698
f 2461/256/1695 2460/257/1694 2464/257/1698
f 2464/257/1698 2468/256/1702 2461/256/1695
f 2464/257/1698 2465/259/1699 2466/258/1700
f 2466/258/1700 2467/257/1701 2464/257/1698
f 2468/256/1702 2464/257/1698 2467/257/1701
f 2467/257/1701 2470/256/1704 2468/256/1702
f 2469/255/1703 2463/255/1697 2468/256/1702
f 2468/256/1702 2470/256/1704 2469/255/1703
f 2473/254/1705 2472/254/1703 2471/253/1704
f 2471/253/1704 2474/253/1706 2473/254/1705
f 2475/254/1707 2473/254/1705 2474/253/1706
f 2474/253/1706 2481/253/1714 2475/254/1707
f 2476/251/1708 2474/253/1706 2471/253/1704
f 2471/253/1704 2477/251/1709 2476/251/1708
f 2476/251/1708 2477/251/1709 2469/252/1710
f 2469/252/1710 2478/252/1711 2476/251/1708
f 2479/251/1712 2476/251/1708 2478/252/1711
f 2478/252/1711 2480/252/1713 2479/251/1712
f 2474/253/1706 2476/251/1708 2479/251/1712
f 2479/251/1712 2481/253/1714 2474/253/1706
f 2482/254/1715 2475/254/1707 2481/253/1714
f 2481/253/1714 2483/253/1716 2482/254/1715
f 2484/251/1717 2483/253/1716 2481/253/1714
f 2481/253/1714 2479/251/1712 2484/251/1717
f 2484/251/1717 2479/251/1712 2480/252/1713
f 2480/252/1713 2485/252/1718 2484/251/1717
f 2486/260/1719 2472/260/1710 2487/261/1709
f 2487/261/1709 2488/261/1720 2486/260/1719
f 2489/260/1721 2486/260/1719 2488/261/1720
f 2488/261/1720 2497/261/1729 2489/260/1721
f 2490/262/1722 2488/261/1720 2487/261/1709
f 2487/261/1709 2491/262/1723 2490/262/1722
f 2490/262/1722 2491/262/1723 2492/263/1724
f 2492/263/1724 2493/264/1725 2490/262/1722
f 2494/262/1726 2490/262/1722 2493/264/1725
f 2493/264/1725 2495/264/1727 2494/262/1726
f 2488/261/1720 2490/262/1722 2494/262/1726
f 2494/262/1726 2497/261/1729 2488/261/1720
f 2494/262/1726 2495/264/1727 2496/264/1728
f 2496/264/1728 2498/262/1730 2494/262/1726
f 2497/261/1729 2494/262/1726 2498/262/1730
f 2498/262/1730 2499/261/1731 2497/261/1729
f 2489/260/1721 2497/261/1729 2499/261/1731
f 2499/261/1731 2500/260/1732 2489/260/1721
f 2501/260/1733 2500/260/1732 2499/261/1731
f 2499/261/1731 2506/261/1738 2501/260/1733
f 2502/262/1734 2498/262/1730 2496/264/1728
f 2496/264/1728 2503/264/1735 2502/262/1734
f 2499/261/1731 2498/262/1730 2502/262/1734
f 2502/262/1734 2506/261/1738 2499/261/1731
f 2502/262/1734 2503/264/1735 2504/263/1736
f 2504/263/1736 2505/262/1737 2502/262/1734
f 2506/261/1738 2502/262/1734 2505/262/1737
f 2505/262/1737 2507/261/1667 2506/261/1738
f 2439/260/1668 2501/260/1733 2506/261/1738
f 2506/261/1738 2507/261/1667 2439/260/1668
f 2508/254/1739 2482/254/1715 2483/253/1716
f 2483/253/1716 2509/253/1740 2508/254/1739
f 2510/254/1741 2508/254/1739 2509/253/1740
f 2509/253/1740 2516/253/1747 2510/254/1741
f 2511/251/1742 2509/253/1740 2483/253/1716
f 2483/253/1716 2484/251/1717 2511/251/1742
f 2511/251/1742 2484/251/1717 2485/252/1718
f 2485/252/1718 2512/252/1743 2511/251/1742
f 2513/251/1744 2511/251/1742 2512/252/1743
f 2512/252/1743 2514/252/1745 2513/251/1744
f 2509/253/1740 2511/251/1742 2513/251/1744
f 2513/251/1744 2516/253/1747 2509/253/1740
f 2513/251/1744 2514/252/1745 2515/252/1746
f 2515/252/1746 2517/251/1748 2513/251/1744
f 2516/253/1747 2513/251/1744 2517/251/1748
f 2517/251/1748 2518/253/1749 2516/253/1747
f 2510/254/1741 2516/253/1747 2518/253/1749
f 2518/253/1749 2519/254/1750 2510/254/1741
f 2520/254/1751 2519/254/1750 2518/253/1749
f 2518/253/1749 2523/253/1754 2520/254/1751
f 2521/251/1752 2517/251/1748 2515/252/1746
f 2515/252/1746 2522/252/1753 2521/251/1752
f 2518/253/1749 2517/251/1748 2521/251/1752
f 2521/251/1752 2523/253/1754 2518/253/1749
f 2447/254/1682 2520/254/1751 2523/253/1754
f 2523/253/1754 2446/253/1681 2447/254/1682
f 2445/251/1680 2446/253/1681 2523/253/1754
f 2523/253/1754 2521/251/1752 2445/251/1680
f 2445/251/1680 2521/251/1752 2522/252/1753
f 2522/252/1753 2444/252/1679 2445/251/1680
f 2475/260/1713 2482/260/1718 2524/261/1717
f 2524/261/1717 2525/261/1712 2475/260/1713
f 2473/260/1711 2475/260/1713 2525/261/1712
f 2525/261/1712 2532/261/1708 2473/260/1711
f 2526/262/1755 2525/261/1712 2524/261/1717
f 2524/261/1717 2527/262/1756 2526/262/1755
f 2526/262/1755 2527/262/1756 2528/263/1757
f 2528/263/1757 2529/264/1758 2526/262/1755
f 2530/262/1759 2526/262/1755 2529/264/1758
f 2529/264/1758 2531/264/1760 2530/262/1759
f 2525/261/1712 2526/262/1755 2530/262/1759
f 2530/262/1759 2532/261/1708 2525/261/1712
f 2530/262/1759 2531/264/1760 2492/263/1724
f 2492/263/1724 2491/262/1723 2530/262/1759
f 2532/261/1708 2530/262/1759 2491/262/1723
f 2491/262/1723 2487/261/1709 2532/261/1708
f 2472/260/1710 2473/260/1711 2532/261/1708
f 2532/261/1708 2487/261/1709 2472/260/1710
f 2520/260/1753 2447/260/1679 2533/261/1680
f 2533/261/1680 2534/261/1752 2520/260/1753
f 2519/260/1746 2520/260/1753 2534/261/1752
f 2534/261/1752 2542/261/1748 2519/260/1746
f 2535/262/1761 2534/261/1752 2533/261/1680
f 2533/261/1680 2536/262/1762 2535/262/1761
f 2535/262/1761 2536/262/1762 2537/263/1763
f 2537/263/1763 2538/264/1764 2535/262/1761
f 2539/262/1765 2535/262/1761 2538/264/1764
f 2538/264/1764 2540/264/1766 2539/262/1765
f 2534/261/1752 2535/262/1761 2539/262/1765
f 2539/262/1765 2542/261/1748 2534/261/1752
f 2539/262/1765 2540/264/1766 2541/264/1767
f 2541/264/1767 2543/262/1768 2539/262/1765
f 2542/261/1748 2539/262/1765 2543/262/1768
f 2543/262/1768 2544/261/1744 2542/261/1748
f 2519/260/1746 2542/261/1748 2544/261/1744
f 2544/261/1744 2510/260/1745 2519/260/1746
f 2508/260/1743 2510/260/1745 2544/261/1744
f 2544/261/1744 2547/261/1742 2508/260/1743
f 2545/262/1769 2543/262/1768 2541/264/1767
f 2541/264/1767 2546/264/1770 2545/262/1769
f 2544/261/1744 2543/262/1768 2545/262/1769
f 2545/262/1769 2547/261/1742 2544/261/1744
f 2545/262/1769 2546/264/1770 2528/263/1757
f 2528/263/1757 2527/262/1756 2545/262/1769
f 2547/261/1742 2545/262/1769 2527/262/1756
f 2527/262/1756 2524/261/1717 2547/261/1742
f 2482/260/1718 2508/260/1743 2547/261/1742
f 2547/261/1742 2524/261/1717 2482/260/1718
f 2440/260/1669 2439/260/1668 2507/261/1667
f 2507/261/1667 2548/261/1670 2440/260/1669
f 2442/260/1671 2440/260/1669 2548/261/1670
f 2548/261/1670 2553/261/1678 2442/260/1671
f 2549/262/1771 2548/261/1670 2507/261/1667
f 2507/261/1667 2505/262/1737 2549/262/1771
f 2549/262/1771 2505/262/1737 2504/263/1736
f 2504/263/1736 2550/264/1772 2549/262/1771
f 2551/262/1773 2549/262/1771 2550/264/1772
f 2550/264/1772 2552/264/1774 2551/262/1773
f 2548/261/1670 2549/262/1771 2551/262/1773
f 2551/262/1773 2553/261/1678 2548/261/1670
f 2551/262/1773 2552/264/1774 2537/263/1763
f 2537/263/1763 2536/262/1762 2551/262/1773
f 2553/261/1678 2551/262/1773 2536/262/1762
f 2536/262/1762 2533/261/1680 2553/261/1678
f 2447/260/1679 2442/260/1671 2553/261/1678
f 2553/261/1678 2533/261/1680 2447/260/1679
f 2501/254/1683 2439/254/1674 2438/253/1673
f 2438/253/1673 2554/253/1684 2501/254/1683
f 2500/254/1685 2501/254/1683 2554/253/1684
f 2554/253/1684 2557/253/1693 2500/254/1685
f 2555/251/1738 2554/253/1684 2438/253/1673
f 2438/253/1673 2432/251/1667 2555/251/1738
f 2555/251/1738 2432/251/1667 2433/252/1668
f 2433/252/1668 2448/252/1733 2555/251/1738
f 2556/251/1731 2555/251/1738 2448/252/1733
f 2448/252/1733 2451/252/1732 2556/251/1731
f 2554/253/1684 2555/251/1738 2556/251/1731
f 2556/251/1731 2557/253/1693 2554/253/1684
f 2556/251/1731 2451/252/1732 2462/252/1721
f 2462/252/1721 2558/251/1729 2556/251/1731
f 2557/253/1693 2556/251/1731 2558/251/1729
f 2558/251/1729 2559/253/1695 2557/253/1693
f 2500/254/1685 2557/253/1693 2559/253/1695
f 2559/253/1695 2489/254/1696 2500/254/1685
f 2486/254/1697 2489/254/1696 2559/253/1695
f 2559/253/1695 2561/253/1702 2486/254/1697
f 2560/251/1720 2558/251/1729 2462/252/1721
f 2462/252/1721 2463/252/1719 2560/251/1720
f 2559/253/1695 2558/251/1729 2560/251/1720
f 2560/251/1720 2561/253/1702 2559/253/1695
f 2472/254/1703 2486/254/1697 2561/253/1702
f 2561/253/1702 2471/253/1704 2472/254/1703
f 2477/251/1709 2471/253/1704 2561/253/1702
f 2561/253/1702 2560/251/1720 2477/251/1709
f 2477/251/1709 2560/251/1720 2463/252/1719
f 2463/252/1719 2469/252/1710 2477/251/1709
f 2478/255/1705 2469/255/1703 2470/256/1704
f 2470/256/1704 2562/256/1706 2478/255/1705
f 2480/255/1707 2478/255/1705 2562/256/1706
f 2562/256/1706 2569/256/1714 2480/255/1707
f 2563/257/1775 2562/256/1706 2470/256/1704
f 2470/256/1704 2467/257/1701 2563/257/1775
f 2563/257/1775 2467/257/1701 2466/258/1700
f 2466/258/1700 2564/259/1776 2563/257/1775
f 2565/257/1777 2563/257/1775 2564/259/1776
f 2564/259/1776 2566/259/1778 2565/257/1777
f 2562/256/1706 2563/257/1775 2565/257/1777
f 2565/257/1777 2569/256/1714 2562/256/1706
f 2565/257/1777 2566/259/1778 2567/258/1779
f 2567/258/1779 2568/257/1780 2565/257/1777
f 2569/256/1714 2565/257/1777 2568/257/1780
f 2568/257/1780 2570/256/1716 2569/256/1714
f 2485/255/1715 2480/255/1707 2569/256/1714
f 2569/256/1714 2570/256/1716 2485/255/1715
f 2512/255/1739 2485/255/1715 2570/256/1716
f 2570/256/1716 2571/256/1740 2512/255/1739
f 2514/255/1741 2512/255/1739 2571/256/1740
f 2571/256/1740 2577/256/1747 2514/255/1741
f 2572/257/1781 2571/256/1740 2570/256/1716
f 2570/256/1716 2568/257/1780 2572/257/1781
f 2572/257/1781 2568/257/1780 2567/258/1779
f 2567/258/1779 2573/259/1782 2572/257/1781
f 2574/257/1783 2572/257/1781 2573/259/1782
f 2573/259/1782 2575/259/1784 2574/257/1783
f 2571/256/1740 2572/257/1781 2574/257/1783
f 2574/257/1783 2577/256/1747 2571/256/1740
f 2574/257/1783 2575/259/1784 2576/259/1785
f 2576/259/1785 2578/257/1786 2574/257/1783
f 2577/256/1747 2574/257/1783 2578/257/1786
f 2578/257/1786 2579/256/1749 2577/256/1747
f 2514/255/1741 2577/256/1747 2579/256/1749
f 2579/256/1749 2515/255/1750 2514/255/1741
f 2522/255/1751 2515/255/1750 2579/256/1749
f 2579/256/1749 2584/256/1754 2522/255/1751
f 2580/257/1787 2578/257/1786 2576/259/1785
f 2576/259/1785 2581/259/1788 2580/257/1787
f 2579/256/1749 2578/257/1786 2580/257/1787
f 2580/257/1787 2584/256/1754 2579/256/1749
f 2580/257/1787 2581/259/1788 2582/258/1789
f 2582/258/1789 2583/257/1790 2580/257/1787
f 2584/256/1754 2580/257/1787 2583/257/1790
f 2583/257/1790 2585/256/1681 2584/256/1754
f 2444/255/1682 2522/255/1751 2584/256/1754
f 2584/256/1754 2585/256/1681 2444/255/1682
f 2436/255/1677 2444/255/1682 2585/256/1681
f 2585/256/1681 2586/256/1676 2436/255/1677
f 2434/255/1675 2436/255/1677 2586/256/1676
f 2586/256/1676 2591/256/1672 2434/255/1675
f 2587/257/1791 2586/256/1676 2585/256/1681
f 2585/256/1681 2583/257/1790 2587/257/1791
f 2587/257/1791 2583/257/1790 2582/258/1789
f 2582/258/1789 2588/259/1792 2587/257/1791
f 2589/257/1793 2587/257/1791 2588/259/1792
f 2588/259/1792 2590/259/1794 2589/257/1793
f 2586/256/1676 2587/257/1791 2589/257/1793
f 2589/257/1793 2591/256/1672 2586/256/1676
f 2589/257/1793 2590/259/1794 2454/258/1688
f 2454/258/1688 2453/257/1687 2589/257/1793
f 2591/256/1672 2589/257/1793 2453/257/1687
f 2453/257/1687 2449/256/1673 2591/256/1672
f 2433/255/1674 2434/255/1675 2591/256/1672
f 2591/256/1672 2449/256/1673 2433/255/1674
f 2592/265/1795 2496/264/1728 2495/264/1727
f 2495/264/1727 2596/265/1799 2592/265/1795
f 2503/264/1735 2496/264/1728 2592/265/1795
f 2592/265/1795 2593/265/1796 2503/264/1735
f 2504/263/1736 2503/264/1735 2593/265/1796
f 2593/265/1796 2550/264/1772 2504/263/1736
f 2552/264/1774 2550/264/1772 2593/265/1796
f 2593/265/1796 2594/265/1797 2552/264/1774
f 2594/265/1797 2593/265/1796 2592/265/1795
f 2592/265/1795 2595/265/1798 2594/265/1797
f 2537/263/1763 2552/264/1774 2594/265/1797
f 2594/265/1797 2538/264/1764 2537/263/1763
f 2540/264/1766 2538/264/1764 2594/265/1797
f 2594/265/1797 2595/265/1798 2540/264/1766
f 2595/265/1798 2592/265/1795 2596/265/1799
f 2596/265/1799 2597/265/1800 2595/265/1798
f 2540/264/1766 2595/265/1798 2597/265/1800
f 2597/265/1800 2541/264/1767 2540/264/1766
f 2546/264/1770 2541/264/1767 2597/265/1800
f 2597/265/1800 2599/265/1802 2546/264/1770
f 2598/265/1801 2596/265/1799 2495/264/1727
f 2495/264/1727 2493/264/1725 2598/265/1801
f 2597/265/1800 2596/265/1799 2598/265/1801
f 2598/265/1801 2599/265/1802 2597/265/1800
f 2598/265/1801 2493/264/1725 2492/263/1724
f 2492/263/1724 2531/264/1760 2598/265/1801
f 2599/265/1802 2598/265/1801 2531/264/1760
f 2531/264/1760 2529/264/1758 2599/265/1802
f 2528/263/1757 2546/264/1770 2599/265/1802
f 2599/265/1802 2529/264/1758 2528/263/1757
f 2465/259/1699 2458/259/1692 2600/266/1803
f 2600/266/1803 2601/266/1804 2465/259/1699
f 2600/266/1803 2458/259/1692 2457/259/1691
f 2457/259/1691 2604/266/1807 2600/266/1803
f 2466/258/1700 2465/259/1699 2601/266/1804
f 2601/266/1804 2564/259/1776 2466/258/1700
f 2566/259/1778 2564/259/1776 2601/266/1804
f 2601/266/1804 2602/266/1805 2566/259/1778
f 2602/266/1805 2601/266/1804 2600/266/1803
f 2600/266/1803 2603/266/1806 2602/266/1805
f 2567/258/1779 2566/259/1778 2602/266/1805
f 2602/266/1805 2573/259/1782 2567/258/1779
f 2575/259/1784 2573/259/1782 2602/266/1805
f 2602/266/1805 2603/266/1806 2575/259/1784
f 2603/266/1806 2600/266/1803 2604/266/1807
f 2604/266/1807 2605/266/1808 2603/266/1806
f 2575/259/1784 2603/266/1806 2605/266/1808
f 2605/266/1808 2576/259/1785 2575/259/1784
f 2581/259/1788 2576/259/1785 2605/266/1808
f 2605/266/1808 2607/266/1810 2581/259/1788
f 2606/266/1809 2604/266/1807 2457/259/1691
f 2457/259/1691 2455/259/1689 2606/266/1809
f 2605/266/1808 2604/266/1807 2606/266/1809
f 2606/266/1809 2607/266/1810 2605/266/1808
f 2606/266/1809 2455/259/1689 2454/258/1688
f 2454/258/1688 2590/259/1794 2606/266/1809
f 2607/266/1810 2606/266/1809 2590/259/1794
f 2590/259/1794 2588/259/1792 2607/266/1810
f 2582/258/1789 2581/259/1788 2607/266/1810
f 2607/266/1810 2588/259/1792 2582/258/1789
f 2610/252/1669 2609/252/1668 2608/251/1667
f 2608/251/1667 2611/251/1670 2610/252/1669
f 2612/252/1671 2610/252/1669 2611/251/1670
f 2611/251/1670 2619/251/1678 2612/252/1671
f 2613/253/1672 2611/251/1670 2608/251/1667
f 2608/251/1667 2614/253/1673 2613/253/1672
f 2613/253/1672 2614/253/1673 2615/254/1674
f 2615/254/1674 2616/254/1675 2613/253/1672
f 2617/253/1676 2613/253/1672 2616/254/1675
f 2616/254/1675 2618/254/1677 2617/253/1676
f 2611/251/1670 2613/253/1672 2617/253/1676
f 2617/253/1676 2619/251/1678 2611/251/1670
f 2620/252/1679 2612/252/1671 2619/251/1678
f 2619/251/1678 2621/251/1680 2620/252/1679
f 2622/253/1681 2621/251/1680 2619/251/1678
f 2619/251/1678 2617/253/1676 2622/253/1681
f 2622/253/1681 2617/253/1676 2618/254/1677
f 2618/254/1677 2623/254/1682 2622/253/1681
f 2624/255/1683 2609/255/1674 2625/256/1673
f 2625/256/1673 2626/256/1684 2624/255/1683
f 2627/255/1685 2624/255/1683 2626/256/1684
f 2626/256/1684 2635/256/1693 2627/255/1685
f 2628/257/1686 2626/256/1684 2625/256/1673
f 2625/256/1673 2629/257/1687 2628/257/1686
f 2628/257/1686 2629/257/1687 2630/258/1688
f 2630/258/1688 2631/259/1689 2628/257/1686
f 2632/257/1690 2628/257/1686 2631/259/1689
f 2631/259/1689 2633/259/1691 2632/257/1690
f 2626/256/1684 2628/257/1686 2632/257/1690
f 2632/257/1690 2635/256/1693 2626/256/1684
f 2632/257/1690 2633/259/1691 2634/259/1692
f 2634/259/1692 2636/257/1694 2632/257/1690
f 2635/256/1693 2632/257/1690 2636/257/1694
f 2636/257/1694 2637/256/1695 2635/256/1693
f 2627/255/1685 2635/256/1693 2637/256/1695
f 2637/256/1695 2638/255/1696 2627/255/1685
f 2639/255/1697 2638/255/1696 2637/256/1695
f 2637/256/1695 2644/256/1702 2639/255/1697
f 2640/257/1698 2636/257/1694 2634/259/1692
f 2634/259/1692 2641/259/1699 2640/257/1698
f 2637/256/1695 2636/257/1694 2640/257/1698
f 2640/257/1698 2644/256/1702 2637/256/1695
f 2640/257/1698 2641/259/1699 2642/258/1700
f 2642/258/1700 2643/257/1701 2640/257/1698
f 2644/256/1702 2640/257/1698 2643/257/1701
f 2643/257/1701 2646/256/1704 2644/256/1702
f 2645/255/1703 2639/255/1697 2644/256/1702
f 2644/256/1702 2646/256/1704 2645/255/1703
f 2649/254/1705 2648/254/1703 2647/253/1704
f 2647/253/1704 2650/253/1706 2649/254/1705
f 2651/254/1707 2649/254/1705 2650/253/1706
f 2650/253/1706 2657/253/1714 2651/254/1707
f 2652/251/1708 2650/253/1706 2647/253/1704
f 2647/253/1704 2653/251/1709 2652/251/1708
f 2652/251/1708 2653/251/1709 2645/252/1710
f 2645/252/1710 2654/252/1711 2652/251/1708
f 2655/251/1712 2652/251/1708 2654/252/1711
f 2654/252/1711 2656/252/1713 2655/251/1712
f 2650/253/1706 2652/251/1708 2655/251/1712
f 2655/251/1712 2657/253/1714 2650/253/1706
f 2658/254/1715 2651/254/1707 2657/253/1714
f 2657/253/1714 2659/253/1716 2658/254/1715
f 2660/251/1717 2659/253/1716 2657/253/1714
f 2657/253/1714 2655/251/1712 2660/251/1717
f 2660/251/1717 2655/251/1712 2656/252/1713
f 2656/252/1713 2661/252/1718 2660/251/1717
f 2662/260/1719 2648/260/1710 2663/261/1709
f 2663/261/1709 2664/261/1720 2662/260/1719
f 2665/260/1721 2662/260/1719 2664/261/1720
f 2664/261/1720 2673/261/1729 2665/260/1721
f 2666/262/1722 2664/261/1720 2663/261/1709
f 2663/261/1709 2667/262/1723 2666/262/1722
f 2666/262/1722 2667/262/1723 2668/263/1724
f 2668/263/1724 2669/264/1725 2666/262/1722
f 2670/262/1726 2666/262/1722 2669/264/1725
f 2669/264/1725 2671/264/1727 2670/262/1726
f 2664/261/1720 2666/262/1722 2670/262/1726
f 2670/262/1726 2673/261/1729 2664/261/1720
f 2670/262/1726 2671/264/1727 2672/264/1728
f 2672/264/1728 2674/262/1730 2670/262/1726
f 2673/261/1729 2670/262/1726 2674/262/1730
f 2674/262/1730 2675/261/1731 2673/261/1729
f 2665/260/1721 2673/261/1729 2675/261/1731
f 2675/261/1731 2676/260/1732 2665/260/1721
f 2677/260/1733 2676/260/1732 2675/261/1731
f 2675/261/1731 2682/261/1738 2677/260/1733
f 2678/262/1734 2674/262/1730 2672/264/1728
f 2672/264/1728 2679/264/1735 2678/262/1734
f 2675/261/1731 2674/262/1730 2678/262/1734
f 2678/262/1734 2682/261/1738 2675/261/1731
f 2678/262/1734 2679/264/1735 2680/263/1736
f 2680/263/1736 2681/262/1737 2678/262/1734
f 2682/261/1738 2678/262/1734 2681/262/1737
f 2681/262/1737 2683/261/1667 2682/261/1738
f 2615/260/1668 2677/260/1733 2682/261/1738
f 2682/261/1738 2683/261/1667 2615/260/1668
f 2684/254/1739 2658/254/1715 2659/253/1716
f 2659/253/1716 2685/253/1740 2684/254/1739
f 2686/254/1741 2684/254/1739 2685/253/1740
f 2685/253/1740 2692/253/1747 2686/254/1741
f 2687/251/1742 2685/253/1740 2659/253/1716
f 2659/253/1716 2660/251/1717 2687/251/1742
f 2687/251/1742 2660/251/1717 2661/252/1718
f 2661/252/1718 2688/252/1743 2687/251/1742
f 2689/251/1744 2687/251/1742 2688/252/1743
f 2688/252/1743 2690/252/1745 2689/251/1744
f 2685/253/1740 2687/251/1742 2689/251/1744
f 2689/251/1744 2692/253/1747 2685/253/1740
f 2689/251/1744 2690/252/1745 2691/252/1746
f 2691/252/1746 2693/251/1748 2689/251/1744
f 2692/253/1747 2689/251/1744 2693/251/1748
f 2693/251/1748 2694/253/1749 2692/253/1747
f 2686/254/1741 2692/253/1747 2694/253/1749
f 2694/253/1749 2695/254/1750 2686/254/1741
f 2696/254/1751 2695/254/1750 2694/253/1749
f 2694/253/1749 2699/253/1754 2696/254/1751
f 2697/251/1752 2693/251/1748 2691/252/1746
f 2691/252/1746 2698/252/1753 2697/251/1752
f 2694/253/1749 2693/251/1748 2697/251/1752
f 2697/251/1752 2699/253/1754 2694/253/1749
f 2623/254/1682 2696/254/1751 2699/253/1754
f 2699/253/1754 2622/253/1681 2623/254/1682
f 2621/251/1680 2622/253/1681 2699/253/1754
f 2699/253/1754 2697/251/1752 2621/251/1680
f 2621/251/1680 2697/251/1752 2698/252/1753
f 2698/252/1753 2620/252/1679 2621/251/1680
f 2651/260/1713 2658/260/1718 2700/261/1717
f 2700/261/1717 2701/261/1712 2651/260/1713
f 2649/260/1711 2651/260/1713 2701/261/1712
f 2701/261/1712 2708/261/1708 2649/260/1711
f 2702/262/1755 2701/261/1712 2700/261/1717
f 2700/261/1717 2703/262/1756 2702/262/1755
f 2702/262/1755 2703/262/1756 2704/263/1757
f 2704/263/1757 2705/264/1758 2702/262/1755
f 2706/262/1759 2702/262/1755 2705/264/1758
f 2705/264/1758 2707/264/1760 2706/262/1759
f 2701/261/1712 2702/262/1755 2706/262/1759
f 2706/262/1759 2708/261/1708 2701/261/1712
f 2706/262/1759 2707/264/1760 2668/263/1724
f 2668/263/1724 2667/262/1723 2706/262/1759
f 2708/261/1708 2706/262/1759 2667/262/1723
f 2667/262/1723 2663/261/1709 2708/261/1708
f 2648/260/1710 2649/260/1711 2708/261/1708
f 2708/261/1708 2663/261/1709 2648/260/1710
f 2696/260/1753 2623/260/1679 2709/261/1680
f 2709/261/1680 2710/261/1752 2696/260/1753
f 2695/260/1746 2696/260/1753 2710/261/1752
f 2710/261/1752 2718/261/1748 2695/260/1746
f 2711/262/1761 2710/261/1752 2709/261/1680
f 2709/261/1680 2712/262/1762 2711/262/1761
f 2711/262/1761 2712/262/1762 2713/263/1763
f 2713/263/1763 2714/264/1764 2711/262/1761
f 2715/262/1765 2711/262/1761 2714/264/1764
f 2714/264/1764 2716/264/1766 2715/262/1765
f 2710/261/1752 2711/262/1761 2715/262/1765
f 2715/262/1765 2718/261/1748 2710/261/1752
f 2715/262/1765 2716/264/1766 2717/264/1767
f 2717/264/1767 2719/262/1768 2715/262/1765
f 2718/261/1748 2715/262/1765 2719/262/1768
f 2719/262/1768 2720/261/1744 2718/261/1748
f 2695/260/1746 2718/261/1748 2720/261/1744
f 2720/261/1744 2686/260/1745 2695/260/1746
f 2684/260/1743 2686/260/1745 2720/261/1744
f 2720/261/1744 2723/261/1742 2684/260/1743
f 2721/262/1769 2719/262/1768 2717/264/1767
f 2717/264/1767 2722/264/1770 2721/262/1769
f 2720/261/1744 2719/262/1768 2721/262/1769
f 2721/262/1769 2723/261/1742 2720/261/1744
f 2721/262/1769 2722/264/1770 2704/263/1757
f 2704/263/1757 2703/262/1756 2721/262/1769
f 2723/261/1742 2721/262/1769 2703/262/1756
f 2703/262/1756 2700/261/1717 2723/261/1742
f 2658/260/1718 2684/260/1743 2723/261/1742
f 2723/261/1742 2700/261/1717 2658/260/1718
f 2616/260/1669 2615/260/1668 2683/261/1667
f 2683/261/1667 2724/261/1670 2616/260/1669
f 2618/260/1671 2616/260/1669 2724/261/1670
f 2724/261/1670 2729/261/1678 2618/260/1671
f 2725/262/1771 2724/261/1670 2683/261/1667
f 2683/261/1667 2681/262/1737 2725/262/1771
f 2725/262/1771 2681/262/1737 2680/263/1736
f 2680/263/1736 2726/264/1772 2725/262/1771
f 2727/262/1773 2725/262/1771 2726/264/1772
f 2726/264/1772 2728/264/1774 2727/262/1773
f 2724/261/1670 2725/262/1771 2727/262/1773
f 2727/262/1773 2729/261/1678 2724/261/1670
f 2727/262/1773 2728/264/1774 2713/263/1763
f 2713/263/1763 2712/262/1762 2727/262/1773
f 2729/261/1678 2727/262/1773 2712/262/1762
f 2712/262/1762 2709/261/1680 2729/261/1678
f 2623/260/1679 2618/260/1671 2729/261/1678
f 2729/261/1678 2709/261/1680 2623/260/1679
f 2677/254/1683 2615/254/1674 2614/253/1673
f 2614/253/1673 2730/253/1684 2677/254/1683
f 2676/254/1685 2677/254/1683 2730/253/1684
f 2730/253/1684 2733/253/1693 2676/254/1685
f 2731/251/1738 2730/253/1684 2614/253/1673
f 2614/253/1673 2608/251/1667 2731/251/1738
f 2731/251/1738 2608/251/1667 2609/252/1668
f 2609/252/1668 2624/252/1733 2731/251/1738
f 2732/251/1731 2731/251/1738 2624/252/1733
f 2624/252/1733 2627/252/1732 2732/251/1731
f 2730/253/1684 2731/251/1738 2732/251/1731
f 2732/251/1731 2733/253/1693 2730/253/1684
f 2732/251/1731 2627/252/1732 2638/252/1721
f 2638/252/1721 2734/251/1729 2732/251/1731
f 2733/253/1693 2732/251/1731 2734/251/1729
f 2734/251/1729 2735/253/1695 2733/253/1693
f 2676/254/1685 2733/253/1693 2735/253/1695
f 2735/253/1695 2665/254/1696 2676/254/1685
f 2662/254/1697 2665/254/1696 2735/253/1695
f 2735/253/1695 2737/253/1702 2662/254/1697
f 2736/251/1720 2734/251/1729 2638/252/1721
f 2638/252/1721 2639/252/1719 2736/251/1720
f 2735/253/1695 2734/251/1729 2736/251/1720
f 2736/251/1720 2737/253/1702 2735/253/1695
f 2648/254/1703 2662/254/1697 2737/253/1702
f 2737/253/1702 2647/253/1704 2648/254/1703
f 2653/251/1709 2647/253/1704 2737/253/1702
f 2737/253/1702 2736/251/1720 2653/251/1709
f 2653/251/1709 2736/251/1720 2639/252/1719
f 2639/252/1719 2645/252/1710 2653/251/1709
f 2654/255/1705 2645/255/1703 2646/256/1704
f 2646/256/1704 2738/256/1706 2654/255/1705
f 2656/255/1707 2654/255/1705 2738/256/1706
f 2738/256/1706 2745/256/1714 2656/255/1707
f 2739/257/1775 2738/256/1706 2646/256/1704
f 2646/256/1704 2643/257/1701 2739/257/1775
f 2739/257/1775 2643/257/1701 2642/258/1700
f 2642/258/1700 2740/259/1776 2739/257/1775
f 2741/257/1777 2739/257/1775 2740/259/1776
f 2740/259/1776 2742/259/1778 2741/257/1777
f 2738/256/1706 2739/257/1775 2741/257/1777
f 2741/257/1777 2745/256/1714 2738/256/1706
f 2741/257/1777 2742/259/1778 2743/258/1779
f 2743/258/1779 2744/257/1780 2741/257/1777
f 2745/256/1714 2741/257/1777 2744/257/1780
f 2744/257/1780 2746/256/1716 2745/256/1714
f 2661/255/1715 2656/255/1707 2745/256/1714
f 2745/256/1714 2746/256/1716 2661/255/1715
f 2688/255/1739 2661/255/1715 2746/256/1716
f 2746/256/1716 2747/256/1740 2688/255/1739
f 2690/255/1741 2688/255/1739 2747/256/1740
f 2747/256/1740 2753/256/1747 2690/255/1741
f 2748/257/1781 2747/256/1740 2746/256/1716
f 2746/256/1716 2744/257/1780 2748/257/1781
f 2748/257/1781 2744/257/1780 2743/258/1779
f 2743/258/1779 2749/259/1782 2748/257/1781
f 2750/257/1783 2748/257/1781 2749/259/1782
f 2749/259/1782 2751/259/1784 2750/257/1783
f 2747/256/1740 2748/257/1781 2750/257/1783
f 2750/257/1783 2753/256/1747 2747/256/1740
f 2750/257/1783 2751/259/1784 2752/259/1785
f 2752/259/1785 2754/257/1786 2750/257/1783
f 2753/256/1747 2750/257/1783 2754/257/1786
f 2754/257/1786 2755/256/1749 2753/256/1747
f 2690/255/1741 2753/256/1747 2755/256/1749
f 2755/256/1749 2691/255/1750 2690/255/1741
f 2698/255/1751 2691/255/1750 2755/256/1749
f 2755/256/1749 2760/256/1754 2698/255/1751
f 2756/257/1787 2754/257/1786 2752/259/1785
f 2752/259/1785 2757/259/1788 2756/257/1787
f 2755/256/1749 2754/257/1786 2756/257/1787
f 2756/257/1787 2760/256/1754 2755/256/1749
f 2756/257/1787 2757/259/1788 2758/258/1789
f 2758/258/1789 2759/257/1790 2756/257/1787
f 2760/256/1754 2756/257/1787 2759/257/1790
f 2759/257/1790 2761/256/1681 2760/256/1754
f 2620/255/1682 2698/255/1751 2760/256/1754
f 2760/256/1754 2761/256/1681 2620/255/1682
f 2612/255/1677 2620/255/1682 2761/256/1681
f 2761/256/1681 2762/256/1676 2612/255/1677
f 2610/255/1675 2612/255/1677 2762/256/1676
f 2762/256/1676 2767/256/1672 2610/255/1675
f 2763/257/1791 2762/256/1676 2761/256/1681
f 2761/256/1681 2759/257/1790 2763/257/1791
f 2763/257/1791 2759/257/1790 2758/258/1789
f 2758/258/1789 2764/259/1792 2763/257/1791
f 2765/257/1793 2763/257/1791 2764/259/1792
f 2764/259/1792 2766/259/1794 2765/257/1793
f 2762/256/1676 2763/257/1791 2765/257/1793
f 2765/257/1793 2767/256/1672 2762/256/1676
f 2765/257/1793 2766/259/1794 2630/258/1688
f 2630/258/1688 2629/257/1687 2765/257/1793
f 2767/256/1672 2765/257/1793 2629/257/1687
f 2629/257/1687 2625/256/1673 2767/256/1672
f 2609/255/1674 2610/255/1675 2767/256/1672
f 2767/256/1672 2625/256/1673 2609/255/1674
f 2768/265/1795 2672/264/1728 2671/264/1727
f 2671/264/1727 2772/265/1799 2768/265/1795
f 2679/264/1735 2672/264/1728 2768/265/1795
f 2768/265/1795 2769/265/1796 2679/264/1735
f 2680/263/1736 2679/264/1735 2769/265/1796
f 2769/265/1796 2726/264/1772 2680/263/1736
f 2728/264/1774 2726/264/1772 2769/265/1796
f 2769/265/1796 2770/265/1797 2728/264/1774
f 2770/265/1797 2769/265/1796 2768/265/1795
f 2768/265/1795 2771/265/1798 2770/265/1797
f 2713/263/1763 2728/264/1774 2770/265/1797
f 2770/265/1797 2714/264/1764 2713/263/1763
f 2716/264/1766 2714/264/1764 2770/265/1797
f 2770/265/1797 2771/265/1798 2716/264/1766
f 2771/265/1798 2768/265/1795 2772/265/1799
f 2772/265/1799 2773/265/1800 2771/265/1798
f 2716/264/1766 2771/265/1798 2773/265/1800
f 2773/265/1800 2717/264/1767 2716/264/1766
f 2722/264/1770 2717/264/1767 2773/265/1800
f 2773/265/1800 2775/265/1802 2722/264/1770
f 2774/265/1801 2772/265/1799 2671/264/1727
f 2671/264/1727 2669/264/1725 2774/265/1801
f 2773/265/1800 2772/265/1799 2774/265/1801
f 2774/265/1801 2775/265/1802 2773/265/1800
f 2774/265/1801 2669/264/1725 2668/263/1724
f 2668/263/1724 2707/264/1760 2774/265/1801
f 2775/265/1802 2774/265/1801 2707/264/1760
f 2707/264/1760 2705/264/1758 2775/265/1802
f 2704/263/1757 2722/264/1770 2775/265/1802
f 2775/265/1802 2705/264/1758 2704/263/1757
f 2641/259/1699 2634/259/1692 2776/266/1803
f 2776/266/1803 2777/266/1804 2641/259/1699
f 2776/266/1803 2634/259/1692 2633/259/1691
f 2633/259/1691 2780/266/1807 2776/266/1803
f 2642/258/1700 2641/259/1699 2777/266/1804
f 2777/266/1804 2740/259/1776 2642/258/1700
f 2742/259/1778 2740/259/1776 2777/266/1804
f 2777/266/1804 2778/266/1805 2742/259/1778
f 2778/266/1805 2777/266/1804 2776/266/1803
f 2776/266/1803 2779/266/1806 2778/266/1805
f 2743/258/1779 2742/259/1778 2778/266/1805
f 2778/266/1805 2749/259/1782 2743/258/1779
f 2751/259/1784 2749/259/1782 2778/266/1805
f 2778/266/1805 2779/266/1806 2751/259/1784
f 2779/266/1806 2776/266/1803 2780/266/1807
f 2780/266/1807 2781/266/1808 2779/266/1806
f 2751/259/1784 2779/266/1806 2781/266/1808
f 2781/266/1808 2752/259/1785 2751/259/1784
f 2757/259/1788 2752/259/1785 2781/266/1808
f 2781/266/1808 2783/266/1810 2757/259/1788
f 2782/266/1809 2780/266/1807 2633/259/1691
f 2633/259/1691 2631/259/1689 2782/266/1809
f 2781/266/1808 2780/266/1807 2782/266/1809
f 2782/266/1809 2783/266/1810 2781/266/1808
f 2782/266/1809 2631/259/1689 2630/258/1688
f 2630/258/1688 2766/259/1794 2782/266/1809
f 2783/266/1810 2782/266/1809 2766/259/1794
f 2766/259/1794 2764/259/1792 2783/266/1810
f 2758/258/1789 2757/259/1788 2783/266/1810
f 2783/266/1810 2764/259/1792 2758/258/1789
f 2786/252/1669 2785/252/1668 2784/251/1667
f 2784/251/1667 2787/251/1670 2786/252/1669
f 2788/252/1671 2786/252/1669 2787/251/1670
f 2787/251/1670 2795/251/1678 2788/252/1671
f 2789/253/1672 2787/251/1670 2784/251/1667
f 2784/251/1667 2790/253/1673 2789/253/1672
f 2789/253/1672 2790/253/1673 2791/254/1674
f 2791/254/1674 2792/254/1675 2789/253/1672
f 2793/253/1676 2789/253/1672 2792/254/1675
f 2792/254/1675 2794/254/1677 2793/253/1676
f 2787/251/1670 2789/253/1672 2793/253/1676
f 2793/253/1676 2795/251/1678 2787/251/1670
f 2796/252/1679 2788/252/1671 2795/251/1678
f 2795/251/1678 2797/251/1680 2796/252/1679
f 2798/253/1681 2797/251/1680 2795/251/1678
f 2795/251/1678 2793/253/1676 2798/253/1681
f 2798/253/1681 2793/253/1676 2794/254/1677
f 2794/254/1677 2799/254/1682 2798/253/1681
f 2800/255/1683 2785/255/1674 2801/256/1673
f 2801/256/1673 2802/256/1684 2800/255/1683
f 2803/255/1685 2800/255/1683 2802/256/1684
f 2802/256/1684 2811/256/1693 2803/255/1685
f 2804/257/1686 2802/256/1684 2801/256/1673
f 2801/256/1673 2805/257/1687 2804/257/1686
f 2804/257/1686 2805/257/1687 2806/258/1688
f 2806/258/1688 2807/259/1689 2804/257/1686
f 2808/257/1690 2804/257/1686 2807/259/1689
f 2807/259/1689 2809/259/1691 2808/257/1690
f 2802/256/1684 2804/257/1686 2808/257/1690
f 2808/257/1690 2811/256/1693 2802/256/1684
f 2808/257/1690 2809/259/1691 2810/259/1692
f 2810/259/1692 2812/257/1694 2808/257/1690
f 2811/256/1693 2808/257/1690 2812/257/1694
f 2812/257/1694 2813/256/1695 2811/256/1693
f 2803/255/1685 2811/256/1693 2813/256/1695
f 2813/256/1695 2814/255/1696 2803/255/1685
f 2815/255/1697 2814/255/1696 2813/256/1695
f 2813/256/1695 2820/256/1702 2815/255/1697
f 2816/257/1698 2812/257/1694 2810/259/1692
f 2810/259/1692 2817/259/1699 2816/257/1698
f 2813/256/1695 2812/257/1694 2816/257/1698
f 2816/257/1698 2820/256/1702 2813/256/1695
f 2816/257/1698 2817/259/1699 2818/258/1700
f 2818/258/1700 2819/257/1701 2816/257/1698
f 2820/256/1702 2816/257/1698 2819/257/1701
f 2819/257/1701 2822/256/1704 2820/256/1702
f 2821/255/1703 2815/255/1697 2820/256/1702
f 2820/256/1702 2822/256/1704 2821/255/1703
f 2825/254/1705 2824/254/1703 2823/253/1704
f 2823/253/1704 2826/253/1706 2825/254/1705
f 2827/254/1707 2825/254/1705 2826/253/1706
f 2826/253/1706 2833/253/1714 2827/254/1707
f 2828/251/1708 2826/253/1706 2823/253/1704
f 2823/253/1704 2829/251/1709 2828/251/1708
f 2828/251/1708 2829/251/1709 2821/252/1710
f 2821/252/1710 2830/252/1711 2828/251/1708
f 2831/251/1712 2828/251/1708 2830/252/1711
f 2830/252/1711 2832/252/1713 2831/251/1712
f 2826/253/1706 2828/251/1708 2831/251/1712
f 2831/251/1712 2833/253/1714 2826/253/1706
f 2834/254/1715 2827/254/1707 2833/253/1714
f 2833/253/1714 2835/253/1716 2834/254/1715
f 2836/251/1717 2835/253/1716 2833/253/1714
f 2833/253/1714 2831/251/1712 2836/251/1717
f 2836/251/1717 2831/251/1712 2832/252/1713
f 2832/252/1713 2837/252/1718 2836/251/1717
f 2838/260/1719 2824/260/1710 2839/261/1709
f 2839/261/1709 2840/261/1720 2838/260/1719
f 2841/260/1721 2838/260/1719 2840/261/1720
f 2840/261/1720 2849/261/1729 2841/260/1721
f 2842/262/1722 2840/261/1720 2839/261/1709
f 2839/261/1709 2843/262/1723 2842/262/1722
f 2842/262/1722 2843/262/1723 2844/263/1724
f 2844/263/1724 2845/264/1725 2842/262/1722
f 2846/262/1726 2842/262/1722 2845/264/1725
f 2845/264/1725 2847/264/1727 2846/262/1726
f 2840/261/1720 2842/262/1722 2846/262/1726
f 2846/262/1726 2849/261/1729 2840/261/1720
f 2846/262/1726 2847/264/1727 2848/264/1728
f 2848/264/1728 2850/262/1730 2846/262/1726
f 2849/261/1729 2846/262/1726 2850/262/1730
f 2850/262/1730 2851/261/1731 2849/261/1729
f 2841/260/1721 2849/261/1729 2851/261/1731
f 2851/261/1731 2852/260/1732 2841/260/1721
f 2853/260/1733 2852/260/1732 2851/261/1731
f 2851/261/1731 2858/261/1738 2853/260/1733
f 2854/262/1734 2850/262/1730 2848/264/1728
f 2848/264/1728 2855/264/1735 2854/262/1734
f 2851/261/1731 2850/262/1730 2854/262/1734
f 2854/262/1734 2858/261/1738 2851/261/1731
f 2854/262/1734 2855/264/1735 2856/263/1736
f 2856/263/1736 2857/262/1737 2854/262/1734
f 2858/261/1738 2854/262/1734 2857/262/1737
f 2857/262/1737 2859/261/1667 2858/261/1738
f 2791/260/1668 2853/260/1733 2858/261/1738
f 2858/261/1738 2859/261/1667 2791/260/1668
f 2860/254/1739 2834/254/1715 2835/253/1716
f 2835/253/1716 2861/253/1740 2860/254/1739
f 2862/254/1741 2860/254/1739 2861/253/1740
f 2861/253/1740 2868/253/1747 2862/254/1741
f 2863/251/1742 2861/253/1740 2835/253/1716
f 2835/253/1716 2836/251/1717 2863/251/1742
f 2863/251/1742 2836/251/1717 2837/252/1718
f 2837/252/1718 2864/252/1743 2863/251/1742
f 2865/251/1744 2863/251/1742 2864/252/1743
f 2864/252/1743 2866/252/1745 2865/251/1744
f 2861/253/1740 2863/251/1742 2865/251/1744
f 2865/251/1744 2868/253/1747 2861/253/1740
f 2865/251/1744 2866/252/1745 2867/252/1746
f 2867/252/1746 2869/251/1748 2865/251/1744
f 2868/253/1747 2865/251/1744 2869/251/1748
f 2869/251/1748 2870/253/1749 2868/253/1747
f 2862/254/1741 2868/253/1747 2870/253/1749
f 2870/253/1749 2871/254/1750 2862/254/1741
f 2872/254/1751 2871/254/1750 2870/253/1749
f 2870/253/1749 2875/253/1754 2872/254/1751
f 2873/251/1752 2869/251/1748 2867/252/1746
f 2867/252/1746 2874/252/1753 2873/251/1752
f 2870/253/1749 2869/251/1748 2873/251/1752
f 2873/251/1752 2875/253/1754 2870/253/1749
f 2799/254/1682 2872/254/1751 2875/253/1754
f 2875/253/1754 2798/253/1681 2799/254/1682
f 2797/251/1680 2798/253/1681 2875/253/1754
f 2875/253/1754 2873/251/1752 2797/251/1680
f 2797/251/1680 2873/251/1752 2874/252/1753
f 2874/252/1753 2796/252/1679 2797/251/1680
f 2827/260/1713 2834/260/1718 2876/261/1717
f 2876/261/1717 2877/261/1712 2827/260/1713
f 2825/260/1711 2827/260/1713 2877/261/1712
f 2877/261/1712 2884/261/1708 2825/260/1711
f 2878/262/1755 2877/261/1712 2876/261/1717
f 2876/261/1717 2879/262/1756 2878/262/1755
f 2878/262/1755 2879/262/1756 2880/263/1757
f 2880/263/1757 2881/264/1758 2878/262/1755
f 2882/262/1759 2878/262/1755 2881/264/1758
f 2881/264/1758 2883/264/1760 2882/262/1759
f 2877/261/1712 2878/262/1755 2882/262/1759
f 2882/262/1759 2884/261/1708 2877/261/1712
f 2882/262/1759 2883/264/1760 2844/263/1724
f 2844/263/1724 2843/262/1723 2882/262/1759
f 2884/261/1708 2882/262/1759 2843/262/1723
f 2843/262/1723 2839/261/1709 2884/261/1708
f 2824/260/1710 2825/260/1711 2884/261/1708
f 2884/261/1708 2839/261/1709 2824/260/1710
f 2872/260/1753 2799/260/1679 2885/261/1680
f 2885/261/1680 2886/261/1752 2872/260/1753
f 2871/260/1746 2872/260/1753 2886/261/1752
f 2886/261/1752 2894/261/1748 2871/260/1746
f 2887/262/1761 2886/261/1752 2885/261/1680
f 2885/261/1680 2888/262/1762 2887/262/1761
f 2887/262/1761 2888/262/1762 2889/263/1763
f 2889/263/1763 2890/264/1764 2887/262/1761
f 2891/262/1765 2887/262/1761 2890/264/1764
f 2890/264/1764 2892/264/1766 2891/262/1765
f 2886/261/1752 2887/262/1761 2891/262/1765
f 2891/262/1765 2894/261/1748 2886/261/1752
f 2891/262/1765 2892/264/1766 2893/264/1767
f 2893/264/1767 2895/262/1768 2891/262/1765
f 2894/261/1748 2891/262/1765 2895/262/1768
f 2895/262/1768 2896/261/1744 2894/261/1748
f 2871/260/1746 2894/261/1748 2896/261/1744
f 2896/261/1744 2862/260/1745 2871/260/1746
f 2860/260/1743 2862/260/1745 2896/261/1744
f 2896/261/1744 2899/261/1742 2860/260/1743
f 2897/262/1769 2895/262/1768 2893/264/1767
f 2893/264/1767 2898/264/1770 2897/262/1769
f 2896/261/1744 2895/262/1768 2897/262/1769
f 2897/262/1769 2899/261/1742 2896/261/1744
f 2897/262/1769 2898/264/1770 2880/263/1757
f 2880/263/1757 2879/262/1756 2897/262/1769
f 2899/261/1742 2897/262/1769 2879/262/1756
f 2879/262/1756 2876/261/1717 2899/261/1742
f 2834/260/1718 2860/260/1743 2899/261/1742
f 2899/261/1742 2876/261/1717 2834/260/1718
f 2792/260/1669 2791/260/1668 2859/261/1667
f 2859/261/1667 2900/261/1670 2792/260/1669
f 2794/260/1671 2792/260/1669 2900/261/1670
f 2900/261/1670 2905/261/1678 2794/260/1671
f 2901/262/1771 2900/261/1670 2859/261/1667
f 2859/261/1667 2857/262/1737 2901/262/1771
f 2901/262/1771 2857/262/1737 2856/263/1736
f 2856/263/1736 2902/264/1772 2901/262/1771
f 2903/262/1773 2901/262/1771 2902/264/1772
f 2902/264/1772 2904/264/1774 2903/262/1773
f 2900/261/1670 2901/262/1771 2903/262/1773
f 2903/262/1773 2905/261/1678 2900/261/1670
f 2903/262/1773 2904/264/1774 2889/263/1763
f 2889/263/1763 2888/262/1762 2903/262/1773
f 2905/261/1678 2903/262/1773 2888/262/1762
f 2888/262/1762 2885/261/1680 2905/261/1678
f 2799/260/1679 2794/260/1671 2905/261/1678
f 2905/261/1678 2885/261/1680 2799/260/1679
f 2853/254/1683 2791/254/1674 2790/253/1673
f 2790/253/1673 2906/253/1684 2853/254/1683
f 2852/254/1685 2853/254/1683 2906/253/1684
f 2906/253/1684 2909/253/1693 2852/254/1685
f 2907/251/1738 2906/253/1684 2790/253/1673
f 2790/253/1673 2784/251/1667 2907/251/1738
f 2907/251/1738 2784/251/1667 2785/252/1668
f 2785/252/1668 2800/252/1733 2907/251/1738
f 2908/251/1731 2907/251/1738 2800/252/1733
f 2800/252/1733 2803/252/1732 2908/251/1731
f 2906/253/1684 2907/251/1738 2908/251/1731
f 2908/251/1731 2909/253/1693 2906/253/1684
f 2908/251/1731 2803/252/1732 2814/252/1721
f 2814/252/1721 2910/251/1729 2908/251/1731
f 2909/253/1693 2908/251/1731 2910/251/1729
f 2910/251/1729 2911/253/1695 2909/253/1693
f 2852/254/1685 2909/253/1693 2911/253/1695
f 2911/253/1695 2841/254/1696 2852/254/1685
f 2838/254/1697 2841/254/1696 2911/253/1695
f 2911/253/1695 2913/253/1702 2838/254/1697
f 2912/251/1720 2910/251/1729 2814/252/1721
f 2814/252/1721 2815/252/1719 2912/251/1720
f 2911/253/1695 2910/251/1729 2912/251/1720
f 2912/251/1720 2913/253/1702 2911/253/1695
f 2824/254/1703 2838/254/1697 2913/253/1702
f 2913/253/1702 2823/253/1704 2824/254/1703
f 2829/251/1709 2823/253/1704 2913/253/1702
f 2913/253/1702 2912/251/1720 2829/251/1709
f 2829/251/1709 2912/251/1720 2815/252/1719
f 2815/252/1719 2821/252/1710 2829/251/1709
f 2830/255/1705 2821/255/1703 2822/256/1704
f 2822/256/1704 2914/256/1706 2830/255/1705
f 2832/255/1707 2830/255/1705 2914/256/1706
f 2914/256/1706 2921/256/1714 2832/255/1707
f 2915/257/1775 2914/256/1706 2822/256/1704
f 2822/256/1704 2819/257/1701 2915/257/1775
f 2915/257/1775 2819/257/1701 2818/258/1700
f 2818/258/1700 2916/259/1776 2915/257/1775
f 2917/257/1777 2915/257/1775 2916/259/1776
f 2916/259/1776 2918/259/1778 2917/257/1777
f 2914/256/1706 2915/257/1775 2917/257/1777
f 2917/257/1777 2921/256/1714 2914/256/1706
f 2917/257/1777 2918/259/1778 2919/258/1779
f 2919/258/1779 2920/257/1780 2917/257/1777
f 2921/256/1714 2917/257/1777 2920/257/1780
f 2920/257/1780 2922/256/1716 2921/256/1714
f 2837/255/1715 2832/255/1707 2921/256/1714
f 2921/256/1714 2922/256/1716 2837/255/1715
f 2864/255/1739 2837/255/1715 2922/256/1716
f 2922/256/1716 2923/256/1740 2864/255/1739
f 2866/255/1741 2864/255/1739 2923/256/1740
f 2923/256/1740 2929/256/1747 2866/255/1741
f 2924/257/1781 2923/256/1740 2922/256/1716
f 2922/256/1716 2920/257/1780 2924/257/1781
f 2924/257/1781 2920/257/1780 2919/258/1779
f 2919/258/1779 2925/259/1782 2924/257/1781
f 2926/257/1783 2924/257/1781 2925/259/1782
f 2925/259/1782 2927/259/1784 2926/257/1783
f 2923/256/1740 2924/257/1781 2926/257/1783
f 2926/257/1783 2929/256/1747 2923/256/1740
f 2926/257/1783 2927/259/1784 2928/259/1785
f 2928/259/1785 2930/257/1786 2926/257/1783
f 2929/256/1747 2926/257/1783 2930/257/1786
f 2930/257/1786 2931/256/1749 2929/256/1747
f 2866/255/1741 2929/256/1747 2931/256/1749
f 2931/256/1749 2867/255/1750 2866/255/1741
f 2874/255/1751 2867/255/1750 2931/256/1749
f 2931/256/1749 2936/256/1754 2874/255/1751
f 2932/257/1787 2930/257/1786 2928/259/1785
f 2928/259/1785 2933/259/1788 2932/257/1787
f 2931/256/1749 2930/257/1786 2932/257/1787
f 2932/257/1787 2936/256/1754 2931/256/1749
f 2932/257/1787 2933/259/1788 2934/258/1789
f 2934/258/1789 2935/257/1790 2932/257/1787
f 2936/256/1754 2932/257/1787 2935/257/1790
f 2935/257/1790 2937/256/1681 2936/256/1754
f 2796/255/1682 2874/255/1751 2936/256/1754
f 2936/256/1754 2937/256/1681 2796/255/1682
f 2788/255/1677 2796/255/1682 2937/256/1681
f 2937/256/1681 2938/256/1676 2788/255/1677
f 2786/255/1675 2788/255/1677 2938/256/1676
f 2938/256/1676 2943/256/1672 2786/255/1675
f 2939/257/1791 2938/256/1676 2937/256/1681
f 2937/256/1681 2935/257/1790 2939/257/1791
f 2939/257/1791 2935/257/1790 2934/258/1789
f 2934/258/1789 2940/259/1792 2939/257/1791
f 2941/257/1793 2939/257/1791 2940/259/1792
f 2940/259/1792 2942/259/1794 2941/257/1793
f 2938/256/1676 2939/257/1791 2941/257/1793
f 2941/257/1793 2943/256/1672 2938/256/1676
f 2941/257/1793 2942/259/1794 2806/258/1688
f 2806/258/1688 2805/257/1687 2941/257/1793
f 2943/256/1672 2941/257/1793 2805/257/1687
f 2805/257/1687 2801/256/1673 2943/256/1672
f 2785/255/1674 2786/255/1675 2943/256/1672
f 2943/256/1672 2801/256/1673 2785/255/1674
f 2944/265/1795 2848/264/1728 2847/264/1727
f 2847/264/1727 2948/265/1799 2944/265/1795
f 2855/264/1735 2848/264/1728 2944/265/1795
f 2944/265/1795 2945/265/1796 2855/264/1735
f 2856/263/1736 2855/264/1735 2945/265/1796
f 2945/265/1796 2902/264/1772 2856/263/1736
f 2904/264/1774 2902/264/1772 2945/265/1796
f 2945/265/1796 2946/265/1797 2904/264/1774
f 2946/265/1797 2945/265/1796 2944/265/1795
f 2944/265/1795 2947/265/1798 2946/265/1797
f 2889/263/1763 2904/264/1774 2946/265/1797
f 2946/265/1797 2890/264/1764 2889/263/1763
f 2892/264/1766 2890/264/1764 2946/265/1797
f 2946/265/1797 2947/265/1798 2892/264/1766
f 2947/265/1798 2944/265/1795 2948/265/1799
f 2948/265/1799 2949/265/1800 2947/265/1798
f 2892/264/1766 2947/265/1798 2949/265/1800
f 2949/265/1800 2893/264/1767 2892/264/1766
f 2898/264/1770 2893/264/1767 2949/265/1800
f 2949/265/1800 2951/265/1802 2898/264/1770
f 2950/265/1801 2948/265/1799 2847/264/1727
f 2847/264/1727 2845/264/1725 2950/265/1801
f 2949/265/1800 2948/265/1799 2950/265/1801
f 2950/265/1801 2951/265/1802 2949/265/1800
f 2950/265/1801 2845/264/1725 2844/263/1724
f 2844/263/1724 2883/264/1760 2950/265/1801
f 2951/265/1802 2950/265/1801 2883/264/1760
f 2883/264/1760 2881/264/1758 2951/265/1802
f 2880/263/1757 2898/264/1770 2951/265/1802
f 2951/265/1802 2881/264/1758 2880/263/1757
f 2817/259/1699 2810/259/1692 2952/266/1803
f 2952/266/1803 2953/266/1804 2817/259/1699
f 2952/266/1803 2810/259/1692 2809/259/1691
f 2809/259/1691 2956/266/1807 2952/266/1803
f 2818/258/1700 2817/259/1699 2953/266/1804
f 2953/266/1804 2916/259/1776 2818/258/1700
f 2918/259/1778 2916/259/1776 2953/266/1804
f 2953/266/1804 2954/266/1805 2918/259/1778
f 2954/266/1805 2953/266/1804 2952/266/1803
f 2952/266/1803 2955/266/1806 2954/266/1805
f 2919/258/1779 2918/259/1778 2954/266/1805
f 2954/266/1805 2925/259/1782 2919/258/1779
f 2927/259/1784 2925/259/1782 2954/266/1805
f 2954/266/1805 2955/266/1806 2927/259/1784
f 2955/266/1806 2952/266/1803 2956/266/1807
f 2956/266/1807 2957/266/1808 2955/266/1806
f 2927/259/1784 2955/266/1806 2957/266/1808
f 2957/266/1808 2928/259/1785 2927/259/1784
f 2933/259/1788 2928/259/1785 2957/266/1808
f 2957/266/1808 2959/266/1810 2933/259/1788
f 2958/266/1809 2956/266/1807 2809/259/1691
f 2809/259/1691 2807/259/1689 2958/266/1809
f 2957/266/1808 2956/266/1807 2958/266/1809
f 2958/266/1809 2959/266/1810 2957/266/1808
f 2958/266/1809 2807/259/1689 2806/258/1688
f 2806/258/1688 2942/259/1794 2958/266/1809
f 2959/266/1810 2958/266/1809 2942/259/1794
f 2942/259/1794 2940/259/1792 2959/266/1810
f 2934/258/1789 2933/259/1788 2959/266/1810
f 2959/266/1810 2940/259/1792 2934/258/1789
f 2960/267/1955 2962/269/1957 2961/268/1956
f 2961/268/1956 2963/267/1958 2960/267/1955
f 2964/270/1959 2960/267/1955 2963/267/1958
f 2963/267/1958 2972/270/1967 2964/270/1959
f 2963/267/1958 2961/268/1956 2965/271/1960
f 2965/271/1960 2970/267/1965 2963/267/1958
f 2965/271/1960 2961/268/1956 2966/272/1961
f 2966/272/1961 2967/273/1962 2965/271/1960
f 2968/268/1963 2965/271/1960 2967/273/1962
f 2967/273/1962 2969/272/1964 2968/268/1963
f 2970/267/1965 2965/271/1960 2968/268/1963
f 2968/268/1963 2971/267/1966 2970/267/1965
f 2972/270/1967 2963/267/1958 2970/267/1965
f 2970/267/1965 2973/270/1968 2972/270/1967
f 2973/270/1968 2970/267/1965 2971/267/1966
f 2971/267/1966 2974/270/1969 2973/270/1968
f 2973/270/1968 2974/270/1969 2975/274/1970
f 2975/274/1970 2976/274/1971 2973/270/1968
f 2972/270/1967 2973/270/1968 2976/274/1971
f 2976/274/1971 2977/274/1972 2972/270/1967
f 2964/270/1959 2972/270/1967 2977/274/1972
f 2977/274/1972 2978/274/1973 2964/270/1959
f 2979/274/1974 2975/274/1970 2974/270/1969
f 2974/270/1969 2980/270/1975 2979/274/1974
f 2981/274/1976 2979/274/1974 2980/270/1975
f 2980/270/1975 2982/270/1977 2981/274/1976
f 2983/267/1978 2980/270/1975 2974/270/1969
f 2974/270/1969 2971/267/1966 2983/267/1978
f 2984/267/1 2982/270/1977 2980/270/1975
f 2980/270/1975 2983/267/1978 2984/267/1
f 2985/269/1979 2983/267/1978 2971/267/1966
f 2971/267/1966 2968/268/1963 2985/269/1979
f 2985/269/1979 2968/268/1963 2969/272/1964
f 2969/272/1964 2986/275/1980 2985/269/1979
f 2983/267/1978 2985/269/1979 2987/276/1981
f 2987/276/1981 2984/267/1 2983/267/1978
f 2987/276/1981 2985/269/1979 2986/275/1980
f 2986/275/1980 2988/277/1982 2987/276/1981
f 2989/278/1983 2987/276/1981 2988/277/1982
f 2988/277/1982 2990/279/1984 2989/278/1983
f 2984/267/1 2987/276/1981 2989/278/1983
f 2989/278/1983 2991/267/1985 2984/267/1
f 2982/270/1977 2984/267/1 2991/267/1985
f 2991/267/1985 2992/270/1986 2982/270/1977
f 2993/274/1987 2981/274/1976 2982/270/1977
f 2982/270/1977 2992/270/1986 2993/274/1987
f 2994/274/1988 2993/274/1987 2992/270/1986
f 2992/270/1986 2995/270/1989 2994/274/1988
f 2996/274/1990 2994/274/1988 2995/270/1989
f 2995/270/1989 2997/270/1991 2996/274/1990
f 2998/267/1992 2995/270/1989 2992/270/1986
f 2992/270/1986 2991/267/1985 2998/267/1992
f 2999/280/1993 2998/267/1992 2991/267/1985
f 2991/267/1985 2989/278/1983 2999/280/1993
f 2999/280/1993 2989/278/1983 2990/279/1984
f 2990/279/1984 3000/281/1994 2999/280/1993
f 3001/274/1995 2996/274/1990 2997/270/1991
f 2997/270/1991 3002/270/1996 3001/274/1995
f 3003/274/1997 3001/274/1995 3002/270/1996
f 3002/270/1996 3004/270/1998 3003/274/1997
f 3005/267/1999 3004/270/1998 3002/270/1996
f 3002/270/1996 3006/267/2000 3005/267/1999
f 3006/267/2000 3002/270/1996 2997/270/1991
f 2997/270/1991 3008/267/2002 3006/267/2000
f 3007/278/2001 3005/267/1999 3006/267/2000
f 3006/267/2000 3009/280/2003 3007/278/2001
f 3008/267/2002 2997/270/1991 2995/270/1989
f 2995/270/1989 2998/267/1992 3008/267/2002
f 3009/280/2003 3006/267/2000 3008/267/2002
f 3008/267/2002 3010/280/2004 3009/280/2003
f 3010/280/2004 3008/267/2002 2998/267/1992
f 2998/267/1992 2999/280/1993 3010/280/2004
f 3010/280/2004 2999/280/1993 3000/281/1994
f 3000/281/1994 3011/282/2005 3010/280/2004
f 3009/280/2003 3010/280/2004 3011/282/2005
f 3011/282/2005 3012/281/2006 3009/280/2003
f 3007/278/2001 3009/280/2003 3012/281/2006
f 3012/281/2006 3013/279/2007 3007/278/2001
f 3014/274/2008 3003/274/1997 3004/270/1998
f 3004/270/1998 3015/270/2009 3014/274/2008
f 2978/274/1973 3014/274/2008 3015/270/2009
f 3015/270/2009 2964/270/1959 2978/274/1973
f 2960/267/1955 2964/270/1959 3015/270/2009
f 3015/270/2009 3016/267/2010 2960/267/1955
f 3016/267/2010 3015/270/2009 3004/270/1998
f 3004/270/1998 3005/267/1999 3016/267/2010
f 2962/269/1957 2960/267/1955 3016/267/2010
f 3016/267/2010 3017/276/2011 2962/269/1957
f 3017/276/2011 3016/267/2010 3005/267/1999
f 3005/267/1999 3007/278/2001 3017/276/2011
f 3017/276/2011 3007/278/2001 3013/279/2007
f 3013/279/2007 3018/277/2012 3017/276/2011
f 2962/269/1957 3017/276/2011 3018/277/2012
f 3018/277/2012 3019/275/2013 2962/269/1957
f 2961/268/1956 2962/269/1957 3019/275/2013
f 3019/275/2013 2966/272/1961 2961/268/1956
f 3021/284/2015 3020/283/2014 2966/272/1961
f 2966/272/1961 3019/275/2013 3021/284/2015
f 2967/273/1962 2966/272/1961 3020/283/2014
f 3020/283/2014 3022/285/2016 2967/273/1962
f 2969/272/1964 2967/273/1962 3022/285/2016
f 3022/285/2016 3027/283/2021 2969/272/1964
f 3024/287/2018 3021/284/2015 3019/275/2013
f 3019/275/2013 3018/277/2012 3024/287/2018
f 3021/284/2015 3024/287/2018 3025/288/2019
f 3025/288/2019 3023/286/2017 3021/284/2015
f 3025/288/2019 3024/287/2018 3018/277/2012
f 3018/277/2012 3013/279/2007 3025/288/2019
f 3023/286/2017 3025/288/2019 3013/279/2007
f 3013/279/2007 3012/281/2006 3023/286/2017
f 3026/286/2020 3023/286/2017 3012/281/2006
f 3012/281/2006 3011/282/2005 3026/286/2020
f 3022/285/2016 3023/286/2017 3026/286/2020
f 3026/286/2020 3027/283/2021 3022/285/2016
f 2986/275/1980 2969/272/1964 3027/283/2021
f 3027/283/2021 3029/284/2023 2986/275/1980
f 3028/286/2022 3026/286/2020 3011/282/2005
f 3011/282/2005 3000/281/1994 3028/286/2022
f 3027/283/2021 3026/286/2020 3028/286/2022
f 3028/286/2022 3029/284/2023 3027/283/2021
f 2988/277/1982 2986/275/1980 3029/284/2023
f 3029/284/2023 3031/287/2025 2988/277/1982
f 3030/288/2024 3028/286/2022 3000/281/1994
f 3000/281/1994 2990/279/1984 3030/288/2024
f 3029/284/2023 3028/286/2022 3030/288/2024
f 3030/288/2024 3031/287/2025 3029/284/2023
f 3031/287/2025 3030/288/2024 2990/279/1984
f 2990/279/1984 2988/277/1982 3031/287/2025
f 2978/274/1973 2977/274/1972 3032/289/2026
f 3032/289/2026 3033/289/2027 2978/274/1973
f 3014/274/2008 2978/274/1973 3033/289/2027
f 3033/289/2027 3034/289/2028 3014/274/2008
f 3003/274/1997 3014/274/2008 3034/289/2028
f 3034/289/2028 3035/289/2029 3003/274/1997
f 3035/289/2029 3034/289/2028 3033/289/2027
f 3033/289/2027 3032/289/2026 3035/289/2029
f 3001/274/1995 3003/274/1997 3035/289/2029
f 3035/289/2029 3036/289/2030 3001/274/1995
f 2996/274/1990 3001/274/1995 3036/289/2030
f 3036/289/2030 3038/289/2032 2996/274/1990
f 3037/289/2031 3032/289/2026 2977/274/1972
f 2977/274/1972 2976/274/1971 3037/289/2031
f 3039/289/2033 3038/289/2032 3036/289/2030
f 3036/289/2030 3037/289/2031 3039/289/2033
f 2994/274/1988 2996/274/1990 3038/289/2032
f 3038/289/2032 3040/289/2034 2994/274/1988
f 3039/289/2033 3037/289/2031 2976/274/1971
f 2976/274/1971 2975/274/1970 3039/289/2033
f 3041/289/2035 3040/289/2034 3038/289/2032
f 3038/289/2032 3039/289/2033 3041/289/2035
f 2993/274/1987 2994/274/1988 3040/289/2034
f 3040/289/2034 3042/289/2036 2993/274/1987
f 3041/289/2035 3039/289/2033 2975/274/1970
f 2975/274/1970 2979/274/1974 3041/289/2035
f 3043/289/2037 3042/289/2036 3040/289/2034
f 3040/289/2034 3041/289/2035 3043/289/2037
f 2981/274/1976 2993/274/1987 3042/289/2036
f 3042/289/2036 3043/289/2037 2981/274/1976
f 3043/289/2037 3041/289/2035 2979/274/1974
f 2979/274/1974 2981/274/1976 3043/289/2037
f 3044/267/2038 3046/269/2040 3045/268/2039
f 3045/268/2039 3047/267/2041 3044/267/2038
f 3048/270/1996 3044/267/2038 3047/267/2041
f 3047/267/2041 3056/270/1998 3048/270/1996
f 3047/267/2041 3045/268/2039 3049/271/2042
f 3049/271/2042 3054/267/2047 3047/267/2041
f 3049/271/2042 3045/268/2039 3050/272/2043
f 3050/272/2043 3051/273/2044 3049/271/2042
f 3052/268/2045 3049/271/2042 3051/273/2044
f 3051/273/2044 3053/272/2046 3052/268/2045
f 3054/267/2047 3049/271/2042 3052/268/2045
f 3052/268/2045 3055/267/2048 3054/267/2047
f 3056/270/1998 3047/267/2041 3054/267/2047
f 3054/267/2047 3057/270/2009 3056/270/1998
f 3057/270/2009 3054/267/2047 3055/267/2048
f 3055/267/2048 3058/270/1959 3057/270/2009
f 3057/270/2009 3058/270/1959 3059/274/1973
f 3059/274/1973 3060/274/2008 3057/270/2009
f 3056/270/1998 3057/270/2009 3060/274/2008
f 3060/274/2008 3061/274/1997 3056/270/1998
f 3048/270/1996 3056/270/1998 3061/274/1997
f 3061/274/1997 3062/274/1995 3048/270/1996
f 3063/274/1972 3059/274/1973 3058/270/1959
f 3058/270/1959 3064/270/1967 3063/274/1972
f 3065/274/1971 3063/274/1972 3064/270/1967
f 3064/270/1967 3066/270/1968 3065/274/1971
f 3067/267/2049 3064/270/1967 3058/270/1959
f 3058/270/1959 3055/267/2048 3067/267/2049
f 3068/267/2050 3066/270/1968 3064/270/1967
f 3064/270/1967 3067/267/2049 3068/267/2050
f 3069/269/2051 3067/267/2049 3055/267/2048
f 3055/267/2048 3052/268/2045 3069/269/2051
f 3069/269/2051 3052/268/2045 3053/272/2046
f 3053/272/2046 3070/275/2052 3069/269/2051
f 3067/267/2049 3069/269/2051 3071/276/2053
f 3071/276/2053 3068/267/2050 3067/267/2049
f 3071/276/2053 3069/269/2051 3070/275/2052
f 3070/275/2052 3072/277/2054 3071/276/2053
f 3073/278/2055 3071/276/2053 3072/277/2054
f 3072/277/2054 3074/279/2056 3073/278/2055
f 3068/267/2050 3071/276/2053 3073/278/2055
f 3073/278/2055 3075/267/2057 3068/267/2050
f 3066/270/1968 3068/267/2050 3075/267/2057
f 3075/267/2057 3076/270/1969 3066/270/1968
f 3077/274/1970 3065/274/1971 3066/270/1968
f 3066/270/1968 3076/270/1969 3077/274/1970
f 3078/274/1974 3077/274/1970 3076/270/1969
f 3076/270/1969 3079/270/1975 3078/274/1974
f 3080/274/1976 3078/274/1974 3079/270/1975
f 3079/270/1975 3081/270/1977 3080/274/1976
f 3082/267/2058 3079/270/1975 3076/270/1969
f 3076/270/1969 3075/267/2057 3082/267/2058
f 3083/280/2059 3082/267/2058 3075/267/2057
f 3075/267/2057 3073/278/2055 3083/280/2059
f 3083/280/2059 3073/278/2055 3074/279/2056
f 3074/279/2056 3084/281/2060 3083/280/2059
f 3085/274/1987 3080/274/1976 3081/270/1977
f 3081/270/1977 3086/270/1986 3085/274/1987
f 3087/274/1988 3085/274/1987 3086/270/1986
f 3086/270/1986 3088/270/1989 3087/274/1988
f 3089/267/2061 3088/270/1989 3086/270/1986
f 3086/270/1986 3090/267/2062 3089/267/2061
f 3090/267/2062 3086/270/1986 3081/270/1977
f 3081/270/1977 3092/267/2064 3090/267/2062
f 3091/278/2063 3089/267/2061 3090/267/2062
f 3090/267/2062 3093/280/2065 3091/278/2063
f 3092/267/2064 3081/270/1977 3079/270/1975
f 3079/270/1975 3082/267/2058 3092/267/2064
f 3093/280/2065 3090/267/2062 3092/267/2064
f 3092/267/2064 3094/280/2066 3093/280/2065
f 3094/280/2066 3092/267/2064 3082/267/2058
f 3082/267/2058 3083/280/2059 3094/280/2066
f 3094/280/2066 3083/280/2059 3084/281/2060
f 3084/281/2060 3095/282/2067 3094/280/2066
f 3093/280/2065 3094/280/2066 3095/282/2067
f 3095/282/2067 3096/281/2068 3093/280/2065
f 3091/278/2063 3093/280/2065 3096/281/2068
f 3096/281/2068 3097/279/2069 3091/278/2063
f 3098/274/1990 3087/274/1988 3088/270/1989
f 3088/270/1989 3099/270/1991 3098/274/1990
f 3062/274/1995 3098/274/1990 3099/270/1991
f 3099/270/1991 3048/270/1996 3062/274/1995
f 3044/267/2038 3048/270/1996 3099/270/1991
f 3099/270/1991 3100/267/2070 3044/267/2038
f 3100/267/2070 3099/270/1991 3088/270/1989
f 3088/270/1989 3089/267/2061 3100/267/2070
f 3046/269/2040 3044/267/2038 3100/267/2070
f 3100/267/2070 3101/276/2071 3046/269/2040
f 3101/276/2071 3100/267/2070 3089/267/2061
f 3089/267/2061 3091/278/2063 3101/276/2071
f 3101/276/2071 3091/278/2063 3097/279/2069
f 3097/279/2069 3102/277/2072 3101/276/2071
f 3046/269/2040 3101/276/2071 3102/277/2072
f 3102/277/2072 3103/275/2073 3046/269/2040
f 3045/268/2039 3046/269/2040 3103/275/2073
f 3103/275/2073 3050/272/2043 3045/268/2039
f 3105/284/2075 3104/283/2074 3050/272/2043
f 3050/272/2043 3103/275/2073 3105/284/2075
f 3051/273/2044 3050/272/2043 3104/283/2074
f 3104/283/2074 3106/285/2076 3051/273/2044
f 3053/272/2046 3051/273/2044 3106/285/2076
f 3106/285/2076 3111/283/2081 3053/272/2046
f 3108/287/2078 3105/284/2075 3103/275/2073
f 3103/275/2073 3102/277/2072 3108/287/2078
f 3105/284/2075 3108/287/2078 3109/288/2079
f 3109/288/2079 3107/286/2077 3105/284/2075
f 3109/288/2079 3108/287/2078 3102/277/2072
f 3102/277/2072 3097/279/2069 3109/288/2079
f 3107/286/2077 3109/288/2079 3097/279/2069
f 3097/279/2069 3096/281/2068 3107/286/2077
f 3110/286/2080 3107/286/2077 3096/281/2068
f 3096/281/2068 3095/282/2067 3110/286/2080
f 3106/285/2076 3107/286/2077 3110/286/2080
f 3110/286/2080 3111/283/2081 3106/285/2076
f 3070/275/2052 3053/272/2046 3111/283/2081
f 3111/283/2081 3113/284/2083 3070/275/2052
f 3112/286/2082 3110/286/2080 3095/282/2067
f 3095/282/2067 3084/281/2060 3112/286/2082
f 3111/283/2081 3110/286/2080 3112/286/2082
f 3112/286/2082 3113/284/2083 3111/283/2081
f 3072/277/2054 3070/275/2052 3113/284/2083
f 3113/284/2083 3115/287/2085 3072/277/2054
f 3114/288/2084 3112/286/2082 3084/281/2060
f 3084/281/2060 3074/279/2056 3114/288/2084
f 3113/284/2083 3112/286/2082 3114/288/2084
f 3114/288/2084 3115/287/2085 3113/284/2083
f 3115/287/2085 3114/288/2084 3074/279/2056
f 3074/279/2056 3072/277/2054 3115/287/2085
f 3062/274/1995 3061/274/1997 3116/289/2086
f 3116/289/2086 3117/289/2087 3062/274/1995
f 3098/274/1990 3062/274/1995 3117/289/2087
f 3117/289/2087 3118/289/2088 3098/274/1990
f 3087/274/1988 3098/274/1990 3118/289/2088
f 3118/289/2088 3119/289/2034 3087/274/1988
f 3119/289/2034 3118/289/2088 3117/289/2087
f 3117/289/2087 3116/289/2086 3119/289/2034
f 3085/274/1987 3087/274/1988 3119/289/2034
f 3119/289/2034 3120/289/2089 3085/274/1987
f 3080/274/1976 3085/274/1987 3120/289/2089
f 3120/289/2089 3122/289/2091 3080/274/1976
f 3121/289/2090 3116/289/2086 3061/274/1997
f 3061/274/1997 3060/274/2008 3121/289/2090
f 3123/289/2092 3122/289/2091 3120/289/2089
f 3120/289/2089 3121/289/2090 3123/289/2092
f 3078/274/1974 3080/274/1976 3122/289/2091
f 3122/289/2091 3124/289/2035 3078/274/1974
f 3123/289/2092 3121/289/2090 3060/274/2008
f 3060/274/2008 3059/274/1973 3123/289/2092
f 3125/289/2093 3124/289/2035 3122/289/2091
f 3122/289/2091 3123/289/2092 3125/289/2093
f 3077/274/1970 3078/274/1974 3124/289/2035
f 3124/289/2035 3126/289/2094 3077/274/1970
f 3125/289/2093 3123/289/2092 3059/274/1973
f 3059/274/1973 3063/274/1972 3125/289/2093
f 3127/289/2095 3126/289/2094 3124/289/2035
f 3124/289/2035 3125/289/2093 3127/289/2095
f 3065/274/1971 3077/274/1970 3126/289/2094
f 3126/289/2094 3127/289/2095 3065/274/1971
f 3127/289/2095 3125/289/2093 3063/274/1972
f 3063/274/1972 3065/274/1971 3127/289/2095
f 3128/267/2096 3130/269/2098 3129/268/2097
f 3129/268/2097 3131/267/2099 3128/267/2096
f 3132/270/1986 3128/267/2096 3131/267/2099
f 3131/267/2099 3140/270/1989 3132/270/1986
f 3131/267/2099 3129/268/2097 3133/271/2100
f 3133/271/2100 3138/267/2105 3131/267/2099
f 3133/271/2100 3129/268/2097 3134/272/2101
f 3134/272/2101 3135/273/2102 3133/271/2100
f 3136/268/2103 3133/271/2100 3135/273/2102
f 3135/273/2102 3137/272/2104 3136/268/2103
f 3138/267/2105 3133/271/2100 3136/268/2103
f 3136/268/2103 3139/267/2106 3138/267/2105
f 3140/270/1989 3131/267/2099 3138/267/2105
f 3138/267/2105 3141/270/1991 3140/270/1989
f 3141/270/1991 3138/267/2105 3139/267/2106
f 3139/267/2106 3142/270/1996 3141/270/1991
f 3141/270/1991 3142/270/1996 3143/274/1995
f 3143/274/1995 3144/274/1990 3141/270/1991
f 3140/270/1989 3141/270/1991 3144/274/1990
f 3144/274/1990 3145/274/1988 3140/270/1989
f 3132/270/1986 3140/270/1989 3145/274/1988
f 3145/274/1988 3146/274/1987 3132/270/1986
f 3147/274/1997 3143/274/1995 3142/270/1996
f 3142/270/1996 3148/270/1998 3147/274/1997
f 3149/274/2008 3147/274/1997 3148/270/1998
f 3148/270/1998 3150/270/2009 3149/274/2008
f 3151/267/2107 3148/270/1998 3142/270/1996
f 3142/270/1996 3139/267/2106 3151/267/2107
f 3152/267/125 3150/270/2009 3148/270/1998
f 3148/270/1998 3151/267/2107 3152/267/125
f 3153/269/2108 3151/267/2107 3139/267/2106
f 3139/267/2106 3136/268/2103 3153/269/2108
f 3153/269/2108 3136/268/2103 3137/272/2104
f 3137/272/2104 3154/275/2109 3153/269/2108
f 3151/267/2107 3153/269/2108 3155/276/2110
f 3155/276/2110 3152/267/125 3151/267/2107
f 3155/276/2110 3153/269/2108 3154/275/2109
f 3154/275/2109 3156/277/2111 3155/276/2110
f 3157/278/2112 3155/276/2110 3156/277/2111
f 3156/277/2111 3158/279/2113 3157/278/2112
f 3152/267/125 3155/276/2110 3157/278/2112
f 3157/278/2112 3159/267/2114 3152/267/125
f 3150/270/2009 3152/267/125 3159/267/2114
f 3159/267/2114 3160/270/1959 3150/270/2009
f 3161/274/1973 3149/274/2008 3150/270/2009
f 3150/270/2009 3160/270/1959 3161/274/1973
f 3162/274/1972 3161/274/1973 3160/270/1959
f 3160/270/1959 3163/270/1967 3162/274/1972
f 3164/274/1971 3162/274/1972 3163/270/1967
f 3163/270/1967 3165/270/1968 3164/274/1971
f 3166/267/2115 3163/270/1967 3160/270/1959
f 3160/270/1959 3159/267/2114 3166/267/2115
f 3167/280/2116 3166/267/2115 3159/267/2114
f 3159/267/2114 3157/278/2112 3167/280/2116
f 3167/280/2116 3157/278/2112 3158/279/2113
f 3158/279/2113 3168/281/2117 3167/280/2116
f 3169/274/1970 3164/274/1971 3165/270/1968
f 3165/270/1968 3170/270/1969 3169/274/1970
f 3171/274/1974 3169/274/1970 3170/270/1969
f 3170/270/1969 3172/270/1975 3171/274/1974
f 3173/267/2118 3172/270/1975 3170/270/1969
f 3170/270/1969 3174/267/2119 3173/267/2118
f 3174/267/2119 3170/270/1969 3165/270/1968
f 3165/270/1968 3176/267/2121 3174/267/2119
f 3175/278/2120 3173/267/2118 3174/267/2119
f 3174/267/2119 3177/280/2122 3175/278/2120
f 3176/267/2121 3165/270/1968 3163/270/1967
f 3163/270/1967 3166/267/2115 3176/267/2121
f 3177/280/2122 3174/267/2119 3176/267/2121
f 3176/267/2121 3178/280/2123 3177/280/2122
f 3178/280/2123 3176/267/2121 3166/267/2115
f 3166/267/2115 3167/280/2116 3178/280/2123
f 3178/280/2123 3167/280/2116 3168/281/2117
f 3168/281/2117 3179/282/2124 3178/280/2123
f 3177/280/2122 3178/280/2123 3179/282/2124
f 3179/282/2124 3180/281/2125 3177/280/2122
f 3175/278/2120 3177/280/2122 3180/281/2125
f 3180/281/2125 3181/279/2126 3175/278/2120
f 3182/274/1976 3171/274/1974 3172/270/1975
f 3172/270/1975 3183/270/1977 3182/274/1976
f 3146/274/1987 3182/274/1976 3183/270/1977
f 3183/270/1977 3132/270/1986 3146/274/1987
f 3128/267/2096 3132/270/1986 3183/270/1977
f 3183/270/1977 3184/267/2127 3128/267/2096
f 3184/267/2127 3183/270/1977 3172/270/1975
f 3172/270/1975 3173/267/2118 3184/267/2127
f 3130/269/2098 3128/267/2096 3184/267/2127
f 3184/267/2127 3185/276/2128 3130/269/2098
f 3185/276/2128 3184/267/2127 3173/267/2118
f 3173/267/2118 3175/278/2120 3185/276/2128
f 3185/276/2128 3175/278/2120 3181/279/2126
f 3181/279/2126 3186/277/2129 3185/276/2128
f 3130/269/2098 3185/276/2128 3186/277/2129
f 3186/277/2129 3187/275/2130 3130/269/2098
f 3129/268/2097 3130/269/2098 3187/275/2130
f 3187/275/2130 3134/272/2101 3129/268/2097
f 3189/284/2132 3188/283/2131 3134/272/2101
f 3134/272/2101 3187/275/2130 3189/284/2132
f 3135/273/2102 3134/272/2101 3188/283/2131
f 3188/283/2131 3190/285/2133 3135/273/2102
f 3137/272/2104 3135/273/2102 3190/285/2133
f 3190/285/2133 3195/283/2138 3137/272/2104
f 3192/287/2135 3189/284/2132 3187/275/2130
f 3187/275/2130 3186/277/2129 3192/287/2135
f 3189/284/2132 3192/287/2135 3193/288/2136
f 3193/288/2136 3191/286/2134 3189/284/2132
f 3193/288/2136 3192/287/2135 3186/277/2129
f 3186/277/2129 3181/279/2126 3193/288/2136
f 3191/286/2134 3193/288/2136 3181/279/2126
f 3181/279/2126 3180/281/2125 3191/286/2134
f 3194/286/2137 3191/286/2134 3180/281/2125
f 3180/281/2125 3179/282/2124 3194/286/2137
f 3190/285/2133 3191/286/2134 3194/286/2137
f 3194/286/2137 3195/283/2138 3190/285/2133
f 3154/275/2109 3137/272/2104 3195/283/2138
f 3195/283/2138 3197/284/2140 3154/275/2109
f 3196/286/2139 3194/286/2137 3179/282/2124
f 3179/282/2124 3168/281/2117 3196/286/2139
f 3195/283/2138 3194/286/2137 3196/286/2139
f 3196/286/2139 3197/284/2140 3195/283/2138
f 3156/277/2111 3154/275/2109 3197/284/2140
f 3197/284/2140 3199/287/2142 3156/277/2111
f 3198/288/2141 3196/286/2139 3168/281/2117
f 3168/281/2117 3158/279/2113 3198/288/2141
f 3197/284/2140 3196/286/2139 3198/288/2141
f 3198/288/2141 3199/287/2142 3197/284/2140
f 3199/287/2142 3198/288/2141 3158/279/2113
f 3158/279/2113 3156/277/2111 3199/287/2142
f 3146/274/1987 3145/274/1988 3200/289/2143
f 3200/289/2143 3201/289/2036 3146/274/1987
f 3182/274/1976 3146/274/1987 3201/289/2036
f 3201/289/2036 3202/289/2037 3182/274/1976
f 3171/274/1974 3182/274/1976 3202/289/2037
f 3202/289/2037 3203/289/2035 3171/274/1974
f 3203/289/2035 3202/289/2037 3201/289/2036
f 3201/289/2036 3200/289/2143 3203/289/2035
f 3169/274/1970 3171/274/1974 3203/289/2035
f 3203/289/2035 3204/289/2144 3169/274/1970
f 3164/274/1971 3169/274/1970 3204/289/2144
f 3204/289/2144 3206/289/2031 3164/274/1971
f 3205/289/2032 3200/289/2143 3145/274/1988
f 3145/274/1988 3144/274/1990 3205/289/2032
f 3207/289/2145 3206/289/2031 3204/289/2144
f 3204/289/2144 3205/289/2032 3207/289/2145
f 3162/274/1972 3164/274/1971 3206/289/2031
f 3206/289/2031 3208/289/2093 3162/274/1972
f 3207/289/2145 3205/289/2032 3144/274/1990
f 3144/274/1990 3143/274/1995 3207/289/2145
f 3209/289/2029 3208/289/2093 3206/289/2031
f 3206/289/2031 3207/289/2145 3209/289/2029
f 3161/274/1973 3162/274/1972 3208/289/2093
f 3208/289/2093 3210/289/2027 3161/274/1973
f 3209/289/2029 3207/289/2145 3143/274/1995
f 3143/274/1995 3147/274/1997 3209/289/2029
f 3211/289/2028 3210/289/2027 3208/289/2093
f 3208/289/2093 3209/289/2029 3211/289/2028
f 3149/274/2008 3161/274/1973 3210/289/2027
f 3210/289/2027 3211/289/2028 3149/274/2008
f 3211/289/2028 3209/289/2029 3147/274/1997
f 3147/274/1997 3149/274/2008 3211/289/2028
f 3212/267/2038 3214/269/2040 3213/268/2039
f 3213/268/2039 3215/267/2041 3212/267/2038
f 3216/270/1996 3212/267/2038 3215/267/2041
f 3215/267/2041 3224/270/1998 3216/270/1996
f 3215/267/2041 3213/268/2039 3217/271/2042
f 3217/271/2042 3222/267/2047 3215/267/2041
f 3217/271/2042 3213/268/2039 3218/272/2043
f 3218/272/2043 3219/273/2044 3217/271/2042
f 3220/268/2045 3217/271/2042 3219/273/2044
f 3219/273/2044 3221/272/2046 3220/268/2045
f 3222/267/2047 3217/271/2042 3220/268/2045
f 3220/268/2045 3223/267/2048 3222/267/2047
f 3224/270/1998 3215/267/2041 3222/267/2047
f 3222/267/2047 3225/270/2009 3224/270/1998
f 3225/270/2009 3222/267/2047 3223/267/2048
f 3223/267/2048 3226/270/1959 3225/270/2009
f 3225/270/2009 3226/270/1959 3227/274/1973
f 3227/274/1973 3228/274/2008 3225/270/2009
f 3224/270/1998 3225/270/2009 3228/274/2008
f 3228/274/2008 3229/274/1997 3224/270/1998
f 3216/270/1996 3224/270/1998 3229/274/1997
f 3229/274/1997 3230/274/1995 3216/270/1996
f 3231/274/1972 3227/274/1973 3226/270/1959
f 3226/270/1959 3232/270/1967 3231/274/1972
f 3233/274/1971 3231/274/1972 3232/270/1967
f 3232/270/1967 3234/270/1968 3233/274/1971
f 3235/267/2049 3232/270/1967 3226/270/1959
f 3226/270/1959 3223/267/2048 3235/267/2049
f 3236/267/2050 3234/270/1968 3232/270/1967
f 3232/270/1967 3235/267/2049 3236/267/2050
f 3237/269/2051 3235/267/2049 3223/267/2048
f 3223/267/2048 3220/268/2045 3237/269/2051
f 3237/269/2051 3220/268/2045 3221/272/2046
f 3221/272/2046 3238/275/2052 3237/269/2051
f 3235/267/2049 3237/269/2051 3239/276/2053
f 3239/276/2053 3236/267/2050 3235/267/2049
f 3239/276/2053 3237/269/2051 3238/275/2052
f 3238/275/2052 3240/277/2054 3239/276/2053
f 3241/278/2055 3239/276/2053 3240/277/2054
f 3240/277/2054 3242/279/2056 3241/278/2055
f 3236/267/2050 3239/276/2053 3241/278/2055
f 3241/278/2055 3243/267/2057 3236/267/2050
f 3234/270/1968 3236/267/2050 3243/267/2057
f 3243/267/2057 3244/270/1969 3234/270/1968
f 3245/274/1970 3233/274/1971 3234/270/1968
f 3234/270/1968 3244/270/1969 3245/274/1970
f 3246/274/1974 3245/274/1970 3244/270/1969
f 3244/270/1969 3247/270/1975 3246/274/1974
f 3248/274/1976 3246/274/1974 3247/270/1975
f 3247/270/1975 3249/270/1977 3248/274/1976
f 3250/267/2058 3247/270/1975 3244/270/1969
f 3244/270/1969 3243/267/2057 3250/267/2058
f 3251/280/2059 3250/267/2058 3243/267/2057
f 3243/267/2057 3241/278/2055 3251/280/2059
f 3251/280/2059 3241/278/2055 3242/279/2056
f 3242/279/2056 3252/281/2060 3251/280/2059
f 3253/274/1987 3248/274/1976 3249/270/1977
f 3249/270/1977 3254/270/1986 3253/274/1987
f 3255/274/1988 3253/274/1987 3254/270/1986
f 3254/270/1986 3256/270/1989 3255/274/1988
f 3257/267/2061 3256/270/1989 3254/270/1986
f 3254/270/1986 3258/267/2062 3257/267/2061
f 3258/267/2062 3254/270/1986 3249/270/1977
f 3249/270/1977 3260/267/2064 3258/267/2062
f 3259/278/2063 3257/267/2061 3258/267/2062
f 3258/267/2062 3261/280/2065 3259/278/2063
f 3260/267/2064 3249/270/1977 3247/270/1975
f 3247/270/1975 3250/267/2058 3260/267/2064
f 3261/280/2065 3258/267/2062 3260/267/2064
f 3260/267/2064 3262/280/2066 3261/280/2065
f 3262/280/2066 3260/267/2064 3250/267/2058
f 3250/267/2058 3251/280/2059 3262/280/2066
f 3262/280/2066 3251/280/2059 3252/281/2060
f 3252/281/2060 3263/282/2067 3262/280/2066
f 3261/280/2065 3262/280/2066 3263/282/2067
f 3263/282/2067 3264/281/2068 3261/280/2065
f 3259/278/2063 3261/280/2065 3264/281/2068
f 3264/281/2068 3265/279/2069 3259/278/2063
f 3266/274/1990 3255/274/1988 3256/270/1989
f 3256/270/1989 3267/270/1991 3266/274/1990
f 3230/274/1995 3266/274/1990 3267/270/1991
f 3267/270/1991 3216/270/1996 3230/274/1995
f 3212/267/2038 3216/270/1996 3267/270/1991
f 3267/270/1991 3268/267/2070 3212/267/2038
f 3268/267/2070 3267/270/1991 3256/270/1989
f 3256/270/1989 3257/267/2061 3268/267/2070
f 3214/269/2040 3212/267/2038 3268/267/2070
f 3268/267/2070 3269/276/2071 3214/269/2040
f 3269/276/2071 3268/267/2070 3257/267/2061
f 3257/267/2061 3259/278/2063 3269/276/2071
f 3269/276/2071 3259/278/2063 3265/279/2069
f 3265/279/2069 3270/277/2072 3269/276/2071
f 3214/269/2040 3269/276/2071 3270/277/2072
f 3270/277/2072 3271/275/2073 3214/269/2040
f 3213/268/2039 3214/269/2040 3271/275/2073
f 3271/275/2073 3218/272/2043 3213/268/2039
f 3273/284/2075 3272/283/2074 3218/272/2043
f 3218/272/2043 3271/275/2073 3273/284/2075
f 3219/273/2044 3218/272/2043 3272/283/2074
f 3272/283/2074 3274/285/2076 3219/273/2044
f 3221/272/2046 3219/273/2044 3274/285/2076
f 3274/285/2076 3279/283/2081 3221/272/2046
f 3276/287/2078 3273/284/2075 3271/275/2073
f 3271/275/2073 3270/277/2072 3276/287/2078
f 3273/284/2075 3276/287/2078 3277/288/2079
f 3277/288/2079 3275/286/2077 3273/284/2075
f 3277/288/2079 3276/287/2078 3270/277/2072
f 3270/277/2072 3265/279/2069 3277/288/2079
f 3275/286/2077 3277/288/2079 3265/279/2069
f 3265/279/2069 3264/281/2068 3275/286/2077
f 3278/286/2080 3275/286/2077 3264/281/2068
f 3264/281/2068 3263/282/2067 3278/286/2080
f 3274/285/2076 3275/286/2077 3278/286/2080
f 3278/286/2080 3279/283/2081 3274/285/2076
f 3238/275/2052 3221/272/2046 3279/283/2081
f 3279/283/2081 3281/284/2083 3238/275/2052
f 3280/286/2082 3278/286/2080 3263/282/2067
f 3263/282/2067 3252/281/2060 3280/286/2082
f 3279/283/2081 3278/286/2080 3280/286/2082
f 3280/286/2082 3281/284/2083 3279/283/2081
f 3240/277/2054 3238/275/2052 3281/284/2083
f 3281/284/2083 3283/287/2085 3240/277/2054
f 3282/288/2084 3280/286/2082 3252/281/2060
f 3252/281/2060 3242/279/2056 3282/288/2084
f 3281/284/2083 3280/286/2082 3282/288/2084
f 3282/288/2084 3283/287/2085 3281/284/2083
f 3283/287/2085 3282/288/2084 3242/279/2056
f 3242/279/2056 3240/277/2054 3283/287/2085
f 3230/274/1995 3229/274/1997 3284/289/2086
f 3284/289/2086 3285/289/2087 3230/274/1995
f 3266/274/1990 3230/274/1995 3285/289/2087
f 3285/289/2087 3286/289/2088 3266/274/1990
f 3255/274/1988 3266/274/1990 3286/289/2088
f 3286/289/2088 3287/289/2034 3255/274/1988
f 3287/289/2034 3286/289/2088 3285/289/2087
f 3285/289/2087 3284/289/2086 3287/289/2034
f 3253/274/1987 3255/274/1988 3287/289/2034
f 3287/289/2034 3288/289/2089 3253/274/1987
f 3248/274/1976 3253/274/1987 3288/289/2089
f 3288/289/2089 3290/289/2091 3248/274/1976
f 3289/289/2090 3284/289/2086 3229/274/1997
f 3229/274/1997 3228/274/2008 3289/289/2090
f 3291/289/2092 3290/289/2091 3288/289/2089
f 3288/289/2089 3289/289/2090 3291/289/2092
f 3246/274/1974 3248/274/1976 3290/289/2091
f 3290/289/2091 3292/289/2035 3246/274/1974
f 3291/289/2092 3289/289/2090 3228/274/2008
f 3228/274/2008 3227/274/1973 3291/289/2092
f 3293/289/2093 3292/289/2035 3290/289/2091
f 3290/289/2091 3291/289/2092 3293/289/2093
f 3245/274/1970 3246/274/1974 3292/289/2035
f 3292/289/2035 3294/289/2094 3245/274/1970
f 3293/289/2093 3291/289/2092 3227/274/1973
f 3227/274/1973 3231/274/1972 3293/289/2093
f 3295/289/2095 3294/289/2094 3292/289/2035
f 3292/289/2035 3293/289/2093 3295/289/2095
f 3233/274/1971 3245/274/1970 3294/289/2094
f 3294/289/2094 3295/289/2095 3233/274/1971
f 3295/289/2095 3293/289/2093 3231/274/1972
f 3231/274/1972 3233/274/1971 3295/289/2095
f 3296/267/2096 3298/269/2098 3297/268/2097
f 3297/268/2097 3299/267/2099 3296/267/2096
f 3300/270/1986 3296/267/2096 3299/267/2099
f 3299/267/2099 3308/270/1989 3300/270/1986
f 3299/267/2099 3297/268/2097 3301/271/2100
f 3301/271/2100 3306/267/2105 3299/267/2099
f 3301/271/2100 3297/268/2097 3302/272/2101
f 3302/272/2101 3303/273/2102 3301/271/2100
f 3304/268/2103 3301/271/2100 3303/273/2102
f 3303/273/2102 3305/272/2104 3304/268/2103
f 3306/267/2105 3301/271/2100 3304/268/2103
f 3304/268/2103 3307/267/2106 3306/267/2105
f 3308/270/1989 3299/267/2099 3306/267/2105
f 3306/267/2105 3309/270/1991 3308/270/1989
f 3309/270/1991 3306/267/2105 3307/267/2106
f 3307/267/2106 3310/270/1996 3309/270/1991
f 3309/270/1991 3310/270/1996 3311/274/1995
f 3311/274/1995 3312/274/1990 3309/270/1991
f 3308/270/1989 3309/270/1991 3312/274/1990
f 3312/274/1990 3313/274/1988 3308/270/1989
f 3300/270/1986 3308/270/1989 3313/274/1988
f 3313/274/1988 3314/274/1987 3300/270/1986
f 3315/274/1997 3311/274/1995 3310/270/1996
f 3310/270/1996 3316/270/1998 3315/274/1997
f 3317/274/2008 3315/274/1997 3316/270/1998
f 3316/270/1998 3318/270/2009 3317/274/2008
f 3319/267/2107 3316/270/1998 3310/270/1996
f 3310/270/1996 3307/267/2106 3319/267/2107
f 3320/267/125 3318/270/2009 3316/270/1998
f 3316/270/1998 3319/267/2107 3320/267/125
f 3321/269/2108 3319/267/2107 3307/267/2106
f 3307/267/2106 3304/268/2103 3321/269/2108
f 3321/269/2108 3304/268/2103 3305/272/2104
f 3305/272/2104 3322/275/2109 3321/269/2108
f 3319/267/2107 3321/269/2108 3323/276/2110
f 3323/276/2110 3320/267/125 3319/267/2107
f 3323/276/2110 3321/269/2108 3322/275/2109
f 3322/275/2109 3324/277/2111 3323/276/2110
f 3325/278/2112 3323/276/2110 3324/277/2111
f 3324/277/2111 3326/279/2113 3325/278/2112
f 3320/267/125 3323/276/2110 3325/278/2112
f 3325/278/2112 3327/267/2114 3320/267/125
f 3318/270/2009 3320/267/125 3327/267/2114
f 3327/267/2114 3328/270/1959 3318/270/2009
f 3329/274/1973 3317/274/2008 3318/270/2009
f 3318/270/2009 3328/270/1959 3329/274/1973
f 3330/274/1972 3329/274/1973 3328/270/1959
f 3328/270/1959 3331/270/1967 3330/274/1972
f 3332/274/1971 3330/274/1972 3331/270/1967
f 3331/270/1967 3333/270/1968 3332/274/1971
f 3334/267/2115 3331/270/1967 3328/270/1959
f 3328/270/1959 3327/267/2114 3334/267/2115
f 3335/280/2116 3334/267/2115 3327/267/2114
f 3327/267/2114 3325/278/2112 3335/280/2116
f 3335/280/2116 3325/278/2112 3326/279/2113
f 3326/279/2113 3336/281/2117 3335/280/2116
f 3337/274/1970 3332/274/1971 3333/270/1968
f 3333/270/1968 3338/270/1969 3337/274/1970
f 3339/274/1974 3337/274/1970 3338/270/1969
f 3338/270/1969 3340/270/1975 3339/274/1974
f 3341/267/2118 3340/270/1975 3338/270/1969
f 3338/270/1969 3342/267/2119 3341/267/2118
f 3342/267/2119 3338/270/1969 3333/270/1968
f 3333/270/1968 3344/267/2121 3342/267/2119
f 3343/278/2120 3341/267/2118 3342/267/2119
f 3342/267/2119 3345/280/2122 3343/278/2120
f 3344/267/2121 3333/270/1968 3331/270/1967
f 3331/270/1967 3334/267/2115 3344/267/2121
f 3345/280/2122 3342/267/2119 3344/267/2121
f 3344/267/2121 3346/280/2123 3345/280/2122
f 3346/280/2123 3344/267/2121 3334/267/2115
f 3334/267/2115 3335/280/2116 3346/280/2123
f 3346/280/2123 3335/280/2116 3336/281/2117
f 3336/281/2117 3347/282/2124 3346/280/2123
f 3345/280/2122 3346/280/2123 3347/282/2124
f 3347/282/2124 3348/281/2125 3345/280/2122
f 3343/278/2120 3345/280/2122 3348/281/2125
f 3348/281/2125 3349/279/2126 3343/278/2120
f 3350/274/1976 3339/274/1974 3340/270/1975
f 3340/270/1975 3351/270/1977 3350/274/1976
f 3314/274/1987 3350/274/1976 3351/270/1977
f 3351/270/1977 3300/270/1986 3314/274/1987
f 3296/267/2096 3300/270/1986 3351/270/1977
f 3351/270/1977 3352/267/2127 3296/267/2096
f 3352/267/2127 3351/270/1977 3340/270/1975
f 3340/270/1975 3341/267/2118 3352/267/2127
f 3298/269/2098 3296/267/2096 3352/267/2127
f 3352/267/2127 3353/276/2128 3298/269/2098
f 3353/276/2128 3352/267/2127 3341/267/2118
f 3341/267/2118 3343/278/2120 3353/276/2128
f 3353/276/2128 3343/278/2120 3349/279/2126
f 3349/279/2126 3354/277/2129 3353/276/2128
f 3298/269/2098 3353/276/2128 3354/277/2129
f 3354/277/2129 3355/275/2130 3298/269/2098
f 3297/268/2097 3298/269/2098 3355/275/2130
f 3355/275/2130 3302/272/2101 3297/268/2097
f 3357/284/2132 3356/283/2131 3302/272/2101
f 3302/272/2101 3355/275/2130 3357/284/2132
f 3303/273/2102 3302/272/2101 3356/283/2131
f 3356/283/2131 3358/285/2133 3303/273/2102
f 3305/272/2104 3303/273/2102 3358/285/2133
f 3358/285/2133 3363/283/2138 3305/272/2104
f 3360/287/2135 3357/284/2132 3355/275/2130
f 3355/275/2130 3354/277/2129 3360/287/2135
f 3357/284/2132 3360/287/2135 3361/288/2136
f 3361/288/2136 3359/286/2134 3357/284/2132
f 3361/288/2136 3360/287/2135 3354/277/2129
f 3354/277/2129 3349/279/2126 3361/288/2136
f 3359/286/2134 3361/288/2136 3349/279/2126
f 3349/279/2126 3348/281/2125 3359/286/2134
f 3362/286/2137 3359/286/2134 3348/281/2125
f 3348/281/2125 3347/282/2124 3362/286/2137
f 3358/285/2133 3359/286/2134 3362/286/2137
f 3362/286/2137 3363/283/2138 3358/285/2133
f 3322/275/2109 3305/272/2104 3363/283/2138
f 3363/283/2138 3365/284/2140 3322/275/2109
f 3364/286/2139 3362/286/2137 3347/282/2124
f 3347/282/2124 3336/281/2117 3364/286/2139
f 3363/283/2138 3362/286/2137 3364/286/2139
f 3364/286/2139 3365/284/2140 3363/283/2138
f 3324/277/2111 3322/275/2109 3365/284/2140
f 3365/284/2140 3367/287/2142 3324/277/2111
f 3366/288/2141 3364/286/2139 3336/281/2117
f 3336/281/2117 3326/279/2113 3366/288/2141
f 3365/284/2140 3364/286/2139 3366/288/2141
f 3366/288/2141 3367/287/2142 3365/284/2140
f 3367/287/2142 3366/288/2141 3326/279/2113
f 3326/279/2113 3324/277/2111 3367/287/2142
f 3314/274/1987 3313/274/1988 3368/289/2143
f 3368/289/2143 3369/289/2036 3314/274/1987
f 3350/274/1976 3314/274/1987 3369/289/2036
f 3369/289/2036 3370/289/2037 3350/274/1976
f 3339/274/1974 3350/274/1976 3370/289/2037
f 3370/289/2037 3371/289/2035 3339/274/1974
f 3371/289/2035 3370/289/2037 3369/289/2036
f 3369/289/2036 3368/289/2143 3371/289/2035
f 3337/274/1970 3339/274/1974 3371/289/2035
f 3371/289/2035 3372/289/2144 3337/274/1970
f 3332/274/1971 3337/274/1970 3372/289/2144
f 3372/289/2144 3374/289/2031 3332/274/1971
f 3373/289/2032 3368/289/2143 3313/274/1988
f 3313/274/1988 3312/274/1990 3373/289/2032
f 3375/289/2145 3374/289/2031 3372/289/2144
f 3372/289/2144 3373/289/2032 3375/289/2145
f 3330/274/1972 3332/274/1971 3374/289/2031
f 3374/289/2031 3376/289/2093 3330/274/1972
f 3375/289/2145 3373/289/2032 3312/274/1990
f 3312/274/1990 3311/274/1995 3375/289/2145
f 3377/289/2029 3376/289/2093 3374/289/2031
f 3374/289/2031 3375/289/2145 3377/289/2029
f 3329/274/1973 3330/274/1972 3376/289/2093
f 3376/289/2093 3378/289/2027 3329/274/1973
f 3377/289/2029 3375/289/2145 3311/274/1995
f 3311/274/1995 3315/274/1997 3377/289/2029
f 3379/289/2028 3378/289/2027 3376/289/2093
f 3376/289/2093 3377/289/2029 3379/289/2028
f 3317/274/2008 3329/274/1973 3378/289/2027
f 3378/289/2027 3379/289/2028 3317/274/2008
f 3379/289/2028 3377/289/2029 3315/274/1997
f 3315/274/1997 3317/274/2008 3379/289/2028
f 3380/267/2038 3382/269/2040 3381/268/2039
f 3381/268/2039 3383/267/2041 3380/267/2038
f 3384/270/1996 3380/267/2038 3383/267/2041
f 3383/267/2041 3392/270/1998 3384/270/1996
f 3383/267/2041 3381/268/2039 3385/271/2042
f 3385/271/2042 3390/267/2047 3383/267/2041
f 3385/271/2042 3381/268/2039 3386/272/2043
f 3386/272/2043 3387/273/2044 3385/271/2042
f 3388/268/2045 3385/271/2042 3387/273/2044
f 3387/273/2044 3389/272/2046 3388/268/2045
f 3390/267/2047 3385/271/2042 3388/268/2045
f 3388/268/2045 3391/267/2048 3390/267/2047
f 3392/270/1998 3383/267/2041 3390/267/2047
f 3390/267/2047 3393/270/2009 3392/270/1998
f 3393/270/2009 3390/267/2047 3391/267/2048
f 3391/267/2048 3394/270/1959 3393/270/2009
f 3393/270/2009 3394/270/1959 3395/274/1973
f 3395/274/1973 3396/274/2008 3393/270/2009
f 3392/270/1998 3393/270/2009 3396/274/2008
f 3396/274/2008 3397/274/1997 3392/270/1998
f 3384/270/1996 3392/270/1998 3397/274/1997
f 3397/274/1997 3398/274/1995 3384/270/1996
f 3399/274/1972 3395/274/1973 3394/270/1959
f 3394/270/1959 3400/270/1967 3399/274/1972
f 3401/274/1971 3399/274/1972 3400/270/1967
f 3400/270/1967 3402/270/1968 3401/274/1971
f 3403/267/2049 3400/270/1967 3394/270/1959
f 3394/270/1959 3391/267/2048 3403/267/2049
f 3404/267/2050 3402/270/1968 3400/270/1967
f 3400/270/1967 3403/267/2049 3404/267/2050
f 3405/269/2051 3403/267/2049 3391/267/2048
f 3391/267/2048 3388/268/2045 3405/269/2051
f 3405/269/2051 3388/268/2045 3389/272/2046
f 3389/272/2046 3406/275/2052 3405/269/2051
f 3403/267/2049 3405/269/2051 3407/276/2053
f 3407/276/2053 3404/267/2050 3403/267/2049
f 3407/276/2053 3405/269/2051 3406/275/2052
f 3406/275/2052 3408/277/2054 3407/276/2053
f 3409/278/2055 3407/276/2053 3408/277/2054
f 3408/277/2054 3410/279/2056 3409/278/2055
f 3404/267/2050 3407/276/2053 3409/278/2055
f 3409/278/2055 3411/267/2057 3404/267/2050
f 3402/270/1968 3404/267/2050 3411/267/2057
f 3411/267/2057 3412/270/1969 3402/270/1968
f 3413/274/1970 3401/274/1971 3402/270/1968
f 3402/270/1968 3412/270/1969 3413/274/1970
f 3414/274/1974 3413/274/1970 3412/270/1969
f 3412/270/1969 3415/270/1975 3414/274/1974
f 3416/274/1976 3414/274/1974 3415/270/1975
f 3415/270/1975 3417/270/1977 3416/274/1976
f 3418/267/2058 3415/270/1975 3412/270/1969
f 3412/270/1969 3411/267/2057 3418/267/2058
f 3419/280/2059 3418/267/2058 3411/267/2057
f 3411/267/2057 3409/278/2055 3419/280/2059
f 3419/280/2059 3409/278/2055 3410/279/2056
f 3410/279/2056 3420/281/2060 3419/280/2059
f 3421/274/1987 3416/274/1976 3417/270/1977
f 3417/270/1977 3422/270/1986 3421/274/1987
f 3423/274/1988 3421/274/1987 3422/270/1986
f 3422/270/1986 3424/270/1989 3423/274/1988
f 3425/267/2061 3424/270/1989 3422/270/1986
f 3422/270/1986 3426/267/2062 3425/267/2061
f 3426/267/2062 3422/270/1986 3417/270/1977
f 3417/270/1977 3428/267/2064 3426/267/2062
f 3427/278/2063 3425/267/2061 3426/267/2062
f 3426/267/2062 3429/280/2065 3427/278/2063
f 3428/267/2064 3417/270/1977 3415/270/1975
f 3415/270/1975 3418/267/2058 3428/267/2064
f 3429/280/2065 3426/267/2062 3428/267/2064
f 3428/267/2064 3430/280/2066 3429/280/2065
f 3430/280/2066 3428/267/2064 3418/267/2058
f 3418/267/2058 3419/280/2059 3430/280/2066
f 3430/280/2066 3419/280/2059 3420/281/2060
f 3420/281/2060 3431/282/2067 3430/280/2066
f 3429/280/2065 3430/280/2066 3431/282/2067
f 3431/282/2067 3432/281/2068 3429/280/2065
f 3427/278/2063 3429/280/2065 3432/281/2068
f 3432/281/2068 3433/279/2069 3427/278/2063
f 3434/274/1990 3423/274/1988 3424/270/1989
f 3424/270/1989 3435/270/1991 3434/274/1990
f 3398/274/1995 3434/274/1990 3435/270/1991
f 3435/270/1991 3384/270/1996 3398/274/1995
f 3380/267/2038 3384/270/1996 3435/270/1991
f 3435/270/1991 3436/267/2070 3380/267/2038
f 3436/267/2070 3435/270/1991 3424/270/1989
f 3424/270/1989 3425/267/2061 3436/267/2070
f 3382/269/2040 3380/267/2038 3436/267/2070
f 3436/267/2070 3437/276/2071 3382/269/2040
f 3437/276/2071 3436/267/2070 3425/267/2061
f 3425/267/2061 3427/278/2063 3437/276/2071
f 3437/276/2071 3427/278/2063 3433/279/2069
f 3433/279/2069 3438/277/2072 3437/276/2071
f 3382/269/2040 3437/276/2071 3438/277/2072
f 3438/277/2072 3439/275/2073 3382/269/2040
f 3381/268/2039 3382/269/2040 3439/275/2073
f 3439/275/2073 3386/272/2043 3381/268/2039
f 3441/284/2075 3440/283/2074 3386/272/2043
f 3386/272/2043 3439/275/2073 3441/284/2075
f 3387/273/2044 3386/272/2043 3440/283/2074
f 3440/283/2074 3442/285/2076 3387/273/2044
f 3389/272/2046 3387/273/2044 3442/285/2076
f 3442/285/2076 3447/283/2081 3389/272/2046
f 3444/287/2078 3441/284/2075 3439/275/2073
f 3439/275/2073 3438/277/2072 3444/287/2078
f 3441/284/2075 3444/287/2078 3445/288/2079
f 3445/288/2079 3443/286/2077 3441/284/2075
f 3445/288/2079 3444/287/2078 3438/277/2072
f 3438/277/2072 3433/279/2069 3445/288/2079
f 3443/286/2077 3445/288/2079 3433/279/2069
f 3433/279/2069 3432/281/2068 3443/286/2077
f 3446/286/2080 3443/286/2077 3432/281/2068
f 3432/281/2068 3431/282/2067 3446/286/2080
f 3442/285/2076 3443/286/2077 3446/286/2080
f 3446/286/2080 3447/283/2081 3442/285/2076
f 3406/275/2052 3389/272/2046 3447/283/2081
f 3447/283/2081 3449/284/2083 3406/275/2052
f 3448/286/2082 3446/286/2080 3431/282/2067
f 3431/282/2067 3420/281/2060 3448/286/2082
f 3447/283/2081 3446/286/2080 3448/286/2082
f 3448/286/2082 3449/284/2083 3447/283/2081
f 3408/277/2054 3406/275/2052 3449/284/2083
f 3449/284/2083 3451/287/2085 3408/277/2054
f 3450/288/2084 3448/286/2082 3420/281/2060
f 3420/281/2060 3410/279/2056 3450/288/2084
f 3449/284/2083 3448/286/2082 3450/288/2084
f 3450/288/2084 3451/287/2085 3449/284/2083
f 3451/287/2085 3450/288/2084 3410/279/2056
f 3410/279/2056 3408/277/2054 3451/287/2085
f 3398/274/1995 3397/274/1997 3452/289/2086
f 3452/289/2086 3453/289/2087 3398/274/1995
f 3434/274/1990 3398/274/1995 3453/289/2087
f 3453/289/2087 3454/289/2088 3434/274/1990
f 3423/274/1988 3434/274/1990 3454/289/2088
f 3454/289/2088 3455/289/2034 3423/274/1988
f 3455/289/2034 3454/289/2088 3453/289/2087
f 3453/289/2087 3452/289/2086 3455/289/2034
f 3421/274/1987 3423/274/1988 3455/289/2034
f 3455/289/2034 3456/289/2089 3421/274/1987
f 3416/274/1976 3421/274/1987 3456/289/2089
f 3456/289/2089 3458/289/2091 3416/274/1976
f 3457/289/2090 3452/289/2086 3397/274/1997
f 3397/274/1997 3396/274/2008 3457/289/2090
f 3459/289/2092 3458/289/2091 3456/289/2089
f 3456/289/2089 3457/289/2090 3459/289/2092
f 3414/274/1974 3416/274/1976 3458/289/2091
f 3458/289/2091 3460/289/2035 3414/274/1974
f 3459/289/2092 3457/289/2090 3396/274/2008
f 3396/274/2008 3395/274/1973 3459/289/2092
f 3461/289/2093 3460/289/2035 3458/289/2091
f 3458/289/2091 3459/289/2092 3461/289/2093
f 3413/274/1970 3414/274/1974 3460/289/2035
f 3460/289/2035 3462/289/2094 3413/274/1970
f 3461/289/2093 3459/289/2092 3395/274/1973
f 3395/274/1973 3399/274/1972 3461/289/2093
f 3463/289/2095 3462/289/2094 3460/289/2035
f 3460/289/2035 3461/289/2093 3463/289/2095
f 3401/274/1971 3413/274/1970 3462/289/2094
f 3462/289/2094 3463/289/2095 3401/274/1971
f 3463/289/2095 3461/289/2093 3399/274/1972
f 3399/274/1972 3401/274/1971 3463/289/2095
f 3464/267/2096 3466/269/2098 3465/268/2097
f 3465/268/2097 3467/267/2099 3464/267/2096
f 3468/270/1986 3464/267/2096 3467/267/2099
f 3467/267/2099 3476/270/1989 3468/270/1986
f 3467/267/2099 3465/268/2097 3469/271/2100
f 3469/271/2100 3474/267/2105 3467/267/2099
f 3469/271/2100 3465/268/2097 3470/272/2101
f 3470/272/2101 3471/273/2102 3469/271/2100
f 3472/268/2103 3469/271/2100 3471/273/2102
f 3471/273/2102 3473/272/2104 3472/268/2103
f 3474/267/2105 3469/271/2100 3472/268/2103
f 3472/268/2103 3475/267/2106 3474/267/2105
f 3476/270/1989 3467/267/2099 3474/267/2105
f 3474/267/2105 3477/270/1991 3476/270/1989
f 3477/270/1991 3474/267/2105 3475/267/2106
f 3475/267/2106 3478/270/1996 3477/270/1991
f 3477/270/1991 3478/270/1996 3479/274/1995
f 3479/274/1995 3480/274/1990 3477/270/1991
f 3476/270/1989 3477/270/1991 3480/274/1990
f 3480/274/1990 3481/274/1988 3476/270/1989
f 3468/270/1986 3476/270/1989 3481/274/1988
f 3481/274/1988 3482/274/1987 3468/270/1986
f 3483/274/1997 3479/274/1995 3478/270/1996
f 3478/270/1996 3484/270/1998 3483/274/1997
f 3485/274/2008 3483/274/1997 3484/270/1998
f 3484/270/1998 3486/270/2009 3485/274/2008
f 3487/267/2107 3484/270/1998 3478/270/1996
f 3478/270/1996 3475/267/2106 3487/267/2107
f 3488/267/125 3486/270/2009 3484/270/1998
f 3484/270/1998 3487/267/2107 3488/267/125
f 3489/269/2108 3487/267/2107 3475/267/2106
f 3475/267/2106 3472/268/2103 3489/269/2108
f 3489/269/2108 3472/268/2103 3473/272/2104
f 3473/272/2104 3490/275/2109 3489/269/2108
f 3487/267/2107 3489/269/2108 3491/276/2110
f 3491/276/2110 3488/267/125 3487/267/2107
f 3491/276/2110 3489/269/2108 3490/275/2109
f 3490/275/2109 3492/277/2111 3491/276/2110
f 3493/278/2112 3491/276/2110 3492/277/2111
f 3492/277/2111 3494/279/2113 3493/278/2112
f 3488/267/125 3491/276/2110 3493/278/2112
f 3493/278/2112 3495/267/2114 3488/267/125
f 3486/270/2009 3488/267/125 3495/267/2114
f 3495/267/2114 3496/270/1959 3486/270/2009
f 3497/274/1973 3485/274/2008 3486/270/2009
f 3486/270/2009 3496/270/1959 3497/274/1973
f 3498/274/1972 3497/274/1973 3496/270/1959
f 3496/270/1959 3499/270/1967 3498/274/1972
f 3500/274/1971 3498/274/1972 3499/270/1967
f 3499/270/1967 3501/270/1968 3500/274/1971
f 3502/267/2115 3499/270/1967 3496/270/1959
f 3496/270/1959 3495/267/2114 3502/267/2115
f 3503/280/2116 3502/267/2115 3495/267/2114
f 3495/267/2114 3493/278/2112 3503/280/2116
f 3503/280/2116 3493/278/2112 3494/279/2113
f 3494/279/2113 3504/281/2117 3503/280/2116
f 3505/274/1970 3500/274/1971 3501/270/1968
f 3501/270/1968 3506/270/1969 3505/274/1970
f 3507/274/1974 3505/274/1970 3506/270/1969
f 3506/270/1969 3508/270/1975 3507/274/1974
f 3509/267/2118 3508/270/1975 3506/270/1969
f 3506/270/1969 3510/267/2119 3509/267/2118
f 3510/267/2119 3506/270/1969 3501/270/1968
f 3501/270/1968 3512/267/2121 3510/267/2119
f 3511/278/2120 3509/267/2118 3510/267/2119
f 3510/267/2119 3513/280/2122 3511/278/2120
f 3512/267/2121 3501/270/1968 3499/270/1967
f 3499/270/1967 3502/267/2115 3512/267/2121
f 3513/280/2122 3510/267/2119 3512/267/2121
f 3512/267/2121 3514/280/2123 3513/280/2122
f 3514/280/2123 3512/267/2121 3502/267/2115
f 3502/267/2115 3503/280/2116 3514/280/2123
f 3514/280/2123 3503/280/2116 3504/281/2117
f 3504/281/2117 3515/282/2124 3514/280/2123
f 3513/280/2122 3514/280/2123 3515/282/2124
f 3515/282/2124 3516/281/2125 3513/280/2122
f 3511/278/2120 3513/280/2122 3516/281/2125
f 3516/281/2125 3517/279/2126 3511/278/2120
f 3518/274/1976 3507/274/1974 3508/270/1975
f 3508/270/1975 3519/270/1977 3518/274/1976
f 3482/274/1987 3518/274/1976 3519/270/1977
f 3519/270/1977 3468/270/1986 3482/274/1987
f 3464/267/2096 3468/270/1986 3519/270/1977
f 3519/270/1977 3520/267/2127 3464/267/2096
f 3520/267/2127 3519/270/1977 3508/270/1975
f 3508/270/1975 3509/267/2118 3520/267/2127
f 3466/269/2098 3464/267/2096 3520/267/2127
f 3520/267/2127 3521/276/2128 3466/269/2098
f 3521/276/2128 3520/267/2127 3509/267/2118
f 3509/267/2118 3511/278/2120 3521/276/2128
f 3521/276/2128 3511/278/2120 3517/279/2126
f 3517/279/2126 3522/277/2129 3521/276/2128
f 3466/269/2098 3521/276/2128 3522/277/2129
f 3522/277/2129 3523/275/2130 3466/269/2098
f 3465/268/2097 3466/269/2098 3523/275/2130
f 3523/275/2130 3470/272/2101 3465/268/2097
f 3525/284/2132 3524/283/2131 3470/272/2101
f 3470/272/2101 3523/275/2130 3525/284/2132
f 3471/273/2102 3470/272/2101 3524/283/2131
f 3524/283/2131 3526/285/2133 3471/273/2102
f 3473/272/2104 3471/273/2102 3526/285/2133
f 3526/285/2133 3531/283/2138 3473/272/2104
f 3528/287/2135 3525/284/2132 3523/275/2130
f 3523/275/2130 3522/277/2129 3528/287/2135
f 3525/284/2132 3528/287/2135 3529/288/2136
f 3529/288/2136 3527/286/2134 3525/284/2132
f 3529/288/2136 3528/287/2135 3522/277/2129
f 3522/277/2129 3517/279/2126 3529/288/2136
f 3527/286/2134 3529/288/2136 3517/279/2126
f 3517/279/2126 3516/281/2125 3527/286/2134
f 3530/286/2137 3527/286/2134 3516/281/2125
f 3516/281/2125 3515/282/2124 3530/286/2137
f 3526/285/2133 3527/286/2134 3530/286/2137
f 3530/286/2137 3531/283/2138 3526/285/2133
f 3490/275/2109 3473/272/2104 3531/283/2138
f 3531/283/2138 3533/284/2140 3490/275/2109
f 3532/286/2139 3530/286/2137 3515/282/2124
f 3515/282/2124 3504/281/2117 3532/286/2139
f 3531/283/2138 3530/286/2137 3532/286/2139
f 3532/286/2139 3533/284/2140 3531/283/2138
f 3492/277/2111 3490/275/2109 3533/284/2140
f 3533/284/2140 3535/287/2142 3492/277/2111
f 3534/288/2141 3532/286/2139 3504/281/2117
f 3504/281/2117 3494/279/2113 3534/288/2141
f 3533/284/2140 3532/286/2139 3534/288/2141
f 3534/288/2141 3535/287/2142 3533/284/2140
f 3535/287/2142 3534/288/2141 3494/279/2113
f 3494/279/2113 3492/277/2111 3535/287/2142
f 3482/274/1987 3481/274/1988 3536/289/2143
f 3536/289/2143 3537/289/2036 3482/274/1987
f 3518/274/1976 3482/274/1987 3537/289/2036
f 3537/289/2036 3538/289/2037 3518/274/1976
f 3507/274/1974 3518/274/1976 3538/289/2037
f 3538/289/2037 3539/289/2035 3507/274/1974
f 3539/289/2035 3538/289/2037 3537/289/2036
f 3537/289/2036 3536/289/2143 3539/289/2035
f 3505/274/1970 3507/274/1974 3539/289/2035
f 3539/289/2035 3540/289/2144 3505/274/1970
f 3500/274/1971 3505/274/1970 3540/289/2144
f 3540/289/2144 3542/289/2031 3500/274/1971
f 3541/289/2032 3536/289/2143 3481/274/1988
f 3481/274/1988 3480/274/1990 3541/289/2032
f 3543/289/2145 3542/289/2031 3540/289/2144
f 3540/289/2144 3541/289/2032 3543/289/2145
f 3498/274/1972 3500/274/1971 3542/289/2031
f 3542/289/2031 3544/289/2093 3498/274/1972
f 3543/289/2145 3541/289/2032 3480/274/1990
f 3480/274/1990 3479/274/1995 3543/289/2145
f 3545/289/2029 3544/289/2093 3542/289/2031
f 3542/289/2031 3543/289/2145 3545/289/2029
f 3497/274/1973 3498/274/1972 3544/289/2093
f 3544/289/2093 3546/289/2027 3497/274/1973
f 3545/289/2029 3543/289/2145 3479/274/1995
f 3479/274/1995 3483/274/1997 3545/289/2029
f 3547/289/2028 3546/289/2027 3544/289/2093
f 3544/289/2093 3545/289/2029 3547/289/2028
f 3485/274/2008 3497/274/1973 3546/289/2027
f 3546/289/2027 3547/289/2028 3485/274/2008
f 3547/289/2028 3545/289/2029 3483/274/1997
f 3483/274/1997 3485/274/2008 3547/289/2028
f 3554/9/2147 3553/291/2147 3552/290/2146
f 3552/290/2146 3555/7/2146 3554/9/2147
f 3554/9/2147 3555/7/2146 3556/7/2146
f 3556/7/2146 3557/9/2147 3554/9/2147
f 3558/292/2148 3553/292/2147 3554/25/2147
f 3554/25/2147 3559/25/2148 3558/292/2148
f 3559/25/2148 3554/25/2147 3557/25/2147
f 3557/25/2147 3560/25/2148 3559/25/2148
f 3562/292/2147 3561/292/2148 3560/25/2148
f 3560/25/2148 3557/25/2147 3562/292/2147
f 3563/12/2149 3565/13/323 3564/1/35
f 3564/1/35 3566/1/2150 3563/12/2149
f 3566/1/2150 3564/1/35 3567/3/40
f 3567/3/40 3570/3/2153 3566/1/2150
f 3563/12/2149 3566/1/2150 3568/24/2151
f 3568/24/2151 3569/14/2152 3563/12/2149
f 3570/3/2153 3567/3/40 3571/13/131
f 3571/13/131 3572/12/2154 3570/3/2153
f 3570/3/2153 3572/12/2154 3573/28/2155
f 3573/28/2155 3574/20/2156 3570/3/2153
f 3575/5/2157 3577/5/2159 3576/12/2158
f 3576/12/2158 3578/12/2160 3575/5/2157
f 3575/5/2157 3578/12/2160 3579/28/2161
f 3579/28/2161 3580/34/2162 3575/5/2157
f 3581/12/2163 3548/12/107 3551/12/138
f 3551/12/138 3582/12/2164 3581/12/2163
f 3581/12/2163 3582/12/2164 3583/29/2165
f 3583/29/2165 3584/15/2166 3581/12/2163
f 3585/12/2167 3550/13/150 3586/1/2168
f 3586/1/2168 3587/1/2169 3585/12/2167
f 3587/1/2169 3586/1/2168 3588/1/105
f 3588/1/105 3589/1/2170 3587/1/2169
f 3589/1/2170 3588/1/105 3548/12/107
f 3548/12/107 3581/12/2163 3589/1/2170
f 3589/1/2170 3581/12/2163 3584/15/2166
f 3584/15/2166 3590/16/2171 3589/1/2170
f 3578/12/2160 3592/1/2173 3593/24/2174
f 3593/24/2174 3579/28/2161 3578/12/2160
f 3592/1/2173 3591/1/2172 3594/1/2175
f 3594/1/2175 3595/1/2176 3592/1/2173
f 3596/24/2177 3594/1/2175 3591/1/2172
f 3591/1/2172 3597/24/2178 3596/24/2177
f 3595/1/2176 3594/1/2175 3598/12/2179
f 3598/12/2179 3599/12/2180 3595/1/2176
f 3599/12/2180 3598/12/2179 3600/12/2181
f 3600/12/2181 3601/12/2182 3599/12/2180
f 3595/1/2176 3599/12/2180 3602/14/2183
f 3602/14/2183 3603/24/2184 3595/1/2176
f 3588/2/125 3586/2/125 3550/1/125
f 3550/1/125 3548/1/125 3588/2/125
f 3551/1/125 3549/1/125 3604/2/125
f 3604/2/125 3605/2/125 3551/1/125
f 3605/2/125 3604/2/125 3606/2/125
f 3606/2/125 3607/2/125 3605/2/125
f 3607/2/125 3606/2/125 3608/1/125
f 3608/1/125 3609/1/125 3607/2/125
f 3565/1/125 3571/1/125 3567/2/125
f 3567/2/125 3564/2/125 3565/1/125
f 3614/31/2189 3612/13/2187 3613/3/2188
f 3613/3/2188 3615/38/2190 3614/31/2189
f 3613/3/2188 3610/3/2185 3616/1/2191
f 3616/1/2191 3619/1/2194 3613/3/2188
f 3616/1/2191 3610/3/2185 3617/38/2192
f 3617/38/2192 3618/16/2193 3616/1/2191
f 3619/1/2194 3616/1/2191 3620/13/2195
f 3620/13/2195 3621/13/2196 3619/1/2194
f 3622/16/2197 3619/1/2194 3621/13/2196
f 3621/13/2196 3623/21/2198 3622/16/2197
f 3582/12/2164 3551/12/138 3605/1/141
f 3605/1/141 3624/1/2199 3582/12/2164
f 3582/12/2164 3624/1/2199 3625/35/2200
f 3625/35/2200 3583/29/2165 3582/12/2164
f 3626/1/2201 3624/1/2199 3605/1/141
f 3605/1/141 3607/1/142 3626/1/2201
f 3626/1/2201 3607/1/142 3609/13/341
f 3609/13/341 3627/12/2202 3626/1/2201
f 3626/1/2201 3627/12/2202 3628/36/2203
f 3628/36/2203 3629/37/2204 3626/1/2201
f 3629/37/2204 3628/36/2203 3630/36/2205
f 3630/36/2205 3631/37/2206 3629/37/2204
f 3625/35/2200 3629/37/2204 3631/37/2206
f 3631/37/2206 3632/35/2207 3625/35/2200
f 3565/13/323 3563/12/2149 3627/12/2202
f 3627/12/2202 3609/13/341 3565/13/323
f 3572/12/2154 3571/13/131 3608/5/133
f 3608/5/133 3633/4/2208 3572/12/2154
f 3633/4/2208 3608/5/133 3606/3/346
f 3606/3/346 3634/3/2209 3633/4/2208
f 3633/4/2208 3634/3/2209 3635/33/2210
f 3635/33/2210 3636/34/2211 3633/4/2208
f 3636/34/2211 3635/33/2210 3637/33/2212
f 3637/33/2212 3580/34/2162 3636/34/2211
f 3634/3/2209 3606/3/346 3604/3/153
f 3604/3/153 3638/3/2213 3634/3/2209
f 3638/3/2213 3604/3/153 3549/5/155
f 3549/5/155 3639/4/2214 3638/3/2213
f 3639/4/2214 3549/5/155 3550/13/150
f 3550/13/150 3585/12/2167 3639/4/2214
f 3639/4/2214 3585/12/2167 3640/15/2215
f 3640/15/2215 3641/30/2216 3639/4/2214
f 3635/33/2210 3642/32/2217 3643/32/2218
f 3643/32/2218 3637/33/2212 3635/33/2210
f 3644/30/2219 3643/32/2218 3642/32/2217
f 3642/32/2217 3641/30/2216 3644/30/2219
f 3643/32/2218 3644/30/2219 3645/5/2220
f 3645/5/2220 3646/3/2221 3643/32/2218
f 3648/5/2223 3645/5/2220 3611/13/2186
f 3611/13/2186 3612/13/2187 3648/5/2223
f 3649/30/2224 3648/5/2223 3612/13/2187
f 3612/13/2187 3614/31/2189 3649/30/2224
f 3650/30/2225 3649/30/2224 3614/31/2189
f 3614/31/2189 3651/15/2226 3650/30/2225
f 3601/12/2182 3657/1/2232 3631/37/2206
f 3631/37/2206 3630/36/2205 3601/12/2182
f 3632/35/2207 3631/37/2206 3657/1/2232
f 3657/1/2232 3659/1/2234 3632/35/2207
f 3661/13/2236 3660/13/2235 3621/13/2196
f 3621/13/2196 3620/13/2195 3661/13/2236
f 3661/13/2236 3620/13/2195 3662/21/2237
f 3662/21/2237 3663/29/2238 3661/13/2236
f 3663/29/2238 3662/21/2237 3584/15/2166
f 3584/15/2166 3583/29/2165 3663/29/2238
f 3663/29/2238 3632/35/2207 3659/1/2234
f 3659/1/2234 3661/13/2236 3663/29/2238
f 3632/35/2207 3663/29/2238 3583/29/2165
f 3583/29/2165 3625/35/2200 3632/35/2207
f 3573/28/2155 3636/34/2211 3580/34/2162
f 3580/34/2162 3579/28/2161 3573/28/2155
f 3572/12/2154 3633/4/2208 3636/34/2211
f 3636/34/2211 3573/28/2155 3572/12/2154
f 3590/16/2171 3664/16/2239 3587/1/2169
f 3587/1/2169 3589/1/2170 3590/16/2171
f 3618/16/2193 3617/38/2192 3664/16/2239
f 3664/16/2239 3590/16/2171 3618/16/2193
f 3638/3/2213 3639/4/2214 3641/30/2216
f 3641/30/2216 3642/32/2217 3638/3/2213
f 3611/13/2186 3645/5/2220 3644/30/2219
f 3644/30/2219 3665/31/2240 3611/13/2186
f 3665/31/2240 3644/30/2219 3641/30/2216
f 3641/30/2216 3640/15/2215 3665/31/2240
f 3637/33/2212 3643/32/2218 3646/3/2221
f 3646/3/2221 3653/3/2228 3637/33/2212
f 3569/14/2152 3568/24/2151 3603/24/2184
f 3603/24/2184 3602/14/2183 3569/14/2152
f 3630/36/2205 3602/14/2183 3599/12/2180
f 3599/12/2180 3601/12/2182 3630/36/2205
f 3602/14/2183 3630/36/2205 3628/36/2203
f 3628/36/2203 3569/14/2152 3602/14/2183
f 3569/14/2152 3628/36/2203 3627/12/2202
f 3627/12/2202 3563/12/2149 3569/14/2152
f 3580/34/2162 3637/33/2212 3653/3/2228
f 3653/3/2228 3575/5/2157 3580/34/2162
f 3574/20/2156 3573/28/2155 3579/28/2161
f 3579/28/2161 3593/24/2174 3574/20/2156
f 3618/16/2193 3662/21/2237 3620/13/2195
f 3620/13/2195 3616/1/2191 3618/16/2193
f 3590/16/2171 3584/15/2166 3662/21/2237
f 3662/21/2237 3618/16/2193 3590/16/2171
f 3665/31/2240 3617/38/2192 3610/3/2185
f 3610/3/2185 3611/13/2186 3665/31/2240
f 3640/15/2215 3664/16/2239 3617/38/2192
f 3617/38/2192 3665/31/2240 3640/15/2215
f 3585/12/2167 3587/1/2169 3664/16/2239
f 3664/16/2239 3640/15/2215 3585/12/2167
f 3574/20/2156 3568/24/2151 3566/1/2150
f 3566/1/2150 3570/3/2153 3574/20/2156
f 3593/24/2174 3603/24/2184 3568/24/2151
f 3568/24/2151 3574/20/2156 3593/24/2174
f 3592/1/2173 3595/1/2176 3603/24/2184
f 3603/24/2184 3593/24/2174 3592/1/2173
f 3668/1/105 3667/13/222 3666/12/2241
f 3666/12/2241 3669/1/2242 3668/1/105
f 3670/3/101 3668/1/105 3669/1/2242
f 3669/1/2242 3673/3/2245 3670/3/101
f 3671/24/2243 3669/1/2242 3666/12/2241
f 3666/12/2241 3672/14/2244 3671/24/2243
f 3674/13/103 3670/3/101 3673/3/2245
f 3673/3/2245 3675/12/2246 3674/13/103
f 3676/28/2247 3675/12/2246 3673/3/2245
f 3673/3/2245 3677/20/2248 3676/28/2247
f 3680/12/75 3679/12/130 3678/12/2249
f 3678/12/2249 3681/12/2250 3680/12/75
f 3682/29/2251 3681/12/2250 3678/12/2249
f 3678/12/2249 3683/15/2252 3682/29/2251
f 3686/1/235 3685/13/43 3684/12/2253
f 3684/12/2253 3687/1/2254 3686/1/235
f 3688/1/35 3686/1/235 3687/1/2254
f 3687/1/2254 3689/1/2255 3688/1/35
f 3679/12/130 3688/1/35 3689/1/2255
f 3689/1/2255 3678/12/2249 3679/12/130
f 3683/15/2252 3678/12/2249 3689/1/2255
f 3689/1/2255 3690/16/2256 3683/15/2252
f 3668/2/125 3670/2/125 3674/1/125
f 3674/1/125 3667/1/125 3668/2/125
f 3692/1/125 3691/1/125 3693/2/125
f 3693/2/125 3694/2/125 3692/1/125
f 3694/2/125 3693/2/125 3695/2/125
f 3695/2/125 3696/2/125 3694/2/125
f 3696/2/125 3695/2/125 3697/1/125
f 3697/1/125 3680/1/125 3696/2/125
f 3679/1/125 3685/1/125 3686/2/125
f 3686/2/125 3688/2/125 3679/1/125
f 3696/1/73 3680/12/75 3681/12/2250
f 3681/12/2250 3698/1/2257 3696/1/73
f 3699/35/2258 3698/1/2257 3681/12/2250
f 3681/12/2250 3682/29/2251 3699/35/2258
f 3696/1/73 3698/1/2257 3700/1/2259
f 3700/1/2259 3694/1/65 3696/1/73
f 3692/13/275 3694/1/65 3700/1/2259
f 3700/1/2259 3701/12/2260 3692/13/275
f 3702/36/2261 3701/12/2260 3700/1/2259
f 3700/1/2259 3703/37/2262 3702/36/2261
f 3704/36/2263 3702/36/2261 3703/37/2262
f 3703/37/2262 3705/37/2264 3704/36/2263
f 3705/37/2264 3703/37/2262 3699/35/2258
f 3699/35/2258 3706/35/2265 3705/37/2264
f 3667/13/222 3692/13/275 3701/12/2260
f 3701/12/2260 3666/12/2241 3667/13/222
f 3691/5/54 3674/13/103 3675/12/2246
f 3675/12/2246 3707/4/2266 3691/5/54
f 3693/3/267 3691/5/54 3707/4/2266
f 3707/4/2266 3708/3/2267 3693/3/267
f 3709/33/2268 3708/3/2267 3707/4/2266
f 3707/4/2266 3710/34/2269 3709/33/2268
f 3654/33/2229 3709/33/2268 3710/34/2269
f 3710/34/2269 3711/34/2270 3654/33/2229
f 3695/3/48 3693/3/267 3708/3/2267
f 3708/3/2267 3712/3/2271 3695/3/48
f 3697/5/50 3695/3/48 3712/3/2271
f 3712/3/2271 3713/4/2272 3697/5/50
f 3685/13/43 3697/5/50 3713/4/2272
f 3713/4/2272 3684/12/2253 3685/13/43
f 3651/15/2226 3684/12/2253 3713/4/2272
f 3713/4/2272 3650/30/2225 3651/15/2226
f 3655/32/2230 3714/32/2273 3709/33/2268
f 3709/33/2268 3654/33/2229 3655/32/2230
f 3714/32/2273 3655/32/2230 3649/30/2224
f 3649/30/2224 3650/30/2225 3714/32/2273
f 3648/5/2223 3649/30/2224 3655/32/2230
f 3655/32/2230 3647/3/2222 3648/5/2223
f 3715/28/2274 3576/12/2158 3577/5/2159
f 3577/5/2159 3711/34/2270 3715/28/2274
f 3676/28/2247 3715/28/2274 3711/34/2270
f 3711/34/2270 3710/34/2269 3676/28/2247
f 3675/12/2246 3676/28/2247 3710/34/2269
f 3710/34/2269 3707/4/2266 3675/12/2246
f 3690/16/2256 3689/1/2255 3687/1/2254
f 3687/1/2254 3716/16/2275 3690/16/2256
f 3622/16/2197 3690/16/2256 3716/16/2275
f 3716/16/2275 3615/38/2190 3622/16/2197
f 3619/1/2194 3622/16/2197 3615/38/2190
f 3615/38/2190 3613/3/2188 3619/1/2194
f 3623/21/2198 3621/13/2196 3660/13/2235
f 3660/13/2235 3717/29/2276 3623/21/2198
f 3683/15/2252 3623/21/2198 3717/29/2276
f 3717/29/2276 3682/29/2251 3683/15/2252
f 3717/29/2276 3660/13/2235 3658/1/2233
f 3658/1/2233 3706/35/2265 3717/29/2276
f 3682/29/2251 3717/29/2276 3706/35/2265
f 3706/35/2265 3699/35/2258 3682/29/2251
f 3705/37/2264 3656/1/2231 3600/12/2181
f 3600/12/2181 3704/36/2263 3705/37/2264
f 3712/3/2271 3714/32/2273 3650/30/2225
f 3650/30/2225 3713/4/2272 3712/3/2271
f 3718/14/2277 3598/12/2179 3594/1/2175
f 3594/1/2175 3596/24/2177 3718/14/2277
f 3672/14/2244 3718/14/2277 3596/24/2177
f 3596/24/2177 3671/24/2243 3672/14/2244
f 3704/36/2263 3600/12/2181 3598/12/2179
f 3598/12/2179 3718/14/2277 3704/36/2263
f 3702/36/2261 3704/36/2263 3718/14/2277
f 3718/14/2277 3672/14/2244 3702/36/2261
f 3701/12/2260 3702/36/2261 3672/14/2244
f 3672/14/2244 3666/12/2241 3701/12/2260
f 3711/34/2270 3577/5/2159 3652/3/2227
f 3652/3/2227 3654/33/2229 3711/34/2270
f 3597/24/2178 3591/1/2172 3576/12/2158
f 3576/12/2158 3715/28/2274 3597/24/2178
f 3677/20/2248 3597/24/2178 3715/28/2274
f 3715/28/2274 3676/28/2247 3677/20/2248
f 3690/16/2256 3622/16/2197 3623/21/2198
f 3623/21/2198 3683/15/2252 3690/16/2256
f 3651/15/2226 3614/31/2189 3615/38/2190
f 3615/38/2190 3716/16/2275 3651/15/2226
f 3684/12/2253 3651/15/2226 3716/16/2275
f 3716/16/2275 3687/1/2254 3684/12/2253
f 3677/20/2248 3673/3/2245 3669/1/2242
f 3669/1/2242 3671/24/2243 3677/20/2248
f 3597/24/2178 3677/20/2248 3671/24/2243
f 3671/24/2243 3596/24/2177 3597/24/2178
f 3560/9/2148 3561/291/2148 3719/291/2278
f 3719/291/2278 3720/9/2278 3560/9/2148
f 3555/25/2146 3722/25/584 3721/25/584
f 3721/25/584 3556/25/2146 3555/25/2146
f 3556/25/2146 3721/25/584 3723/292/584
f 3723/292/584 3724/292/2146 3556/25/2146
f 3728/293/584 3725/293/584 3723/292/584
f 3723/292/584 3721/25/584 3728/293/584
f 3726/9/2278 3727/291/2278 3558/291/2148
f 3558/291/2148 3559/9/2148 3726/9/2278
f 3726/9/2278 3559/9/2148 3560/9/2148
f 3560/9/2148 3720/9/2278 3726/9/2278
f 3728/293/584 3721/25/584 3722/25/584
f 3722/25/584 3729/293/584 3728/293/584
f 3731/293/584 3730/293/584 3729/293/584
f 3729/293/584 3722/25/584 3731/293/584
f 3552/292/2146 3731/293/584 3722/25/584
f 3722/25/584 3555/25/2146 3552/292/2146
f 3562/291/2147 3557/9/2147 3556/7/2146
f 3556/7/2146 3724/290/2146 3562/291/2147
f 3732/25/1261 3734/293/1261 3733/293/1261
f 3733/293/1261 3739/292/1261 3732/25/1261
f 3734/293/1261 3732/25/1261 3735/25/1261
f 3735/25/1261 3736/293/1261 3734/293/1261
f 3738/292/1261 3737/293/1261 3736/293/1261
f 3736/293/1261 3735/25/1261 3738/292/1261
f 3719/292/2278 3738/292/1261 3735/25/1261
f 3735/25/1261 3720/25/2278 3719/292/2278
f 3720/25/2278 3735/25/1261 3732/25/1261
f 3732/25/1261 3726/25/2278 3720/25/2278
f 3726/25/2278 3732/25/1261 3739/292/1261
f 3739/292/1261 3727/292/2278 3726/25/2278
f 3740/9/21 3741/294/21 3561/294/161
f 3561/294/161 3742/9/161 3740/9/21
f 3740/9/21 3742/9/161 3743/9/161
f 3743/9/161 3744/9/21 3740/9/21
f 3564/2/1 3567/2/1 3571/1/1
f 3571/1/1 3565/1/1 3564/2/1
f 3609/1/1 3608/1/1 3606/2/1
f 3606/2/1 3607/2/1 3609/1/1
f 3607/2/1 3606/2/1 3604/2/1
f 3604/2/1 3605/2/1 3607/2/1
f 3605/2/1 3604/2/1 3549/1/1
f 3549/1/1 3551/1/1 3605/2/1
f 3548/1/1 3550/1/1 3586/2/1
f 3586/2/1 3588/2/1 3548/1/1
f 3606/3/157 650/3/157 651/3/153
f 651/3/153 3604/3/153 3606/3/157
f 3604/3/153 651/3/153 652/5/155
f 652/5/155 3549/4/155 3604/3/153
f 3549/4/155 652/5/155 653/13/150
f 653/13/150 3550/12/150 3549/4/155
f 650/3/157 3606/3/157 3608/4/133
f 3608/4/133 649/5/133 650/3/157
f 3586/1/101 655/1/101 656/1/105
f 656/1/105 3588/1/105 3586/1/101
f 3588/1/105 656/1/105 654/12/147
f 654/12/147 3548/12/147 3588/1/105
f 655/1/101 3586/1/101 3550/12/150
f 3550/12/150 653/13/150 655/1/101
f 646/2/125 647/2/125 648/1/125
f 648/1/125 645/1/125 646/2/125
f 649/1/125 623/1/125 621/2/125
f 621/2/125 650/2/125 649/1/125
f 650/2/125 621/2/125 624/2/125
f 624/2/125 651/2/125 650/2/125
f 651/2/125 624/2/125 625/1/125
f 625/1/125 652/1/125 651/2/125
f 653/1/125 654/1/125 656/2/125
f 656/2/125 655/2/125 653/1/125
f 3745/7/19 3746/295/19 3553/295/20
f 3553/295/20 3747/9/20 3745/7/19
f 3745/7/19 3747/9/20 3748/9/20
f 3748/9/20 3749/7/19 3745/7/19
f 3751/25/126 3750/296/126 3746/296/19
f 3746/296/19 3745/25/19 3751/25/126
f 3751/25/126 3745/25/19 3749/25/19
f 3749/25/19 3752/25/126 3751/25/126
f 3753/296/126 3752/25/126 3749/25/19
f 3749/25/19 3754/296/19 3753/296/126
f 3743/9/161 3558/294/161 3755/294/21
f 3755/294/21 3744/9/21 3743/9/161
f 663/25/127 661/297/127 662/297/175
f 662/297/175 660/25/175 663/25/127
f 663/25/127 660/25/175 664/25/175
f 664/25/175 665/25/127 663/25/127
f 3753/295/126 661/295/127 663/9/127
f 663/9/127 3752/7/126 3753/295/126
f 3752/7/126 663/9/127 665/9/127
f 665/9/127 3751/7/126 3752/7/126
f 3744/25/21 3755/297/21 3756/297/26
f 3756/297/26 3757/25/26 3744/25/21
f 3744/25/21 3757/25/26 3758/25/26
f 3758/25/26 3740/25/21 3744/25/21
f 3741/297/21 3740/25/21 3758/25/26
f 3758/25/26 3759/297/26 3741/297/21
f 625/12/138 3551/12/138 3548/12/147
f 3548/12/147 654/12/147 625/12/138
f 3551/12/138 625/12/138 624/1/141
f 624/1/141 3605/1/141 3551/12/138
f 3607/1/142 3605/1/141 624/1/141
f 624/1/141 621/1/142 3607/1/142
f 3607/1/142 621/1/142 623/13/128
f 623/13/128 3609/12/128 3607/1/142
f 648/13/130 3565/12/130 3609/12/128
f 3609/12/128 623/13/128 648/13/130
f 3565/12/130 648/13/130 647/1/35
f 647/1/35 3564/1/35 3565/12/130
f 3564/1/35 647/1/35 646/3/40
f 646/3/40 3567/3/40 3564/1/35
f 3567/3/40 646/3/40 645/13/131
f 645/13/131 3571/12/131 3567/3/40
f 649/5/133 3608/4/133 3571/12/131
f 3571/12/131 645/13/131 649/5/133
f 3688/2/1 3686/2/1 3685/1/1
f 3685/1/1 3679/1/1 3688/2/1
f 3680/1/1 3697/1/1 3695/2/1
f 3695/2/1 3696/2/1 3680/1/1
f 3696/2/1 3695/2/1 3693/2/1
f 3693/2/1 3694/2/1 3696/2/1
f 3694/2/1 3693/2/1 3691/1/1
f 3691/1/1 3692/1/1 3694/2/1
f 3667/1/1 3674/1/1 3670/2/1
f 3670/2/1 3668/2/1 3667/1/1
f 807/3/48 808/3/52 3693/3/52
f 3693/3/52 3695/3/48 807/3/48
f 806/5/50 807/3/48 3695/3/48
f 3695/3/48 3697/4/50 806/5/50
f 802/13/43 806/5/50 3697/4/50
f 3697/4/50 3685/12/43 802/13/43
f 3691/4/54 3693/3/52 808/3/52
f 808/3/52 809/5/54 3691/4/54
f 804/1/35 803/1/40 3686/1/40
f 3686/1/40 3688/1/35 804/1/35
f 805/12/37 804/1/35 3688/1/35
f 3688/1/35 3679/12/37 805/12/37
f 3685/12/43 3686/1/40 803/1/40
f 803/1/40 802/13/43 3685/12/43
f 803/2/125 804/2/125 805/1/125
f 805/1/125 802/1/125 803/2/125
f 806/1/125 784/1/125 783/2/125
f 783/2/125 807/2/125 806/1/125
f 807/2/125 783/2/125 780/2/125
f 780/2/125 808/2/125 807/2/125
f 808/2/125 780/2/125 782/1/125
f 782/1/125 809/1/125 808/2/125
f 810/1/125 811/1/125 813/2/125
f 813/2/125 812/2/125 810/1/125
f 784/12/75 805/12/37 3679/12/37
f 3679/12/37 3680/12/75 784/12/75
f 783/1/73 784/12/75 3680/12/75
f 3680/12/75 3696/1/73 783/1/73
f 783/1/73 3696/1/73 3694/1/65
f 3694/1/65 780/1/65 783/1/73
f 782/13/67 780/1/65 3694/1/65
f 3694/1/65 3692/12/67 782/13/67
f 811/13/107 782/13/67 3692/12/67
f 3692/12/67 3667/12/107 811/13/107
f 813/1/105 811/13/107 3667/12/107
f 3667/12/107 3668/1/105 813/1/105
f 812/3/101 813/1/105 3668/1/105
f 3668/1/105 3670/3/101 812/3/101
f 810/13/103 812/3/101 3670/3/101
f 3670/3/101 3674/12/103 810/13/103
f 809/5/54 810/13/103 3674/12/103
f 3674/12/103 3691/4/54 809/5/54
f 660/9/175 662/294/175 3759/294/26
f 3759/294/26 3758/9/26 660/9/175
f 660/9/175 3758/9/26 3757/9/26
f 3757/9/26 664/9/175 660/9/175
f 913/297/127 665/25/127 664/25/175
f 664/25/175 682/297/175 913/297/127
f 3757/9/26 3756/294/26 682/294/175
f 682/294/175 664/9/175 3757/9/26
f 3561/297/161 3562/297/20 3748/25/20
f 3748/25/20 3742/25/161 3561/297/161
f 3742/25/161 3748/25/20 3747/25/20
f 3747/25/20 3743/25/161 3742/25/161
f 3553/297/20 3558/297/161 3743/25/161
f 3743/25/161 3747/25/20 3553/297/20
f 3748/9/20 3562/295/20 3754/295/19
f 3754/295/19 3749/7/19 3748/9/20
f 913/295/127 3750/295/126 3751/7/126
f 3751/7/126 665/9/127 913/295/127
f 3762/300/2281 3761/299/2280 3760/298/2279
f 3760/298/2279 3763/301/2282 3762/300/2281
f 3764/302/2283 3763/301/2282 3760/298/2279
f 3760/298/2279 3765/303/2284 3764/302/2283
f 3764/302/2283 3765/303/2284 3766/304/50
f 3766/304/50 3769/305/584 3764/302/2283
f 3763/301/2282 3764/302/2283 3767/303/2285
f 3767/303/2285 3768/298/2286 3763/301/2282
f 3767/303/2285 3764/302/2283 3769/305/584
f 3769/305/584 3770/304/155 3767/303/2285
f 3769/305/584 3766/304/50 3771/303/2287
f 3771/303/2287 3772/302/2288 3769/305/584
f 3770/304/155 3769/305/584 3772/302/2288
f 3772/302/2288 3773/303/2289 3770/304/155
f 3774/298/2290 3773/303/2289 3772/302/2288
f 3772/302/2288 3775/301/2291 3774/298/2290
f 3775/301/2291 3772/302/2288 3771/303/2287
f 3771/303/2287 3776/298/2292 3775/301/2291
f 3775/301/2291 3776/298/2292 3777/299/2293
f 3777/299/2293 3778/300/2294 3775/301/2291
f 3774/298/2290 3775/301/2291 3778/300/2294
f 3778/300/2294 3779/299/2295 3774/298/2290
f 3780/306/2296 3777/299/2293 3776/298/2292
f 3776/298/2292 3781/307/2297 3780/306/2296
f 3782/308/2298 3780/306/2296 3781/307/2297
f 3781/307/2297 3783/309/2299 3782/308/2298
f 3784/309/2300 3783/309/2299 3781/307/2297
f 3781/307/2297 3785/310/2301 3784/309/2300
f 3785/310/2301 3781/307/2297 3776/298/2292
f 3776/298/2292 3771/303/2287 3785/310/2301
f 3785/310/2301 3771/303/2287 3766/304/50
f 3766/304/50 3786/311/2302 3785/310/2301
f 3784/309/2300 3785/310/2301 3786/311/2302
f 3786/311/2302 3787/309/2050 3784/309/2300
f 3786/311/2302 3766/304/50 3765/303/2284
f 3765/303/2284 3788/310/2303 3786/311/2302
f 3787/309/2050 3786/311/2302 3788/310/2303
f 3788/310/2303 3789/309/2304 3787/309/2050
f 3790/309/2305 3789/309/2304 3788/310/2303
f 3788/310/2303 3791/307/2306 3790/309/2305
f 3791/307/2306 3788/310/2303 3765/303/2284
f 3765/303/2284 3760/298/2279 3791/307/2306
f 3791/307/2306 3760/298/2279 3761/299/2280
f 3761/299/2280 3792/306/2307 3791/307/2306
f 3790/309/2305 3791/307/2306 3792/306/2307
f 3792/306/2307 3793/308/2308 3790/309/2305
f 3794/312/2309 3782/308/2298 3783/309/2299
f 3783/309/2299 3795/313/2310 3794/312/2309
f 3796/314/2311 3794/312/2309 3795/313/2310
f 3795/313/2310 3797/315/2312 3796/314/2311
f 3798/316/2313 3797/315/2312 3795/313/2310
f 3795/313/2310 3799/317/2314 3798/316/2313
f 3799/317/2314 3795/313/2310 3783/309/2299
f 3783/309/2299 3784/309/2300 3799/317/2314
f 3799/317/2314 3784/309/2300 3787/309/2050
f 3787/309/2050 3800/318/2315 3799/317/2314
f 3798/316/2313 3799/317/2314 3800/318/2315
f 3800/318/2315 3801/319/75 3798/316/2313
f 3800/318/2315 3787/309/2050 3789/309/2304
f 3789/309/2304 3802/317/2316 3800/318/2315
f 3801/319/75 3800/318/2315 3802/317/2316
f 3802/317/2316 3803/316/2317 3801/319/75
f 3804/315/2318 3803/316/2317 3802/317/2316
f 3802/317/2316 3805/313/2319 3804/315/2318
f 3805/313/2319 3802/317/2316 3789/309/2304
f 3789/309/2304 3790/309/2305 3805/313/2319
f 3805/313/2319 3790/309/2305 3793/308/2308
f 3793/308/2308 3806/312/2320 3805/313/2319
f 3804/315/2318 3805/313/2319 3806/312/2320
f 3806/312/2320 3807/314/2321 3804/315/2318
f 3808/320/2322 3796/314/2311 3797/315/2312
f 3797/315/2312 3809/321/2323 3808/320/2322
f 3810/314/2324 3808/320/2322 3809/321/2323
f 3809/321/2323 3811/315/2325 3810/314/2324
f 3812/316/2326 3811/315/2325 3809/321/2323
f 3809/321/2323 3813/322/2327 3812/316/2326
f 3813/322/2327 3809/321/2323 3797/315/2312
f 3797/315/2312 3798/316/2313 3813/322/2327
f 3813/322/2327 3798/316/2313 3801/319/75
f 3801/319/75 3814/323/1261 3813/322/2327
f 3812/316/2326 3813/322/2327 3814/323/1261
f 3814/323/1261 3815/319/138 3812/316/2326
f 3814/323/1261 3801/319/75 3803/316/2317
f 3803/316/2317 3816/322/2328 3814/323/1261
f 3815/319/138 3814/323/1261 3816/322/2328
f 3816/322/2328 3817/316/2329 3815/319/138
f 3818/315/2330 3817/316/2329 3816/322/2328
f 3816/322/2328 3819/321/2331 3818/315/2330
f 3819/321/2331 3816/322/2328 3803/316/2317
f 3803/316/2317 3804/315/2318 3819/321/2331
f 3819/321/2331 3804/315/2318 3807/314/2321
f 3807/314/2321 3820/320/2332 3819/321/2331
f 3818/315/2330 3819/321/2331 3820/320/2332
f 3820/320/2332 3821/314/2333 3818/315/2330
f 3822/312/2334 3810/314/2324 3811/315/2325
f 3811/315/2325 3823/313/2335 3822/312/2334
f 3824/308/2336 3822/312/2334 3823/313/2335
f 3823/313/2335 3825/309/2337 3824/308/2336
f 3826/309/2338 3825/309/2337 3823/313/2335
f 3823/313/2335 3827/317/2339 3826/309/2338
f 3827/317/2339 3823/313/2335 3811/315/2325
f 3811/315/2325 3812/316/2326 3827/317/2339
f 3827/317/2339 3812/316/2326 3815/319/138
f 3815/319/138 3828/318/107 3827/317/2339
f 3826/309/2338 3827/317/2339 3828/318/107
f 3828/318/107 3829/309/2340 3826/309/2338
f 3828/318/107 3815/319/138 3817/316/2329
f 3817/316/2329 3830/317/2341 3828/318/107
f 3829/309/2340 3828/318/107 3830/317/2341
f 3830/317/2341 3831/309/2342 3829/309/2340
f 3832/309/2343 3831/309/2342 3830/317/2341
f 3830/317/2341 3833/313/2344 3832/309/2343
f 3833/313/2344 3830/317/2341 3817/316/2329
f 3817/316/2329 3818/315/2330 3833/313/2344
f 3833/313/2344 3818/315/2330 3821/314/2333
f 3821/314/2333 3834/312/2345 3833/313/2344
f 3832/309/2343 3833/313/2344 3834/312/2345
f 3834/312/2345 3835/308/2346 3832/309/2343
f 3836/306/2347 3824/308/2336 3825/309/2337
f 3825/309/2337 3837/307/2348 3836/306/2347
f 3779/299/2295 3836/306/2347 3837/307/2348
f 3837/307/2348 3774/298/2290 3779/299/2295
f 3773/303/2289 3774/298/2290 3837/307/2348
f 3837/307/2348 3838/310/2349 3773/303/2289
f 3838/310/2349 3837/307/2348 3825/309/2337
f 3825/309/2337 3826/309/2338 3838/310/2349
f 3838/310/2349 3826/309/2338 3829/309/2340
f 3829/309/2340 3839/311/103 3838/310/2349
f 3773/303/2289 3838/310/2349 3839/311/103
f 3839/311/103 3770/304/155 3773/303/2289
f 3839/311/103 3829/309/2340 3831/309/2342
f 3831/309/2342 3840/310/2350 3839/311/103
f 3770/304/155 3839/311/103 3840/310/2350
f 3840/310/2350 3767/303/2285 3770/304/155
f 3768/298/2286 3767/303/2285 3840/310/2350
f 3840/310/2350 3841/307/2351 3768/298/2286
f 3841/307/2351 3840/310/2350 3831/309/2342
f 3831/309/2342 3832/309/2343 3841/307/2351
f 3841/307/2351 3832/309/2343 3835/308/2346
f 3835/308/2346 3842/306/2352 3841/307/2351
f 3768/298/2286 3841/307/2351 3842/306/2352
f 3842/306/2352 3843/299/2353 3768/298/2286
f 3763/301/2282 3768/298/2286 3843/299/2353
f 3843/299/2353 3762/300/2281 3763/301/2282
f 3846/320/2332 3845/314/2333 3844/315/2330
f 3844/315/2330 3847/321/2331 3846/320/2332
f 3848/314/2321 3846/320/2332 3847/321/2331
f 3847/321/2331 3849/315/2318 3848/314/2321
f 3852/312/2334 3851/314/2324 3850/315/2325
f 3850/315/2325 3853/313/2335 3852/312/2334
f 3854/308/2336 3852/312/2334 3853/313/2335
f 3853/313/2335 3855/309/2337 3854/308/2336
f 3856/309/2338 3855/309/2337 3853/313/2335
f 3853/313/2335 3857/317/2339 3856/309/2338
f 3857/317/2339 3853/313/2335 3850/315/2325
f 3850/315/2325 3858/316/2326 3857/317/2339
f 3857/317/2339 3858/316/2326 3859/319/138
f 3859/319/138 3860/318/107 3857/317/2339
f 3856/309/2338 3857/317/2339 3860/318/107
f 3860/318/107 3861/309/2340 3856/309/2338
f 3860/318/107 3859/319/138 3862/316/2329
f 3862/316/2329 3863/317/2341 3860/318/107
f 3861/309/2340 3860/318/107 3863/317/2341
f 3863/317/2341 3864/309/2342 3861/309/2340
f 3865/309/2343 3864/309/2342 3863/317/2341
f 3863/317/2341 3866/313/2344 3865/309/2343
f 3866/313/2344 3863/317/2341 3862/316/2329
f 3862/316/2329 3844/315/2330 3866/313/2344
f 3866/313/2344 3844/315/2330 3845/314/2333
f 3845/314/2333 3867/312/2345 3866/313/2344
f 3865/309/2343 3866/313/2344 3867/312/2345
f 3867/312/2345 3868/308/2346 3865/309/2343
f 3869/306/2347 3854/308/2336 3855/309/2337
f 3855/309/2337 3870/307/2348 3869/306/2347
f 3871/299/2295 3869/306/2347 3870/307/2348
f 3870/307/2348 3872/298/2290 3871/299/2295
f 3873/303/2289 3872/298/2290 3870/307/2348
f 3870/307/2348 3874/310/2349 3873/303/2289
f 3874/310/2349 3870/307/2348 3855/309/2337
f 3855/309/2337 3856/309/2338 3874/310/2349
f 3874/310/2349 3856/309/2338 3861/309/2340
f 3861/309/2340 3875/311/2354 3874/310/2349
f 3873/303/2289 3874/310/2349 3875/311/2354
f 3875/311/2354 3876/304/2355 3873/303/2289
f 3875/311/2354 3861/309/2340 3864/309/2342
f 3864/309/2342 3877/310/2350 3875/311/2354
f 3876/304/2355 3875/311/2354 3877/310/2350
f 3877/310/2350 3878/303/2285 3876/304/2355
f 3879/298/2286 3878/303/2285 3877/310/2350
f 3877/310/2350 3880/307/2351 3879/298/2286
f 3880/307/2351 3877/310/2350 3864/309/2342
f 3864/309/2342 3865/309/2343 3880/307/2351
f 3880/307/2351 3865/309/2343 3868/308/2346
f 3868/308/2346 3881/306/2352 3880/307/2351
f 3879/298/2286 3880/307/2351 3881/306/2352
f 3881/306/2352 3882/299/2353 3879/298/2286
f 3883/301/2282 3879/298/2286 3882/299/2353
f 3882/299/2353 3884/300/2281 3883/301/2282
f 3885/300/2294 3871/299/2295 3872/298/2290
f 3872/298/2290 3886/301/2291 3885/300/2294
f 3887/299/2293 3885/300/2294 3886/301/2291
f 3886/301/2291 3888/298/2292 3887/299/2293
f 3889/303/2287 3888/298/2292 3886/301/2291
f 3886/301/2291 3890/302/2288 3889/303/2287
f 3890/302/2288 3886/301/2291 3872/298/2290
f 3872/298/2290 3873/303/2289 3890/302/2288
f 3890/302/2288 3873/303/2289 3876/304/2355
f 3876/304/2355 3891/305/584 3890/302/2288
f 3889/303/2287 3890/302/2288 3891/305/584
f 3891/305/584 3892/304/50 3889/303/2287
f 3891/305/584 3876/304/2355 3878/303/2285
f 3878/303/2285 3893/302/2283 3891/305/584
f 3892/304/50 3891/305/584 3893/302/2283
f 3893/302/2283 3894/303/2284 3892/304/50
f 3895/298/2279 3894/303/2284 3893/302/2283
f 3893/302/2283 3883/301/2282 3895/298/2279
f 3883/301/2282 3893/302/2283 3878/303/2285
f 3878/303/2285 3879/298/2286 3883/301/2282
f 3895/298/2279 3883/301/2282 3884/300/2281
f 3884/300/2281 3896/299/2280 3895/298/2279
f 3897/306/2296 3887/299/2293 3888/298/2292
f 3888/298/2292 3898/307/2297 3897/306/2296
f 3899/308/2298 3897/306/2296 3898/307/2297
f 3898/307/2297 3900/309/2299 3899/308/2298
f 3901/309/2300 3900/309/2299 3898/307/2297
f 3898/307/2297 3902/310/2301 3901/309/2300
f 3902/310/2301 3898/307/2297 3888/298/2292
f 3888/298/2292 3889/303/2287 3902/310/2301
f 3902/310/2301 3889/303/2287 3892/304/50
f 3892/304/50 3903/311/131 3902/310/2301
f 3901/309/2300 3902/310/2301 3903/311/131
f 3903/311/131 3904/309/2050 3901/309/2300
f 3903/311/131 3892/304/50 3894/303/2284
f 3894/303/2284 3905/310/2303 3903/311/131
f 3904/309/2050 3903/311/131 3905/310/2303
f 3905/310/2303 3906/309/2304 3904/309/2050
f 3907/309/2305 3906/309/2304 3905/310/2303
f 3905/310/2303 3908/307/2306 3907/309/2305
f 3908/307/2306 3905/310/2303 3894/303/2284
f 3894/303/2284 3895/298/2279 3908/307/2306
f 3908/307/2306 3895/298/2279 3896/299/2280
f 3896/299/2280 3909/306/2307 3908/307/2306
f 3907/309/2305 3908/307/2306 3909/306/2307
f 3909/306/2307 3910/308/2308 3907/309/2305
f 3911/312/2309 3899/308/2298 3900/309/2299
f 3900/309/2299 3912/313/2310 3911/312/2309
f 3913/314/2311 3911/312/2309 3912/313/2310
f 3912/313/2310 3914/315/2312 3913/314/2311
f 3915/316/2313 3914/315/2312 3912/313/2310
f 3912/313/2310 3916/317/2314 3915/316/2313
f 3916/317/2314 3912/313/2310 3900/309/2299
f 3900/309/2299 3901/309/2300 3916/317/2314
f 3916/317/2314 3901/309/2300 3904/309/2050
f 3904/309/2050 3917/318/2315 3916/317/2314
f 3915/316/2313 3916/317/2314 3917/318/2315
f 3917/318/2315 3918/319/2356 3915/316/2313
f 3917/318/2315 3904/309/2050 3906/309/2304
f 3906/309/2304 3919/317/2316 3917/318/2315
f 3918/319/2356 3917/318/2315 3919/317/2316
f 3919/317/2316 3920/316/2317 3918/319/2356
f 3849/315/2318 3920/316/2317 3919/317/2316
f 3919/317/2316 3921/313/2319 3849/315/2318
f 3921/313/2319 3919/317/2316 3906/309/2304
f 3906/309/2304 3907/309/2305 3921/313/2319
f 3921/313/2319 3907/309/2305 3910/308/2308
f 3910/308/2308 3922/312/2320 3921/313/2319
f 3849/315/2318 3921/313/2319 3922/312/2320
f 3922/312/2320 3848/314/2321 3849/315/2318
f 3923/320/2322 3913/314/2311 3914/315/2312
f 3914/315/2312 3924/321/2323 3923/320/2322
f 3851/314/2324 3923/320/2322 3924/321/2323
f 3924/321/2323 3850/315/2325 3851/314/2324
f 3858/316/2326 3850/315/2325 3924/321/2323
f 3924/321/2323 3925/322/2327 3858/316/2326
f 3925/322/2327 3924/321/2323 3914/315/2312
f 3914/315/2312 3915/316/2313 3925/322/2327
f 3925/322/2327 3915/316/2313 3918/319/2356
f 3918/319/2356 3926/323/1261 3925/322/2327
f 3858/316/2326 3925/322/2327 3926/323/1261
f 3926/323/1261 3859/319/138 3858/316/2326
f 3926/323/1261 3918/319/2356 3920/316/2317
f 3920/316/2317 3927/322/2328 3926/323/1261
f 3859/319/138 3926/323/1261 3927/322/2328
f 3927/322/2328 3862/316/2329 3859/319/138
f 3844/315/2330 3862/316/2329 3927/322/2328
f 3927/322/2328 3847/321/2331 3844/315/2330
f 3847/321/2331 3927/322/2328 3920/316/2317
f 3920/316/2317 3849/315/2318 3847/321/2331
f 3928/324/2357 3930/326/2359 3929/325/2358
f 3929/325/2358 3931/324/2360 3928/324/2357
f 3932/327/2361 3928/324/2357 3931/324/2360
f 3931/324/2360 3933/328/2362 3932/327/2361
f 3931/324/2360 3929/325/2358 3934/325/2363
f 3934/325/2363 3935/324/2364 3931/324/2360
f 3933/328/2362 3931/324/2360 3935/324/2364
f 3935/324/2364 3936/328/2365 3933/328/2362
f 3937/327/2366 3936/328/2365 3935/324/2364
f 3935/324/2364 3938/324/2367 3937/327/2366
f 3938/324/2367 3935/324/2364 3934/325/2363
f 3934/325/2363 3939/326/2368 3938/324/2367
f 3940/329/2369 3932/327/2361 3933/328/2362
f 3933/328/2362 3941/330/2370 3940/329/2369
f 3942/331/2371 3940/329/2369 3941/330/2370
f 3941/330/2370 3943/332/2372 3942/331/2371
f 3941/330/2370 3933/328/2362 3936/328/2365
f 3936/328/2365 3946/330/2375 3941/330/2370
f 3944/329/2373 3942/331/2371 3943/332/2372
f 3943/332/2372 3945/330/2374 3944/329/2373
f 3943/332/2372 3941/330/2370 3946/330/2375
f 3946/330/2375 3947/332/2376 3943/332/2372
f 3945/330/2374 3943/332/2372 3947/332/2376
f 3947/332/2376 3948/330/2377 3945/330/2374
f 3949/329/2378 3948/330/2377 3947/332/2376
f 3947/332/2376 3950/331/2379 3949/329/2378
f 3950/331/2379 3947/332/2376 3946/330/2375
f 3946/330/2375 3951/329/2380 3950/331/2379
f 3951/329/2380 3946/330/2375 3936/328/2365
f 3936/328/2365 3937/327/2366 3951/329/2380
f 3952/327/2381 3944/329/2373 3945/330/2374
f 3945/330/2374 3953/328/2382 3952/327/2381
f 3954/324/2383 3952/327/2381 3953/328/2382
f 3953/328/2382 3955/324/2384 3954/324/2383
f 3953/328/2382 3945/330/2374 3948/330/2377
f 3948/330/2377 3958/328/2387 3953/328/2382
f 3956/326/2385 3954/324/2383 3955/324/2384
f 3955/324/2384 3957/325/2386 3956/326/2385
f 3955/324/2384 3953/328/2382 3958/328/2387
f 3958/328/2387 3959/324/2388 3955/324/2384
f 3957/325/2386 3955/324/2384 3959/324/2388
f 3959/324/2388 3960/325/2389 3957/325/2386
f 3961/326/2390 3960/325/2389 3959/324/2388
f 3959/324/2388 3962/324/2391 3961/326/2390
f 3962/324/2391 3959/324/2388 3958/328/2387
f 3958/328/2387 3963/327/2392 3962/324/2391
f 3963/327/2392 3958/328/2387 3948/330/2377
f 3948/330/2377 3949/329/2378 3963/327/2392
f 3964/333/2393 3956/326/2385 3957/325/2386
f 3957/325/2386 3965/334/2394 3964/333/2393
f 3965/334/2394 3957/325/2386 3960/325/2389
f 3960/325/2389 3966/334/2395 3965/334/2394
f 3967/333/2396 3966/334/2395 3960/325/2389
f 3960/325/2389 3961/326/2390 3967/333/2396
f 3968/335/2397 3964/333/2393 3965/334/2394
f 3965/334/2394 3969/336/2398 3968/335/2397
f 3970/333/2399 3968/335/2397 3969/336/2398
f 3969/336/2398 3971/334/2400 3970/333/2399
f 3969/336/2398 3965/334/2394 3966/334/2395
f 3966/334/2395 3972/336/2401 3969/336/2398
f 3930/326/2359 3970/333/2399 3971/334/2400
f 3971/334/2400 3929/325/2358 3930/326/2359
f 3971/334/2400 3969/336/2398 3972/336/2401
f 3972/336/2401 3973/334/2402 3971/334/2400
f 3929/325/2358 3971/334/2400 3973/334/2402
f 3973/334/2402 3934/325/2363 3929/325/2358
f 3939/326/2368 3934/325/2363 3973/334/2402
f 3973/334/2402 3974/333/2403 3939/326/2368
f 3974/333/2403 3973/334/2402 3972/336/2401
f 3972/336/2401 3975/335/2404 3974/333/2403
f 3975/335/2404 3972/336/2401 3966/334/2395
f 3966/334/2395 3967/333/2396 3975/335/2404
f 3978/339/2395 3977/338/2396 3976/337/2404
f 3976/337/2404 3979/340/2401 3978/339/2395
f 3979/340/2401 3976/337/2404 3980/338/2403
f 3980/338/2403 3983/339/2402 3979/340/2401
f 3978/339/2395 3979/340/2401 3981/340/2398
f 3981/340/2398 3982/339/2394 3978/339/2395
f 3983/339/2402 3980/338/2403 3984/341/2368
f 3984/341/2368 3985/342/2363 3983/339/2402
f 3983/339/2402 3985/342/2363 3986/342/2358
f 3986/342/2358 3987/339/2400 3983/339/2402
f 3979/340/2401 3983/339/2402 3987/339/2400
f 3987/339/2400 3981/340/2398 3979/340/2401
f 3987/339/2400 3986/342/2358 3988/341/2359
f 3988/341/2359 3989/338/2399 3987/339/2400
f 3981/340/2398 3987/339/2400 3989/338/2399
f 3989/338/2399 3990/337/2397 3981/340/2398
f 3982/339/2394 3981/340/2398 3990/337/2397
f 3990/337/2397 3991/338/2393 3982/339/2394
f 3992/343/2357 3988/341/2359 3986/342/2358
f 3986/342/2358 3993/343/2360 3992/343/2357
f 3994/344/2361 3992/343/2357 3993/343/2360
f 3993/343/2360 3995/345/2362 3994/344/2361
f 3993/343/2360 3986/342/2358 3985/342/2363
f 3985/342/2363 3996/343/2364 3993/343/2360
f 3995/345/2362 3993/343/2360 3996/343/2364
f 3996/343/2364 3997/345/2365 3995/345/2362
f 3998/344/2366 3997/345/2365 3996/343/2364
f 3996/343/2364 3999/343/2367 3998/344/2366
f 3999/343/2367 3996/343/2364 3985/342/2363
f 3985/342/2363 3984/341/2368 3999/343/2367
f 4000/346/2369 3994/344/2361 3995/345/2362
f 3995/345/2362 4001/347/2370 4000/346/2369
f 4002/348/2371 4000/346/2369 4001/347/2370
f 4001/347/2370 4003/349/2372 4002/348/2371
f 4001/347/2370 3995/345/2362 3997/345/2365
f 3997/345/2365 4006/347/2375 4001/347/2370
f 4004/346/2373 4002/348/2371 4003/349/2372
f 4003/349/2372 4005/347/2374 4004/346/2373
f 4003/349/2372 4001/347/2370 4006/347/2375
f 4006/347/2375 4007/349/2376 4003/349/2372
f 4005/347/2374 4003/349/2372 4007/349/2376
f 4007/349/2376 4008/347/2377 4005/347/2374
f 4009/346/2378 4008/347/2377 4007/349/2376
f 4007/349/2376 4010/348/2379 4009/346/2378
f 4010/348/2379 4007/349/2376 4006/347/2375
f 4006/347/2375 4011/346/2380 4010/348/2379
f 4011/346/2380 4006/347/2375 3997/345/2365
f 3997/345/2365 3998/344/2366 4011/346/2380
f 4012/344/2405 4004/346/2373 4005/347/2374
f 4005/347/2374 4013/345/2382 4012/344/2405
f 4014/343/2383 4012/344/2405 4013/345/2382
f 4013/345/2382 4015/343/2384 4014/343/2383
f 4013/345/2382 4005/347/2374 4008/347/2377
f 4008/347/2377 4018/345/2387 4013/345/2382
f 4016/341/2385 4014/343/2383 4015/343/2384
f 4015/343/2384 4017/342/2386 4016/341/2385
f 4015/343/2384 4013/345/2382 4018/345/2387
f 4018/345/2387 4019/343/2388 4015/343/2384
f 4017/342/2386 4015/343/2384 4019/343/2388
f 4019/343/2388 4020/342/2389 4017/342/2386
f 4021/341/2390 4020/342/2389 4019/343/2388
f 4019/343/2388 4022/343/2391 4021/341/2390
f 4022/343/2391 4019/343/2388 4018/345/2387
f 4018/345/2387 4023/344/2406 4022/343/2391
f 4023/344/2406 4018/345/2387 4008/347/2377
f 4008/347/2377 4009/346/2378 4023/344/2406
f 3991/338/2393 4016/341/2385 4017/342/2386
f 4017/342/2386 3982/339/2394 3991/338/2393
f 3982/339/2394 4017/342/2386 4020/342/2389
f 4020/342/2389 3978/339/2395 3982/339/2394
f 3977/338/2396 3978/339/2395 4020/342/2389
f 4020/342/2389 4021/341/2390 3977/338/2396
f 4026/334/2395 4025/333/2396 4024/335/2404
f 4024/335/2404 4027/336/2401 4026/334/2395
f 4027/336/2401 4024/335/2404 4028/333/2403
f 4028/333/2403 4031/334/2402 4027/336/2401
f 4026/334/2395 4027/336/2401 4029/336/2398
f 4029/336/2398 4030/334/2394 4026/334/2395
f 4031/334/2402 4028/333/2403 4032/326/2407
f 4032/326/2407 4033/325/2363 4031/334/2402
f 4031/334/2402 4033/325/2363 4034/325/2358
f 4034/325/2358 4035/334/2400 4031/334/2402
f 4027/336/2401 4031/334/2402 4035/334/2400
f 4035/334/2400 4029/336/2398 4027/336/2401
f 4035/334/2400 4034/325/2358 4036/326/2408
f 4036/326/2408 4037/333/2399 4035/334/2400
f 4029/336/2398 4035/334/2400 4037/333/2399
f 4037/333/2399 4038/335/2397 4029/336/2398
f 4030/334/2394 4029/336/2398 4038/335/2397
f 4038/335/2397 4039/333/2393 4030/334/2394
f 4040/324/2357 4036/326/2408 4034/325/2358
f 4034/325/2358 4041/324/2360 4040/324/2357
f 4042/327/2361 4040/324/2357 4041/324/2360
f 4041/324/2360 4043/328/2362 4042/327/2361
f 4041/324/2360 4034/325/2358 4033/325/2363
f 4033/325/2363 4044/324/2364 4041/324/2360
f 4043/328/2362 4041/324/2360 4044/324/2364
f 4044/324/2364 4045/328/2365 4043/328/2362
f 4046/327/2366 4045/328/2365 4044/324/2364
f 4044/324/2364 4047/324/2367 4046/327/2366
f 4047/324/2367 4044/324/2364 4033/325/2363
f 4033/325/2363 4032/326/2407 4047/324/2367
f 4048/329/2369 4042/327/2361 4043/328/2362
f 4043/328/2362 4049/330/2370 4048/329/2369
f 4050/331/2371 4048/329/2369 4049/330/2370
f 4049/330/2370 4051/332/2372 4050/331/2371
f 4049/330/2370 4043/328/2362 4045/328/2365
f 4045/328/2365 4054/330/2375 4049/330/2370
f 4052/329/2373 4050/331/2371 4051/332/2372
f 4051/332/2372 4053/330/2374 4052/329/2373
f 4051/332/2372 4049/330/2370 4054/330/2375
f 4054/330/2375 4055/332/2376 4051/332/2372
f 4053/330/2374 4051/332/2372 4055/332/2376
f 4055/332/2376 4056/330/2377 4053/330/2374
f 4057/329/2378 4056/330/2377 4055/332/2376
f 4055/332/2376 4058/331/2379 4057/329/2378
f 4058/331/2379 4055/332/2376 4054/330/2375
f 4054/330/2375 4059/329/2380 4058/331/2379
f 4059/329/2380 4054/330/2375 4045/328/2365
f 4045/328/2365 4046/327/2366 4059/329/2380
f 4060/327/2405 4052/329/2373 4053/330/2374
f 4053/330/2374 4061/328/2382 4060/327/2405
f 4062/324/2383 4060/327/2405 4061/328/2382
f 4061/328/2382 4063/324/2384 4062/324/2383
f 4061/328/2382 4053/330/2374 4056/330/2377
f 4056/330/2377 4066/328/2387 4061/328/2382
f 4064/326/2385 4062/324/2383 4063/324/2384
f 4063/324/2384 4065/325/2386 4064/326/2385
f 4063/324/2384 4061/328/2382 4066/328/2387
f 4066/328/2387 4067/324/2388 4063/324/2384
f 4065/325/2386 4063/324/2384 4067/324/2388
f 4067/324/2388 4068/325/2389 4065/325/2386
f 4069/326/2390 4068/325/2389 4067/324/2388
f 4067/324/2388 4070/324/2391 4069/326/2390
f 4070/324/2391 4067/324/2388 4066/328/2387
f 4066/328/2387 4071/327/2406 4070/324/2391
f 4071/327/2406 4066/328/2387 4056/330/2377
f 4056/330/2377 4057/329/2378 4071/327/2406
f 4039/333/2393 4064/326/2385 4065/325/2386
f 4065/325/2386 4030/334/2394 4039/333/2393
f 4030/334/2394 4065/325/2386 4068/325/2389
f 4068/325/2389 4026/334/2395 4030/334/2394
f 4025/333/2396 4026/334/2395 4068/325/2389
f 4068/325/2389 4069/326/2390 4025/333/2396
f 4074/339/2395 4073/338/2396 4072/337/2404
f 4072/337/2404 4075/340/2401 4074/339/2395
f 4075/340/2401 4072/337/2404 4076/338/2403
f 4076/338/2403 4079/339/2402 4075/340/2401
f 4074/339/2395 4075/340/2401 4077/340/2398
f 4077/340/2398 4078/339/2394 4074/339/2395
f 4079/339/2402 4076/338/2403 4080/341/2407
f 4080/341/2407 4081/342/2363 4079/339/2402
f 4079/339/2402 4081/342/2363 4082/342/2358
f 4082/342/2358 4083/339/2400 4079/339/2402
f 4075/340/2401 4079/339/2402 4083/339/2400
f 4083/339/2400 4077/340/2398 4075/340/2401
f 4083/339/2400 4082/342/2358 4084/341/2408
f 4084/341/2408 4085/338/2399 4083/339/2400
f 4077/340/2398 4083/339/2400 4085/338/2399
f 4085/338/2399 4086/337/2397 4077/340/2398
f 4078/339/2394 4077/340/2398 4086/337/2397
f 4086/337/2397 4087/338/2393 4078/339/2394
f 4088/343/2357 4084/341/2408 4082/342/2358
f 4082/342/2358 4089/343/2360 4088/343/2357
f 4090/344/2361 4088/343/2357 4089/343/2360
f 4089/343/2360 4091/345/2362 4090/344/2361
f 4089/343/2360 4082/342/2358 4081/342/2363
f 4081/342/2363 4092/343/2364 4089/343/2360
f 4091/345/2362 4089/343/2360 4092/343/2364
f 4092/343/2364 4093/345/2365 4091/345/2362
f 4094/344/2366 4093/345/2365 4092/343/2364
f 4092/343/2364 4095/343/2367 4094/344/2366
f 4095/343/2367 4092/343/2364 4081/342/2363
f 4081/342/2363 4080/341/2407 4095/343/2367
f 4096/346/2369 4090/344/2361 4091/345/2362
f 4091/345/2362 4097/347/2370 4096/346/2369
f 4098/348/2371 4096/346/2369 4097/347/2370
f 4097/347/2370 4099/349/2372 4098/348/2371
f 4097/347/2370 4091/345/2362 4093/345/2365
f 4093/345/2365 4102/347/2375 4097/347/2370
f 4100/346/2373 4098/348/2371 4099/349/2372
f 4099/349/2372 4101/347/2374 4100/346/2373
f 4099/349/2372 4097/347/2370 4102/347/2375
f 4102/347/2375 4103/349/2376 4099/349/2372
f 4101/347/2374 4099/349/2372 4103/349/2376
f 4103/349/2376 4104/347/2377 4101/347/2374
f 4105/346/2378 4104/347/2377 4103/349/2376
f 4103/349/2376 4106/348/2379 4105/346/2378
f 4106/348/2379 4103/349/2376 4102/347/2375
f 4102/347/2375 4107/346/2380 4106/348/2379
f 4107/346/2380 4102/347/2375 4093/345/2365
f 4093/345/2365 4094/344/2366 4107/346/2380
f 4108/344/2381 4100/346/2373 4101/347/2374
f 4101/347/2374 4109/345/2382 4108/344/2381
f 4110/343/2383 4108/344/2381 4109/345/2382
f 4109/345/2382 4111/343/2384 4110/343/2383
f 4109/345/2382 4101/347/2374 4104/347/2377
f 4104/347/2377 4114/345/2387 4109/345/2382
f 4112/341/2385 4110/343/2383 4111/343/2384
f 4111/343/2384 4113/342/2386 4112/341/2385
f 4111/343/2384 4109/345/2382 4114/345/2387
f 4114/345/2387 4115/343/2388 4111/343/2384
f 4113/342/2386 4111/343/2384 4115/343/2388
f 4115/343/2388 4116/342/2389 4113/342/2386
f 4117/341/2390 4116/342/2389 4115/343/2388
f 4115/343/2388 4118/343/2391 4117/341/2390
f 4118/343/2391 4115/343/2388 4114/345/2387
f 4114/345/2387 4119/344/2392 4118/343/2391
f 4119/344/2392 4114/345/2387 4104/347/2377
f 4104/347/2377 4105/346/2378 4119/344/2392
f 4087/338/2393 4112/341/2385 4113/342/2386
f 4113/342/2386 4078/339/2394 4087/338/2393
f 4078/339/2394 4113/342/2386 4116/342/2389
f 4116/342/2389 4074/339/2395 4078/339/2394
f 4073/338/2396 4074/339/2395 4116/342/2389
f 4116/342/2389 4117/341/2390 4073/338/2396
f 4122/334/2395 4121/333/2396 4120/335/2404
f 4120/335/2404 4123/336/2401 4122/334/2395
f 4123/336/2401 4120/335/2404 4124/333/2403
f 4124/333/2403 4127/334/2402 4123/336/2401
f 4122/334/2395 4123/336/2401 4125/336/2398
f 4125/336/2398 4126/334/2394 4122/334/2395
f 4127/334/2402 4124/333/2403 4128/326/2368
f 4128/326/2368 4129/325/2363 4127/334/2402
f 4127/334/2402 4129/325/2363 4130/325/2358
f 4130/325/2358 4131/334/2400 4127/334/2402
f 4123/336/2401 4127/334/2402 4131/334/2400
f 4131/334/2400 4125/336/2398 4123/336/2401
f 4131/334/2400 4130/325/2358 4132/326/2359
f 4132/326/2359 4133/333/2399 4131/334/2400
f 4125/336/2398 4131/334/2400 4133/333/2399
f 4133/333/2399 4134/335/2397 4125/336/2398
f 4126/334/2394 4125/336/2398 4134/335/2397
f 4134/335/2397 4135/333/2393 4126/334/2394
f 4136/324/2357 4132/326/2359 4130/325/2358
f 4130/325/2358 4137/324/2360 4136/324/2357
f 4138/327/2361 4136/324/2357 4137/324/2360
f 4137/324/2360 4139/328/2362 4138/327/2361
f 4137/324/2360 4130/325/2358 4129/325/2363
f 4129/325/2363 4140/324/2364 4137/324/2360
f 4139/328/2362 4137/324/2360 4140/324/2364
f 4140/324/2364 4141/328/2365 4139/328/2362
f 4142/327/2366 4141/328/2365 4140/324/2364
f 4140/324/2364 4143/324/2367 4142/327/2366
f 4143/324/2367 4140/324/2364 4129/325/2363
f 4129/325/2363 4128/326/2368 4143/324/2367
f 4144/329/2369 4138/327/2361 4139/328/2362
f 4139/328/2362 4145/330/2370 4144/329/2369
f 4146/331/2371 4144/329/2369 4145/330/2370
f 4145/330/2370 4147/332/2372 4146/331/2371
f 4145/330/2370 4139/328/2362 4141/328/2365
f 4141/328/2365 4150/330/2375 4145/330/2370
f 4148/329/2373 4146/331/2371 4147/332/2372
f 4147/332/2372 4149/330/2374 4148/329/2373
f 4147/332/2372 4145/330/2370 4150/330/2375
f 4150/330/2375 4151/332/2376 4147/332/2372
f 4149/330/2374 4147/332/2372 4151/332/2376
f 4151/332/2376 4152/330/2377 4149/330/2374
f 4153/329/2378 4152/330/2377 4151/332/2376
f 4151/332/2376 4154/331/2379 4153/329/2378
f 4154/331/2379 4151/332/2376 4150/330/2375
f 4150/330/2375 4155/329/2380 4154/331/2379
f 4155/329/2380 4150/330/2375 4141/328/2365
f 4141/328/2365 4142/327/2366 4155/329/2380
f 4156/327/2381 4148/329/2373 4149/330/2374
f 4149/330/2374 4157/328/2382 4156/327/2381
f 4158/324/2383 4156/327/2381 4157/328/2382
f 4157/328/2382 4159/324/2384 4158/324/2383
f 4157/328/2382 4149/330/2374 4152/330/2377
f 4152/330/2377 4162/328/2387 4157/328/2382
f 4160/326/2385 4158/324/2383 4159/324/2384
f 4159/324/2384 4161/325/2386 4160/326/2385
f 4159/324/2384 4157/328/2382 4162/328/2387
f 4162/328/2387 4163/324/2388 4159/324/2384
f 4161/325/2386 4159/324/2384 4163/324/2388
f 4163/324/2388 4164/325/2389 4161/325/2386
f 4165/326/2390 4164/325/2389 4163/324/2388
f 4163/324/2388 4166/324/2391 4165/326/2390
f 4166/324/2391 4163/324/2388 4162/328/2387
f 4162/328/2387 4167/327/2392 4166/324/2391
f 4167/327/2392 4162/328/2387 4152/330/2377
f 4152/330/2377 4153/329/2378 4167/327/2392
f 4135/333/2393 4160/326/2385 4161/325/2386
f 4161/325/2386 4126/334/2394 4135/333/2393
f 4126/334/2394 4161/325/2386 4164/325/2389
f 4164/325/2389 4122/334/2395 4126/334/2394
f 4121/333/2396 4122/334/2395 4164/325/2389
f 4164/325/2389 4165/326/2390 4121/333/2396
f 4170/339/2395 4169/338/2396 4168/337/2404
f 4168/337/2404 4171/340/2401 4170/339/2395
f 4171/340/2401 4168/337/2404 4172/338/2403
f 4172/338/2403 4175/339/2402 4171/340/2401
f 4170/339/2395 4171/340/2401 4173/340/2398
f 4173/340/2398 4174/339/2394 4170/339/2395
f 4175/339/2402 4172/338/2403 4176/341/2368
f 4176/341/2368 4177/342/2363 4175/339/2402
f 4175/339/2402 4177/342/2363 4178/342/2358
f 4178/342/2358 4179/339/2400 4175/339/2402
f 4171/340/2401 4175/339/2402 4179/339/2400
f 4179/339/2400 4173/340/2398 4171/340/2401
f 4179/339/2400 4178/342/2358 4180/341/2359
f 4180/341/2359 4181/338/2399 4179/339/2400
f 4173/340/2398 4179/339/2400 4181/338/2399
f 4181/338/2399 4182/337/2397 4173/340/2398
f 4174/339/2394 4173/340/2398 4182/337/2397
f 4182/337/2397 4183/338/2393 4174/339/2394
f 4184/343/2357 4180/341/2359 4178/342/2358
f 4178/342/2358 4185/343/2360 4184/343/2357
f 4186/344/2361 4184/343/2357 4185/343/2360
f 4185/343/2360 4187/345/2362 4186/344/2361
f 4185/343/2360 4178/342/2358 4177/342/2363
f 4177/342/2363 4188/343/2364 4185/343/2360
f 4187/345/2362 4185/343/2360 4188/343/2364
f 4188/343/2364 4189/345/2365 4187/345/2362
f 4190/344/2366 4189/345/2365 4188/343/2364
f 4188/343/2364 4191/343/2367 4190/344/2366
f 4191/343/2367 4188/343/2364 4177/342/2363
f 4177/342/2363 4176/341/2368 4191/343/2367
f 4192/346/2369 4186/344/2361 4187/345/2362
f 4187/345/2362 4193/347/2370 4192/346/2369
f 4194/348/2371 4192/346/2369 4193/347/2370
f 4193/347/2370 4195/349/2372 4194/348/2371
f 4193/347/2370 4187/345/2362 4189/345/2365
f 4189/345/2365 4198/347/2375 4193/347/2370
f 4196/346/2373 4194/348/2371 4195/349/2372
f 4195/349/2372 4197/347/2374 4196/346/2373
f 4195/349/2372 4193/347/2370 4198/347/2375
f 4198/347/2375 4199/349/2376 4195/349/2372
f 4197/347/2374 4195/349/2372 4199/349/2376
f 4199/349/2376 4200/347/2377 4197/347/2374
f 4201/346/2378 4200/347/2377 4199/349/2376
f 4199/349/2376 4202/348/2379 4201/346/2378
f 4202/348/2379 4199/349/2376 4198/347/2375
f 4198/347/2375 4203/346/2380 4202/348/2379
f 4203/346/2380 4198/347/2375 4189/345/2365
f 4189/345/2365 4190/344/2366 4203/346/2380
f 4204/344/2405 4196/346/2373 4197/347/2374
f 4197/347/2374 4205/345/2382 4204/344/2405
f 4206/343/2383 4204/344/2405 4205/345/2382
f 4205/345/2382 4207/343/2384 4206/343/2383
f 4205/345/2382 4197/347/2374 4200/347/2377
f 4200/347/2377 4210/345/2387 4205/345/2382
f 4208/341/2385 4206/343/2383 4207/343/2384
f 4207/343/2384 4209/342/2386 4208/341/2385
f 4207/343/2384 4205/345/2382 4210/345/2387
f 4210/345/2387 4211/343/2388 4207/343/2384
f 4209/342/2386 4207/343/2384 4211/343/2388
f 4211/343/2388 4212/342/2389 4209/342/2386
f 4213/341/2390 4212/342/2389 4211/343/2388
f 4211/343/2388 4214/343/2391 4213/341/2390
f 4214/343/2391 4211/343/2388 4210/345/2387
f 4210/345/2387 4215/344/2406 4214/343/2391
f 4215/344/2406 4210/345/2387 4200/347/2377
f 4200/347/2377 4201/346/2378 4215/344/2406
f 4183/338/2393 4208/341/2385 4209/342/2386
f 4209/342/2386 4174/339/2394 4183/338/2393
f 4174/339/2394 4209/342/2386 4212/342/2389
f 4212/342/2389 4170/339/2395 4174/339/2394
f 4169/338/2396 4170/339/2395 4212/342/2389
f 4212/342/2389 4213/341/2390 4169/338/2396
f 4218/334/2395 4217/333/2396 4216/335/2404
f 4216/335/2404 4219/336/2401 4218/334/2395
f 4219/336/2401 4216/335/2404 4220/333/2403
f 4220/333/2403 4223/334/2402 4219/336/2401
f 4218/334/2395 4219/336/2401 4221/336/2398
f 4221/336/2398 4222/334/2394 4218/334/2395
f 4223/334/2402 4220/333/2403 4224/326/2407
f 4224/326/2407 4225/325/2363 4223/334/2402
f 4223/334/2402 4225/325/2363 4226/325/2358
f 4226/325/2358 4227/334/2400 4223/334/2402
f 4219/336/2401 4223/334/2402 4227/334/2400
f 4227/334/2400 4221/336/2398 4219/336/2401
f 4227/334/2400 4226/325/2358 4228/326/2408
f 4228/326/2408 4229/333/2399 4227/334/2400
f 4221/336/2398 4227/334/2400 4229/333/2399
f 4229/333/2399 4230/335/2397 4221/336/2398
f 4222/334/2394 4221/336/2398 4230/335/2397
f 4230/335/2397 4231/333/2393 4222/334/2394
f 4232/324/2357 4228/326/2408 4226/325/2358
f 4226/325/2358 4233/324/2360 4232/324/2357
f 4234/327/2361 4232/324/2357 4233/324/2360
f 4233/324/2360 4235/328/2362 4234/327/2361
f 4233/324/2360 4226/325/2358 4225/325/2363
f 4225/325/2363 4236/324/2364 4233/324/2360
f 4235/328/2362 4233/324/2360 4236/324/2364
f 4236/324/2364 4237/328/2365 4235/328/2362
f 4238/327/2366 4237/328/2365 4236/324/2364
f 4236/324/2364 4239/324/2367 4238/327/2366
f 4239/324/2367 4236/324/2364 4225/325/2363
f 4225/325/2363 4224/326/2407 4239/324/2367
f 4240/329/2369 4234/327/2361 4235/328/2362
f 4235/328/2362 4241/330/2370 4240/329/2369
f 4242/331/2371 4240/329/2369 4241/330/2370
f 4241/330/2370 4243/332/2372 4242/331/2371
f 4241/330/2370 4235/328/2362 4237/328/2365
f 4237/328/2365 4246/330/2375 4241/330/2370
f 4244/329/2373 4242/331/2371 4243/332/2372
f 4243/332/2372 4245/330/2374 4244/329/2373
f 4243/332/2372 4241/330/2370 4246/330/2375
f 4246/330/2375 4247/332/2376 4243/332/2372
f 4245/330/2374 4243/332/2372 4247/332/2376
f 4247/332/2376 4248/330/2377 4245/330/2374
f 4249/329/2378 4248/330/2377 4247/332/2376
f 4247/332/2376 4250/331/2379 4249/329/2378
f 4250/331/2379 4247/332/2376 4246/330/2375
f 4246/330/2375 4251/329/2380 4250/331/2379
f 4251/329/2380 4246/330/2375 4237/328/2365
f 4237/328/2365 4238/327/2366 4251/329/2380
f 4252/327/2405 4244/329/2373 4245/330/2374
f 4245/330/2374 4253/328/2382 4252/327/2405
f 4254/324/2383 4252/327/2405 4253/328/2382
f 4253/328/2382 4255/324/2384 4254/324/2383
f 4253/328/2382 4245/330/2374 4248/330/2377
f 4248/330/2377 4258/328/2387 4253/328/2382
f 4256/326/2385 4254/324/2383 4255/324/2384
f 4255/324/2384 4257/325/2386 4256/326/2385
f 4255/324/2384 4253/328/2382 4258/328/2387
f 4258/328/2387 4259/324/2388 4255/324/2384
f 4257/325/2386 4255/324/2384 4259/324/2388
f 4259/324/2388 4260/325/2389 4257/325/2386
f 4261/326/2390 4260/325/2389 4259/324/2388
f 4259/324/2388 4262/324/2391 4261/326/2390
f 4262/324/2391 4259/324/2388 4258/328/2387
f 4258/328/2387 4263/327/2406 4262/324/2391
f 4263/327/2406 4258/328/2387 4248/330/2377
f 4248/330/2377 4249/329/2378 4263/327/2406
f 4231/333/2393 4256/326/2385 4257/325/2386
f 4257/325/2386 4222/334/2394 4231/333/2393
f 4222/334/2394 4257/325/2386 4260/325/2389
f 4260/325/2389 4218/334/2395 4222/334/2394
f 4217/333/2396 4218/334/2395 4260/325/2389
f 4260/325/2389 4261/326/2390 4217/333/2396
f 4266/339/2395 4265/338/2396 4264/337/2404
f 4264/337/2404 4267/340/2401 4266/339/2395
f 4267/340/2401 4264/337/2404 4268/338/2403
f 4268/338/2403 4271/339/2402 4267/340/2401
f 4266/339/2395 4267/340/2401 4269/340/2398
f 4269/340/2398 4270/339/2394 4266/339/2395
f 4271/339/2402 4268/338/2403 4272/341/2407
f 4272/341/2407 4273/342/2363 4271/339/2402
f 4271/339/2402 4273/342/2363 4274/342/2358
f 4274/342/2358 4275/339/2400 4271/339/2402
f 4267/340/2401 4271/339/2402 4275/339/2400
f 4275/339/2400 4269/340/2398 4267/340/2401
f 4275/339/2400 4274/342/2358 4276/341/2408
f 4276/341/2408 4277/338/2399 4275/339/2400
f 4269/340/2398 4275/339/2400 4277/338/2399
f 4277/338/2399 4278/337/2397 4269/340/2398
f 4270/339/2394 4269/340/2398 4278/337/2397
f 4278/337/2397 4279/338/2393 4270/339/2394
f 4280/343/2357 4276/341/2408 4274/342/2358
f 4274/342/2358 4281/343/2360 4280/343/2357
f 4282/344/2361 4280/343/2357 4281/343/2360
f 4281/343/2360 4283/345/2362 4282/344/2361
f 4281/343/2360 4274/342/2358 4273/342/2363
f 4273/342/2363 4284/343/2364 4281/343/2360
f 4283/345/2362 4281/343/2360 4284/343/2364
f 4284/343/2364 4285/345/2365 4283/345/2362
f 4286/344/2366 4285/345/2365 4284/343/2364
f 4284/343/2364 4287/343/2367 4286/344/2366
f 4287/343/2367 4284/343/2364 4273/342/2363
f 4273/342/2363 4272/341/2407 4287/343/2367
f 4288/346/2369 4282/344/2361 4283/345/2362
f 4283/345/2362 4289/347/2370 4288/346/2369
f 4290/348/2371 4288/346/2369 4289/347/2370
f 4289/347/2370 4291/349/2372 4290/348/2371
f 4289/347/2370 4283/345/2362 4285/345/2365
f 4285/345/2365 4294/347/2375 4289/347/2370
f 4292/346/2373 4290/348/2371 4291/349/2372
f 4291/349/2372 4293/347/2374 4292/346/2373
f 4291/349/2372 4289/347/2370 4294/347/2375
f 4294/347/2375 4295/349/2376 4291/349/2372
f 4293/347/2374 4291/349/2372 4295/349/2376
f 4295/349/2376 4296/347/2377 4293/347/2374
f 4297/346/2378 4296/347/2377 4295/349/2376
f 4295/349/2376 4298/348/2379 4297/346/2378
f 4298/348/2379 4295/349/2376 4294/347/2375
f 4294/347/2375 4299/346/2380 4298/348/2379
f 4299/346/2380 4294/347/2375 4285/345/2365
f 4285/345/2365 4286/344/2366 4299/346/2380
f 4300/344/2381 4292/346/2373 4293/347/2374
f 4293/347/2374 4301/345/2382 4300/344/2381
f 4302/343/2383 4300/344/2381 4301/345/2382
f 4301/345/2382 4303/343/2384 4302/343/2383
f 4301/345/2382 4293/347/2374 4296/347/2377
f 4296/347/2377 4306/345/2387 4301/345/2382
f 4304/341/2385 4302/343/2383 4303/343/2384
f 4303/343/2384 4305/342/2386 4304/341/2385
f 4303/343/2384 4301/345/2382 4306/345/2387
f 4306/345/2387 4307/343/2388 4303/343/2384
f 4305/342/2386 4303/343/2384 4307/343/2388
f 4307/343/2388 4308/342/2389 4305/342/2386
f 4309/341/2390 4308/342/2389 4307/343/2388
f 4307/343/2388 4310/343/2391 4309/341/2390
f 4310/343/2391 4307/343/2388 4306/345/2387
f 4306/345/2387 4311/344/2392 4310/343/2391
f 4311/344/2392 4306/345/2387 4296/347/2377
f 4296/347/2377 4297/346/2378 4311/344/2392
f 4279/338/2393 4304/341/2385 4305/342/2386
f 4305/342/2386 4270/339/2394 4279/338/2393
f 4270/339/2394 4305/342/2386 4308/342/2389
f 4308/342/2389 4266/339/2395 4270/339/2394
f 4265/338/2396 4266/339/2395 4308/342/2389
f 4308/342/2389 4309/341/2390 4265/338/2396
f 4314/334/2395 4313/333/2396 4312/335/2404
f 4312/335/2404 4315/336/2401 4314/334/2395
f 4315/336/2401 4312/335/2404 4316/333/2403
f 4316/333/2403 4319/334/2402 4315/336/2401
f 4314/334/2395 4315/336/2401 4317/336/2398
f 4317/336/2398 4318/334/2394 4314/334/2395
f 4319/334/2402 4316/333/2403 4320/326/2368
f 4320/326/2368 4321/325/2363 4319/334/2402
f 4319/334/2402 4321/325/2363 4322/325/2358
f 4322/325/2358 4323/334/2400 4319/334/2402
f 4315/336/2401 4319/334/2402 4323/334/2400
f 4323/334/2400 4317/336/2398 4315/336/2401
f 4323/334/2400 4322/325/2358 4324/326/2359
f 4324/326/2359 4325/333/2399 4323/334/2400
f 4317/336/2398 4323/334/2400 4325/333/2399
f 4325/333/2399 4326/335/2397 4317/336/2398
f 4318/334/2394 4317/336/2398 4326/335/2397
f 4326/335/2397 4327/333/2393 4318/334/2394
f 4328/324/2357 4324/326/2359 4322/325/2358
f 4322/325/2358 4329/324/2360 4328/324/2357
f 4330/327/2361 4328/324/2357 4329/324/2360
f 4329/324/2360 4331/328/2362 4330/327/2361
f 4329/324/2360 4322/325/2358 4321/325/2363
f 4321/325/2363 4332/324/2364 4329/324/2360
f 4331/328/2362 4329/324/2360 4332/324/2364
f 4332/324/2364 4333/328/2365 4331/328/2362
f 4334/327/2366 4333/328/2365 4332/324/2364
f 4332/324/2364 4335/324/2367 4334/327/2366
f 4335/324/2367 4332/324/2364 4321/325/2363
f 4321/325/2363 4320/326/2368 4335/324/2367
f 4336/329/2369 4330/327/2361 4331/328/2362
f 4331/328/2362 4337/330/2370 4336/329/2369
f 4338/331/2371 4336/329/2369 4337/330/2370
f 4337/330/2370 4339/332/2372 4338/331/2371
f 4337/330/2370 4331/328/2362 4333/328/2365
f 4333/328/2365 4342/330/2375 4337/330/2370
f 4340/329/2373 4338/331/2371 4339/332/2372
f 4339/332/2372 4341/330/2374 4340/329/2373
f 4339/332/2372 4337/330/2370 4342/330/2375
f 4342/330/2375 4343/332/2376 4339/332/2372
f 4341/330/2374 4339/332/2372 4343/332/2376
f 4343/332/2376 4344/330/2377 4341/330/2374
f 4345/329/2378 4344/330/2377 4343/332/2376
f 4343/332/2376 4346/331/2379 4345/329/2378
f 4346/331/2379 4343/332/2376 4342/330/2375
f 4342/330/2375 4347/329/2380 4346/331/2379
f 4347/329/2380 4342/330/2375 4333/328/2365
f 4333/328/2365 4334/327/2366 4347/329/2380
f 4348/327/2381 4340/329/2373 4341/330/2374
f 4341/330/2374 4349/328/2382 4348/327/2381
f 4350/324/2383 4348/327/2381 4349/328/2382
f 4349/328/2382 4351/324/2384 4350/324/2383
f 4349/328/2382 4341/330/2374 4344/330/2377
f 4344/330/2377 4354/328/2387 4349/328/2382
f 4352/326/2385 4350/324/2383 4351/324/2384
f 4351/324/2384 4353/325/2386 4352/326/2385
f 4351/324/2384 4349/328/2382 4354/328/2387
f 4354/328/2387 4355/324/2388 4351/324/2384
f 4353/325/2386 4351/324/2384 4355/324/2388
f 4355/324/2388 4356/325/2389 4353/325/2386
f 4357/326/2390 4356/325/2389 4355/324/2388
f 4355/324/2388 4358/324/2391 4357/326/2390
f 4358/324/2391 4355/324/2388 4354/328/2387
f 4354/328/2387 4359/327/2392 4358/324/2391
f 4359/327/2392 4354/328/2387 4344/330/2377
f 4344/330/2377 4345/329/2378 4359/327/2392
f 4327/333/2393 4352/326/2385 4353/325/2386
f 4353/325/2386 4318/334/2394 4327/333/2393
f 4318/334/2394 4353/325/2386 4356/325/2389
f 4356/325/2389 4314/334/2395 4318/334/2394
f 4313/333/2396 4314/334/2395 4356/325/2389
f 4356/325/2389 4357/326/2390 4313/333/2396
f 4362/339/2395 4361/338/2396 4360/337/2404
f 4360/337/2404 4363/340/2401 4362/339/2395
f 4363/340/2401 4360/337/2404 4364/338/2403
f 4364/338/2403 4367/339/2402 4363/340/2401
f 4362/339/2395 4363/340/2401 4365/340/2398
f 4365/340/2398 4366/339/2394 4362/339/2395
f 4367/339/2402 4364/338/2403 4368/341/2368
f 4368/341/2368 4369/342/2363 4367/339/2402
f 4367/339/2402 4369/342/2363 4370/342/2358
f 4370/342/2358 4371/339/2400 4367/339/2402
f 4363/340/2401 4367/339/2402 4371/339/2400
f 4371/339/2400 4365/340/2398 4363/340/2401
f 4371/339/2400 4370/342/2358 4372/341/2359
f 4372/341/2359 4373/338/2399 4371/339/2400
f 4365/340/2398 4371/339/2400 4373/338/2399
f 4373/338/2399 4374/337/2397 4365/340/2398
f 4366/339/2394 4365/340/2398 4374/337/2397
f 4374/337/2397 4375/338/2393 4366/339/2394
f 4376/343/2357 4372/341/2359 4370/342/2358
f 4370/342/2358 4377/343/2360 4376/343/2357
f 4378/344/2361 4376/343/2357 4377/343/2360
f 4377/343/2360 4379/345/2362 4378/344/2361
f 4377/343/2360 4370/342/2358 4369/342/2363
f 4369/342/2363 4380/343/2364 4377/343/2360
f 4379/345/2362 4377/343/2360 4380/343/2364
f 4380/343/2364 4381/345/2365 4379/345/2362
f 4382/344/2366 4381/345/2365 4380/343/2364
f 4380/343/2364 4383/343/2367 4382/344/2366
f 4383/343/2367 4380/343/2364 4369/342/2363
f 4369/342/2363 4368/341/2368 4383/343/2367
f 4384/346/2369 4378/344/2361 4379/345/2362
f 4379/345/2362 4385/347/2370 4384/346/2369
f 4386/348/2371 4384/346/2369 4385/347/2370
f 4385/347/2370 4387/349/2372 4386/348/2371
f 4385/347/2370 4379/345/2362 4381/345/2365
f 4381/345/2365 4390/347/2375 4385/347/2370
f 4388/346/2373 4386/348/2371 4387/349/2372
f 4387/349/2372 4389/347/2374 4388/346/2373
f 4387/349/2372 4385/347/2370 4390/347/2375
f 4390/347/2375 4391/349/2376 4387/349/2372
f 4389/347/2374 4387/349/2372 4391/349/2376
f 4391/349/2376 4392/347/2377 4389/347/2374
f 4393/346/2378 4392/347/2377 4391/349/2376
f 4391/349/2376 4394/348/2379 4393/346/2378
f 4394/348/2379 4391/349/2376 4390/347/2375
f 4390/347/2375 4395/346/2380 4394/348/2379
f 4395/346/2380 4390/347/2375 4381/345/2365
f 4381/345/2365 4382/344/2366 4395/346/2380
f 4396/344/2405 4388/346/2373 4389/347/2374
f 4389/347/2374 4397/345/2382 4396/344/2405
f 4398/343/2383 4396/344/2405 4397/345/2382
f 4397/345/2382 4399/343/2384 4398/343/2383
f 4397/345/2382 4389/347/2374 4392/347/2377
f 4392/347/2377 4402/345/2387 4397/345/2382
f 4400/341/2385 4398/343/2383 4399/343/2384
f 4399/343/2384 4401/342/2386 4400/341/2385
f 4399/343/2384 4397/345/2382 4402/345/2387
f 4402/345/2387 4403/343/2388 4399/343/2384
f 4401/342/2386 4399/343/2384 4403/343/2388
f 4403/343/2388 4404/342/2389 4401/342/2386
f 4405/341/2390 4404/342/2389 4403/343/2388
f 4403/343/2388 4406/343/2391 4405/341/2390
f 4406/343/2391 4403/343/2388 4402/345/2387
f 4402/345/2387 4407/344/2406 4406/343/2391
f 4407/344/2406 4402/345/2387 4392/347/2377
f 4392/347/2377 4393/346/2378 4407/344/2406
f 4375/338/2393 4400/341/2385 4401/342/2386
f 4401/342/2386 4366/339/2394 4375/338/2393
f 4366/339/2394 4401/342/2386 4404/342/2389
f 4404/342/2389 4362/339/2395 4366/339/2394
f 4361/338/2396 4362/339/2395 4404/342/2389
f 4404/342/2389 4405/341/2390 4361/338/2396
f 4410/334/2395 4409/333/2396 4408/335/2404
f 4408/335/2404 4411/336/2401 4410/334/2395
f 4411/336/2401 4408/335/2404 4412/333/2403
f 4412/333/2403 4415/334/2402 4411/336/2401
f 4410/334/2395 4411/336/2401 4413/336/2398
f 4413/336/2398 4414/334/2394 4410/334/2395
f 4415/334/2402 4412/333/2403 4416/326/2407
f 4416/326/2407 4417/325/2363 4415/334/2402
f 4415/334/2402 4417/325/2363 4418/325/2358
f 4418/325/2358 4419/334/2400 4415/334/2402
f 4411/336/2401 4415/334/2402 4419/334/2400
f 4419/334/2400 4413/336/2398 4411/336/2401
f 4419/334/2400 4418/325/2358 4420/326/2408
f 4420/326/2408 4421/333/2399 4419/334/2400
f 4413/336/2398 4419/334/2400 4421/333/2399
f 4421/333/2399 4422/335/2397 4413/336/2398
f 4414/334/2394 4413/336/2398 4422/335/2397
f 4422/335/2397 4423/333/2393 4414/334/2394
f 4424/324/2357 4420/326/2408 4418/325/2358
f 4418/325/2358 4425/324/2360 4424/324/2357
f 4426/327/2361 4424/324/2357 4425/324/2360
f 4425/324/2360 4427/328/2362 4426/327/2361
f 4425/324/2360 4418/325/2358 4417/325/2363
f 4417/325/2363 4428/324/2364 4425/324/2360
f 4427/328/2362 4425/324/2360 4428/324/2364
f 4428/324/2364 4429/328/2365 4427/328/2362
f 4430/327/2366 4429/328/2365 4428/324/2364
f 4428/324/2364 4431/324/2367 4430/327/2366
f 4431/324/2367 4428/324/2364 4417/325/2363
f 4417/325/2363 4416/326/2407 4431/324/2367
f 4432/329/2369 4426/327/2361 4427/328/2362
f 4427/328/2362 4433/330/2370 4432/329/2369
f 4434/331/2371 4432/329/2369 4433/330/2370
f 4433/330/2370 4435/332/2372 4434/331/2371
f 4433/330/2370 4427/328/2362 4429/328/2365
f 4429/328/2365 4438/330/2375 4433/330/2370
f 4436/329/2373 4434/331/2371 4435/332/2372
f 4435/332/2372 4437/330/2374 4436/329/2373
f 4435/332/2372 4433/330/2370 4438/330/2375
f 4438/330/2375 4439/332/2376 4435/332/2372
f 4437/330/2374 4435/332/2372 4439/332/2376
f 4439/332/2376 4440/330/2377 4437/330/2374
f 4441/329/2378 4440/330/2377 4439/332/2376
f 4439/332/2376 4442/331/2379 4441/329/2378
f 4442/331/2379 4439/332/2376 4438/330/2375
f 4438/330/2375 4443/329/2380 4442/331/2379
f 4443/329/2380 4438/330/2375 4429/328/2365
f 4429/328/2365 4430/327/2366 4443/329/2380
f 4444/327/2405 4436/329/2373 4437/330/2374
f 4437/330/2374 4445/328/2382 4444/327/2405
f 4446/324/2383 4444/327/2405 4445/328/2382
f 4445/328/2382 4447/324/2384 4446/324/2383
f 4445/328/2382 4437/330/2374 4440/330/2377
f 4440/330/2377 4450/328/2387 4445/328/2382
f 4448/326/2385 4446/324/2383 4447/324/2384
f 4447/324/2384 4449/325/2386 4448/326/2385
f 4447/324/2384 4445/328/2382 4450/328/2387
f 4450/328/2387 4451/324/2388 4447/324/2384
f 4449/325/2386 4447/324/2384 4451/324/2388
f 4451/324/2388 4452/325/2389 4449/325/2386
f 4453/326/2390 4452/325/2389 4451/324/2388
f 4451/324/2388 4454/324/2391 4453/326/2390
f 4454/324/2391 4451/324/2388 4450/328/2387
f 4450/328/2387 4455/327/2406 4454/324/2391
f 4455/327/2406 4450/328/2387 4440/330/2377
f 4440/330/2377 4441/329/2378 4455/327/2406
f 4423/333/2393 4448/326/2385 4449/325/2386
f 4449/325/2386 4414/334/2394 4423/333/2393
f 4414/334/2394 4449/325/2386 4452/325/2389
f 4452/325/2389 4410/334/2395 4414/334/2394
f 4409/333/2396 4410/334/2395 4452/325/2389
f 4452/325/2389 4453/326/2390 4409/333/2396
f 4458/339/2395 4457/338/2396 4456/337/2404
f 4456/337/2404 4459/340/2401 4458/339/2395
f 4459/340/2401 4456/337/2404 4460/338/2403
f 4460/338/2403 4463/339/2402 4459/340/2401
f 4458/339/2395 4459/340/2401 4461/340/2398
f 4461/340/2398 4462/339/2394 4458/339/2395
f 4463/339/2402 4460/338/2403 4464/341/2407
f 4464/341/2407 4465/342/2363 4463/339/2402
f 4463/339/2402 4465/342/2363 4466/342/2358
f 4466/342/2358 4467/339/2400 4463/339/2402
f 4459/340/2401 4463/339/2402 4467/339/2400
f 4467/339/2400 4461/340/2398 4459/340/2401
f 4467/339/2400 4466/342/2358 4468/341/2408
f 4468/341/2408 4469/338/2399 4467/339/2400
f 4461/340/2398 4467/339/2400 4469/338/2399
f 4469/338/2399 4470/337/2397 4461/340/2398
f 4462/339/2394 4461/340/2398 4470/337/2397
f 4470/337/2397 4471/338/2393 4462/339/2394
f 4472/343/2357 4468/341/2408 4466/342/2358
f 4466/342/2358 4473/343/2360 4472/343/2357
f 4474/344/2361 4472/343/2357 4473/343/2360
f 4473/343/2360 4475/345/2362 4474/344/2361
f 4473/343/2360 4466/342/2358 4465/342/2363
f 4465/342/2363 4476/343/2364 4473/343/2360
f 4475/345/2362 4473/343/2360 4476/343/2364
f 4476/343/2364 4477/345/2365 4475/345/2362
f 4478/344/2366 4477/345/2365 4476/343/2364
f 4476/343/2364 4479/343/2367 4478/344/2366
f 4479/343/2367 4476/343/2364 4465/342/2363
f 4465/342/2363 4464/341/2407 4479/343/2367
f 4480/346/2369 4474/344/2361 4475/345/2362
f 4475/345/2362 4481/347/2370 4480/346/2369
f 4482/348/2371 4480/346/2369 4481/347/2370
f 4481/347/2370 4483/349/2372 4482/348/2371
f 4481/347/2370 4475/345/2362 4477/345/2365
f 4477/345/2365 4486/347/2375 4481/347/2370
f 4484/346/2373 4482/348/2371 4483/349/2372
f 4483/349/2372 4485/347/2374 4484/346/2373
f 4483/349/2372 4481/347/2370 4486/347/2375
f 4486/347/2375 4487/349/2376 4483/349/2372
f 4485/347/2374 4483/349/2372 4487/349/2376
f 4487/349/2376 4488/347/2377 4485/347/2374
f 4489/346/2378 4488/347/2377 4487/349/2376
f 4487/349/2376 4490/348/2379 4489/346/2378
f 4490/348/2379 4487/349/2376 4486/347/2375
f 4486/347/2375 4491/346/2380 4490/348/2379
f 4491/346/2380 4486/347/2375 4477/345/2365
f 4477/345/2365 4478/344/2366 4491/346/2380
f 4492/344/2381 4484/346/2373 4485/347/2374
f 4485/347/2374 4493/345/2382 4492/344/2381
f 4494/343/2383 4492/344/2381 4493/345/2382
f 4493/345/2382 4495/343/2384 4494/343/2383
f 4493/345/2382 4485/347/2374 4488/347/2377
f 4488/347/2377 4498/345/2387 4493/345/2382
f 4496/341/2385 4494/343/2383 4495/343/2384
f 4495/343/2384 4497/342/2386 4496/341/2385
f 4495/343/2384 4493/345/2382 4498/345/2387
f 4498/345/2387 4499/343/2388 4495/343/2384
f 4497/342/2386 4495/343/2384 4499/343/2388
f 4499/343/2388 4500/342/2389 4497/342/2386
f 4501/341/2390 4500/342/2389 4499/343/2388
f 4499/343/2388 4502/343/2391 4501/341/2390
f 4502/343/2391 4499/343/2388 4498/345/2387
f 4498/345/2387 4503/344/2392 4502/343/2391
f 4503/344/2392 4498/345/2387 4488/347/2377
f 4488/347/2377 4489/346/2378 4503/344/2392
f 4471/338/2393 4496/341/2385 4497/342/2386
f 4497/342/2386 4462/339/2394 4471/338/2393
f 4462/339/2394 4497/342/2386 4500/342/2389
f 4500/342/2389 4458/339/2395 4462/339/2394
f 4457/338/2396 4458/339/2395 4500/342/2389
f 4500/342/2389 4501/341/2390 4457/338/2396
f 4505/350/2410 4504/313/2409 3848/314/2321
f 3848/314/2321 3922/312/2320 4505/350/2410
f 3846/320/2332 3848/314/2321 4504/313/2409
f 4504/313/2409 4510/353/2415 3846/320/2332
f 4506/309/2411 4505/350/2410 3922/312/2320
f 3922/312/2320 3910/308/2308 4506/309/2411
f 4507/351/2412 4506/309/2411 3910/308/2308
f 3910/308/2308 3909/306/2307 4507/351/2412
f 4505/350/2410 4506/309/2411 4507/351/2412
f 4507/351/2412 4508/307/2413 4505/350/2410
f 4508/307/2413 4507/351/2412 3909/306/2307
f 3909/306/2307 3896/299/2280 4508/307/2413
f 4509/352/2414 4508/307/2413 3896/299/2280
f 3896/299/2280 3884/300/2281 4509/352/2414
f 4511/307/2416 4510/353/2415 4504/313/2409
f 4504/313/2409 4509/352/2414 4511/307/2416
f 3845/314/2333 3846/320/2332 4510/353/2415
f 4510/353/2415 4512/313/2417 3845/314/2333
f 4511/307/2416 4509/352/2414 3884/300/2281
f 3884/300/2281 3882/299/2353 4511/307/2416
f 4513/351/2418 4512/313/2417 4510/353/2415
f 4510/353/2415 4511/307/2416 4513/351/2418
f 3867/312/2345 3845/314/2333 4512/313/2417
f 4512/313/2417 4514/350/2419 3867/312/2345
f 4513/351/2418 4511/307/2416 3882/299/2353
f 3882/299/2353 3881/306/2352 4513/351/2418
f 3868/308/2346 3867/312/2345 4514/350/2419
f 4514/350/2419 4515/309/2420 3868/308/2346
f 4515/309/2420 4513/351/2418 3881/306/2352
f 3881/306/2352 3868/308/2346 4515/309/2420
f 3911/312/2309 3913/314/2311 4516/313/2421
f 4516/313/2421 4517/350/2422 3911/312/2309
f 3899/308/2298 3911/312/2309 4517/350/2422
f 4517/350/2422 4519/309/2424 3899/308/2298
f 4518/353/2423 4516/313/2421 3913/314/2311
f 3913/314/2311 3923/320/2322 4518/353/2423
f 3897/306/2296 3899/308/2298 4519/309/2424
f 4519/309/2424 4520/351/2425 3897/306/2296
f 3887/299/2293 3897/306/2296 4520/351/2425
f 4520/351/2425 4521/307/2426 3887/299/2293
f 3885/300/2294 3887/299/2293 4521/307/2426
f 4521/307/2426 4522/352/2427 3885/300/2294
f 4523/313/2428 4522/352/2427 4521/307/2426
f 4521/307/2426 4518/353/2423 4523/313/2428
f 3871/299/2295 3885/300/2294 4522/352/2427
f 4522/352/2427 4524/307/2429 3871/299/2295
f 4523/313/2428 4518/353/2423 3923/320/2322
f 3923/320/2322 3851/314/2324 4523/313/2428
f 3869/306/2347 3871/299/2295 4524/307/2429
f 4524/307/2429 4525/351/2430 3869/306/2347
f 3854/308/2336 3869/306/2347 4525/351/2430
f 4525/351/2430 4527/309/2432 3854/308/2336
f 4526/350/2431 4523/313/2428 3851/314/2324
f 3851/314/2324 3852/312/2334 4526/350/2431
f 3852/312/2334 3854/308/2336 4527/309/2432
f 4527/309/2432 4526/350/2431 3852/312/2334
f 4529/351/2434 4528/307/2433 3843/299/2353
f 3843/299/2353 3842/306/2352 4529/351/2434
f 3762/300/2281 3843/299/2353 4528/307/2433
f 4528/307/2433 4534/352/2414 3762/300/2281
f 4530/309/2420 4529/351/2434 3842/306/2352
f 3842/306/2352 3835/308/2346 4530/309/2420
f 4531/350/2435 4530/309/2420 3835/308/2346
f 3835/308/2346 3834/312/2345 4531/350/2435
f 4529/351/2434 4530/309/2420 4531/350/2435
f 4531/350/2435 4532/313/2436 4529/351/2434
f 4532/313/2436 4531/350/2435 3834/312/2345
f 3834/312/2345 3821/314/2333 4532/313/2436
f 4533/353/2415 4532/313/2436 3821/314/2333
f 3821/314/2333 3820/320/2332 4533/353/2415
f 4534/352/2414 4528/307/2433 4533/353/2415
f 4533/353/2415 4535/313/2437 4534/352/2414
f 3761/299/2280 3762/300/2281 4534/352/2414
f 4534/352/2414 4536/307/2438 3761/299/2280
f 4535/313/2437 4533/353/2415 3820/320/2332
f 3820/320/2332 3807/314/2321 4535/313/2437
f 4536/307/2438 4534/352/2414 4535/313/2437
f 4535/313/2437 4537/350/2439 4536/307/2438
f 3792/306/2307 3761/299/2280 4536/307/2438
f 4536/307/2438 4538/351/2440 3792/306/2307
f 4537/350/2439 4535/313/2437 3807/314/2321
f 3807/314/2321 3806/312/2320 4537/350/2439
f 3793/308/2308 3792/306/2307 4538/351/2440
f 4538/351/2440 4539/309/2411 3793/308/2308
f 4539/309/2411 4537/350/2439 3806/312/2320
f 3806/312/2320 3793/308/2308 4539/309/2411
f 3836/306/2347 3779/299/2295 4540/307/2441
f 4540/307/2441 4541/351/2442 3836/306/2347
f 3824/308/2336 3836/306/2347 4541/351/2442
f 4541/351/2442 4542/309/2432 3824/308/2336
f 3822/312/2334 3824/308/2336 4542/309/2432
f 4542/309/2432 4543/350/2431 3822/312/2334
f 4543/350/2431 4542/309/2432 4541/351/2442
f 4541/351/2442 4540/307/2441 4543/350/2431
f 3810/314/2324 3822/312/2334 4543/350/2431
f 4543/350/2431 4544/313/2443 3810/314/2324
f 3808/320/2322 3810/314/2324 4544/313/2443
f 4544/313/2443 4546/353/2423 3808/320/2322
f 4545/352/2427 4540/307/2441 3779/299/2295
f 3779/299/2295 3778/300/2294 4545/352/2427
f 4546/353/2423 4544/313/2443 4545/352/2427
f 4545/352/2427 4547/307/2444 4546/353/2423
f 3796/314/2311 3808/320/2322 4546/353/2423
f 4546/353/2423 4548/313/2421 3796/314/2311
f 4547/307/2444 4545/352/2427 3778/300/2294
f 3778/300/2294 3777/299/2293 4547/307/2444
f 4548/313/2421 4546/353/2423 4547/307/2444
f 4547/307/2444 4549/351/2445 4548/313/2421
f 3794/312/2309 3796/314/2311 4548/313/2421
f 4548/313/2421 4550/350/2446 3794/312/2309
f 4549/351/2445 4547/307/2444 3777/299/2293
f 3777/299/2293 3780/306/2296 4549/351/2445
f 3782/308/2298 3794/312/2309 4550/350/2446
f 4550/350/2446 4551/309/2424 3782/308/2298
f 4551/309/2424 4549/351/2445 3780/306/2296
f 3780/306/2296 3782/308/2298 4551/309/2424

