# ProBuilder 6.1.2
# https://unity3d.com/unity/features/worldbuilding/probuilder
# 23.09.2026 2:22:39

mtllib ./Part2.mtl
o Part2

g platform_016
v -3.177113 0.385914 -11.99999
v -3.230465 -0.3325825 -11.99999
v -3.177113 -0.385914 -11.99999
v -3.230465 0.3325826 -11.99999
v 0.7815667 -0.2499998 -11.95233
v 2.143153 -0.2437392 -8.991771
v 1.950007 -0.2499998 -11.95233
v 0.8875161 -0.2437392 -8.991772
v 4.950004 -0.2499998 -2.999992
v -0.8875145 -0.2437392 -8.991773
v -0.7815678 -0.2499998 -11.95233
v 2.102427 -0.2499998 -2.999994
v 4.950002 -0.2499998 -0.04765131
v 2.102426 -0.2499998 -0.04765249
v -2.102427 -0.2499998 -0.04765486
v -2.102425 -0.2499998 -2.999996
v -4.950002 -0.2499998 -0.04765604
v -4.95 -0.2499998 -2.999997
v -2.143145 -0.2437392 -8.991774
v -1.949995 -0.2499998 -11.95233
v 0.7815667 0.2031608 -11.99999
v 1.950007 -0.2031607 -11.99999
v 1.950007 0.2031608 -11.99999
v 0.7815667 -0.2031607 -11.99999
v -0.7815678 -0.2031607 -11.99999
v -0.7815678 0.2031608 -11.99999
v -6.012363 -0.4054125 -3.183742
v -3.196104 -0.4054125 -8.816248
v -3.268622 -0.385914 -8.816977
v -6.08561 -0.385914 -3.183013
v -5.003893 -0.4050007 -3.183741
v -2.187633 -0.4050007 -8.816247
v -4.931375 -0.3854419 -3.183011
v -2.114386 -0.3854418 -8.816976
v -3.150168 -0.4054125 -8.934075
v -2.141697 -0.4050007 -8.934075
v -2.068632 -0.3854418 -8.93444
v -3.222868 -0.385914 -8.93444
v -3.189374 -0.385914 -9.072344
v -3.11654 -0.4054125 -9.072246
v -4.977128 -0.3854419 -3.065547
v -5.049829 -0.4050007 -3.065912
v -5.010622 -0.3854419 -2.927644
v -5.083457 -0.4050007 -2.927742
v -6.0583 -0.4054125 -3.065914
v -6.091927 -0.4054125 -2.927743
v -5.095765 -0.4050007 -2.806254
v -6.104236 -0.4054125 -2.806254
v -5.095767 -0.4050007 1.86E-06
v -5.022882 -0.3854419 -2.806254
v -5.022884 -0.3854419 1.9E-06
v -6.104237 -0.4054125 1.38E-06
v -6.17712 -0.385914 1.35E-06
v -6.177118 -0.385914 -2.806254
v -6.164858 -0.385914 -2.927646
v -6.131364 -0.385914 -3.065549
v -1.969525 -0.3320662 -11.99999
v -1.949995 -0.2591759 -11.99999
v -1.949995 0.259176 -11.99999
v -1.969525 0.3320663 -11.99999
v -2.022877 -0.3854418 -11.99999
v -2.022877 0.3854419 -11.99999
v -2.09576 -0.4050007 -11.99999
v -2.09576 0.4050008 -11.99999
v -3.10423 -0.4054125 -11.99999
v -3.10423 0.4054125 -11.99999
v -3.249995 -0.2597084 -11.99999
v -3.249995 0.2597084 -11.99999
v -5.003893 0.4050008 -3.183741
v -2.114386 0.3854419 -8.816976
v -4.931375 0.3854418 -3.183011
v -2.187633 0.4050008 -8.816247
v -6.012363 0.4054124 -3.183742
v -6.0583 0.4054124 -3.065914
v -5.049829 0.4050008 -3.065912
v -6.091927 0.4054124 -2.927743
v -5.083457 0.4050008 -2.927742
v -3.196104 0.4054125 -8.816248
v -6.08561 0.385914 -3.183013
v -3.268622 0.385914 -8.816977
v -2.141697 0.4050008 -8.934075
v -3.150168 0.4054125 -8.934075
v -4.969532 0.3320663 1.92E-06
v -4.950002 0.259176 1.93E-06
v -4.950002 -0.2591759 1.93E-06
v -4.969532 -0.3320663 1.92E-06
v -5.022884 0.3854418 1.9E-06
v -5.095767 0.4050008 1.86E-06
v -6.104237 0.4054124 1.38E-06
v -6.17712 0.385914 1.35E-06
v -6.230472 0.3325825 1.32E-06
v -6.230472 -0.3325826 1.32E-06
v -6.250001 0.2597084 1.31E-06
v -6.250001 -0.2597084 1.31E-06
v -6.230471 0.3325825 -2.806255
v -6.177118 0.385914 -2.806254
v -6.230471 -0.3325826 -2.806255
v 2.102426 -0.2031607 6.43E-06
v 4.950002 0.2031608 7.61E-06
v 4.950002 -0.2031607 7.61E-06
v 2.102426 0.2031608 6.43E-06
v -2.102427 -0.2031607 4.07E-06
v -2.102427 0.2031608 4.07E-06
v -6.104236 0.4054124 -2.806254
v -5.095765 0.4050008 -2.806254
v -6.164858 0.385914 -2.927646
v -5.022882 0.3854418 -2.806254
v -4.96953 0.3320663 -2.806254
v -4.957335 0.3320663 -2.927514
v -5.010622 0.3854418 -2.927644
v -4.92402 0.3320663 -3.06506
v -4.977128 0.3854418 -3.065547
v -4.95 -0.2591759 -2.806254
v -4.96953 -0.3320663 -2.806254
v -4.95 0.259176 -2.806254
v -4.937847 -0.2591759 -2.927433
v -4.937847 0.259176 -2.927433
v -4.957335 -0.3320663 -2.927514
v -4.92402 -0.3320663 -3.06506
v -1.949995 -0.2031607 -11.99999
v -4.950002 -0.2031607 2.88E-06
v 4.950002 0.2499999 -0.04765131
v 2.102426 0.2499999 -0.04765249
v -2.102427 0.2499999 -0.04765486
v 0.7815667 0.2499999 -11.95233
v 1.950007 0.2499999 -11.95233
v -0.7815678 0.2499999 -11.95233
v -3.230466 -0.3325825 -9.193735
v -3.177114 -0.385914 -9.193735
v -3.249996 -0.2597084 -9.193735
v -3.249996 0.2597084 -9.193735
v -3.26215 -0.2597084 -9.072556
v -3.26215 0.2597084 -9.072556
v -3.230466 0.3325826 -9.193735
v -3.242661 0.3325826 -9.072475
v -3.177114 0.385914 -9.193735
v -2.095761 0.4050008 -9.193734
v -3.104231 0.4054125 -9.193734
v -3.189374 0.385914 -9.072344
v -3.11654 0.4054125 -9.072246
v -2.10807 0.4050008 -9.072246
v -2.022878 0.3854419 -9.193734
v -2.035138 0.3854419 -9.072343
v -2.068632 0.3854419 -8.93444
v -1.969526 0.3320663 -9.193734
v -1.98172 0.3320663 -9.072474
v -2.015036 0.3320663 -8.934928
v -1.949996 0.259176 -9.193734
v -1.96215 0.259176 -9.072556
v -1.949996 -0.2591759 -9.193734
v -1.969526 -0.3320662 -9.193734
v -2.022878 -0.3854418 -9.193734
v -1.98172 -0.3320662 -9.072474
v -2.035138 -0.3854418 -9.072343
v -2.015036 -0.3320662 -8.934928
v -3.104231 -0.4054125 -9.193734
v -2.095761 -0.4050007 -9.193734
v -6.25 -0.2597084 -2.806255
v -6.237846 -0.2597084 -2.927433
v -6.25 0.2597084 -2.806255
v -6.218276 0.3325825 -2.927515
v -6.237846 0.2597084 -2.927433
v -6.18496 0.3325825 -3.065061
v -6.204642 0.2597084 -3.064756
v -6.218276 -0.3325826 -2.927515
v -6.204642 -0.2597084 -3.064756
v -6.18496 -0.3325826 -3.065061
v -6.159284 0.2597084 -3.181429
v -6.159284 -0.2597084 -3.181429
v -3.242661 -0.3325825 -9.072475
v -3.275977 -0.3325825 -8.934928
v -3.321487 -0.3325825 -8.817951
v -6.13945 -0.3325826 -3.182038
v -3.295354 -0.2597084 -8.935232
v -3.340712 -0.2597084 -8.81856
v -3.340712 0.2597084 -8.81856
v -3.321487 0.3325826 -8.817951
v -6.13945 0.3325825 -3.182038
v -3.275977 0.3325826 -8.934928
v -3.295354 0.2597084 -8.935232
v -3.222868 0.385914 -8.93444
v -6.131364 0.385914 -3.065549
v -2.060546 0.3320663 -8.817952
v -4.87851 0.3320663 -3.182037
v -1.995354 0.259176 -8.935233
v -2.040712 0.259176 -8.818561
v -4.859285 0.259176 -3.181428
v -2.040712 -0.2591759 -8.818561
v -4.904643 0.259176 -3.064756
v -4.859285 -0.2591759 -3.181428
v -2.060546 -0.3320662 -8.817952
v -4.87851 -0.3320663 -3.182037
v -4.904643 -0.2591759 -3.064756
v -1.995354 -0.2591759 -8.935233
v -1.96215 -0.2591759 -9.072555
v -2.10807 -0.4050007 -9.072246
v 6.012366 -0.4054125 -3.183736
v 6.085613 -0.385914 -3.183008
v 3.26863 -0.385914 -8.816973
v 3.196112 -0.4054125 -8.816244
v 5.003896 -0.4050007 -3.183736
v 2.187642 -0.4050007 -8.816245
v 4.931377 -0.3854419 -3.183007
v 2.114394 -0.3854418 -8.816974
v 3.150176 -0.4054125 -8.934073
v 2.141705 -0.4050007 -8.934073
v 2.06864 -0.3854418 -8.934438
v 3.222876 -0.385914 -8.934437
v 3.189381 -0.385914 -9.07234
v 3.116548 -0.4054125 -9.072244
v 4.977131 -0.3854419 -3.065542
v 5.049831 -0.4050007 -3.065907
v 5.010625 -0.3854419 -2.92764
v 5.08346 -0.4050007 -2.927738
v 6.058302 -0.4054125 -3.065908
v 6.09193 -0.4054125 -2.927738
v 5.095767 -0.4050007 -2.806249
v 6.104238 -0.4054125 -2.806249
v 5.095767 -0.4050007 6.72E-06
v 5.022885 -0.3854419 -2.806249
v 5.022884 -0.3854419 6.69E-06
v 6.104237 -0.4054125 7.2E-06
v 6.17712 -0.385914 7.24E-06
v 6.177121 -0.385914 -2.806249
v 6.164861 -0.385914 -2.92764
v 6.131366 -0.385914 -3.065543
v 3.230477 -0.3325825 -11.99999
v 3.250006 -0.2597084 -11.99999
v 3.250006 0.2597084 -11.99999
v 3.230477 0.3325826 -11.99999
v 3.177124 -0.385914 -11.99999
v 3.177124 0.385914 -11.99999
v 3.104241 -0.4054125 -11.99999
v 3.104241 0.4054125 -11.99999
v 2.09577 -0.4050007 -11.99999
v 2.09577 0.4050008 -11.99999
v 2.022888 -0.3854418 -11.99999
v 2.022888 0.3854419 -11.99999
v 1.969536 -0.3320662 -11.99999
v 1.969536 0.3320663 -11.99999
v 1.950007 -0.2591759 -11.99999
v 1.950007 0.259176 -11.99999
v 5.003896 0.4050008 -3.183736
v 4.931377 0.3854418 -3.183007
v 2.114394 0.3854419 -8.816974
v 2.187642 0.4050008 -8.816245
v 6.012366 0.4054124 -3.183736
v 6.058302 0.4054124 -3.065908
v 5.049831 0.4050008 -3.065907
v 6.09193 0.4054124 -2.927738
v 5.08346 0.4050008 -2.927738
v 3.196112 0.4054125 -8.816244
v 6.085613 0.385914 -3.183008
v 3.26863 0.385914 -8.816973
v 2.141705 0.4050008 -8.934073
v 3.150176 0.4054125 -8.934073
v 6.230472 0.3325825 7.26E-06
v 6.250001 0.2597084 7.27E-06
v 6.250001 -0.2597084 7.27E-06
v 6.230472 -0.3325826 7.26E-06
v 6.17712 0.385914 7.24E-06
v 6.104237 0.4054124 7.2E-06
v 5.095767 0.4050008 6.72E-06
v 5.022884 0.3854418 6.69E-06
v 4.969532 0.3320663 6.66E-06
v 4.969532 -0.3320663 6.66E-06
v 4.950002 0.259176 6.65E-06
v 4.950002 -0.2591759 6.65E-06
v 6.177121 0.385914 -2.806249
v 6.230474 0.3325825 -2.806248
v 6.230474 -0.3325826 -2.806248
v 6.104238 0.4054124 -2.806249
v 5.095767 0.4050008 -2.806249
v 6.164861 0.385914 -2.92764
v 5.022885 0.3854418 -2.806249
v 4.969533 0.3320663 -2.806249
v 4.957338 0.3320663 -2.927509
v 5.010625 0.3854418 -2.92764
v 4.924022 0.3320663 -3.065055
v 4.977131 0.3854418 -3.065542
v 4.969533 -0.3320663 -2.806249
v 4.950004 -0.2591759 -2.806249
v 4.950004 0.259176 -2.806249
v 4.93785 -0.2591759 -2.927428
v 4.93785 0.259176 -2.927428
v 4.957338 -0.3320663 -2.927509
v 4.924022 -0.3320663 -3.065055
v 3.230475 -0.3325825 -9.193731
v 3.177123 -0.385914 -9.193731
v 3.250005 -0.2597084 -9.193731
v 3.250005 0.2597084 -9.193731
v 3.262158 -0.2597084 -9.072552
v 3.262158 0.2597084 -9.072552
v 3.230475 0.3325826 -9.193731
v 3.242669 0.3325826 -9.072472
v 3.177123 0.385914 -9.193731
v 2.022887 0.3854419 -9.193732
v 2.095769 0.4050008 -9.193732
v 3.104239 0.4054125 -9.193732
v 3.189381 0.385914 -9.07234
v 3.116548 0.4054125 -9.072244
v 2.108078 0.4050008 -9.072244
v 2.035146 0.3854419 -9.072341
v 2.06864 0.3854419 -8.934438
v 1.969535 0.3320663 -9.193732
v 1.981728 0.3320663 -9.072473
v 2.015044 0.3320663 -8.934926
v 1.950005 0.259176 -9.193732
v 1.962158 0.259176 -9.072555
v 1.950005 -0.2591759 -9.193732
v 1.969535 -0.3320662 -9.193732
v 2.022887 -0.3854418 -9.193732
v 1.981728 -0.3320662 -9.072473
v 2.035146 -0.3854418 -9.072341
v 2.015044 -0.3320662 -8.934926
v 3.104239 -0.4054125 -9.193732
v 2.095769 -0.4050007 -9.193732
v 6.250003 -0.2597084 -2.806248
v 6.237848 -0.2597084 -2.927426
v 6.250003 0.2597084 -2.806248
v 6.218279 0.3325825 -2.927509
v 6.237848 0.2597084 -2.927426
v 6.184963 0.3325825 -3.065055
v 6.204645 0.2597084 -3.064751
v 6.218279 -0.3325826 -2.927509
v 6.204645 -0.2597084 -3.064751
v 6.184963 -0.3325826 -3.065055
v 6.159286 0.2597084 -3.181424
v 6.159286 -0.2597084 -3.181424
v 3.242669 -0.3325825 -9.072472
v 3.275985 -0.3325825 -8.934925
v 3.321496 -0.3325825 -8.817947
v 6.139453 -0.3325826 -3.182032
v 3.295362 -0.2597084 -8.935228
v 3.34072 -0.2597084 -8.818556
v 3.34072 0.2597084 -8.818556
v 3.321496 0.3325826 -8.817947
v 6.139453 0.3325825 -3.182032
v 3.275985 0.3325826 -8.934925
v 3.295362 0.2597084 -8.935228
v 3.222876 0.385914 -8.934437
v 6.131366 0.385914 -3.065543
v 2.060554 0.3320663 -8.81795
v 4.878513 0.3320663 -3.182032
v 1.995362 0.259176 -8.935231
v 2.040721 0.259176 -8.818559
v 4.859288 0.259176 -3.181423
v 2.040721 -0.2591759 -8.818559
v 4.904646 0.259176 -3.064752
v 4.859288 -0.2591759 -3.181423
v 2.060554 -0.3320662 -8.81795
v 4.878513 -0.3320663 -3.182032
v 4.904646 -0.2591759 -3.064752
v 1.995362 -0.2591759 -8.935231
v 1.962158 -0.2591759 -9.072553
v 2.108078 -0.4050007 -9.072244
v -2.143454 0.2437393 -8.990541
v -2.130898 0.2456553 -7.157187
v -4.95 0.2499999 -2.999997
v -0.8876504 0.2437393 -8.990541
v -2.102425 0.2499999 -2.999996
v 0.8876519 0.2437393 -8.990541
v -1.949995 0.2499999 -11.95233
v 2.143461 0.2437393 -8.99054
v 4.950004 0.2499999 -2.999992
v 2.102427 0.2499999 -2.999994
v -4.950002 0.2499999 -0.04765604
v -1.949995 0.2031608 -11.99999
v -4.950002 0.2031608 2.88E-06
v -5.413487 -1.60684 2.942032
v -5.704018 -1.608368 2.805649
v -5.612763 -1.213661 2.735153
v -5.303154 -1.212944 2.880783
v -5.491702 -0.8614763 2.647316
v -5.242858 -0.8416442 2.760117
v -5.387413 -0.6636609 2.572685
v -5.184766 -0.5871114 2.615601
v -5.177869 -0.4179009 2.424179
v -5.449746 -0.5879167 2.43045
v -6.049492 -5.62511 3.443573
v -6.121452 -6.069165 3.428192
v -6.363629 -6.049334 3.310318
v -6.354551 -5.623962 3.29982
v -6.148918 -6.323698 3.348732
v -6.325833 -6.247149 3.286255
v -6.617583 -6.057976 2.885521
v -6.531487 -6.067917 3.141068
v -6.413628 -6.322892 3.163376
v -6.471854 -6.371367 2.928765
v -6.559662 -5.623462 3.08635
v -6.1989 -6.492908 3.200562
v -6.208259 -6.581022 2.958756
v -6.359149 -6.581022 0.5340045
v -6.62915 -6.371367 0.5340045
v -5.851423 -6.582108 3.208618
v -5.812508 -6.373373 3.390465
v -3.281454 -6.373373 3.504982
v -3.281454 -6.582108 3.319611
v -4.880394 -0.8502125 2.822876
v -4.831658 -0.5374364 2.644638
v -5.157609 -0.3297862 2.159843
v -5.491678 -0.5394424 2.183449
v -4.800409 -0.3287004 2.409439
v -3.281454 -0.3287004 2.504929
v -3.281454 -0.5374364 2.74469
v 7.94873E-06 -0.5374364 2.784554
v 7.94873E-06 -0.3287004 2.542984
v 3.28147 -0.5374364 2.74469
v -3.281454 -0.2557839 2.243614
v -4.791403 -0.2557839 2.153091
v 3.28147 -0.3287004 2.504929
v 7.94873E-06 -0.2557839 2.279678
v -3.281456 -0.255784 0.5931244
v 4.800425 -0.3287004 2.409439
v 4.831674 -0.5374364 2.644638
v 4.791419 -0.2557839 2.153091
v 5.177885 -0.4179009 2.424179
v 5.157625 -0.3297862 2.159843
v 3.28147 -0.2557839 2.243614
v 4.90787 -0.255784 0.5340042
v 6.636179E-06 -0.255784 0.616684
v 5.282977 -0.3297863 0.5340042
v 5.491693 -0.5394424 2.183449
v 5.625165 -0.5394425 0.5340042
v 5.714255 -0.5394427 -2.514175
v 5.366647 -0.3297864 -2.514175
v 5.625165 -0.5394428 -5.562363
v 3.281469 -0.255784 0.5931244
v 4.9856 -0.2557842 -2.514175
v 5.282977 -0.3297865 -5.562363
v 5.157625 -0.3297866 -7.188202
v 5.491693 -0.5394428 -7.2118
v 4.791419 -0.2557844 -7.18145
v 5.177885 -0.4179014 -7.452538
v 4.800425 -0.3287009 -7.43779
v 4.90787 -0.2557843 -5.562363
v 3.281468 -0.2557842 -2.514175
v 6.094638E-06 -0.2557842 -2.514175
v 3.281468 -0.2557843 -5.621475
v 3.28147 -0.2557844 -7.271965
v 6.204782E-06 -0.2557843 -5.645035
v -3.281456 -0.2557842 -2.514175
v 3.28147 -0.3287009 -7.533279
v 4.831674 -0.5374368 -7.672989
v 3.28147 -0.5374368 -7.773041
v 7.94873E-06 -0.5374368 -7.812912
v 7.94873E-06 -0.3287009 -7.571335
v -3.281454 -0.5374368 -7.773041
v 7.94873E-06 -0.2557844 -7.308037
v -3.281456 -0.2557843 -5.621475
v -4.907857 -0.255784 0.5340042
v -3.281454 -0.3287009 -7.533279
v -3.281454 -0.2557844 -7.271965
v -4.985587 -0.2557842 -2.514175
v -5.282963 -0.3297863 0.5340042
v -4.800409 -0.3287009 -7.43779
v -4.831658 -0.5374368 -7.672989
v -4.791403 -0.2557844 -7.18145
v -5.177869 -0.4179014 -7.452538
v -5.157609 -0.3297866 -7.188202
v -4.907857 -0.2557843 -5.562363
v -5.625152 -0.5394425 0.5340042
v -5.366634 -0.3297864 -2.514175
v -5.714242 -0.5394427 -2.514175
v -5.282963 -0.3297865 -5.562363
v -5.491678 -0.5394428 -7.2118
v -5.625152 -0.5394428 -5.562363
v -5.89643 -1.21664 2.266479
v -5.653314 -0.8428916 2.473312
v -5.821139 -1.214549 2.518898
v -5.742752 -0.8528341 2.220306
v -5.882328 -0.8528342 0.5340043
v -5.975491 -0.8528343 -2.514175
v -5.882328 -0.8528345 -5.562363
v -5.742752 -0.8528345 -7.248657
v -5.899031 -1.607077 2.602707
v -5.908609 -1.988323 2.635963
v -5.727308 -1.991053 2.825356
v -6.559662 -5.623462 -8.114716
v -6.531487 -6.067917 -8.169418
v -6.363629 -6.049334 -8.338676
v -6.354551 -5.623962 -8.328171
v -6.617583 -6.057975 -7.913879
v -6.471854 -6.371367 -7.957122
v -6.413628 -6.322892 -8.191727
v -6.325833 -6.247149 -8.314606
v -6.1989 -6.492908 -8.228928
v -6.148918 -6.323698 -8.37709
v -6.208259 -6.581023 -7.987106
v -6.62915 -6.371367 -5.562362
v -6.359149 -6.581023 -5.562362
v -5.851423 -6.582109 -8.236977
v -5.812508 -6.373373 -8.418823
v -3.281454 -6.582109 -8.347961
v -3.281454 -6.373373 -8.53334
v -5.756106 -6.060596 -8.51712
v -6.121452 -6.069165 -8.456543
v -6.049492 -5.62511 -8.471931
v -6.292993 -5.137827 -8.279388
v -6.494226 -5.137334 -8.070465
v -6.383305 -4.806352 -8.021942
v -6.200613 -4.80873 -8.211586
v -5.993574 -5.138107 -8.420029
v -6.180202 -4.478941 -7.942368
v -5.928454 -4.808126 -8.339188
v -6.035911 -4.485058 -8.092957
v -5.819532 -4.482286 -8.193985
v -5.184766 -0.5871118 -7.643951
v -4.880394 -0.8502129 -7.851227
v -5.242858 -0.8416446 -7.788467
v -4.94161 -1.213474 -7.961914
v -5.303154 -1.212944 -7.909134
v -3.281454 -1.213094 -8.067574
v -3.281454 -0.8502129 -7.954742
v 7.94873E-06 -0.8502125 -7.995987
v 3.28147 -0.8502129 -7.954742
v 4.880409 -0.8502129 -7.851227
v -5.449746 -0.5879171 -7.458801
v -5.387413 -0.6636614 -7.601036
v -5.491702 -0.8614768 -7.675674
v -5.612763 -1.213662 -7.763504
v -5.704018 -1.608368 -7.834015
v -5.413487 -1.60684 -7.97039
v -5.456077 -1.988536 -7.98053
v -5.727308 -1.991054 -7.853714
v -5.653314 -0.8428921 -7.501663
v -5.821139 -1.214549 -7.547256
v -5.899031 -1.607078 -7.631065
v 6.559678 -5.623462 3.08635
v 6.531503 -6.067917 3.141068
v 6.363645 -6.049334 3.310318
v 6.354567 -5.623962 3.29982
v 6.617599 -6.057975 2.885521
v 6.471869 -6.371367 2.928765
v 6.413643 -6.322892 3.163376
v 6.325849 -6.247149 3.286255
v 6.198915 -6.492908 3.200562
v 6.148934 -6.323698 3.348732
v 6.208274 -6.581022 2.958756
v 6.629163 -6.371367 0.5340045
v 6.359161 -6.581022 0.5340045
v 5.851439 -6.582108 3.208618
v 5.812524 -6.373373 3.390465
v 3.28147 -6.582108 3.319611
v 3.28147 -6.373373 3.504982
v 5.756122 -6.060596 3.488762
v 6.121467 -6.069165 3.428192
v 6.049508 -5.62511 3.443573
v 6.293009 -5.137826 3.25103
v 6.494242 -5.137334 3.042114
v 6.383321 -4.806352 2.993576
v 6.200629 -4.808729 3.183228
v 5.99359 -5.138107 3.39167
v 6.180218 -4.478941 2.914009
v 5.92847 -4.808126 3.310837
v 6.035927 -4.485058 3.064606
v 5.819547 -4.482286 3.165627
v 5.184782 -0.5871114 2.615601
v 4.880409 -0.8502125 2.822876
v 5.242874 -0.8416442 2.760117
v 4.941626 -1.213474 2.933563
v 5.303169 -1.212944 2.880783
v 3.28147 -1.213094 3.039215
v 3.28147 -0.8502125 2.926384
v 7.94873E-06 -0.8502129 2.967628
v -3.281454 -0.8502125 2.926384
v 5.449761 -0.5879167 2.43045
v 5.387428 -0.6636609 2.572685
v 5.491718 -0.8614763 2.647316
v 5.612779 -1.213661 2.735153
v 5.704034 -1.608368 2.805649
v 5.413503 -1.60684 2.942032
v 5.456091 -1.988536 2.952179
v 5.727324 -1.991053 2.825356
v 5.742767 -0.8528341 2.220306
v 5.653329 -0.8428916 2.473312
v 5.821155 -1.214549 2.518898
v 5.899046 -1.607077 2.602707
v 6.049508 -5.62511 -8.471931
v 6.121467 -6.069165 -8.456543
v 6.363645 -6.049334 -8.338676
v 6.354567 -5.623962 -8.328171
v 6.148934 -6.323698 -8.37709
v 6.325849 -6.247149 -8.314606
v 6.617599 -6.057975 -7.913879
v 6.531503 -6.067917 -8.169418
v 6.413643 -6.322892 -8.191727
v 6.471869 -6.371367 -7.957122
v 6.559678 -5.623462 -8.114716
v 6.198915 -6.492908 -8.228928
v 6.208274 -6.581023 -7.987106
v 6.359161 -6.581023 -5.562362
v 6.629163 -6.371367 -5.562362
v 5.851439 -6.582109 -8.236977
v 5.812524 -6.373374 -8.418823
v 3.28147 -6.373374 -8.53334
v 3.28147 -6.582109 -8.347961
v 5.449761 -0.5879171 -7.458801
v 5.184782 -0.5871118 -7.643951
v 5.387428 -0.6636614 -7.601036
v 5.242874 -0.8416446 -7.788467
v 5.491718 -0.8614768 -7.675674
v 5.303169 -1.212944 -7.909134
v 5.612779 -1.213662 -7.763504
v 5.413503 -1.60684 -7.97039
v 5.704034 -1.608368 -7.834015
v 5.896446 -1.216641 -7.29483
v 5.653329 -0.8428921 -7.501663
v 5.821155 -1.214549 -7.547256
v 5.742767 -0.8528345 -7.248657
v 5.88234 -0.8528345 -5.562363
v 5.975503 -0.8528343 -2.514175
v 5.88234 -0.8528342 0.5340043
v 5.899046 -1.607078 -7.631065
v 5.908626 -1.988324 -7.664322
v 5.727324 -1.991054 -7.853714
v -5.772467 -3.305012 3.237519
v -5.997521 -2.899823 3.023255
v -5.686687 -2.899802 3.169152
v -6.086874 -3.304646 3.090012
v -6.122869 -3.721776 3.119507
v -6.298475 -3.305146 2.871033
v -6.32043 -3.720308 2.914917
v -6.206746 -2.900725 2.806671
v -6.045105 -2.556042 2.737534
v -6.282287 -2.901901 2.553612
v -6.110378 -2.551744 2.508659
v -5.818533 -2.299547 2.642044
v -5.868099 -2.285104 2.448013
v -6.258888 -2.551744 0.5340043
v -6.010721 -2.285104 0.5340043
v -6.105917 -2.285103 -2.514175
v -6.358015 -2.551744 -2.514175
v -6.010721 -2.285104 -5.562363
v -6.258888 -2.551744 -5.562363
v -6.110378 -2.551744 -7.537018
v -5.868099 -2.285104 -7.476372
v -6.374889 -3.306136 2.615265
v -6.43475 -2.90208 0.5344545
v -6.536395 -2.902062 -2.514175
v -6.529829 -3.306136 0.5340043
v -6.391823 -3.71818 2.671829
v -6.369392 -4.120348 2.698204
v -6.303158 -4.124668 2.928803
v -6.232236 -4.468385 2.719544
v -6.180202 -4.478942 2.914009
v -6.383708 -4.468385 0.5340044
v -6.524199 -4.120348 0.5340044
v -6.547173 -3.71818 0.5340044
v -6.633247 -3.306136 -2.514175
v -6.43475 -2.902079 -5.562813
v -6.627527 -4.120347 -2.514175
v -6.484813 -4.468384 -2.514175
v -6.650867 -3.71818 -2.514175
v -6.282287 -2.901901 -7.58197
v -6.529829 -3.306135 -5.562363
v -6.524199 -4.120347 -5.562363
v -6.383709 -4.468384 -5.562363
v -6.232237 -4.468384 -7.747894
v -6.547173 -3.71818 -5.562363
v -6.369393 -4.120347 -7.726563
v -6.303158 -4.124668 -7.957153
v -6.391823 -3.71818 -7.700188
v -6.32043 -3.720307 -7.943268
v -6.298475 -3.305146 -7.899384
v -6.374889 -3.306135 -7.643616
v -6.206746 -2.900725 -7.835022
v -6.045105 -2.556043 -7.765892
v -5.640038 -5.138325 -8.471024
v -5.598922 -4.805787 -8.385612
v -5.539598 -4.474129 -8.230728
v -3.281454 -4.805341 -8.499481
v -3.281454 -4.474129 -8.341591
v 7.94873E-06 -4.474129 -8.385773
v 7.94873E-06 -4.805559 -8.544861
v 3.28147 -4.47413 -8.341591
v 3.28147 -4.805341 -8.499481
v 5.598938 -4.805787 -8.385612
v 5.539614 -4.47413 -8.230728
v -6.086874 -3.304646 -8.118362
v -6.122869 -3.721776 -8.147873
v -6.119347 -4.127294 -8.147888
v 6.494242 -5.137334 -8.070465
v 6.293009 -5.137827 -8.279388
v 6.200628 -4.80873 -8.211586
v 6.383321 -4.806352 -8.021942
v 5.92847 -4.808127 -8.339188
v 5.99359 -5.138107 -8.420029
v 5.819548 -4.482286 -8.193985
v 6.035927 -4.485058 -8.092957
v 6.180218 -4.478941 -7.942368
v 6.298491 -3.305146 -7.899384
v 6.122885 -3.721776 -8.147873
v 6.320446 -3.720308 -7.943268
v 6.08689 -3.304646 -8.118362
v 5.997538 -2.899823 -8.051605
v 5.772483 -3.305012 -8.265869
v 5.686704 -2.899802 -8.19751
v 5.828949 -3.721431 -8.285606
v 6.119362 -4.127294 -8.147888
v 5.845274 -4.126295 -8.276138
v 5.640054 -5.138324 3.442658
v 5.598938 -4.805786 3.357254
v 5.539615 -4.47413 3.20237
v 3.28147 -4.80534 3.471131
v 3.28147 -4.47413 3.313233
v 7.94873E-06 -4.47413 3.357414
v 7.94873E-06 -4.80556 3.51651
v -3.281454 -4.47413 3.313233
v -3.281454 -4.80534 3.471131
v -5.598923 -4.805786 3.357254
v -5.539599 -4.47413 3.20237
v 6.08689 -3.304646 3.090012
v 6.298491 -3.305146 2.871033
v 6.320446 -3.720307 2.914917
v 6.122885 -3.721775 3.119507
v 6.119362 -4.127294 3.119538
v 6.303174 -4.124667 2.928803
v 5.692243 -5.626303 3.495651
v 3.28147 -5.137229 3.558197
v 7.94873E-06 -5.137608 3.604233
v 3.281928 -5.625277 3.612137
v 3.28147 -6.060596 3.605179
v 7.94873E-06 -5.6255 3.658539
v -3.281454 -5.137229 3.558197
v 7.94873E-06 -6.060596 3.651581
v 7.94873E-06 -6.373373 3.550614
v -5.640038 -5.138324 3.442658
v -3.281912 -5.625277 3.612137
v -3.281454 -6.060597 3.605179
v -5.756106 -6.060597 3.488762
v -5.692227 -5.626303 3.495651
v -5.993574 -5.138107 3.39167
v -5.928454 -4.808127 3.310837
v -6.292993 -5.137827 3.25103
v 5.06846 -1.604027 2.991348
v 5.128403 -1.983132 2.997498
v 5.181008 -2.287713 2.928268
v 5.459361 -2.301086 2.893257
v 3.28147 -2.287713 3.033829
v 3.28147 -1.982756 3.104401
v 3.28147 -1.603044 3.098114
v 7.94873E-06 -1.98278 3.146996
v 7.94873E-06 -2.287713 3.075882
v 7.94873E-06 -1.603054 3.140671
v 7.94873E-06 -1.213094 3.081322
v -3.281454 -1.982756 3.104401
v -3.281454 -2.287713 3.033829
v -5.180992 -2.287712 2.928268
v -3.281454 -1.603044 3.098114
v -5.128387 -1.983132 2.997498
v -5.459345 -2.301086 2.893257
v -5.456077 -1.988537 2.952179
v -3.281454 -1.213094 3.039215
v -5.068444 -1.604027 2.991348
v -4.94161 -1.213474 2.933563
v 5.692243 -5.626303 -8.524002
v 5.756122 -6.060597 -8.51712
v 3.28147 -6.060597 -8.633545
v 7.94873E-06 -6.373373 -8.578964
v 3.281928 -5.625277 -8.640488
v 7.94873E-06 -6.060596 -8.679932
v 5.640054 -5.138325 -8.471024
v 3.28147 -5.137229 -8.586548
v 7.94873E-06 -5.6255 -8.68689
v 7.94873E-06 -5.137608 -8.632584
v -3.281454 -6.060596 -8.633545
v -3.281454 -5.137229 -8.586548
v -3.281912 -5.625277 -8.640488
v -5.692227 -5.626303 -8.524002
v 5.96924 -1.604514 -7.390198
v 6.039754 -1.216162 -5.562363
v 6.13541 -1.216162 -2.514175
v 5.973106 -1.982827 -7.435692
v 6.114317 -1.603337 -5.562363
v 5.868114 -2.285104 -7.476372
v 5.81855 -2.299548 -7.670403
v 6.010734 -2.285104 -5.562363
v 6.118277 -1.982376 -5.562363
v 6.211154 -1.603365 -2.514175
v 6.215177 -1.982435 -2.514175
v 6.10593 -2.285103 -2.514175
v 6.039754 -1.216162 0.5340043
v 6.118277 -1.982376 0.5340043
v 6.010734 -2.285103 0.5340043
v 5.868114 -2.285103 2.448013
v 6.114317 -1.603337 0.5340043
v 5.896446 -1.21664 2.266479
v 5.973106 -1.982827 2.407333
v 5.81855 -2.299547 2.642044
v 5.908627 -1.988323 2.635971
v 5.96924 -1.604514 2.361847
v -5.969224 -1.604514 2.361847
v -5.973091 -1.982827 2.407333
v -6.118264 -1.982377 0.5340043
v -6.039741 -1.216162 0.5340043
v -6.114304 -1.603337 0.5340043
v -6.135397 -1.216162 -2.514175
v -6.215164 -1.982435 -2.514175
v -6.211141 -1.603365 -2.514175
v -6.039741 -1.216162 -5.562363
v -6.118264 -1.982377 -5.562363
v -6.114304 -1.603337 -5.562363
v -5.89643 -1.216641 -7.29483
v -5.973091 -1.982827 -7.435692
v -5.818533 -2.299547 -7.670403
v -5.90861 -1.988323 -7.664322
v -5.969224 -1.604514 -7.390198
v -6.494226 -5.137334 3.042114
v -6.200613 -4.80873 3.183228
v -6.383306 -4.806352 2.993576
v -5.819531 -4.482287 3.165627
v -6.035911 -4.485059 3.064606
v -5.068444 -1.604028 -8.019699
v -5.128386 -1.983132 -8.025864
v -5.180991 -2.287713 -7.956627
v -5.459345 -2.301086 -7.921616
v -3.281454 -2.287713 -8.06218
v -3.281454 -1.982756 -8.132751
v -3.281454 -1.603044 -8.12648
v 7.94873E-06 -1.98278 -8.175354
v 8.389306E-06 -2.287713 -8.10424
v 7.94873E-06 -1.603054 -8.169022
v 7.94873E-06 -1.213094 -8.10968
v 3.28147 -1.982756 -8.132751
v 3.281471 -2.287713 -8.06218
v 5.181007 -2.287713 -7.956627
v 3.28147 -1.603044 -8.12648
v 5.128401 -1.983132 -8.025864
v 5.459361 -2.301086 -7.921616
v 5.456092 -1.988536 -7.98053
v 3.28147 -1.213094 -8.067574
v 5.06846 -1.604028 -8.019699
v 4.941626 -1.213474 -7.961914
v 6.206763 -2.900725 2.806671
v 6.045123 -2.556042 2.737534
v 6.110391 -2.551744 2.508659
v 6.282303 -2.901901 2.553612
v 6.258899 -2.551744 0.5340043
v 6.374905 -3.306136 2.615265
v 6.391838 -3.71818 2.671829
v 6.369408 -4.120348 2.698204
v 6.232252 -4.468385 2.719544
v 6.547187 -3.71818 0.5340044
v 6.524211 -4.120348 0.5340044
v 6.383721 -4.468385 0.5340044
v 6.484826 -4.468384 -2.514175
v 6.627541 -4.120347 -2.514175
v 6.383722 -4.468385 -5.562363
v 6.529842 -3.306136 0.5340043
v 6.650879 -3.71818 -2.514175
v 6.524212 -4.120347 -5.562363
v 6.434763 -2.90208 0.5344621
v 6.63326 -3.306136 -2.514175
v 6.536408 -2.902062 -2.514175
v 6.358026 -2.551744 -2.514175
v 6.547187 -3.71818 -5.562363
v 6.369409 -4.120347 -7.726563
v 6.232253 -4.468384 -7.747894
v 6.434763 -2.902079 -5.562813
v 6.258899 -2.551745 -5.562363
v 6.110391 -2.551745 -7.537018
v 6.282303 -2.901901 -7.58197
v 6.529842 -3.306136 -5.562363
v 6.391838 -3.71818 -7.700188
v 6.374905 -3.306136 -7.643616
v 6.303174 -4.124668 -7.957153
v 6.206763 -2.900725 -7.835022
v 6.44937 -4.802683 2.764168
v 6.566761 -5.136848 2.795639
v 6.606117 -4.802183 0.5340044
v 6.633494 -5.623281 2.836518
v 6.794554 -5.621974 0.5342715
v 6.72636 -5.135558 0.5340044
v 6.832891 -5.136315 -2.514175
v 6.710742 -4.802629 -2.514175
v 6.778434 -6.057975 0.5340044
v 6.734154 -6.371367 -2.514175
v 6.885789 -6.057975 -2.514175
v 6.902009 -5.62238 -2.514175
v 6.72636 -5.135559 -5.562363
v 6.606116 -4.802184 -5.562363
v 6.449369 -4.802683 -7.792526
v 6.778434 -6.057975 -5.562362
v 6.794554 -5.621974 -5.562622
v 6.56676 -5.136849 -7.823997
v 6.633494 -5.623281 -7.864868
v 5.997538 -2.899823 3.023255
v 5.863066 -2.558132 2.926971
v 5.675636 -2.306783 2.793045
v 5.845274 -4.126295 3.24778
v 5.686704 -2.899801 3.169152
v 5.591339 -2.556041 3.054115
v 5.323545 -2.900193 3.222008
v 5.262809 -2.551657 3.099899
v 3.282301 -2.900375 3.333176
v 3.28147 -2.551657 3.208778
v 7.94873E-06 -2.551657 3.252167
v 7.94873E-06 -2.900385 3.377434
v -3.281454 -2.551657 3.208778
v -5.262793 -2.551657 3.099899
v 5.828949 -3.72143 3.257248
v 5.772483 -3.305011 3.237519
v 5.513562 -4.123236 3.294297
v 3.28147 -4.123236 3.406945
v 5.479457 -3.720212 3.307305
v 7.94873E-06 -4.123236 3.451836
v 5.405038 -3.305891 3.291031
v 3.28147 -3.305891 3.403618
v 3.28147 -3.720212 3.420212
v 7.94873E-06 -3.720212 3.465195
v 7.94873E-06 -3.305891 3.448487
v -3.281454 -4.123236 3.406945
v -3.281454 -3.720212 3.420212
v -5.513546 -4.123236 3.294297
v -5.845258 -4.126296 3.24778
v -5.479442 -3.720212 3.307305
v -5.828933 -3.721431 3.257248
v -5.405023 -3.305891 3.291031
v -3.281454 -3.305891 3.403618
v -5.323529 -2.900193 3.222008
v -3.282285 -2.900375 3.333176
v -5.591323 -2.556041 3.054115
v 5.591339 -2.556041 -8.082474
v 5.262807 -2.551656 -8.12825
v 5.323545 -2.900193 -8.250366
v 3.28147 -2.551657 -8.237137
v 5.405038 -3.305891 -8.319382
v 5.479457 -3.720212 -8.335663
v 5.51356 -4.123235 -8.322647
v 3.28147 -3.720212 -8.448563
v 3.28147 -4.123235 -8.435303
v 7.94873E-06 -4.123235 -8.480194
v 3.28147 -3.305891 -8.431976
v 7.94873E-06 -3.720212 -8.493553
v -3.281454 -4.123235 -8.435303
v 3.282301 -2.900375 -8.361534
v 7.94873E-06 -3.305891 -8.476837
v 8.389306E-06 -2.900385 -8.405792
v 7.94873E-06 -2.551657 -8.280525
v -3.281454 -3.720212 -8.448563
v -3.281454 -3.305891 -8.431976
v -3.282285 -2.900375 -8.361534
v -5.513544 -4.123235 -8.322647
v -5.479442 -3.720212 -8.335663
v -5.405023 -3.305891 -8.319382
v -5.323529 -2.900193 -8.250366
v -5.845259 -4.126295 -8.276138
v -5.828933 -3.721431 -8.285606
v -5.772467 -3.305012 -8.265869
v -5.686687 -2.899802 -8.19751
v 5.863066 -2.558133 -7.95533
v 5.675636 -2.306783 -7.821396
v 6.045123 -2.556043 -7.765892
v -6.449354 -4.802683 -7.792526
v -6.566745 -5.136848 -7.823997
v -6.606103 -4.802184 -5.562363
v -6.633478 -5.623281 -7.864868
v -6.794541 -5.621974 -5.562622
v -6.726346 -5.135559 -5.562363
v -6.832878 -5.136315 -2.514175
v -6.71073 -4.802629 -2.514175
v -6.778421 -6.057975 -5.562362
v -6.734141 -6.371367 -2.514175
v -6.885777 -6.057975 -2.514175
v -6.901996 -5.62238 -2.514175
v -6.726347 -5.135559 0.5340044
v -6.606104 -4.802183 0.5340044
v -6.449355 -4.802682 2.764168
v -6.778421 -6.057975 0.5340044
v -6.794541 -5.621974 0.5342715
v -6.566745 -5.136848 2.795639
v -6.633478 -5.623281 2.836518
v -5.997521 -2.899823 -8.051605
v -5.86305 -2.558133 -7.95533
v -5.675621 -2.306783 -7.821396
v -5.591323 -2.556041 -8.082474
v -5.262792 -2.551656 -8.12825
v -3.281454 -2.551657 -8.237137
v -6.119346 -4.127295 3.119538
v -5.675621 -2.306783 2.793045
v -5.86305 -2.558132 2.926971
v 6.459876 -6.581022 -2.514175
v 6.009535 -6.655026 -5.562362
v 6.104712 -6.655025 -2.514175
v 5.866944 -6.655026 -7.999267
v 3.28147 -6.655026 -8.105652
v 3.281469 -6.655026 -5.621475
v 6.009535 -6.655025 0.5340045
v 3.281469 -6.655025 -2.514175
v 5.866944 -6.655025 2.970917
v 3.281469 -6.655025 0.5931247
v 3.28147 -6.655025 3.077294
v 7.94873E-06 -6.655026 -8.148041
v 6.636179E-06 -6.655026 -5.645034
v 6.636179E-06 -6.655025 -2.514175
v 6.636179E-06 -6.655025 0.6166843
v 7.94873E-06 -6.655025 3.119683
v 7.94873E-06 -6.582108 3.363838
v -3.281454 -6.655025 3.077294
v -3.281456 -6.655025 0.5931247
v -3.281456 -6.655025 -2.514175
v -5.866929 -6.655025 2.970917
v -6.009522 -6.655025 0.5340045
v -6.1047 -6.655025 -2.514175
v -3.281456 -6.655026 -5.621475
v -6.459863 -6.581022 -2.514175
v -6.009522 -6.655026 -5.562362
v -5.866929 -6.655026 -7.999267
v -3.281454 -6.655026 -8.105652
v 7.94873E-06 -6.582109 -8.392197
v 5.401005 1.192766 1.584656
v 5.451786 1.342239 1.544296
v 5.545758 1.342239 1.561569
v 5.536824 1.192766 1.617561
v 5.654242 1.342239 1.561569
v 5.536824 0.9917131 1.617561
v 5.401005 0.9917131 1.584656
v 5.451786 0.8422394 1.544296
v 5.545758 0.8422394 1.561569
v 5.663176 0.9917131 1.617561
v 5.654242 0.8422394 1.561569
v 5.663176 1.192766 1.617561
v 5.748214 1.342239 1.544296
v 5.798995 1.192766 1.584656
v 5.798995 0.9917131 1.584656
v 5.748214 0.8422394 1.544296
v 5.425593 1.342239 1.494095
v 5.401005 1.491713 1.584656
v 5.353311 1.491713 1.505234
v 5.39963 1.342239 1.348373
v 5.353311 1.675631 1.505234
v 5.401005 1.675631 1.584656
v 5.419342 1.771823 1.570083
v 5.395786 1.793441 1.505234
v 5.316588 1.675631 1.348373
v 5.365386 1.793441 1.348373
v 5.365386 1.793441 -2.158401
v 5.316588 1.491713 1.348373
v 5.316588 1.675631 -2.158401
v 5.316588 1.491713 -2.158401
v 5.39963 1.342239 -2.158401
v 5.425593 1.342239 -2.304123
v 5.353312 1.675631 -2.315262
v 5.395787 1.793441 -2.315262
v 5.419342 1.771822 -2.380112
v 5.401005 1.675631 -2.394684
v 5.353312 1.491713 -2.315262
v 5.451786 1.342239 -2.354324
v 5.401005 1.491713 -2.394684
v 5.401005 0.9917129 -2.394684
v 5.451786 0.8422393 -2.354324
v 5.545758 0.8422393 -2.371597
v 5.536824 0.9917129 -2.427589
v 5.654242 0.8422393 -2.371597
v 5.536824 1.192766 -2.427589
v 5.401005 1.192766 -2.394684
v 5.545758 1.342239 -2.371597
v 5.663176 1.192766 -2.427589
v 5.654242 1.342239 -2.371597
v 5.663176 0.9917129 -2.427589
v 5.748214 0.8422393 -2.354324
v 5.798995 0.9917129 -2.394684
v 5.798995 1.192766 -2.394684
v 5.748215 1.342239 -2.354324
v 5.425593 0.8422393 -2.304123
v 5.401005 0.6927656 -2.394684
v 5.353312 0.6927656 -2.315262
v 5.39963 0.8422393 -2.158401
v 5.353312 0.5088476 -2.315262
v 5.401005 0.5088476 -2.394684
v 5.419342 0.4126562 -2.380112
v 5.395787 0.3910379 -2.315262
v 5.316588 0.5088476 -2.158401
v 5.365386 0.3910379 -2.158401
v 5.365386 0.391038 1.348373
v 5.316588 0.6927656 -2.158401
v 5.316588 0.5088478 1.348373
v 5.316588 0.6927658 1.348373
v 5.39963 0.8422394 1.348373
v 5.425593 0.8422394 1.494095
v 5.353311 0.5088478 1.505234
v 5.395786 0.391038 1.505234
v 5.419342 0.4126564 1.570084
v 5.401005 0.5088478 1.584656
v 5.353311 0.6927658 1.505234
v 5.401005 0.6927658 1.584656
v 5.774407 0.8422393 -2.304123
v 5.846689 0.9917129 -2.315262
v 5.80037 0.8422393 -2.158401
v 5.846689 1.192766 -2.315262
v 5.774407 1.342239 -2.304123
v 5.883412 1.192766 -2.158401
v 5.80037 1.342239 -2.158401
v 5.80037 1.342239 1.348373
v 5.883412 0.9917129 -2.158401
v 5.883411 1.192766 1.348373
v 5.883411 0.9917131 1.348373
v 5.80037 0.8422394 1.348373
v 5.774407 0.8422394 1.494095
v 5.846688 1.192766 1.505234
v 5.774407 1.342239 1.494095
v 5.846688 0.9917131 1.505234
v 5.798995 0.6927656 -2.394684
v 5.663176 0.6927656 -2.427589
v 5.663176 0.5088476 -2.427589
v 5.798995 0.5088476 -2.394684
v 5.780659 0.4126562 -2.380112
v 5.663176 0.3910378 -2.394684
v 5.536824 0.5088476 -2.427589
v 5.536824 0.3910378 -2.394684
v 5.536824 0.6927656 -2.427589
v 5.798995 0.6927658 1.584656
v 5.846688 0.6927658 1.505234
v 5.846688 0.5088478 1.505234
v 5.798995 0.5088478 1.584656
v 5.780658 0.4126564 1.570084
v 5.804213 0.391038 1.505234
v 5.883411 0.5088478 1.348373
v 5.834613 0.391038 1.348373
v 5.834613 0.3910379 -2.158401
v 5.883411 0.6927658 1.348373
v 5.883412 0.5088476 -2.158401
v 5.883412 0.6927656 -2.158401
v 5.846689 0.5088476 -2.315262
v 5.804214 0.3910379 -2.315262
v 5.846689 0.6927656 -2.315262
v 5.536824 0.6927658 1.617561
v 5.536824 0.5088478 1.617561
v 5.536824 0.391038 1.584656
v 5.663176 0.5088478 1.617561
v 5.663176 0.391038 1.584656
v 5.663176 0.6927658 1.617561
v 5.353311 0.9917131 1.505234
v 5.353311 1.192766 1.505234
v 5.316588 1.192766 1.348373
v 5.316588 0.9917131 1.348373
v 5.316588 1.192766 -2.158401
v 5.316588 0.9917129 -2.158401
v 5.353312 1.192766 -2.315262
v 5.353312 0.9917129 -2.315262
v 5.536824 1.491713 -2.427589
v 5.536824 1.675631 -2.427589
v 5.536824 1.793441 -2.394684
v 5.663176 1.675631 -2.427589
v 5.663176 1.793441 -2.394684
v 5.780659 1.771822 -2.380112
v 5.798995 1.675631 -2.394684
v 5.663176 1.491713 -2.427589
v 5.798995 1.491713 -2.394684
v 5.846689 1.491713 -2.315262
v 5.846689 1.675631 -2.315262
v 5.804214 1.793441 -2.315262
v 5.883412 1.675631 -2.158401
v 5.834613 1.793441 -2.158401
v 5.834613 1.793441 1.348373
v 5.883412 1.491713 -2.158401
v 5.883411 1.675631 1.348373
v 5.883411 1.491713 1.348373
v 5.846688 1.675631 1.505234
v 5.804213 1.793441 1.505234
v 5.780658 1.771823 1.570083
v 5.798995 1.675631 1.584656
v 5.846688 1.491713 1.505234
v 5.798995 1.491713 1.584656
v 5.663176 1.491713 1.617561
v 5.663176 1.675631 1.617561
v 5.663176 1.793441 1.584656
v 5.536824 1.675631 1.617561
v 5.536824 1.793441 1.584656
v 5.536824 1.491713 1.617561
v 5.483196 0.3422394 1.348373
v 5.50641 0.3422394 1.505234
v 5.693589 0.3422394 1.505234
v 5.716803 0.3422394 1.348373
v 5.483196 0.3422393 -2.158401
v 5.716804 0.3422393 -2.158401
v 5.506411 0.3422393 -2.315262
v 5.693589 0.3422393 -2.315262
v 5.483197 1.842239 -2.158401
v 5.506411 1.842239 -2.315262
v 5.693589 1.842239 -2.315262
v 5.716804 1.842239 -2.158401
v 5.483196 1.842239 1.348373
v 5.716804 1.842239 1.348373
v 5.50641 1.842239 1.505234
v 5.693589 1.842239 1.505234
v -5.798995 -3.773095 18.02206
v -5.748214 -3.623621 17.96066
v -5.654242 -3.623621 17.98694
v -5.663176 -3.773095 18.0721
v -5.545759 -3.623621 17.98694
v -5.663176 -3.974148 18.0721
v -5.798995 -3.974148 18.02206
v -5.748214 -4.123621 17.96066
v -5.654242 -4.123621 17.98694
v -5.536824 -3.974148 18.0721
v -5.545759 -4.123621 17.98694
v -5.536824 -3.773095 18.0721
v -5.451786 -3.623621 17.96066
v -5.401005 -3.773095 18.02206
v -5.401005 -3.974148 18.02206
v -5.451786 -4.123621 17.96066
v -5.774407 -3.623621 17.8843
v -5.798995 -3.474148 18.02206
v -5.846689 -3.474148 17.90124
v -5.80037 -3.623621 17.66264
v -5.846689 -3.29023 17.90124
v -5.798995 -3.29023 18.02206
v -5.780659 -3.194038 17.99989
v -5.804214 -3.17242 17.90124
v -5.883412 -3.29023 17.66264
v -5.834613 -3.17242 17.66264
v -5.834613 -3.17242 12.32848
v -5.883412 -3.474148 17.66264
v -5.883411 -3.29023 12.32848
v -5.883411 -3.474148 12.32848
v -5.80037 -3.623621 12.32848
v -5.774406 -3.623621 12.10682
v -5.846688 -3.29023 12.08987
v -5.804213 -3.17242 12.08987
v -5.780658 -3.194038 11.99123
v -5.798995 -3.29023 11.96906
v -5.846688 -3.474148 12.08987
v -5.748214 -3.623621 12.03046
v -5.798995 -3.474148 11.96906
v -5.798995 -3.974148 11.96906
v -5.748214 -4.123621 12.03046
v -5.654242 -4.123621 12.00418
v -5.663176 -3.974148 11.91902
v -5.545758 -4.123621 12.00418
v -5.663176 -3.773095 11.91902
v -5.798995 -3.773095 11.96906
v -5.654242 -3.623621 12.00418
v -5.536824 -3.773095 11.91902
v -5.545758 -3.623621 12.00418
v -5.536824 -3.974148 11.91902
v -5.451785 -4.123621 12.03046
v -5.401005 -3.974148 11.96906
v -5.401005 -3.773095 11.96906
v -5.451785 -3.623621 12.03046
v -5.774406 -4.123621 12.10682
v -5.798995 -4.273095 11.96906
v -5.846688 -4.273095 12.08987
v -5.80037 -4.123621 12.32848
v -5.846688 -4.457013 12.08987
v -5.798995 -4.457013 11.96906
v -5.780658 -4.553205 11.99123
v -5.804213 -4.574823 12.08987
v -5.883411 -4.457013 12.32848
v -5.834613 -4.574823 12.32848
v -5.834614 -4.574822 17.66264
v -5.883411 -4.273095 12.32848
v -5.883412 -4.457013 17.66264
v -5.883412 -4.273095 17.66264
v -5.80037 -4.123621 17.66264
v -5.774407 -4.123621 17.8843
v -5.846689 -4.457013 17.90124
v -5.804214 -4.574822 17.90124
v -5.780659 -4.553204 17.99989
v -5.798995 -4.457013 18.02206
v -5.846689 -4.273095 17.90124
v -5.798995 -4.273095 18.02206
v -5.425592 -4.123621 12.10682
v -5.353311 -3.974148 12.08988
v -5.39963 -4.123621 12.32848
v -5.353311 -3.773095 12.08988
v -5.425592 -3.623621 12.10682
v -5.316588 -3.773095 12.32848
v -5.39963 -3.623621 12.32848
v -5.39963 -3.623621 17.66264
v -5.316588 -3.974148 12.32848
v -5.316588 -3.773095 17.66264
v -5.316588 -3.974148 17.66264
v -5.399631 -4.123621 17.66264
v -5.425593 -4.123621 17.8843
v -5.353312 -3.773095 17.90124
v -5.425593 -3.623621 17.8843
v -5.353312 -3.974148 17.90124
v -5.401005 -4.273095 11.96906
v -5.536824 -4.273095 11.91902
v -5.536824 -4.457013 11.91902
v -5.401005 -4.457013 11.96906
v -5.419341 -4.553205 11.99123
v -5.536824 -4.574823 11.96906
v -5.663176 -4.457013 11.91902
v -5.663176 -4.574823 11.96906
v -5.663176 -4.273095 11.91902
v -5.401005 -4.273095 18.02206
v -5.353312 -4.273095 17.90124
v -5.353312 -4.457013 17.90124
v -5.401005 -4.457013 18.02206
v -5.419342 -4.553204 17.99989
v -5.395787 -4.574822 17.90124
v -5.316588 -4.457013 17.66264
v -5.365387 -4.574822 17.66264
v -5.365386 -4.574823 12.32848
v -5.316588 -4.273095 17.66264
v -5.316588 -4.457013 12.32848
v -5.316588 -4.273095 12.32848
v -5.353311 -4.457013 12.08988
v -5.395786 -4.574823 12.08987
v -5.353311 -4.273095 12.08988
v -5.663176 -4.273095 18.0721
v -5.663176 -4.457013 18.0721
v -5.663176 -4.574822 18.02206
v -5.536824 -4.457013 18.0721
v -5.536824 -4.574822 18.02206
v -5.536824 -4.273095 18.0721
v -5.846689 -3.974148 17.90124
v -5.846689 -3.773095 17.90124
v -5.883412 -3.773095 17.66264
v -5.883412 -3.974148 17.66264
v -5.883411 -3.773095 12.32848
v -5.883411 -3.974148 12.32848
v -5.846688 -3.773095 12.08987
v -5.846688 -3.974148 12.08987
v -5.663176 -3.474148 11.91902
v -5.663176 -3.29023 11.91902
v -5.663176 -3.17242 11.96906
v -5.536824 -3.29023 11.91902
v -5.536824 -3.17242 11.96906
v -5.419341 -3.194038 11.99123
v -5.401005 -3.29023 11.96906
v -5.536824 -3.474148 11.91902
v -5.401005 -3.474148 11.96906
v -5.353311 -3.474148 12.08988
v -5.353311 -3.29023 12.08988
v -5.395786 -3.17242 12.08987
v -5.316588 -3.29023 12.32848
v -5.365386 -3.17242 12.32848
v -5.365387 -3.17242 17.66264
v -5.316588 -3.474148 12.32848
v -5.316588 -3.29023 17.66264
v -5.316588 -3.474148 17.66264
v -5.353312 -3.29023 17.90124
v -5.395787 -3.17242 17.90124
v -5.419342 -3.194038 17.99989
v -5.401005 -3.29023 18.02206
v -5.353312 -3.474148 17.90124
v -5.401005 -3.474148 18.02206
v -5.536824 -3.474148 18.0721
v -5.536824 -3.29023 18.0721
v -5.536824 -3.17242 18.02206
v -5.663176 -3.29023 18.0721
v -5.663176 -3.17242 18.02206
v -5.663176 -3.474148 18.0721
v -5.716804 -4.623621 17.66264
v -5.69359 -4.623621 17.90124
v -5.506411 -4.623621 17.90124
v -5.483197 -4.623621 17.66264
v -5.716803 -4.623621 12.32848
v -5.483196 -4.623621 12.32848
v -5.693589 -4.623621 12.08987
v -5.506411 -4.623621 12.08987
v -5.716803 -3.123621 12.32848
v -5.693589 -3.123621 12.08987
v -5.506411 -3.123621 12.08987
v -5.483196 -3.123621 12.32848
v -5.716804 -3.123621 17.66264
v -5.483197 -3.123621 17.66264
v -5.69359 -3.123621 17.90124
v -5.506411 -3.123621 17.90124
v -5.798994 -3.804929 10.82473
v -5.748213 -3.627668 10.81367
v -5.654241 -3.647649 10.84954
v -5.663175 -3.842978 10.89304
v -5.545758 -3.647649 10.84954
v -5.663175 -4.018617 10.79519
v -5.798994 -3.980568 10.72688
v -5.748213 -4.064467 10.57034
v -5.654241 -4.084448 10.60622
v -5.536823 -4.018617 10.79519
v -5.545758 -4.084448 10.60622
v -5.536823 -3.842978 10.89304
v -5.451785 -3.627668 10.81367
v -5.401004 -3.804929 10.82473
v -5.401004 -3.980568 10.72688
v -5.451785 -4.064467 10.57034
v -5.774406 -3.569613 10.70946
v -5.798994 -3.543769 10.97021
v -5.846688 -3.451912 10.80531
v -5.800369 -3.401078 10.40691
v -5.846688 -3.291242 10.89482
v -5.798994 -3.383099 11.05972
v -5.780658 -3.28221 11.07626
v -5.804213 -3.188323 10.95215
v -5.883411 -3.109828 10.56915
v -5.834613 -3.006909 10.62649
v -5.834614 1.048696 3.346146
v -5.883411 -3.270498 10.47965
v -5.883412 0.9457771 3.288811
v -5.883412 0.7851068 3.19931
v -5.800371 0.6545268 3.126564
v -5.774407 0.8230611 2.82402
v -5.846689 1.127191 2.96315
v -5.804214 1.230109 3.020477
v -5.780659 1.286224 2.87532
v -5.798995 1.219048 2.798248
v -5.846689 0.9665204 2.873642
v -5.748215 0.881117 2.719803
v -5.798995 1.058377 2.708748
v -5.798995 0.6215783 2.465424
v -5.748215 0.4443179 2.476486
v -5.654243 0.4642993 2.440613
v -5.663177 0.6596271 2.397125
v -5.545759 0.4642993 2.440613
v -5.663177 0.8352667 2.494965
v -5.798995 0.797218 2.563263
v -5.654243 0.9010984 2.683937
v -5.536825 0.8352667 2.494965
v -5.545759 0.9010984 2.683937
v -5.536825 0.6596271 2.397125
v -5.451786 0.4443179 2.476486
v -5.401006 0.6215783 2.465424
v -5.401006 0.797218 2.563263
v -5.451786 0.881117 2.719803
v -5.774407 0.3862621 2.580704
v -5.798995 0.3604189 2.319946
v -5.846689 0.2685615 2.48484
v -5.800371 0.2177278 2.88324
v -5.846689 0.1078912 2.39534
v -5.798995 0.1997486 2.230438
v -5.780659 0.09885988 2.213882
v -5.804214 0.004972798 2.337997
v -5.883412 -0.07352245 2.720993
v -5.834614 -0.1764408 2.663666
v -5.834613 -4.232046 9.944016
v -5.883412 0.08714807 2.810501
v -5.883411 -4.129128 10.00134
v -5.883411 -3.968457 10.09085
v -5.800369 -3.837877 10.16359
v -5.774406 -4.006412 10.46613
v -5.846688 -4.310541 10.327
v -5.804213 -4.413459 10.26967
v -5.780658 -4.469575 10.41483
v -5.798994 -4.402398 10.4919
v -5.846688 -4.14987 10.4165
v -5.798994 -4.241728 10.58141
v -5.425593 0.3862621 2.580704
v -5.353312 0.5297214 2.630325
v -5.399631 0.2177278 2.88324
v -5.353312 0.7053605 2.728165
v -5.425593 0.8230611 2.82402
v -5.316589 0.5239469 3.053825
v -5.399631 0.6545268 3.126564
v -5.399629 -3.401078 10.40691
v -5.316589 0.3483077 2.955978
v -5.316587 -3.531658 10.33417
v -5.316587 -3.707297 10.23633
v -5.399629 -3.837877 10.16359
v -5.425592 -4.006412 10.46613
v -5.353311 -3.713072 10.65984
v -5.425592 -3.569613 10.70946
v -5.353311 -3.888711 10.56199
v -5.401006 0.3604189 2.319946
v -5.536825 0.3984676 2.25164
v -5.536825 0.2377973 2.16214
v -5.401006 0.1997486 2.230438
v -5.419342 0.09885988 2.213882
v -5.536825 0.09682999 2.173111
v -5.663177 0.2377973 2.16214
v -5.663177 0.09682999 2.173111
v -5.663177 0.3984676 2.25164
v -5.401004 -4.241728 10.58141
v -5.353311 -4.14987 10.4165
v -5.353311 -4.310541 10.327
v -5.401004 -4.402398 10.4919
v -5.419341 -4.469575 10.41483
v -5.395786 -4.413459 10.26967
v -5.316587 -4.129128 10.00134
v -5.365386 -4.232046 9.944016
v -5.365387 -0.1764408 2.663666
v -5.316587 -3.968457 10.09085
v -5.316589 -0.07352245 2.720993
v -5.316589 0.08714807 2.810501
v -5.353312 0.1078912 2.39534
v -5.395787 0.004972798 2.337997
v -5.353312 0.2685615 2.48484
v -5.663175 -4.279777 10.6497
v -5.663175 -4.440447 10.5602
v -5.663175 -4.505317 10.43457
v -5.536823 -4.440447 10.5602
v -5.536823 -4.505317 10.43457
v -5.536823 -4.279777 10.6497
v -5.846688 -3.888711 10.56199
v -5.846688 -3.713072 10.65984
v -5.883411 -3.531658 10.33417
v -5.883411 -3.707297 10.23633
v -5.883412 0.5239469 3.053825
v -5.883412 0.3483077 2.955978
v -5.846689 0.7053605 2.728165
v -5.846689 0.5297214 2.630325
v -5.663177 1.096426 2.640442
v -5.663177 1.257097 2.72995
v -5.663177 1.321966 2.855583
v -5.536825 1.257097 2.72995
v -5.536825 1.321966 2.855583
v -5.419342 1.286224 2.87532
v -5.401006 1.219048 2.798248
v -5.536825 1.096426 2.640442
v -5.401006 1.058377 2.708748
v -5.353312 0.9665204 2.873642
v -5.353312 1.127191 2.96315
v -5.395787 1.230109 3.020477
v -5.316589 0.9457771 3.288811
v -5.365387 1.048696 3.346146
v -5.365386 -3.006909 10.62649
v -5.316589 0.7851068 3.19931
v -5.316587 -3.109828 10.56915
v -5.316587 -3.270498 10.47965
v -5.353311 -3.291242 10.89482
v -5.395786 -3.188323 10.95215
v -5.419341 -3.28221 11.07626
v -5.401004 -3.383099 11.05972
v -5.353311 -3.451912 10.80531
v -5.401004 -3.543769 10.97021
v -5.536823 -3.581818 11.03851
v -5.536823 -3.421147 11.12802
v -5.536823 -3.28018 11.11705
v -5.663175 -3.421147 11.12802
v -5.663175 -3.28018 11.11705
v -5.663175 -3.581818 11.03851
v -5.716803 -4.274676 9.920265
v -5.693589 -4.456089 10.24593
v -5.50641 -4.456089 10.24593
v -5.483196 -4.274676 9.920265
v -5.716804 -0.219071 2.639915
v -5.483197 -0.219071 2.639915
v -5.69359 -0.0376574 2.314255
v -5.506412 -0.0376574 2.314255
v -5.716804 1.091326 3.369888
v -5.69359 1.27274 3.044228
v -5.506412 1.27274 3.044228
v -5.483197 1.091326 3.369888
v -5.716803 -2.964279 10.65024
v -5.483196 -2.964279 10.65024
v -5.693589 -3.145693 10.9759
v -5.50641 -3.145693 10.9759
v -5.798995 1.192766 1.584656
v -5.748214 1.342239 1.544296
v -5.654242 1.342239 1.561569
v -5.663176 1.192766 1.617561
v -5.545758 1.342239 1.561569
v -5.663176 0.9917131 1.617561
v -5.798995 0.9917131 1.584656
v -5.748214 0.8422394 1.544296
v -5.654242 0.8422394 1.561569
v -5.536824 0.9917131 1.617561
v -5.545758 0.8422394 1.561569
v -5.536824 1.192766 1.617561
v -5.451786 1.342239 1.544296
v -5.401005 1.192766 1.584656
v -5.401005 0.9917131 1.584656
v -5.451786 0.8422394 1.544296
v -5.774407 1.342239 1.494095
v -5.798995 1.491713 1.584656
v -5.846689 1.491713 1.505234
v -5.80037 1.342239 1.348373
v -5.846689 1.675631 1.505234
v -5.798995 1.675631 1.584656
v -5.780658 1.771823 1.570083
v -5.804214 1.793441 1.505234
v -5.883412 1.675631 1.348373
v -5.834613 1.793441 1.348373
v -5.834613 1.793441 -2.158401
v -5.883412 1.491713 1.348373
v -5.883411 1.675631 -2.158401
v -5.883411 1.491713 -2.158401
v -5.80037 1.342239 -2.158401
v -5.774406 1.342239 -2.304123
v -5.846688 1.675631 -2.315262
v -5.804213 1.793441 -2.315262
v -5.780658 1.771822 -2.380112
v -5.798995 1.675631 -2.394684
v -5.846688 1.491713 -2.315262
v -5.748214 1.342239 -2.354324
v -5.798995 1.491713 -2.394684
v -5.798995 0.9917129 -2.394684
v -5.748214 0.8422393 -2.354324
v -5.654242 0.8422393 -2.371597
v -5.663176 0.9917129 -2.427589
v -5.545758 0.8422393 -2.371597
v -5.663176 1.192766 -2.427589
v -5.798995 1.192766 -2.394684
v -5.654242 1.342239 -2.371597
v -5.536824 1.192766 -2.427589
v -5.545758 1.342239 -2.371597
v -5.536824 0.9917129 -2.427589
v -5.451786 0.8422393 -2.354324
v -5.401005 0.9917129 -2.394684
v -5.401005 1.192766 -2.394684
v -5.451785 1.342239 -2.354324
v -5.774406 0.8422393 -2.304123
v -5.798995 0.6927656 -2.394684
v -5.846688 0.6927656 -2.315262
v -5.80037 0.8422393 -2.158401
v -5.846688 0.5088476 -2.315262
v -5.798995 0.5088476 -2.394684
v -5.780658 0.4126562 -2.380112
v -5.804213 0.3910379 -2.315262
v -5.883411 0.5088476 -2.158401
v -5.834613 0.3910379 -2.158401
v -5.834613 0.391038 1.348373
v -5.883411 0.6927656 -2.158401
v -5.883412 0.5088478 1.348373
v -5.883412 0.6927658 1.348373
v -5.80037 0.8422394 1.348373
v -5.774407 0.8422394 1.494095
v -5.846689 0.5088478 1.505234
v -5.804214 0.391038 1.505234
v -5.780658 0.4126564 1.570084
v -5.798995 0.5088478 1.584656
v -5.846689 0.6927658 1.505234
v -5.798995 0.6927658 1.584656
v -5.425593 0.8422393 -2.304123
v -5.353311 0.9917129 -2.315262
v -5.39963 0.8422393 -2.158401
v -5.353311 1.192766 -2.315262
v -5.425593 1.342239 -2.304123
v -5.316588 1.192766 -2.158401
v -5.39963 1.342239 -2.158401
v -5.39963 1.342239 1.348373
v -5.316588 0.9917129 -2.158401
v -5.316588 1.192766 1.348373
v -5.316588 0.9917131 1.348373
v -5.39963 0.8422394 1.348373
v -5.425593 0.8422394 1.494095
v -5.353312 1.192766 1.505234
v -5.425593 1.342239 1.494095
v -5.353312 0.9917131 1.505234
v -5.401005 0.6927656 -2.394684
v -5.536824 0.6927656 -2.427589
v -5.536824 0.5088476 -2.427589
v -5.401005 0.5088476 -2.394684
v -5.419341 0.4126562 -2.380112
v -5.536824 0.3910378 -2.394684
v -5.663176 0.5088476 -2.427589
v -5.663176 0.3910378 -2.394684
v -5.663176 0.6927656 -2.427589
v -5.401005 0.6927658 1.584656
v -5.353312 0.6927658 1.505234
v -5.353312 0.5088478 1.505234
v -5.401005 0.5088478 1.584656
v -5.419342 0.4126564 1.570084
v -5.395787 0.391038 1.505234
v -5.316588 0.5088478 1.348373
v -5.365387 0.391038 1.348373
v -5.365386 0.3910379 -2.158401
v -5.316588 0.6927658 1.348373
v -5.316588 0.5088476 -2.158401
v -5.316588 0.6927656 -2.158401
v -5.353311 0.5088476 -2.315262
v -5.395786 0.3910379 -2.315262
v -5.353311 0.6927656 -2.315262
v -5.663176 0.6927658 1.617561
v -5.663176 0.5088478 1.617561
v -5.663176 0.391038 1.584656
v -5.536824 0.5088478 1.617561
v -5.536824 0.391038 1.584656
v -5.536824 0.6927658 1.617561
v -5.846689 0.9917131 1.505234
v -5.846689 1.192766 1.505234
v -5.883412 1.192766 1.348373
v -5.883412 0.9917131 1.348373
v -5.883411 1.192766 -2.158401
v -5.883411 0.9917129 -2.158401
v -5.846688 1.192766 -2.315262
v -5.846688 0.9917129 -2.315262
v -5.663176 1.491713 -2.427589
v -5.663176 1.675631 -2.427589
v -5.663176 1.793441 -2.394684
v -5.536824 1.675631 -2.427589
v -5.536824 1.793441 -2.394684
v -5.419341 1.771822 -2.380112
v -5.401005 1.675631 -2.394684
v -5.536824 1.491713 -2.427589
v -5.401005 1.491713 -2.394684
v -5.353311 1.491713 -2.315262
v -5.353311 1.675631 -2.315262
v -5.395786 1.793441 -2.315262
v -5.316588 1.675631 -2.158401
v -5.365386 1.793441 -2.158401
v -5.365386 1.793441 1.348373
v -5.316588 1.491713 -2.158401
v -5.316588 1.675631 1.348373
v -5.316588 1.491713 1.348373
v -5.353312 1.675631 1.505234
v -5.395787 1.793441 1.505234
v -5.419342 1.771823 1.570083
v -5.401005 1.675631 1.584656
v -5.353312 1.491713 1.505234
v -5.401005 1.491713 1.584656
v -5.536824 1.491713 1.617561
v -5.536824 1.675631 1.617561
v -5.536824 1.793441 1.584656
v -5.663176 1.675631 1.617561
v -5.663176 1.793441 1.584656
v -5.663176 1.491713 1.617561
v -5.716804 0.3422394 1.348373
v -5.69359 0.3422394 1.505234
v -5.506411 0.3422394 1.505234
v -5.483197 0.3422394 1.348373
v -5.716804 0.3422393 -2.158401
v -5.483196 0.3422393 -2.158401
v -5.693589 0.3422393 -2.315262
v -5.506411 0.3422393 -2.315262
v -5.716803 1.842239 -2.158401
v -5.693589 1.842239 -2.315262
v -5.506411 1.842239 -2.315262
v -5.483196 1.842239 -2.158401
v -5.716804 1.842239 1.348373
v -5.483196 1.842239 1.348373
v -5.69359 1.842239 1.505234
v -5.506411 1.842239 1.505234
v 5.401006 -3.804929 10.82473
v 5.451787 -3.627668 10.81367
v 5.545759 -3.647649 10.84954
v 5.536825 -3.842978 10.89304
v 5.654242 -3.647649 10.84954
v 5.536825 -4.018617 10.79519
v 5.401006 -3.980568 10.72688
v 5.451787 -4.064467 10.57034
v 5.545759 -4.084448 10.60622
v 5.663177 -4.018617 10.79519
v 5.654242 -4.084448 10.60622
v 5.663177 -3.842978 10.89304
v 5.748215 -3.627668 10.81367
v 5.798995 -3.804929 10.82473
v 5.798995 -3.980568 10.72688
v 5.748215 -4.064467 10.57034
v 5.425594 -3.569613 10.70946
v 5.401006 -3.543769 10.97021
v 5.353312 -3.451912 10.80531
v 5.399631 -3.401078 10.40691
v 5.353312 -3.291242 10.89482
v 5.401006 -3.383099 11.05972
v 5.419342 -3.28221 11.07626
v 5.395787 -3.188323 10.95215
v 5.316589 -3.109828 10.56915
v 5.365387 -3.006909 10.62649
v 5.365386 1.048696 3.346146
v 5.316589 -3.270498 10.47965
v 5.316587 0.9457771 3.288811
v 5.316587 0.7851068 3.19931
v 5.399629 0.6545268 3.126564
v 5.425592 0.8230611 2.82402
v 5.353311 1.127191 2.96315
v 5.395786 1.230109 3.020477
v 5.419341 1.286224 2.87532
v 5.401004 1.219048 2.798248
v 5.353311 0.9665204 2.873642
v 5.451785 0.881117 2.719803
v 5.401004 1.058377 2.708748
v 5.401004 0.6215783 2.465424
v 5.451785 0.4443179 2.476486
v 5.545757 0.4642993 2.440613
v 5.536823 0.6596271 2.397125
v 5.654241 0.4642993 2.440613
v 5.536823 0.8352667 2.494965
v 5.401004 0.797218 2.563263
v 5.545757 0.9010984 2.683937
v 5.663175 0.8352667 2.494965
v 5.654241 0.9010984 2.683937
v 5.663175 0.6596271 2.397125
v 5.748214 0.4443179 2.476486
v 5.798994 0.6215783 2.465424
v 5.798994 0.797218 2.563263
v 5.748214 0.881117 2.719803
v 5.425592 0.3862621 2.580704
v 5.401004 0.3604189 2.319946
v 5.353311 0.2685615 2.48484
v 5.399629 0.2177278 2.88324
v 5.353311 0.1078912 2.39534
v 5.401004 0.1997486 2.230438
v 5.419341 0.09885988 2.213882
v 5.395786 0.004972798 2.337997
v 5.316587 -0.07352245 2.720993
v 5.365386 -0.1764408 2.663666
v 5.365387 -4.232046 9.944016
v 5.316587 0.08714807 2.810501
v 5.316589 -4.129128 10.00134
v 5.316589 -3.968457 10.09085
v 5.399631 -3.837877 10.16359
v 5.425594 -4.006412 10.46613
v 5.353312 -4.310541 10.327
v 5.395787 -4.413459 10.26967
v 5.419342 -4.469575 10.41483
v 5.401006 -4.402398 10.4919
v 5.353312 -4.14987 10.4165
v 5.401006 -4.241728 10.58141
v 5.774406 0.3862621 2.580704
v 5.846688 0.5297214 2.630325
v 5.800369 0.2177278 2.88324
v 5.846688 0.7053605 2.728165
v 5.774406 0.8230611 2.82402
v 5.883411 0.5239469 3.053825
v 5.800369 0.6545268 3.126564
v 5.800371 -3.401078 10.40691
v 5.883411 0.3483077 2.955978
v 5.883412 -3.531658 10.33417
v 5.883412 -3.707297 10.23633
v 5.800371 -3.837877 10.16359
v 5.774407 -4.006412 10.46613
v 5.846689 -3.713072 10.65984
v 5.774407 -3.569613 10.70946
v 5.846689 -3.888711 10.56199
v 5.798994 0.3604189 2.319946
v 5.663175 0.3984676 2.25164
v 5.663175 0.2377973 2.16214
v 5.798994 0.1997486 2.230438
v 5.780658 0.09885988 2.213882
v 5.663175 0.09682999 2.173111
v 5.536823 0.2377973 2.16214
v 5.536823 0.09682999 2.173111
v 5.536823 0.3984676 2.25164
v 5.798995 -4.241728 10.58141
v 5.846689 -4.14987 10.4165
v 5.846689 -4.310541 10.327
v 5.798995 -4.402398 10.4919
v 5.780659 -4.469575 10.41483
v 5.804214 -4.413459 10.26967
v 5.883412 -4.129128 10.00134
v 5.834614 -4.232046 9.944016
v 5.834613 -0.1764408 2.663666
v 5.883412 -3.968457 10.09085
v 5.883411 -0.07352245 2.720993
v 5.883411 0.08714807 2.810501
v 5.846688 0.1078912 2.39534
v 5.804213 0.004972798 2.337997
v 5.846688 0.2685615 2.48484
v 5.536825 -4.279777 10.6497
v 5.536825 -4.440447 10.5602
v 5.536825 -4.505317 10.43457
v 5.663177 -4.440447 10.5602
v 5.663177 -4.505317 10.43457
v 5.663177 -4.279777 10.6497
v 5.353312 -3.888711 10.56199
v 5.353312 -3.713072 10.65984
v 5.316589 -3.531658 10.33417
v 5.316589 -3.707297 10.23633
v 5.316587 0.5239469 3.053825
v 5.316587 0.3483077 2.955978
v 5.353311 0.7053605 2.728165
v 5.353311 0.5297214 2.630325
v 5.536823 1.096426 2.640442
v 5.536823 1.257097 2.72995
v 5.536823 1.321966 2.855583
v 5.663175 1.257097 2.72995
v 5.663175 1.321966 2.855583
v 5.780658 1.286224 2.87532
v 5.798994 1.219048 2.798248
v 5.663175 1.096426 2.640442
v 5.798994 1.058377 2.708748
v 5.846688 0.9665204 2.873642
v 5.846688 1.127191 2.96315
v 5.804213 1.230109 3.020477
v 5.883411 0.9457771 3.288811
v 5.834613 1.048696 3.346146
v 5.834614 -3.006909 10.62649
v 5.883411 0.7851068 3.19931
v 5.883412 -3.109828 10.56915
v 5.883412 -3.270498 10.47965
v 5.846689 -3.291242 10.89482
v 5.804214 -3.188323 10.95215
v 5.780659 -3.28221 11.07626
v 5.798995 -3.383099 11.05972
v 5.846689 -3.451912 10.80531
v 5.798995 -3.543769 10.97021
v 5.663177 -3.581818 11.03851
v 5.663177 -3.421147 11.12802
v 5.663177 -3.28018 11.11705
v 5.536825 -3.421147 11.12802
v 5.536825 -3.28018 11.11705
v 5.536825 -3.581818 11.03851
v 5.483197 -4.274676 9.920265
v 5.506411 -4.456089 10.24593
v 5.69359 -4.456089 10.24593
v 5.716804 -4.274676 9.920265
v 5.483196 -0.219071 2.639915
v 5.716803 -0.219071 2.639915
v 5.50641 -0.0376574 2.314255
v 5.693588 -0.0376574 2.314255
v 5.483196 1.091326 3.369888
v 5.50641 1.27274 3.044228
v 5.693588 1.27274 3.044228
v 5.716803 1.091326 3.369888
v 5.483197 -2.964279 10.65024
v 5.716804 -2.964279 10.65024
v 5.506411 -3.145693 10.9759
v 5.69359 -3.145693 10.9759
v 2.451006 1.238521 -13.18297
v 2.501786 1.417175 -13.19652
v 2.595759 1.396598 -13.15958
v 2.586825 1.199337 -13.11263
v 2.704242 1.396598 -13.15958
v 2.586825 1.023698 -13.21046
v 2.451006 1.062882 -13.28081
v 2.501786 0.9803756 -13.43985
v 2.595759 0.9597987 -13.40291
v 2.713177 1.023698 -13.21046
v 2.704242 0.9597987 -13.40291
v 2.713177 1.199337 -13.11263
v 2.798215 1.417175 -13.19652
v 2.848996 1.238521 -13.18297
v 2.848996 1.062882 -13.28081
v 2.798215 0.9803756 -13.43985
v 2.475594 1.476962 -13.30385
v 2.451006 1.499681 -13.03748
v 2.403312 1.594279 -13.2073
v 2.449631 1.650525 -13.61542
v 2.403312 1.754949 -13.1178
v 2.451006 1.660351 -12.94798
v 2.469342 1.761743 -12.93233
v 2.445787 1.857868 -13.06046
v 2.366589 1.941775 -13.45317
v 2.415387 2.044693 -13.39584
v 2.415386 6.221297 -20.89339
v 2.366589 1.781104 -13.54268
v 2.366588 6.11838 -20.95073
v 2.366588 5.957708 -21.04023
v 2.449629 5.827128 -21.11297
v 2.475592 6.00069 -21.42454
v 2.403311 6.305204 -21.2861
v 2.445786 6.408123 -21.22878
v 2.469341 6.466476 -21.37794
v 2.451005 6.399803 -21.45592
v 2.403311 6.144535 -21.37561
v 2.501785 6.060478 -21.53186
v 2.451005 6.239132 -21.54543
v 2.451005 5.802334 -21.78874
v 2.501785 5.62368 -21.77519
v 2.595757 5.644258 -21.81213
v 2.586823 5.841516 -21.85909
v 2.704241 5.644258 -21.81213
v 2.586823 6.017157 -21.76125
v 2.451005 5.977973 -21.6909
v 2.595757 6.081057 -21.5688
v 2.713175 6.017157 -21.76125
v 2.704241 6.081057 -21.5688
v 2.713175 5.841516 -21.85909
v 2.798214 5.62368 -21.77519
v 2.848994 5.802334 -21.78875
v 2.848994 5.977973 -21.6909
v 2.798214 6.060478 -21.53186
v 2.475592 5.563892 -21.66786
v 2.451005 5.541174 -21.93423
v 2.403311 5.446576 -21.76441
v 2.449629 5.390329 -21.35629
v 2.403311 5.285906 -21.85391
v 2.451005 5.380503 -22.02374
v 2.469341 5.279112 -22.03938
v 2.445786 5.182987 -21.91125
v 2.366588 5.099079 -21.51854
v 2.415386 4.996161 -21.57587
v 2.415387 0.8195571 -14.07832
v 2.366588 5.25975 -21.42903
v 2.366589 0.9224752 -14.02098
v 2.366589 1.083146 -13.93148
v 2.449631 1.213726 -13.85873
v 2.475594 1.040163 -13.54717
v 2.403312 0.7356495 -13.68561
v 2.445787 0.6327308 -13.74294
v 2.469342 0.5743784 -13.59377
v 2.451006 0.6410517 -13.51579
v 2.403312 0.8963197 -13.5961
v 2.451006 0.8017219 -13.42628
v 2.824406 5.563892 -21.66786
v 2.896688 5.707735 -21.61893
v 2.850369 5.390329 -21.35629
v 2.896688 5.883375 -21.52109
v 2.824406 6.00069 -21.42454
v 2.933411 5.696548 -21.18571
v 2.850369 5.827128 -21.11297
v 2.850371 1.650525 -13.61542
v 2.933411 5.520909 -21.28355
v 2.933413 1.519945 -13.68816
v 2.933413 1.344306 -13.786
v 2.850371 1.213726 -13.85873
v 2.824408 1.040163 -13.54717
v 2.896689 1.333119 -13.35278
v 2.824408 1.476962 -13.30385
v 2.896689 1.15748 -13.45062
v 2.848994 5.541174 -21.93423
v 2.713175 5.580358 -22.00457
v 2.713175 5.419687 -22.09407
v 2.848994 5.380503 -22.02374
v 2.830658 5.279112 -22.03938
v 2.713175 5.277585 -22.08106
v 2.586823 5.419687 -22.09407
v 2.586823 5.277585 -22.08106
v 2.586823 5.580358 -22.00457
v 2.848996 0.8017219 -13.42628
v 2.896689 0.8963197 -13.5961
v 2.896689 0.7356495 -13.68561
v 2.848996 0.6410517 -13.51579
v 2.830659 0.5743784 -13.59377
v 2.854214 0.6327308 -13.74294
v 2.933413 0.9224752 -14.02098
v 2.884614 0.8195571 -14.07832
v 2.884613 4.996161 -21.57587
v 2.933413 1.083146 -13.93148
v 2.933411 5.099079 -21.51854
v 2.933411 5.25975 -21.42903
v 2.896688 5.285906 -21.85391
v 2.854213 5.182987 -21.91125
v 2.896688 5.446576 -21.76441
v 2.586825 0.7625383 -13.35595
v 2.586825 0.601868 -13.44545
v 2.586825 0.538133 -13.57312
v 2.713177 0.601868 -13.44545
v 2.713177 0.538133 -13.57312
v 2.713177 0.7625383 -13.35595
v 2.403312 1.15748 -13.45062
v 2.403312 1.333119 -13.35278
v 2.366589 1.519945 -13.68816
v 2.366589 1.344306 -13.786
v 2.366588 5.696548 -21.18571
v 2.366588 5.520909 -21.28355
v 2.403311 5.883375 -21.52109
v 2.403311 5.707735 -21.61893
v 2.586823 6.278316 -21.61576
v 2.586823 6.438986 -21.52626
v 2.586823 6.502722 -21.39859
v 2.713175 6.438986 -21.52626
v 2.713175 6.502722 -21.39859
v 2.830658 6.466476 -21.37794
v 2.848994 6.399803 -21.45592
v 2.713175 6.278316 -21.61576
v 2.848994 6.239132 -21.54543
v 2.896688 6.144535 -21.37561
v 2.896688 6.305204 -21.2861
v 2.854213 6.408123 -21.22878
v 2.933411 6.11838 -20.95073
v 2.884613 6.221297 -20.89339
v 2.884614 2.044693 -13.39584
v 2.933411 5.957708 -21.04023
v 2.933413 1.941775 -13.45317
v 2.933413 1.781104 -13.54268
v 2.896689 1.754949 -13.1178
v 2.854214 1.857868 -13.06046
v 2.830659 1.761743 -12.93233
v 2.848996 1.660351 -12.94798
v 2.896689 1.594279 -13.2073
v 2.848996 1.499681 -13.03748
v 2.713177 1.460497 -12.96714
v 2.713177 1.621168 -12.87764
v 2.713177 1.76327 -12.89065
v 2.586825 1.621168 -12.87764
v 2.586825 1.76327 -12.89065
v 2.586825 1.460497 -12.96714
v 2.533197 0.7769269 -14.10207
v 2.556411 0.5901006 -13.76669
v 2.74359 0.5901006 -13.76669
v 2.766804 0.7769269 -14.10207
v 2.533196 4.953531 -21.59962
v 2.766803 4.953531 -21.59962
v 2.55641 5.140357 -21.935
v 2.743588 5.140357 -21.935
v 2.533196 6.263927 -20.86964
v 2.55641 6.450754 -21.20502
v 2.743588 6.450754 -21.20502
v 2.766803 6.263927 -20.86964
v 2.533197 2.087324 -13.37209
v 2.766804 2.087324 -13.37209
v 2.556411 1.900498 -13.03671
v 2.74359 1.900498 -13.03671
v -2.848994 1.238521 -13.18297
v -2.798214 1.417175 -13.19652
v -2.704241 1.396598 -13.15958
v -2.713176 1.199337 -13.11263
v -2.595758 1.396598 -13.15958
v -2.713176 1.023698 -13.21046
v -2.848994 1.062882 -13.28081
v -2.798214 0.9803756 -13.43985
v -2.704241 0.9597987 -13.40291
v -2.586823 1.023698 -13.21046
v -2.595758 0.9597987 -13.40291
v -2.586823 1.199337 -13.11263
v -2.501785 1.417175 -13.19652
v -2.451005 1.238521 -13.18297
v -2.451005 1.062882 -13.28081
v -2.501785 0.9803756 -13.43985
v -2.824406 1.476962 -13.30385
v -2.848994 1.499681 -13.03748
v -2.896688 1.594279 -13.2073
v -2.850369 1.650525 -13.61542
v -2.896688 1.754949 -13.1178
v -2.848994 1.660351 -12.94798
v -2.830658 1.761743 -12.93233
v -2.854213 1.857868 -13.06046
v -2.933411 1.941775 -13.45317
v -2.884613 2.044693 -13.39584
v -2.884614 6.221297 -20.89339
v -2.933411 1.781104 -13.54268
v -2.933413 6.11838 -20.95073
v -2.933413 5.957708 -21.04023
v -2.850371 5.827128 -21.11297
v -2.824408 6.00069 -21.42454
v -2.896689 6.305204 -21.2861
v -2.854214 6.408123 -21.22878
v -2.830659 6.466476 -21.37794
v -2.848996 6.399803 -21.45592
v -2.896689 6.144535 -21.37561
v -2.798215 6.060478 -21.53186
v -2.848996 6.239132 -21.54543
v -2.848996 5.802334 -21.78874
v -2.798215 5.62368 -21.77519
v -2.704243 5.644258 -21.81213
v -2.713177 5.841516 -21.85909
v -2.595759 5.644258 -21.81213
v -2.713177 6.017157 -21.76125
v -2.848996 5.977973 -21.6909
v -2.704243 6.081057 -21.5688
v -2.586825 6.017157 -21.76125
v -2.595759 6.081057 -21.5688
v -2.586825 5.841516 -21.85909
v -2.501786 5.62368 -21.77519
v -2.451006 5.802334 -21.78875
v -2.451006 5.977973 -21.6909
v -2.501786 6.060478 -21.53186
v -2.824408 5.563892 -21.66786
v -2.848996 5.541174 -21.93423
v -2.896689 5.446576 -21.76441
v -2.850371 5.390329 -21.35629
v -2.896689 5.285906 -21.85391
v -2.848996 5.380503 -22.02374
v -2.830659 5.279112 -22.03938
v -2.854214 5.182987 -21.91125
v -2.933413 5.099079 -21.51854
v -2.884614 4.996161 -21.57587
v -2.884613 0.8195571 -14.07832
v -2.933413 5.25975 -21.42903
v -2.933411 0.9224752 -14.02098
v -2.933411 1.083146 -13.93148
v -2.850369 1.213726 -13.85873
v -2.824406 1.040163 -13.54717
v -2.896688 0.7356495 -13.68561
v -2.854213 0.6327308 -13.74294
v -2.830658 0.5743784 -13.59377
v -2.848994 0.6410517 -13.51579
v -2.896688 0.8963197 -13.5961
v -2.848994 0.8017219 -13.42628
v -2.475594 5.563892 -21.66786
v -2.403312 5.707735 -21.61893
v -2.449631 5.390329 -21.35629
v -2.403312 5.883375 -21.52109
v -2.475594 6.00069 -21.42454
v -2.366589 5.696548 -21.18571
v -2.449631 5.827128 -21.11297
v -2.44963 1.650525 -13.61542
v -2.366589 5.520909 -21.28355
v -2.366588 1.519945 -13.68816
v -2.366588 1.344306 -13.786
v -2.44963 1.213726 -13.85873
v -2.475592 1.040163 -13.54717
v -2.403311 1.333119 -13.35278
v -2.475592 1.476962 -13.30385
v -2.403311 1.15748 -13.45062
v -2.451006 5.541174 -21.93423
v -2.586825 5.580358 -22.00457
v -2.586825 5.419687 -22.09407
v -2.451006 5.380503 -22.02374
v -2.469342 5.279112 -22.03938
v -2.586825 5.277585 -22.08106
v -2.713177 5.419687 -22.09407
v -2.713177 5.277585 -22.08106
v -2.713177 5.580358 -22.00457
v -2.451004 0.8017219 -13.42628
v -2.403311 0.8963197 -13.5961
v -2.403311 0.7356495 -13.68561
v -2.451004 0.6410517 -13.51579
v -2.469341 0.5743784 -13.59377
v -2.445786 0.6327308 -13.74294
v -2.366588 0.9224752 -14.02098
v -2.415386 0.8195571 -14.07832
v -2.415387 4.996161 -21.57587
v -2.366588 1.083146 -13.93148
v -2.366589 5.099079 -21.51854
v -2.366589 5.25975 -21.42903
v -2.403312 5.285906 -21.85391
v -2.445787 5.182987 -21.91125
v -2.403312 5.446576 -21.76441
v -2.713176 0.7625383 -13.35595
v -2.713176 0.601868 -13.44545
v -2.713176 0.538133 -13.57312
v -2.586823 0.601868 -13.44545
v -2.586823 0.538133 -13.57312
v -2.586823 0.7625383 -13.35595
v -2.896688 1.15748 -13.45062
v -2.896688 1.333119 -13.35278
v -2.933411 1.519945 -13.68816
v -2.933411 1.344306 -13.786
v -2.933413 5.696548 -21.18571
v -2.933413 5.520909 -21.28355
v -2.896689 5.883375 -21.52109
v -2.896689 5.707735 -21.61893
v -2.713177 6.278316 -21.61576
v -2.713177 6.438986 -21.52626
v -2.713177 6.502722 -21.39859
v -2.586825 6.438986 -21.52626
v -2.586825 6.502722 -21.39859
v -2.469342 6.466476 -21.37794
v -2.451006 6.399803 -21.45592
v -2.586825 6.278316 -21.61576
v -2.451006 6.239132 -21.54543
v -2.403312 6.144535 -21.37561
v -2.403312 6.305204 -21.2861
v -2.445787 6.408123 -21.22878
v -2.366589 6.11838 -20.95073
v -2.415387 6.221297 -20.89339
v -2.415386 2.044693 -13.39584
v -2.366589 5.957708 -21.04023
v -2.366588 1.941775 -13.45317
v -2.366588 1.781104 -13.54268
v -2.403311 1.754949 -13.1178
v -2.445786 1.857868 -13.06046
v -2.469341 1.761743 -12.93233
v -2.451004 1.660351 -12.94798
v -2.403311 1.594279 -13.2073
v -2.451004 1.499681 -13.03748
v -2.586823 1.460497 -12.96714
v -2.586823 1.621168 -12.87764
v -2.586823 1.76327 -12.89065
v -2.713176 1.621168 -12.87764
v -2.713176 1.76327 -12.89065
v -2.713176 1.460497 -12.96714
v -2.766803 0.7769269 -14.10207
v -2.743589 0.5901006 -13.76669
v -2.55641 0.5901006 -13.76669
v -2.533196 0.7769269 -14.10207
v -2.766804 4.953531 -21.59962
v -2.533197 4.953531 -21.59962
v -2.74359 5.140357 -21.935
v -2.556412 5.140357 -21.935
v -2.766804 6.263927 -20.86964
v -2.74359 6.450754 -21.20502
v -2.556412 6.450754 -21.20502
v -2.533197 6.263927 -20.86964
v -2.766803 2.087324 -13.37209
v -2.533196 2.087324 -13.37209
v -2.743589 1.900498 -13.03671
v -2.55641 1.900498 -13.03671
v 1.979572 1.444229 -13.33292
v 2.275 2.306747 -13.56947
v 2.000481 2.295199 -13.2952
v 2.262928 1.444229 -13.61627
v 2.000481 0.615455 -13.32084
v 2.65 2.310974 -13.66986
v 2.29447 2.426297 -13.53069
v 2.65 2.430304 -13.62586
v 3.025 2.306747 -13.56947
v 3.00553 2.426297 -13.53069
v 2.65 1.444229 -13.71999
v 3.037071 1.444229 -13.61627
v 2.275 0.615455 -13.59536
v 2.65 0.615455 -13.69584
v 3.025 0.615455 -13.59536
v 3.00553 0.4943799 -13.56163
v 2.65 0.4943799 -13.6569
v 2.29447 0.4943799 -13.56163
v 2.034204 0.4943799 -13.30137
v 3.265796 0.4943799 -13.30137
v 3.299519 0.615455 -13.32084
v 3.36106 0.4943799 -12.94584
v 3.4 0.6154551 -12.94584
v 3.320428 1.444229 -13.33292
v 3.424143 1.444229 -12.94584
v 3.299519 2.295199 -13.2952
v 3.265796 2.415349 -13.27065
v 3.4 2.279425 -12.92052
v 3.36106 2.400393 -12.91543
v 3.299519 2.26365 -12.54585
v 3.265796 2.385437 -12.56021
v 3.320427 1.444229 -12.55877
v 3.299519 0.6154551 -12.57084
v 3.265796 0.4943799 -12.59031
v 3.00553 0.4943799 -12.33005
v 3.025 0.6154551 -12.29633
v 2.65 0.4943799 -12.23478
v 2.65 0.6154551 -12.19584
v 3.037071 1.444229 -12.27541
v 3.025 2.252102 -12.27158
v 3.00553 2.374489 -12.30018
v 2.29447 0.4943799 -12.33005
v 2.275 0.6154551 -12.29633
v 2.034204 0.4943799 -12.59031
v 2.000481 0.6154551 -12.57084
v 1.979572 1.444229 -12.55877
v 2.262928 1.444229 -12.27541
v 2.000481 2.26365 -12.54585
v 2.65 1.444229 -12.17169
v 2.275 2.252102 -12.27158
v 2.65 2.247876 -12.17119
v 2.65 2.370481 -12.205
v 2.29447 2.374489 -12.30018
v 2.034204 2.385437 -12.56021
v 1.93894 0.4943799 -12.94584
v 1.9 0.6154551 -12.94584
v 1.875857 1.444229 -12.94584
v 1.9 2.279425 -12.92052
v 1.93894 2.400393 -12.91543
v 2.034204 2.415349 -13.27065
v 2.341475 2.472978 -13.44723
v 2.115618 2.463478 -13.22157
v 2.65 2.476456 -13.52982
v 2.341475 2.42802 -12.37941
v 2.032949 2.450499 -12.91331
v 2.115618 2.437521 -12.60507
v 2.65 2.424543 -12.29681
v 2.958525 2.472978 -13.44723
v 2.958525 2.42802 -12.37941
v 3.184381 2.463478 -13.22157
v 3.184381 2.437521 -12.60507
v 3.26705 2.450499 -12.91331
v 2.341475 0.444229 -13.48022
v 2.115618 0.444229 -13.25436
v 2.032949 0.444229 -12.94584
v 2.115618 0.444229 -12.63731
v 2.341475 0.4442291 -12.41145
v 2.65 0.444229 -13.56289
v 2.65 0.4442291 -12.32879
v 2.958525 0.444229 -13.48022
v 2.958525 0.4442291 -12.41145
v 3.184381 0.444229 -13.25436
v 3.184381 0.444229 -12.63731
v 3.26705 0.444229 -12.94584
v -3.320428 1.444229 -13.33292
v -3.025 2.306747 -13.56947
v -3.299519 2.295199 -13.2952
v -3.037072 1.444229 -13.61627
v -3.29952 0.615455 -13.32084
v -2.65 2.310974 -13.66986
v -3.00553 2.426297 -13.53069
v -2.65 2.430304 -13.62586
v -2.275 2.306747 -13.56947
v -2.29447 2.426297 -13.53069
v -2.65 1.444229 -13.71999
v -2.262929 1.444229 -13.61627
v -3.025001 0.615455 -13.59536
v -2.65 0.615455 -13.69584
v -2.275001 0.615455 -13.59536
v -2.294471 0.4943799 -13.56163
v -2.65 0.4943799 -13.6569
v -3.00553 0.4943799 -13.56163
v -3.265796 0.4943799 -13.30137
v -2.034204 0.4943799 -13.30137
v -2.000481 0.615455 -13.32084
v -1.938941 0.4943799 -12.94584
v -1.900001 0.6154551 -12.94584
v -1.979573 1.444229 -13.33292
v -1.875857 1.444229 -12.94584
v -2.000481 2.295199 -13.2952
v -2.034204 2.415349 -13.27065
v -1.9 2.279425 -12.92052
v -1.938941 2.400393 -12.91543
v -2.000481 2.26365 -12.54585
v -2.034204 2.385437 -12.56021
v -1.979573 1.444229 -12.55877
v -2.000482 0.6154551 -12.57084
v -2.034204 0.4943799 -12.59031
v -2.294471 0.4943799 -12.33005
v -2.275001 0.6154551 -12.29633
v -2.65 0.4943799 -12.23478
v -2.65 0.6154551 -12.19584
v -2.262929 1.444229 -12.27541
v -2.275 2.252102 -12.27158
v -2.29447 2.374489 -12.30018
v -3.00553 0.4943799 -12.33005
v -3.025001 0.6154551 -12.29633
v -3.265797 0.4943799 -12.59031
v -3.29952 0.6154551 -12.57084
v -3.320428 1.444229 -12.55877
v -3.037072 1.444229 -12.27541
v -3.29952 2.26365 -12.54585
v -2.65 1.444229 -12.17169
v -3.025 2.252102 -12.27158
v -2.65 2.247876 -12.17119
v -2.65 2.370481 -12.205
v -3.00553 2.374489 -12.30018
v -3.265796 2.385437 -12.56021
v -3.36106 0.4943799 -12.94584
v -3.400001 0.6154551 -12.94584
v -3.424144 1.444229 -12.94584
v -3.4 2.279425 -12.92052
v -3.36106 2.400393 -12.91543
v -3.265796 2.415349 -13.27065
v -2.958525 2.472978 -13.44723
v -3.184382 2.463478 -13.22157
v -2.65 2.476456 -13.52982
v -2.958526 2.42802 -12.37941
v -3.267051 2.450499 -12.91331
v -3.184382 2.437521 -12.60507
v -2.65 2.424543 -12.29681
v -2.341475 2.472978 -13.44723
v -2.341475 2.42802 -12.37941
v -2.115619 2.463478 -13.22157
v -2.115619 2.437521 -12.60507
v -2.03295 2.450499 -12.91331
v -2.958526 0.444229 -13.48022
v -3.184382 0.444229 -13.25436
v -3.267051 0.444229 -12.94584
v -3.184382 0.444229 -12.63731
v -2.958526 0.4442291 -12.41145
v -2.65 0.444229 -13.56289
v -2.650001 0.4442291 -12.32879
v -2.341475 0.444229 -13.48022
v -2.341475 0.4442291 -12.41145
v -2.115619 0.444229 -13.25436
v -2.115619 0.444229 -12.63731
v -2.03295 0.444229 -12.94584
v 5.401005 -3.773095 18.02206
v 5.451786 -3.623621 17.96066
v 5.545758 -3.623621 17.98694
v 5.536824 -3.773095 18.0721
v 5.654241 -3.623621 17.98694
v 5.536824 -3.974148 18.0721
v 5.401005 -3.974148 18.02206
v 5.451786 -4.123621 17.96066
v 5.545758 -4.123621 17.98694
v 5.663176 -3.974148 18.0721
v 5.654241 -4.123621 17.98694
v 5.663176 -3.773095 18.0721
v 5.748214 -3.623621 17.96066
v 5.798995 -3.773095 18.02206
v 5.798995 -3.974148 18.02206
v 5.748214 -4.123621 17.96066
v 5.425593 -3.623621 17.8843
v 5.401005 -3.474148 18.02206
v 5.353311 -3.474148 17.90124
v 5.39963 -3.623621 17.66264
v 5.353311 -3.29023 17.90124
v 5.401005 -3.29023 18.02206
v 5.419341 -3.194038 17.99989
v 5.395786 -3.17242 17.90124
v 5.316588 -3.29023 17.66264
v 5.365386 -3.17242 17.66264
v 5.365387 -3.17242 12.32848
v 5.316588 -3.474148 17.66264
v 5.316588 -3.29023 12.32848
v 5.316588 -3.474148 12.32848
v 5.39963 -3.623621 12.32848
v 5.425593 -3.623621 12.10682
v 5.353312 -3.29023 12.08987
v 5.395787 -3.17242 12.08987
v 5.419342 -3.194038 11.99123
v 5.401005 -3.29023 11.96906
v 5.353312 -3.474148 12.08987
v 5.451786 -3.623621 12.03046
v 5.401005 -3.474148 11.96906
v 5.401005 -3.974148 11.96906
v 5.451786 -4.123621 12.03046
v 5.545758 -4.123621 12.00418
v 5.536824 -3.974148 11.91902
v 5.654242 -4.123621 12.00418
v 5.536824 -3.773095 11.91902
v 5.401005 -3.773095 11.96906
v 5.545758 -3.623621 12.00418
v 5.663176 -3.773095 11.91902
v 5.654242 -3.623621 12.00418
v 5.663176 -3.974148 11.91902
v 5.748215 -4.123621 12.03046
v 5.798995 -3.974148 11.96906
v 5.798995 -3.773095 11.96906
v 5.748215 -3.623621 12.03046
v 5.425593 -4.123621 12.10682
v 5.401005 -4.273095 11.96906
v 5.353312 -4.273095 12.08987
v 5.39963 -4.123621 12.32848
v 5.353312 -4.457013 12.08987
v 5.401005 -4.457013 11.96906
v 5.419342 -4.553205 11.99123
v 5.395787 -4.574823 12.08987
v 5.316588 -4.457013 12.32848
v 5.365387 -4.574823 12.32848
v 5.365386 -4.574822 17.66264
v 5.316588 -4.273095 12.32848
v 5.316588 -4.457013 17.66264
v 5.316588 -4.273095 17.66264
v 5.39963 -4.123621 17.66264
v 5.425593 -4.123621 17.8843
v 5.353311 -4.457013 17.90124
v 5.395786 -4.574822 17.90124
v 5.419341 -4.553204 17.99989
v 5.401005 -4.457013 18.02206
v 5.353311 -4.273095 17.90124
v 5.401005 -4.273095 18.02206
v 5.774407 -4.123621 12.10682
v 5.846689 -3.974148 12.08988
v 5.80037 -4.123621 12.32848
v 5.846689 -3.773095 12.08988
v 5.774407 -3.623621 12.10682
v 5.883412 -3.773095 12.32848
v 5.80037 -3.623621 12.32848
v 5.80037 -3.623621 17.66264
v 5.883412 -3.974148 12.32848
v 5.883411 -3.773095 17.66264
v 5.883411 -3.974148 17.66264
v 5.800369 -4.123621 17.66264
v 5.774406 -4.123621 17.8843
v 5.846688 -3.773095 17.90124
v 5.774406 -3.623621 17.8843
v 5.846688 -3.974148 17.90124
v 5.798995 -4.273095 11.96906
v 5.663176 -4.273095 11.91902
v 5.663176 -4.457013 11.91902
v 5.798995 -4.457013 11.96906
v 5.780659 -4.553205 11.99123
v 5.663176 -4.574823 11.96906
v 5.536824 -4.457013 11.91902
v 5.536824 -4.574823 11.96906
v 5.536824 -4.273095 11.91902
v 5.798995 -4.273095 18.02206
v 5.846688 -4.273095 17.90124
v 5.846688 -4.457013 17.90124
v 5.798995 -4.457013 18.02206
v 5.780658 -4.553204 17.99989
v 5.804213 -4.574822 17.90124
v 5.883411 -4.457013 17.66264
v 5.834613 -4.574822 17.66264
v 5.834613 -4.574823 12.32848
v 5.883411 -4.273095 17.66264
v 5.883412 -4.457013 12.32848
v 5.883412 -4.273095 12.32848
v 5.846689 -4.457013 12.08988
v 5.804214 -4.574823 12.08987
v 5.846689 -4.273095 12.08988
v 5.536824 -4.273095 18.0721
v 5.536824 -4.457013 18.0721
v 5.536824 -4.574822 18.02206
v 5.663176 -4.457013 18.0721
v 5.663176 -4.574822 18.02206
v 5.663176 -4.273095 18.0721
v 5.353311 -3.974148 17.90124
v 5.353311 -3.773095 17.90124
v 5.316588 -3.773095 17.66264
v 5.316588 -3.974148 17.66264
v 5.316588 -3.773095 12.32848
v 5.316588 -3.974148 12.32848
v 5.353312 -3.773095 12.08987
v 5.353312 -3.974148 12.08987
v 5.536824 -3.474148 11.91902
v 5.536824 -3.29023 11.91902
v 5.536824 -3.17242 11.96906
v 5.663176 -3.29023 11.91902
v 5.663176 -3.17242 11.96906
v 5.780659 -3.194038 11.99123
v 5.798995 -3.29023 11.96906
v 5.663176 -3.474148 11.91902
v 5.798995 -3.474148 11.96906
v 5.846689 -3.474148 12.08988
v 5.846689 -3.29023 12.08988
v 5.804214 -3.17242 12.08987
v 5.883412 -3.29023 12.32848
v 5.834614 -3.17242 12.32848
v 5.834613 -3.17242 17.66264
v 5.883412 -3.474148 12.32848
v 5.883411 -3.29023 17.66264
v 5.883411 -3.474148 17.66264
v 5.846688 -3.29023 17.90124
v 5.804213 -3.17242 17.90124
v 5.780658 -3.194038 17.99989
v 5.798995 -3.29023 18.02206
v 5.846688 -3.474148 17.90124
v 5.798995 -3.474148 18.02206
v 5.663176 -3.474148 18.0721
v 5.663176 -3.29023 18.0721
v 5.663176 -3.17242 18.02206
v 5.536824 -3.29023 18.0721
v 5.536824 -3.17242 18.02206
v 5.536824 -3.474148 18.0721
v 5.483196 -4.623621 17.66264
v 5.50641 -4.623621 17.90124
v 5.693589 -4.623621 17.90124
v 5.716803 -4.623621 17.66264
v 5.483197 -4.623621 12.32848
v 5.716804 -4.623621 12.32848
v 5.506411 -4.623621 12.08987
v 5.693589 -4.623621 12.08987
v 5.483197 -3.123621 12.32848
v 5.506411 -3.123621 12.08987
v 5.693589 -3.123621 12.08987
v 5.716804 -3.123621 12.32848
v 5.483196 -3.123621 17.66264
v 5.716803 -3.123621 17.66264
v 5.50641 -3.123621 17.90124
v 5.693589 -3.123621 17.90124
v 6.327457 1.37395 -2.621353
v 6.077595 2.236469 -2.33709
v 6.300316 2.224921 -2.654861
v 6.09761 1.37395 -2.293091
v 6.30477 0.5451764 -2.629608
v 5.725725 2.240695 -2.173103
v 6.051685 2.356018 -2.371902
v 5.718084 2.360025 -2.216431
v 5.338989 2.236469 -2.206848
v 5.351428 2.356018 -2.248428
v 5.734429 1.37395 -2.123741
v 5.335227 1.37395 -2.158669
v 6.082091 0.5451764 -2.311584
v 5.730237 0.5451764 -2.147522
v 5.343485 0.5451764 -2.181351
v 5.356803 0.4241013 -2.217941
v 5.723475 0.4241013 -2.185867
v 6.057061 0.4241013 -2.341415
v 6.268178 0.4241012 -2.642929
v 5.055297 0.4241012 -2.429062
v 5.025467 0.5451764 -2.404037
v 4.899743 0.4241012 -2.76265
v 4.861394 0.5451764 -2.75589
v 5.006972 1.37395 -2.388519
v 4.837618 1.37395 -2.751694
v 5.021013 2.224921 -2.429291
v 5.049961 2.34507 -2.45932
v 4.856998 2.209146 -2.780823
v 4.894463 2.330114 -2.792595
v 4.890892 2.193372 -3.167244
v 4.926597 2.315158 -3.158958
v 4.872543 1.37395 -3.150894
v 4.895231 0.5451764 -3.142639
v 4.931823 0.4241012 -3.129318
v 5.14294 0.4241012 -3.430832
v 5.11791 0.5451763 -3.460655
v 5.476526 0.4241012 -3.58638
v 5.469764 0.5451763 -3.624725
v 5.102391 1.37395 -3.479156
v 5.113613 2.181823 -3.485023
v 5.137754 2.30421 -3.460236
v 5.843197 0.4241012 -3.554306
v 5.856515 0.5451763 -3.590897
v 6.144704 0.4241012 -3.343185
v 6.174534 0.5451764 -3.36821
v 6.193028 1.37395 -3.383728
v 5.864773 1.37395 -3.613579
v 6.170195 2.193372 -3.392822
v 5.465572 1.37395 -3.648506
v 5.852219 2.181823 -3.615257
v 5.465483 2.177597 -3.649002
v 5.471355 2.300203 -3.615707
v 5.838011 2.30421 -3.58371
v 6.139478 2.315158 -3.372818
v 6.300258 0.4241012 -3.009598
v 6.338606 0.5451764 -3.016357
v 6.362382 1.37395 -3.020554
v 6.33421 2.209146 -3.04129
v 6.294977 2.330114 -3.039543
v 6.262843 2.34507 -2.673187
v 5.990903 2.402699 -2.445923
v 6.174144 2.393199 -2.707375
v 5.701408 2.406178 -2.311012
v 5.805479 2.357741 -3.49752
v 6.202029 2.38022 -3.025299
v 6.067089 2.367242 -3.314514
v 5.487298 2.354264 -3.525284
v 5.383227 2.402699 -2.338776
v 5.197803 2.357741 -3.390366
v 5.121618 2.393199 -2.52179
v 5.014563 2.367242 -3.128922
v 4.986677 2.38022 -2.810997
v 5.996633 0.3739504 -2.413437
v 6.179838 0.3739504 -2.675079
v 6.207676 0.3739504 -2.993271
v 6.072689 0.3739503 -3.282761
v 5.811044 0.3739503 -3.465958
v 5.70715 0.3739504 -2.278442
v 5.492851 0.3739503 -3.493805
v 5.388957 0.3739504 -2.30629
v 5.203368 0.3739503 -3.35881
v 5.127312 0.3739504 -2.489487
v 5.020163 0.3739503 -3.097168
v 4.992324 0.3739504 -2.778976
v -5.212928 -3.604516 17.98953
v -4.976372 -2.741998 18.28496
v -5.250648 -2.753546 18.01044
v -4.929572 -3.604516 18.27289
v -5.224999 -4.43329 18.01044
v -4.87598 -2.737771 18.65996
v -5.015158 -2.622449 18.30443
v -4.919979 -2.618441 18.65996
v -4.976372 -2.741998 19.03496
v -5.015158 -2.622449 19.01549
v -4.825856 -3.604516 18.65996
v -4.929572 -3.604516 19.04703
v -4.95048 -4.43329 18.28496
v -4.849999 -4.43329 18.65996
v -4.95048 -4.43329 19.03496
v -4.984203 -4.554365 19.01549
v -4.88894 -4.554365 18.65996
v -4.984203 -4.554365 18.30443
v -5.24447 -4.554365 18.04416
v -5.24447 -4.554365 19.27576
v -5.224999 -4.43329 19.30948
v -5.599999 -4.554365 19.37102
v -5.599999 -4.43329 19.40996
v -5.212928 -3.604516 19.33038
v -5.599999 -3.604516 19.4341
v -5.250648 -2.753546 19.30948
v -5.275194 -2.633397 19.27576
v -5.625316 -2.76932 19.40996
v -5.630409 -2.648352 19.37102
v -5.999984 -2.785095 19.30948
v -5.985624 -2.663308 19.27576
v -5.987071 -3.604516 19.33038
v -5.974999 -4.43329 19.30948
v -5.95553 -4.554365 19.27576
v -6.215796 -4.554365 19.01549
v -6.249518 -4.43329 19.03496
v -6.311059 -4.554365 18.65996
v -6.349999 -4.43329 18.65996
v -6.270427 -3.604516 19.04703
v -6.27426 -2.796643 19.03496
v -6.24566 -2.674257 19.01549
v -6.215796 -4.554365 18.30443
v -6.249518 -4.43329 18.28496
v -5.95553 -4.554365 18.04416
v -5.974999 -4.43329 18.01044
v -5.987071 -3.604516 17.98953
v -6.270427 -3.604516 18.27289
v -5.999984 -2.785095 18.01044
v -6.374143 -3.604516 18.65996
v -6.27426 -2.796643 18.28496
v -6.374652 -2.80087 18.65996
v -6.340839 -2.678264 18.65996
v -6.24566 -2.674257 18.30443
v -5.985624 -2.663308 18.04416
v -5.599999 -4.554365 17.9489
v -5.599999 -4.43329 17.90996
v -5.599999 -3.604516 17.88581
v -5.625316 -2.76932 17.90996
v -5.630409 -2.648352 17.9489
v -5.275194 -2.633397 18.04416
v -5.09861 -2.575767 18.35143
v -5.324267 -2.585268 18.12558
v -5.016015 -2.572289 18.65996
v -6.166427 -2.620725 18.35143
v -5.632519 -2.598246 18.04291
v -5.940771 -2.611224 18.12558
v -6.249023 -2.624203 18.65996
v -5.09861 -2.575767 18.96848
v -6.166427 -2.620725 18.96848
v -5.324266 -2.585268 19.19434
v -5.940771 -2.611224 19.19434
v -5.632519 -2.598246 19.27701
v -5.065618 -4.604516 18.35143
v -5.291474 -4.604516 18.12558
v -5.599999 -4.604516 18.04291
v -5.908525 -4.604516 18.12558
v -6.134381 -4.604516 18.35143
v -4.982949 -4.604516 18.65996
v -6.21705 -4.604516 18.65996
v -5.065618 -4.604516 18.96848
v -6.134381 -4.604516 18.96848
v -5.291474 -4.604516 19.19434
v -5.908525 -4.604516 19.19434
v -5.599999 -4.604516 19.27701
v -6.270428 -3.604517 10.91475
v -5.975 -2.741998 10.67819
v -6.249519 -2.753546 10.95247
v -5.987072 -3.604517 10.63139
v -6.249519 -4.43329 10.92682
v -5.6 -2.737772 10.5778
v -5.95553 -2.622449 10.71698
v -5.6 -2.618442 10.6218
v -5.225 -2.741998 10.67819
v -5.24447 -2.622449 10.71698
v -5.6 -3.604517 10.52768
v -5.212929 -3.604517 10.63139
v -5.975 -4.43329 10.6523
v -5.6 -4.43329 10.55182
v -5.225 -4.43329 10.6523
v -5.24447 -4.554366 10.68602
v -5.6 -4.554366 10.59076
v -5.95553 -4.554366 10.68602
v -6.215796 -4.554366 10.94629
v -4.984204 -4.554366 10.94629
v -4.950481 -4.43329 10.92682
v -4.88894 -4.554366 11.30182
v -4.85 -4.43329 11.30182
v -4.929572 -3.604517 10.91475
v -4.825857 -3.604517 11.30182
v -4.950481 -2.753546 10.95247
v -4.984204 -2.633397 10.97701
v -4.85 -2.769321 11.32713
v -4.88894 -2.648353 11.33223
v -4.950481 -2.785095 11.7018
v -4.984204 -2.663309 11.68744
v -4.929573 -3.604517 11.68889
v -4.950481 -4.43329 11.67682
v -4.984204 -4.554366 11.65735
v -5.24447 -4.554366 11.91762
v -5.225 -4.43329 11.95134
v -5.6 -4.554366 12.01288
v -5.6 -4.43329 12.05182
v -5.212929 -3.604517 11.97224
v -5.225 -2.796643 11.97607
v -5.24447 -2.674257 11.94748
v -5.95553 -4.554366 11.91762
v -5.975 -4.43329 11.95134
v -6.215796 -4.554366 11.65735
v -6.249519 -4.43329 11.67682
v -6.270428 -3.604517 11.68889
v -5.987072 -3.604517 11.97224
v -6.249519 -2.785095 11.7018
v -5.6 -3.604517 12.07596
v -5.975 -2.796643 11.97607
v -5.6 -2.80087 12.07647
v -5.6 -2.678264 12.04266
v -5.95553 -2.674257 11.94748
v -6.215796 -2.663309 11.68744
v -6.31106 -4.554366 11.30182
v -6.35 -4.43329 11.30182
v -6.374144 -3.604517 11.30182
v -6.35 -2.769321 11.32713
v -6.31106 -2.648353 11.33223
v -6.215796 -2.633397 10.97701
v -5.908525 -2.575767 10.80043
v -6.134381 -2.585268 11.02608
v -5.6 -2.57229 10.71783
v -5.908525 -2.620726 11.86824
v -6.217051 -2.598246 11.33434
v -6.134381 -2.611225 11.64259
v -5.6 -2.624203 11.95084
v -5.291475 -2.575767 10.80043
v -5.291475 -2.620726 11.86825
v -5.065619 -2.585268 11.02608
v -5.065619 -2.611225 11.64259
v -4.98295 -2.598246 11.33434
v -5.908525 -4.604517 10.76744
v -6.134381 -4.604517 10.99329
v -6.217051 -4.604517 11.30182
v -6.134382 -4.604517 11.61034
v -5.908525 -4.604517 11.8362
v -5.6 -4.604517 10.68477
v -5.6 -4.604517 11.91887
v -5.291475 -4.604517 10.76744
v -5.291475 -4.604517 11.8362
v -5.065619 -4.604517 10.99329
v -5.065619 -4.604517 11.61034
v -4.98295 -4.604517 11.30182
v -6.270428 1.238842 1.681061
v -5.975 2.130251 1.753769
v -6.249519 2.025592 2.007553
v -5.987072 1.335755 1.414795
v -6.249519 0.4559203 1.408943
v -5.6 2.168559 1.660873
v -5.95553 2.229325 1.8311
v -5.6 2.265644 1.743034
v -5.225 2.130251 1.753769
v -5.24447 2.229324 1.8311
v -5.6 1.371228 1.317329
v -5.212929 1.335755 1.414795
v -5.975 0.5498114 1.150986
v -5.6 0.5841776 1.056564
v -5.225 0.5498114 1.150986
v -5.244471 0.4245039 1.141258
v -5.6 0.4570861 1.051743
v -5.95553 0.4245039 1.141258
v -6.215796 0.3354879 1.385834
v -4.984204 0.3354879 1.385834
v -4.950481 0.4559203 1.408943
v -4.88894 0.2138897 1.719917
v -4.85 0.3276626 1.76133
v -4.929573 1.238842 1.681061
v -4.825857 1.106456 2.044785
v -4.950481 2.025591 2.007553
v -4.984204 2.130099 2.071716
v -4.85 1.882624 2.354233
v -4.88894 1.994555 2.400391
v -4.950481 1.739657 2.700912
v -4.984204 1.859011 2.729065
v -4.929572 0.9740697 2.408516
v -4.950481 0.1994053 2.113708
v -4.984204 0.09229097 2.054008
v -5.24447 0.003275018 2.298576
v -5.225 0.1055142 2.371674
v -5.6 -0.02930726 2.388092
v -5.6 0.07114778 2.466095
v -5.212928 0.8771559 2.674782
v -5.225 1.634997 2.954697
v -5.24447 1.759785 2.969681
v -5.95553 0.003275018 2.298576
v -5.975 0.1055144 2.371674
v -6.215796 0.09229121 2.054008
v -6.249519 0.1994053 2.113708
v -6.270428 0.9740697 2.408516
v -5.987072 0.8771559 2.674782
v -6.249519 1.739657 2.700912
v -5.6 0.841683 2.772247
v -5.975 1.634998 2.954697
v -5.6 1.59669 3.047585
v -5.6 1.723466 3.057747
v -5.95553 1.759785 2.969681
v -6.215796 1.859011 2.729065
v -6.31106 0.2138897 1.719917
v -6.35 0.327663 1.76133
v -6.374144 1.106456 2.044785
v -6.35 1.882624 2.354233
v -6.31106 1.994555 2.400391
v -6.215796 2.130099 2.071716
v -5.908525 2.244649 1.925491
v -6.134381 2.158542 2.134285
v -5.6 2.276166 1.84906
v -5.908525 1.837187 2.913528
v -6.217051 2.040918 2.41951
v -6.134381 1.923294 2.704727
v -5.6 1.80567 2.98996
v -5.291475 2.244649 1.925491
v -5.291475 1.837187 2.913528
v -5.065619 2.158542 2.134285
v -5.065619 1.923294 2.704727
v -4.98295 2.040918 2.41951
v -5.908525 0.3495322 1.200607
v -6.134382 0.272285 1.412842
v -6.217051 0.1667629 1.702766
v -6.134381 0.06124124 1.992683
v -5.908525 -0.01600613 2.204926
v -5.6 0.3778067 1.122925
v -5.6 -0.04428043 2.282608
v -5.291475 0.3495322 1.200607
v -5.291475 -0.01600613 2.204926
v -5.065619 0.2722846 1.412842
v -5.065619 0.06124124 1.992683
v -4.98295 0.1667629 1.702766
v -4.872543 1.37395 -2.621353
v -5.122405 2.236469 -2.33709
v -4.899684 2.224921 -2.654861
v -5.10239 1.37395 -2.293091
v -4.89523 0.5451764 -2.629608
v -5.474275 2.240695 -2.173103
v -5.148314 2.356018 -2.371902
v -5.481915 2.360025 -2.216431
v -5.861011 2.236469 -2.206848
v -5.848572 2.356018 -2.248428
v -5.465571 1.37395 -2.123741
v -5.864772 1.37395 -2.158669
v -5.117909 0.5451764 -2.311584
v -5.469763 0.5451764 -2.147522
v -5.856515 0.5451764 -2.181351
v -5.843196 0.4241013 -2.217941
v -5.476525 0.4241013 -2.185867
v -5.142939 0.4241013 -2.341415
v -4.931822 0.4241012 -2.642929
v -6.144703 0.4241012 -2.429062
v -6.174533 0.5451764 -2.404037
v -6.300257 0.4241012 -2.76265
v -6.338605 0.5451764 -2.75589
v -6.193028 1.37395 -2.388519
v -6.362382 1.37395 -2.751694
v -6.178987 2.224921 -2.429291
v -6.150039 2.34507 -2.45932
v -6.343001 2.209146 -2.780823
v -6.305537 2.330114 -2.792595
v -6.309108 2.193372 -3.167244
v -6.273403 2.315158 -3.158958
v -6.327456 1.37395 -3.150894
v -6.304769 0.5451764 -3.142639
v -6.268177 0.4241012 -3.129318
v -6.05706 0.4241012 -3.430832
v -6.08209 0.5451763 -3.460655
v -5.723474 0.4241012 -3.58638
v -5.730236 0.5451763 -3.624725
v -6.097609 1.37395 -3.479156
v -6.086387 2.181823 -3.485023
v -6.062246 2.30421 -3.460236
v -5.356802 0.4241012 -3.554306
v -5.343484 0.5451763 -3.590897
v -5.055296 0.4241012 -3.343185
v -5.025466 0.5451764 -3.36821
v -5.006971 1.37395 -3.383728
v -5.335227 1.37395 -3.613579
v -5.029805 2.193372 -3.392822
v -5.734428 1.37395 -3.648506
v -5.347781 2.181823 -3.615257
v -5.734517 2.177597 -3.649002
v -5.728645 2.300203 -3.615707
v -5.361989 2.30421 -3.58371
v -5.060522 2.315158 -3.372818
v -4.899742 0.4241012 -3.009598
v -4.861393 0.5451764 -3.016357
v -4.837617 1.37395 -3.020554
v -4.86579 2.209146 -3.04129
v -4.905023 2.330114 -3.039543
v -4.937157 2.34507 -2.673187
v -5.209096 2.402699 -2.445923
v -5.025856 2.393199 -2.707375
v -5.498592 2.406178 -2.311012
v -5.394521 2.357741 -3.49752
v -4.997971 2.38022 -3.025299
v -5.132911 2.367242 -3.314514
v -5.712701 2.354264 -3.525284
v -5.816772 2.402699 -2.338776
v -6.002197 2.357741 -3.390366
v -6.078382 2.393199 -2.52179
v -6.185437 2.367242 -3.128922
v -6.213323 2.38022 -2.810997
v -5.203367 0.3739504 -2.413437
v -5.020162 0.3739504 -2.675079
v -4.992323 0.3739504 -2.993271
v -5.127311 0.3739503 -3.282761
v -5.388956 0.3739503 -3.465958
v -5.49285 0.3739504 -2.278442
v -5.707149 0.3739503 -3.493805
v -5.811043 0.3739504 -2.30629
v -5.996632 0.3739503 -3.35881
v -6.072688 0.3739504 -2.489487
v -6.179837 0.3739503 -3.097168
v -6.207675 0.3739504 -2.778976
v 4.929572 1.238842 1.681061
v 5.224999 2.130251 1.753769
v 4.950481 2.025592 2.007553
v 5.212928 1.335755 1.414795
v 4.95048 0.4559203 1.408943
v 5.599999 2.168559 1.660873
v 5.24447 2.229325 1.8311
v 5.6 2.265644 1.743034
v 5.974999 2.130251 1.753769
v 5.95553 2.229324 1.8311
v 5.599999 1.371228 1.317329
v 5.987071 1.335755 1.414795
v 5.224999 0.5498114 1.150986
v 5.599999 0.5841776 1.056564
v 5.974999 0.5498114 1.150986
v 5.955529 0.4245039 1.141258
v 5.599999 0.4570861 1.051743
v 5.24447 0.4245039 1.141258
v 4.984203 0.3354879 1.385834
v 6.215796 0.3354879 1.385834
v 6.249518 0.4559203 1.408943
v 6.311059 0.2138897 1.719917
v 6.349999 0.3276626 1.76133
v 6.270427 1.238842 1.681061
v 6.374143 1.106456 2.044785
v 6.249519 2.025591 2.007553
v 6.215796 2.130099 2.071716
v 6.35 1.882624 2.354233
v 6.31106 1.994555 2.400391
v 6.249519 1.739657 2.700912
v 6.215796 1.859011 2.729065
v 6.270428 0.9740697 2.408516
v 6.249518 0.1994053 2.113708
v 6.215796 0.09229097 2.054008
v 5.95553 0.003275018 2.298576
v 5.974999 0.1055142 2.371674
v 5.6 -0.02930726 2.388092
v 5.6 0.07114778 2.466095
v 5.987072 0.8771559 2.674782
v 5.975 1.634997 2.954697
v 5.95553 1.759785 2.969681
v 5.24447 0.003275018 2.298576
v 5.225 0.1055144 2.371674
v 4.984203 0.09229121 2.054008
v 4.95048 0.1994053 2.113708
v 4.929572 0.9740697 2.408516
v 5.212928 0.8771559 2.674782
v 4.950481 1.739657 2.700912
v 5.6 0.841683 2.772247
v 5.225 1.634998 2.954697
v 5.6 1.59669 3.047585
v 5.6 1.723466 3.057747
v 5.24447 1.759785 2.969681
v 4.984204 1.859011 2.729065
v 4.88894 0.2138897 1.719917
v 4.849999 0.327663 1.76133
v 4.825856 1.106456 2.044785
v 4.85 1.882624 2.354233
v 4.88894 1.994555 2.400391
v 4.984204 2.130099 2.071716
v 5.291474 2.244649 1.925491
v 5.065619 2.158542 2.134285
v 5.6 2.276166 1.84906
v 5.291475 1.837187 2.913528
v 4.982949 2.040918 2.41951
v 5.065619 1.923294 2.704727
v 5.6 1.80567 2.98996
v 5.908525 2.244649 1.925491
v 5.908525 1.837187 2.913528
v 6.134381 2.158542 2.134285
v 6.134381 1.923294 2.704727
v 6.21705 2.040918 2.41951
v 5.291474 0.3495322 1.200607
v 5.065618 0.272285 1.412842
v 4.982949 0.1667629 1.702766
v 5.065619 0.06124124 1.992683
v 5.291474 -0.01600613 2.204926
v 5.599999 0.3778067 1.122925
v 5.599999 -0.04428043 2.282608
v 5.908525 0.3495322 1.200607
v 5.908525 -0.01600613 2.204926
v 6.134381 0.2722846 1.412842
v 6.134381 0.06124124 1.992683
v 6.21705 0.1667629 1.702766
v 1.979572 6.336308 -22.32455
v 2.275 7.227716 -22.25184
v 2.000481 7.123057 -21.99805
v 2.262928 6.433222 -22.59082
v 2.000481 5.553387 -22.59666
v 2.65 7.266025 -22.34473
v 2.29447 7.326791 -22.1745
v 2.65 7.36311 -22.26257
v 3.025 7.227716 -22.25184
v 3.00553 7.326791 -22.1745
v 2.65 6.468694 -22.68828
v 3.037071 6.433222 -22.59082
v 2.275 5.647277 -22.85463
v 2.65 5.681643 -22.94905
v 3.025 5.647277 -22.85463
v 3.00553 5.52197 -22.86435
v 2.65 5.554552 -22.95387
v 2.29447 5.52197 -22.86435
v 2.034204 5.432954 -22.61977
v 3.265796 5.432954 -22.61977
v 3.299519 5.553386 -22.59666
v 3.36106 5.311356 -22.28569
v 3.4 5.425129 -22.24428
v 3.320428 6.336308 -22.32455
v 3.424143 6.203921 -21.96082
v 3.299519 7.123057 -21.99805
v 3.265796 7.227566 -21.9339
v 3.4 6.98009 -21.65137
v 3.36106 7.092021 -21.60522
v 3.299519 6.837123 -21.3047
v 3.265796 6.956476 -21.27654
v 3.320428 6.071535 -21.59709
v 3.299519 5.296871 -21.89189
v 3.265796 5.189757 -21.9516
v 3.00553 5.10074 -21.70703
v 3.025 5.20298 -21.63393
v 2.65 5.068159 -21.61751
v 2.65 5.168613 -21.53951
v 3.037072 5.974622 -21.33083
v 3.025 6.732464 -21.05091
v 3.00553 6.857251 -21.03593
v 2.29447 5.10074 -21.70703
v 2.275 5.20298 -21.63393
v 2.034204 5.189757 -21.9516
v 2.000481 5.296871 -21.89189
v 1.979572 6.071535 -21.59709
v 2.262928 5.974622 -21.33083
v 2.000481 6.837123 -21.3047
v 2.65 5.939149 -21.23336
v 2.275 6.732464 -21.05091
v 2.65 6.694156 -20.95802
v 2.65 6.820932 -20.94786
v 2.29447 6.857251 -21.03593
v 2.034204 6.956476 -21.27654
v 1.93894 5.311356 -22.28569
v 1.9 5.425129 -22.24428
v 1.875857 6.203921 -21.96082
v 1.9 6.98009 -21.65137
v 1.93894 7.092021 -21.60522
v 2.034204 7.227566 -21.9339
v 2.341475 7.342114 -22.08012
v 2.115619 7.256008 -21.87132
v 2.65 7.373632 -22.15654
v 2.341475 6.934653 -21.09207
v 2.032949 7.138384 -21.5861
v 2.115619 7.02076 -21.30087
v 2.65 6.903136 -21.01565
v 2.958525 7.342114 -22.08012
v 2.958525 6.934653 -21.09207
v 3.184381 7.256008 -21.87132
v 3.184381 7.02076 -21.30087
v 3.26705 7.138384 -21.5861
v 2.341475 5.446998 -22.80499
v 2.115618 5.369751 -22.59276
v 2.032949 5.264229 -22.30284
v 2.115618 5.158708 -22.01292
v 2.341475 5.08146 -21.80069
v 2.65 5.475272 -22.88268
v 2.65 5.053185 -21.723
v 2.958525 5.446998 -22.80499
v 2.958525 5.08146 -21.80069
v 3.184381 5.369751 -22.59276
v 3.184381 5.158707 -22.01292
v 3.26705 5.264229 -22.30284
v -3.320428 6.336308 -22.32455
v -3.025 7.227716 -22.25184
v -3.299519 7.123057 -21.99805
v -3.037072 6.433222 -22.59082
v -3.29952 5.553387 -22.59666
v -2.65 7.266025 -22.34473
v -3.00553 7.326791 -22.1745
v -2.65 7.36311 -22.26257
v -2.275 7.227716 -22.25184
v -2.29447 7.326791 -22.1745
v -2.650001 6.468694 -22.68828
v -2.262929 6.433222 -22.59082
v -3.025001 5.647277 -22.85463
v -2.650001 5.681643 -22.94905
v -2.275001 5.647277 -22.85463
v -2.294471 5.52197 -22.86435
v -2.650001 5.554552 -22.95387
v -3.005531 5.52197 -22.86435
v -3.265797 5.432954 -22.61977
v -2.034204 5.432954 -22.61977
v -2.000482 5.553386 -22.59666
v -1.938941 5.311356 -22.28569
v -1.900001 5.425129 -22.24428
v -1.979573 6.336308 -22.32455
v -1.875857 6.203921 -21.96082
v -2.000481 7.123057 -21.99805
v -2.034204 7.227566 -21.9339
v -1.9 6.98009 -21.65137
v -1.93894 7.092021 -21.60522
v -2.000481 6.837123 -21.3047
v -2.034204 6.956476 -21.27654
v -1.979573 6.071535 -21.59709
v -2.000481 5.296871 -21.89189
v -2.034204 5.189757 -21.9516
v -2.29447 5.10074 -21.70703
v -2.275 5.20298 -21.63393
v -2.65 5.068159 -21.61751
v -2.65 5.168613 -21.53951
v -2.262928 5.974622 -21.33083
v -2.275 6.732464 -21.05091
v -2.29447 6.857251 -21.03593
v -3.00553 5.10074 -21.70703
v -3.025 5.20298 -21.63393
v -3.265796 5.189757 -21.9516
v -3.29952 5.296871 -21.89189
v -3.320428 6.071535 -21.59709
v -3.037072 5.974622 -21.33083
v -3.299519 6.837123 -21.3047
v -2.65 5.939149 -21.23336
v -3.025 6.732464 -21.05091
v -2.65 6.694156 -20.95802
v -2.65 6.820932 -20.94786
v -3.00553 6.857251 -21.03593
v -3.265796 6.956476 -21.27654
v -3.36106 5.311356 -22.28569
v -3.400001 5.425129 -22.24428
v -3.424144 6.203921 -21.96082
v -3.4 6.98009 -21.65137
v -3.36106 7.092021 -21.60522
v -3.265796 7.227566 -21.9339
v -2.958525 7.342114 -22.08012
v -3.184381 7.256008 -21.87132
v -2.65 7.373632 -22.15654
v -2.958525 6.934653 -21.09207
v -3.267051 7.138384 -21.5861
v -3.184381 7.02076 -21.30087
v -2.65 6.903136 -21.01565
v -2.341475 7.342114 -22.08012
v -2.341475 6.934653 -21.09207
v -2.115619 7.256008 -21.87132
v -2.115619 7.02076 -21.30087
v -2.03295 7.138384 -21.5861
v -2.958526 5.446998 -22.80499
v -3.184382 5.369751 -22.59276
v -3.267051 5.264229 -22.30284
v -3.184382 5.158708 -22.01292
v -2.958526 5.08146 -21.80069
v -2.650001 5.475272 -22.88268
v -2.65 5.053185 -21.723
v -2.341475 5.446998 -22.80499
v -2.341475 5.08146 -21.80069
v -2.115619 5.369751 -22.59276
v -2.115619 5.158707 -22.01292
v -2.03295 5.264229 -22.30284
v 4.929572 -3.604517 10.91475
v 5.224999 -2.741998 10.67819
v 4.95048 -2.753546 10.95247
v 5.212928 -3.604517 10.63139
v 4.95048 -4.43329 10.92682
v 5.599999 -2.737772 10.5778
v 5.24447 -2.622449 10.71698
v 5.599999 -2.618442 10.6218
v 5.974999 -2.741998 10.67819
v 5.95553 -2.622449 10.71698
v 5.599999 -3.604517 10.52768
v 5.987071 -3.604517 10.63139
v 5.224999 -4.43329 10.6523
v 5.599999 -4.43329 10.55182
v 5.974999 -4.43329 10.6523
v 5.95553 -4.554366 10.68602
v 5.599999 -4.554366 10.59076
v 5.24447 -4.554366 10.68602
v 4.984203 -4.554366 10.94629
v 6.215796 -4.554366 10.94629
v 6.249518 -4.43329 10.92682
v 6.311059 -4.554366 11.30182
v 6.349999 -4.43329 11.30182
v 6.270428 -3.604517 10.91475
v 6.374143 -3.604517 11.30182
v 6.249518 -2.753546 10.95247
v 6.215796 -2.633397 10.97701
v 6.349999 -2.769321 11.32713
v 6.311059 -2.648353 11.33223
v 6.249518 -2.785095 11.7018
v 6.215796 -2.663309 11.68744
v 6.270427 -3.604517 11.68889
v 6.249518 -4.43329 11.67682
v 6.215796 -4.554366 11.65735
v 5.95553 -4.554366 11.91762
v 5.974999 -4.43329 11.95134
v 5.599999 -4.554366 12.01288
v 5.599999 -4.43329 12.05182
v 5.987071 -3.604517 11.97224
v 5.974999 -2.796643 11.97607
v 5.95553 -2.674257 11.94748
v 5.24447 -4.554366 11.91762
v 5.224999 -4.43329 11.95134
v 4.984203 -4.554366 11.65735
v 4.95048 -4.43329 11.67682
v 4.929572 -3.604517 11.68889
v 5.212928 -3.604517 11.97224
v 4.95048 -2.785095 11.7018
v 5.599999 -3.604517 12.07596
v 5.224999 -2.796643 11.97607
v 5.599999 -2.80087 12.07647
v 5.599999 -2.678264 12.04266
v 5.24447 -2.674257 11.94748
v 4.984203 -2.663309 11.68744
v 4.88894 -4.554366 11.30182
v 4.849999 -4.43329 11.30182
v 4.825856 -3.604517 11.30182
v 4.849999 -2.769321 11.32713
v 4.88894 -2.648353 11.33223
v 4.984203 -2.633397 10.97701
v 5.291474 -2.575767 10.80043
v 5.065619 -2.585268 11.02608
v 5.599999 -2.57229 10.71783
v 5.291474 -2.620726 11.86824
v 4.982949 -2.598246 11.33434
v 5.065619 -2.611225 11.64259
v 5.599999 -2.624203 11.95084
v 5.908525 -2.575767 10.80043
v 5.908525 -2.620726 11.86825
v 6.134381 -2.585268 11.02608
v 6.134381 -2.611225 11.64259
v 6.21705 -2.598246 11.33434
v 5.291474 -4.604517 10.76744
v 5.065619 -4.604517 10.99329
v 4.982949 -4.604517 11.30182
v 5.065618 -4.604517 11.61034
v 5.291474 -4.604517 11.8362
v 5.599999 -4.604517 10.68477
v 5.599999 -4.604517 11.91887
v 5.908525 -4.604517 10.76744
v 5.908525 -4.604517 11.8362
v 6.134381 -4.604517 10.99329
v 6.134381 -4.604517 11.61034
v 6.21705 -4.604517 11.30182
v 5.987072 -3.604516 17.98953
v 6.223628 -2.741998 18.28496
v 5.949352 -2.753546 18.01044
v 6.270428 -3.604516 18.27289
v 5.975 -4.43329 18.01044
v 6.32402 -2.737771 18.65996
v 6.184842 -2.622449 18.30443
v 6.280021 -2.618441 18.65996
v 6.223628 -2.741998 19.03496
v 6.184842 -2.622449 19.01549
v 6.374144 -3.604516 18.65996
v 6.270428 -3.604516 19.04703
v 6.249519 -4.43329 18.28496
v 6.35 -4.43329 18.65996
v 6.249519 -4.43329 19.03496
v 6.215796 -4.554365 19.01549
v 6.31106 -4.554365 18.65996
v 6.215796 -4.554365 18.30443
v 5.95553 -4.554365 18.04416
v 5.95553 -4.554365 19.27576
v 5.975 -4.43329 19.30948
v 5.6 -4.554365 19.37102
v 5.6 -4.43329 19.40996
v 5.987072 -3.604516 19.33038
v 5.6 -3.604516 19.4341
v 5.949352 -2.753546 19.30948
v 5.924806 -2.633397 19.27576
v 5.574684 -2.76932 19.40996
v 5.569591 -2.648352 19.37102
v 5.200016 -2.785095 19.30948
v 5.214375 -2.663308 19.27576
v 5.212929 -3.604516 19.33038
v 5.225 -4.43329 19.30948
v 5.24447 -4.554365 19.27576
v 4.984204 -4.554365 19.01549
v 4.950481 -4.43329 19.03496
v 4.88894 -4.554365 18.65996
v 4.85 -4.43329 18.65996
v 4.929573 -3.604516 19.04703
v 4.92574 -2.796643 19.03496
v 4.95434 -2.674257 19.01549
v 4.984204 -4.554365 18.30443
v 4.950481 -4.43329 18.28496
v 5.24447 -4.554365 18.04416
v 5.225 -4.43329 18.01044
v 5.212929 -3.604516 17.98953
v 4.929573 -3.604516 18.27289
v 5.200016 -2.785095 18.01044
v 4.825857 -3.604516 18.65996
v 4.92574 -2.796643 18.28496
v 4.825348 -2.80087 18.65996
v 4.85916 -2.678264 18.65996
v 4.95434 -2.674257 18.30443
v 5.214375 -2.663308 18.04416
v 5.6 -4.554365 17.9489
v 5.6 -4.43329 17.90996
v 5.6 -3.604516 17.88581
v 5.574684 -2.76932 17.90996
v 5.569591 -2.648352 17.9489
v 5.924806 -2.633397 18.04416
v 6.101389 -2.575767 18.35143
v 5.875733 -2.585268 18.12558
v 6.183985 -2.572289 18.65996
v 5.033573 -2.620725 18.35143
v 5.567481 -2.598246 18.04291
v 5.259229 -2.611224 18.12558
v 4.950977 -2.624203 18.65996
v 6.101389 -2.575767 18.96848
v 5.033573 -2.620725 18.96848
v 5.875733 -2.585268 19.19434
v 5.259229 -2.611224 19.19434
v 5.567481 -2.598246 19.27701
v 6.134382 -4.604516 18.35143
v 5.908525 -4.604516 18.12558
v 5.6 -4.604516 18.04291
v 5.291475 -4.604516 18.12558
v 5.065619 -4.604516 18.35143
v 6.217051 -4.604516 18.65996
v 4.98295 -4.604516 18.65996
v 6.134382 -4.604516 18.96848
v 5.065619 -4.604516 18.96848
v 5.908525 -4.604516 19.19434
v 5.291475 -4.604516 19.19434
v 5.6 -4.604516 19.27701
v 6.230473 -0.3073473 1.527222E-05
v 6.250002 -0.2344728 1.526904E-05
v 6.250002 0.2849441 1.524633E-05
v 6.230473 0.3578186 1.524315E-05
v 6.17712 -0.3606791 1.527455E-05
v 6.17712 0.41115 1.524082E-05
v 6.104238 -0.3801775 1.527541E-05
v 6.104238 0.4306483 1.523997E-05
v 5.095767 -0.379766 1.527539E-05
v 5.095767 0.4302368 1.523998E-05
v 5.022885 -0.3602066 1.527453E-05
v 5.022885 0.4106779 1.524084E-05
v 4.969532 -0.3068309 1.52722E-05
v 4.969532 0.3573017 1.524317E-05
v 4.950003 -0.2339411 1.526902E-05
v 4.950003 0.2844119 1.524636E-05
v 5.095767 -4.493213 10.36221
v 5.095767 0.3536811 1.63781
v 6.104238 0.3540931 1.63781
v 6.104238 -4.492802 10.36221
v 6.17712 0.334291 1.638351
v 6.17712 0.3727198 1.549179
v 6.104238 0.3923708 1.548912
v 5.095767 0.3919588 1.548912
v 6.104238 0.4203921 1.443832
v 5.095767 0.4199801 1.443832
v 6.17712 -4.511996 10.36166
v 6.104238 -4.531079 10.45111
v 6.17712 -4.550425 10.45084
v 5.095767 -4.531491 10.45111
v 5.095767 -4.559512 10.55618
v 6.104238 -4.5591 10.55618
v 6.17712 -4.578557 10.55611
v -2.112213 -0.1779251 1.526657E-05
v -4.949996 0.2283964 1.524881E-05
v -4.949996 -0.1779251 1.526657E-05
v -2.112213 0.2283964 1.524881E-05
v 2.11222 0.2283964 1.524881E-05
v 2.11222 -0.1779251 1.526657E-05
v -4.969524 -0.3068309 1.52722E-05
v -4.949996 -0.2339411 1.526902E-05
v -4.949996 0.2844119 1.524636E-05
v -4.969524 0.3573017 1.524317E-05
v -5.022878 -0.3602066 1.527453E-05
v -5.022878 0.4106779 1.524084E-05
v -5.09576 -0.379766 1.527539E-05
v -5.09576 0.4302368 1.523998E-05
v -6.104229 -0.3801775 1.527541E-05
v -6.104229 0.4306483 1.523997E-05
v -6.177112 -0.3606791 1.527455E-05
v -6.177112 0.41115 1.524082E-05
v -6.230465 -0.3073473 1.527222E-05
v -6.230465 0.3578186 1.524315E-05
v -6.249994 -0.2344728 1.526904E-05
v -6.249994 0.2849441 1.524633E-05
v -6.177112 -5.283824 10.36166
v -6.230465 -0.3847012 1.639252
v -6.230465 -5.229998 10.36077
v -6.177112 -0.4375376 1.638359
v -6.177112 -5.322254 10.45084
v -6.230465 -5.268673 10.45039
v -6.177112 -0.3991084 1.549187
v -6.230465 -0.3460249 1.549637
v -6.230465 -0.3073472 1.350739
v -6.249994 -0.2344727 1.350739
v -6.230465 -0.3177113 1.444031
v -6.249994 -0.2448873 1.444122
v -6.249994 0.2849441 1.350739
v -6.230465 0.3578187 1.350739
v -6.249994 0.2745295 1.444122
v -6.249994 -0.2733392 1.549973
v -6.249994 0.2460781 1.549973
v -6.177112 0.41115 1.350739
v -6.104229 0.4306484 1.350739
v -5.095759 0.4302369 1.350739
v -5.022877 0.410678 1.350739
v -5.095759 0.4199801 1.443832
v -6.104229 0.4203921 1.443832
v -6.177112 0.4008527 1.443909
v -6.177112 0.3727198 1.549187
v -6.104229 0.3923708 1.548912
v -6.249994 -4.637329 10.36009
v -6.230465 0.2804647 1.639252
v -6.230465 -4.564832 10.36077
v -6.249994 0.207212 1.639931
v -6.249994 -5.156746 10.36009
v -6.249994 -0.3122053 1.639931
v -6.249994 -5.195611 10.45005
v -6.230465 -5.296987 10.556
v -6.249994 -5.224062 10.5559
v -5.022877 -0.3602065 1.350739
v -5.095759 -0.3797659 1.350739
v -5.022877 -0.3705038 1.443909
v -6.104229 -0.3801774 1.350739
v -5.095759 -0.3900222 1.443832
v -5.022877 -0.3986363 1.549187
v -5.095759 -0.4180431 1.548912
v -6.104229 -0.3904337 1.443832
v -6.177112 -0.3606791 1.350739
v -6.104229 -0.4184551 1.548912
v -6.177112 -0.3709759 1.443909
v -5.095759 -0.4563207 1.637817
v -6.104229 -0.4567322 1.63781
v -5.09576 -5.303216 10.36221
v -6.104229 -5.303627 10.36221
v -5.09576 -5.341493 10.45111
v -6.104229 -5.341904 10.45111
v -5.09576 -5.369514 10.55618
v -6.104229 -5.369925 10.55618
v -6.177112 -5.350386 10.55611
v -4.949996 -5.156213 10.36009
v -4.969524 -0.3841857 1.639252
v -4.969524 -5.229481 10.36077
v -4.949995 -0.3116736 1.639931
v -4.949996 -4.63786 10.36009
v -4.949995 0.2066794 1.639931
v -4.969524 -4.565348 10.36077
v -4.969524 0.2799478 1.639252
v -4.949995 -0.2728066 1.549973
v -4.949995 0.2455455 1.549973
v -4.969524 -0.3455085 1.549637
v -4.949995 -0.2443551 1.444122
v -4.949995 0.2739974 1.444122
v -4.969524 0.3573018 1.350739
v -4.949995 0.284412 1.350739
v -4.949995 -0.233941 1.350739
v -4.969524 -0.3068308 1.350739
v -4.969524 -0.3171949 1.444031
v 6.230473 -5.229998 10.36077
v 6.230474 -0.3847012 1.639244
v 6.17712 -0.4375376 1.638351
v 6.17712 -5.283824 10.36166
v 6.17712 -0.3991084 1.549179
v 6.230474 -0.3460249 1.549629
v 6.17712 -5.322254 10.45084
v 6.230473 -5.268673 10.45039
v 6.230473 -4.564832 10.36077
v 6.230474 0.2804647 1.639244
v 6.250002 0.207212 1.639923
v 6.250002 -4.637329 10.36009
v 6.250002 -0.3122053 1.639923
v 6.250002 -5.156746 10.36009
v 6.250002 -0.2733392 1.549973
v 6.250002 0.2460781 1.549973
v 6.230474 -0.3177113 1.444023
v 6.250002 -0.2448873 1.444115
v 6.250002 -5.195611 10.45005
v 6.250002 -5.224062 10.5559
v 6.230473 -5.296987 10.55599
v 4.969532 -5.229481 10.36077
v 4.969532 -0.3841857 1.639252
v 4.950004 -0.3116731 1.639931
v 4.950003 -5.156213 10.36009
v 4.950004 0.2066794 1.639931
v 4.950003 -4.63786 10.36009
v 4.969532 0.2799478 1.639252
v 4.969532 -4.565348 10.36077
v 4.950004 0.2455455 1.549973
v 4.950004 -0.2728066 1.549973
v 4.969532 -0.3455085 1.549629
v 4.950004 0.2739974 1.444115
v 4.950004 -0.2443551 1.444115
v -4.969524 -4.642703 12.00001
v -4.949996 -4.715593 12.00001
v -4.949996 -5.233945 12.00001
v -4.969524 -5.306836 12.00001
v -5.022878 -4.589327 12.00001
v -5.022878 -5.360211 12.00001
v -5.09576 -4.569768 12.00001
v -5.09576 -5.379771 12.00001
v -6.104229 -4.569356 12.00001
v -6.104229 -5.380182 12.00001
v -6.177112 -4.588855 12.00001
v -6.177112 -5.360684 12.00001
v -6.230465 -4.642186 12.00001
v -6.230465 -5.307352 12.00001
v -6.249994 -4.715061 12.00001
v -6.249994 -5.234478 12.00001
v -4.969524 -5.306836 10.64928
v -5.022878 -5.360211 10.64928
v 2.11222 -5.17793 12.00001
v 4.950003 -4.771608 12.00001
v 4.950003 -5.17793 12.00001
v 2.11222 -4.771608 12.00001
v -2.112213 -4.771608 12.00001
v -2.112213 -5.17793 12.00001
v 6.230473 -4.642186 12.00001
v 6.250002 -4.715061 12.00001
v 6.250002 -5.234478 12.00001
v 6.230473 -5.307352 12.00001
v 6.17712 -4.588855 12.00001
v 6.17712 -5.360684 12.00001
v 6.104238 -4.569356 12.00001
v 6.104238 -5.380182 12.00001
v 5.095767 -4.569768 12.00001
v 5.095767 -5.379771 12.00001
v 5.022885 -4.589327 12.00001
v 5.022885 -5.360211 12.00001
v 4.969532 -4.642703 12.00001
v 4.969532 -5.306836 12.00001
v 4.950003 -4.715593 12.00001
v 4.950003 -5.233945 12.00001
v -6.177112 -5.360684 10.64929
v -6.230465 -5.307352 10.64929
v 5.022885 -5.360211 10.64928
v 4.969532 -5.306836 10.64928
v 5.022885 -4.589327 10.64928
v 4.969532 -4.642703 10.64928
v 5.022885 -4.57903 10.55611
v 4.969532 -4.632339 10.55599
v 5.022885 -4.550897 10.45084
v 4.969532 -4.604025 10.45039
v 6.17712 -5.360684 10.64928
v 6.104238 -5.380182 10.64928
v 5.095767 -5.379771 10.64928
v 5.095767 -5.369514 10.55618
v 6.104238 -5.369925 10.55618
v 6.17712 -5.350386 10.55611
v 6.230473 -5.307352 10.64928
v 6.250002 -5.234478 10.64928
v 6.250002 -4.715061 10.64928
v 6.250002 -4.704646 10.5559
v 6.230473 -4.642186 10.64928
v 6.230473 -4.631823 10.55599
v 6.17712 -4.588855 10.64928
v 6.104238 -4.569356 10.64928
v 5.095767 -4.569768 10.64928
v 4.950003 -5.233945 10.64928
v 4.950003 -4.715593 10.64928
v 4.950003 -4.705179 10.5559
v 4.950003 -5.223532 10.5559
v 4.950003 -4.676727 10.45004
v 6.230473 -4.603509 10.45039
v 4.950003 -0.1779251 1.526657E-05
v 2.11222 -0.2247643 0.04766847
v 4.950003 -0.2247643 0.04766847
v -2.112213 -0.2247643 0.04766847
v -5.022878 -4.589327 10.64928
v -4.969524 -4.642703 10.64928
v -4.969524 -4.632339 10.55599
v -5.022878 -4.57903 10.55611
v -4.969524 -4.604025 10.45039
v -5.022878 -4.550897 10.45084
v -6.104229 -5.380182 10.64929
v -5.09576 -5.379771 10.64928
v -6.249994 -5.234478 10.64929
v -6.249994 -4.715061 10.64929
v -6.230465 -4.642186 10.64929
v -6.230465 -4.631823 10.556
v -6.249994 -4.704646 10.5559
v -6.177112 -4.588855 10.64929
v -6.104229 -4.569356 10.64929
v -5.09576 -4.569768 10.64928
v -5.09576 -4.559512 10.55618
v -6.104229 -4.5591 10.55618
v -6.177112 -4.578557 10.55611
v -4.949996 -5.233945 10.64928
v -4.949996 -4.715593 10.64928
v -4.949996 -5.223532 10.5559
v -4.949996 -4.705179 10.5559
v -4.949996 -4.676727 10.45004
v -6.177112 -4.550425 10.45084
v -6.230465 -4.603509 10.45039
v 6.17712 -0.3606791 1.350731
v 6.230474 -0.3073472 1.350731
v 6.17712 -0.3709759 1.443909
v 5.095767 0.4302369 1.350731
v 5.022886 0.410678 1.350731
v 6.104238 0.4306484 1.350731
v 6.17712 0.41115 1.350731
v 6.17712 0.4008527 1.443909
v 4.969532 0.3573018 1.350731
v 4.950004 0.284412 1.350731
v 4.950004 -0.233941 1.350731
v 4.969532 -0.3068308 1.350731
v 4.969532 -0.3171949 1.444023
v 6.250002 0.2849441 1.350731
v 6.230474 0.3578187 1.350731
v 6.250002 -0.2344727 1.350731
v 6.250002 0.2745295 1.444115
v 5.022886 -0.3602065 1.350731
v 5.022886 -0.3705038 1.443909
v 5.022886 -0.3986363 1.549179
v 5.095767 -0.3797659 1.350731
v 6.104238 -0.3801774 1.350731
v 6.104238 -0.3904337 1.443832
v 5.095767 -0.3900222 1.443832
v 5.095767 -0.4180431 1.548912
v 6.104238 -0.4184551 1.548912
v 6.104238 -0.4567322 1.63781
v 5.095767 -0.4563207 1.63781
v 6.104238 -5.303627 10.36221
v 5.095767 -5.303216 10.36221
v 6.104238 -5.341904 10.45111
v 5.095767 -5.341493 10.45111
v -6.177112 0.334291 1.638359
v -6.104229 0.3540931 1.63781
v -6.177112 -4.511996 10.36166
v -6.104229 -4.492802 10.36221
v -5.095759 0.3536811 1.637817
v -5.09576 -4.493213 10.36221
v -6.104229 -4.531079 10.45111
v -5.09576 -4.53149 10.45111
v -5.095759 0.3919588 1.548912
v -5.022877 0.3338185 1.638359
v -5.022878 -4.512467 10.36166
v -5.022877 0.3722478 1.549187
v -5.022877 0.4003807 1.443909
v -6.230465 0.3191414 1.549637
v -6.230465 0.3474546 1.444031
v -5.022877 -0.437066 1.638359
v -5.022878 -5.283351 10.36166
v -5.022878 -5.321782 10.45084
v -5.022878 -5.349914 10.55611
v -4.969524 -5.268158 10.45039
v -4.969524 0.3186246 1.549637
v -4.969524 0.3469387 1.444031
v 6.230474 0.3191414 1.549629
v 6.230474 0.3474546 1.444023
v 5.022886 -0.437066 1.638351
v 5.022885 -5.283351 10.36166
v 5.022885 -5.321782 10.45084
v 5.022885 -5.349914 10.55611
v 4.969532 -5.268158 10.45039
v 4.969532 0.3186246 1.549629
v 4.969532 0.3469387 1.444023
v 5.022886 0.3722482 1.549179
v 5.022886 0.3338185 1.638351
v 5.022885 -4.512467 10.36166
v 5.022886 0.4003807 1.443909
v 4.950003 -5.195079 10.45004
v 4.969532 -5.296472 10.55599
v 6.250002 -4.676194 10.45005
v -6.249994 -4.676194 10.45005
v -4.969524 -5.296472 10.55599
v -4.949996 -5.195079 10.45004
v 4.950003 0.2283964 1.524881E-05
v 4.950003 0.2752357 0.04766845
v 2.11222 0.2752357 0.04766845
v -2.112213 0.2752357 0.04766845
v -4.949996 -5.224769 10.63066
v -4.949996 -5.224769 11.95235
v -2.112213 -5.224769 11.95235
v -2.112213 -5.224769 10.63066
v 2.11222 -5.224769 11.95235
v -2.112213 -5.214678 10.53535
v -4.949996 -5.214678 10.53535
v -4.949996 -5.187106 10.42944
v 2.11222 -5.224769 10.63066
v 4.950003 -5.224769 11.95235
v 4.950003 -5.224769 10.63066
v 4.950003 -5.214677 10.53535
v -2.112213 -5.187106 10.42944
v -4.949996 -5.149442 10.34131
v 2.11222 -5.214677 10.53535
v 2.11222 -5.187106 10.42944
v 4.950003 -5.187105 10.42944
v -2.112213 -5.149442 10.34131
v -4.949995 -0.3007116 1.659821
v 2.11222 -5.149441 10.34131
v 4.950003 -5.149441 10.34131
v 2.112221 -0.3007116 1.659821
v 4.950004 -0.3007116 1.659821
v -2.112213 -0.3007116 1.659821
v -4.949995 -0.2627377 1.570969
v -2.112213 -0.2627377 1.570969
v -4.949995 -0.2349395 1.464188
v 2.112221 -0.2627377 1.570969
v 4.950004 -0.2627377 1.570961
v -2.112213 -0.2349395 1.464188
v 2.112221 -0.234939 1.46418
v 4.950004 -0.234939 1.46418
v 4.950004 -0.2247643 1.368088
v -2.112213 -0.2247643 1.368088
v -4.949995 -0.2247643 1.368088
v -4.949996 -0.2247643 0.04766847
v 2.112221 -0.2247643 1.368088
v 4.950004 0.2752357 1.368088
v 2.112221 0.2752357 1.368088
v 2.112221 0.2650605 1.46418
v 4.950004 0.2650605 1.46418
v -2.112213 0.2752357 1.368088
v -4.949996 0.2752357 0.04766845
v -4.949995 0.2752357 1.368088
v -4.949995 0.2650605 1.464188
v -2.112213 0.2650605 1.464188
v -4.949995 0.2372623 1.570969
v -2.112213 0.2372623 1.570969
v -4.949995 0.1992884 1.659821
v 2.112221 0.2372623 1.570969
v 4.950004 0.2372623 1.570961
v -2.112213 0.1992884 1.659821
v -4.949996 -4.649441 10.34131
v 2.112221 0.1992884 1.659821
v 4.950004 0.1992884 1.659821
v -2.112213 -4.649441 10.34131
v -4.949996 -4.687105 10.42944
v 2.11222 -4.649442 10.34131
v 4.950003 -4.649442 10.34131
v 2.11222 -4.687106 10.42944
v 4.950003 -4.687106 10.42944
v -2.112213 -4.687105 10.42944
v -4.949996 -4.714677 10.53535
v -2.112213 -4.714677 10.53535
v -4.949996 -4.724769 10.63066
v 2.11222 -4.714678 10.53535
v 4.950003 -4.714678 10.53535
v -2.112213 -4.724769 10.63066
v 2.11222 -4.724769 10.63066
v 4.950003 -4.724769 10.63066
v 4.950003 -4.724769 11.95235
v 2.11222 -4.724769 11.95235
v -2.112213 -4.724769 11.95235
v -4.949996 -4.724769 11.95235
v -4.949996 -4.771608 12.00001
v -4.949996 -5.17793 12.00001
v -4.95 -4.72477 12.04685
v -2.097879 -4.771609 12.00001
v -2.097879 -4.72477 12.04684
v 2.097879 -4.72477 12.04684
v 2.097879 -4.771609 12
v -2.097879 -5.17793 12.00001
v 2.097879 -5.17793 12
v 4.95 -5.17793 12
v 4.95 -4.771609 12
v -4.969523 -5.306835 17.80328
v -4.95 -5.233946 12.00002
v -4.949994 -5.234458 17.78582
v -4.95 -4.715594 12.00002
v -4.921298 -5.234468 17.89291
v -4.940551 -5.306839 17.91141
v -4.949995 -4.715593 17.78583
v -4.969523 -4.642205 17.80327
v -4.940549 -4.642196 17.9114
v -4.921299 -4.71559 17.89291
v -4.802786 -4.588855 18.07289
v 4.753268 -4.642186 18.01953
v 4.802798 -4.588855 18.07288
v -4.753255 -4.642186 18.01954
v -4.86139 -4.642189 17.99056
v -4.912831 -4.588857 18.0434
v -6.230465 -5.307352 19.06422
v -6.177112 -5.360683 19.00705
v -6.147627 -5.360681 19.11709
v -6.201491 -5.307349 19.17236
v -6.230465 -4.642186 19.06422
v -6.25 -4.715061 12.00002
v -6.249994 -4.715577 19.08583
v -6.25 -5.234478 12.00002
v -6.249994 -5.233961 19.08583
v -6.221299 -5.233953 19.19292
v 4.735826 -4.71557 18
v -4.735813 -4.71557 18.00001
v -4.842904 -4.715581 17.97131
v 4.735824 -5.234478 18
v -4.735812 -5.234478 18.00001
v 4.842915 -5.234475 17.97131
v 4.842916 -4.715581 17.97131
v 4.75328 -5.306858 18.01953
v -4.753268 -5.306858 18.01954
v 4.80282 -5.360683 18.07288
v -4.802807 -5.360683 18.07289
v -4.861396 -5.306847 17.99056
v -4.842903 -5.234475 17.97131
v -6.035817 -4.715593 19.30001
v -6.01421 -4.642204 19.28048
v 6.014225 -4.642204 19.28047
v 6.035831 -4.715593 19.3
v 6.122353 -4.642195 19.2515
v 6.14292 -4.71559 19.27131
v -6.035817 -5.233945 19.30001
v -6.142905 -4.71559 19.27132
v -6.142905 -5.233947 19.27132
v 6.035833 -5.233945 19.3
v -6.014213 -5.307334 19.28048
v 6.014228 -5.307334 19.28047
v 6.14292 -5.233947 19.27131
v 6.122353 -5.307343 19.2515
v -6.104229 -5.380182 18.93119
v -6.074346 -5.380179 19.04272
v -5.095759 -5.37977 17.92272
v -5.022877 -5.360666 17.85282
v -4.993394 -5.360674 17.96285
v -5.065877 -5.379772 18.03425
v -4.912843 -5.360681 18.04341
v -4.984234 -5.379779 18.11589
v -5.992704 -5.380174 19.12436
v -5.022877 -4.588872 17.8528
v -5.095759 -4.569768 17.92271
v -5.065875 -4.569766 18.03424
v -4.99339 -4.588863 17.96284
v -4.984227 -4.569759 18.11589
v -6.104229 -4.569356 18.93118
v -6.177112 -4.588855 19.00705
v -6.201492 -4.642189 19.17235
v -6.147627 -4.588857 19.11709
v -6.074346 -4.569358 19.04272
v -5.9927 -4.569364 19.12436
v -6.067072 -4.588863 19.19765
v -5.957032 -4.588871 19.22713
v -5.88117 -4.569371 19.15424
v 5.881184 -4.569371 19.15424
v 5.957047 -4.588871 19.22712
v 6.067087 -4.588863 19.19763
v 6.147642 -4.588857 19.11707
v 6.201506 -4.642189 19.17234
v 4.872706 -4.56975 18.14577
v -4.872694 -4.56975 18.14577
v 4.984239 -4.569759 18.11588
v 5.992713 -4.569364 19.12435
v 4.872722 -5.379788 18.14577
v -4.872709 -5.379788 18.14577
v 5.881194 -5.380167 19.15424
v -5.88118 -5.380167 19.15424
v 5.957052 -5.360666 19.22712
v -5.957037 -5.360666 19.22713
v -6.122338 -5.307343 19.25151
v -6.067075 -5.360675 19.19765
v -6.2213 -4.715585 19.19292
v -6.122337 -4.642195 19.25151
v 4.969535 -5.306835 17.80327
v 4.950006 -5.234458 17.78581
v 4.921311 -5.234468 17.89291
v 4.940563 -5.306839 17.9114
v 4.950007 -4.715593 17.78581
v 4.969535 -4.642205 17.80325
v 4.940562 -4.642196 17.91139
v 4.921312 -4.71559 17.89291
v 6.230479 -5.307352 19.06422
v 6.177126 -5.360683 19.00704
v 6.147642 -5.360681 19.11708
v 6.201506 -5.307349 19.17234
v 6.230479 -4.642186 19.06421
v 6.250008 -4.715577 19.08582
v 6.250008 -5.233961 19.08582
v 6.221314 -5.233953 19.19291
v 6.104244 -5.380182 18.93118
v 6.074361 -5.380179 19.04271
v 5.095771 -5.37977 17.92271
v 5.02289 -5.360666 17.85281
v 4.993406 -5.360674 17.96284
v 5.065889 -5.379772 18.03424
v 4.912855 -5.360681 18.0434
v 4.984247 -5.379779 18.11588
v 5.992718 -5.380174 19.12435
v 5.02289 -4.588872 17.85279
v 5.095771 -4.569768 17.9227
v 5.065887 -4.569766 18.03423
v 4.993402 -4.588863 17.96284
v 4.912844 -4.588857 18.0434
v 6.104244 -4.569356 18.93117
v 6.177126 -4.588855 19.00703
v 6.07436 -4.569358 19.0427
v 4.861402 -4.642189 17.99055
v 6.221314 -4.715585 19.19291
v 6.06709 -5.360675 19.19763
v 4.861408 -5.306847 17.99055
v 4.95 -5.22477 12.04684
v 2.097879 -5.22477 12.04684
v 2.097882 -4.72477 15.02342
v -2.097876 -4.72477 15.02343
v 4.950002 -4.72477 15.02342
v 4.95 -4.72477 12.04684
v 4.950006 -4.724769 18
v -2.097879 -5.22477 12.04684
v -4.95 -5.22477 12.04685
v 2.097884 -4.724769 18.00001
v -2.097873 -4.724769 18.00001
v -4.949994 -4.724769 18.00002
v -4.949997 -4.72477 15.02343
v -2.097876 -5.22477 15.02343
v -4.949994 -5.224769 18.00002
v -2.097873 -5.224769 18.00001
v 2.097882 -5.22477 15.02342
v 2.097884 -5.224769 18.00001
v 4.950006 -5.224769 18
v 4.950002 -5.22477 15.02342
v -4.949997 -5.22477 15.02343
v 2.451005 6.203011 -21.64404
v 2.501785 6.352484 -21.73384
v 2.595757 6.352484 -21.6954
v 2.586823 6.203011 -21.57084
v 2.704241 6.352484 -21.6954
v 2.586823 6.001957 -21.57084
v 2.451005 6.001957 -21.64404
v 2.501785 5.852484 -21.73384
v 2.595757 5.852484 -21.6954
v 2.713175 6.001957 -21.57084
v 2.704241 5.852484 -21.6954
v 2.713175 6.203011 -21.57084
v 2.798214 6.352484 -21.73384
v 2.848994 6.203011 -21.64404
v 2.848994 6.001957 -21.64404
v 2.798214 5.852484 -21.73384
v 2.475592 6.352484 -21.84553
v 2.451005 6.501957 -21.64404
v 2.403311 6.501957 -21.82076
v 2.44963 6.352484 -22.16975
v 2.403311 6.685875 -21.82076
v 2.451005 6.685875 -21.64404
v 2.469341 6.782066 -21.67647
v 2.445786 6.803685 -21.82076
v 2.366588 6.685875 -22.16975
v 2.415386 6.803685 -22.16975
v 2.415387 6.803685 -29.97192
v 2.366588 6.501957 -22.16975
v 2.366589 6.685874 -29.97192
v 2.366589 6.501956 -29.97192
v 2.449631 6.352483 -29.97192
v 2.475594 6.352483 -30.29615
v 2.403312 6.685874 -30.32092
v 2.445788 6.803685 -30.32092
v 2.469342 6.782066 -30.46521
v 2.451006 6.685874 -30.49764
v 2.403312 6.501956 -30.32092
v 2.501787 6.352483 -30.40784
v 2.451006 6.501956 -30.49764
v 2.451006 6.001956 -30.49764
v 2.501787 5.852483 -30.40784
v 2.595759 5.852483 -30.44627
v 2.586825 6.001956 -30.57084
v 2.704242 5.852483 -30.44627
v 2.586825 6.20301 -30.57084
v 2.451006 6.20301 -30.49764
v 2.595759 6.352483 -30.44627
v 2.713177 6.20301 -30.57084
v 2.704242 6.352483 -30.44627
v 2.713177 6.001956 -30.57084
v 2.798215 5.852483 -30.40784
v 2.848996 6.001956 -30.49764
v 2.848996 6.20301 -30.49764
v 2.798215 6.352483 -30.40784
v 2.475594 5.852483 -30.29615
v 2.451006 5.703009 -30.49764
v 2.403312 5.703009 -30.32092
v 2.449631 5.852483 -29.97192
v 2.403312 5.519091 -30.32092
v 2.451006 5.519091 -30.49764
v 2.469342 5.422901 -30.46521
v 2.445788 5.401282 -30.32092
v 2.366589 5.519091 -29.97192
v 2.415387 5.401282 -29.97192
v 2.415386 5.401282 -22.16975
v 2.366589 5.703009 -29.97192
v 2.366588 5.519092 -22.16975
v 2.366588 5.70301 -22.16975
v 2.44963 5.852484 -22.16975
v 2.475592 5.852484 -21.84553
v 2.403311 5.519092 -21.82076
v 2.445786 5.401282 -21.82076
v 2.469341 5.422901 -21.67647
v 2.451005 5.519092 -21.64404
v 2.403311 5.70301 -21.82076
v 2.451005 5.70301 -21.64404
v 2.824408 5.852483 -30.29615
v 2.89669 6.001956 -30.32092
v 2.85037 5.852483 -29.97192
v 2.89669 6.20301 -30.32092
v 2.824408 6.352483 -30.29615
v 2.933412 6.20301 -29.97192
v 2.85037 6.352483 -29.97192
v 2.850369 6.352484 -22.16975
v 2.933412 6.001956 -29.97192
v 2.933411 6.203011 -22.16975
v 2.933411 6.001957 -22.16975
v 2.850369 5.852484 -22.16975
v 2.824406 5.852484 -21.84553
v 2.896688 6.203011 -21.82076
v 2.824406 6.352484 -21.84553
v 2.896688 6.001957 -21.82076
v 2.848996 5.703009 -30.49764
v 2.713177 5.703009 -30.57084
v 2.713177 5.519091 -30.57084
v 2.848996 5.519091 -30.49764
v 2.830659 5.4229 -30.46521
v 2.713177 5.401282 -30.49764
v 2.586825 5.519091 -30.57084
v 2.586825 5.401282 -30.49764
v 2.586825 5.703009 -30.57084
v 2.848994 5.70301 -21.64404
v 2.896688 5.70301 -21.82076
v 2.896688 5.519092 -21.82076
v 2.848994 5.519092 -21.64404
v 2.830658 5.4229 -21.67647
v 2.854213 5.401282 -21.82076
v 2.933411 5.519092 -22.16975
v 2.884613 5.401282 -22.16975
v 2.884614 5.401282 -29.97192
v 2.933411 5.70301 -22.16975
v 2.933412 5.519091 -29.97192
v 2.933412 5.703009 -29.97192
v 2.896689 5.519091 -30.32092
v 2.854214 5.401282 -30.32092
v 2.89669 5.703009 -30.32092
v 2.586823 5.70301 -21.57084
v 2.586823 5.519092 -21.57084
v 2.586823 5.401282 -21.64404
v 2.713175 5.519092 -21.57084
v 2.713175 5.401282 -21.64404
v 2.713175 5.70301 -21.57084
v 2.403311 6.001957 -21.82076
v 2.403311 6.203011 -21.82076
v 2.366588 6.203011 -22.16975
v 2.366588 6.001957 -22.16975
v 2.366589 6.20301 -29.97192
v 2.366589 6.001956 -29.97192
v 2.403312 6.20301 -30.32092
v 2.403312 6.001956 -30.32092
v 2.586825 6.501956 -30.57084
v 2.586825 6.685874 -30.57084
v 2.586825 6.803685 -30.49764
v 2.713177 6.685874 -30.57084
v 2.713177 6.803685 -30.49764
v 2.830659 6.782066 -30.46521
v 2.848996 6.685874 -30.49764
v 2.713177 6.501956 -30.57084
v 2.848996 6.501956 -30.49764
v 2.89669 6.501956 -30.32092
v 2.89669 6.685874 -30.32092
v 2.854214 6.803685 -30.32092
v 2.933412 6.685874 -29.97192
v 2.884614 6.803685 -29.97192
v 2.884613 6.803685 -22.16975
v 2.933412 6.501956 -29.97192
v 2.933411 6.685875 -22.16975
v 2.933411 6.501957 -22.16975
v 2.896688 6.685875 -21.82076
v 2.854213 6.803685 -21.82076
v 2.830658 6.782066 -21.67647
v 2.848994 6.685875 -21.64404
v 2.896688 6.501957 -21.82076
v 2.848994 6.501957 -21.64404
v 2.713175 6.501957 -21.57084
v 2.713175 6.685875 -21.57084
v 2.713175 6.803685 -21.64404
v 2.586823 6.685875 -21.57084
v 2.586823 6.803685 -21.64404
v 2.586823 6.501957 -21.57084
v 2.533196 5.352484 -22.16975
v 2.55641 5.352484 -21.82076
v 2.743588 5.352484 -21.82076
v 2.766803 5.352484 -22.16975
v 2.533197 5.352483 -29.97192
v 2.766804 5.352483 -29.97192
v 2.556411 5.352483 -30.32092
v 2.74359 5.352483 -30.32092
v 2.533197 6.852483 -29.97192
v 2.556411 6.852483 -30.32092
v 2.74359 6.852483 -30.32092
v 2.766804 6.852483 -29.97192
v 2.533196 6.852484 -22.16975
v 2.766803 6.852484 -22.16975
v 2.55641 6.852484 -21.82076
v 2.743588 6.852484 -21.82076
v -2.848996 6.203011 -21.64404
v -2.798215 6.352484 -21.73384
v -2.704243 6.352484 -21.6954
v -2.713177 6.203011 -21.57084
v -2.595759 6.352484 -21.6954
v -2.713177 6.001957 -21.57084
v -2.848996 6.001957 -21.64404
v -2.798215 5.852484 -21.73384
v -2.704243 5.852484 -21.6954
v -2.586825 6.001957 -21.57084
v -2.595759 5.852484 -21.6954
v -2.586825 6.203011 -21.57084
v -2.501786 6.352484 -21.73384
v -2.451006 6.203011 -21.64404
v -2.451006 6.001957 -21.64404
v -2.501786 5.852484 -21.73384
v -2.824408 6.352484 -21.84553
v -2.848996 6.501957 -21.64404
v -2.896689 6.501957 -21.82076
v -2.850371 6.352484 -22.16975
v -2.896689 6.685875 -21.82076
v -2.848996 6.685875 -21.64404
v -2.830659 6.782066 -21.67647
v -2.854214 6.803685 -21.82076
v -2.933412 6.685875 -22.16975
v -2.884614 6.803685 -22.16975
v -2.884613 6.803685 -29.97192
v -2.933412 6.501957 -22.16975
v -2.933411 6.685874 -29.97192
v -2.933411 6.501956 -29.97192
v -2.850369 6.352483 -29.97192
v -2.824406 6.352483 -30.29615
v -2.896688 6.685874 -30.32092
v -2.854213 6.803685 -30.32092
v -2.830658 6.782066 -30.46521
v -2.848994 6.685874 -30.49764
v -2.896688 6.501956 -30.32092
v -2.798213 6.352483 -30.40784
v -2.848994 6.501956 -30.49764
v -2.848994 6.001956 -30.49764
v -2.798213 5.852483 -30.40784
v -2.704241 5.852483 -30.44627
v -2.713175 6.001956 -30.57084
v -2.595758 5.852483 -30.44627
v -2.713175 6.20301 -30.57084
v -2.848994 6.20301 -30.49764
v -2.704241 6.352483 -30.44627
v -2.586823 6.20301 -30.57084
v -2.595758 6.352483 -30.44627
v -2.586823 6.001956 -30.57084
v -2.501785 5.852483 -30.40784
v -2.451005 6.001956 -30.49764
v -2.451005 6.20301 -30.49764
v -2.501785 6.352483 -30.40784
v -2.824406 5.852483 -30.29615
v -2.848994 5.703009 -30.49764
v -2.896688 5.703009 -30.32092
v -2.850369 5.852483 -29.97192
v -2.896688 5.519091 -30.32092
v -2.848994 5.519091 -30.49764
v -2.830658 5.422901 -30.46521
v -2.854213 5.401282 -30.32092
v -2.933411 5.519091 -29.97192
v -2.884613 5.401282 -29.97192
v -2.884614 5.401282 -22.16975
v -2.933411 5.703009 -29.97192
v -2.933413 5.519092 -22.16975
v -2.933412 5.70301 -22.16975
v -2.850371 5.852484 -22.16975
v -2.824408 5.852484 -21.84553
v -2.896689 5.519092 -21.82076
v -2.854214 5.401282 -21.82076
v -2.830659 5.422901 -21.67647
v -2.848996 5.519092 -21.64404
v -2.896689 5.70301 -21.82076
v -2.848996 5.70301 -21.64404
v -2.475592 5.852483 -30.29615
v -2.403311 6.001956 -30.32092
v -2.44963 5.852483 -29.97192
v -2.403311 6.20301 -30.32092
v -2.475592 6.352483 -30.29615
v -2.366588 6.20301 -29.97192
v -2.44963 6.352483 -29.97192
v -2.449631 6.352484 -22.16975
v -2.366588 6.001956 -29.97192
v -2.366589 6.203011 -22.16975
v -2.366589 6.001957 -22.16975
v -2.449631 5.852484 -22.16975
v -2.475594 5.852484 -21.84553
v -2.403312 6.203011 -21.82076
v -2.475594 6.352484 -21.84553
v -2.403312 6.001957 -21.82076
v -2.451004 5.703009 -30.49764
v -2.586823 5.703009 -30.57084
v -2.586823 5.519091 -30.57084
v -2.451004 5.519091 -30.49764
v -2.469341 5.4229 -30.46521
v -2.586823 5.401282 -30.49764
v -2.713175 5.519091 -30.57084
v -2.713175 5.401282 -30.49764
v -2.713175 5.703009 -30.57084
v -2.451006 5.70301 -21.64404
v -2.403312 5.70301 -21.82076
v -2.403312 5.519092 -21.82076
v -2.451006 5.519092 -21.64404
v -2.469342 5.4229 -21.67647
v -2.445787 5.401282 -21.82076
v -2.366589 5.519092 -22.16975
v -2.415387 5.401282 -22.16975
v -2.415386 5.401282 -29.97192
v -2.366589 5.70301 -22.16975
v -2.366588 5.519091 -29.97192
v -2.366588 5.703009 -29.97192
v -2.403311 5.519091 -30.32092
v -2.445786 5.401282 -30.32092
v -2.403311 5.703009 -30.32092
v -2.713177 5.70301 -21.57084
v -2.713177 5.519092 -21.57084
v -2.713177 5.401282 -21.64404
v -2.586825 5.519092 -21.57084
v -2.586825 5.401282 -21.64404
v -2.586825 5.70301 -21.57084
v -2.896689 6.001957 -21.82076
v -2.896689 6.203011 -21.82076
v -2.933412 6.203011 -22.16975
v -2.933412 6.001957 -22.16975
v -2.933411 6.20301 -29.97192
v -2.933411 6.001956 -29.97192
v -2.896688 6.20301 -30.32092
v -2.896688 6.001956 -30.32092
v -2.713175 6.501956 -30.57084
v -2.713175 6.685874 -30.57084
v -2.713175 6.803685 -30.49764
v -2.586823 6.685874 -30.57084
v -2.586823 6.803685 -30.49764
v -2.469341 6.782066 -30.46521
v -2.451004 6.685874 -30.49764
v -2.586823 6.501956 -30.57084
v -2.451004 6.501956 -30.49764
v -2.403311 6.501956 -30.32092
v -2.403311 6.685874 -30.32092
v -2.445786 6.803685 -30.32092
v -2.366588 6.685874 -29.97192
v -2.415386 6.803685 -29.97192
v -2.415387 6.803685 -22.16975
v -2.366588 6.501956 -29.97192
v -2.366589 6.685875 -22.16975
v -2.366589 6.501957 -22.16975
v -2.403312 6.685875 -21.82076
v -2.445787 6.803685 -21.82076
v -2.469342 6.782066 -21.67647
v -2.451006 6.685875 -21.64404
v -2.403312 6.501957 -21.82076
v -2.451006 6.501957 -21.64404
v -2.586825 6.501957 -21.57084
v -2.586825 6.685875 -21.57084
v -2.586825 6.803685 -21.64404
v -2.713177 6.685875 -21.57084
v -2.713177 6.803685 -21.64404
v -2.713177 6.501957 -21.57084
v -2.766804 5.352484 -22.16975
v -2.74359 5.352484 -21.82076
v -2.556412 5.352484 -21.82076
v -2.533197 5.352484 -22.16975
v -2.766803 5.352483 -29.97192
v -2.533196 5.352483 -29.97192
v -2.743589 5.352483 -30.32092
v -2.55641 5.352483 -30.32092
v -2.766803 6.852483 -29.97192
v -2.743589 6.852483 -30.32092
v -2.55641 6.852483 -30.32092
v -2.533196 6.852483 -29.97192
v -2.766804 6.852484 -22.16975
v -2.533197 6.852484 -22.16975
v -2.74359 6.852484 -21.82076
v -2.556412 6.852484 -21.82076
v 2.262928 6.371588 -29.73041
v 2.026372 7.234107 -30.02584
v 2.300649 7.222558 -29.75132
v 1.979572 6.371588 -30.01377
v 2.275 5.542814 -29.75132
v 1.92598 7.238333 -30.40084
v 2.065159 7.353655 -30.04531
v 1.969979 7.357664 -30.40084
v 2.026372 7.234107 -30.77584
v 2.065158 7.353655 -30.75637
v 1.875856 6.371588 -30.40084
v 1.979572 6.371588 -30.78791
v 2.000481 5.542814 -30.02584
v 1.9 5.542814 -30.40084
v 2.000481 5.542814 -30.77584
v 2.034204 5.421739 -30.75637
v 1.93894 5.421739 -30.40084
v 2.034204 5.421739 -30.04531
v 2.29447 5.421739 -29.78504
v 2.294469 5.421739 -31.01663
v 2.274999 5.542814 -31.05036
v 2.649999 5.421739 -31.1119
v 2.649999 5.542814 -31.15084
v 2.262928 6.371588 -31.07127
v 2.649999 6.371588 -31.17499
v 2.300648 7.222558 -31.05036
v 2.325194 7.342707 -31.01663
v 2.675316 7.206784 -31.15084
v 2.680409 7.327752 -31.1119
v 3.049984 7.191009 -31.05036
v 3.035624 7.312796 -31.01663
v 3.037071 6.371588 -31.07127
v 3.024999 5.542814 -31.05036
v 3.005529 5.421739 -31.01663
v 3.265795 5.421739 -30.75637
v 3.299519 5.542814 -30.77584
v 3.36106 5.421739 -30.40084
v 3.4 5.542814 -30.40084
v 3.320427 6.371588 -30.78791
v 3.32426 7.179462 -30.77584
v 3.29566 7.301848 -30.75637
v 3.265796 5.421739 -30.04531
v 3.299519 5.542814 -30.02584
v 3.00553 5.421739 -29.78504
v 3.025 5.542814 -29.75132
v 3.037072 6.371588 -29.73042
v 3.320428 6.371588 -30.01377
v 3.049985 7.191009 -29.75132
v 3.424143 6.371588 -30.40084
v 3.32426 7.179462 -30.02584
v 3.424652 7.175235 -30.40084
v 3.39084 7.297841 -30.40084
v 3.29566 7.301848 -30.04531
v 3.035625 7.312796 -29.78505
v 2.65 5.421739 -29.68978
v 2.65 5.542814 -29.65084
v 2.65 6.371588 -29.62669
v 2.675317 7.206784 -29.65084
v 2.68041 7.327752 -29.68978
v 2.325194 7.342707 -29.78504
v 2.148611 7.400338 -30.09232
v 2.374267 7.390836 -29.86646
v 2.066015 7.403815 -30.40084
v 3.216427 7.35538 -30.09232
v 2.682519 7.377859 -29.78379
v 2.990771 7.36488 -29.86646
v 3.299023 7.351902 -30.40084
v 2.14861 7.400338 -30.70937
v 3.216427 7.35538 -30.70937
v 2.374266 7.390836 -30.93522
v 2.990771 7.36488 -30.93523
v 2.682518 7.377859 -31.01789
v 2.115619 5.371588 -30.09232
v 2.341475 5.371588 -29.86646
v 2.65 5.371588 -29.78379
v 2.958525 5.371588 -29.86646
v 3.184381 5.371588 -30.09232
v 2.032949 5.371588 -30.40084
v 3.26705 5.371588 -30.40084
v 2.115618 5.371588 -30.70937
v 3.184381 5.371588 -30.70937
v 2.341474 5.371588 -30.93522
v 2.958525 5.371588 -30.93523
v 2.649999 5.371588 -31.01789
v -3.037072 6.371588 -29.73041
v -3.273628 7.234107 -30.02584
v -2.999352 7.222558 -29.75132
v -3.320428 6.371588 -30.01377
v -3.025 5.542814 -29.75132
v -3.37402 7.238333 -30.40084
v -3.234842 7.353655 -30.04531
v -3.330021 7.357664 -30.40084
v -3.273628 7.234107 -30.77584
v -3.234842 7.353655 -30.75637
v -3.424144 6.371588 -30.40084
v -3.320429 6.371588 -30.78791
v -3.299519 5.542814 -30.02584
v -3.400001 5.542814 -30.40084
v -3.29952 5.542814 -30.77584
v -3.265797 5.421739 -30.75637
v -3.36106 5.421739 -30.40084
v -3.265796 5.421739 -30.04531
v -3.00553 5.421739 -29.78504
v -3.005531 5.421739 -31.01663
v -3.025001 5.542814 -31.05036
v -2.650001 5.421739 -31.1119
v -2.650001 5.542814 -31.15084
v -3.037073 6.371588 -31.07127
v -2.650001 6.371588 -31.17499
v -2.999352 7.222558 -31.05036
v -2.974807 7.342707 -31.01663
v -2.624685 7.206784 -31.15084
v -2.619591 7.327752 -31.1119
v -2.250016 7.191009 -31.05036
v -2.264376 7.312796 -31.01663
v -2.262929 6.371588 -31.07127
v -2.275001 5.542814 -31.05036
v -2.294471 5.421739 -31.01663
v -2.034205 5.421739 -30.75637
v -2.000482 5.542814 -30.77584
v -1.938941 5.421739 -30.40084
v -1.900001 5.542814 -30.40084
v -1.979573 6.371588 -30.78791
v -1.97574 7.179462 -30.77584
v -2.00434 7.301848 -30.75637
v -2.034204 5.421739 -30.04531
v -2.000481 5.542814 -30.02584
v -2.29447 5.421739 -29.78504
v -2.275 5.542814 -29.75132
v -2.262928 6.371588 -29.73042
v -1.979572 6.371588 -30.01377
v -2.250015 7.191009 -29.75132
v -1.875857 6.371588 -30.40084
v -1.97574 7.179462 -30.02584
v -1.875348 7.175235 -30.40084
v -1.90916 7.297841 -30.40084
v -2.00434 7.301848 -30.04531
v -2.264375 7.312796 -29.78505
v -2.65 5.421739 -29.68978
v -2.65 5.542814 -29.65084
v -2.65 6.371588 -29.62669
v -2.624683 7.206784 -29.65084
v -2.61959 7.327752 -29.68978
v -2.974806 7.342707 -29.78504
v -3.151389 7.400338 -30.09232
v -2.925733 7.390836 -29.86646
v -3.233985 7.403815 -30.40084
v -2.083573 7.35538 -30.09232
v -2.617481 7.377859 -29.78379
v -2.309229 7.36488 -29.86646
v -2.000977 7.351902 -30.40084
v -3.15139 7.400338 -30.70937
v -2.083573 7.35538 -30.70937
v -2.925734 7.390836 -30.93522
v -2.30923 7.36488 -30.93523
v -2.617482 7.377859 -31.01789
v -3.184381 5.371588 -30.09232
v -2.958525 5.371588 -29.86646
v -2.65 5.371588 -29.78379
v -2.341475 5.371588 -29.86646
v -2.115619 5.371588 -30.09232
v -3.267051 5.371588 -30.40084
v -2.03295 5.371588 -30.40084
v -3.184382 5.371588 -30.70937
v -2.115619 5.371588 -30.70937
v -2.958526 5.371588 -30.93522
v -2.341475 5.371588 -30.93523
v -2.650001 5.371588 -31.01789
v 3.926408 -4.548905 -23.16203
v 4 -5.123331 -23.33969
v 3.926408 -5.123331 -23.16203
v 4 -4.548905 -23.33969
v 3.893806 -4.403842 -23.19463
v 3.926408 -4.37124 -23.33969
v 4 -5.123331 -23.95151
v 4 -4.570986 -23.95151
v 4 -5.12333 -25.9227
v 4 -4.598564 -25.92271
v 4 -5.123331 -28.25417
v 4 -4.598564 -28.25416
v 4 -5.123331 -30.22536
v 4 -4.570986 -30.22536
v 4 -5.123331 -30.83717
v 4 -4.548905 -30.83717
v -4 -6.046392 -23.33969
v -3.893806 -6.191455 -23.19463
v -3.926408 -6.224057 -23.33969
v -3.926408 -6.046392 -23.16203
v -4 -5.471967 -23.33969
v -3.926408 -5.471967 -23.16203
v -4 -5.471967 -23.95151
v -4 -6.024311 -23.95151
v -4 -5.471967 -25.9227
v -4 -5.996733 -25.92271
v -4 -5.471967 -28.25417
v -4 -5.996733 -28.25416
v -4 -5.471967 -30.22536
v -4 -6.024312 -30.22536
v -4 -5.471967 -30.83717
v -4 -6.046392 -30.83717
v -4 -4.548905 -23.33969
v -3.926408 -4.37124 -23.33969
v -3.893806 -4.403842 -23.19463
v -3.926408 -4.548905 -23.16203
v -3.926408 -5.123331 -23.16203
v -4 -5.123331 -23.33969
v -4 -4.570986 -23.95151
v -4 -5.123331 -23.95151
v -4 -4.598564 -25.92271
v -4 -5.12333 -25.9227
v -4 -4.598564 -28.25416
v -4 -5.123331 -28.25417
v -4 -4.570986 -30.22536
v -4 -5.123331 -30.22536
v -4 -4.548905 -30.83717
v -4 -5.123331 -30.83717
v -3.893806 -6.191455 -30.98224
v -3.926408 -6.046392 -31.01484
v -3.926408 -6.224058 -30.83717
v -3.926408 -6.196737 -30.22536
v -3.926408 -6.162615 -28.25414
v -3.926408 -6.162615 -25.92273
v -3.926408 -6.196737 -23.95151
v 4 -6.046392 -23.33969
v 3.926408 -6.224057 -23.33969
v 3.893806 -6.191455 -23.19463
v 3.926408 -6.046392 -23.16203
v 3.926408 -5.471967 -23.16203
v 4 -5.471967 -23.33969
v 4 -6.024311 -23.95151
v 4 -5.471967 -23.95151
v 4 -5.996733 -25.92271
v 4 -5.471967 -25.9227
v 4 -5.996733 -28.25416
v 4 -5.471967 -28.25417
v 4 -6.024312 -30.22536
v 4 -5.471967 -30.22536
v 4 -6.046392 -30.83717
v 4 -5.471967 -30.83717
v 3.926408 -6.046392 -31.01484
v 3.893806 -6.191455 -30.98224
v 3.926408 -6.224058 -30.83717
v 3.926408 -6.196737 -30.22536
v 3.926408 -6.162615 -28.25414
v 3.926408 -6.162615 -25.92273
v 3.926408 -6.196737 -23.95151
v 3.926408 -5.123331 -31.01484
v 3.926408 -4.548905 -31.01484
v 3.893806 -4.403842 -30.98224
v 3.926408 -4.37124 -30.83717
v 3.926408 -4.39856 -30.22536
v 3.926408 -4.432683 -28.25414
v 3.926408 -4.432682 -25.92273
v 3.926408 -4.39856 -23.95151
v 3.926408 -5.471967 -31.01484
v 3.833603 -5.297649 -30.92204
v 3.905456 -5.297649 -30.74857
v 3.905456 -5.297649 -30.15121
v 3.905456 -5.297649 -28.25417
v 3.905456 -5.297648 -25.9227
v 3.905456 -5.297648 -24.02565
v 3.905456 -5.297648 -23.4283
v 3.833603 -5.297648 -23.25483
v -3.926408 -4.548905 -31.01484
v -3.926408 -5.123331 -31.01484
v -3.893806 -4.403842 -30.98224
v -3.926408 -4.37124 -30.83717
v -3.926408 -4.39856 -30.22536
v -3.926408 -4.432683 -28.25414
v -3.926408 -4.432682 -25.92273
v -3.926408 -4.39856 -23.95151
v -3.926408 -5.471967 -31.01484
v -3.905456 -5.297649 -30.74857
v -3.833603 -5.297649 -30.92204
v -3.905456 -5.297649 -30.15121
v -3.905456 -5.297649 -28.25417
v -3.905456 -5.297648 -25.9227
v -3.905456 -5.297648 -24.02565
v -3.905456 -5.297648 -23.4283
v -3.833603 -5.297648 -23.25483
v -3.660138 -5.297648 -23.18298
v -3.748743 -5.471967 -23.08843
v -3.062783 -5.297648 -23.18298
v -3.748743 -6.046392 -23.08843
v -3.748743 -6.224057 -23.16203
v -3.136928 -6.024311 -23.08843
v -3.136928 -6.196737 -23.16203
v -1.165701 -6.162615 -23.16203
v -3.136928 -5.471967 -23.08843
v -1.165733 -5.297648 -23.18298
v -1.165723 -5.996733 -23.08843
v 1.165701 -6.162615 -23.16203
v -1.165731 -5.471967 -23.08843
v 1.165723 -5.996733 -23.08843
v 3.136928 -6.196737 -23.16203
v 1.165731 -5.471967 -23.08843
v 1.165733 -5.297648 -23.18298
v 3.062783 -5.297648 -23.18298
v 3.136928 -6.024311 -23.08843
v 3.136928 -5.471967 -23.08843
v 3.660138 -5.297648 -23.18298
v 3.748743 -6.046392 -23.08843
v 3.748743 -6.224057 -23.16203
v 3.748743 -5.471967 -23.08843
v -3.660138 -5.297649 -30.99389
v -3.748743 -5.123331 -31.08843
v -3.062783 -5.297649 -30.99389
v -3.748743 -4.548905 -31.08843
v -3.748743 -4.37124 -31.01484
v -3.136928 -4.570986 -31.08843
v -3.136928 -4.39856 -31.01484
v -1.165701 -4.432683 -31.01484
v -3.136928 -5.123331 -31.08843
v -1.165733 -5.297649 -30.99389
v -1.165723 -4.598564 -31.08843
v 1.165701 -4.432683 -31.01484
v -1.165731 -5.123331 -31.08843
v 1.165723 -4.598564 -31.08843
v 3.136928 -4.39856 -31.01484
v 1.165731 -5.123331 -31.08843
v 1.165733 -5.297649 -30.99389
v 3.062783 -5.297649 -30.99389
v 3.136928 -4.570986 -31.08843
v 3.136928 -5.123331 -31.08843
v 3.660138 -5.297649 -30.99389
v 3.748743 -4.548905 -31.08843
v 3.748743 -4.37124 -31.01484
v 3.748743 -5.123331 -31.08843
v 3.748743 -5.471967 -31.08843
v 3.748743 -6.046392 -31.08843
v 3.748743 -6.224058 -31.01484
v 3.136928 -6.024312 -31.08843
v 3.136928 -6.196737 -31.01484
v 1.165701 -6.162615 -31.01484
v 3.136928 -5.471967 -31.08843
v 1.165723 -5.996733 -31.08843
v -1.165701 -6.162615 -31.01484
v 1.165731 -5.471967 -31.08843
v -1.165723 -5.996733 -31.08843
v -3.136928 -6.196737 -31.01484
v -1.165731 -5.471967 -31.08843
v -3.136928 -6.024312 -31.08843
v -3.136928 -5.471967 -31.08843
v -3.748743 -6.046392 -31.08843
v -3.748743 -6.224058 -31.01484
v -3.748743 -5.471967 -31.08843
v 3.748743 -5.123331 -23.08843
v 3.748743 -4.548905 -23.08843
v 3.748743 -4.37124 -23.16203
v 3.136928 -4.570986 -23.08843
v 3.136928 -4.39856 -23.16203
v 1.165701 -4.432682 -23.16203
v 3.136928 -5.123331 -23.08843
v 1.165723 -4.598564 -23.08843
v -1.165701 -4.432682 -23.16203
v 1.165731 -5.12333 -23.08843
v -1.165723 -4.598564 -23.08843
v -3.136928 -4.39856 -23.16203
v -1.165731 -5.12333 -23.08843
v -3.136928 -4.570986 -23.08843
v -3.136928 -5.123331 -23.08843
v -3.748743 -4.548905 -23.08843
v -3.748743 -4.37124 -23.16203
v -3.748743 -5.123331 -23.08843
v 3.748743 -4.327139 -23.95151
v 3.748743 -4.297648 -23.33969
v 3.136928 -4.327139 -23.33969
v 3.748743 -4.363972 -25.92277
v 1.165663 -4.363972 -23.33969
v 3.136928 -4.327139 -23.95151
v 3.748743 -4.363973 -28.2541
v 1.165718 -4.357817 -23.95151
v 3.136928 -4.357816 -25.92271
v -1.165663 -4.363972 -23.33969
v -1.165718 -4.357817 -23.95151
v -3.136928 -4.327139 -23.33969
v -3.136928 -4.327139 -23.95151
v -3.748743 -4.297648 -23.33969
v -1.164571 -4.288173 -25.92386
v -3.748743 -4.327139 -23.95151
v -3.748743 -4.363972 -25.92277
v -3.136928 -4.357816 -25.92271
v 1.164571 -4.288173 -25.92386
v -3.748743 -4.363973 -28.2541
v -3.136928 -4.357817 -28.25415
v -1.164571 -4.288173 -28.25301
v 3.136928 -4.357817 -28.25415
v -3.748743 -4.327139 -30.22536
v 1.164571 -4.288173 -28.25301
v -1.165718 -4.357817 -30.22536
v -3.136928 -4.327139 -30.22536
v 3.748743 -4.327139 -30.22536
v -3.748743 -4.297649 -30.83717
v -3.136928 -4.327139 -30.83717
v -1.165663 -4.363973 -30.83717
v 3.136928 -4.327139 -30.22536
v 3.748743 -4.297649 -30.83717
v 1.165718 -4.357817 -30.22536
v 1.165663 -4.363973 -30.83717
v 3.136928 -4.327139 -30.83717
v 3.136928 -6.268158 -23.33969
v 3.748743 -6.297648 -23.33969
v 1.165663 -6.231325 -23.33969
v 3.136928 -6.268158 -23.95151
v 3.748743 -6.268158 -23.95151
v -1.165663 -6.231325 -23.33969
v 3.748743 -6.231325 -25.92277
v 1.165718 -6.237481 -23.95151
v 3.136928 -6.237481 -25.92271
v 3.748743 -6.231325 -28.2541
v 1.164571 -6.307124 -25.92386
v -1.165718 -6.237481 -23.95151
v -3.136928 -6.268158 -23.33969
v 3.136928 -6.237481 -28.25415
v 3.748743 -6.268158 -30.22536
v 1.164571 -6.307125 -28.25301
v 3.136928 -6.268158 -30.22536
v 3.748743 -6.297649 -30.83717
v 3.136928 -6.268158 -30.83717
v 1.165718 -6.237481 -30.22536
v 1.165663 -6.231325 -30.83717
v -1.164571 -6.307124 -25.92386
v -1.164571 -6.307125 -28.25301
v -1.165718 -6.237481 -30.22536
v -1.165663 -6.231325 -30.83717
v -3.136928 -6.268158 -30.22536
v -3.136928 -6.268158 -30.83717
v -3.748743 -6.297649 -30.83717
v -3.136928 -6.237481 -28.25415
v -3.748743 -6.268158 -30.22536
v -3.748743 -6.231325 -28.2541
v -3.136928 -6.237481 -25.92271
v -3.748743 -6.231325 -25.92277
v -3.136928 -6.268158 -23.95151
v -3.748743 -6.268158 -23.95151
v -3.748743 -6.297648 -23.33969
v 3.23047 4.667421 -24.00084
v 3.177117 5.385918 -24.00084
v 3.23047 5.332586 -24.00084
v 3.177117 4.61409 -24.00084
v 0.7836697 4.750004 -24.0485
v 1.95 4.796844 -24.00084
v 1.95 4.750004 -24.0485
v 0.7836697 4.796844 -24.00084
v -0.7836673 4.796844 -24.00084
v -0.7836673 4.750004 -24.0485
v -0.7836673 5.250004 -24.0485
v -1.949998 5.203164 -24.00084
v -1.949998 5.250004 -24.0485
v -0.7836673 5.203164 -24.00084
v 0.7836697 5.203164 -24.00084
v 0.7836697 5.250004 -24.0485
v -1.949998 5.250003 -29.99214
v -0.7836673 5.250003 -29.99214
v 0.7836697 5.250003 -29.99214
v 1.95 5.250004 -24.0485
v 1.95 5.250003 -29.99214
v -1.949998 4.750004 -24.0485
v -1.949998 4.796844 -24.00084
v 1.95 4.796843 -30.0398
v 1.95 5.203165 -30.0398
v 0.7836697 5.203165 -30.0398
v 0.7836697 4.796843 -30.0398
v -0.7836673 4.796843 -30.0398
v -0.7836673 5.203165 -30.0398
v -1.949998 4.750003 -29.99214
v -0.7836673 4.750003 -29.99214
v 0.7836697 4.750003 -29.99214
v 1.95 4.750003 -29.99214
v 1.96953 4.667937 -29.80411
v 1.95 4.740828 -24.00084
v 1.969529 4.667937 -24.00084
v 1.95 4.740314 -29.78665
v 1.95 5.25918 -24.00084
v 1.921305 4.740304 -29.89375
v 1.940557 4.667934 -29.91224
v 1.950001 5.25918 -29.78665
v 1.969529 5.33207 -24.00084
v 1.96953 5.332568 -29.8041
v 1.940555 5.332577 -29.91223
v 1.921306 5.259182 -29.89375
v 3.230471 4.667421 -31.06506
v 3.177118 4.614089 -31.00788
v 3.147634 4.614091 -31.11792
v 3.201498 4.667424 -31.17319
v 3.230471 5.332586 -31.06505
v 3.249999 5.259712 -24.00084
v 3.25 5.259195 -31.08666
v 3.249999 4.740295 -24.00084
v 3.25 4.740812 -31.08666
v 3.221306 4.740819 -31.19376
v -3.014215 5.332569 -31.28131
v 3.014217 5.332569 -31.28131
v 2.957038 5.385901 -31.22796
v -2.957037 5.385901 -31.22796
v -3.067077 5.38591 -31.19847
v -3.122342 5.332577 -31.25234
v -3.147632 5.385915 -31.11792
v -3.201497 5.332584 -31.17319
v 2.881176 5.405401 -31.15508
v -2.881174 5.405401 -31.15508
v 2.992706 5.405408 -31.12519
v 3.067079 5.38591 -31.19847
v -1.872698 5.405022 -30.14661
v 1.8727 5.405022 -30.14661
v 1.802792 5.385918 -30.07372
v -1.984231 5.405014 -30.11672
v -2.992704 5.405408 -31.12519
v -1.80279 5.385918 -30.07372
v 1.753262 5.332586 -30.02037
v -1.75326 5.332586 -30.02037
v 1.861396 5.332584 -29.99139
v 1.912837 5.385915 -30.04424
v 3.074353 5.405414 -31.04355
v 3.147634 5.385915 -31.11792
v 2.065881 5.405007 -30.03507
v 1.984233 5.405014 -30.11672
v 2.095765 5.405005 -29.92354
v 3.104236 5.405416 -30.93201
v 3.104235 5.405416 -24.00084
v 2.095764 5.405005 -24.00084
v 3.177118 5.385918 -31.00787
v 3.201499 5.332584 -31.17318
v 2.022883 5.385901 -29.85363
v 2.022882 5.385446 -24.00084
v 1.993396 5.38591 -29.96368
v 3.104235 4.594591 -24.00084
v 2.095764 4.595003 -24.00084
v 2.022882 4.614562 -24.00084
v 3.104236 4.594591 -30.93202
v 3.074353 4.594593 -31.04355
v 2.095765 4.595003 -29.92355
v 2.022883 4.614107 -29.85365
v 1.9934 4.614098 -29.96368
v 2.065883 4.595001 -30.03508
v 1.912849 4.614091 -30.04424
v 1.98424 4.594994 -30.11672
v 2.992711 4.594598 -31.12519
v 3.221306 5.259187 -31.19376
v 3.142912 5.259181 -31.27215
v 3.142912 4.740825 -31.27215
v 3.035825 4.740828 -31.30084
v 3.035824 5.25918 -31.30084
v -3.035823 4.740828 -31.30084
v -3.014218 4.667439 -31.28131
v 3.01422 4.667439 -31.28131
v -3.14291 4.740825 -31.27215
v -3.122343 4.66743 -31.25234
v -3.035822 5.25918 -31.30084
v -3.14291 5.259181 -31.27215
v 3.067082 4.614098 -31.19847
v 3.122345 4.66743 -31.25233
v 2.957044 4.614107 -31.22796
v -2.957042 4.614107 -31.22796
v -2.881184 4.594606 -31.15508
v 2.881186 4.594606 -31.15508
v -3.06708 4.614098 -31.19847
v -2.992709 4.594598 -31.1252
v -3.147632 4.614091 -31.11792
v -3.074351 4.594593 -31.04355
v -1.872714 4.594985 -30.14661
v -1.984239 4.594994 -30.11672
v -1.802812 4.614089 -30.07372
v -1.912847 4.614091 -30.04424
v 1.872715 4.594985 -30.14661
v 1.802814 4.614089 -30.07372
v 3.122344 5.332577 -31.25233
v 1.735818 4.740295 -30.00084
v 1.842909 4.740298 -29.97215
v 1.861402 4.667926 -29.99139
v 1.753274 4.667915 -30.02037
v -1.735816 4.740295 -30.00084
v 1.735819 5.259202 -30.00084
v -1.753273 4.667915 -30.02037
v -1.735818 5.259202 -30.00084
v -1.842907 4.740298 -29.97215
v -1.842908 5.259191 -29.97215
v 1.84291 5.259191 -29.97215
v -1.969528 4.667937 -29.80411
v -1.969529 4.667937 -24.00085
v -1.95 4.740828 -24.00085
v -1.949998 4.740314 -29.78665
v -1.95 5.25918 -24.00084
v -1.921303 4.740304 -29.89375
v -1.940555 4.667934 -29.91224
v -1.949999 5.25918 -29.78665
v -1.969529 5.33207 -24.00084
v -1.969528 5.332568 -29.8041
v -1.940554 5.332577 -29.91223
v -1.921304 5.259182 -29.89375
v -3.230469 4.667421 -31.06506
v -3.23047 4.667421 -24.00085
v -3.177117 4.61409 -24.00085
v -3.177116 4.614089 -31.00788
v -3.201496 4.667424 -31.17319
v -3.230469 5.332586 -31.06506
v -3.23047 5.332586 -24.00084
v -3.249999 5.259712 -24.00084
v -3.249998 5.259195 -31.08666
v -3.249999 4.740295 -24.00085
v -3.249998 4.740812 -31.08666
v -3.221304 4.740819 -31.19376
v -2.022882 5.385446 -24.00084
v -2.022882 4.614562 -24.00085
v -2.095764 5.405005 -24.00084
v -2.095764 4.595003 -24.00085
v -3.104235 5.405416 -24.00084
v -3.104235 4.594591 -24.00085
v -3.177117 5.385918 -24.00084
v -3.104234 4.594591 -30.93202
v -2.095763 4.595003 -29.92355
v -2.022882 4.614107 -29.85365
v -1.993398 4.614098 -29.96368
v -2.065881 4.595001 -30.03508
v -2.022882 5.385901 -29.85363
v -2.095763 5.405005 -29.92354
v -2.065879 5.405007 -30.03507
v -1.993394 5.38591 -29.96368
v -1.912836 5.385915 -30.04424
v -3.104234 5.405416 -30.93201
v -3.177116 5.385918 -31.00787
v -3.074351 5.405414 -31.04355
v -1.861394 5.332584 -29.99139
v -3.221305 5.259187 -31.19376
v -1.8614 4.667926 -29.99139
v -1.949998 5.203165 -30.0398
v -1.949998 4.796843 -30.0398
v 1.95 5.203164 -24.00084
v -16.23047 -5.307354 -33.11084
v -16.17712 -4.588858 -33.11084
v -16.23047 -4.642189 -33.11084
v -16.17712 -5.360686 -33.11084
v -13.78367 -5.224771 -33.06318
v -14.95 -5.177932 -33.11084
v -14.95 -5.224771 -33.06318
v -13.78367 -5.177932 -33.11084
v -12.21633 -5.177932 -33.11084
v -12.21633 -5.224771 -33.06318
v -12.21633 -4.724772 -33.06318
v -11.05 -4.771611 -33.11084
v -11.05 -4.724772 -33.06318
v -12.21633 -4.771611 -33.11084
v -13.78367 -4.771611 -33.11084
v -13.78367 -4.724772 -33.06318
v -11.05 -4.724771 -27.11954
v -12.21633 -4.724771 -27.11954
v -13.78367 -4.724771 -27.11954
v -14.95 -4.724772 -33.06318
v -14.95 -4.724771 -27.11954
v -11.05 -5.224771 -33.06318
v -11.05 -5.177932 -33.11084
v -14.95 -5.177932 -27.07188
v -14.95 -4.77161 -27.07188
v -13.78367 -4.77161 -27.07188
v -13.78367 -5.177932 -27.07188
v -12.21633 -5.177932 -27.07188
v -12.21633 -4.77161 -27.07188
v -11.05 -5.224771 -27.11954
v -12.21633 -5.224771 -27.11954
v -13.78367 -5.224771 -27.11954
v -14.95 -5.224771 -27.11954
v -14.96953 -5.306838 -27.30757
v -14.95 -5.233948 -33.11084
v -14.96953 -5.306838 -33.11084
v -14.95 -5.234461 -27.32503
v -14.95 -4.715596 -33.11084
v -14.9213 -5.23447 -27.21793
v -14.94056 -5.30684 -27.19944
v -14.95 -4.715596 -27.32503
v -14.96953 -4.642705 -33.11084
v -14.96953 -4.642208 -27.30758
v -14.94056 -4.642198 -27.19945
v -14.92131 -4.715592 -27.21793
v -16.23047 -5.307354 -26.04662
v -16.17712 -5.360685 -26.1038
v -16.14763 -5.360683 -25.99376
v -16.2015 -5.307352 -25.93849
v -16.23047 -4.642189 -26.04663
v -16.25 -4.715063 -33.11084
v -16.25 -4.71558 -26.02502
v -16.25 -5.23448 -33.11084
v -16.25 -5.233963 -26.02502
v -16.22131 -5.233955 -25.91792
v -9.985785 -4.642206 -25.83037
v -16.01422 -4.642206 -25.83037
v -15.95704 -4.588874 -25.88372
v -10.04296 -4.588874 -25.88372
v -9.932923 -4.588865 -25.91321
v -9.877658 -4.642198 -25.85934
v -9.852368 -4.58886 -25.99376
v -9.798503 -4.642191 -25.93849
v -15.88118 -4.569374 -25.9566
v -10.11883 -4.569374 -25.9566
v -15.99271 -4.569366 -25.98649
v -16.06708 -4.588865 -25.91321
v -11.1273 -4.569752 -26.96507
v -14.8727 -4.569752 -26.96507
v -14.80279 -4.588857 -27.03796
v -11.01577 -4.569761 -26.99496
v -10.0073 -4.569366 -25.98649
v -11.19721 -4.588857 -27.03796
v -14.75326 -4.642189 -27.09131
v -11.24674 -4.642189 -27.09131
v -14.8614 -4.642191 -27.12029
v -14.91284 -4.58886 -27.06744
v -16.07435 -4.569361 -26.06813
v -16.14763 -4.58886 -25.99376
v -15.06588 -4.569768 -27.07661
v -14.98423 -4.569761 -26.99496
v -15.09577 -4.56977 -27.18814
v -16.10424 -4.569358 -26.17966
v -16.10423 -4.569359 -33.11084
v -15.09576 -4.569771 -33.11084
v -16.17712 -4.588857 -26.10381
v -16.2015 -4.642191 -25.9385
v -15.02288 -4.588874 -27.25805
v -15.02288 -4.58933 -33.11084
v -14.9934 -4.588866 -27.148
v -16.10423 -5.380184 -33.11084
v -15.09576 -5.379773 -33.11084
v -15.02288 -5.360214 -33.11084
v -16.10424 -5.380184 -26.17966
v -16.07435 -5.380182 -26.06813
v -15.09577 -5.379772 -27.18813
v -15.02288 -5.360668 -27.25803
v -14.9934 -5.360677 -27.14799
v -15.06588 -5.379775 -27.0766
v -14.91285 -5.360683 -27.06744
v -14.98424 -5.379781 -26.99496
v -15.99271 -5.380176 -25.98649
v -16.22131 -4.715587 -25.91792
v -16.14291 -4.715593 -25.83953
v -16.14291 -5.233949 -25.83953
v -16.03582 -5.233947 -25.81084
v -16.03582 -4.715595 -25.81084
v -9.964177 -5.233947 -25.81084
v -9.985783 -5.307336 -25.83037
v -16.01422 -5.307336 -25.83037
v -9.85709 -5.233949 -25.83953
v -9.877657 -5.307345 -25.85934
v -9.964178 -4.715595 -25.81084
v -9.85709 -4.715593 -25.83953
v -16.06708 -5.360677 -25.91321
v -16.12234 -5.307345 -25.85934
v -15.95704 -5.360669 -25.88372
v -10.04296 -5.360669 -25.88372
v -10.11882 -5.380169 -25.9566
v -15.88119 -5.380169 -25.9566
v -9.93292 -5.360677 -25.91321
v -10.00729 -5.380176 -25.98648
v -9.852367 -5.360683 -25.99376
v -9.925649 -5.380182 -26.06813
v -11.12729 -5.37979 -26.96507
v -11.01576 -5.379781 -26.99496
v -11.19719 -5.360685 -27.03796
v -11.08715 -5.360683 -27.06744
v -14.87271 -5.37979 -26.96507
v -14.80281 -5.360685 -27.03796
v -16.12234 -4.642198 -25.85934
v -14.73582 -5.23448 -27.11084
v -14.84291 -5.234477 -27.13953
v -14.8614 -5.306849 -27.12029
v -14.75327 -5.30686 -27.09131
v -11.26418 -5.23448 -27.11084
v -14.73582 -4.715572 -27.11084
v -11.24673 -5.30686 -27.09131
v -11.26418 -4.715572 -27.11084
v -11.15709 -5.234477 -27.13953
v -11.15709 -4.715584 -27.13953
v -14.84291 -4.715584 -27.13953
v -11.03047 -5.306838 -27.30757
v -11.03047 -5.306838 -33.11083
v -11.05 -5.233948 -33.11083
v -11.05 -5.234461 -27.32503
v -11.05 -4.715596 -33.11083
v -11.0787 -5.23447 -27.21793
v -11.05944 -5.30684 -27.19944
v -11.05 -4.715596 -27.32503
v -11.03047 -4.642705 -33.11083
v -11.03047 -4.642208 -27.30758
v -11.05945 -4.642198 -27.19945
v -11.0787 -4.715592 -27.21793
v -9.769531 -5.307354 -26.04662
v -9.769529 -5.307354 -33.11083
v -9.822884 -5.360686 -33.11083
v -9.822884 -5.360685 -26.1038
v -9.798504 -5.307352 -25.93849
v -9.769531 -4.642189 -26.04662
v -9.769529 -4.642189 -33.11083
v -9.750001 -4.715063 -33.11083
v -9.750002 -4.71558 -26.02502
v -9.750001 -5.23448 -33.11083
v -9.750002 -5.233963 -26.02502
v -9.778696 -5.233955 -25.91792
v -10.97712 -4.58933 -33.11083
v -10.97712 -5.360214 -33.11083
v -10.90424 -4.569771 -33.11083
v -10.90424 -5.379773 -33.11083
v -9.895765 -4.569359 -33.11083
v -9.895765 -5.380184 -33.11083
v -9.822884 -4.588858 -33.11083
v -9.895766 -5.380184 -26.17966
v -10.90424 -5.379772 -27.18813
v -10.97712 -5.360668 -27.25803
v -11.0066 -5.360677 -27.14799
v -10.93412 -5.379775 -27.0766
v -10.97712 -4.588874 -27.25805
v -10.90424 -4.56977 -27.18814
v -10.93412 -4.569768 -27.07661
v -11.00661 -4.588866 -27.148
v -11.08716 -4.58886 -27.06744
v -9.895766 -4.569358 -26.17966
v -9.822884 -4.588857 -26.10381
v -9.92565 -4.569361 -26.06813
v -11.13861 -4.642191 -27.12029
v -9.778695 -4.715587 -25.91792
v -11.1386 -5.306849 -27.12029
v -11.05 -4.77161 -27.07188
v -11.05 -5.177932 -27.07188
v -14.95 -4.771611 -33.11084
v 9.769529 -5.307354 -33.11084
v 9.822884 -4.588858 -33.11084
v 9.769529 -4.642189 -33.11084
v 9.822884 -5.360686 -33.11084
v 12.21633 -5.224771 -33.06318
v 11.05 -5.177932 -33.11084
v 11.05 -5.224771 -33.06318
v 12.21633 -5.177932 -33.11084
v 13.78367 -5.177932 -33.11084
v 13.78367 -5.224771 -33.06318
v 13.78367 -4.724772 -33.06318
v 14.95 -4.771611 -33.11084
v 14.95 -4.724772 -33.06318
v 13.78367 -4.771611 -33.11084
v 12.21633 -4.771611 -33.11084
v 12.21633 -4.724772 -33.06318
v 14.95 -4.724771 -27.11954
v 13.78367 -4.724771 -27.11954
v 12.21633 -4.724771 -27.11954
v 11.05 -4.724772 -33.06318
v 11.05 -4.724771 -27.11954
v 14.95 -5.224771 -33.06318
v 14.95 -5.177932 -33.11084
v 11.05 -5.177932 -27.07188
v 11.05 -4.77161 -27.07188
v 12.21633 -4.77161 -27.07188
v 12.21633 -5.177932 -27.07188
v 13.78367 -5.177932 -27.07188
v 13.78367 -4.77161 -27.07188
v 14.95 -5.224771 -27.11954
v 13.78367 -5.224771 -27.11954
v 12.21633 -5.224771 -27.11954
v 11.05 -5.224771 -27.11954
v 11.03047 -5.306838 -27.30757
v 11.05 -5.233948 -33.11084
v 11.03047 -5.306838 -33.11084
v 11.05 -5.234461 -27.32503
v 11.05 -4.715596 -33.11084
v 11.0787 -5.23447 -27.21793
v 11.05944 -5.30684 -27.19944
v 11.05 -4.715596 -27.32503
v 11.03047 -4.642705 -33.11084
v 11.03047 -4.642208 -27.30758
v 11.05944 -4.642198 -27.19945
v 11.07869 -4.715592 -27.21793
v 9.769528 -5.307354 -26.04662
v 9.822882 -5.360685 -26.1038
v 9.852365 -5.360683 -25.99376
v 9.798502 -5.307352 -25.93849
v 9.769528 -4.642189 -26.04663
v 9.750001 -4.715063 -33.11084
v 9.75 -4.71558 -26.02502
v 9.750001 -5.23448 -33.11084
v 9.75 -5.233963 -26.02502
v 9.778694 -5.233955 -25.91792
v 16.01422 -4.642206 -25.83037
v 9.985783 -4.642206 -25.83037
v 10.04296 -4.588874 -25.88372
v 15.95704 -4.588874 -25.88372
v 16.06708 -4.588865 -25.91321
v 16.12234 -4.642198 -25.85934
v 16.14763 -4.58886 -25.99376
v 16.2015 -4.642191 -25.93849
v 10.11882 -4.569374 -25.9566
v 15.88117 -4.569374 -25.9566
v 10.00729 -4.569366 -25.98649
v 9.93292 -4.588865 -25.91321
v 14.8727 -4.569752 -26.96507
v 11.1273 -4.569752 -26.96507
v 11.19721 -4.588857 -27.03796
v 14.98423 -4.569761 -26.99496
v 15.9927 -4.569366 -25.98649
v 14.80279 -4.588857 -27.03796
v 11.24674 -4.642189 -27.09131
v 14.75326 -4.642189 -27.09131
v 11.1386 -4.642191 -27.12029
v 11.08716 -4.58886 -27.06744
v 9.925648 -4.569361 -26.06813
v 9.852366 -4.58886 -25.99376
v 10.93412 -4.569768 -27.07661
v 11.01577 -4.569761 -26.99496
v 10.90423 -4.56977 -27.18814
v 9.895764 -4.569358 -26.17966
v 9.895765 -4.569359 -33.11084
v 10.90424 -4.569771 -33.11084
v 9.822882 -4.588857 -26.10381
v 9.798501 -4.642191 -25.9385
v 10.97712 -4.588874 -27.25805
v 10.97712 -4.58933 -33.11084
v 11.0066 -4.588866 -27.148
v 9.895765 -5.380184 -33.11084
v 10.90424 -5.379773 -33.11084
v 10.97712 -5.360214 -33.11084
v 9.895764 -5.380184 -26.17966
v 9.925647 -5.380182 -26.06813
v 10.90423 -5.379772 -27.18813
v 10.97712 -5.360668 -27.25803
v 11.0066 -5.360677 -27.14799
v 10.93412 -5.379775 -27.0766
v 11.08715 -5.360683 -27.06744
v 11.01576 -5.379781 -26.99496
v 10.00729 -5.380176 -25.98649
v 9.778694 -4.715587 -25.91792
v 9.857088 -4.715593 -25.83953
v 9.857088 -5.233949 -25.83953
v 9.964175 -5.233947 -25.81084
v 9.964176 -4.715595 -25.81084
v 16.03582 -5.233947 -25.81084
v 16.01422 -5.307336 -25.83037
v 9.985781 -5.307336 -25.83037
v 16.14291 -5.233949 -25.83953
v 16.12234 -5.307345 -25.85934
v 16.03582 -4.715595 -25.81084
v 16.14291 -4.715593 -25.83953
v 9.932919 -5.360677 -25.91321
v 9.877655 -5.307345 -25.85934
v 10.04296 -5.360669 -25.88372
v 15.95704 -5.360669 -25.88372
v 15.88118 -5.380169 -25.9566
v 10.11881 -5.380169 -25.9566
v 16.06708 -5.360677 -25.91321
v 15.99271 -5.380176 -25.98648
v 16.14763 -5.360683 -25.99376
v 16.07435 -5.380182 -26.06813
v 14.87271 -5.37979 -26.96507
v 14.98424 -5.379781 -26.99496
v 14.80281 -5.360685 -27.03796
v 14.91285 -5.360683 -27.06744
v 11.12729 -5.37979 -26.96507
v 11.19719 -5.360685 -27.03796
v 9.877656 -4.642198 -25.85934
v 11.26418 -5.23448 -27.11084
v 11.15709 -5.234477 -27.13953
v 11.1386 -5.306849 -27.12029
v 11.24673 -5.30686 -27.09131
v 14.73582 -5.23448 -27.11084
v 11.26418 -4.715572 -27.11084
v 14.75327 -5.30686 -27.09131
v 14.73582 -4.715572 -27.11084
v 14.84291 -5.234477 -27.13953
v 14.84291 -4.715584 -27.13953
v 11.15709 -4.715584 -27.13953
v 14.96953 -5.306838 -27.30757
v 14.96953 -5.306838 -33.11083
v 14.95 -5.233948 -33.11083
v 14.95 -5.234461 -27.32503
v 14.95 -4.715596 -33.11083
v 14.9213 -5.23447 -27.21793
v 14.94056 -5.30684 -27.19944
v 14.95 -4.715596 -27.32503
v 14.96953 -4.642705 -33.11083
v 14.96953 -4.642208 -27.30758
v 14.94055 -4.642198 -27.19945
v 14.9213 -4.715592 -27.21793
v 16.23047 -5.307354 -26.04662
v 16.23047 -5.307354 -33.11083
v 16.17712 -5.360686 -33.11083
v 16.17712 -5.360685 -26.1038
v 16.2015 -5.307352 -25.93849
v 16.23047 -4.642189 -26.04662
v 16.23047 -4.642189 -33.11083
v 16.25 -4.715063 -33.11083
v 16.25 -4.71558 -26.02502
v 16.25 -5.23448 -33.11083
v 16.25 -5.233963 -26.02502
v 16.2213 -5.233955 -25.91792
v 15.02288 -4.58933 -33.11083
v 15.02288 -5.360214 -33.11083
v 15.09576 -4.569771 -33.11083
v 15.09576 -5.379773 -33.11083
v 16.10423 -4.569359 -33.11083
v 16.10423 -5.380184 -33.11083
v 16.17712 -4.588858 -33.11083
v 16.10423 -5.380184 -26.17966
v 15.09576 -5.379772 -27.18813
v 15.02288 -5.360668 -27.25803
v 14.9934 -5.360677 -27.14799
v 15.06588 -5.379775 -27.0766
v 15.02288 -4.588874 -27.25805
v 15.09576 -4.56977 -27.18814
v 15.06588 -4.569768 -27.07661
v 14.99339 -4.588866 -27.148
v 14.91284 -4.58886 -27.06744
v 16.10423 -4.569358 -26.17966
v 16.17712 -4.588857 -26.10381
v 16.07435 -4.569361 -26.06813
v 14.86139 -4.642191 -27.12029
v 16.2213 -4.715587 -25.91792
v 14.8614 -5.306849 -27.12029
v 14.95 -4.77161 -27.07188
v 14.95 -5.177932 -27.07188
v 11.05 -4.771611 -33.11084
v 3.2305 4.667421 -23.99998
v 3.250028 4.740295 -23.99998
v 3.250028 5.259712 -23.99998
v 3.2305 5.332586 -23.99998
v 3.177146 4.614089 -23.99998
v 3.177146 5.385918 -23.99998
v 3.104264 4.594591 -23.99998
v 3.104264 5.405416 -23.99998
v 2.095794 4.595002 -23.99998
v 2.095794 5.405005 -23.99998
v 2.022912 4.614561 -23.99998
v 2.022912 5.385447 -23.99998
v 1.969558 4.667937 -23.99998
v 1.969558 5.332069 -23.99998
v 1.950029 4.740828 -23.99998
v 1.950029 5.25918 -23.99998
v 2.095801 0.4815549 -13.63779
v 2.095795 5.328449 -22.36218
v 3.104266 5.328861 -22.36218
v 3.104271 0.4819664 -13.63779
v 3.177148 5.309059 -22.36164
v 3.177147 5.347488 -22.45081
v 3.104265 5.367139 -22.45108
v 2.095795 5.366727 -22.45108
v 3.104265 5.395161 -22.55616
v 2.095795 5.394749 -22.55616
v 3.177153 0.4627723 -13.63834
v 3.104271 0.4436892 -13.54889
v 3.177153 0.4243435 -13.54916
v 2.095801 0.4432772 -13.54889
v 2.095801 0.4152564 -13.44381
v 3.104271 0.4156684 -13.44381
v 3.177153 0.396211 -13.44388
v 0.7811013 5.250004 -23.95232
v 1.950029 5.203165 -23.99998
v 1.950029 5.250004 -23.95232
v 0.7811013 5.203165 -23.99998
v -0.7810427 5.203165 -23.99998
v -0.7810427 5.250004 -23.95232
v 0.7811013 4.750004 -23.95232
v 1.950031 4.750004 -22.6319
v 1.950029 4.750004 -23.95232
v 0.7811028 4.750004 -22.6319
v 1.950031 4.739829 -22.53581
v -0.7810413 4.750004 -22.6319
v -0.7810427 4.750004 -23.95232
v -1.949971 4.750004 -23.95232
v -1.949969 4.750004 -22.6319
v -0.7810413 4.739828 -22.53581
v -1.949969 4.739828 -22.53581
v 0.7811028 4.739828 -22.53581
v 1.950031 4.71203 -22.42903
v -0.7810411 4.71203 -22.42903
v -1.949969 4.71203 -22.42902
v 0.7811029 4.71203 -22.42903
v 1.950031 4.674057 -22.34017
v -0.781041 4.674057 -22.34016
v -1.949969 4.674057 -22.34016
v -1.949964 -0.1746737 -13.65868
v 0.781103 4.674057 -22.34017
v -0.7810359 -0.1746734 -13.65868
v 0.7811081 -0.1746734 -13.65868
v 1.950036 -0.1746732 -13.65868
v 1.950036 -0.2123371 -13.57056
v -0.7810357 -0.2123374 -13.57056
v -1.949964 -0.2123376 -13.57055
v 0.7811083 -0.2123374 -13.57056
v 1.950036 -0.2399093 -13.46465
v -0.7810357 -0.2399098 -13.46465
v -1.949964 -0.2399098 -13.46465
v 0.7811084 -0.2399095 -13.46465
v 1.950037 -0.2500011 -13.36933
v -0.7810355 -0.2500011 -13.36933
v -1.949964 -0.2500011 -13.36933
v 0.7811084 -0.2500011 -13.36933
v 1.950037 -0.250001 -12.04765
v 0.7811092 -0.250001 -12.04764
v -0.7810347 -0.250001 -12.04764
v -1.949963 -0.250001 -12.04764
v -1.9695 4.667937 -23.99998
v -1.949971 4.740828 -23.99998
v -1.949971 5.25918 -23.99998
v -1.9695 5.332069 -23.99998
v -2.022853 4.614561 -23.99998
v -2.022853 5.385447 -23.99998
v -2.095735 4.595002 -23.99998
v -2.095735 5.405005 -23.99998
v -3.104205 4.594591 -23.99998
v -3.104205 5.405416 -23.99998
v -3.177087 4.614089 -23.99998
v -3.177087 5.385918 -23.99998
v -3.230441 4.667421 -23.99998
v -3.230441 5.332586 -23.99998
v -3.249969 4.740295 -23.99998
v -3.249969 5.259712 -23.99998
v -3.17708 -0.3090564 -13.63833
v -3.230439 4.590067 -22.36074
v -3.230434 -0.2552296 -13.63922
v -3.177086 4.53723 -22.36163
v -3.17708 -0.3474852 -13.54916
v -3.230434 -0.2939054 -13.5496
v -3.177086 4.57566 -22.45081
v -3.230439 4.628743 -22.45036
v -3.230439 4.667421 -22.64925
v -3.249968 4.740295 -22.64925
v -3.230439 4.657057 -22.55596
v -3.249968 4.729881 -22.55587
v -3.249968 5.259712 -22.64925
v -3.230439 5.332586 -22.64925
v -3.249968 5.249298 -22.55587
v -3.249968 4.701429 -22.45002
v -3.249968 5.220846 -22.45002
v -3.177086 5.385918 -22.64925
v -3.104204 5.405416 -22.64925
v -2.095734 5.405005 -22.64925
v -2.022851 5.385447 -22.64925
v -2.095733 5.394749 -22.55615
v -3.104204 5.395161 -22.55615
v -3.177086 5.375621 -22.55608
v -3.177086 5.347488 -22.45081
v -3.104204 5.367139 -22.45108
v -3.249963 0.3374389 -13.6399
v -3.230439 5.255233 -22.36074
v -3.230434 0.4099358 -13.63922
v -3.249968 5.18198 -22.36006
v -3.249963 -0.1819779 -13.6399
v -3.249968 4.662563 -22.36006
v -3.249963 -0.2208425 -13.54994
v -3.230434 -0.322219 -13.444
v -3.249963 -0.2492944 -13.44409
v -2.022851 4.614561 -22.64925
v -2.095734 4.595002 -22.64925
v -2.022851 4.604264 -22.55608
v -3.104204 4.594591 -22.64925
v -2.095733 4.584745 -22.55615
v -2.022851 4.576132 -22.45081
v -2.095733 4.556725 -22.45108
v -3.104204 4.584334 -22.55615
v -3.177086 4.614089 -22.64925
v -3.104204 4.556313 -22.45108
v -3.177086 4.603792 -22.55608
v -2.095733 4.518448 -22.36218
v -3.104203 4.518036 -22.36218
v -2.095728 -0.328447 -13.63779
v -3.104198 -0.328859 -13.63778
v -2.095728 -0.3667246 -13.54888
v -3.104198 -0.3671361 -13.54888
v -2.095728 -0.3947459 -13.4438
v -3.104198 -0.395157 -13.4438
v -3.17708 -0.3756176 -13.44388
v -1.949964 -0.1814448 -13.6399
v -1.969498 4.590582 -22.36074
v -1.969493 -0.2547132 -13.63922
v -1.949969 4.663095 -22.36006
v -1.949964 0.3369077 -13.6399
v -1.949969 5.181448 -22.36006
v -1.969493 0.4094199 -13.63922
v -1.969498 5.254716 -22.36074
v -1.949969 4.701962 -22.45002
v -1.949969 5.220314 -22.45002
v -1.969498 4.629259 -22.45036
v -1.949969 4.730413 -22.55587
v -1.949969 5.248766 -22.55587
v -1.969498 5.332069 -22.64925
v -1.949969 5.25918 -22.64925
v -1.949969 4.740828 -22.64925
v -1.969498 4.667937 -22.64925
v -1.969498 4.657574 -22.55596
v 3.230506 -0.2552296 -13.63922
v 3.230501 4.590067 -22.36075
v 3.177148 4.53723 -22.36164
v 3.177153 -0.3090564 -13.63834
v 3.177147 4.57566 -22.45081
v 3.230501 4.628743 -22.45036
v 3.177153 -0.3474852 -13.54916
v 3.230506 -0.2939054 -13.54961
v 3.230506 0.4099358 -13.63922
v 3.230501 5.255233 -22.36075
v 3.25003 5.18198 -22.36007
v 3.250035 0.3374389 -13.63991
v 3.25003 4.662563 -22.36007
v 3.250035 -0.1819779 -13.63991
v 3.25003 4.701429 -22.45003
v 3.25003 5.220846 -22.45003
v 3.230501 4.657057 -22.55597
v 3.25003 4.729881 -22.55588
v 3.250035 -0.2208425 -13.54994
v 3.250035 -0.2492944 -13.44409
v 3.230506 -0.322219 -13.444
v 1.969565 -0.2547132 -13.63922
v 1.96956 4.590582 -22.36075
v 1.950031 4.663095 -22.36006
v 1.950036 -0.1814448 -13.63991
v 1.950031 5.181448 -22.36006
v 1.950036 0.3369077 -13.63991
v 1.96956 5.254716 -22.36075
v 1.969565 0.4094199 -13.63922
v 1.950031 5.220314 -22.45003
v 1.950031 4.701962 -22.45003
v 1.96956 4.629259 -22.45036
v 1.950031 5.248766 -22.55588
v 1.950031 4.730413 -22.55588
v -1.969491 0.3320655 -11.99998
v -1.969491 -0.3320675 -11.99998
v -1.969492 -0.3320676 -13.35071
v -2.022846 -0.3854429 -13.35071
v -0.7810347 0.249999 -12.04764
v -1.949963 0.249999 -12.04764
v -0.7810347 0.2031598 -11.99998
v 0.7811093 0.2031598 -11.99998
v 0.7811092 0.249999 -12.04764
v 3.230507 0.3325819 -11.99998
v 3.230507 -0.3325835 -11.99998
v -3.17708 -0.3859154 -13.35071
v -3.230434 -0.3325835 -13.35071
v 2.022918 -0.3854429 -13.35071
v 1.969565 -0.3320676 -13.35071
v 2.022918 0.3854412 -13.35071
v 1.969565 0.3320655 -13.35071
v 2.022918 0.3957385 -13.44388
v 1.969565 0.342429 -13.444
v 2.022918 0.4238709 -13.54916
v 1.969565 0.3707427 -13.54961
v 3.177153 -0.3859154 -13.35071
v 3.104271 -0.4054137 -13.35071
v 2.095801 -0.4050022 -13.35071
v 2.095801 -0.3947459 -13.44381
v 3.104271 -0.395157 -13.44381
v 3.177153 -0.3756176 -13.44388
v 3.230506 -0.3325835 -13.35071
v 3.250035 -0.2597095 -13.35071
v 3.250035 0.2597073 -13.35071
v 3.250035 0.2701224 -13.44409
v 3.230506 0.3325819 -13.35071
v 3.230506 0.342945 -13.444
v 3.177153 0.3859133 -13.35071
v 3.104271 0.4054116 -13.35071
v 2.095801 0.4050001 -13.35071
v 1.950037 -0.2591773 -13.35071
v 1.950037 0.2591752 -13.35071
v 1.950036 0.2695888 -13.44409
v 1.950036 -0.2487637 -13.44409
v 1.950036 0.2980412 -13.54994
v 3.230506 0.3712586 -13.54961
v -1.949971 4.796843 -23.99998
v -1.949971 5.203165 -23.99998
v -0.7810427 4.796843 -23.99998
v 0.7811013 4.796843 -23.99998
v -2.022846 0.3854412 -13.35071
v -1.969492 0.3320655 -13.35071
v -1.969492 0.342429 -13.444
v -2.022846 0.3957385 -13.44388
v -1.969492 0.3707427 -13.54961
v -2.022846 0.4238709 -13.54916
v -3.104198 -0.4054137 -13.35071
v -2.095728 -0.4050022 -13.35071
v -3.249963 -0.2597095 -13.35071
v -3.249963 0.2597073 -13.35071
v -3.230434 0.3325819 -13.35071
v -3.230434 0.342945 -13.444
v -3.249963 0.2701224 -13.44409
v -3.17708 0.3859133 -13.35071
v -3.104198 0.4054116 -13.35071
v -2.095728 0.4050001 -13.35071
v -2.095728 0.4152564 -13.4438
v -3.104198 0.4156684 -13.4438
v -3.17708 0.396211 -13.44388
v -1.949964 -0.2591773 -13.35071
v -1.949964 0.2591752 -13.35071
v -1.949964 -0.2487637 -13.44409
v -1.949964 0.2695888 -13.44409
v -1.949964 0.2980412 -13.54994
v -3.17708 0.4243435 -13.54916
v -3.230434 0.3712586 -13.5496
v 0.7811093 -0.2031618 -11.99998
v -0.7810347 -0.2031618 -11.99998
v 3.177147 4.614089 -22.64926
v 3.230501 4.667421 -22.64926
v 3.177147 4.603792 -22.55609
v 2.095795 5.405005 -22.64926
v 2.022913 5.385447 -22.64926
v 3.104265 5.405416 -22.64926
v 3.177147 5.385918 -22.64926
v 3.177147 5.375621 -22.55609
v 1.96956 5.332069 -22.64926
v 1.950031 5.25918 -22.64926
v 1.950031 4.740828 -22.64926
v 1.96956 4.667937 -22.64926
v 1.96956 4.657574 -22.55597
v 3.25003 5.259712 -22.64926
v 3.230501 5.332586 -22.64926
v 3.25003 4.740295 -22.64926
v 3.25003 5.249298 -22.55588
v 2.022913 4.614561 -22.64926
v 2.022913 4.604264 -22.55609
v 2.022913 4.576132 -22.45081
v 2.095795 4.595002 -22.64926
v 3.104265 4.594591 -22.64926
v 3.104265 4.584334 -22.55616
v 2.095795 4.584745 -22.55616
v 2.095795 4.556725 -22.45108
v 3.104265 4.556313 -22.45108
v 3.104266 4.518036 -22.36218
v 2.095795 4.518448 -22.36218
v 3.104271 -0.328859 -13.63779
v 2.095801 -0.3284475 -13.63779
v 3.104271 -0.3671361 -13.54889
v 2.095801 -0.3667251 -13.54889
v -3.177086 5.309059 -22.36163
v -3.104203 5.328861 -22.36218
v -3.17708 0.4627723 -13.63833
v -3.104198 0.4819664 -13.63778
v -2.095733 5.328449 -22.36218
v -2.095728 0.4815553 -13.63779
v -3.104198 0.4436892 -13.54888
v -2.095728 0.4432777 -13.54888
v -2.095733 5.366727 -22.45108
v -2.022851 5.308586 -22.36163
v -2.022846 0.4623007 -13.63833
v -2.022851 5.347015 -22.45081
v -2.022851 5.375149 -22.55608
v -3.230439 5.293909 -22.45036
v -3.230439 5.322223 -22.55596
v -2.022851 4.537703 -22.36163
v -2.022846 -0.3085834 -13.63833
v -2.022846 -0.3470131 -13.54916
v -2.022846 -0.375146 -13.44388
v -1.969492 -0.2933904 -13.54961
v -1.969498 5.293392 -22.45036
v -1.969498 5.321707 -22.55596
v 3.230501 5.293909 -22.45036
v 3.230501 5.322223 -22.55597
v 2.022913 4.537703 -22.36163
v 2.022918 -0.3085834 -13.63834
v 2.022918 -0.3470131 -13.54916
v 2.022918 -0.375146 -13.44388
v 1.969565 -0.2933904 -13.54961
v 1.96956 5.293392 -22.45036
v 1.96956 5.321707 -22.55597
v 2.022913 5.347016 -22.45081
v 2.022913 5.308586 -22.36163
v 2.022918 0.4623007 -13.63834
v 2.022913 5.375149 -22.55609
v 1.950036 -0.2203113 -13.54994
v 1.969565 -0.321704 -13.444
v 3.250035 0.2985743 -13.54994
v -3.249963 0.2985743 -13.54994
v -1.969492 -0.321704 -13.444
v -1.949964 -0.2203113 -13.54994
v -1.949969 5.250004 -22.6319
v -1.949971 5.250004 -23.95232
v -0.7810413 5.250004 -22.6319
v -1.949969 5.239828 -22.53581
v 0.7811028 5.250004 -22.6319
v 1.950031 5.250004 -22.6319
v 0.7811028 5.239828 -22.53581
v 1.950031 5.239828 -22.53581
v -0.7810413 5.239828 -22.53581
v -1.949969 5.21203 -22.42902
v 0.7811029 5.21203 -22.42903
v 1.950031 5.21203 -22.42903
v -0.7810411 5.21203 -22.42903
v -1.949969 5.174057 -22.34016
v 0.781103 5.174057 -22.34017
v 1.950031 5.174057 -22.34017
v 1.950036 0.3253263 -13.65868
v -0.781041 5.174057 -22.34016
v 0.7811081 0.3253268 -13.65868
v -0.7810359 0.3253268 -13.65868
v -1.949964 0.3253268 -13.65868
v -1.949964 0.2876629 -13.57055
v 0.7811083 0.2876629 -13.57056
v 1.950036 0.2876624 -13.57056
v -0.7810357 0.2876629 -13.57056
v -1.949964 0.2600907 -13.46465
v 0.7811084 0.2600907 -13.46465
v 1.950036 0.2600902 -13.46465
v -0.7810357 0.2600907 -13.46465
v -1.949964 0.2499989 -13.36933
v 0.7811084 0.2499989 -13.36933
v 1.950037 0.2499989 -13.36933
v -0.7810355 0.2499989 -13.36933
v 1.950037 0.249999 -12.04765
v 1.950029 4.796843 -23.99998
v -1E-08 -3.767406 -25.3952
v -0.6339144 -3.767406 -25.5213
v -0.6516991 -1.766558 -25.47836
v -1E-08 -1.766558 -25.34873
v 0.6339144 -3.767406 -25.5213
v -1E-08 -4.16092 -25.45939
v 0.6093523 -4.16092 -25.5806
v -1E-08 2.138876 -25.34873
v -0.6516991 2.138876 -25.47836
v -0.6339144 4.139725 -25.5213
v 0.6516991 -1.766558 -25.47836
v 0.6516991 2.138876 -25.47836
v -1E-08 4.139725 -25.3952
v -1E-08 4.533237 -25.45939
v -0.6093523 4.533237 -25.5806
v 1.171321 -3.767406 -25.88039
v 1.125936 -4.16092 -25.92577
v 1.204183 -1.766558 -25.84752
v 1.204183 2.138876 -25.84752
v 0.6339144 4.139725 -25.5213
v 1.171321 4.139725 -25.88039
v 1.125936 4.533237 -25.92577
v 0.6093523 4.533237 -25.5806
v -1.171321 -3.767406 -25.88039
v -1.530404 -3.767406 -26.41779
v -1.573341 -1.766558 -26.40001
v -1.204183 -1.766558 -25.84752
v -1.204183 2.138876 -25.84752
v -1.573341 2.138876 -26.40001
v -1.530404 4.139725 -26.41779
v -1.171321 4.139725 -25.88039
v -1.125936 4.533237 -25.92577
v -1.471106 4.533237 -26.44235
v -1.656498 4.139725 -27.0517
v -1.592314 4.533237 -27.0517
v -1.530404 -3.767406 -27.68562
v -1.171321 -3.767406 -28.22302
v -1.204183 -1.766558 -28.25589
v -1.573341 -1.766558 -27.7034
v -1.656498 -3.767406 -27.0517
v -1.471106 -4.16092 -27.66106
v -1.592314 -4.16092 -27.0517
v -1.573341 2.138876 -27.7034
v -1.204183 2.138876 -28.25589
v -1.171321 4.139724 -28.22302
v -1.702972 -1.766558 -27.0517
v -1.702972 2.138876 -27.0517
v -1.530404 4.139724 -27.68562
v -1.471106 4.533236 -27.66106
v -1.125936 4.533236 -28.17764
v -1.471106 -4.16092 -26.44235
v -0.6339144 4.139724 -28.58211
v -0.6516991 2.138876 -28.62505
v -0.6516991 -1.766558 -28.62505
v -0.6339144 -3.767406 -28.58211
v -0.6093523 -4.16092 -28.52281
v -1.125936 -4.16092 -28.17764
v -1E-08 -4.16092 -28.64402
v -1E-08 -3.767406 -28.70821
v -1E-08 -1.766558 -28.75468
v -1E-08 2.138876 -28.75468
v -1E-08 4.139724 -28.70821
v -0.6093523 4.533236 -28.52281
v -1E-08 4.533236 -28.64402
v 0.6093523 -4.16092 -28.52281
v 0.6339144 -3.767406 -28.58211
v 0.6516991 -1.766558 -28.62505
v 0.6516991 2.138876 -28.62505
v 1.204183 -1.766558 -28.25589
v 0.6339144 4.139724 -28.58211
v 1.171321 4.139724 -28.22302
v 0.6093523 4.533236 -28.52281
v 1.125936 4.533236 -28.17764
v 1.204183 2.138876 -28.25589
v 1.530404 4.139724 -27.68562
v 1.471106 4.533236 -27.66106
v 1.573341 2.138876 -27.7034
v 1.573341 -1.766558 -27.7034
v 1.171321 -3.767406 -28.22302
v 1.530404 -3.767406 -27.68562
v 1.471106 -4.16092 -27.66106
v 1.125936 -4.16092 -28.17764
v 1.016368 -4.323918 -28.06807
v 0.5500543 -4.323918 -28.37965
v -1E-08 -4.323918 -28.48907
v -0.5500543 -4.323918 -28.37965
v -1.016368 -4.323918 -28.06807
v 1.327948 -4.323918 -27.60176
v -1.327948 -4.323918 -27.60176
v 1.437361 -4.323918 -27.0517
v 1.592314 -4.16092 -27.0517
v -1.437361 -4.323918 -27.0517
v 1.327948 -4.323918 -26.50165
v 1.471106 -4.16092 -26.44235
v -1.327948 -4.323918 -26.50165
v 1.016368 -4.323918 -26.03534
v 0.5500543 -4.323918 -25.72375
v -1.016368 -4.323918 -26.03534
v -1E-08 -4.323918 -25.61434
v -0.5500543 -4.323918 -25.72375
v -0.6093523 -4.16092 -25.5806
v -1.125936 -4.16092 -25.92577
v 1.016368 4.696236 -28.06807
v 1.327948 4.696236 -27.60176
v -1.327948 4.696236 -27.60176
v -1.016368 4.696236 -28.06807
v 0.5500543 4.696236 -28.37965
v -1E-08 4.696236 -28.48907
v -0.5500543 4.696236 -28.37965
v -1.437361 4.696237 -27.0517
v 1.437361 4.696237 -27.0517
v 1.592314 4.533237 -27.0517
v -1.327948 4.696237 -26.50165
v 1.327948 4.696237 -26.50165
v 1.471106 4.533237 -26.44235
v -1.016368 4.696237 -26.03534
v -0.5500543 4.696237 -25.72375
v 1.016368 4.696237 -26.03534
v -1E-08 4.696237 -25.61434
v 0.5500543 4.696237 -25.72375
v 1.656498 -3.767406 -27.0517
v 1.702972 -1.766558 -27.0517
v 1.702972 2.138876 -27.0517
v 1.573341 -1.766558 -26.40001
v 1.656498 4.139725 -27.0517
v 1.530404 4.139725 -26.41779
v 1.573341 2.138876 -26.40001
v 1.530404 -3.767406 -26.41779
v 0.01379988 -3.824368 -28.83667
v 0.01379987 -3.28873 -28.58739
v -0.5738792 -3.28873 -28.47049
v -0.6692761 -3.824368 -28.7008
v 0.01379988 -4.115722 -29.11296
v -1.072089 -3.28873 -28.1376
v -0.7750087 -4.115722 -28.95605
v 0.01379987 -4.46875 -29.58986
v -0.9575101 -4.46875 -29.39665
v -1.24836 -3.824368 -28.31387
v -1.404983 -3.28873 -27.63938
v -1.635291 -3.824368 -27.73478
v -1.443728 -4.115722 -28.50923
v -1.780947 -4.46875 -28.84645
v -1.890552 -4.115722 -27.84052
v -1.771164 -3.824368 -27.0517
v -2.33115 -4.46875 -28.02301
v -2.047456 -4.115721 -27.0517
v -2.524355 -4.468749 -27.0517
v -1.52188 -3.28873 -27.0517
v -1.404983 -3.28873 -26.46403
v -1.635291 -3.824368 -26.36863
v -1.072089 -3.28873 -25.96581
v -1.890552 -4.115721 -26.26289
v -2.33115 -4.468749 -26.0804
v -1.24836 -3.824368 -25.78954
v -0.5738792 -3.28873 -25.63292
v -1.443728 -4.115721 -25.59418
v -1.780947 -4.468749 -25.25696
v -0.6692761 -3.824368 -25.40261
v 0.01379987 -3.28873 -25.51602
v 0.01379988 -3.824368 -25.26674
v -0.7750087 -4.115721 -25.14735
v -0.9575101 -4.468749 -24.70676
v 0.01379988 -4.115721 -24.99045
v 0.01379987 -4.468749 -24.51355
v 0.6014789 -3.28873 -25.63292
v 0.6968759 -3.824368 -25.40261
v 1.099689 -3.28873 -25.96581
v 0.8026084 -4.115721 -25.14735
v 0.9851099 -4.468749 -24.70676
v 1.27596 -3.824368 -25.78954
v 1.432582 -3.28873 -26.46403
v 1.471328 -4.115721 -25.59418
v 1.808547 -4.468749 -25.25696
v 1.662891 -3.824368 -26.36863
v 1.549479 -3.28873 -27.0517
v 1.798764 -3.824368 -27.0517
v 1.918152 -4.115721 -26.26289
v 2.358749 -4.468749 -26.0804
v 2.075056 -4.115721 -27.0517
v 2.551955 -4.468749 -27.0517
v 1.432582 -3.28873 -27.63938
v 1.662891 -3.824368 -27.73478
v 1.099689 -3.28873 -28.1376
v 1.918152 -4.115722 -27.84052
v 2.358749 -4.46875 -28.02301
v 1.27596 -3.824368 -28.31387
v 0.6014789 -3.28873 -28.47049
v 1.471328 -4.115722 -28.50923
v 1.808547 -4.46875 -28.84645
v 0.6968759 -3.824368 -28.7008
v 0.8026084 -4.115722 -28.95605
v 0.9851099 -4.46875 -29.39665
v 0.01379988 4.188052 -25.26674
v 0.01379987 3.652414 -25.51602
v -0.5738792 3.652414 -25.63292
v -0.6692761 4.188052 -25.40261
v 0.01379988 4.479405 -24.99045
v -1.072089 3.652414 -25.96581
v -0.7750087 4.479405 -25.14735
v 0.01379987 4.832434 -24.51355
v -0.9575101 4.832434 -24.70676
v -1.24836 4.188052 -25.78954
v -1.404983 3.652415 -26.46403
v -1.635291 4.188053 -26.36863
v -1.443728 4.479406 -25.59418
v -1.780947 4.832434 -25.25696
v -1.890552 4.479406 -26.26289
v -1.771164 4.188053 -27.0517
v -2.33115 4.832434 -26.0804
v -2.047456 4.479406 -27.0517
v -2.524355 4.832435 -27.0517
v -1.52188 3.652415 -27.0517
v -1.404983 3.652415 -27.63938
v -1.635291 4.188053 -27.73478
v -1.072089 3.652415 -28.1376
v -1.890552 4.479406 -27.84052
v -2.33115 4.832434 -28.02301
v -1.24836 4.188053 -28.31387
v -0.5738792 3.652415 -28.47049
v -1.443728 4.479407 -28.50923
v -1.780947 4.832434 -28.84645
v -0.6692761 4.188054 -28.7008
v 0.01379987 3.652415 -28.58739
v 0.01379988 4.188054 -28.83667
v -0.7750087 4.479407 -28.95605
v -0.9575101 4.832435 -29.39665
v 0.01379988 4.479407 -29.11296
v 0.01379987 4.832435 -29.58986
v 0.6014789 3.652415 -28.47049
v 0.6968759 4.188054 -28.7008
v 1.099689 3.652415 -28.1376
v 0.8026084 4.479407 -28.95605
v 0.9851099 4.832435 -29.39665
v 1.27596 4.188053 -28.31387
v 1.432582 3.652415 -27.63938
v 1.471328 4.479407 -28.50923
v 1.808547 4.832434 -28.84645
v 1.662891 4.188053 -27.73478
v 1.549479 3.652415 -27.0517
v 1.798764 4.188053 -27.0517
v 1.918152 4.479406 -27.84052
v 2.358749 4.832434 -28.02301
v 2.075056 4.479406 -27.0517
v 2.551955 4.832435 -27.0517
v 1.432582 3.652415 -26.46403
v 1.662891 4.188053 -26.36863
v 1.099689 3.652414 -25.96581
v 1.918152 4.479406 -26.26289
v 2.358749 4.832434 -26.0804
v 1.27596 4.188052 -25.78954
v 0.6014789 3.652414 -25.63292
v 1.471328 4.479406 -25.59418
v 1.808547 4.832434 -25.25696
v 0.6968759 4.188052 -25.40261
v 0.8026084 4.479405 -25.14735
v 0.9851099 4.832434 -24.70676

vt 0.713808 0.183079
vt 0.265527 0.139059
vt 0.288508 0.030572
vt 0.26574 0.138886
vt 0.288685 0.030378
vt 0.713642 0.200614
vt 0.71357 0.184516
vt 0.713562 0.18165
vt 0.713636 0.199302
vt 0.713656 0.202041
vt 0.713656 0.201984
vt 0.71357 0.184465
vt 0.713803 0.182578
vt 0.714039 0.183092
vt 0.71405 0.18164
vt 0.714033 0.184534
vt 0.714033 0.184482
vt 0.713835 0.200492
vt 0.283868 0.22958
vt 0.239685 0.141455
vt 0.283994 0.229368
vt 0.284001 0.229368
vt 0.713919 0.201124
vt 0.272694 0.105935
vt 0.273748 0.107598
vt 0.269856 0.125916
vt 0.26694 0.139642
vt 0.266785 0.140373
vt 0.265391 0.146933
vt 0.264792 0.149754
vt 0.263467 0.15599
vt 0.506889 0.094706
vt 0.510001 0.080059
vt 0.509838 0.080826
vt 0.512094 0.070206
vt 0.511465 0.073169
vt 0.509909 0.080492
vt 0.512486 0.068361
vt 0.513486 0.063656
vt 0.51421 0.060246
vt 0.512503 0.068283
vt 0.264403 0.151584
vt 0.262777 0.159237
vt 0.262198 0.161964
vt 0.276111 0.096475
vt 0.503076 0.112653
vt 0.500833 0.123215
vt 0.498389 0.134716
vt 0.498441 0.134472
vt 0.68573 0.192518
vt 0.681756 0.211226
vt 0.689851 0.173122
vt 0.679876 0.220076
vt 0.677871 0.229514
vt 0.677758 0.230045
vt 0.685739 0.192477
vt 0.692104 0.162518
vt 0.692138 0.162359
vt 0.694824 0.149712
vt 0.694907 0.149323
vt 0.276068 0.096676
vt 0.27897 0.083016
vt 0.279078 0.082508
vt 0.4983 0.135137
vt 0.679892 0.219999
vt 0.677927 0.229248
vt 0.279124 0.082291
vt 0.514819 0.057381
vt 0.514925 0.193163
vt 0.514925 0.262952
vt 0.514925 0.099291
vt 0.514925 0.029502
vt 0.514925 0.03246
vt 0.514925 0.102249
vt 0.514925 0.18812
vt 0.514925 0.233032
vt 0.514925 0.243125
vt 0.514925 0.247863
vt 0.514925 0.178074
vt 0.514925 0.092203
vt 0.514925 0.047291
vt 0.514925 0.037197
vt 0.514925 0.014414
vt 0.514925 0.26591
vt 0.519085 0.104749
vt 0.519085 0.220309
vt 0.519085 0.219287
vt 0.519085 0.102315
vt 0.519085 0.220684
vt 0.519085 0.343378
vt 0.519085 0.343733
vt 0.519085 0.108877
vt 0.519085 0.342409
vt 0.519085 0.217891
vt 0.519085 0.341085
vt 0.519085 0.216494
vt 0.519085 0.339761
vt 0.519085 0.215472
vt 0.519085 0.338792
vt 0.519085 0.338437
vt 0.519085 0.195824
vt 0.519085 0.194983
vt 0.519085 0.196132
vt 0.519085 0.191844
vt 0.519085 0.193834
vt 0.519085 0.192685
vt 0.519085 0.016219
vt 0.714885 0.182318
vt 0.714885 0.181804
vt 0.715121 0.182342
vt 0.715046 0.199922
vt 0.715039 0.200177
vt 0.715124 0.182593
vt 0.266679 0.137181
vt 0.287723 0.031211
vt 0.714724 0.199859
vt 0.714731 0.200113
vt 0.714858 0.19852
vt 0.714847 0.20098
vt 0.714848 0.18334
vt 0.714922 0.180992
vt 0.714651 0.182602
vt 0.714752 0.18357
vt 0.715016 0.181119
vt 0.714771 0.201156
vt 0.715019 0.183516
vt 0.714755 0.181172
vt 0.239096 0.142459
vt 0.28387 0.227955
vt 0.284003 0.227741
vt 0.2395 0.142092
vt 0.283996 0.228229
vt 0.284003 0.228229
vt 0.266423 0.137708
vt 0.714994 0.199004
vt 0.715015 0.203475
vt 0.714691 0.196562
vt 0.715004 0.201015
vt 0.715016 0.183212
vt 0.714631 0.178982
vt 0.714748 0.203179
vt 0.714665 0.1857
vt 0.715106 0.185701
vt 0.715079 0.196564
vt 0.71514 0.17898
vt 0.28775 0.031597
vt 0.51864 0.253202
vt 0.51864 0.105265
vt 0.51864 0.199711
vt 0.51864 0.23224
vt 0.51864 0.26671
vt 0.51864 0.269746
vt 0.51864 0.227661
vt 0.51864 0.221943
vt 0.373512 0.167116
vt 0.373512 0.175268
vt 0.373512 0.169217
vt 0.373512 0.202191
vt 0.373512 0.27373
vt 0.373512 0.308805
vt 0.373512 0.171215
vt 0.373512 0.176333
vt 0.373512 0.174287
vt 0.373512 0.18062
vt 0.51864 0.267202
vt 0.51864 0.264025
vt 0.373512 0.341158
vt 0.373512 0.306083
vt 0.51864 0.029982
vt 0.51864 0.159441
vt 0.373512 0.136326
vt 0.51864 0.278224
vt 0.51864 0.284339
vt 0.51864 0.270587
vt 0.51864 0.214992
vt 0.51864 0.208631
vt 0.51864 0.170761
vt 0.373512 0.125957
vt 0.373512 0.120483
vt 0.373512 0.132793
vt 0.373512 0.131651
vt 0.373512 0.118725
vt 0.373512 0.074431
vt 0.373512 0.081663
vt 0.373512 0.087356
vt 0.373512 0.088499
vt 0.240028 0.141022
vt 0.25 0.237647
vt 0.249882 0.237647
vt 0.25 0.238263
vt 0.249882 0.238263
vt 0.249998 0.23853
vt 0.250233 0.23853
vt 0.249412 0.237647
vt 0.249412 0.238263
vt 0.24941 0.23853
vt 0.250941 0.237647
vt 0.250941 0.238263
vt 0.250821 0.23853
vt 0.250747 0.237396
vt 0.25032 0.237481
vt 0.250832 0.236969
vt 0.250108 0.236969
vt 0.249945 0.237294
vt 0.249168 0.237269
vt 0.249168 0.236969
vt 0.249892 0.236969
vt 0.174841 0.193341
vt 0.175076 0.193341
vt 0.174841 0.192934
vt 0.175076 0.192934
vt 0.175546 0.193341
vt 0.175546 0.192934
vt 0.176016 0.193341
vt 0.176016 0.192934
vt 0.176604 0.193341
vt 0.176604 0.192934

vn 4.361688E-06 0 -1
vn 1.539985E-07 -0.9259305 -0.3776938
vn -4.362296E-10 -0.9999999 0.0005349006
vn 3.077524E-10 -0.9999999 -0.000522434
vn -1.567914E-07 -0.9255307 0.3786726
vn 3.763517E-07 0.386687 -0.922211
vn 7.527035E-07 -0.386687 -0.922211
vn -0.1293951 -0.9898364 -0.05899855
vn -0.0970353 -0.994421 -0.04136455
vn -0.4393467 -0.8761989 -0.198116
vn -0.4831874 -0.8487847 -0.2146963
vn 0.09782688 -0.9943287 0.04171666
vn 0.130176 -0.9897138 0.0593361
vn 0.4398813 -0.8758753 0.1983606
vn 0.4836724 -0.848454 0.2149115
vn -0.1298769 -0.9906787 -0.04108204
vn 0.1304474 -0.9905959 0.04127035
vn 0.4912188 -0.8571339 0.1550015
vn -0.4915585 -0.8569265 -0.1550719
vn -0.4972655 -0.8633934 -0.08531641
vn -0.130061 -0.9912531 -0.02239072
vn 0.4920604 -0.8566102 0.1552273
vn 0.1306602 -0.9905648 0.04134443
vn 0.497776 -0.8630905 0.08540425
vn 0.1308467 -0.9911463 0.0225407
vn -0.1299401 -0.9912693 -0.02237737
vn 0.1047689 -0.9944824 0.00531061
vn -0.1301009 -0.9914789 -0.006578336
vn 0.1309189 -0.9913931 6.673699E-08
vn 0.499988 -0.8656645 0.02523622
vn 0.5002605 -0.8658749 2.550118E-07
vn -0.1301315 -0.9914967 -6.63356E-08
vn -0.4997489 -0.8661704 -2.54751E-07
vn -0.4994095 -0.8660008 -0.02515305
vn -0.496783 -0.8636824 -0.08520203
vn -0.4907205 -0.8574477 -0.1548446
vn 0.1303304 0.9897743 0.05797226
vn 0.4837146 0.8484386 0.214877
vn 0.4841565 0.8481295 0.2151022
vn -0.12943 0.9899161 -0.05756717
vn -0.129709 0.9907025 -0.0410387
vn 0.1307072 0.9905581 0.04135592
vn -0.1299845 0.9912633 -0.0223839
vn 0.1308929 0.9911404 0.02253632
vn -0.1295481 0.9898973 -0.05762481
vn -0.4832288 0.8487701 -0.2146607
vn -0.4836724 0.8484595 -0.2148896
vn 0.1304936 0.9905891 0.04128665
vn -4.434603E-07 0 1
vn -0.4997475 0.8661711 -2.236581E-07
vn -0.8659686 0.5000983 -2.942896E-07
vn -0.8650471 0.4998055 -0.04345196
vn -0.4994455 0.8659785 -0.02520616
vn -0.865968 -0.5000995 -3.253815E-07
vn -0.8650541 -0.4997994 -0.04338177
vn -4.498115E-07 -0.3866871 0.922211
vn -3.821526E-07 0.3866872 0.922211
vn -0.1301308 0.9914968 -6.633524E-08
vn -0.1301168 0.9914767 -0.006590502
vn 0.1309196 0.991393 6.673734E-08
vn 0.1309218 0.9913706 0.00662158
vn -0.4968837 0.86362 -0.08524688
vn 0.5002611 0.8658746 2.550121E-07
vn 0.5000287 0.8656424 0.02518961
vn 0.8660847 0.4998973 4.414937E-07
vn 0.8652223 0.4995074 0.04339062
vn 0.8565021 0.4949902 0.1462493
vn 0.4978833 0.8630292 0.08539771
vn 0.8347261 0.4840668 0.2625102
vn 0.492158 0.856544 0.1552833
vn 0.8660842 -0.4998983 4.839723E-07
vn 0.9902326 -0.1303157 0.04956973
vn 0.8652235 -0.4994988 0.04346586
vn 0.9914461 -0.1305162 6.738636E-07
vn 0.9902272 0.13037 0.0495356
vn 0.9776349 -0.1285041 0.1664833
vn 0.9776192 0.1286473 0.1664649
vn 0.9914459 0.1305179 6.324768E-07
vn 0.8565109 -0.4949634 0.1462882
vn 0.8347494 -0.4840452 0.2624759
vn -1.567304E-07 0.9255307 0.3786725
vn 1.539988E-07 0.9259304 -0.3776942
vn -0.4994753 -0.8659613 -0.02520942
vn -0.9902289 -0.1303432 -0.0495717
vn -0.9914423 -0.1305454 -4.211633E-07
vn -0.9902236 0.1303958 -0.04953791
vn -0.9914423 0.1305452 -4.211633E-07
vn -0.9776308 -0.1285314 -0.1664864
vn -0.9776152 0.1286739 -0.1664675
vn -0.8563859 0.4951966 -0.146231
vn -0.4995135 0.8659406 -0.02516309
vn -0.4973703 0.8633338 -0.08530928
vn -0.130106 0.991247 -0.02240099
vn 0.4999593 0.8656812 0.0252326
vn 0.4973919 0.8633188 0.08533355
vn 0.4913195 0.8570755 0.1550055
vn 0.8560921 0.4957103 0.1462108
vn 0.834058 0.4853443 0.2622747
vn 0.9775684 0.1290218 0.1664732
vn 0.8651708 -0.4995971 0.04338617
vn 0.8561093 -0.4956898 0.14618
vn 0.4972911 -0.8633813 0.08528913
vn 0.8340634 -0.4853145 0.2623132
vn -0.1039745 -0.994566 -0.005262127
vn 0.1308887 -0.991375 0.006618249
vn -0.8559794 0.4959102 -0.1461933
vn -0.977565 0.1290466 -0.1664743
vn -0.83395 0.4855495 -0.2622385
vn -0.9466092 0.1252383 -0.2970629
vn -0.8559972 -0.4958891 -0.1461603
vn -0.9466214 -0.1250966 -0.297084
vn -0.8339553 -0.4855191 -0.262278
vn -0.9075983 0.1200481 -0.4023105
vn -0.9075919 -0.1199943 -0.4023409
vn -0.8563941 -0.4951707 -0.1462707
vn -0.8346397 -0.4842525 -0.2624427
vn -0.8064923 -0.4707262 -0.3577527
vn -0.8236874 -0.424826 -0.3755821
vn -0.9467047 -0.1244455 -0.2970917
vn -0.9011371 -0.1426586 -0.4093903
vn -0.9076266 0.1196889 -0.4023539
vn -0.8064635 0.4707263 -0.3578174
vn -0.8061343 0.4714433 -0.3576154
vn -0.8346159 0.4842755 -0.2624757
vn -0.9466828 0.1245845 -0.2971036
vn -0.4916566 0.8568602 -0.1551269
vn -0.4908222 0.8573887 -0.1548493
vn 0.8062344 0.4712372 0.3576614
vn 0.8065636 0.4705212 0.3578615
vn 0.9466114 0.1252112 0.2970675
vn 0.9076008 0.1200234 0.4023123
vn 0.9076291 0.1196631 0.4023557
vn 0.9075943 -0.1199693 0.4023432
vn 0.946686 0.1245587 0.297104
vn 0.8062186 -0.4712134 0.3577284
vn 0.806592 -0.4705209 0.3577978
vn 0.946708 -0.1244192 0.2970923
vn 0.9466234 -0.1250705 0.2970884
vn 0.1307271 -0.9911631 0.02249813
vn 0.1293957 -0.9898363 -0.05899832
vn 0.4831876 -0.848785 -0.2146947
vn 0.439346 -0.8761995 -0.1981149
vn 0.09703607 -0.9944209 -0.04136447
vn -0.09782658 -0.9943287 0.04171646
vn -0.1301751 -0.9897139 0.05933581
vn -0.4398827 -0.8758746 0.1983608
vn -0.4836732 -0.8484535 0.2149117
vn 0.1298777 -0.9906786 -0.04108217
vn -0.1304472 -0.9905959 0.04127041
vn -0.4912188 -0.8571339 0.1550015
vn 0.4915605 -0.8569253 -0.1550719
vn 0.4972665 -0.8633931 -0.08531422
vn 0.1300617 -0.9912531 -0.0223904
vn -0.492058 -0.8566114 0.1552283
vn -0.130661 -0.9905647 0.04134465
vn -0.4977757 -0.8630906 0.08540466
vn -0.1308463 -0.9911464 0.02254098
vn 0.1299414 -0.9912692 -0.02237725
vn -0.1047696 -0.9944823 0.005310176
vn 0.1301013 -0.9914789 -0.006577831
vn -0.1309194 -0.991393 -5.559681E-08
vn -0.4999882 -0.8656645 0.02523562
vn -0.5002605 -0.8658749 -2.550119E-07
vn 0.1301315 -0.9914967 4.422373E-08
vn 0.4997489 -0.8661704 1.69834E-07
vn 0.4994086 -0.8660014 -0.02515216
vn 0.4967835 -0.8636822 -0.08520149
vn 0.4907195 -0.8574482 -0.1548446
vn -0.1303292 0.9897745 0.05797125
vn -0.4841598 0.848127 0.2151044
vn -0.4837139 0.8484392 0.2148764
vn 0.1294302 0.9899161 -0.05756681
vn 0.1297093 0.9907025 -0.0410387
vn -0.1307079 0.990558 0.04135674
vn 0.1299858 0.9912632 -0.02238435
vn -0.1308926 0.9911404 0.02253615
vn 0.1295491 0.9898971 -0.05762491
vn 0.4832296 0.8487698 -0.2146602
vn 0.4836712 0.8484608 -0.2148872
vn -0.1304936 0.9905891 0.04128691
vn 0.4997466 0.8661717 2.320177E-07
vn 0.4994441 0.8659794 -0.02520476
vn 0.8650466 0.4998064 -0.04345099
vn 0.8659686 0.5000982 5.885794E-07
vn 0.8659674 -0.5001004 5.263943E-07
vn 0.8650535 -0.4998004 -0.04338164
vn 0.1301308 0.9914968 4.422349E-08
vn 0.1301168 0.9914768 -0.006589694
vn -0.1309196 0.991393 -4.449156E-08
vn -0.130922 0.9913706 0.006621243
vn 0.496884 0.8636198 -0.08524731
vn -0.5002615 0.8658744 -2.436138E-07
vn -0.5000293 0.8656421 0.0251893
vn -0.8660847 0.4998972 -4.414937E-07
vn -0.8652231 0.4995061 0.04339058
vn -0.8565026 0.4949887 0.1462516
vn -0.4978819 0.86303 0.08539782
vn -0.8347266 0.4840666 0.2625089
vn -0.4921573 0.8565443 0.1552836
vn -0.8660849 -0.499897 -4.414938E-07
vn -0.8652251 -0.4994962 0.04346539
vn -0.9902328 -0.1303142 0.04957047
vn -0.9902275 0.130367 0.04953677
vn -0.9776347 -0.1285022 0.1664861
vn -0.9776191 0.1286463 0.1664663
vn -0.8565104 -0.4949635 0.1462909
vn -0.8347513 -0.4840425 0.2624752
vn 0.4994746 -0.8659618 -0.02520618
vn 0.990229 -0.1303436 -0.04956814
vn 0.990224 0.1303943 -0.04953557
vn 0.9776305 -0.1285367 -0.166484
vn 0.9776154 0.1286781 -0.1664635
vn 0.856384 0.4952016 -0.146225
vn 0.4995123 0.8659413 -0.02515939
vn -0.499961 0.8656803 0.02523075
vn 0.4973715 0.8633332 -0.08530748
vn 0.1301071 0.9912469 -0.02240121
vn -0.4973926 0.8633187 0.08533169
vn -0.4913195 0.8570755 0.1550055
vn -0.8560926 0.4957105 0.1462074
vn -0.8340573 0.4853463 0.2622736
vn -0.9775691 0.1290226 0.1664687
vn -0.865171 -0.4995969 0.04338264
vn -0.8561097 -0.4956902 0.1461758
vn -0.497292 -0.863381 0.08528745
vn -0.8340625 -0.4853156 0.2623136
vn 0.1039734 -0.9945661 -0.005261929
vn -0.13089 -0.9913748 0.006617978
vn 0.8559804 0.4959081 -0.1461942
vn 0.9775653 0.1290444 -0.1664735
vn 0.8339491 0.4855518 -0.2622372
vn 0.9466094 0.12524 -0.2970618
vn 0.8559981 -0.4958879 -0.146159
vn 0.946621 -0.1250976 -0.2970846
vn 0.8339534 -0.4855219 -0.2622789
vn 0.9075974 0.1200456 -0.4023134
vn 0.9075911 -0.1199933 -0.4023431
vn 0.8563928 -0.495174 -0.1462667
vn 0.8346381 -0.4842548 -0.2624435
vn 0.8064914 -0.4707274 -0.3577532
vn 0.8236887 -0.4248234 -0.3755821
vn 0.9467049 -0.1244468 -0.2970908
vn 0.9011379 -0.1426557 -0.4093894
vn 0.9076269 0.1196873 -0.4023534
vn 0.8064634 0.4707264 -0.3578178
vn 0.8061343 0.4714428 -0.3576161
vn 0.8346155 0.4842749 -0.262478
vn 0.9466827 0.1245878 -0.2971022
vn 0.4916577 0.8568594 -0.1551276
vn 0.4908208 0.8573896 -0.1548481
vn -0.8062355 0.4712345 0.3576625
vn -0.8065658 0.47052 0.3578583
vn -0.946611 0.1252127 0.297068
vn -0.9075997 0.120022 0.4023152
vn -0.9076298 0.1196643 0.4023538
vn -0.9075935 -0.1199679 0.4023452
vn -0.9466863 0.1245539 0.2971051
vn -0.8062193 -0.4712123 0.3577282
vn -0.8065952 -0.4705181 0.3577946
vn -0.9467088 -0.1244155 0.2970912
vn -0.9466226 -0.1250725 0.2970901
vn -0.1307271 -0.9911631 0.02249813
vn -4.681906E-09 1 7.873566E-06
vn 1.968786E-10 0.9999995 -0.001045085
vn -4.536066E-09 0.9999998 -0.0006967231
vn -3.979846E-10 0.9999999 0.0005343588
vn -0.283621 0.1410287 0.9485094
vn -0.5737479 0.1741216 0.8003094
vn -0.5512503 0.3221006 0.7696586
vn -0.277042 0.2817105 0.9186332
vn -0.5190164 0.4475138 0.7282537
vn -0.2704 0.4265834 0.8630819
vn -0.4647908 0.5957612 0.65501
vn -0.265434 0.6291925 0.7305214
vn -0.3279167 0.8294652 0.4521705
vn -0.5822816 0.6999623 0.4135225
vn -0.2883441 0.07320854 0.9547241
vn -0.2974808 -0.115485 0.9477175
vn -0.5795432 -0.08531442 0.8104635
vn -0.580434 0.0930832 0.8089696
vn -0.3132098 -0.4175557 0.8529636
vn -0.5486014 -0.3243501 0.7706059
vn -0.9587665 -0.2119755 0.1892966
vn -0.8443241 -0.1548916 0.5129576
vn -0.7105849 -0.490067 0.5048797
vn -0.7831303 -0.595041 0.1806464
vn -0.8608941 0.08321211 0.5019332
vn -0.4031417 -0.7312586 0.550216
vn -0.432517 -0.88366 0.1790922
vn -0.4215946 -0.9065527 0.02049672
vn -0.779292 -0.625419 0.03943158
vn -0.1231538 -0.825592 0.5506642
vn -0.1080682 -0.4726089 0.8746212
vn -0.02548664 -0.4939373 0.8691239
vn -0.01517838 -0.8423818 0.5386674
vn -0.1033114 0.4085662 0.906863
vn -0.1007337 0.636174 0.7649414
vn -0.3617914 0.9196581 0.1527609
vn -0.6481699 0.7459076 0.1532895
vn -0.1092215 0.8743359 0.4728715
vn -0.01786911 0.8801179 0.4744187
vn -0.02960451 0.6368064 0.7704551
vn 8.987822E-05 0.6388446 0.7693358
vn 6.82778E-05 0.8813465 0.4724705
vn 0.02938063 0.6364137 0.7707882
vn -0.004960154 0.9907045 0.1359409
vn -0.103979 0.9841394 0.1437283
vn 0.01756175 0.8800745 0.4745108
vn 2.304706E-05 0.9908578 0.1349103
vn 0.1094338 0.8743812 0.4727385
vn 0.1009106 0.6357369 0.7652814
vn 0.104589 0.9841682 0.1430879
vn 0.327917 0.8294652 0.4521703
vn 0.3622915 0.9195127 0.1524511
vn 0.00481075 0.9907476 0.1356324
vn 0.09740598 0.9952325 0.004938809
vn 0.3637539 0.9312925 0.0194246
vn 0.6480243 0.7461197 0.1528725
vn 0.6562228 0.7536854 0.036469
vn 0.6526917 0.7576236 -0.00024254
vn 0.3602223 0.9328665 -0.000174407
vn 0.6565197 0.7534581 -0.03581731
vn 0.09613087 0.9953687 -5.601072E-05
vn 0.3637665 0.9312993 -0.0188607
vn 0.361793 0.9196575 -0.1527608
vn 0.6481709 0.7459067 -0.1532897
vn 0.1039781 0.9841391 -0.1437312
vn 0.3279154 0.8294613 -0.4521786
vn 0.1092178 0.8743336 -0.4728765
vn 0.09723344 0.9952503 -0.004736395
vn 0.004960129 0.9907042 -0.1359429
vn 0.01786929 0.8801187 -0.4744172
vn 0.1007337 0.636174 -0.7649414
vn 0.02960558 0.63681 -0.7704521
vn -8.980274E-05 0.6388512 -0.7693303
vn -6.842123E-05 0.8813479 -0.4724679
vn -0.0293811 0.6364222 -0.7707812
vn -2.296006E-05 0.9908574 -0.1349132
vn -0.09723356 0.9952503 0.004736401
vn -0.01756172 0.8800735 -0.4745125
vn -0.004810567 0.9907475 -0.1356325
vn -0.09613099 0.9953687 5.59299E-05
vn -0.363766 0.9312994 0.01886088
vn -0.1094303 0.8743785 -0.4727444
vn -0.100911 0.6357387 -0.7652799
vn -0.1045881 0.984168 -0.14309
vn -0.3279151 0.8294613 -0.4521787
vn -0.3622929 0.9195121 -0.1524512
vn -0.09740607 0.9952325 -0.004938979
vn -0.6565194 0.7534583 0.0358177
vn -0.3602223 0.9328665 0.0001743277
vn -0.6526916 0.7576237 0.0002425126
vn -0.3637538 0.9312925 -0.01942498
vn -0.6480252 0.7461189 -0.1528726
vn -0.6562222 0.7536859 -0.03646971
vn -0.9316019 0.3169852 0.1778715
vn -0.7350507 0.5080035 0.4490354
vn -0.8113068 0.3419899 0.4741564
vn -0.8362871 0.5210452 0.1706918
vn -0.8524362 0.5206233 0.04799887
vn -0.8509111 0.5253097 0.0002138573
vn -0.8521858 0.520998 -0.04837771
vn -0.8359559 0.5216436 -0.1704868
vn -0.8535834 0.1671063 0.4934277
vn -0.8671595 -0.08945219 0.4899314
vn -0.5831783 -0.05077546 0.8107557
vn -0.8607596 0.08324264 -0.5021589
vn -0.8443264 -0.1549025 -0.5129505
vn -0.5795398 -0.08533134 -0.8104641
vn -0.5804527 0.09324986 -0.808937
vn -0.9589357 -0.2108141 -0.1897362
vn -0.7829837 -0.5950938 -0.1811075
vn -0.7105912 -0.4900582 -0.5048793
vn -0.5486096 -0.324344 -0.7706027
vn -0.4031495 -0.7312528 -0.5502179
vn -0.3132218 -0.4175349 -0.8529694
vn -0.4314097 -0.8841577 -0.1793061
vn -0.7791002 -0.6257067 -0.03865229
vn -0.4210059 -0.9068391 -0.01992204
vn -0.122976 -0.8250649 -0.5514932
vn -0.1076966 -0.4728282 -0.8745484
vn -0.01554296 -0.8419544 -0.5393248
vn -0.02595488 -0.493934 -0.869112
vn -0.1034995 -0.14527 -0.9839637
vn -0.2974797 -0.115482 -0.9477181
vn -0.2883015 0.07337542 -0.9547242
vn -0.5652943 0.2342735 -0.7909224
vn -0.8363013 0.2521317 -0.4868571
vn -0.7703715 0.4487416 -0.4529445
vn -0.5263328 0.4139166 -0.7427293
vn -0.2804102 0.2072619 -0.9372367
vn -0.7163838 0.5503485 -0.4288482
vn -0.265518 0.3736958 -0.8887359
vn -0.4946273 0.5091061 -0.7043826
vn -0.2549666 0.463191 -0.848791
vn -0.2654313 0.6291877 -0.7305266
vn -0.1032322 0.4079866 -0.9071329
vn -0.2703916 0.4265852 -0.8630837
vn -0.1027883 0.2445997 -0.9641605
vn -0.2771534 0.2818708 -0.9185504
vn -0.03682704 0.2264764 -0.9733202
vn -0.03528338 0.4022036 -0.9148701
vn -7.537888E-05 0.4040222 -0.9147492
vn 0.03524325 0.4026474 -0.9146764
vn 0.103313 0.4085684 -0.9068617
vn -0.5822853 0.6999592 -0.4135225
vn -0.4647892 0.5957637 -0.6550089
vn -0.5190112 0.4475224 -0.7282521
vn -0.551159 0.3221682 -0.7696956
vn -0.5734109 0.1740351 -0.8005696
vn -0.2834034 0.1403173 -0.9486799
vn -0.2802696 -0.0614636 -0.9579515
vn -0.5813044 -0.05038478 -0.8121247
vn -0.7350523 0.5080093 -0.4490263
vn -0.8114962 0.3419079 -0.4738913
vn -0.853193 0.1679339 -0.4938217
vn 0.8607572 0.08324417 0.5021628
vn 0.8443242 -0.154892 0.5129573
vn 0.5795425 -0.08531433 0.810464
vn 0.5804609 0.09324701 0.8089315
vn 0.9589363 -0.2108162 0.1897307
vn 0.782985 -0.5950937 0.1811022
vn 0.7105849 -0.4900675 0.5048791
vn 0.5486009 -0.3243501 0.7706063
vn 0.4031417 -0.7312586 0.550216
vn 0.3132098 -0.4175553 0.8529637
vn 0.4314085 -0.8841573 0.1793111
vn 0.7790996 -0.6257074 0.03865184
vn 0.421005 -0.9068395 0.01992179
vn 0.1229796 -0.8250651 0.5514922
vn 0.107697 -0.4728267 0.8745491
vn 0.01554326 -0.8419559 0.5393224
vn 0.02595602 -0.4939212 0.8691192
vn 0.1034904 -0.1452802 0.9839631
vn 0.2974805 -0.1154848 0.9477176
vn 0.2883019 0.07338423 0.9547234
vn 0.5652955 0.2342786 0.7909201
vn 0.836296 0.2521337 0.4868651
vn 0.770371 0.4487439 0.4529431
vn 0.5263484 0.4139107 0.7427216
vn 0.2804003 0.2072549 0.9372412
vn 0.7163911 0.5503422 0.4288439
vn 0.2655128 0.3736909 0.8887396
vn 0.4946356 0.5091043 0.7043781
vn 0.2549471 0.4632006 0.8487917
vn 0.265434 0.6291925 0.7305214
vn 0.1032301 0.4079865 0.9071332
vn 0.2704 0.4265835 0.8630819
vn 0.1027889 0.2445978 0.964161
vn 0.2771593 0.2818629 0.918551
vn 0.0368243 0.2264691 0.973322
vn 0.03528151 0.4021989 0.9148723
vn 7.561108E-05 0.4040196 0.9147503
vn -0.03524118 0.4026389 0.9146803
vn 0.5822818 0.6999625 0.413522
vn 0.464791 0.5957614 0.6550097
vn 0.5190164 0.4475138 0.7282537
vn 0.5511627 0.3221649 0.7696944
vn 0.5734105 0.1740303 0.800571
vn 0.2834134 0.1403147 0.9486773
vn 0.2802643 -0.06146119 0.9579533
vn 0.5813001 -0.05037097 0.8121286
vn 0.8359556 0.5216442 0.170486
vn 0.7350505 0.508004 0.4490353
vn 0.8114963 0.341906 0.4738924
vn 0.8531873 0.1679366 0.4938307
vn 0.2883362 0.07320093 -0.9547271
vn 0.2974795 -0.115482 -0.9477182
vn 0.5795392 -0.08533123 -0.8104646
vn 0.580433 0.09308811 -0.8089697
vn 0.3132221 -0.4175348 -0.8529693
vn 0.5486092 -0.324344 -0.7706029
vn 0.9587663 -0.2119737 -0.1892996
vn 0.8443264 -0.1549027 -0.5129504
vn 0.7105908 -0.4900587 -0.5048794
vn 0.7831292 -0.5950412 -0.1806509
vn 0.8608916 0.08321393 -0.5019373
vn 0.4031495 -0.7312528 -0.5502179
vn 0.4325181 -0.8836606 -0.1790866
vn 0.4215946 -0.9065527 -0.02049641
vn 0.7792919 -0.6254193 -0.03943108
vn 0.1231503 -0.8255949 -0.5506606
vn 0.1080691 -0.472611 -0.8746198
vn 0.02548553 -0.4939486 -0.8691175
vn 0.01517811 -0.8423868 -0.5386595
vn 0.5822854 0.6999595 -0.413522
vn 0.2654314 0.6291877 -0.7305266
vn 0.4647894 0.5957639 -0.6550084
vn 0.2703916 0.4265853 -0.8630837
vn 0.5190112 0.4475224 -0.7282521
vn 0.2770364 0.2817141 -0.9186338
vn 0.5512407 0.3221044 -0.7696639
vn 0.2836027 0.1410275 -0.948515
vn 0.5737407 0.1741261 -0.8003135
vn 0.9316023 0.3169857 -0.1778686
vn 0.735052 0.5080098 -0.4490262
vn 0.8113074 0.3419941 -0.4741523
vn 0.8362869 0.5210457 -0.1706914
vn 0.8524359 0.5206237 -0.0479983
vn 0.850911 0.5253098 -0.000213814
vn 0.8521856 0.5209984 0.04837679
vn 0.8535895 0.167107 -0.4934168
vn 0.8671612 -0.08945323 -0.4899282
vn 0.583164 -0.05079055 -0.8107651
vn -0.2833952 0.1506855 0.9470909
vn -0.5473328 0.3362738 0.7663856
vn -0.2736214 0.2952763 0.9153924
vn -0.5716856 0.1810312 0.800252
vn -0.5807376 0.05108321 0.8124865
vn -0.848981 0.1830667 0.4956993
vn -0.863902 0.03866612 0.5021734
vn -0.8053078 0.3609442 0.4703175
vn -0.702439 0.5772583 0.4163561
vn -0.9211835 0.3504468 0.1691386
vn -0.8047461 0.5741861 0.1506453
vn -0.620122 0.6857215 0.381097
vn -0.7158317 0.6836761 0.1420281
vn -0.8199479 0.5707455 0.04398816
vn -0.7314625 0.6807845 0.03866487
vn -0.7279912 0.6855865 0.0002760625
vn -0.8182191 0.5749065 0.0001995668
vn -0.7305855 0.6817054 -0.03902005
vn -0.8199825 0.570673 -0.0442839
vn -0.8057497 0.5732648 -0.1487782
vn -0.7153192 0.6851304 -0.1375311
vn -0.9716317 0.1554218 0.1782579
vn -0.9383698 0.3418804 0.05079307
vn -0.9387252 0.3446664 0.0001572511
vn -0.9890541 0.1375984 0.05327976
vn -0.9839399 0.008954663 0.1782748
vn -0.9644947 -0.2019581 0.1701848
vn -0.8562131 -0.1671635 0.4888307
vn -0.9241915 -0.3498855 0.1531348
vn -0.833285 -0.3068745 0.4598524
vn -0.9268249 -0.3723891 0.04818726
vn -0.9746573 -0.2176896 0.05152094
vn -0.9985546 -0.007404065 0.0532347
vn -0.9904395 0.1379474 7.877965E-05
vn -0.9385865 0.3412357 -0.05112276
vn -0.9752902 -0.2209275 -9.193335E-05
vn -0.9257531 -0.3781284 -0.0001857146
vn -0.9999712 -0.007587336 -3.537126E-06
vn -0.921349 0.3500564 -0.1690458
vn -0.9891645 0.1366324 -0.05371355
vn -0.9747214 -0.2175169 -0.05103422
vn -0.9262565 -0.3738955 -0.04744589
vn -0.9223767 -0.357776 -0.1456623
vn -0.9985616 -0.005723516 -0.05331104
vn -0.965533 -0.2002706 -0.1662462
vn -0.8292879 -0.3122186 -0.4634663
vn -0.8549786 -0.1649958 -0.4917194
vn -0.983984 0.01158635 -0.1778799
vn -0.8638012 0.03948219 -0.5022835
vn -0.8493021 0.1827185 -0.4952777
vn -0.9717441 0.1546019 -0.1783586
vn -0.8055151 0.3608968 -0.4699989
vn -0.7033273 0.5756966 -0.4170182
vn -0.09417815 0.1882126 -0.9776024
vn -0.08980437 0.3478797 -0.9332282
vn -0.08700685 0.4344334 -0.8964918
vn -0.02951428 0.3436358 -0.9386391
vn -0.02821671 0.4301411 -0.9023206
vn -7.892715E-05 0.4321296 -0.9018115
vn -5.913932E-05 0.3451078 -0.938563
vn 0.02832173 0.4305765 -0.9021097
vn 0.02957658 0.343674 -0.9386231
vn 0.08981822 0.3477846 -0.9332623
vn 0.08670327 0.4344594 -0.8965085
vn -0.5716699 0.1810085 -0.8002684
vn -0.5805683 0.0510528 -0.8126094
vn -0.5764216 -0.1298989 -0.8067617
vn 0.8362018 0.2522916 -0.486945
vn 0.5654633 0.23467 -0.790684
vn 0.527652 0.4142399 -0.7416122
vn 0.7696846 0.4492916 -0.4535666
vn 0.2651719 0.3731796 -0.8890561
vn 0.2802676 0.2075437 -0.937217
vn 0.2543543 0.463922 -0.8485754
vn 0.4972714 0.5088742 -0.7026864
vn 0.716979 0.548465 -0.4302642
vn 0.8489833 0.1830678 -0.495695
vn 0.5807373 0.0510821 -0.8124868
vn 0.8639098 0.03866622 -0.5021601
vn 0.5716826 0.1810432 -0.8002514
vn 0.5473379 0.3362674 -0.7663846
vn 0.283397 0.1506878 -0.9470899
vn 0.2736286 0.2952708 -0.9153921
vn 0.2859123 0.03664411 -0.9575549
vn 0.5776108 -0.1303223 -0.8058423
vn 0.2816004 -0.123901 -0.9514987
vn 0.09417626 0.1882131 0.9776025
vn 0.08979904 0.347874 0.9332309
vn 0.08700787 0.4344392 0.8964888
vn 0.0295153 0.3436426 0.9386365
vn 0.02821643 0.4301595 0.9023118
vn 7.889082E-05 0.4321465 0.9018034
vn 5.911785E-05 0.3451166 0.9385598
vn -0.02832222 0.4305895 0.9021034
vn -0.02957834 0.3436805 0.9386207
vn -0.08981002 0.3477762 0.9332663
vn -0.08669901 0.4344643 0.8965065
vn 0.5716658 0.1809986 0.8002735
vn 0.8493034 0.182717 0.4952759
vn 0.8637991 0.03948178 0.5022871
vn 0.5805555 0.0510505 0.8126187
vn 0.5764087 -0.1298868 0.8067728
vn 0.8549818 -0.1649996 0.4917126
vn 0.09850609 0.05508054 0.9936109
vn 0.03088841 0.1828923 0.9826476
vn 3.634726E-05 0.1832163 0.9830726
vn 0.03116866 0.0470997 0.9984038
vn 0.03033049 -0.1613515 0.9864308
vn 1.425524E-05 0.04731653 0.9988799
vn -0.03100157 0.182312 0.9827519
vn -2.689193E-05 -0.1631106 0.9866078
vn -6.605619E-05 -0.497181 0.8676468
vn -0.09410228 0.1879915 0.9776523
vn -0.03110386 0.04830757 0.9983481
vn -0.02993733 -0.1608677 0.9865218
vn -0.1038502 -0.1444555 0.9840466
vn -0.09843327 0.05627837 0.993551
vn -0.2802634 0.2075372 0.9372197
vn -0.265172 0.3731798 0.889056
vn -0.5654557 0.2346717 0.790689
vn 0.1007842 0.1019354 0.9896725
vn 0.09671734 -0.08860656 0.99136
vn 0.08844692 -0.201598 0.9754668
vn 0.2673215 -0.1744317 0.9476881
vn 0.03390892 -0.2225647 0.974328
vn 0.03542177 -0.1040663 0.9939394
vn 0.03619413 0.08322214 0.9958735
vn -1.838306E-05 -0.1058319 0.994384
vn -4.1856E-05 -0.2267019 0.9739642
vn 1.810286E-05 0.08359347 0.9965
vn 4.760166E-05 0.2249735 0.9743649
vn -0.03490292 -0.103717 0.9939942
vn -0.03328025 -0.2253328 0.9737133
vn -0.08400496 -0.2102223 0.9740379
vn -0.0364375 0.08620604 0.9956108
vn -0.0944242 -0.08693779 0.9917288
vn -0.2697259 -0.1804141 0.9458852
vn -0.2820638 -0.05940085 0.957555
vn -0.03725932 0.2237552 0.9739329
vn -0.1001407 0.1054836 0.989366
vn -0.1026337 0.2418256 0.9648765
vn 0.09843329 0.05627129 -0.9935514
vn 0.1038596 -0.1444399 -0.9840479
vn 0.02993652 -0.1608556 -0.9865239
vn 6.530205E-05 -0.497178 -0.8676485
vn 0.03110287 0.04831464 -0.9983478
vn 2.720742E-05 -0.163109 -0.986608
vn 0.09411043 0.1879892 -0.9776519
vn 0.03099843 0.1823121 -0.982752
vn -1.36766E-05 0.04732089 -0.9988797
vn -3.633605E-05 0.1832161 -0.9830727
vn -0.0303299 -0.1613518 -0.9864308
vn -0.03088647 0.1828911 -0.9826479
vn -0.03116863 0.04711714 -0.998403
vn -0.09850051 0.05507518 -0.9936118
vn 0.9757269 0.1252965 -0.1796045
vn 0.9533268 0.2970924 -0.05388952
vn 0.9545023 0.2982035 -0.0001347245
vn 0.9749529 -0.1397279 -0.1730403
vn 0.9934174 0.1003955 -0.05515924
vn 0.9417025 -0.299051 -0.1541585
vn 0.8547166 -0.2361424 -0.462273
vn 0.9420086 -0.3317467 -0.05063512
vn 0.9850904 -0.1633373 -0.05401718
vn 0.9948523 0.1013357 -4.779483E-05
vn 0.9860404 -0.1665062 5.813769E-05
vn 0.9410314 -0.3383192 0.0001462873
vn 0.9539391 0.2950121 0.05447991
vn 0.9851657 -0.1630874 0.05339449
vn 0.9411396 -0.3343386 0.04973929
vn 0.9393778 -0.3111083 0.1441556
vn 0.9931455 0.1029469 0.05535264
vn 0.9322608 0.3151025 0.1777647
vn 0.976166 -0.1375138 0.1678989
vn 0.8498484 -0.2443545 0.4669566
vn 0.8654231 -0.0860502 0.4935972
vn 0.9754499 0.1288293 0.1786073
vn -0.9757263 0.125296 0.1796083
vn -0.9749522 -0.1397278 0.1730442
vn -0.9417022 -0.2990496 0.154163
vn -0.8547196 -0.2361379 0.4622698
vn -0.9420091 -0.3317453 0.05063593
vn -0.9850906 -0.1633359 0.05401797
vn -0.9533269 0.2970921 0.0538902
vn -0.9934173 0.100396 0.0551599
vn -0.9545025 0.2982029 0.0001347545
vn -0.9860405 -0.1665052 -5.804965E-05
vn -0.9410316 -0.3383187 -0.0001462249
vn -0.9948523 0.1013359 4.78416E-05
vn -0.9539393 0.2950113 -0.05448091
vn -0.9851658 -0.1630864 -0.05339521
vn -0.9411398 -0.3343378 -0.04974
vn -0.9393775 -0.3111072 -0.1441602
vn -0.9931453 0.1029479 -0.05535351
vn -0.9322613 0.3151022 -0.1777622
vn -0.9761654 -0.1375105 -0.1679047
vn -0.8498436 -0.2443445 -0.4669708
vn -0.8654246 -0.08605298 -0.493594
vn -0.9754501 0.1288298 -0.1786058
vn -0.836203 0.2522943 0.4869417
vn -0.5276585 0.4142413 0.7416068
vn -0.7696854 0.4492959 0.4535611
vn -0.2543533 0.4639301 0.8485713
vn -0.4972716 0.5088626 0.7026947
vn -0.7169847 0.5484606 0.4302602
vn -0.1007749 0.101945 -0.9896725
vn -0.09672759 -0.08860095 -0.9913595
vn -0.0884558 -0.2016077 -0.9754639
vn -0.267323 -0.1744217 -0.9476895
vn -0.033907 -0.2225703 -0.9743268
vn -0.03542006 -0.1040688 -0.9939392
vn -0.03619668 0.08320682 -0.9958747
vn 1.749998E-05 -0.1058293 -0.9943843
vn 4.184063E-05 -0.2267016 -0.9739643
vn -1.841114E-05 0.08359113 -0.9965001
vn -4.700642E-05 0.2249688 -0.974366
vn 0.03490041 -0.1037398 -0.993992
vn 0.0332794 -0.2253325 -0.9737134
vn 0.08400098 -0.2102394 -0.9740345
vn 0.03643773 0.08621107 -0.9956104
vn 0.09443929 -0.08693177 -0.9917278
vn 0.2697519 -0.1804003 -0.9458804
vn 0.2820728 -0.05939519 -0.9575527
vn 0.03726097 0.2237601 -0.9739317
vn 0.100145 0.1054991 -0.9893639
vn 0.1026365 0.2418282 -0.9648756
vn 0.8055161 0.3609004 0.4699942
vn 0.7033287 0.5756999 0.4170114
vn 0.8057519 0.573264 0.1487696
vn 0.9213485 0.3500606 0.1690402
vn 0.8199822 0.5706735 0.04428352
vn 0.9717447 0.1546001 0.1783568
vn 0.9839848 0.01158464 0.1778757
vn 0.9655334 -0.2002708 0.1662429
vn 0.8292921 -0.3122265 0.4634537
vn 0.9223772 -0.3577735 0.1456656
vn 0.9985616 -0.005724404 0.05331055
vn 0.974721 -0.217519 0.05103373
vn 0.9262561 -0.3738966 0.0474452
vn 0.9257525 -0.37813 0.0001860799
vn 0.9752902 -0.2209277 9.21478E-05
vn 0.9268246 -0.3723897 -0.0481866
vn 0.9891645 0.1366328 0.05371284
vn 0.9999712 -0.007586472 3.586576E-06
vn 0.9746575 -0.2176887 -0.05152031
vn 0.9385855 0.3412386 0.05112212
vn 0.9904396 0.1379472 -7.862986E-05
vn 0.9387243 0.344669 -0.0001571301
vn 0.8182189 0.5749066 -0.0001994801
vn 0.9985546 -0.007404082 -0.05323417
vn 0.9644939 -0.2019579 -0.1701894
vn 0.9241911 -0.349886 -0.153136
vn 0.9383686 0.3418836 -0.05079244
vn 0.8199481 0.5707453 -0.04398767
vn 0.804747 0.5741866 -0.1506388
vn 0.9211836 0.3504474 -0.1691375
vn 0.989054 0.1375991 -0.05327928
vn 0.9839394 0.008957325 -0.1782777
vn 0.9716318 0.1554209 -0.1782584
vn 0.8562136 -0.1671629 -0.48883
vn 0.8332844 -0.3068698 -0.4598566
vn 0.8053077 0.3609389 -0.4703219
vn 0.6163033 0.6893535 0.3807389
vn 0.7153244 0.6851261 0.1375256
vn 0.8194693 0.5531198 0.1500955
vn 0.8785687 0.450351 0.1590629
vn 0.9539658 0.2456922 0.1720019
vn 0.8918342 0.4499377 0.04677542
vn 0.9812494 0.06406521 0.1817834
vn 0.9972526 0.05242537 0.05233378
vn 0.9693494 0.2402908 0.05120473
vn 0.9700772 0.242797 -0.0001027133
vn 0.8910143 0.4539753 -0.0001705962
vn 0.9702673 -0.2368415 0.04987447
vn 0.7758636 -0.6309007 0.0001842216
vn 0.9705846 -0.24076 8.169882E-05
vn 0.9986584 0.05178183 -3.375153E-05
vn 0.9692642 0.2406842 -0.05097148
vn 0.8918925 0.4498566 -0.04644101
vn 0.8784426 0.4503895 -0.1596493
vn 0.9701497 -0.2372012 -0.05044965
vn 0.9973058 0.05131679 -0.05241846
vn 0.9539605 0.2456215 -0.172132
vn 0.9813344 0.06272566 -0.1817918
vn 0.546947 0.3362486 0.766672
vn 0.4861751 0.5399017 0.6871244
vn 0.43435 0.6524804 0.6209745
vn 0.5731466 -0.177875 0.7999147
vn 0.5632111 -0.253613 0.786431
vn 0.2682122 -0.2344309 0.9344005
vn 0.2800373 -0.1249991 0.9518163
vn 0.273836 0.2954505 0.915272
vn 0.2510508 0.4919127 0.8336638
vn 0.2356867 0.6010176 0.7636947
vn 0.09540014 0.2655765 0.9593581
vn 0.08978249 0.4566048 0.8851277
vn 0.03264973 0.2558185 0.9661733
vn 0.03046788 0.4480969 0.8934657
vn 0.08781751 0.5613472 0.8229079
vn 0.02848044 0.5522599 0.8331854
vn 9.081862E-05 0.5546735 0.8320681
vn 7.146768E-05 0.4494446 0.8933082
vn 5.342293E-05 0.2558246 0.9667232
vn -0.02840557 0.553661 0.8322575
vn -0.03041694 0.4479065 0.8935629
vn -0.08898626 0.4554632 0.8857961
vn -0.08573379 0.5636153 0.8215762
vn 0.2858344 0.03603161 0.9576014
vn 0.2835656 0.1508716 0.9470102
vn 0.08694386 -0.2434767 0.966002
vn 0.09349839 -0.13663 0.9861999
vn 0.03060432 -0.2563861 0.9660898
vn 0.03182148 -0.1457642 0.9888074
vn 0.0967515 0.0145791 0.9952018
vn -2.894794E-05 -0.1471977 0.9891071
vn -5.383505E-05 -0.2593895 0.9657728
vn 0.09763303 0.1208222 0.9878612
vn 0.03289371 0.1069927 0.9937155
vn 0.03250513 0.003593291 0.9994651
vn 8.642304E-07 0.00357901 0.9999936
vn 2.737788E-05 0.1064589 0.9943171
vn -0.03151895 -0.145556 0.9888478
vn -0.03019746 -0.2579052 0.9656982
vn -0.08372895 -0.2486895 0.9649575
vn -0.0325984 0.005205653 0.999455
vn -0.09174512 -0.1354407 0.9865286
vn -0.2704682 -0.2379979 0.9328472
vn -0.2815971 -0.1238981 0.9515001
vn -0.09652449 0.01677471 0.9951892
vn -0.2859148 0.0366376 0.9575544
vn -0.09753165 0.1203955 0.9879233
vn -0.03330157 0.10662 0.993742
vn -0.09541387 0.2644384 0.9596711
vn -0.03283402 0.2545424 0.966504
vn -0.2511576 0.4905677 0.8344239
vn 0.2511533 0.4905643 -0.8344272
vn 0.08897921 0.4554643 -0.8857962
vn 0.09541437 0.2644384 -0.959671
vn 0.03041798 0.4479174 -0.8935573
vn 0.09753243 0.120391 -0.9879238
vn 0.09651967 0.01677615 -0.9951897
vn 0.0917372 -0.1354381 -0.9865297
vn 0.2704768 -0.2379931 -0.932846
vn 0.08373059 -0.2486741 -0.9649613
vn 0.03259928 0.00520329 -0.999455
vn 0.0315203 -0.1455439 -0.9888495
vn 0.03019745 -0.2579048 -0.9656983
vn 5.382574E-05 -0.2593895 -0.9657728
vn 2.924164E-05 -0.1471954 -0.9891074
vn -0.03060522 -0.2563812 -0.9660911
vn 0.03330237 0.1066132 -0.9937427
vn -1.153395E-06 0.003585986 -0.9999936
vn -0.03182262 -0.1457618 -0.9888077
vn 0.03283374 0.2545397 -0.9665048
vn -2.768077E-05 0.1064567 -0.9943174
vn -5.312966E-05 0.2558175 -0.9667251
vn -7.124296E-05 0.4494465 -0.8933072
vn -0.03250397 0.003598166 -0.9994651
vn -0.03289375 0.106986 -0.9937162
vn -0.03265061 0.2558182 -0.9661734
vn -0.09349108 -0.1366301 -0.9862006
vn -0.08693825 -0.2434622 -0.9660062
vn -0.09675169 0.01457892 -0.9952018
vn -0.09763449 0.1208248 -0.9878608
vn -0.09539764 0.2655739 -0.959359
vn -0.2800339 -0.1250012 -0.951817
vn -0.2682239 -0.2344321 -0.9343969
vn -0.2858213 0.03603707 -0.9576051
vn -0.2835631 0.1508737 -0.9470106
vn -0.2738414 0.2954426 -0.915273
vn 0.2355559 0.6044008 -0.7610605
vn 0.08572748 0.5636038 -0.8215848
vn 0.488266 0.5405749 -0.6851095
vn 0.4387149 0.6529455 -0.617407
vn 0.5764529 -0.1774466 -0.7976307
vn 0.565511 -0.2530015 -0.7849762
vn 0.7024396 0.5772572 -0.4163565
vn 0.6201189 0.6857202 -0.3811041
vn 0.81887 0.5536259 -0.1514938
vn 0.8314551 0.553957 -0.04259154
vn 0.8294327 0.5586066 -0.0002492275
vn 0.8312382 0.5542459 0.04306458
vn -0.6163003 0.6893544 -0.380742
vn -0.81947 0.5531195 -0.1500924
vn -0.8785698 0.4503495 -0.1590608
vn -0.9539652 0.2456919 -0.1720056
vn -0.8918353 0.4499354 -0.04677617
vn -0.9812497 0.06406531 -0.1817819
vn -0.9972525 0.05242639 -0.05233426
vn -0.9693494 0.2402909 -0.05120532
vn -0.9700774 0.2427959 0.0001025015
vn -0.8910145 0.4539749 0.0001704409
vn -0.9702672 -0.2368416 -0.04987504
vn -0.7758635 -0.6309009 -0.0001841459
vn -0.9705848 -0.2407593 -8.154843E-05
vn -0.9986584 0.05178194 3.375246E-05
vn -0.9692643 0.2406835 0.05097197
vn -0.891892 0.4498576 0.04644147
vn -0.878441 0.4503906 0.1596551
vn -0.9701497 -0.2372012 0.05045026
vn -0.9973059 0.05131543 0.05241897
vn -0.9539599 0.2456216 0.1721353
vn -0.9813333 0.06272624 0.1817977
vn -0.5469561 0.3362428 -0.766668
vn -0.4861774 0.5399017 -0.6871228
vn -0.4343449 0.6524869 -0.6209713
vn -0.5731574 -0.1778871 -0.7999043
vn -0.5632188 -0.2536099 -0.7864265
vn -0.2510461 0.4919159 -0.8336633
vn -0.2356919 0.6010163 -0.7636941
vn -0.08977576 0.4566036 -0.885129
vn -0.03046903 0.4480989 -0.8934646
vn -0.08781748 0.5613403 -0.8229126
vn -0.02847948 0.5522763 -0.8331746
vn -9.028168E-05 0.5546778 -0.8320652
vn 0.02840603 0.5536658 -0.8322544
vn -0.8188676 0.5536285 0.1514968
vn -0.8314525 0.5539608 0.04259208
vn -0.8294317 0.5586082 0.000249466
vn -0.8312398 0.5542434 -0.04306527
vn -0.5776087 -0.1303129 0.8058453
vn -0.5655104 -0.253002 0.7849764
vn -0.5764641 -0.1774422 0.7976236
vn -0.4387142 0.6529364 0.6174172
vn -0.4882635 0.5405763 0.6851102
vn -0.2355522 0.6043938 0.7610672
vn 0.7158363 0.6836712 -0.1420282
vn 0.7314656 0.6807812 -0.03866441
vn 0.7279947 0.6855826 -0.000275974
vn 0.7305899 0.6817007 0.03901986
vn 0.4171978 -0.9088157 0.0001691347
vn 0.1043719 -0.9945266 -0.004841143
vn 0.1029236 -0.9946893 5.878416E-05
vn 0.1149905 -0.9805949 -0.1587788
vn 0.003936631 -0.9893315 -0.1456288
vn -5.606752E-10 -1 7.696944E-08
vn 0.1041001 -0.9945559 0.004670788
vn 0.1142863 -0.9805459 0.1595882
vn 0.00405851 -0.9892583 0.1461216
vn 2.3604E-05 -0.9894525 -0.1448576
vn -2.35064E-05 -0.9894527 0.1448565
vn -6.311401E-05 -0.8439117 0.5364822
vn -0.003936287 -0.9893321 0.1456246
vn -0.1149909 -0.9805943 0.1587824
vn -0.1043718 -0.9945266 0.004841275
vn -0.1029236 -0.9946893 -5.861588E-05
vn -0.417198 -0.9088156 -0.0001689908
vn -0.1041 -0.9945559 -0.004670771
vn -0.114286 -0.9805468 -0.1595825
vn -0.004058616 -0.9892582 -0.1461225
vn 6.26621E-05 -0.8439079 -0.5364881
vn -0.5727093 0.2006585 0.7948209
vn -0.527945 0.3919712 0.753414
vn -0.0985292 0.3432973 0.9340444
vn -0.1165932 0.1802436 0.9766874
vn 0.08482324 0.3539689 0.9314027
vn -0.1102264 -0.176331 0.9781399
vn -0.5831847 -0.2003645 0.7872418
vn -0.5512398 -0.3985095 0.7330245
vn -0.08482366 -0.3539689 0.9314027
vn 0.1165932 -0.1802436 0.9766874
vn 0.098529 -0.3432971 0.9340445
vn 0.1102263 0.1763308 0.9781399
vn 0.5512402 0.3985082 0.7330249
vn 0.5831848 0.2003637 0.7872419
vn 0.5727093 -0.2006578 0.794821
vn 0.5279452 -0.3919698 0.7534146
vn -0.8514346 -0.4259041 0.306047
vn -0.9046355 -0.2260565 0.3612935
vn -0.8760926 -0.4736858 0.08990841
vn -0.9193634 0.1542126 0.3619246
vn -0.5874576 0.1152776 0.8010023
vn -0.5008131 0.4918002 0.712263
vn -0.6923681 0.6564255 0.2995531
vn -0.9760384 0.1886325 0.1084746
vn -0.7066042 0.7045271 0.06597001
vn -0.7080119 0.7023885 -0.07327745
vn -0.9619192 -0.2496654 0.1112594
vn -0.9745055 0.19403 -0.1126556
vn -0.9637651 -0.2449564 -0.1056086
vn -0.8715481 -0.4841978 -0.07717705
vn -0.8439057 -0.4433838 -0.3020496
vn -0.9200183 0.1603108 -0.3575847
vn -0.6959774 0.6553724 -0.2934319
vn -0.5008141 0.4918002 -0.7122625
vn -0.5874577 0.1152763 -0.8010024
vn -0.9065391 -0.2190484 -0.3608387
vn -0.527945 -0.3919712 -0.753414
vn -0.5727093 -0.2006585 -0.7948209
vn -0.0985292 -0.3432973 -0.9340444
vn -0.1165932 -0.1802436 -0.9766874
vn 0.08482323 -0.3539692 -0.9314026
vn -0.1102264 0.1763309 -0.9781399
vn -0.5831847 0.2003645 -0.7872418
vn -0.5512398 0.3985095 -0.7330245
vn -0.08482367 0.3539689 -0.9314027
vn 0.1165932 0.1802438 -0.9766874
vn 0.09852878 0.3432972 -0.9340445
vn 0.1102263 -0.176331 -0.9781399
vn 0.5512397 -0.3985096 -0.7330245
vn 0.5831847 -0.2003645 -0.7872418
vn 0.5727093 0.2006579 -0.7948211
vn 0.5279458 0.3919709 -0.7534137
vn -0.8514346 0.4259044 -0.3060468
vn -0.9046356 0.2260566 -0.3612934
vn -0.8760926 0.4736859 -0.08990835
vn -0.9193637 -0.1542122 -0.3619241
vn -0.5874577 -0.1152763 -0.8010024
vn -0.5008141 -0.4918002 -0.7122625
vn -0.6923687 -0.6564253 -0.299552
vn -0.9760385 -0.1886321 -0.1084751
vn -0.7066054 -0.7045258 -0.06597143
vn -0.7080122 -0.7023883 0.07327672
vn -0.9619192 0.2496654 -0.1112594
vn -0.9745052 -0.1940317 0.1126555
vn -0.9637651 0.2449564 0.1056085
vn -0.8715482 0.4841978 0.07717692
vn -0.8439057 0.4433838 0.3020496
vn -0.920018 -0.1603117 0.357585
vn -0.6959773 -0.6553721 0.2934332
vn -0.5008131 -0.4918002 0.712263
vn -0.5874575 -0.1152776 0.8010023
vn -0.9065391 0.2190484 0.3608387
vn 0.8514351 -0.4259045 -0.3060454
vn 0.9046357 -0.2260569 -0.361293
vn 0.8760921 -0.4736869 -0.08990746
vn 0.9065395 0.2190483 -0.3608379
vn 0.8439067 0.4433847 -0.3020456
vn 0.963765 0.244957 -0.1056082
vn 0.8715471 0.4841999 -0.0771755
vn 0.8760927 0.4736859 0.08990746
vn 0.961919 -0.2496666 -0.1112592
vn 0.9619192 0.2496655 0.1112593
vn 0.9637651 -0.2449564 0.1056083
vn 0.8715483 -0.4841978 0.07717561
vn 0.8439067 -0.4433823 0.3020492
vn 0.9046359 0.2260557 0.361293
vn 0.8514361 0.4259022 0.3060457
vn 0.9065394 -0.2190472 0.3608388
vn 0.1101771 -0.1257994 -0.9859186
vn 0.5874577 -0.1152763 -0.8010024
vn 0.5008139 -0.4918006 -0.7122623
vn 0.1026515 -0.5837618 -0.8054097
vn -0.1101771 -0.1257994 -0.9859186
vn -0.1026515 -0.5837616 -0.8054098
vn 0.919364 -0.1542124 0.361923
vn 0.5874591 -0.115277 0.8010013
vn 0.500814 -0.4918014 0.7122616
vn 0.6923681 -0.6564263 0.2995512
vn 0.9760383 -0.188633 0.1084748
vn 0.7066042 -0.7045271 0.06597048
vn 0.7080118 -0.7023886 -0.07327665
vn 0.9745052 -0.1940318 -0.1126554
vn 0.9200183 -0.1603113 -0.3575844
vn 0.6959773 -0.6553729 -0.2934313
vn -0.1101772 -0.1257995 0.9859186
vn -0.1026518 -0.5837615 0.80541
vn 0.1101768 -0.1257995 0.9859186
vn 0.1026515 -0.5837616 0.8054098
vn -0.1101771 0.1257994 -0.9859186
vn -0.1026514 0.5837615 -0.80541
vn 0.1101771 0.1257994 -0.9859186
vn 0.1026515 0.5837616 -0.8054098
vn 0.500814 0.4918005 -0.7122624
vn 0.5874577 0.1152763 -0.8010024
vn 0.9193637 0.1542122 -0.361924
vn 0.6923681 0.6564263 -0.2995512
vn 0.9760384 0.1886325 -0.1084747
vn 0.7066042 0.7045271 -0.06597043
vn 0.7080125 0.702388 0.07327721
vn 0.9745055 0.1940301 0.1126555
vn 0.9200188 0.1603113 0.357583
vn 0.6959772 0.6553727 0.293432
vn 0.500814 0.4918014 0.7122616
vn 0.587459 0.1152777 0.8010013
vn 0.1101768 0.1257995 0.9859186
vn 0.1026515 0.5837616 0.8054098
vn -0.1101772 0.1257995 0.9859186
vn -0.1026518 0.5837615 0.80541
vn -0.1977315 -0.9801081 0.01704245
vn -0.1828969 -0.9416474 0.2825757
vn 0.1799038 -0.9417083 0.2842886
vn 0.1949925 -0.9806988 0.01441731
vn -0.1949925 -0.9806988 -0.01441726
vn 0.1977313 -0.9801081 -0.01704252
vn -0.1799041 -0.9417082 -0.2842889
vn 0.1828962 -0.9416476 -0.2825753
vn -0.1977311 0.9801081 -0.01704256
vn -0.1828968 0.9416475 -0.2825754
vn 0.1799038 0.9417083 -0.2842886
vn 0.1949925 0.9806988 -0.0144173
vn -0.1949926 0.9806988 0.01441658
vn 0.1977313 0.9801081 0.01704247
vn -0.1799042 0.9417083 0.2842887
vn 0.1828962 0.9416475 0.2825754
vn -0.672071 0.2486817 0.6974798
vn -0.5961577 0.4774108 0.6455037
vn -0.1374806 0.4832 0.8646484
vn -0.1699293 0.2571255 0.9513204
vn 0.118095 0.4968802 0.8597462
vn -0.1615632 -0.2526602 0.9539707
vn -0.6820914 -0.2458277 0.688709
vn -0.6188228 -0.4831372 0.6193842
vn -0.1180962 -0.4968805 0.8597459
vn 0.1699293 -0.257126 0.9513203
vn 0.13748 -0.4832005 0.8646482
vn 0.1615629 0.2526599 0.9539709
vn 0.6188251 0.4831355 0.6193832
vn 0.6820921 0.2458267 0.6887087
vn 0.6720709 -0.2486814 0.69748
vn 0.5961577 -0.4774108 0.6455036
vn -0.8744201 -0.4375493 0.2096189
vn -0.9395559 -0.2335937 0.2503373
vn -0.8781087 -0.4747427 0.05953607
vn -0.9549701 0.1591186 0.2504264
vn -0.6919708 0.1448176 0.7072513
vn -0.5693402 0.5665518 0.5957103
vn -0.7111726 0.672587 0.2045979
vn -0.9793242 0.1890353 0.07203948
vn -0.7080208 0.7048438 0.04360987
vn -0.7097954 0.7027357 -0.04850797
vn -0.9653367 -0.2503275 0.07389999
vn -0.9780175 0.1946257 -0.07485109
vn -0.966895 -0.2453541 -0.07010946
vn -0.8730181 -0.4850144 -0.05099455
vn -0.8663368 -0.4550856 -0.2058095
vn -0.9547563 0.1650157 -0.2474069
vn -0.7139533 0.6709005 -0.2004076
vn -0.5693334 0.5665457 -0.5957226
vn -0.6919628 0.1448193 -0.7072587
vn -0.9415628 -0.2262005 -0.2495852
vn -0.5961363 -0.4773944 -0.6455355
vn -0.6720584 -0.2486718 -0.6974954
vn -0.1374656 -0.4831875 -0.8646578
vn -0.1699293 -0.2571255 -0.9513204
vn 0.118063 -0.4968804 -0.8597506
vn -0.1615553 0.2526556 -0.9539733
vn -0.682089 0.2458159 -0.6887156
vn -0.6188262 0.4831257 -0.6193897
vn -0.1180636 0.4968804 -0.8597505
vn 0.1699293 0.2571255 -0.9513204
vn 0.1374653 0.4831873 -0.8646579
vn 0.1615552 -0.2526555 -0.9539734
vn 0.6188267 -0.4831245 -0.6193902
vn 0.6820953 -0.2458141 -0.6887099
vn 0.6720662 0.248671 -0.6974882
vn 0.596142 0.4773897 -0.6455337
vn -0.8744203 0.4375499 -0.2096168
vn -0.9395527 0.2335981 -0.2503453
vn -0.8781081 0.4747437 -0.05953504
vn -0.9549679 -0.159119 -0.2504345
vn -0.691963 -0.1448177 -0.7072588
vn -0.5693341 -0.5665454 -0.5957223
vn -0.7111712 -0.6725855 -0.2046076
vn -0.9793245 -0.1890349 -0.07203729
vn -0.7080207 -0.7048439 -0.04360856
vn -0.7097954 -0.7027356 0.04850991
vn -0.9653369 0.2503275 -0.07389776
vn -0.9780176 -0.194624 0.07485339
vn -0.9668951 0.2453534 0.07011121
vn -0.8730181 0.4850144 0.05099446
vn -0.866337 0.4550783 0.2058251
vn -0.9547588 -0.1650144 0.2473984
vn -0.7139548 -0.6709021 0.2003968
vn -0.5693402 -0.5665518 0.5957103
vn -0.6919708 -0.1448176 0.7072513
vn -0.9415639 0.2261983 0.2495832
vn 0.8744254 -0.4375421 -0.2096122
vn 0.9395561 -0.2335928 -0.2503371
vn 0.8781087 -0.4747428 -0.05953558
vn 0.9415655 0.2261953 -0.24958
vn 0.8663411 0.4550767 -0.2058115
vn 0.9668952 0.2453531 -0.07011101
vn 0.8730181 0.4850144 -0.05099355
vn 0.8781087 0.4747427 0.05953613
vn 0.9653367 -0.2503275 -0.07389998
vn 0.9653367 0.2503275 0.07390005
vn 0.9668949 -0.2453543 0.07011107
vn 0.8730166 -0.4850172 0.0509936
vn 0.8663371 -0.4550794 0.2058221
vn 0.9395559 0.2335937 0.2503372
vn 0.8744208 0.4375484 0.2096178
vn 0.941564 -0.2261984 0.2495825
vn 0.1628607 -0.1848429 -0.9691798
vn 0.6919706 -0.1448176 -0.7072514
vn 0.5693383 -0.5665437 -0.5957198
vn 0.1295151 -0.6973337 -0.7049479
vn -0.1628607 -0.1848429 -0.9691798
vn -0.1295151 -0.6973335 -0.7049481
vn 0.9549701 -0.1591186 0.2504264
vn 0.6919708 -0.1448176 0.7072513
vn 0.56934 -0.5665521 0.5957102
vn 0.7111721 -0.6725875 0.2045979
vn 0.9793242 -0.1890353 0.07203958
vn 0.7080206 -0.7048439 0.04361006
vn 0.709796 -0.7027351 -0.04850852
vn 0.9780173 -0.1946257 -0.07485335
vn 0.9547588 -0.1650116 -0.2474
vn 0.7139575 -0.6708965 -0.2004062
vn -0.1628607 -0.1848429 0.9691798
vn -0.1295151 -0.6973419 0.7049398
vn 0.1628607 -0.1848429 0.9691798
vn 0.1295151 -0.6973421 0.7049395
vn -0.1628608 0.1848431 -0.9691797
vn -0.1295156 0.6973334 -0.7049481
vn 0.1628607 0.1848429 -0.9691798
vn 0.1295151 0.6973337 -0.7049479
vn 0.5693383 0.5665437 -0.5957198
vn 0.6919706 0.1448176 -0.7072513
vn 0.9549702 0.159114 -0.2504286
vn 0.7111745 0.6725817 -0.2046086
vn 0.9793246 0.1890334 -0.07203929
vn 0.7080216 0.704843 -0.04360924
vn 0.7097956 0.7027354 0.0485095
vn 0.9780173 0.1946257 0.07485344
vn 0.9547588 0.1650148 0.2473982
vn 0.7139546 0.6709025 0.2003962
vn 0.56934 0.5665521 0.5957102
vn 0.6919708 0.1448176 0.7072513
vn 0.1628607 0.1848429 0.9691798
vn 0.1295151 0.6973421 0.7049395
vn -0.1628607 0.1848429 0.9691798
vn -0.1295151 0.6973419 0.7049398
vn -0.1978118 -0.9801758 0.0112161
vn -0.1854921 -0.9625703 0.1976137
vn 0.1826133 -0.9628853 0.1987569
vn 0.1950483 -0.9807478 0.009485212
vn -0.1950483 -0.9807478 -0.009484627
vn 0.197812 -0.9801758 -0.01121567
vn -0.182614 -0.9628829 -0.1987678
vn 0.1854918 -0.9625681 -0.1976245
vn -0.1978122 0.9801757 -0.01121567
vn -0.1854925 0.9625679 -0.1976248
vn 0.1826134 0.962883 -0.1987678
vn 0.1950476 0.9807479 -0.009484836
vn -0.1950483 0.9807478 0.009484934
vn 0.1978118 0.9801759 0.01121607
vn -0.1826137 0.9628852 0.198757
vn 0.1854915 0.9625704 0.1976137
vn -0.7619514 -0.0231181 0.6472214
vn -0.6488429 0.239255 0.7223294
vn -0.1815466 0.204279 0.9619308
vn -0.2437768 -0.130072 0.9610693
vn 0.1551819 0.2214783 0.9627388
vn -0.2336906 -0.7473711 0.6219527
vn -0.7713178 -0.5282429 0.3550045
vn -0.670155 -0.7270243 0.1494251
vn -0.1552058 -0.9351516 0.3184378
vn 0.243772 -0.7487127 0.616445
vn 0.1815534 -0.9254174 0.3326276
vn 0.2336888 -0.1354639 0.9628287
vn 0.6701514 0.2556184 0.6968188
vn 0.7713235 -0.0238256 0.6359972
vn 0.7619507 -0.5381523 0.3603098
vn 0.6488563 -0.7400981 0.1767492
vn -0.8858379 -0.4539204 -0.09616417
vn -0.9573895 -0.2874206 0.0281916
vn -0.8790314 -0.4337646 -0.197869
vn -0.9730692 0.06109624 0.2222692
vn -0.7873465 -0.1338022 0.6018159
vn -0.6227295 0.3197205 0.7141336
vn -0.7204316 0.5296273 0.4477422
vn -0.9808421 0.1427562 0.1325502
vn -0.7086718 0.6022533 0.3675258
vn -0.7106089 0.6292087 0.3148513
vn -0.9669154 -0.2420786 -0.08045297
vn -0.9796418 0.1936891 0.05278647
vn -0.9683399 -0.1925602 -0.1588658
vn -0.8736915 -0.408106 -0.2647879
vn -0.8773215 -0.337332 -0.3413414
vn -0.9724258 0.2252331 -0.06048238
vn -0.7228082 0.6563945 0.2160892
vn -0.6227164 0.7754993 -0.1040441
vn -0.7873417 0.4412735 -0.4305471
vn -0.9593659 -0.1209469 -0.2549292
vn -0.6488427 -0.239255 -0.7223297
vn -0.7619467 0.02311302 -0.6472272
vn -0.1815521 -0.2042664 -0.9619325
vn -0.2437554 0.1300753 -0.9610742
vn 0.1552219 -0.221443 -0.9627404
vn -0.2336782 0.7473619 -0.6219684
vn -0.7713129 0.5282419 -0.3550168
vn -0.6701484 0.7270301 -0.1494273
vn -0.1551966 0.9351528 -0.3184386
vn 0.2437604 0.7487034 -0.6164608
vn 0.1815447 0.9254184 -0.3326295
vn 0.2336808 0.1354606 -0.9628311
vn 0.6701496 -0.2556214 -0.6968194
vn 0.7713089 0.02380797 -0.6360155
vn 0.7619455 0.5381514 -0.3603223
vn 0.6488479 0.7401044 -0.1767538
vn -0.88584 0.4539163 0.09616416
vn -0.95739 0.2874185 -0.02819482
vn -0.8790309 0.433765 0.1978702
vn -0.9730715 -0.06108245 -0.2222631
vn -0.7873459 0.1338292 -0.6018106
vn -0.6227044 -0.3197106 -0.7141598
vn -0.7204278 -0.5296328 -0.447742
vn -0.9808416 -0.1427575 -0.1325518
vn -0.7086654 -0.602261 -0.3675257
vn -0.710615 -0.6292014 -0.3148521
vn -0.9669151 0.2420795 0.08045355
vn -0.9796408 -0.1936937 -0.05278882
vn -0.968339 0.1925617 0.1588699
vn -0.8736855 0.4081137 0.2647958
vn -0.877319 0.3373332 0.341347
vn -0.9724257 -0.2252327 0.06048557
vn -0.7228058 -0.6563954 -0.2160944
vn -0.6227194 -0.7754974 0.1040402
vn -0.7873495 -0.4412731 0.4305333
vn -0.9593649 0.1209485 0.2549321
vn 0.8858395 -0.3206839 -0.3353361
vn 0.9573906 -0.1273105 -0.2592205
vn 0.8790308 -0.3965524 -0.2646717
vn 0.9593657 0.2804194 -0.03134328
vn 0.8773196 0.4677896 0.1071603
vn 0.9683393 0.2364348 0.08010942
vn 0.8736861 0.4399554 0.2076337
vn 0.8790336 0.3965501 0.2646655
vn 0.9669152 -0.1958231 -0.1634881
vn 0.9669167 0.1958208 0.163482
vn 0.9683391 -0.2364351 -0.08011062
vn 0.8736862 -0.4399548 -0.2076351
vn 0.8773204 -0.4677876 -0.1071618
vn 0.9573905 0.1273066 0.2592225
vn 0.8858406 0.3206811 0.3353358
vn 0.959365 -0.2804217 0.03134392
vn 0.2387731 0.2202864 -0.9457597
vn 0.7873429 0.133834 -0.6018136
vn 0.6227043 -0.3197109 -0.7141598
vn 0.1565232 -0.4168494 -0.8953977
vn -0.2387683 0.2202834 -0.9457616
vn -0.1565232 -0.4168492 -0.8953978
vn 0.7713105 -0.02381654 0.6360133
vn 0.9730699 -0.2211426 0.06504548
vn 0.7873464 -0.4412731 0.4305389
vn 0.6227192 -0.7754976 0.1040401
vn 0.7204243 -0.6594743 -0.2146685
vn 0.9808413 -0.1878462 -0.0516155
vn 0.7086661 -0.6294939 -0.3186375
vn 0.7106168 -0.5988857 -0.369269
vn 0.9796405 -0.1468345 -0.1369087
vn 0.9724271 -0.06711829 -0.2233399
vn 0.7228109 -0.5292236 -0.4443724
vn -0.2387875 -0.6881986 0.685101
vn -0.1565535 -0.9807328 0.1168507
vn 0.2387923 -0.6881953 0.6851025
vn 0.1565535 -0.9807329 0.1168505
vn -0.2387803 0.688207 -0.685095
vn -0.1565501 0.9807333 -0.1168522
vn 0.2387755 0.6882101 -0.6850935
vn 0.15655 0.9807333 -0.116852
vn 0.6227161 0.7754995 -0.1040439
vn 0.7873447 0.4412735 -0.4305415
vn 0.7713217 0.0238163 -0.6359998
vn 0.9730697 0.2211439 -0.06504431
vn 0.720432 0.6594692 0.2146582
vn 0.980842 0.1878432 0.05161341
vn 0.7086686 0.6294935 0.3186327
vn 0.7106181 0.5988838 0.3692698
vn 0.9796416 0.1468325 0.1369034
vn 0.9724252 0.06712414 0.2233464
vn 0.7228084 0.5292245 0.4443754
vn 0.6227294 0.3197207 0.7141336
vn 0.7873496 -0.1337974 0.601813
vn 0.2387925 -0.2202865 0.9457547
vn 0.1565762 0.4168567 0.895385
vn -0.2387974 -0.2202895 0.9457528
vn -0.1565763 0.4168566 0.895385
vn -0.1978485 -0.8598009 -0.4707424
vn -0.1868196 -0.9141361 -0.3597969
vn 0.1840005 -0.9148768 -0.3593666
vn 0.1950759 -0.8597534 -0.4719846
vn -0.1950776 -0.8538422 -0.4825953
vn 0.1978482 -0.8528114 -0.4832895
vn -0.1839956 -0.7870976 -0.588747
vn 0.186813 -0.787074 -0.5878907
vn -0.1978457 0.8598023 0.470741
vn -0.18683 0.914135 0.359794
vn 0.1840045 0.9148775 0.3593627
vn 0.1950638 0.8597554 0.4719861
vn -0.1950776 0.8538421 0.4825954
vn 0.1978491 0.8528106 0.4832907
vn -0.1840143 0.7870987 0.5887396
vn 0.1868353 0.787075 0.5878822
vn -0.7672473 -0.01670361 0.6411338
vn -0.6516379 0.2478608 0.7168913
vn -0.1842895 0.2181395 0.9583592
vn -0.2491589 -0.1223028 0.9607091
vn 0.1574636 0.2354386 0.9590484
vn -0.2389911 -0.7512705 0.6152039
vn -0.7765596 -0.52624 0.3464487
vn -0.6728248 -0.7265666 0.1393122
vn -0.157488 -0.9393703 0.3045994
vn 0.2491559 -0.752484 0.6096632
vn 0.1842947 -0.929686 0.3189348
vn 0.2389861 -0.1276564 0.9625952
vn 0.6728296 0.2639571 0.6911055
vn 0.7765626 -0.01759769 0.6297942
vn 0.7672496 -0.536346 0.3516544
vn 0.6516446 -0.7400139 0.1665494
vn -0.8863075 -0.452249 -0.09964819
vn -0.9581293 -0.2853194 0.02410704
vn -0.879067 -0.4332469 -0.1988426
vn -0.9738194 0.06341094 0.2183002
vn -0.7930117 -0.1281472 0.595576
vn -0.6255912 0.3266244 0.7084858
vn -0.7208136 0.5317476 0.4446034
vn -0.9809021 0.1434138 0.1313909
vn -0.708694 0.602656 0.3668223
vn -0.7106491 0.6287699 0.3156364
vn -0.966978 -0.2414253 -0.0816545
vn -0.9797063 0.1930263 0.05400304
vn -0.9683967 -0.1932012 -0.1577376
vn -0.8737124 -0.408588 -0.2639744
vn -0.8777646 -0.3393847 -0.3381527
vn -0.9731567 0.2231078 -0.05647095
vn -0.7231744 0.6548688 0.2194667
vn -0.6255907 0.7743235 -0.09518156
vn -0.7930076 0.4389679 -0.4224289
vn -0.9601012 -0.1233039 -0.2510015
vn -0.6516402 -0.2479137 -0.716871
vn -0.7672431 0.01668825 -0.6411393
vn -0.1842895 -0.2181406 -0.9583591
vn -0.2491582 0.1223012 -0.9607095
vn 0.1574624 -0.2354402 -0.9590482
vn -0.2389923 0.7512695 -0.6152048
vn -0.7765589 0.5262418 -0.3464475
vn -0.6728252 0.7265666 -0.1393104
vn -0.1574952 0.9393687 -0.304601
vn 0.2491557 0.7524826 -0.609665
vn 0.1842972 0.9296857 -0.3189343
vn 0.2389743 0.1276562 -0.9625982
vn 0.6728143 -0.263973 -0.6911145
vn 0.7765517 0.01759765 -0.6298077
vn 0.7672456 0.5363531 -0.3516526
vn 0.6516472 0.7400131 -0.1665432
vn -0.8863076 0.4522488 0.09964842
vn -0.9581293 0.2853192 -0.02410677
vn -0.8790681 0.4332449 0.1988419
vn -0.9738196 -0.06341388 -0.2182985
vn -0.7930042 0.1281332 -0.595589
vn -0.6255798 -0.3266384 -0.7084895
vn -0.7208138 -0.531747 -0.4446037
vn -0.9809023 -0.1434134 -0.1313904
vn -0.7086939 -0.6026559 -0.3668226
vn -0.7106493 -0.6287696 -0.3156365
vn -0.966978 0.2414251 0.08165487
vn -0.9797063 -0.1930266 -0.05400301
vn -0.9683973 0.1931986 0.1577375
vn -0.8737174 0.4085781 0.2639731
vn -0.8777653 0.3393829 0.3381527
vn -0.9731566 -0.2231081 0.05647159
vn -0.7231725 -0.6548712 -0.2194658
vn -0.6255898 -0.7743241 0.09518126
vn -0.7930084 -0.4389677 0.4224275
vn -0.9601011 0.1233044 0.251002
vn 0.8863115 -0.322766 -0.3320753
vn 0.9581304 -0.1296817 -0.2552819
vn 0.8790674 -0.3971075 -0.263716
vn 0.9601019 0.2783175 -0.02726974
vn 0.8777678 0.4661478 0.1105885
vn 0.9683973 0.2358084 0.08124692
vn 0.8737167 0.4395024 0.2084628
vn 0.8790691 0.3971047 0.2637146
vn 0.966978 -0.1965014 -0.1622982
vn 0.966978 0.1965013 0.1622984
vn 0.9683968 -0.2358098 -0.08124819
vn 0.8737122 -0.4395084 -0.2084689
vn 0.8777682 -0.4661473 -0.1105881
vn 0.9581296 0.1296779 0.2552867
vn 0.8863136 0.3227592 0.3320763
vn 0.9601023 -0.2783162 0.02727256
vn 0.2444407 0.2134 -0.9458907
vn 0.7930013 0.1281377 -0.5955919
vn 0.6255792 -0.3266391 -0.7084896
vn 0.1581706 -0.4263313 -0.890631
vn -0.2444367 0.2133972 -0.9458923
vn -0.158171 -0.4263311 -0.8906311
vn 0.9738185 -0.2189951 0.06098112
vn 0.7930062 -0.4389664 0.422433
vn 0.6255894 -0.7743245 0.09518077
vn 0.7208103 -0.6579208 -0.2181115
vn 0.9809023 -0.1872025 -0.05278348
vn 0.7086971 -0.6291025 -0.3193408
vn 0.7106472 -0.5993297 -0.3684895
vn 0.9669796 0.1964972 0.162294
vn 0.9797055 -0.1475194 -0.1357028
vn 0.9731575 -0.06941761 -0.2194213
vn 0.7231757 -0.531295 -0.4412963
vn -0.244451 -0.6919309 0.6793197
vn -0.158185 -0.9816728 0.1062832
vn 0.244455 -0.6919279 0.6793214
vn 0.1581843 -0.9816729 0.1062831
vn -0.9601029 0.1232984 0.2509979
vn -0.9601027 -0.1232993 -0.250998
vn -0.2444499 0.6919299 -0.6793211
vn -0.1581849 0.9816724 -0.1062861
vn 0.2444536 0.6919272 -0.6793226
vn 0.1581846 0.9816725 -0.106286
vn 0.6255901 0.7743239 -0.09518097
vn 0.7930055 0.4389668 -0.4224338
vn 0.9738184 0.2189957 -0.06098068
vn 0.7208123 0.6579185 0.2181118
vn 0.9809022 0.1872028 0.05278346
vn 0.7086982 0.6291017 0.3193398
vn 0.7106491 0.5993283 0.3684881
vn 0.9797054 0.1475197 0.135703
vn 0.9731575 0.06941326 0.2194227
vn 0.7231768 0.5312943 0.4412955
vn 0.6255907 0.326625 0.708486
vn 0.7930115 -0.1281473 0.5955761
vn 0.2444514 -0.2134027 0.9458873
vn 0.1581706 0.4263313 0.890631
vn -0.2444521 -0.2134026 0.9458871
vn -0.1581713 0.4263312 0.890631
vn -0.1868852 -0.9127843 -0.3631787
vn 0.1840653 -0.91352 -0.3627689
vn 0.1950784 -0.8596693 -0.4721368
vn -0.1950756 -0.8539304 -0.4824402
vn -0.1840649 -0.7892805 -0.5857955
vn 0.1868842 -0.7892421 -0.584954
vn -0.1868876 0.9127836 0.3631794
vn 0.184067 0.9135194 0.3627694
vn 0.1950784 0.8596691 0.4721372
vn -0.1950786 0.8539297 0.4824401
vn -0.1840657 0.7892804 0.5857954
vn 0.1868842 0.7892421 0.584954
vn -0.8660849 0.007083462 -0.4998466
vn -0.4931304 0.1996606 -0.8467337
vn -0.8538843 0.186894 -0.4857492
vn -0.5000266 0.01238479 -0.8659215
vn -0.8534865 -0.1695517 -0.4927606
vn 5.174525E-05 0.2043093 -0.9789064
vn -0.3821869 0.6720537 -0.6342531
vn 2.188779E-06 0.6763651 -0.7365664
vn 0.4931975 0.1995825 -0.8467131
vn 0.3821818 0.6720555 -0.6342542
vn 4.963352E-05 0.01434368 -0.9998971
vn 0.5000882 0.01246281 -0.8658848
vn -0.4927607 -0.1695629 -0.8534842
vn 1.711241E-06 -0.1695545 -0.9855208
vn 0.4927579 -0.1695642 -0.8534856
vn 0.3821821 -0.6447816 -0.6619618
vn 2.045303E-06 -0.6447834 -0.7643653
vn -0.3821841 -0.6447839 -0.6619585
vn -0.6619612 -0.6447794 -0.3821869
vn 0.6619577 -0.6447852 -0.3821833
vn 0.8534881 -0.1695474 -0.4927593
vn 0.7643672 -0.6447812 1.475575E-07
vn 0.9855224 -0.1695452 5.367075E-07
vn 0.8660979 0.007210393 -0.4998225
vn 1 -5.511506E-05 0.0001603172
vn 0.8539177 0.1867655 -0.4857399
vn 0.6619568 0.660296 -0.3547145
vn 0.9855541 0.1692179 0.006957306
vn 0.7643666 0.6442111 0.02712391
vn 0.8531175 0.15163 0.4991984
vn 0.6619565 0.6281403 0.4089662
vn 0.865957 -0.007415829 0.5000635
vn 0.8534863 -0.1695455 0.492763
vn 0.6619616 -0.6447788 0.3821873
vn 0.3821884 -0.6447688 0.6619707
vn 0.4927605 -0.1695475 0.8534874
vn 1.077989E-06 -0.6447783 0.7643697
vn 2.745772E-06 -0.1695491 0.9855217
vn 0.4999347 -0.01286987 0.8659675
vn 0.4923806 0.1387415 0.8592509
vn 0.3821764 0.6163706 0.6884972
vn -0.3821898 -0.6447686 0.6619701
vn -0.4927654 -0.1695469 0.8534847
vn -0.6619598 -0.6447809 0.3821868
vn -0.8534849 -0.1695449 0.4927657
vn -0.8659305 -0.007521345 0.5001078
vn -0.4998902 -0.01292524 0.8659924
vn -0.8530769 0.15173 0.4992371
vn 3.008468E-05 -0.01489153 0.9998891
vn -0.4923273 0.1387938 0.859273
vn 2.841319E-05 0.1340302 0.9909772
vn 7.41881E-07 0.6120526 0.7908171
vn -0.3821797 0.6163651 0.6885003
vn -0.6619592 0.6281364 0.4089678
vn -0.764367 -0.6447814 -1.475575E-07
vn -0.9855223 -0.1695458 4.822589E-07
vn -0.9999999 -0.0001891442 0.0001847185
vn -0.9855322 0.1693446 0.006987547
vn -0.7643651 0.6442128 0.02712448
vn -0.6619603 0.6602893 -0.3547205
vn -0.1208091 0.9783143 -0.1682447
vn -0.2092545 0.9745927 -0.07988558
vn -1.554823E-06 0.9796756 -0.2005886
vn -0.08015327 0.9803537 0.1802279
vn -0.3215035 0.9460701 0.03983471
vn -0.2784248 0.9393111 0.200435
vn 1.607785E-06 0.9593428 0.2822434
vn 0.120812 0.978314 -0.1682439
vn 0.1208175 0.9607059 0.2498944
vn 0.2092552 0.9745923 -0.07988807
vn 0.2784253 0.9393099 0.2004402
vn 0.3215005 0.9460711 0.03983407
vn -0.0964529 -0.9812164 -0.1670665
vn -0.2784317 -0.9469082 -0.1607506
vn -0.3215045 -0.9469081 -1.692748E-07
vn -0.2092593 -0.9703679 0.120817
vn -0.09645579 -0.9812165 0.1670638
vn -2.845096E-06 -0.9703674 -0.2416339
vn 2.829686E-06 -0.9703674 0.241634
vn 0.1208215 -0.970366 -0.2092654
vn 0.1208178 -0.9703656 0.2092692
vn 0.2092591 -0.9703679 -0.1208169
vn 0.2784318 -0.9469081 0.1607508
vn 0.3215043 -0.9469081 1.077203E-07
vn 0.9397255 0.007084353 0.3418564
vn 0.6326711 0.199669 0.7482377
vn 0.9252614 0.1868937 0.3300942
vn 0.642797 0.01238681 0.7659364
vn 0.9260891 -0.1695471 0.3370648
vn 0.169942 0.2043034 0.9640434
vn 0.4865207 0.6720491 0.5582541
vn 0.127905 0.6763649 0.7253764
vn -0.3386804 0.1995944 0.9194877
vn -0.266241 0.6720637 0.6909748
vn 0.1735761 0.01434181 0.984716
vn -0.3421376 0.01246057 0.9395672
vn 0.6334779 -0.1695458 0.754957
vn 0.1711293 -0.1695369 0.9705524
vn -0.3370659 -0.1695364 0.9260907
vn -0.2614235 -0.6447874 0.7182666
vn 0.1327304 -0.6447704 0.7527641
vn 0.4913217 -0.6447882 0.585535
vn 0.7182693 -0.6447837 0.2614253
vn -0.5855486 -0.6447712 0.4913277
vn -0.7549599 -0.1695337 0.6334776
vn -0.7527555 -0.6447805 0.1327306
vn -0.9705499 -0.1695454 0.1711353
vn -0.7661475 0.007211227 0.6426243
vn -0.9848348 -5.409746E-05 0.1734948
vn -0.7566015 0.1867607 0.6266376
vn -0.5903079 0.6602896 0.4642782
vn -0.9717897 0.1692162 0.1642883
vn -0.757465 0.64421 0.1060204
vn -0.9268406 0.1516345 -0.3434728
vn -0.7229181 0.6281376 -0.2878064
vn -0.939636 -0.007415321 -0.3420954
vn -0.9260885 -0.1695451 -0.3370676
vn -0.7182687 -0.6447846 -0.2614248
vn -0.491327 -0.6447752 -0.5855449
vn -0.6334782 -0.1695327 -0.7549596
vn -0.1327339 -0.6447656 -0.7527676
vn -0.1711379 -0.1695369 -0.9705509
vn -0.6427104 -0.01286773 -0.7660011
vn -0.6341053 0.1387444 -0.7606974
vn -0.4959278 0.6163718 -0.611671
vn 0.2614237 -0.644787 -0.718267
vn 0.3370658 -0.169536 -0.9260908
vn 0.5855488 -0.6447709 -0.4913278
vn 0.7549598 -0.1695334 -0.6334779
vn 0.7659319 -0.007521302 -0.6428777
vn 0.3419137 -0.01292106 -0.9396425
vn 0.753423 0.1517392 -0.6397882
vn -0.1736506 -0.01489164 -0.9846947
vn 0.3356345 0.1387844 -0.9317126
vn -0.1721083 0.1340163 -0.9759192
vn -0.1373259 0.6120526 -0.7788024
vn 0.2568197 0.616369 -0.744401
vn 0.5808857 0.6281382 -0.5177009
vn 0.7527555 -0.6447804 -0.1327306
vn 0.97055 -0.1695448 -0.171135
vn 0.9847755 -0.0001891189 -0.1738309
vn 0.9693461 0.1693463 -0.1780167
vn 0.7480441 0.6442111 -0.1594429
vn 0.7134993 0.6602901 0.2343839
vn 0.148195 0.9783127 0.1447152
vn 0.2199511 0.9745918 0.0423369
vn 0.03483087 0.9796755 0.1975417
vn 0.04764033 0.9803527 -0.1914131
vn 0.3097044 0.9460695 -0.09505591
vn 0.2394012 0.9393038 -0.2457546
vn -0.04901088 0.9593458 -0.2779455
vn -0.08976088 0.9783133 0.1866709
vn -0.1623688 0.9607085 -0.2251123
vn -0.192202 0.9745933 0.1150061
vn -0.3090057 0.9393084 -0.1490475
vn -0.3235375 0.9460697 0.01660201
vn 0.123993 -0.9812194 0.1477641
vn 0.3021178 -0.946907 0.1099633
vn 0.3166212 -0.9469077 -0.05582792
vn 0.1850984 -0.9703691 -0.155314
vn 0.06597088 -0.9812196 -0.1812621
vn 0.04195444 -0.9703673 0.2379648
vn -0.04195445 -0.9703673 -0.2379647
vn -0.08263569 -0.9703708 0.2270505
vn -0.1553147 -0.9703705 -0.1850904
vn -0.1850983 -0.9703691 0.155314
vn -0.3021177 -0.946907 -0.1099632
vn -0.3166212 -0.9469077 0.05582799
vn 0.4998507 0.007083523 -0.8660826
vn 0.8467334 0.1996689 -0.4931276
vn 0.4857479 0.1868814 -0.8538877
vn 0.8659213 0.01238462 -0.5000271
vn 0.9789055 0.2043134 4.862309E-05
vn 0.6342512 0.6720592 -0.3821804
vn 0.7365669 0.6763647 -6.148229E-08
vn 0.846709 0.1995941 0.4931999
vn 0.6342534 0.6720563 0.3821817
vn 0.9998971 0.01434441 4.792738E-05
vn 0.8658828 0.01246194 0.5000917
vn 0.4998224 0.007211881 0.8660979
vn 0.4857394 0.1867575 0.8539197
vn 0.3547193 0.6602935 0.6619566
vn -0.006957569 0.1692149 0.9855546
vn -0.0271239 0.6442133 0.7643648
vn -0.4991986 0.1516289 0.8531175
vn -0.4089663 0.628139 0.6619577
vn -0.5000655 -0.007415575 0.8659558
vn -0.8659679 -0.01286716 0.4999341
vn -0.8592507 0.1387338 0.4923832
vn -0.6884983 0.6163669 0.3821806
vn -0.5001152 -0.007518995 -0.8659262
vn -0.8659949 -0.01292184 -0.4998859
vn -0.499239 0.1517256 -0.8530766
vn -0.9998891 -0.01489129 2.690652E-05
vn -0.8592731 0.138785 -0.4923297
vn -0.9909783 0.1340224 2.73602E-05
vn -0.7908138 0.6120568 6.148226E-08
vn -0.6884998 0.6163644 -0.3821819
vn -0.408966 0.6281403 -0.6619566
vn -0.0001826434 -0.000189412 -0.9999999
vn -0.006989099 0.1693452 -0.985532
vn -0.02712327 0.6442129 -0.7643651
vn 0.3547189 0.6602929 -0.6619576
vn 0.1682512 0.9783125 -0.1208149
vn 0.07988519 0.9745944 -0.2092469
vn 0.2005952 0.9796742 -1.175581E-07
vn -0.1802273 0.9803539 -0.0801522
vn -0.03983511 0.9460717 -0.3214987
vn -0.200436 0.9393116 -0.2784226
vn -0.2822347 0.9593453 2.309915E-07
vn 0.1682498 0.978313 0.1208121
vn -0.2498906 0.9607073 0.1208145
vn 0.07988294 0.974594 0.2092492
vn -0.2004395 0.9393118 0.2784193
vn -0.03982999 0.9460718 0.3214991
vn 0.1670549 -0.9812188 -0.09644863
vn 0.1607454 -0.9469117 -0.2784228
vn 2.785338E-06 -0.9469097 -0.3214997
vn -0.1208118 -0.970371 -0.2092477
vn -0.1670562 -0.9812183 -0.0964507
vn 0.2416287 -0.9703688 4.240652E-08
vn -0.2416287 -0.9703688 -6.553736E-08
vn 0.209256 -0.9703689 0.120815
vn -0.160745 -0.9469119 0.2784223
vn -2.728913E-06 -0.9469097 0.3214997
vn 0.3821979 0.6163457 0.6885076
vn 2.607396E-05 0.1339982 0.9909816
vn -0.3821912 0.6163628 0.6884961
vn -0.866084 0.1776156 -0.4672806
vn -0.4931328 0.4772218 -0.7273785
vn -0.8538868 0.341754 -0.3925321
vn -0.5000292 0.3077988 -0.8094632
vn -0.8534864 0.009212743 -0.5210336
vn 4.97833E-05 0.5267988 -0.84999
vn -0.3821874 0.8484515 -0.3661459
vn 2.610945E-06 0.8874972 -0.460813
vn 0.4932032 0.4771427 -0.7273826
vn 0.382185 0.8484509 -0.3661498
vn 4.905465E-05 0.3554613 -0.934691
vn 0.5000936 0.3078577 -0.809401
vn -0.4927584 0.1326084 -0.8600024
vn 5.561523E-07 0.1777616 -0.9840736
vn 0.4927602 0.1326042 -0.860002
vn 0.3821957 -0.3794628 -0.8425761
vn -1.25014E-06 -0.3444366 -0.9388096
vn -0.3821894 -0.3794692 -0.8425761
vn -0.6619687 -0.4751735 -0.5796616
vn 0.6619707 -0.4751665 -0.579665
vn 0.8534834 0.009208529 -0.5210386
vn 0.7643656 -0.6058972 -0.2205307
vn 0.9855226 -0.1593196 -0.05798668
vn 0.8660952 0.1777283 -0.4672171
vn 0.8539186 0.3416331 -0.3925684
vn 0.6619586 0.7417925 -0.1074927
vn 0.985554 0.1566344 0.06441256
vn 0.7643632 0.5960874 0.2458228
vn 0.8531142 -0.02823574 0.5209595
vn 0.6619532 0.4503921 0.5991369
vn 0.8659543 -0.1780045 0.4673729
vn 0.8534872 -0.327851 0.4050597
vn 0.661965 -0.7366064 0.1386125
vn 0.3821848 -0.8322951 0.4015217
vn 0.4927631 -0.4512293 0.7440273
vn 1.176358E-06 -0.867323 0.4977458
vn -5.989344E-07 -0.4963933 0.8680978
vn 0.4999358 -0.3082722 0.8093408
vn 0.4923801 -0.1635122 0.8548834
vn 0.3821806 0.3437288 0.8577812
vn -0.3821834 -0.8322976 0.401518
vn -0.4927616 -0.451225 0.7440309
vn -0.6619648 -0.736607 0.1386103
vn -0.8534881 -0.32785 0.4050584
vn -0.8659285 -0.1781165 0.4673781
vn -0.4998881 -0.3083333 0.809347
vn -0.853075 -0.02816201 0.5210277
vn 2.810996E-05 -0.3559775 0.9344946
vn -0.4923288 -0.1634781 0.8549195
vn 2.994031E-05 -0.2130002 0.9770522
vn 1.282932E-06 0.3046638 0.9524599
vn -0.3821792 0.3437294 0.8577815
vn -0.6619511 0.4503987 0.5991341
vn -0.7643701 -0.6058924 -0.2205284
vn -0.985522 -0.159323 -0.05798783
vn -0.9855317 0.1567439 0.06448583
vn -0.7643648 0.5960848 0.2458238
vn -0.6619599 0.7417909 -0.1074962
vn -0.1208136 0.9768583 0.1764989
vn -0.2092535 0.9431405 0.2582615
vn 5.24402E-07 0.9892002 0.1465708
vn -0.08015322 0.8595953 0.5046498
vn -0.3214957 0.8753926 0.3610103
vn -0.2784227 0.8141097 0.5096138
vn 4.634442E-06 0.8049605 0.5933283
vn 0.1208146 0.9768586 0.1764969
vn 0.1208132 0.8173078 0.5633935
vn 0.2092555 0.9431401 0.2582614
vn 0.2784194 0.8141122 0.5096117
vn 0.321494 0.8753938 0.3610087
vn -0.09645404 -0.864903 -0.4925843
vn -0.2784497 -0.8348104 -0.4749287
vn -0.3215077 -0.8898028 -0.3238578
vn -0.209257 -0.9531696 -0.2183558
vn -0.09644943 -0.9791812 -0.1786105
vn 1.098719E-06 -0.8291985 -0.5589542
vn -8.29296E-08 -0.994491 -0.1048224
vn 0.1208165 -0.8402733 -0.5285302
vn 0.1208123 -0.9834191 -0.1352447
vn 0.2092734 -0.8705218 -0.4454171
vn 0.2784324 -0.9447827 -0.1728036
vn 0.3215155 -0.8897989 -0.3238607
vn 0.3821805 -0.3795083 -0.8425624
vn -0.382178 -0.3795098 -0.842563
vn 0.6619613 0.7417887 -0.1075029
vn 0.3821819 -0.8323069 0.4014999
vn 3.196099E-05 -0.2129929 0.9770538
vn -0.3215025 0.8753926 0.361004
vn -0.1179233 0.8911566 0.4381029
vn -0.1182905 0.8911327 0.4380524
vn 0.1175264 0.8911977 0.4381258
vn 0.1171689 0.891255 0.438105
vn 0.4651111 0.7942738 0.3908974
vn 0.4820031 0.8276068 0.2876455
vn 0.1235588 0.9375913 0.3250473
vn -0.1244479 0.9374945 0.3249872
vn 0.1281397 0.9747896 0.1826618
vn -0.1290568 0.9746683 0.182664
vn 0.4644139 0.7946509 0.3909599
vn 0.1228955 0.9376774 0.3250507
vn 0.4807132 0.8282972 0.2878169
vn -0.1237835 0.937564 0.3250404
vn -0.1286857 0.9747188 0.1826562
vn 0.1277644 0.9748315 0.1827016
vn 0.493855 0.8545604 0.1607286
vn -0.4651336 -0.7943018 -0.3908137
vn -0.8444056 -0.4804998 -0.2368526
vn -0.8447342 -0.4800556 -0.2365814
vn -0.4644128 -0.7946103 -0.3910438
vn -0.4820347 -0.8276069 -0.2875926
vn -0.8552388 -0.489312 -0.1707055
vn -0.4807452 -0.8282651 -0.2878558
vn -0.8546838 -0.4901672 -0.1710312
vn -0.8656936 -0.4998084 -0.02767959
vn -0.9914164 -0.1305403 -0.007264379
vn -0.8625538 -0.4971602 -0.09398212
vn -0.9911391 -0.130495 -0.02478364
vn -0.9914186 0.1305231 0.007276929
vn -0.8657312 0.4997399 0.02773945
vn -0.9911562 0.1303687 0.02476581
vn -0.9904302 -0.1302613 -0.04560861
vn -0.9904639 0.1300342 0.04552494
vn -0.4993774 0.865068 0.04774478
vn -0.1300023 0.9900192 0.05441826
vn 0.1307395 0.9899246 0.05437349
vn 0.4998864 0.8647799 0.04763598
vn 0.1289142 0.9746898 0.1826497
vn -0.1282798 0.9747671 0.1826839
vn -0.4946037 0.8541444 0.1606378
vn -0.4820254 0.8276129 0.2875907
vn -0.9894667 0.1298071 0.06407741
vn -0.8447309 0.4800576 0.236589
vn -0.8444069 0.4805003 0.2368468
vn -0.9894871 -0.1296849 -0.06400866
vn -0.8628535 -0.4966527 -0.09391443
vn 0.4997871 -0.8648317 -0.04773689
vn 0.1306901 -0.9899288 -0.05441482
vn 0.4943708 -0.8542734 -0.1606685
vn -0.1299516 -0.9900281 -0.05437729
vn 0.1285443 -0.9747335 -0.1826769
vn 0.4812241 -0.8280329 -0.2877239
vn 0.1236425 -0.9375952 -0.3250042
vn -0.1279111 -0.974818 -0.1826709
vn -0.4992826 -0.8651277 -0.04765442
vn -0.1230395 -0.9376556 -0.3250588
vn -0.4938884 -0.8545524 -0.1606687
vn 0.1402814 -0.884176 -0.445594
vn -0.117214 -0.8912329 -0.4381379
vn 0.118225 -0.8911223 -0.438091
vn -0.1175662 -0.8912115 -0.4380872
vn 0.1242945 -0.9375032 -0.325021
vn -0.1236861 -0.9375837 -0.3250209
vn -0.1282774 -0.9747672 -0.1826849
vn -0.4946137 -0.8541389 -0.1606361
vn 0.9932946 -0.103664 -0.05118215
vn 0.84457 -0.480294 -0.2366834
vn 0.8448699 -0.4798307 -0.2365533
vn 0.9894742 -0.1297651 -0.06404443
vn 0.9894748 0.129761 0.06404351
vn 0.9932945 0.1036652 0.05118053
vn 0.8445709 0.4802927 0.2366829
vn 0.8448712 0.4798298 0.2365505
vn 0.9904415 -0.130186 -0.04557634
vn 0.9904743 0.1299599 0.04550791
vn 0.8548754 -0.4898786 -0.1709007
vn 0.9911491 -0.1304204 -0.0247762
vn 0.9911667 0.1302938 0.02474273
vn 0.865873 0.4994988 0.02765647
vn 0.9914244 0.1304797 0.007258771
vn 0.9945226 -0.1043597 -0.005818002
vn 0.865831 -0.4995675 -0.02773157
vn 0.8627329 -0.496854 -0.0939579
vn 0.8444438 -0.4804736 -0.2367695
vn 0.4643978 -0.7946578 -0.3909649
vn 0.4186672 -0.8103492 -0.4099414
vn 0.480709 -0.8282987 -0.2878197
vn 0.854753 -0.490069 -0.1709671
vn 0.4820037 -0.8276064 -0.2876459
vn 0.8552944 -0.4892127 -0.1707118
vn 0.8444443 0.4804747 0.2367654
vn 0.8626118 -0.4970571 -0.09399451
vn 0.99047 -0.1299904 -0.04551655
vn -0.8448594 -0.4798768 -0.236497
vn -0.9894917 -0.1296556 -0.06399652
vn -0.9894915 0.1296572 0.06399581
vn -0.8448516 0.4798884 0.2365013
vn -0.854811 -0.4899709 -0.1709584
vn -0.499895 -0.8647702 -0.04772312
vn -0.4997939 0.8648334 0.04763602
vn -0.4943915 0.8542703 0.1606218
vn -0.862671 0.4969631 0.09394847
vn -0.4812333 0.8280087 0.2877778
vn -0.8548074 0.4899751 0.1709643
vn 0.4993716 -0.8650765 -0.04765004
vn 0.1299489 -0.9900286 -0.05437542
vn -0.1307944 -0.9899154 -0.05440947
vn -0.1290561 -0.9746673 -0.1826697
vn 0.1281369 -0.9747882 -0.1826711
vn 0.4945888 -0.8541602 -0.1605993
vn 0.9914209 -0.1305068 -0.007261147
vn 0.9945204 0.104381 0.005819588
vn 0.8657138 0.49977 0.02774096
vn 0.8626126 0.4970552 0.0939981
vn 0.4992698 0.8651298 0.04775093
vn 0.1298992 0.9900327 0.05441859
vn -0.1307395 0.9899249 0.05436788
vn -0.9914225 -0.1304933 -0.007274432
vn 0.8547509 0.4900734 0.1709648
vn 0 -0.9255192 -0.3787008
vn 0.862732 0.4968557 0.09395637
vn 0.4943644 0.8542766 0.1606715
vn 0.8548769 0.4898755 0.1709023
vn 0.4812224 0.8280309 0.2877321
vn -0.8625507 0.4971656 0.09398261
vn -0.1299515 0.9900284 0.05437147
vn -0.1279088 0.9748179 0.1826731
vn -0.4938768 0.8545581 0.1606739
vn 0.9914249 -0.1304764 -0.007258635
vn 0.9904424 0.1301797 0.04557571
vn -0.4807311 0.8282709 0.2878628
vn -0.8546825 0.4901707 0.1710279
vn 0.4938537 -0.8545622 -0.1607233
vn 0.4945903 0.8541599 0.1605966
vn -0.991422 0.1304971 0.007275483
vn 0.991421 0.130506 0.00726059
vn -0.4943925 -0.85427 -0.16062
vn -0.4812316 -0.8280101 -0.2877764
vn 0.1277652 -0.9748327 -0.1826947
vn -0.1286895 -0.9747198 -0.1826478
vn 0.1228848 -0.9376808 -0.3250447
vn 0.1395751 -0.8842612 -0.4456466
vn 0.1175082 -0.8912008 -0.4381242
vn -0.1182753 -0.8911348 -0.4380522
vn -0.1244368 -0.9374934 -0.3249947
vn -0.4651303 0.7943035 0.3908143
vn -0.4644066 0.7946149 0.3910419
vn -0.1172124 0.8912334 0.4381374
vn 0.1182339 0.8911271 0.438079
vn -0.1230347 0.9376525 0.3250696
vn 0.1242926 0.9375091 0.3250047
vn 0.4656059 0.7940395 0.3907844
vn 0.4649075 0.7944168 0.3908491
vn 0.4824952 0.8273534 0.2875494
vn 0.4950914 0.85388 0.160541
vn -0.8552295 0.4893239 0.1707179
vn 0.4648919 -0.7944258 -0.3908493
vn 0.4191916 -0.8101303 -0.4098383
vn 0.4824937 -0.8273506 -0.2875603
vn 0.495096 -0.8538771 -0.160542
vn 0.8554109 0.4890298 0.1706521
vn 0.863029 0.4963649 0.09382338
vn -0.4649041 -0.7943792 -0.3909294
vn -0.4656308 -0.7940655 -0.3907019
vn -0.4825355 -0.8273448 -0.2875068
vn -0.4951198 -0.8538551 -0.1605856
vn -0.8629692 0.4964588 0.09387647
vn -0.4825365 0.8273455 0.2875031
vn -0.4656318 0.7940657 0.3907005
vn -0.4649039 0.7943793 0.3909295
vn -0.4951176 0.8538563 0.1605862
vn -0.8629678 -0.4964605 -0.09388039
vn 0.8630311 -0.4963612 -0.09382407
vn 0 0.9255191 -0.3787009
vn 0 -0.9986094 -0.05272041
vn 4.145512E-08 -0.9838284 -0.1791135
vn 0 -0.9462795 -0.3233498
vn 0 -0.8975543 -0.440904
vn 0 0.9986091 0.05272407
vn 1.047093E-07 0.9838294 0.1791083
vn 0 0.9462748 0.3233637
vn 0 0.897547 0.4409188
vn -1.023706E-06 0.9238747 -0.3826952
vn -2.471381E-06 0.3826717 -0.9238844
vn -2.471381E-06 -0.3826717 -0.9238844
vn 0.8396595 -0.5323261 -0.1077076
vn 0.8666131 -0.4989806 -1.498838E-05
vn 0.9810684 -0.1447019 -0.1287099
vn 0.8536716 -0.1713459 -0.4918186
vn 0.6986755 -0.5943757 -0.3982085
vn 0.9813076 0.1430279 -0.1287575
vn 0.8393487 0.5328165 -0.1077046
vn 0.6986293 0.5944341 -0.3982023
vn 0.8539903 0.1691229 -0.4920346
vn 0.05687136 0.8856447 -0.4608678
vn -0.1076577 0.5328602 -0.839327
vn -0.04537545 0.9063593 -0.4200642
vn 0.086079 0.4798287 -0.8731292
vn 0.3981643 0.5944242 -0.6986594
vn 0.197497 0.9146726 -0.3526599
vn -0.8356679 -0.5387814 0.1066477
vn -0.4588935 -0.8867187 0.05609534
vn -0.3457805 -0.9182457 0.19303
vn -0.6895283 -0.6089062 0.3921528
vn -0.835547 0.5389694 0.106645
vn -0.9915001 0.1301056 5.647106E-06
vn -0.9808814 0.1461082 0.1285461
vn -0.9808484 -0.1463264 0.1285493
vn -0.8527358 -0.1781497 0.4910237
vn -0.1028465 0.1664551 -0.9806708
vn 0.1287301 0.1428358 -0.9813391
vn 0.4920338 0.1691277 -0.8539898
vn -0.1286912 -0.1447024 -0.9810708
vn 0.1286906 -0.1447026 -0.9810708
vn -0.4918204 -0.1713328 -0.8536731
vn -0.4920335 0.1691277 -0.85399
vn -0.1076836 -0.5325136 -0.8395436
vn 0.1076771 -0.5325177 -0.8395419
vn -0.05713394 -0.8845922 -0.4628524
vn 0.0455742 -0.9056029 -0.4216709
vn 0.3981577 -0.5943653 -0.6987134
vn 0.4918213 -0.1713334 -0.8536725
vn -0.1026711 0.1690715 0.9802415
vn -0.1066079 0.5387752 0.835677
vn 0.08528361 0.4847107 0.8705069
vn 0.1285417 0.1461286 0.9808789
vn 0.3921093 0.6089193 0.6895415
vn 0.4910205 0.1781764 0.8527321
vn -0.1285409 -0.1461232 0.9808798
vn -0.4910072 0.178153 0.8527446
vn -0.4910008 -0.1781453 0.8527499
vn 0.1285418 -0.1461236 0.9808797
vn -0.106617 -0.5387688 0.8356799
vn 0.1066341 -0.5387858 0.8356668
vn 0.4910271 -0.1781768 0.8527282
vn 0.392121 -0.6089106 0.6895425
vn -0.09301525 -0.9956039 0.01100235
vn -0.08387057 -0.9953985 0.04634059
vn 0.1160382 -0.9931489 -0.01379606
vn 0.4989788 -0.8666142 -4.82667E-05
vn 0.4623732 -0.8848391 -0.05719051
vn 0.3543462 -0.913787 -0.1985752
vn 0.06733189 -0.9970335 -0.03729126
vn 0.1984987 -0.9137902 -0.3543808
vn 0.04654934 -0.9953626 -0.08418098
vn -0.04629926 -0.9953968 0.08391463
vn 0.4614818 0.8853222 -0.05691354
vn 0.1294744 0.9915828 -1.921131E-05
vn 0.09230556 0.9956695 -0.01103575
vn 0.08411515 0.9953654 -0.04660879
vn 0.3525818 0.9146862 -0.1975734
vn 0.04654289 0.9953644 -0.08416335
vn -0.1163865 0.9931084 0.01378152
vn -0.4588917 0.8867196 0.05609582
vn -0.6895246 0.6089121 0.3921504
vn -0.3457836 0.9182433 0.1930364
vn -0.06700625 0.9970646 0.03704522
vn -0.04629038 0.9953964 0.08392441
vn -0.1929649 0.9182342 0.3458475
vn -0.04472148 0.9066716 0.4194598
vn -0.01100813 0.9956023 0.09303212
vn 0.009168225 0.9926082 0.1210155
vn 0.0560661 0.8867005 0.4589323
vn 0.1929786 0.9182341 0.34584
vn 0.3457766 0.9182463 0.1930346
vn 0.6895239 0.6089156 0.3921461
vn -0.01099088 0.9956683 -0.09232474
vn 0.01099652 0.9896064 -0.1433809
vn -0.03723742 0.9970329 -0.06737051
vn 0.04629521 0.9953961 0.08392488
vn -0.009187092 -0.992784 -0.1195644
vn 0.01100079 -0.9956681 -0.09232628
vn 0.0109965 -0.9956012 0.09304491
vn -0.01100123 -0.9893324 0.1452593
vn 0.04473108 -0.9066733 0.4194552
vn -0.05605389 -0.8866959 0.4589426
vn -0.3921013 -0.6088811 0.6895798
vn -0.1929686 -0.9182336 0.3458471
vn -0.8527316 0.1781738 0.4910223
vn -0.3921136 0.6088934 0.689562
vn -0.8396622 -0.5323221 -0.1077059
vn -0.8666127 -0.4989813 -1.333864E-05
vn -0.9810693 -0.1446992 -0.1287053
vn -0.8536724 -0.1713437 -0.491818
vn -0.6986789 -0.5943726 -0.3982071
vn -0.9813094 0.1430245 -0.1287474
vn -0.839351 0.5328145 -0.1076967
vn -0.6986347 0.5944327 -0.3981951
vn -0.853994 0.1691217 -0.4920286
vn 0.8356695 -0.5387784 0.1066513
vn 0.4588948 -0.8867181 0.0560941
vn 0.3457821 -0.9182424 0.1930432
vn 0.6895276 -0.6089008 0.3921627
vn 0.8355486 0.5389675 0.1066422
vn 0.9915004 0.130104 3.760907E-06
vn 0.9808802 0.1461121 0.128551
vn 0.980848 -0.1463255 0.1285535
vn 0.852742 -0.1781573 0.4910101
vn 0.09301549 -0.9956039 0.01100212
vn 0.08387055 -0.9953985 0.04634061
vn -0.1160385 -0.9931489 -0.01379535
vn -0.4989793 -0.8666139 -4.729797E-05
vn -0.4623755 -0.8848381 -0.05718775
vn -0.3543471 -0.9137858 -0.1985793
vn -0.06733073 -0.9970336 -0.03729106
vn -0.1985056 -0.9137862 -0.3543874
vn -0.04654849 -0.9953631 -0.08417586
vn 0.03701271 -0.9970627 0.06705237
vn -0.4614773 0.8853247 -0.05691196
vn -0.129475 0.9915827 -1.896477E-05
vn -0.09230631 0.9956695 -0.01103558
vn -0.08411536 0.9953654 -0.04660873
vn -0.352581 0.914687 -0.1975713
vn -0.197497 0.9146726 -0.3526599
vn 0.1163869 0.9931083 0.0137814
vn 0.4588914 0.8867198 0.05609407
vn 0.06700743 0.9970645 0.03704518
vn -0.3981643 0.5944242 -0.6986594
vn 0.8527449 0.1781575 0.4910052
vn 0.1929788 -0.9182311 0.3458481
vn -0.3981583 -0.5943496 -0.6987264
vn 0 -0.9238903 -0.3826576
vn -0.749772 0.2886468 0.5954201
vn -0.6422864 0.5492598 0.5345857
vn -0.1752635 0.6229222 0.762398
vn -0.231887 0.3392852 0.9116545
vn 0.1499444 0.6382329 0.7550996
vn -0.2220045 -0.335242 0.9156019
vn -0.7592622 -0.2830609 0.5860012
vn -0.6638422 -0.5519215 0.5046743
vn -0.1499452 -0.6382328 0.7550996
vn 0.231887 -0.3392852 0.9116545
vn 0.1752632 -0.6229221 0.7623981
vn 0.2220043 0.335242 0.9156019
vn 0.663843 0.5519208 0.504674
vn 0.7592625 0.2830606 0.5860011
vn 0.7497719 -0.2886465 0.5954202
vn 0.6422864 -0.5492595 0.534586
vn -0.8846895 -0.4427544 0.1459215
vn -0.9555775 -0.2369854 0.1752415
vn -0.8789406 -0.4751807 0.04082404
vn -0.9712323 0.1612938 0.1751918
vn -0.7743556 0.1715748 0.6090446
vn -0.6160126 0.619164 0.4869953
vn -0.7195003 0.679772 0.1422297
vn -0.9806923 0.1891998 0.04945784
vn -0.7086055 0.7049718 0.02988259
vn -0.7105339 0.7028764 -0.0332605
vn -0.9667598 -0.2506015 0.0507382
vn -0.9794812 0.1948704 -0.05140102
vn -0.9681969 -0.2455169 -0.04812764
vn -0.8736206 -0.485352 -0.03493607
vn -0.8762189 -0.4602327 -0.1429209
vn -0.9706317 0.1670971 -0.1730687
vn -0.7219189 0.677811 -0.1393033
vn -0.6160129 0.6191638 -0.4869952
vn -0.7743556 0.171574 -0.6090449
vn -0.9575585 -0.2293667 -0.1745645
vn -0.6422865 -0.5492598 -0.5345856
vn -0.7497718 -0.2886464 -0.5954204
vn -0.1752637 -0.6229221 -0.762398
vn -0.2318873 -0.3392851 -0.9116545
vn 0.1499444 -0.6382329 -0.7550996
vn -0.2220048 0.335242 -0.9156018
vn -0.7592624 0.2830606 -0.5860012
vn -0.6638434 0.5519206 -0.5046737
vn -0.1499452 0.6382328 -0.7550996
vn 0.231887 0.3392852 -0.9116545
vn 0.175263 0.622922 -0.7623982
vn 0.2220043 -0.335242 -0.9156019
vn 0.663843 -0.5519208 -0.504674
vn 0.7592621 -0.2830607 -0.5860015
vn 0.7497716 0.2886461 -0.5954208
vn 0.6422862 0.5492596 -0.5345861
vn -0.8846902 0.4427529 -0.1459218
vn -0.9555776 0.2369847 -0.1752421
vn -0.8789416 0.475179 -0.04082482
vn -0.9712319 -0.1612957 -0.1751923
vn -0.7743555 -0.1715764 -0.6090444
vn -0.6160118 -0.6191658 -0.486994
vn -0.7194993 -0.6797732 -0.1422297
vn -0.9806919 -0.1892016 -0.0494587
vn -0.7086046 -0.7049727 -0.02988333
vn -0.7105331 -0.7028773 0.03325981
vn -0.9667599 0.2506009 -0.05073899
vn -0.9794809 -0.1948722 0.05140055
vn -0.9681972 0.2455157 0.04812695
vn -0.8736225 0.4853486 0.03493538
vn -0.8762206 0.4602293 0.1429215
vn -0.9706317 -0.1670982 0.1730679
vn -0.7219185 -0.6778114 0.1393032
vn -0.616012 -0.6191655 0.4869942
vn -0.7743558 -0.1715763 0.6090441
vn -0.957559 0.2293651 0.1745637
vn 0.8846894 -0.4427548 -0.145921
vn 0.9555773 -0.236986 -0.1752417
vn 0.8789402 -0.4751815 -0.04082368
vn 0.9575587 0.2293665 -0.1745633
vn 0.8762192 0.4602326 -0.1429191
vn 0.9681969 0.245517 -0.04812654
vn 0.8736206 0.4853521 -0.03493502
vn 0.8789403 0.4751813 0.04082457
vn 0.9667597 -0.2506021 -0.05073785
vn 0.9667596 0.2506021 0.05073895
vn 0.9681969 -0.2455169 0.04812758
vn 0.8736206 -0.4853521 0.03493577
vn 0.8762193 -0.4602318 0.1429208
vn 0.9555774 0.2369855 0.175242
vn 0.8846897 0.4427539 0.1459214
vn 0.9575586 -0.2293662 0.174564
vn 0.2263476 -0.2544151 -0.9402339
vn 0.7743558 -0.171575 -0.6090445
vn 0.616011 -0.6191669 -0.4869936
vn 0.152819 -0.7861426 -0.598854
vn -0.2263484 -0.2544155 -0.9402335
vn -0.1528223 -0.7861419 -0.5988542
vn 0.9712322 -0.1612946 0.1751917
vn 0.774356 -0.1715744 0.6090443
vn 0.616011 -0.6191669 0.4869936
vn 0.7194989 -0.679774 0.1422272
vn 0.9806919 -0.1892016 0.04945854
vn 0.7086039 -0.7049735 0.02988295
vn 0.7105333 -0.7028771 -0.03325969
vn 0.979481 -0.1948718 -0.05140022
vn 0.9706318 -0.1670983 -0.1730667
vn 0.7219183 -0.6778121 -0.1393005
vn -0.2263487 -0.2544155 0.9402335
vn -0.1528226 -0.7861419 0.5988541
vn 0.2263476 -0.2544152 0.9402339
vn 0.152819 -0.7861426 0.598854
vn -0.2263487 0.2544137 -0.940234
vn -0.1528224 0.7861408 -0.5988556
vn 0.226348 0.2544138 -0.9402341
vn 0.1528221 0.7861409 -0.5988555
vn 0.6160123 0.6191646 -0.486995
vn 0.7743554 0.1715748 -0.6090449
vn 0.9712323 0.1612945 -0.1751913
vn 0.7194996 0.6797729 -0.142229
vn 0.9806923 0.1892 -0.04945759
vn 0.7086055 0.7049718 -0.02988266
vn 0.7105343 0.702876 0.03326032
vn 0.9794812 0.1948704 0.05140101
vn 0.9706319 0.1670968 0.1730677
vn 0.721919 0.6778108 0.1393032
vn 0.6160125 0.6191645 0.4869948
vn 0.7743559 0.1715748 0.6090444
vn 0.226348 0.2544138 0.9402341
vn 0.1528221 0.786141 0.5988554
vn -0.2263484 0.2544138 0.940234
vn -0.1528224 0.7861408 0.5988556
vn -0.197845 -0.9802033 0.007671452
vn -0.1866926 -0.9725364 0.1389918
vn 0.1838639 -0.9729626 0.1397779
vn 0.195071 -0.9807677 0.006486822
vn -0.195071 -0.9807677 -0.006486692
vn 0.1978448 -0.9802033 -0.007671446
vn -0.1838654 -0.9729621 -0.139779
vn 0.186691 -0.9725369 -0.1389909
vn -0.1978449 0.9802033 -0.007671612
vn -0.1866929 0.9725364 -0.1389919
vn 0.183865 0.9729623 -0.1397787
vn 0.195071 0.9807677 -0.006486661
vn -0.195071 0.9807677 0.006486531
vn 0.1978448 0.9802033 0.00767161
vn -0.1838653 0.9729622 0.1397789
vn 0.1866919 0.9725366 0.1389919
vn -0.4998489 0.007083691 0.8660837
vn -0.8467338 0.1996698 0.4931265
vn -0.4857454 0.1868847 0.8538885
vn -0.8659235 0.01238389 0.5000231
vn -0.9789057 0.2043127 -4.803136E-05
vn -0.6342543 0.6720547 0.3821831
vn -0.7365663 0.6763653 4.631671E-07
vn -0.8467092 0.1995939 -0.4931995
vn -0.6342491 0.6720592 -0.3821838
vn -0.9998971 0.01434442 -4.735608E-05
vn -0.8658831 0.01246194 -0.5000913
vn -0.4998285 0.007213002 -0.8660944
vn -0.485736 0.1867775 -0.8539172
vn -0.3547167 0.6602967 -0.6619549
vn 0.006953613 0.1692259 -0.9855528
vn 0.02712063 0.6442149 -0.7643635
vn 0.4992014 0.1516474 -0.8531126
vn 0.4089693 0.6281352 -0.6619595
vn 0.5000713 -0.007416818 -0.8659525
vn 0.8659675 -0.01286709 -0.4999347
vn 0.859249 0.1387389 -0.4923847
vn 0.6884988 0.6163617 -0.382188
vn 0.5001154 -0.007518893 0.8659261
vn 0.8659951 -0.01292171 0.4998855
vn 0.4992373 0.1517445 0.8530743
vn 0.9998891 -0.01489135 -2.734622E-05
vn 0.859273 0.138785 0.4923297
vn 0.9909782 0.1340227 -2.78265E-05
vn 0.7908131 0.6120577 -3.688936E-07
vn 0.6884958 0.6163681 0.3821832
vn 0.4089672 0.6281337 0.6619622
vn 0.0001896185 -0.0001884013 0.9999999
vn 0.006991357 0.1693522 0.9855309
vn 0.02712956 0.6442053 0.7643713
vn -0.3547221 0.6602843 0.6619644
vn -0.1682532 0.9783121 0.1208151
vn -0.07988892 0.9745915 0.2092586
vn -0.2005939 0.9796745 -1.085119E-06
vn 0.1802306 0.980353 0.08015519
vn 0.03983139 0.9460695 0.3215059
vn 0.2004516 0.9393022 0.2784431
vn 0.2822339 0.9593456 5.56488E-07
vn -0.1682535 0.978312 -0.1208157
vn 0.2498916 0.9607071 -0.1208143
vn -0.07988968 0.9745914 -0.2092587
vn 0.2004471 0.9393017 -0.278448
vn 0.03983112 0.9460675 -0.3215117
vn -0.1670573 -0.9812182 0.09645004
vn 7.386536E-07 -0.9469076 0.321506
vn 0.1670571 -0.9812183 0.09644923
vn -0.209256 -0.9703689 -0.120815
vn -4.216482E-06 -0.9469078 -0.3215051
vn 0.6986988 0.1537778 0.6986933
vn 0.9428732 -0.2774057 0.1844887
vn 0.6695879 -0.3214212 0.6695824
vn 0.966405 0.1843794 0.179069
vn 0.5773506 0.5773506 0.5773497
vn 0.6994804 0.7012329 0.1378393
vn 0.9692867 -0.2459332 -2.9746E-08
vn 0.9797167 0.200325 -0.00501608
vn 0.9786499 0.2055281 -0.001598064
vn 0.9782845 0.2072615 0.001449803
vn 0.979628 0.2007426 0.005589534
vn 0.9428731 -0.2774059 -0.1844893
vn 0.9665853 0.1830374 -0.1794718
vn -0.9664049 -0.1843796 0.179069
vn -0.5773503 -0.5773512 0.5773494
vn -0.6994799 -0.7012333 0.1378395
vn -0.6986988 -0.1537783 0.6986932
vn -0.9428735 0.2774051 0.1844887
vn -0.669588 0.3214206 0.6695825
vn -0.9692869 0.2459327 0
vn -0.9797168 -0.2003245 -0.005016145
vn -0.9786499 -0.2055279 -0.001598053
vn -0.9782846 -0.2072611 0.001449856
vn -0.9796281 -0.2007426 0.005589537
vn -0.9428731 0.2774059 -0.1844893
vn -0.9665854 -0.1830369 -0.1794718
vn -0.9665854 0.1830369 0.1794718
vn -0.6993847 0.7011927 0.1385273
vn -0.5773506 0.5773506 0.5773497
vn -0.6986989 0.1537778 0.6986933
vn -0.6695881 -0.3214217 0.6695818
vn -0.9428729 -0.2774065 0.1844892
vn -0.979628 0.2007427 -0.005589526
vn -0.9692868 -0.2459331 -1.487297E-08
vn -0.9782845 0.2072615 -0.001449845
vn -0.9786499 0.205528 0.001598032
vn -0.9797168 0.2003245 0.005016145
vn -0.9664049 0.1843796 -0.179069
vn -0.9428735 -0.2774051 -0.1844887
vn -0.5773506 -0.5773506 -0.5773497
vn -0.6986989 -0.1537778 -0.6986933
vn -0.6993847 -0.7011927 -0.1385273
vn -0.6992286 -0.7145365 0.02273635
vn -0.6910161 -0.722814 0.006058325
vn -0.6909336 -0.7228897 -0.006423971
vn -0.699169 -0.7146342 -0.02146498
vn 0.9665853 -0.1830374 0.1794718
vn 0.6993845 -0.7011928 0.1385275
vn 0.5773503 -0.5773512 0.5773494
vn 0.6986988 -0.1537783 0.6986932
vn 0.6695883 0.321421 0.6695819
vn 0.9428731 0.2774059 0.1844893
vn 0.979628 -0.2007426 -0.005589534
vn 0.9692869 0.2459327 0
vn 0.9782845 -0.2072614 -0.001449813
vn 0.97865 -0.2055277 0.001598052
vn 0.9797167 -0.200325 0.005016104
vn 0.966405 -0.1843794 -0.179069
vn 0.9428735 0.2774051 -0.1844887
vn 0.6986988 -0.1537778 -0.6986933
vn 0.5773506 -0.5773506 -0.5773497
vn 0.6994804 -0.7012329 -0.1378393
vn 0.6991698 -0.7146334 0.02146508
vn 0.690934 -0.7228892 0.006424033
vn 0.6910158 -0.7228142 -0.006058236
vn 0.6992286 -0.7145365 -0.02273623
vn 0.6695883 -0.321421 -0.6695819
vn 0.6986988 0.1537783 -0.6986932
vn 0.5773503 0.5773512 -0.5773494
vn 0.6993846 0.7011928 -0.1385275
vn 0.6992286 0.7145365 0.02273623
vn 0.6910159 0.7228142 0.006058236
vn 0.6909337 0.7228895 -0.006424048
vn 0.6991697 0.7146334 -0.02146507
vn 0.669588 0.3214206 -0.6695825
vn 0.564899 0.6014857 -0.5648929
vn 0.8315277 0.5320829 -0.159529
vn 0.8790342 0.4767587 0
vn 0.8315278 0.5320823 0.1595305
vn 0.5649008 0.6014847 0.5648922
vn -0.6986988 0.1537783 -0.6986932
vn -0.669588 -0.3214206 -0.6695825
vn -0.5773503 0.5773512 -0.5773494
vn -0.6994799 0.7012333 -0.1378395
vn -0.699169 0.7146342 0.02146498
vn -0.6909335 0.7228898 0.00642396
vn -0.6910158 0.7228143 -0.006058312
vn -0.6992286 0.7145365 -0.02273635
vn -0.6695883 0.321421 -0.6695819
vn -0.8315278 0.5320823 -0.1595305
vn -0.5649008 0.6014847 -0.5648922
vn -0.8790342 0.4767587 0
vn -0.8315277 0.5320829 0.159529
vn -0.564899 0.6014857 0.5648929
vn -0.1595354 0.5320801 0.8315283
vn -0.1844933 0.2774038 0.9428729
vn 0 0.476755 0.8790362
vn -0.1794741 -0.1830395 0.9665845
vn -0.1385253 -0.7011958 0.699382
vn 0.005589634 -0.200746 0.9796274
vn 0.02273634 -0.7145395 0.6992256
vn 0.006058316 -0.7228172 0.6910127
vn 0 0.2459307 0.9692875
vn 0.001449845 -0.2072651 0.9782838
vn -0.006424043 -0.7228928 0.6909304
vn -0.001598076 -0.2055315 0.9786492
vn -0.02146508 -0.7146371 0.6991659
vn -0.005016233 -0.200328 0.9797161
vn 0.1595353 0.5320801 0.8315283
vn 0.1790713 -0.1843817 0.9664041
vn 0.1378373 -0.7012364 0.6994773
vn 0.1844933 0.2774038 0.9428729
vn -0.8315272 -0.5320833 0.1595304
vn -0.5649002 -0.6014858 0.5648916
vn -0.8790337 -0.4767597 0
vn -0.8315277 -0.5320829 -0.159529
vn -0.564899 -0.6014857 -0.5648929
vn -0.1595354 -0.5320801 -0.8315283
vn -0.1844933 -0.2774038 -0.9428729
vn 0 -0.476755 -0.8790362
vn -0.1794741 0.1830395 -0.9665845
vn -0.1385253 0.7011959 -0.6993819
vn 0.005589634 0.200746 -0.9796274
vn 0.02273634 0.7145394 -0.6992256
vn 0.006058316 0.7228172 -0.6910127
vn 0 -0.2459307 -0.9692875
vn 0.001449845 0.2072651 -0.9782838
vn -0.006424043 0.7228928 -0.6909304
vn -0.001598076 0.2055315 -0.9786492
vn -0.02146508 0.7146371 -0.6991659
vn -0.005016233 0.200328 -0.9797161
vn 0.1595353 -0.5320801 -0.8315283
vn 0.1790713 0.1843817 -0.9664041
vn 0.1378373 0.7012364 -0.6994773
vn 0.1844933 -0.2774038 -0.9428729
vn 0.5649008 -0.6014847 -0.5648922
vn 0.8315278 -0.5320823 -0.1595305
vn 0.8790342 -0.4767587 0
vn 0.831527 -0.532084 0.1595288
vn 0.5648984 -0.6014868 0.5648924
vn 0.1595354 0.5320801 -0.8315283
vn 0.1844933 0.2774038 -0.9428729
vn 0 0.476755 -0.8790362
vn 0.1794742 -0.183039 -0.9665846
vn 0.1385251 -0.7011957 -0.6993821
vn -0.005589637 -0.2007461 -0.9796274
vn -0.0227365 -0.7145396 -0.6992254
vn -0.006058265 -0.7228178 -0.6910121
vn 0 0.2459307 -0.9692875
vn -0.001449866 -0.2072645 -0.9782838
vn 0.006424016 -0.7228928 -0.6909304
vn 0.001598075 -0.2055312 -0.9786493
vn 0.02146518 -0.7146363 -0.6991668
vn 0.005016192 -0.2003285 -0.9797159
vn -0.1595353 0.5320801 -0.8315283
vn -0.1790713 -0.1843815 -0.9664041
vn -0.1378371 -0.7012358 -0.6994778
vn -0.1844932 0.2774038 -0.9428729
vn 0.1595352 -0.5320811 0.8315277
vn 0.1844932 -0.2774044 0.9428728
vn 0 -0.476756 0.8790357
vn 0.1794742 0.183039 0.9665846
vn 0.1385251 0.7011957 0.6993821
vn -0.005589637 0.2007461 0.9796274
vn -0.02273646 0.7145394 0.6992257
vn -0.006058258 0.7228169 0.691013
vn -1.48728E-08 -0.2459311 0.9692873
vn -0.001449866 0.2072645 0.9782838
vn 0.006423981 0.7228922 0.690931
vn 0.001598075 0.2055312 0.9786493
vn 0.02146518 0.7146363 0.6991668
vn 0.005016192 0.2003285 0.9797159
vn -0.1595351 -0.5320811 0.8315277
vn -0.1790713 0.1843815 0.9664041
vn -0.1378371 0.7012358 0.6994778
vn -0.1844932 -0.2774044 0.9428728
vn 0.1836471 0.9826453 -0.02611286
vn 0.1607087 0.9741027 0.1590494
vn -0.0263041 0.982345 0.1852199
vn 0.1871677 0.9822887 -0.008779859
vn -0.009002502 0.9817387 0.1900209
vn -0.006523228 0.9999453 -0.008170625
vn 0.1900217 0.9817386 0.009002451
vn -0.001819971 0.9998849 0.0150594
vn 0.01631703 0.9998658 -0.001429636
vn 0.008779772 0.9822889 0.1871668
vn 0.007778754 0.9997125 0.02267735
vn 0.03221548 0.9813469 0.1895267
vn 0.007834736 0.9999502 -0.006186543
vn -0.1649332 0.9721345 0.166588
vn -0.01129378 0.9998724 0.01129383
vn -0.1910959 0.9810363 -0.03240502
vn -0.190022 0.9817386 -0.009002622
vn -0.02142054 0.9997371 -0.008169209
vn 0.0176388 0.9996888 0.01763886
vn -0.1871677 0.9822887 0.008779658
vn -0.01631706 0.9998658 0.001429462
vn -0.0176388 0.9996888 -0.01763894
vn 0.02142054 0.9997371 0.008169003
vn -0.1836465 0.9826455 0.0261128
vn 0.01129381 0.9998724 -0.01129394
vn 0.00181991 0.9998849 -0.0150596
vn 0.006523107 0.9999453 0.008170625
vn 0.1910948 0.9810365 0.03240502
vn -0.1607087 0.9741027 -0.1590491
vn 0.02630408 0.9823452 -0.1852189
vn 0.009002533 0.9817387 -0.190021
vn -0.007834676 0.9999502 0.006186476
vn 0.1649329 0.9721345 -0.1665881
vn -0.007778633 0.9997125 -0.02267762
vn -0.008779742 0.9822889 -0.187167
vn -0.03221542 0.9813471 -0.1895262
vn -0.03221542 -0.9813471 0.1895262
vn 0.1649329 -0.9721346 0.166588
vn -0.00877971 -0.9822888 0.1871673
vn -0.007834614 -0.9999502 -0.006186408
vn 0.1910948 -0.9810365 -0.03240503
vn 0.009002531 -0.9817387 0.1900214
vn 0.1900217 -0.9817386 -0.009002451
vn -0.007778511 -0.9997125 0.02267789
vn 0.02142054 -0.9997371 -0.008169004
vn 0.1871677 -0.9822887 0.008779859
vn 0.01129384 -0.9998724 0.01129385
vn 0.001819849 -0.9998849 0.0150598
vn 0.02630405 -0.9823452 0.185219
vn 0.01631703 -0.9998658 0.001429636
vn 0.1836471 -0.9826453 0.02611286
vn 0.0176388 -0.9996888 -0.01763886
vn -0.006523228 -0.9999453 0.008170625
vn 0.1607087 -0.9741027 -0.1590494
vn -0.02630419 -0.9823449 -0.18522
vn -0.00182 -0.9998849 -0.01505969
vn -0.009002592 -0.9817389 -0.1900204
vn -0.0176388 -0.9996888 0.01763882
vn -0.01129378 -0.9998724 -0.01129383
vn 0.007778754 -0.9997125 -0.02267774
vn 0.008779863 -0.9822891 -0.1871659
vn 0.007834766 -0.9999502 0.006186446
vn 0.03221557 -0.981347 -0.1895265
vn -0.1649332 -0.9721345 -0.166588
vn -0.02142054 -0.9997371 0.008169209
vn -0.1910959 -0.9810363 0.03240502
vn -0.190022 -0.9817386 0.009002622
vn -0.01631709 -0.9998658 -0.001429492
vn -0.1871677 -0.9822887 -0.008779658
vn 0.006522986 -0.9999453 -0.008170625
vn -0.1836465 -0.9826455 -0.0261128
vn -0.1607087 -0.9741027 0.1590491
vn -0.8396626 -0.5323219 0.107704
vn -0.9810703 -0.1447005 0.1286969
vn -0.8536661 -0.1713253 0.4918352
vn -0.6986817 -0.594363 0.3982167
vn -0.9813098 0.1430254 0.1287436
vn -0.8393458 0.5328214 0.1077042
vn -0.6986404 0.5944195 0.3982047
vn -0.8539922 0.1691057 0.4920371
vn 0.8356689 -0.5387803 -0.106646
vn 0.4588962 -0.8867175 -0.05609217
vn 0.3457777 -0.9182448 -0.1930395
vn 0.6895183 -0.6089076 -0.3921683
vn 0.8355495 0.5389666 -0.1066392
vn 0.9808806 0.1461144 -0.1285455
vn 0.9808487 -0.146327 -0.1285468
vn 0.8527327 -0.1781596 -0.4910256
vn -0.106612 0.5387836 -0.8356711
vn 0.1066336 0.5387838 -0.8356682
vn 0.05606359 0.8867028 -0.4589282
vn -0.04472896 0.9066756 -0.4194503
vn -0.1929603 0.9182391 -0.345837
vn -0.3920964 0.6089059 -0.6895608
vn -0.3457721 0.9182481 -0.1930338
vn -0.689526 0.6089088 -0.3921531
vn 0.009180439 0.9926099 -0.1210018
vn -0.0109919 0.9956013 -0.09304414
vn 0.04629013 0.9953963 -0.08392478
vn 0.1929719 0.9182339 -0.3458444
vn 0.009166258 0.9927836 0.1195689
vn -0.01374377 0.9932303 0.1153459
vn -0.04537433 0.9063609 0.4200609
vn 0.03723872 0.997033 0.06736845
vn -0.04629031 0.9953963 -0.08392483
vn 0.05687041 0.8856454 0.4608665
vn -0.1076586 0.5328574 0.8393287
vn 0.1076586 0.5328573 0.8393287
vn -0.3981645 0.5944154 0.6986668
vn -0.1974976 0.9146733 0.3526579
vn 0.08386388 0.9953989 -0.04634558
vn 0.3457805 0.9182438 -0.1930398
vn -0.08411539 0.9953655 0.04660609
vn -0.04654408 0.9953645 0.08416126
vn -0.1153421 0.9932303 0.01377595
vn 0.1163865 0.9931084 -0.01378157
vn 0.4588937 0.8867188 -0.05609339
vn 0.6895205 0.6089168 -0.3921501
vn -0.4614852 0.8853205 0.05691253
vn -0.3525819 0.9146865 0.1975719
vn 0.09301634 -0.9956038 -0.01100136
vn 0.08387118 -0.9953985 -0.04633983
vn -0.1160388 -0.9931489 0.01379458
vn -0.4623728 -0.8848394 0.05718952
vn -0.3543447 -0.9137861 0.1985819
vn -0.06732932 -0.9970337 0.03728976
vn -0.198506 -0.9137863 0.3543867
vn -0.04654624 -0.9953634 0.08417366
vn 0.03701253 -0.9970626 -0.06705435
vn 0.8527328 0.1781753 -0.4910196
vn 0.4910033 0.1781819 -0.8527409
vn 0.4910052 -0.1781759 -0.852741
vn 0.1285411 -0.1461237 -0.9808797
vn 0.1285424 0.1461277 -0.980879
vn -0.1285412 -0.1461233 -0.9808798
vn -0.1066172 -0.5387694 -0.8356795
vn 0.1066332 -0.5387858 -0.835667
vn -0.4910007 -0.1781463 -0.8527498
vn -0.3921004 -0.6088961 -0.689567
vn -0.1285355 0.1461148 -0.9808818
vn -0.4910055 0.1781429 -0.8527477
vn 0.1929734 -0.9182305 -0.3458525
vn 0.392105 -0.6089086 -0.6895535
vn 0.0447311 -0.9066717 -0.4194587
vn -0.05606042 -0.8867005 -0.4589331
vn -0.01374954 -0.9833147 -0.1813925
vn 0.0137676 -0.9931036 -0.1164283
vn -0.1929705 -0.9182357 -0.3458403
vn -0.03701245 -0.9970622 -0.0670598
vn -0.3457796 -0.9182441 -0.1930397
vn -0.08387259 -0.9953985 -0.04633824
vn 0.01100139 -0.9956679 0.09232742
vn 0.0465471 -0.9953629 0.08417869
vn 0.04557499 -0.9056028 0.421671
vn 0.1984992 -0.9137904 0.35438
vn -0.01100715 -0.989606 0.1433836
vn -0.05713452 -0.8845919 0.4628529
vn 0.39211 0.6089132 -0.6895466
vn -0.1286907 -0.1447032 0.9810707
vn -0.4918064 -0.1713234 0.8536831
vn -0.3981595 -0.5943472 0.6987277
vn -0.1076842 -0.5325125 0.8395442
vn 0.1286907 -0.1447032 0.9810707
vn -0.1287304 0.1428367 0.9813389
vn 0.107678 -0.5325164 0.8395426
vn 0.1287304 0.1428367 0.9813389
vn 0.4918064 -0.1713234 0.8536831
vn 0.4920129 0.1691269 0.8540019
vn -0.4920129 0.1691269 0.8540019
vn 0.8396618 -0.5323231 0.1077039
vn 0.9810702 -0.1447012 0.1286967
vn 0.8536662 -0.1713255 0.4918348
vn 0.6986814 -0.5943631 0.398217
vn 0.9813098 0.1430255 0.1287437
vn 0.8393453 0.5328218 0.1077046
vn 0.6986406 0.5944192 0.3982048
vn 0.8539923 0.1691057 0.4920369
vn -0.8356684 -0.5387809 -0.1066461
vn -0.4588969 -0.8867171 -0.05609237
vn -0.6895254 -0.6089092 -0.3921533
vn -0.8355511 0.5389644 -0.1066385
vn -0.9915 0.130107 -4.872185E-06
vn -0.9808813 0.1461097 -0.1285452
vn -0.9808485 -0.1463281 -0.1285469
vn -0.8527362 -0.1781521 -0.4910222
vn -0.09301626 -0.9956039 -0.01100144
vn 0.1160391 -0.9931489 0.01379471
vn 0.4623728 -0.8848394 0.05718997
vn 0.3543458 -0.9137871 0.1985756
vn 0.06733068 -0.9970336 0.03728981
vn 0.4614842 0.885321 0.05691303
vn 0.09230707 0.9956694 0.01103433
vn 0.08411556 0.9953654 0.04660618
vn 0.3525817 0.9146865 0.1975723
vn 0.1974976 0.9146732 0.352658
vn -0.1163864 0.9931084 -0.01378153
vn -0.4588914 0.88672 -0.05609239
vn -0.06700466 0.9970647 -0.03704707
vn 0.3981646 0.5944153 0.6986669
vn -0.8527355 0.178154 -0.4910227
vn 0.3981587 -0.5943626 0.6987151
vn 0.1066122 0.5387837 0.8356709
vn -0.05606391 0.8867014 0.4589309
vn 0.04472931 0.9066742 0.4194534
vn -0.009180889 0.9926095 0.1210043
vn 0.01099277 0.9956012 0.09304556
vn -0.009165941 0.992783 -0.1195743
vn 0.01374322 0.9932297 -0.115351
vn 0.04537529 0.9063591 -0.4200644
vn -0.05687151 0.8856448 -0.4608676
vn 0.1076571 0.5328607 -0.8393267
vn -0.08386456 0.9953988 0.04634599
vn 0.1153384 0.9932307 -0.01377647
vn 0.1985064 -0.9137862 -0.3543868
vn -0.03701368 -0.9970627 0.06705157
vn -0.1285424 0.1461274 0.980879
vn -0.04473173 -0.9066731 0.4194557
vn 0.05606119 -0.8867015 0.4589309
vn 0.01375053 -0.9833156 0.1813871
vn -0.01376859 -0.9931042 0.1164244
vn -0.01100104 -0.9956679 -0.09232756
vn -0.04557404 -0.9056022 -0.4216725
vn -0.1984995 -0.91379 -0.3543809
vn 0.01100677 -0.9896059 -0.143384
vn 0.05713356 -0.8845914 -0.462854
vn -0.1287306 0.1428363 -0.981339
vn -0.4920131 0.1691267 -0.8540019
vn 0.4920123 0.1691271 -0.8540023
vn 0.9914998 0.1301086 4.988254E-06
vn -0.8444073 0.4804997 0.2368467
vn -0.8448645 0.479868 0.2364967
vn -0.1300027 -0.990019 -0.05442081
vn 0.4825036 0.8273449 0.28756
vn -0.4825451 -0.8273433 -0.2874947
vn -0.4825443 0.8273435 0.2874959
vn 1.834704E-06 -0.09233787 0.9957277
vn -0.3810523 -0.09233409 0.9199313
vn -0.3826574 -0.01161138 0.9238173
vn 9.876127E-07 -0.01161077 0.9999326
vn 0.3810514 -0.09233564 0.9199315
vn 9.572998E-07 -0.4459381 0.8950638
vn 0.3425271 -0.4459337 0.8269331
vn -9.762172E-07 0.01161076 0.9999326
vn -0.382657 0.01161188 0.9238175
vn -0.3810514 0.09233593 0.9199315
vn 0.382657 -0.01161188 0.9238175
vn 0.3826574 0.01161138 0.9238173
vn -1.834704E-06 0.09233816 0.9957277
vn -9.612546E-07 0.4459357 0.895065
vn -0.3425275 0.4459313 0.8269342
vn 0.7040839 -0.09233394 0.7040883
vn 0.6329055 -0.4459381 0.6329058
vn 0.7070591 -0.01161173 0.7070591
vn 0.7070605 0.01161202 0.7070577
vn 0.3810523 0.09233437 0.9199313
vn 0.7040862 0.09233486 0.7040859
vn 0.632907 0.445935 0.6329065
vn 0.3425277 0.4459347 0.8269323
vn -0.7040862 -0.09233457 0.7040858
vn -0.9199313 -0.09233808 0.3810512
vn -0.9238175 -0.01161094 0.382657
vn -0.7070605 -0.01161203 0.7070577
vn -0.7070591 0.01161173 0.7070591
vn -0.9238182 0.01161057 0.3826554
vn -0.9199325 0.09233738 0.3810486
vn -0.7040839 0.09233422 0.7040883
vn -0.6329063 0.4459357 0.6329067
vn -0.826932 0.4459366 0.3425258
vn -0.9957278 0.09233737 4.03482E-07
vn -0.8950653 0.4459351 -5.933672E-08
vn -0.9199325 -0.09233709 -0.3810486
vn -0.7040839 -0.09233394 -0.7040883
vn -0.7070591 -0.01161173 -0.7070591
vn -0.9238182 -0.01161057 -0.3826554
vn -0.9957278 -0.09233709 -4.415463E-07
vn -0.8269312 -0.4459383 -0.3425255
vn -0.8950642 -0.4459374 -5.933677E-08
vn -0.9238175 0.01161094 -0.382657
vn -0.7070606 0.01161203 -0.7070577
vn -0.7040862 0.09233486 -0.7040859
vn -0.9999326 -0.01161115 -3.000823E-07
vn -0.9999326 0.01161115 2.924853E-07
vn -0.9199313 0.09233838 -0.3810512
vn -0.8269327 0.4459342 -0.3425272
vn -0.632907 0.445935 -0.6329066
vn -0.8269318 -0.4459366 0.3425266
vn -0.3810523 0.09233437 -0.9199313
vn -0.3826574 0.01161138 -0.9238173
vn -0.382657 -0.01161188 -0.9238175
vn -0.3810514 -0.09233563 -0.9199315
vn -0.3425272 -0.445933 -0.8269334
vn -0.6329057 -0.4459375 -0.6329061
vn -9.65211E-07 -0.4459374 -0.8950642
vn -1.834704E-06 -0.09233787 -0.9957277
vn -9.876127E-07 -0.01161077 -0.9999326
vn 9.838142E-07 0.01161077 -0.9999326
vn 1.834704E-06 0.09233815 -0.9957277
vn -0.3425277 0.4459347 -0.8269323
vn 9.612546E-07 0.4459357 -0.895065
vn 0.3425274 -0.4459364 -0.8269315
vn 0.3810523 -0.09233408 -0.9199313
vn 0.3826574 -0.01161138 -0.9238173
vn 0.382657 0.01161189 -0.9238175
vn 0.7070605 -0.01161203 -0.7070577
vn 0.3810514 0.09233593 -0.9199315
vn 0.7040839 0.09233422 -0.7040883
vn 0.3425275 0.4459313 -0.8269342
vn 0.6329063 0.4459357 -0.6329067
vn 0.7070591 0.01161173 -0.7070591
vn 0.9199325 0.09233738 -0.3810486
vn 0.826932 0.4459366 -0.342526
vn 0.9238182 0.01161057 -0.3826555
vn 0.9238175 -0.01161094 -0.382657
vn 0.7040862 -0.09233456 -0.7040859
vn 0.9199313 -0.09233809 -0.3810512
vn 0.826932 -0.4459361 -0.3425266
vn 0.6329064 -0.4459368 -0.6329059
vn 0.2208422 -0.9499775 -0.2208429
vn 0.198554 -0.8548699 -0.4793473
vn 3.233291E-08 -0.8548698 -0.5188425
vn -0.1501303 -0.9198337 -0.3624457
vn -0.2208432 -0.9499775 -0.2208417
vn 0.2885467 -0.9499768 -0.1195196
vn -0.2885472 -0.9499765 -0.1195206
vn 0.3923094 -0.9198333 2.811491E-07
vn 0.8950641 -0.4459375 1.147178E-07
vn -0.3923092 -0.9198334 4.033878E-07
vn 0.362447 -0.919833 0.1501315
vn 0.8269309 -0.445939 0.3425254
vn -0.3624462 -0.9198336 0.15013
vn 0.2208428 -0.9499777 0.2208413
vn 0.15013 -0.919834 0.3624451
vn -0.2208418 -0.9499776 0.2208425
vn -3.772172E-08 -0.8548704 0.5188416
vn -0.1985537 -0.8548704 0.4793464
vn -0.3425273 -0.4459371 0.8269312
vn -0.6329062 -0.4459375 0.6329056
vn 0.277405 0.9198337 -0.2774031
vn 0.2885487 0.9499758 -0.1195221
vn -0.3624485 0.9198323 -0.1501314
vn -0.2208433 0.949977 -0.220844
vn 0.1501311 0.9198328 -0.3624476
vn -2.694412E-08 0.8548683 -0.518845
vn -0.198555 0.8548684 -0.4793496
vn -0.3923119 0.9198323 -6.234183E-07
vn 0.3923119 0.9198323 -1.548359E-07
vn 0.8950653 0.4459351 -2.848162E-07
vn -0.3624494 0.9198319 0.1501325
vn 0.3624486 0.9198324 0.1501311
vn 0.8269328 0.4459342 0.3425271
vn -0.2208442 0.949977 0.2208428
vn -0.1501311 0.9198328 0.3624476
vn 0.2208433 0.949977 0.220844
vn 2.694412E-08 0.8548683 0.518845
vn 0.198555 0.8548684 0.4793496
vn 0.9957278 -0.09233709 4.415463E-07
vn 0.9999326 -0.01161115 3.000823E-07
vn 0.9999326 0.01161115 -2.962838E-07
vn 0.9238182 -0.01161057 0.3826554
vn 0.9957278 0.09233738 -4.681914E-07
vn 0.9199313 0.09233838 0.3810512
vn 0.9238175 0.01161094 0.3826571
vn 0.9199325 -0.09233709 0.3810486
vn 1.912231E-07 0.5627337 -0.8266383
vn -5.148121E-07 0.4219384 -0.9066245
vn -0.3469502 0.4219392 -0.8376114
vn -0.3163413 0.5627334 -0.7637141
vn 9.052705E-08 0.7488734 -0.6627131
vn -0.6410816 0.4219391 -0.6410786
vn -0.2536102 0.7488726 -0.6122676
vn -2.025696E-07 0.8037428 -0.5949768
vn -0.2276876 0.8037434 -0.5496863
vn -0.5845222 0.5627341 -0.5845203
vn -0.8376116 0.4219397 -0.346949
vn -0.7637124 0.5627365 -0.31634
vn -0.4686075 0.7488745 -0.4686086
vn -0.4207119 0.803743 -0.4207121
vn -0.612265 0.7488752 -0.253609
vn -0.8266364 0.5627364 9.561157E-08
vn -0.5496882 0.8037419 -0.2276881
vn -0.6627112 0.7488751 -2.470633E-07
vn -0.5949765 0.803743 -3.563724E-07
vn -0.9066237 0.42194 3.028306E-08
vn -0.8376116 0.4219402 0.3469484
vn -0.7637123 0.5627372 0.316339
vn -0.641081 0.4219394 0.641079
vn -0.6122654 0.7488748 0.2536092
vn -0.5496874 0.8037423 0.2276884
vn -0.5845212 0.5627354 0.5845202
vn -0.3469509 0.4219394 0.837611
vn -0.4686083 0.7488737 0.468609
vn -0.4207118 0.8037435 0.4207112
vn -0.316341 0.5627334 0.7637143
vn 5.299537E-07 0.4219384 0.9066245
vn -1.873987E-07 0.562734 0.826638
vn -0.2536097 0.7488732 0.6122671
vn -0.2276878 0.8037431 0.5496866
vn -7.732519E-08 0.7488737 0.6627128
vn 1.95067E-07 0.8037428 0.5949768
vn 0.3469502 0.4219392 0.8376114
vn 0.3163412 0.5627337 0.763714
vn 0.6410816 0.4219391 0.6410786
vn 0.25361 0.7488729 0.6122673
vn 0.2276875 0.8037434 0.5496863
vn 0.584522 0.5627345 0.5845203
vn 0.8376116 0.4219397 0.346949
vn 0.4686072 0.7488748 0.4686084
vn 0.4207119 0.803743 0.4207121
vn 0.7637122 0.5627369 0.3163399
vn 0.9066237 0.42194 -3.028306E-08
vn 0.8266363 0.5627366 -1.56803E-07
vn 0.6122648 0.7488754 0.2536088
vn 0.5496883 0.8037419 0.227688
vn 0.6627113 0.748875 -1.452204E-07
vn 0.5949765 0.803743 -5.251804E-08
vn 0.8376116 0.4219402 -0.3469484
vn 0.7637125 0.5627369 -0.3163391
vn 0.6410809 0.4219393 -0.6410791
vn 0.6122656 0.7488745 -0.2536095
vn 0.5496874 0.8037423 -0.2276886
vn 0.5845214 0.5627351 -0.5845204
vn 0.3469509 0.4219394 -0.837611
vn 0.4686086 0.7488734 -0.4686093
vn 0.4207118 0.8037435 -0.4207112
vn 0.3163411 0.5627331 -0.7637145
vn 0.2536098 0.748873 -0.6122674
vn 0.2276878 0.8037431 -0.5496865
vn 1.912231E-07 -0.5627339 0.8266381
vn -5.148121E-07 -0.4219384 0.9066245
vn -0.3469502 -0.4219392 0.8376114
vn -0.3163412 -0.5627338 0.763714
vn 9.052705E-08 -0.7488735 0.6627131
vn -0.6410818 -0.4219391 0.6410785
vn -0.2536105 -0.7488726 0.6122675
vn -2.025696E-07 -0.8037425 0.5949774
vn -0.2276878 -0.8037432 0.5496864
vn -0.5845227 -0.5627339 0.5845202
vn -0.8376118 -0.4219395 0.3469489
vn -0.7637125 -0.5627365 0.3163398
vn -0.4686078 -0.7488745 0.4686084
vn -0.4207115 -0.8037434 0.4207118
vn -0.6122646 -0.7488757 0.2536086
vn -0.8266364 -0.5627365 -3.442017E-08
vn -0.549688 -0.8037421 0.2276876
vn -0.6627113 -0.748875 1.527643E-07
vn -0.5949771 -0.8037426 -1.875644E-08
vn -0.9066238 -0.4219397 -1.968399E-07
vn -0.8376115 -0.4219404 -0.3469484
vn -0.7637123 -0.5627373 -0.3163388
vn -0.6410809 -0.4219396 -0.6410789
vn -0.6122657 -0.7488744 -0.2536094
vn -0.5496877 -0.8037421 -0.2276885
vn -0.5845211 -0.562735 -0.5845208
vn -0.3469508 -0.4219393 -0.8376111
vn -0.4686083 -0.7488734 -0.4686095
vn -0.4207114 -0.8037437 -0.4207112
vn -0.3163408 -0.5627331 -0.7637146
vn 5.223829E-07 -0.421938 -0.9066247
vn -1.912231E-07 -0.5627338 -0.8266382
vn -0.2536096 -0.7488731 -0.6122673
vn -0.2276876 -0.8037427 -0.5496871
vn -7.54392E-08 -0.7488735 -0.662713
vn 1.95067E-07 -0.8037425 -0.5949774
vn 0.3469502 -0.4219389 -0.8376116
vn 0.3163409 -0.5627337 -0.7637141
vn 0.6410815 -0.4219393 -0.6410787
vn 0.2536101 -0.7488726 -0.6122678
vn 0.2276874 -0.8037432 -0.5496867
vn 0.5845221 -0.5627341 -0.5845205
vn 0.8376114 -0.42194 -0.3469492
vn 0.4686071 -0.7488745 -0.468609
vn 0.4207113 -0.8037432 -0.4207124
vn 0.7637122 -0.5627367 -0.3163399
vn 0.9066238 -0.4219399 3.028307E-08
vn 0.8266364 -0.5627364 3.365527E-07
vn 0.6122649 -0.7488754 -0.2536089
vn 0.5496888 -0.8037415 -0.2276879
vn 0.6627114 -0.7488749 1.697381E-07
vn 0.5949769 -0.8037428 -2.025696E-07
vn 0.8376118 -0.4219399 0.3469483
vn 0.7637125 -0.562737 0.3163387
vn 0.6410812 -0.4219393 0.6410789
vn 0.6122655 -0.7488748 0.253609
vn 0.5496871 -0.8037426 0.2276878
vn 0.5845216 -0.5627349 0.5845203
vn 0.3469509 -0.4219394 0.837611
vn 0.4686087 -0.7488735 0.4686089
vn 0.4207117 -0.8037438 0.4207109
vn 0.3163412 -0.5627333 0.7637143
vn 0.25361 -0.7488731 0.6122671
vn 0.227688 -0.8037427 0.549687

usemtl Color
f 3/1/1 2/1/1 1/1/1
f 2/1/1 4/1/1 1/1/1
f 30/6/11 29/6/10 27/1/8
f 32/1/13 34/6/15 33/6/14
f 32/1/13 28/1/9 35/7/16
f 47/1/27 48/1/28 46/8/26
f 57/1/1 61/1/1 60/1/1
f 61/1/1 62/1/1 60/1/1
f 83/1/49 87/1/49 86/1/49
f 87/1/49 51/1/49 86/1/49
f 90/1/49 91/1/49 53/1/49
f 91/1/49 92/1/49 53/1/49
f 175/13/120 172/6/117 173/6/118
f 169/13/114 175/13/120 173/6/118
f 157/1/105 196/8/139 156/1/104
f 31/1/12 42/7/23 27/1/8
f 199/6/142 198/6/141 197/1/140
f 204/6/147 202/1/145 203/6/146
f 200/1/143 202/1/145 205/7/148
f 218/1/160 217/1/159 216/8/158
f 227/1/1 231/1/1 230/1/1
f 231/1/1 232/1/1 230/1/1
f 237/1/1 239/1/1 238/1/1
f 239/1/1 240/1/1 238/1/1
f 257/1/49 261/1/49 260/1/49
f 261/1/49 223/1/49 260/1/49
f 264/1/49 265/1/49 221/1/49
f 265/1/49 266/1/49 221/1/49
f 332/6/240 335/13/243 333/6/241
f 335/13/243 329/13/237 333/6/241
f 356/8/262 317/1/228 316/1/227
f 212/7/155 201/1/144 197/1/140
f 359/3/265 358/24/264 357/3/263
f 357/3/263 358/24/264 360/2/263
f 360/2/263 358/24/264 361/2/265
f 361/2/265 358/24/264 359/3/265
f 2307/104/1596 2304/101/1593 2305/102/1594
f 2307/104/1596 2306/103/1595 2304/101/1593
f 2316/107/1605 2320/107/1609 2319/107/1608
f 2316/107/1605 2321/107/1610 2320/107/1609
f 2391/104/1596 2388/101/1593 2389/102/1594
f 2391/104/1596 2390/103/1595 2388/101/1593
f 2400/107/1605 2404/107/1609 2403/107/1608
f 2400/107/1605 2405/107/1610 2404/107/1609
f 2651/104/1680 2648/101/1677 2649/102/1678
f 2651/104/1680 2650/103/1679 2648/101/1677
f 2660/107/1689 2664/107/1693 2663/107/1692
f 2660/107/1689 2665/107/1694 2664/107/1693
f 2735/104/1739 2732/101/1736 2733/102/1737
f 2735/104/1739 2734/103/1738 2732/101/1736
f 2744/107/1748 2748/107/1752 2747/107/1751
f 2744/107/1748 2749/107/1753 2748/107/1752
f 2819/104/1596 2816/101/1593 2817/102/1594
f 2819/104/1596 2818/103/1595 2816/101/1593
f 2828/107/1605 2832/107/1609 2831/107/1608
f 2828/107/1605 2833/107/1610 2832/107/1609
f 2903/104/1822 2900/101/1819 2901/102/1820
f 2903/104/1822 2902/103/1821 2900/101/1819
f 2912/107/1831 2916/107/1835 2915/107/1834
f 2912/107/1831 2917/107/1836 2916/107/1835
f 2987/104/1680 2984/101/1677 2985/102/1678
f 2987/104/1680 2986/103/1679 2984/101/1677
f 2996/107/1689 3000/107/1693 2999/107/1692
f 2996/107/1689 3001/107/1694 3000/107/1693
f 3071/104/1822 3068/101/1819 3069/102/1820
f 3071/104/1822 3070/103/1821 3068/101/1819
f 3080/107/1831 3084/107/1835 3083/107/1834
f 3080/107/1831 3085/107/1836 3084/107/1835
f 3155/104/1822 3152/101/1819 3153/102/1820
f 3155/104/1822 3154/103/1821 3152/101/1819
f 3164/107/1831 3168/107/1835 3167/107/1834
f 3164/107/1831 3169/107/1836 3168/107/1835
f 3239/104/1822 3236/101/1819 3237/102/1820
f 3239/104/1822 3238/103/1821 3236/101/1819
f 3248/107/1831 3252/107/1835 3251/107/1834
f 3248/107/1831 3253/107/1836 3252/107/1835
f 3323/104/1596 3320/101/1593 3321/102/1594
f 3323/104/1596 3322/103/1595 3320/101/1593
f 3332/107/1605 3336/107/1609 3335/107/1608
f 3332/107/1605 3337/107/1610 3336/107/1609
f 3407/104/1739 3404/101/1736 3405/102/1737
f 3407/104/1739 3406/103/1738 3404/101/1736
f 3416/107/1748 3420/107/1752 3419/107/1751
f 3416/107/1748 3421/107/1753 3420/107/1752
f 3428/108/1 3432/108/1 3431/108/1
f 3432/108/1 3433/108/1 3431/108/1
f 3438/108/1 3440/108/1 3439/108/1
f 3440/108/1 3441/108/1 3439/108/1
f 3467/108/1 3471/108/1 3470/108/1
f 3471/108/1 3472/108/1 3470/108/1
f 3477/108/1 3479/108/1 3478/108/1
f 3479/108/1 3480/108/1 3478/108/1
f 3541/108/1918 3546/123/1923 3543/110/1920
f 3553/108/1930 3552/110/1929 3550/124/1927
f 3566/108/1920 3568/108/1918 3570/120/1923
f 3590/108/49 3594/108/49 3593/108/49
f 3594/108/49 3595/108/49 3593/108/49
f 3600/108/49 3602/108/49 3601/108/49
f 3602/108/49 3603/108/49 3601/108/49
f 3614/108/49 3618/108/49 3617/108/49
f 3618/108/49 3619/108/49 3617/108/49
f 3624/108/49 3626/108/49 3625/108/49
f 3626/108/49 3627/108/49 3625/108/49
f 3647/108/1960 3575/121/1926 3648/108/1961
f 3685/110/1961 3684/108/1978 3686/127/1926
f 3704/108/1985 3707/121/1927 3706/108/1930
f 3717/108/1991 3558/116/1934 3559/116/1935
f 3719/108/1992 3717/108/1991 3559/116/1935
f 3529/108/1907 3738/116/2006 3739/116/2007
f 3531/108/1909 3529/108/1907 3739/116/2007
f 3569/108/1915 3567/108/1919 3760/120/1979
f 3542/110/1919 3688/126/1979 3538/108/1915
f 3602/108/1 3600/108/1 3603/108/1
f 3600/108/1 3601/108/1 3603/108/1
f 3864/116/2045 3879/108/2059 3866/116/2047
f 3879/108/2059 3880/108/2060 3866/116/2047
f 3594/108/1 3590/108/1 3595/108/1
f 3590/108/1 3593/108/1 3595/108/1
f 3894/117/2074 3893/117/2073 3892/110/2072
f 3895/110/2075 3894/117/2074 3892/110/2072
f 3906/108/2086 3908/108/2088 3911/142/2092
f 3907/140/2087 3906/108/2086 3911/142/2092
f 3916/110/2098 3920/110/2102 3924/145/2106
f 3917/143/2099 3916/110/2098 3924/145/2106
f 3929/110/2111 3928/110/2110 3927/112/2109
f 3930/112/2112 3929/110/2111 3927/112/2109
f 3928/110/2110 3929/110/2111 3934/110/2116
f 3935/110/2117 3928/110/2110 3934/110/2116
f 3936/143/2118 3934/110/2116 3929/110/2111
f 3937/145/2119 3936/143/2118 3929/110/2111
f 3934/110/2116 3865/112/2046 3935/110/2117
f 3865/112/2046 3863/112/2044 3935/110/2117
f 3888/116/2068 3938/108/2120 3889/116/2069
f 3938/108/2120 3939/108/2121 3889/116/2069
f 3938/108/2120 3940/108/2122 3939/108/2121
f 3940/108/2122 3941/108/2123 3939/108/2121
f 3940/108/2122 3942/117/2124 3941/108/2123
f 3942/117/2124 3943/117/2125 3941/108/2123
f 3626/108/1 3624/108/1 3627/108/1
f 3624/108/1 3625/108/1 3627/108/1
f 3618/108/1 3614/108/1 3619/108/1
f 3614/108/1 3617/108/1 3619/108/1
f 3966/108/2150 3964/108/2148 3969/142/2154
f 3964/108/2148 3965/140/2149 3969/142/2154
f 3978/110/2164 3974/110/2160 3980/145/2166
f 3974/110/2160 3975/143/2161 3980/145/2166
f 3972/140/2157 3940/108/2122 3938/108/2120
f 3971/142/2156 3972/140/2157 3938/108/2120
f 4421/104/2354 4418/101/2351 4419/102/2352
f 4421/104/2354 4420/103/2353 4418/101/2351
f 4430/107/2363 4434/107/2365 4433/107/1613
f 4430/107/2363 4435/107/1754 4434/107/2365
f 4505/104/2354 4502/101/2351 4503/102/2352
f 4505/104/2354 4504/103/2353 4502/101/2351
f 4514/107/2363 4518/107/2365 4517/107/1613
f 4514/107/2363 4519/107/1754 4518/107/2365
f 4796/108/49 4795/108/49 4794/108/49
f 4795/108/49 4797/108/49 4794/108/49
f 4857/110/2640 4851/112/2634 4852/112/2635
f 4858/110/2641 4857/110/2640 4852/112/2635
f 4858/110/2641 4861/110/2644 4857/110/2640
f 4861/110/2644 4862/110/2645 4857/110/2640
f 4863/112/2646 4862/110/2645 4861/110/2644
f 4864/143/2647 4861/110/2644 4858/110/2641
f 4865/145/2648 4864/143/2647 4858/110/2641
f 4866/112/2649 4863/112/2646 4861/110/2644
f 4882/108/49 4835/108/49 4886/108/49
f 4835/108/49 4829/108/49 4886/108/49
f 4887/108/2664 4889/108/2666 4892/142/2669
f 4888/140/2665 4887/108/2664 4892/142/2669
f 4911/117/2688 4910/117/2687 4912/108/2689
f 4910/117/2687 4913/108/2690 4912/108/2689
f 4919/142/2696 4915/140/2692 4918/108/2695
f 4895/140/2672 4894/142/2671 4922/108/2699
f 4918/108/2695 4922/108/2699 4920/116/2697
f 4922/108/2699 4923/116/2700 4920/116/2697
f 4944/108/49 4960/108/49 4937/108/49
f 4960/108/49 4961/108/49 4937/108/49
f 4966/108/49 4954/108/49 4950/108/49
f 4954/108/49 4949/108/49 4950/108/49
f 4968/108/2730 4967/108/2729 4971/142/2733
f 4967/108/2729 4917/140/2694 4971/142/2733
f 4977/110/2739 4973/110/2735 4979/145/2741
f 4973/110/2735 4974/143/2736 4979/145/2741
f 4988/108/1 4987/108/1 4986/108/1
f 4987/108/1 4989/108/1 4986/108/1
f 5049/110/2748 5043/112/2746 5044/112/2747
f 5050/110/2749 5049/110/2748 5044/112/2747
f 5050/110/2749 5053/110/2750 5049/110/2748
f 5053/110/2750 5054/110/2751 5049/110/2748
f 5055/112/2752 5054/110/2751 5053/110/2750
f 5056/143/2118 5053/110/2750 5050/110/2749
f 5057/145/2119 5056/143/2118 5050/110/2749
f 5058/112/2753 5055/112/2752 5053/110/2750
f 5074/108/1 5027/108/1 5078/108/1
f 5027/108/1 5021/108/1 5078/108/1
f 5079/108/2086 5081/108/2088 5084/142/2092
f 5080/140/2087 5079/108/2086 5084/142/2092
f 5103/117/2761 5102/117/2760 5104/108/2762
f 5102/117/2760 5105/108/2763 5104/108/2762
f 5111/142/2156 5107/140/2157 5110/108/2764
f 5087/140/2758 5086/142/2094 5114/108/2767
f 5110/108/2764 5114/108/2767 5112/116/2765
f 5114/108/2767 5115/116/2768 5112/116/2765
f 5136/108/1 5152/108/1 5129/108/1
f 5152/108/1 5153/108/1 5129/108/1
f 5158/108/1 5146/108/1 5142/108/1
f 5146/108/1 5141/108/1 5142/108/1
f 5160/108/2150 5159/108/2148 5163/142/2154
f 5159/108/2148 5109/140/2149 5163/142/2154
f 5169/110/2164 5165/110/2160 5171/145/2166
f 5165/110/2160 5166/143/2161 5171/145/2166
f 5180/108/1 5179/108/1 5178/108/1
f 5179/108/1 5181/108/1 5178/108/1
f 5241/110/2748 5235/112/2746 5236/112/2747
f 5242/110/2749 5241/110/2748 5236/112/2747
f 5242/110/2749 5245/110/2750 5241/110/2748
f 5245/110/2750 5246/110/2751 5241/110/2748
f 5247/112/2752 5246/110/2751 5245/110/2750
f 5248/143/2118 5245/110/2750 5242/110/2749
f 5249/145/2119 5248/143/2118 5242/110/2749
f 5250/112/2753 5247/112/2752 5245/110/2750
f 5266/108/1 5219/108/1 5270/108/1
f 5219/108/1 5213/108/1 5270/108/1
f 5271/108/2086 5273/108/2088 5276/142/2092
f 5272/140/2087 5271/108/2086 5276/142/2092
f 5295/117/2761 5294/117/2760 5296/108/2762
f 5294/117/2760 5297/108/2763 5296/108/2762
f 5303/142/2156 5299/140/2157 5302/108/2764
f 5279/140/2758 5278/142/2094 5306/108/2767
f 5302/108/2764 5306/108/2767 5304/116/2765
f 5306/108/2767 5307/116/2768 5304/116/2765
f 5328/108/1 5344/108/1 5321/108/1
f 5344/108/1 5345/108/1 5321/108/1
f 5350/108/1 5338/108/1 5334/108/1
f 5338/108/1 5333/108/1 5334/108/1
f 5352/108/2150 5351/108/2148 5355/142/2154
f 5351/108/2148 5301/140/2149 5355/142/2154
f 5361/110/2164 5357/110/2160 5363/145/2166
f 5357/110/2160 5358/143/2161 5363/145/2166
f 5370/108/1 5374/108/1 5373/108/1
f 5374/108/1 5375/108/1 5373/108/1
f 5380/108/1 5382/108/1 5381/108/1
f 5382/108/1 5383/108/1 5381/108/1
f 5449/108/1 5453/108/1 5452/108/1
f 5453/108/1 5454/108/1 5452/108/1
f 5459/108/1 5461/108/1 5460/108/1
f 5461/108/1 5462/108/1 5460/108/1
f 5523/108/1918 5528/123/1923 5525/110/1920
f 5535/108/1930 5534/110/1929 5532/124/1927
f 5548/108/1920 5550/108/1918 5552/120/1923
f 5572/108/49 62/108/49 5573/108/49
f 62/108/49 61/108/49 5573/108/49
f 1/108/49 4/108/49 3/108/49
f 4/108/49 2/108/49 3/108/49
f 5581/108/49 232/108/49 5582/108/49
f 232/108/49 231/108/49 5582/108/49
f 238/108/49 240/108/49 237/108/49
f 240/108/49 239/108/49 237/108/49
f 5600/108/1960 5557/121/1926 5601/108/1961
f 5638/110/1961 5637/108/1978 5639/127/1926
f 5659/108/1985 5662/121/1927 5661/108/1930
f 5672/108/1991 5540/116/1934 5541/116/1935
f 5674/108/1992 5672/108/1991 5541/116/1935
f 5511/108/1907 5693/116/2006 5694/116/2007
f 5513/108/1909 5511/108/1907 5694/116/2007
f 5551/108/1915 5549/108/1919 5715/120/1979
f 5524/110/1919 5641/126/1979 5520/108/1915
f 5370/108/1 5374/108/1 5373/108/1
f 5374/108/1 5375/108/1 5373/108/1
f 5380/108/1 5382/108/1 5381/108/1
f 5382/108/1 5383/108/1 5381/108/1
f 5449/108/1 5453/108/1 5452/108/1
f 5453/108/1 5454/108/1 5452/108/1
f 5459/108/1 5461/108/1 5460/108/1
f 5461/108/1 5462/108/1 5460/108/1
f 5523/108/1918 5528/123/1923 5525/110/1920
f 5535/108/1930 5534/110/1929 5532/124/1927
f 5548/108/1920 5550/108/1918 5552/120/1923
f 5572/108/49 62/108/49 5573/108/49
f 62/108/49 61/108/49 5573/108/49
f 1/108/49 4/108/49 3/108/49
f 4/108/49 2/108/49 3/108/49
f 5581/108/49 232/108/49 5582/108/49
f 232/108/49 231/108/49 5582/108/49
f 238/108/49 240/108/49 237/108/49
f 240/108/49 239/108/49 237/108/49
f 5600/108/1960 5557/121/1926 5601/108/1961
f 5638/110/1961 5637/108/1978 5639/127/1926
f 5659/108/1985 5662/121/1927 5661/108/1930
f 5672/108/1991 5540/116/1934 5541/116/1935
f 5674/108/1992 5672/108/1991 5541/116/1935
f 5511/108/1907 5693/116/2006 5694/116/2007
f 5513/108/1909 5511/108/1907 5694/116/2007
f 5551/108/1915 5549/108/1919 5715/120/1979
f 5524/110/1919 5641/126/1979 5520/108/1915
f 5836/200/2861 5840/201/2865 5839/201/2864
f 5836/200/2861 5841/200/2866 5840/201/2865
f 5841/200/2866 5842/201/2867 5840/201/2865
f 5841/200/2866 5843/200/2868 5842/201/2867
f 5849/202/2874 5851/203/2876 5848/203/2873
f 5849/202/2874 5850/202/2875 5851/203/2876
f 5859/205/2884 5856/204/2881 5860/204/2885
f 5858/205/2883 5863/205/2888 5857/204/2882
f 5869/206/2894 5871/207/2896 5867/207/2892
f 5869/206/2894 5870/206/2895 5871/207/2896
f 5/2/2 7/3/2 6/3/3
f 6/3/3 8/2/3 5/2/2
f 8/2/3 6/3/3 9/3/4
f 9/3/4 12/2/4 8/2/3
f 5/2/2 8/2/3 10/2/3
f 10/2/3 11/2/2 5/2/2
f 12/2/4 9/3/4 13/3/5
f 13/3/5 14/2/5 12/2/4
f 12/2/4 14/2/5 15/2/5
f 15/2/5 16/2/4 12/2/4
f 10/2/3 8/2/3 12/2/4
f 12/2/4 16/2/4 10/2/3
f 16/2/4 15/2/5 17/3/5
f 17/3/5 18/3/4 16/2/4
f 19/3/3 10/2/3 16/2/4
f 16/2/4 18/3/4 19/3/3
f 20/3/2 11/2/2 10/2/3
f 10/2/3 19/3/3 20/3/2
f 21/4/6 23/5/6 22/5/7
f 22/5/7 24/4/7 21/4/6
f 21/4/6 24/4/7 25/4/7
f 25/4/7 26/4/6 21/4/6
f 27/1/8 29/6/10 28/1/9
f 28/1/9 31/1/12 27/1/8
f 31/1/12 28/1/9 32/1/13
f 32/1/13 33/6/14 31/1/12
f 36/8/17 32/1/13 35/7/16
f 35/7/16 40/12/21 36/8/17
f 34/6/15 32/1/13 36/8/17
f 36/8/17 37/9/18 34/6/15
f 38/10/19 35/7/16 28/1/9
f 28/1/9 29/6/10 38/10/19
f 35/7/16 38/10/19 39/11/20
f 39/11/20 40/12/21 35/7/16
f 31/1/12 33/6/14 41/10/22
f 41/10/22 42/7/23 31/1/12
f 42/7/23 41/10/22 43/10/24
f 43/10/24 44/12/25 42/7/23
f 42/7/23 44/12/25 45/8/16
f 45/8/16 27/1/8 42/7/23
f 47/1/27 46/8/26 45/8/16
f 45/8/16 44/12/25 47/1/27
f 49/1/29 47/1/27 50/6/30
f 50/6/30 51/6/31 49/1/29
f 48/1/28 47/1/27 49/1/29
f 49/1/29 52/1/32 48/1/28
f 48/1/28 52/1/32 53/6/33
f 53/6/33 54/6/34 48/1/28
f 48/1/28 54/6/34 55/9/35
f 55/9/35 46/8/26 48/1/28
f 46/8/26 55/9/35 56/9/36
f 56/9/36 45/8/16 46/8/26
f 59/13/1 58/13/1 57/1/1
f 57/1/1 60/1/1 59/13/1
f 62/1/1 61/1/1 63/13/1
f 63/13/1 64/13/1 62/1/1
f 64/13/1 63/13/1 65/13/1
f 65/13/1 66/13/1 64/13/1
f 66/13/1 65/13/1 3/1/1
f 3/1/1 1/1/1 66/13/1
f 4/1/1 2/1/1 67/13/1
f 67/13/1 68/13/1 4/1/1
f 69/14/37 71/6/39 70/6/38
f 70/6/38 72/14/37 69/14/37
f 73/14/40 69/14/37 72/14/37
f 72/14/37 78/14/45 73/14/40
f 69/14/37 73/14/40 74/15/41
f 74/15/41 75/16/42 69/14/37
f 75/16/42 74/15/41 76/15/43
f 76/15/43 77/17/44 75/16/42
f 79/6/46 73/14/40 78/14/45
f 78/14/45 80/6/47 79/6/46
f 78/14/45 72/14/37 81/15/48
f 81/15/48 82/16/41 78/14/45
f 85/13/49 84/13/49 83/1/49
f 83/1/49 86/1/49 85/13/49
f 51/1/49 87/1/49 88/13/49
f 88/13/49 49/13/49 51/1/49
f 49/13/49 88/13/49 89/13/49
f 89/13/49 52/13/49 49/13/49
f 52/13/49 89/13/49 90/1/49
f 90/1/49 53/1/49 52/13/49
f 92/1/49 91/1/49 93/13/49
f 93/13/49 94/13/49 92/1/49
f 95/6/52 91/18/51 90/6/50
f 90/6/50 96/6/53 95/6/52
f 54/6/34 53/6/33 92/18/54
f 92/18/54 97/6/55 54/6/34
f 98/4/56 100/5/56 99/5/57
f 99/5/57 101/4/57 98/4/56
f 102/4/56 98/4/56 101/4/57
f 101/4/57 103/4/57 102/4/56
f 96/6/53 90/6/50 89/14/58
f 89/14/58 104/14/59 96/6/53
f 104/14/59 89/14/58 88/14/60
f 88/14/60 105/14/61 104/14/59
f 96/6/53 104/14/59 76/15/43
f 76/15/43 106/9/62 96/6/53
f 105/14/61 88/14/60 87/6/63
f 87/6/63 107/6/64 105/14/61
f 107/6/64 87/6/63 83/6/65
f 83/6/65 108/6/66 107/6/64
f 107/6/64 108/6/66 109/18/67
f 109/18/67 110/10/68 107/6/64
f 110/10/68 109/18/67 111/18/69
f 111/18/69 112/10/70 110/10/68
f 86/6/71 114/6/73 113/1/72
f 113/1/72 85/1/74 86/6/71
f 85/1/74 113/1/72 115/1/75
f 115/1/75 84/1/78 85/1/74
f 115/1/75 113/1/72 116/13/76
f 116/13/76 117/13/77 115/1/75
f 84/1/78 115/1/75 108/6/66
f 108/6/66 83/6/65 84/1/78
f 114/6/73 86/6/71 51/6/31
f 51/6/31 50/6/30 114/6/73
f 114/6/73 50/6/30 43/10/24
f 43/10/24 118/18/79 114/6/73
f 118/18/79 43/10/24 41/10/22
f 41/10/22 119/18/80 118/18/79
f 20/20/2 120/20/7 25/19/7
f 25/19/7 11/19/2 20/20/2
f 5/19/2 11/19/2 25/19/7
f 25/19/7 24/19/7 5/19/2
f 121/20/56 17/20/5 15/19/5
f 15/19/5 102/19/56 121/20/56
f 102/19/56 15/19/5 14/19/5
f 14/19/5 98/19/56 102/19/56
f 101/21/57 99/20/57 122/20/81
f 122/20/81 123/22/81 101/21/57
f 101/21/57 123/22/81 124/22/81
f 124/22/81 103/21/57 101/21/57
f 125/22/82 126/20/82 23/20/6
f 23/20/6 21/21/6 125/22/82
f 127/22/82 125/22/82 21/21/6
f 21/21/6 26/21/6 127/22/82
f 3/6/33 129/6/83 128/6/55
f 128/6/55 2/6/54 3/6/33
f 2/6/54 128/6/55 130/13/84
f 130/13/84 67/13/85 2/6/54
f 67/13/85 130/13/84 131/13/86
f 131/13/86 68/13/87 67/13/85
f 131/13/86 130/13/84 132/13/88
f 132/13/88 133/13/89 131/13/86
f 134/6/52 4/6/51 68/13/87
f 68/13/87 131/13/86 134/6/52
f 134/6/52 131/13/86 133/13/89
f 133/13/89 135/18/90 134/6/52
f 4/6/51 134/6/52 136/6/91
f 136/6/91 1/6/50 4/6/51
f 137/14/61 64/14/60 66/14/58
f 66/14/58 138/14/59 137/14/61
f 138/14/59 66/14/58 1/6/50
f 1/6/50 136/6/91 138/14/59
f 138/14/59 136/6/91 139/10/92
f 139/10/92 140/17/93 138/14/59
f 137/14/61 138/14/59 140/17/93
f 140/17/93 141/15/44 137/14/61
f 142/6/94 137/14/61 141/15/44
f 141/15/44 143/9/95 142/6/94
f 143/9/95 141/15/44 81/15/48
f 81/15/48 144/9/96 143/9/95
f 64/14/60 137/14/61 142/6/94
f 142/6/94 62/6/63 64/14/60
f 145/6/66 60/6/65 62/6/63
f 62/6/63 142/6/94 145/6/66
f 145/6/66 142/6/94 143/9/95
f 143/9/95 146/23/97 145/6/66
f 146/23/97 143/9/95 144/9/96
f 144/9/96 147/23/98 146/23/97
f 60/6/65 145/6/66 148/1/75
f 148/1/75 59/1/78 60/6/65
f 146/23/97 149/1/99 148/1/75
f 148/1/75 145/6/66 146/23/97
f 59/1/78 148/1/75 150/1/72
f 150/1/72 58/1/74 59/1/78
f 58/1/74 150/1/72 151/6/100
f 151/6/100 57/6/71 58/1/74
f 152/6/30 61/6/31 57/6/71
f 57/6/71 151/6/100 152/6/30
f 152/6/30 151/6/100 153/23/101
f 153/23/101 154/9/102 152/6/30
f 154/9/102 153/23/101 155/23/103
f 155/23/103 37/9/18 154/9/102
f 129/6/83 3/6/33 65/1/32
f 65/1/32 156/1/104 129/6/83
f 157/1/105 156/1/104 65/1/32
f 65/1/32 63/1/29 157/1/105
f 157/1/105 63/1/29 61/6/31
f 61/6/31 152/6/30 157/1/105
f 97/6/55 92/18/54 94/13/85
f 94/13/85 158/13/84 97/6/55
f 158/13/84 94/13/85 93/13/87
f 93/13/87 160/13/86 158/13/84
f 97/6/55 158/13/84 159/1/88
f 159/1/88 165/6/110 97/6/55
f 160/13/86 93/13/87 91/18/51
f 91/18/51 95/6/52 160/13/86
f 160/13/86 95/6/52 161/6/106
f 161/6/106 162/1/107 160/13/86
f 162/1/107 161/6/106 163/6/108
f 163/6/108 164/1/109 162/1/107
f 159/1/88 162/1/107 164/1/109
f 164/1/109 166/1/111 159/1/88
f 165/6/110 159/1/88 166/1/111
f 166/1/111 167/6/112 165/6/110
f 166/1/111 164/1/109 168/13/113
f 168/13/113 169/13/114 166/1/111
f 128/6/55 129/6/83 39/11/20
f 39/11/20 170/18/115 128/6/55
f 170/18/115 39/11/20 38/10/19
f 38/10/19 171/18/116 170/18/115
f 171/18/116 38/10/19 29/6/10
f 29/6/10 172/6/117 171/18/116
f 172/6/117 29/6/10 30/6/11
f 30/6/11 173/6/118 172/6/117
f 173/6/118 30/6/11 56/9/36
f 56/9/36 167/6/112 173/6/118
f 170/18/115 132/13/88 130/13/84
f 130/13/84 128/6/55 170/18/115
f 132/13/88 170/18/115 171/18/116
f 171/18/116 174/13/119 132/13/88
f 174/13/119 171/18/116 172/6/117
f 172/6/117 175/13/120 174/13/119
f 169/13/114 173/6/118 167/6/112
f 167/6/112 166/1/111 169/13/114
f 176/13/121 175/13/120 169/13/114
f 169/13/114 168/13/113 176/13/121
f 177/6/122 176/13/121 168/13/113
f 168/13/113 178/6/123 177/6/122
f 178/6/123 168/13/113 164/1/109
f 164/1/109 163/6/108 178/6/123
f 176/13/121 177/6/122 179/18/124
f 179/18/124 180/13/125 176/13/121
f 180/13/125 179/18/124 135/18/90
f 135/18/90 133/13/89 180/13/125
f 175/13/120 176/13/121 180/13/125
f 180/13/125 174/13/119 175/13/120
f 174/13/119 180/13/125 133/13/89
f 133/13/89 132/13/88 174/13/119
f 136/6/91 134/6/52 135/18/90
f 135/18/90 139/10/92 136/6/91
f 139/10/92 135/18/90 179/18/124
f 179/18/124 181/10/126 139/10/92
f 181/10/126 179/18/124 177/6/122
f 177/6/122 80/6/47 181/10/126
f 80/6/47 177/6/122 178/6/123
f 178/6/123 79/6/46 80/6/47
f 79/6/46 178/6/123 163/6/108
f 163/6/108 182/9/127 79/6/46
f 140/17/93 139/10/92 181/10/126
f 181/10/126 82/16/41 140/17/93
f 141/15/44 140/17/93 82/16/41
f 82/16/41 81/15/48 141/15/44
f 82/16/41 181/10/126 80/6/47
f 80/6/47 78/14/45 82/16/41
f 72/14/37 70/6/38 144/9/96
f 144/9/96 81/15/48 72/14/37
f 147/23/98 144/9/96 70/6/38
f 70/6/38 183/6/128 147/23/98
f 183/6/128 70/6/38 71/6/39
f 71/6/39 184/6/129 183/6/128
f 184/6/129 71/6/39 112/10/70
f 112/10/70 111/18/69 184/6/129
f 149/1/99 146/23/97 147/23/98
f 147/23/98 185/1/130 149/1/99
f 185/1/130 147/23/98 183/6/128
f 183/6/128 186/1/131 185/1/130
f 186/1/131 183/6/128 184/6/129
f 184/6/129 187/1/132 186/1/131
f 187/1/132 184/6/129 111/18/69
f 111/18/69 189/13/134 187/1/132
f 188/1/133 186/1/131 187/1/132
f 187/1/132 190/1/133 188/1/133
f 189/13/134 111/18/69 109/18/67
f 109/18/67 117/13/77 189/13/134
f 191/6/135 188/1/133 190/1/133
f 190/1/133 192/6/136 191/6/135
f 188/1/133 191/6/135 155/23/103
f 155/23/103 194/1/138 188/1/133
f 192/6/136 190/1/133 193/13/137
f 193/13/137 119/18/80 192/6/136
f 194/1/138 155/23/103 153/23/101
f 153/23/101 195/1/76 194/1/138
f 119/18/80 193/13/137 116/13/76
f 116/13/76 118/18/79 119/18/80
f 149/1/99 195/1/76 150/1/72
f 150/1/72 148/1/75 149/1/99
f 195/1/76 149/1/99 185/1/130
f 185/1/130 194/1/138 195/1/76
f 194/1/138 185/1/130 186/1/131
f 186/1/131 188/1/133 194/1/138
f 195/1/76 153/23/101 151/6/100
f 151/6/100 150/1/72 195/1/76
f 37/9/18 155/23/103 191/6/135
f 191/6/135 34/6/15 37/9/18
f 34/6/15 191/6/135 192/6/136
f 192/6/136 33/6/14 34/6/15
f 33/6/14 192/6/136 119/18/80
f 119/18/80 41/10/22 33/6/14
f 157/1/105 152/6/30 154/9/102
f 154/9/102 196/8/139 157/1/105
f 196/8/139 154/9/102 37/9/18
f 37/9/18 36/8/17 196/8/139
f 36/8/17 40/12/21 156/1/104
f 156/1/104 196/8/139 36/8/17
f 129/6/83 156/1/104 40/12/21
f 40/12/21 39/11/20 129/6/83
f 71/6/39 69/14/37 75/16/42
f 75/16/42 112/10/70 71/6/39
f 112/10/70 75/16/42 77/17/44
f 77/17/44 110/10/68 112/10/70
f 105/14/61 107/6/64 110/10/68
f 110/10/68 77/17/44 105/14/61
f 108/6/66 115/1/75 117/13/77
f 117/13/77 109/18/67 108/6/66
f 113/1/72 114/6/73 118/18/79
f 118/18/79 116/13/76 113/1/72
f 50/6/30 47/1/27 44/12/25
f 44/12/25 43/10/24 50/6/30
f 182/9/127 163/6/108 161/6/106
f 161/6/106 106/9/62 182/9/127
f 106/9/62 161/6/106 95/6/52
f 95/6/52 96/6/53 106/9/62
f 73/14/40 79/6/46 182/9/127
f 182/9/127 74/15/41 73/14/40
f 74/15/41 182/9/127 106/9/62
f 106/9/62 76/15/43 74/15/41
f 45/8/16 56/9/36 30/6/11
f 30/6/11 27/1/8 45/8/16
f 167/6/112 56/9/36 55/9/35
f 55/9/35 165/6/110 167/6/112
f 165/6/110 55/9/35 54/6/34
f 54/6/34 97/6/55 165/6/110
f 190/1/133 187/1/132 189/13/134
f 189/13/134 193/13/137 190/1/133
f 193/13/137 189/13/134 117/13/77
f 117/13/77 116/13/76 193/13/137
f 162/1/107 159/1/88 158/13/84
f 158/13/84 160/13/86 162/1/107
f 77/17/44 76/15/43 104/14/59
f 104/14/59 105/14/61 77/17/44
f 200/1/143 199/6/142 197/1/140
f 197/1/140 201/1/144 200/1/143
f 202/1/145 200/1/143 201/1/144
f 201/1/144 203/6/146 202/1/145
f 205/7/148 202/1/145 206/8/149
f 206/8/149 210/12/153 205/7/148
f 206/8/149 202/1/145 204/6/147
f 204/6/147 207/9/150 206/8/149
f 200/1/143 205/7/148 208/10/151
f 208/10/151 199/6/142 200/1/143
f 209/11/152 208/10/151 205/7/148
f 205/7/148 210/12/153 209/11/152
f 211/10/154 203/6/146 201/1/144
f 201/1/144 212/7/155 211/10/154
f 213/10/156 211/10/154 212/7/155
f 212/7/155 214/12/157 213/10/156
f 215/8/148 214/12/157 212/7/155
f 212/7/155 197/1/140 215/8/148
f 217/1/159 214/12/157 215/8/148
f 215/8/148 216/8/158 217/1/159
f 220/6/162 217/1/159 219/1/161
f 219/1/161 221/6/163 220/6/162
f 219/1/161 217/1/159 218/1/160
f 218/1/160 222/1/164 219/1/161
f 223/6/165 222/1/164 218/1/160
f 218/1/160 224/6/166 223/6/165
f 225/9/167 224/6/166 218/1/160
f 218/1/160 216/8/158 225/9/167
f 226/9/168 225/9/167 216/8/158
f 216/8/158 215/8/148 226/9/168
f 229/13/1 228/13/1 227/1/1
f 227/1/1 230/1/1 229/13/1
f 232/1/1 231/1/1 233/13/1
f 233/13/1 234/13/1 232/1/1
f 234/13/1 233/13/1 235/13/1
f 235/13/1 236/13/1 234/13/1
f 236/13/1 235/13/1 237/1/1
f 237/1/1 238/1/1 236/13/1
f 240/1/1 239/1/1 241/13/1
f 241/13/1 242/13/1 240/1/1
f 245/6/171 244/6/170 243/14/169
f 243/14/169 246/14/169 245/6/171
f 246/14/169 243/14/169 247/14/172
f 247/14/172 252/14/177 246/14/169
f 248/15/173 247/14/172 243/14/169
f 243/14/169 249/16/174 248/15/173
f 250/15/175 248/15/173 249/16/174
f 249/16/174 251/17/176 250/15/175
f 252/14/177 247/14/172 253/6/178
f 253/6/178 254/6/179 252/14/177
f 255/15/180 246/14/169 252/14/177
f 252/14/177 256/16/173 255/15/180
f 259/13/49 258/13/49 257/1/49
f 257/1/49 260/1/49 259/13/49
f 223/1/49 261/1/49 262/13/49
f 262/13/49 222/13/49 223/1/49
f 222/13/49 262/13/49 263/13/49
f 263/13/49 219/13/49 222/13/49
f 219/13/49 263/13/49 264/1/49
f 264/1/49 221/1/49 219/13/49
f 266/1/49 265/1/49 267/13/49
f 267/13/49 268/13/49 266/1/49
f 270/6/183 269/6/182 261/6/181
f 261/6/181 257/18/184 270/6/183
f 224/6/166 271/6/186 260/18/185
f 260/18/185 223/6/165 224/6/166
f 262/14/187 261/6/181 269/6/182
f 269/6/182 272/14/188 262/14/187
f 263/14/189 262/14/187 272/14/188
f 272/14/188 273/14/190 263/14/189
f 250/15/175 272/14/188 269/6/182
f 269/6/182 274/9/191 250/15/175
f 264/6/192 263/14/189 273/14/190
f 273/14/190 275/6/193 264/6/192
f 265/6/194 264/6/192 275/6/193
f 275/6/193 276/6/195 265/6/194
f 277/18/196 276/6/195 275/6/193
f 275/6/193 278/10/197 277/18/196
f 279/18/198 277/18/196 278/10/197
f 278/10/197 280/10/199 279/18/198
f 282/1/202 281/6/201 266/6/200
f 266/6/200 268/1/85 282/1/202
f 283/1/203 282/1/202 268/1/85
f 268/1/85 267/1/87 283/1/203
f 284/13/204 282/1/202 283/1/203
f 283/1/203 285/13/205 284/13/204
f 276/6/195 283/1/203 267/1/87
f 267/1/87 265/6/194 276/6/195
f 221/6/163 266/6/200 281/6/201
f 281/6/201 220/6/162 221/6/163
f 213/10/156 220/6/162 281/6/201
f 281/6/201 286/18/206 213/10/156
f 211/10/154 213/10/156 286/18/206
f 286/18/206 287/18/207 211/10/154
f 231/6/165 227/6/185 288/6/186
f 288/6/186 289/6/208 231/6/165
f 290/13/209 288/6/186 227/6/185
f 227/6/185 228/13/74 290/13/209
f 291/13/210 290/13/209 228/13/74
f 228/13/74 229/13/78 291/13/210
f 292/13/211 290/13/209 291/13/210
f 291/13/210 293/13/212 292/13/211
f 229/13/78 230/6/184 294/6/183
f 294/6/183 291/13/210 229/13/78
f 293/13/212 291/13/210 294/6/183
f 294/6/183 295/18/213 293/13/212
f 230/6/184 232/6/181 296/6/214
f 296/6/214 294/6/183 230/6/184
f 236/14/189 238/6/192 297/6/215
f 297/6/215 298/14/190 236/14/189
f 234/14/187 236/14/189 298/14/190
f 298/14/190 299/14/188 234/14/187
f 232/6/181 234/14/187 299/14/188
f 299/14/188 296/6/214 232/6/181
f 300/10/216 296/6/214 299/14/188
f 299/14/188 301/17/217 300/10/216
f 301/17/217 299/14/188 298/14/190
f 298/14/190 302/15/176 301/17/217
f 302/15/176 298/14/190 297/6/215
f 297/6/215 303/9/218 302/15/176
f 255/15/180 302/15/176 303/9/218
f 303/9/218 304/9/219 255/15/180
f 238/6/192 240/6/194 305/6/195
f 305/6/195 297/6/215 238/6/192
f 303/9/218 297/6/215 305/6/195
f 305/6/195 306/23/220 303/9/218
f 304/9/219 303/9/218 306/23/220
f 306/23/220 307/23/221 304/9/219
f 240/6/194 242/1/87 308/1/203
f 308/1/203 305/6/195 240/6/194
f 306/23/220 305/6/195 308/1/203
f 308/1/203 309/1/222 306/23/220
f 310/1/202 308/1/203 242/1/87
f 242/1/87 241/1/85 310/1/202
f 311/6/223 310/1/202 241/1/85
f 241/1/85 239/6/200 311/6/223
f 239/6/200 237/6/163 312/6/162
f 312/6/162 311/6/223 239/6/200
f 313/23/224 311/6/223 312/6/162
f 312/6/162 314/9/225 313/23/224
f 315/23/226 313/23/224 314/9/225
f 314/9/225 207/9/150 315/23/226
f 233/1/164 231/6/165 289/6/208
f 289/6/208 316/1/227 233/1/164
f 233/1/164 316/1/227 317/1/228
f 317/1/228 235/1/161 233/1/164
f 237/6/163 235/1/161 317/1/228
f 317/1/228 312/6/162 237/6/163
f 259/13/74 260/18/185 271/6/186
f 271/6/186 318/13/209 259/13/74
f 258/13/78 259/13/74 318/13/209
f 318/13/209 320/13/210 258/13/78
f 319/1/211 318/13/209 271/6/186
f 271/6/186 325/6/233 319/1/211
f 257/18/184 258/13/78 320/13/210
f 320/13/210 270/6/183 257/18/184
f 321/6/229 270/6/183 320/13/210
f 320/13/210 322/1/230 321/6/229
f 323/6/231 321/6/229 322/1/230
f 322/1/230 324/1/232 323/6/231
f 324/1/232 322/1/230 319/1/211
f 319/1/211 326/1/234 324/1/232
f 326/1/234 319/1/211 325/6/233
f 325/6/233 327/6/235 326/1/234
f 328/13/236 324/1/232 326/1/234
f 326/1/234 329/13/237 328/13/236
f 209/11/152 289/6/208 288/6/186
f 288/6/186 330/18/238 209/11/152
f 208/10/151 209/11/152 330/18/238
f 330/18/238 331/18/239 208/10/151
f 199/6/142 208/10/151 331/18/239
f 331/18/239 332/6/240 199/6/142
f 198/6/141 199/6/142 332/6/240
f 332/6/240 333/6/241 198/6/141
f 226/9/168 198/6/141 333/6/241
f 333/6/241 327/6/235 226/9/168
f 330/18/238 288/6/186 290/13/209
f 290/13/209 292/13/211 330/18/238
f 331/18/239 330/18/238 292/13/211
f 292/13/211 334/13/242 331/18/239
f 332/6/240 331/18/239 334/13/242
f 334/13/242 335/13/243 332/6/240
f 327/6/235 333/6/241 329/13/237
f 329/13/237 326/1/234 327/6/235
f 329/13/237 335/13/243 336/13/244
f 336/13/244 328/13/236 329/13/237
f 328/13/236 336/13/244 337/6/245
f 337/6/245 338/6/246 328/13/236
f 324/1/232 328/13/236 338/6/246
f 338/6/246 323/6/231 324/1/232
f 339/18/247 337/6/245 336/13/244
f 336/13/244 340/13/248 339/18/247
f 295/18/213 339/18/247 340/13/248
f 340/13/248 293/13/212 295/18/213
f 340/13/248 336/13/244 335/13/243
f 335/13/243 334/13/242 340/13/248
f 293/13/212 340/13/248 334/13/242
f 334/13/242 292/13/211 293/13/212
f 295/18/213 294/6/183 296/6/214
f 296/6/214 300/10/216 295/18/213
f 339/18/247 295/18/213 300/10/216
f 300/10/216 341/10/249 339/18/247
f 337/6/245 339/18/247 341/10/249
f 341/10/249 254/6/179 337/6/245
f 338/6/246 337/6/245 254/6/179
f 254/6/179 253/6/178 338/6/246
f 323/6/231 338/6/246 253/6/178
f 253/6/178 342/9/250 323/6/231
f 341/10/249 300/10/216 301/17/217
f 301/17/217 256/16/173 341/10/249
f 256/16/173 301/17/217 302/15/176
f 302/15/176 255/15/180 256/16/173
f 254/6/179 341/10/249 256/16/173
f 256/16/173 252/14/177 254/6/179
f 246/14/169 255/15/180 304/9/219
f 304/9/219 245/6/171 246/14/169
f 245/6/171 304/9/219 307/23/221
f 307/23/221 343/6/251 245/6/171
f 244/6/170 245/6/171 343/6/251
f 343/6/251 344/6/252 244/6/170
f 280/10/199 244/6/170 344/6/252
f 344/6/252 279/18/198 280/10/199
f 307/23/221 306/23/220 309/1/222
f 309/1/222 345/1/253 307/23/221
f 343/6/251 307/23/221 345/1/253
f 345/1/253 346/1/254 343/6/251
f 344/6/252 343/6/251 346/1/254
f 346/1/254 347/1/255 344/6/252
f 279/18/198 344/6/252 347/1/255
f 347/1/255 349/13/257 279/18/198
f 347/1/255 346/1/254 348/1/256
f 348/1/256 350/1/256 347/1/255
f 277/18/196 279/18/198 349/13/257
f 349/13/257 285/13/205 277/18/196
f 350/1/256 348/1/256 351/6/258
f 351/6/258 352/6/259 350/1/256
f 315/23/226 351/6/258 348/1/256
f 348/1/256 354/1/261 315/23/226
f 353/13/260 350/1/256 352/6/259
f 352/6/259 287/18/207 353/13/260
f 313/23/224 315/23/226 354/1/261
f 354/1/261 355/1/204 313/23/224
f 284/13/204 353/13/260 287/18/207
f 287/18/207 286/18/206 284/13/204
f 309/1/222 308/1/203 310/1/202
f 310/1/202 355/1/204 309/1/222
f 345/1/253 309/1/222 355/1/204
f 355/1/204 354/1/261 345/1/253
f 346/1/254 345/1/253 354/1/261
f 354/1/261 348/1/256 346/1/254
f 355/1/204 310/1/202 311/6/223
f 311/6/223 313/23/224 355/1/204
f 351/6/258 315/23/226 207/9/150
f 207/9/150 204/6/147 351/6/258
f 352/6/259 351/6/258 204/6/147
f 204/6/147 203/6/146 352/6/259
f 287/18/207 352/6/259 203/6/146
f 203/6/146 211/10/154 287/18/207
f 314/9/225 312/6/162 317/1/228
f 317/1/228 356/8/262 314/9/225
f 207/9/150 314/9/225 356/8/262
f 356/8/262 206/8/149 207/9/150
f 206/8/149 356/8/262 316/1/227
f 316/1/227 210/12/153 206/8/149
f 210/12/153 316/1/227 289/6/208
f 289/6/208 209/11/152 210/12/153
f 249/16/174 243/14/169 244/6/170
f 244/6/170 280/10/199 249/16/174
f 251/17/176 249/16/174 280/10/199
f 280/10/199 278/10/197 251/17/176
f 273/14/190 251/17/176 278/10/197
f 278/10/197 275/6/193 273/14/190
f 276/6/195 277/18/196 285/13/205
f 285/13/205 283/1/203 276/6/195
f 282/1/202 284/13/204 286/18/206
f 286/18/206 281/6/201 282/1/202
f 220/6/162 213/10/156 214/12/157
f 214/12/157 217/1/159 220/6/162
f 321/6/229 323/6/231 342/9/250
f 342/9/250 274/9/191 321/6/229
f 270/6/183 321/6/229 274/9/191
f 274/9/191 269/6/182 270/6/183
f 342/9/250 253/6/178 247/14/172
f 247/14/172 248/15/173 342/9/250
f 274/9/191 342/9/250 248/15/173
f 248/15/173 250/15/175 274/9/191
f 215/8/148 197/1/140 198/6/141
f 198/6/141 226/9/168 215/8/148
f 225/9/167 226/9/168 327/6/235
f 327/6/235 325/6/233 225/9/167
f 224/6/166 225/9/167 325/6/233
f 325/6/233 271/6/186 224/6/166
f 349/13/257 347/1/255 350/1/256
f 350/1/256 353/13/260 349/13/257
f 285/13/205 349/13/257 353/13/260
f 353/13/260 284/13/204 285/13/205
f 322/1/230 320/13/210 318/13/209
f 318/13/209 319/1/211 322/1/230
f 251/17/176 273/14/190 272/14/188
f 272/14/188 250/15/175 251/17/176
f 366/2/265 362/2/266 360/2/263
f 360/2/263 361/2/265 366/2/265
f 363/3/82 357/3/263 360/2/263
f 360/2/263 127/2/82 363/3/82
f 125/2/82 127/2/82 360/2/263
f 360/2/263 362/2/266 125/2/82
f 125/2/82 362/2/266 364/3/266
f 364/3/266 126/3/82 125/2/82
f 366/2/265 365/3/265 364/3/266
f 364/3/266 362/2/266 366/2/265
f 122/3/81 365/3/265 366/2/265
f 366/2/265 123/2/81 122/3/81
f 361/2/265 124/2/81 123/2/81
f 123/2/81 366/2/265 361/2/265
f 359/3/265 367/3/81 124/2/81
f 124/2/81 361/2/265 359/3/265
f 5/19/2 24/19/7 22/20/7
f 22/20/7 7/20/2 5/19/2
f 98/19/56 14/19/5 13/20/5
f 13/20/5 100/20/56 98/19/56
f 25/4/7 120/5/7 368/5/6
f 368/5/6 26/4/6 25/4/7
f 103/4/57 369/5/57 121/5/56
f 121/5/56 102/4/56 103/4/57
f 124/22/81 367/20/81 369/20/57
f 369/20/57 103/21/57 124/22/81
f 26/21/6 368/20/6 363/20/82
f 363/20/82 127/22/82 26/21/6
f 372/26/269 371/25/268 370/25/267
f 370/25/267 373/26/270 372/26/269
f 374/27/271 372/26/269 373/26/270
f 373/26/270 375/28/272 374/27/271
f 376/29/273 374/27/271 375/28/272
f 375/28/272 377/30/274 376/29/273
f 376/29/273 377/30/274 378/31/275
f 378/31/275 379/30/276 376/29/273
f 382/34/279 381/33/278 380/32/277
f 380/32/277 383/32/280 382/34/279
f 385/36/282 384/35/281 381/33/278
f 381/33/278 382/34/279 385/36/282
f 388/35/285 387/37/284 386/37/283
f 386/37/283 389/38/286 388/35/285
f 382/34/279 383/32/280 390/32/287
f 390/32/287 387/37/284 382/34/279
f 385/36/282 382/34/279 387/37/284
f 387/37/284 388/35/285 385/36/282
f 385/36/282 388/35/285 391/39/288
f 391/39/288 384/35/281 385/36/282
f 392/40/289 391/39/288 388/35/285
f 388/35/285 389/38/286 392/40/289
f 393/40/290 392/40/289 389/38/286
f 389/38/286 394/38/291 393/40/290
f 384/35/281 391/39/288 395/40/292
f 395/40/292 396/41/293 384/35/281
f 397/41/294 396/41/293 395/40/292
f 395/40/292 398/40/295 397/41/294
f 377/30/274 375/28/272 399/28/296
f 399/28/296 400/42/297 377/30/274
f 379/30/276 378/31/275 401/43/298
f 401/43/298 402/42/299 379/30/276
f 403/43/300 378/31/275 377/30/274
f 377/30/274 400/42/297 403/43/300
f 404/43/301 403/43/300 400/42/297
f 400/42/297 405/42/302 404/43/301
f 404/43/301 405/42/302 406/42/303
f 406/42/303 407/43/304 404/43/301
f 407/43/304 406/42/303 408/42/305
f 408/42/305 411/43/308 407/43/304
f 409/44/306 404/43/301 407/43/304
f 407/43/304 412/44/309 409/44/306
f 403/43/300 404/43/301 409/44/306
f 409/44/306 410/44/307 403/43/300
f 378/31/275 403/43/300 410/44/307
f 410/44/307 401/43/298 378/31/275
f 412/44/309 407/43/304 411/43/308
f 411/43/308 419/44/315 412/44/309
f 410/44/307 409/44/306 413/44/263
f 413/44/263 451/44/339 410/44/307
f 413/44/263 409/44/306 412/44/309
f 412/44/309 421/44/263 413/44/263
f 414/43/310 411/43/308 408/42/305
f 408/42/305 415/42/311 414/43/310
f 411/43/308 414/43/310 416/44/312
f 416/44/312 419/44/315 411/43/308
f 416/44/312 414/43/310 417/31/313
f 417/31/313 418/43/314 416/44/312
f 420/44/316 416/44/312 418/43/314
f 418/43/314 422/43/317 420/44/316
f 419/44/315 416/44/312 420/44/316
f 420/44/316 428/44/263 419/44/315
f 421/44/263 412/44/309 419/44/315
f 419/44/315 428/44/263 421/44/263
f 422/43/317 418/43/314 423/42/318
f 423/42/318 424/42/319 422/43/317
f 422/43/317 424/42/319 425/42/320
f 425/42/320 426/43/321 422/43/317
f 420/44/316 422/43/317 426/43/321
f 426/43/321 429/44/323 420/44/316
f 426/43/321 425/42/320 427/42/322
f 427/42/322 430/43/324 426/43/321
f 428/44/263 420/44/316 429/44/323
f 429/44/323 437/44/263 428/44/263
f 429/44/323 426/43/321 430/43/324
f 430/43/324 436/44/330 429/44/323
f 431/43/325 430/43/324 427/42/322
f 427/42/322 432/42/326 431/43/325
f 430/43/324 431/43/325 433/44/327
f 433/44/327 436/44/330 430/43/324
f 433/44/327 431/43/325 434/31/328
f 434/31/328 435/43/329 433/44/327
f 437/44/263 429/44/323 436/44/330
f 436/44/330 439/44/263 437/44/263
f 438/44/263 421/44/263 428/44/263
f 428/44/263 437/44/263 438/44/263
f 439/44/263 436/44/330 433/44/327
f 433/44/327 440/44/331 439/44/263
f 440/44/331 433/44/327 435/43/329
f 435/43/329 443/43/332 440/44/331
f 437/44/263 439/44/263 441/44/263
f 441/44/263 438/44/263 437/44/263
f 421/44/263 438/44/263 442/44/263
f 442/44/263 413/44/263 421/44/263
f 443/43/332 435/43/329 444/42/333
f 444/42/333 445/42/334 443/43/332
f 443/43/332 445/42/334 446/42/335
f 446/42/335 447/43/336 443/43/332
f 440/44/331 443/43/332 447/43/336
f 447/43/336 449/44/338 440/44/331
f 447/43/336 446/42/335 448/42/337
f 448/42/337 452/43/340 447/43/336
f 439/44/263 440/44/331 449/44/338
f 449/44/338 441/44/263 439/44/263
f 438/44/263 441/44/263 450/44/263
f 450/44/263 442/44/263 438/44/263
f 451/44/339 413/44/263 442/44/263
f 442/44/263 454/44/342 451/44/339
f 449/44/338 447/43/336 452/43/340
f 452/43/340 453/44/341 449/44/338
f 441/44/263 449/44/338 453/44/341
f 453/44/341 450/44/263 441/44/263
f 454/44/342 442/44/263 450/44/263
f 450/44/263 461/44/349 454/44/342
f 410/44/307 451/44/339 455/43/343
f 455/43/343 401/43/298 410/44/307
f 455/43/343 451/44/339 454/44/342
f 454/44/342 463/43/351 455/43/343
f 456/43/344 452/43/340 448/42/337
f 448/42/337 457/42/345 456/43/344
f 452/43/340 456/43/344 458/44/346
f 458/44/346 453/44/341 452/43/340
f 458/44/346 456/43/344 459/31/347
f 459/31/347 460/43/348 458/44/346
f 461/44/349 450/44/263 453/44/341
f 453/44/341 458/44/346 461/44/349
f 461/44/349 458/44/346 460/43/348
f 460/43/348 465/43/353 461/44/349
f 401/43/298 455/43/343 462/42/350
f 462/42/350 402/42/299 401/43/298
f 462/42/350 455/43/343 463/43/351
f 463/43/351 464/42/352 462/42/350
f 463/43/351 454/44/342 461/44/349
f 461/44/349 465/43/353 463/43/351
f 464/42/352 463/43/351 465/43/353
f 465/43/353 467/42/355 464/42/352
f 465/43/353 460/43/348 466/42/354
f 466/42/354 467/42/355 465/43/353
f 468/26/356 470/26/358 469/28/357
f 469/28/357 471/27/359 468/26/356
f 471/27/359 469/28/357 379/30/276
f 379/30/276 402/42/299 471/27/359
f 472/27/360 471/27/359 402/42/299
f 402/42/299 462/42/350 472/27/360
f 472/27/360 462/42/350 464/42/352
f 464/42/352 473/27/361 472/27/360
f 473/27/361 464/42/352 467/42/355
f 467/42/355 474/27/362 473/27/361
f 475/27/363 474/27/362 467/42/355
f 467/42/355 466/42/354 475/27/363
f 376/29/273 379/30/276 469/28/357
f 469/28/357 374/27/271 376/29/273
f 374/27/271 469/28/357 470/26/358
f 470/26/358 372/26/269 374/27/271
f 371/25/268 372/26/269 470/26/358
f 470/26/358 476/25/364 371/25/268
f 371/25/268 476/25/364 477/45/365
f 477/45/365 478/45/366 371/25/268
f 481/34/369 480/37/368 479/32/367
f 479/32/367 482/32/370 481/34/369
f 485/35/373 484/38/372 483/37/371
f 483/37/371 480/37/368 485/35/373
f 480/37/368 481/34/369 486/36/374
f 486/36/374 485/35/373 480/37/368
f 487/39/375 485/35/373 486/36/374
f 486/36/374 488/35/376 487/39/375
f 485/35/373 487/39/375 489/40/377
f 489/40/377 484/38/372 485/35/373
f 490/38/378 484/38/372 489/40/377
f 489/40/377 491/40/379 490/38/378
f 492/40/380 487/39/375 488/35/376
f 488/35/376 493/41/381 492/40/380
f 494/40/382 492/40/380 493/41/381
f 493/41/381 495/41/383 494/40/382
f 496/37/384 493/41/381 488/35/376
f 488/35/376 497/33/385 496/37/384
f 498/32/386 497/33/385 481/34/369
f 481/34/369 482/32/370 498/32/386
f 499/46/387 482/32/370 479/32/367
f 479/32/367 500/46/388 499/46/387
f 499/46/387 500/46/388 501/47/389
f 501/47/389 502/47/390 499/46/387
f 503/46/391 499/46/387 502/47/390
f 502/47/390 505/47/393 503/46/391
f 502/47/390 501/47/389 504/48/392
f 504/48/392 506/49/394 502/47/390
f 505/47/393 502/47/390 506/49/394
f 506/49/394 507/48/395 505/47/393
f 486/36/374 481/34/369 497/33/385
f 497/33/385 488/35/376 486/36/374
f 508/30/396 459/31/347 456/43/344
f 456/43/344 457/42/345 508/30/396
f 508/30/396 457/42/345 509/28/397
f 509/28/397 510/28/398 508/30/396
f 510/28/398 509/28/397 511/26/399
f 511/26/399 512/26/400 510/28/398
f 513/26/401 511/26/399 509/28/397
f 509/28/397 514/28/402 513/26/401
f 514/28/402 509/28/397 457/42/345
f 457/42/345 448/42/337 514/28/402
f 514/28/402 448/42/337 446/42/335
f 446/42/335 515/28/403 514/28/402
f 515/28/403 446/42/335 445/42/334
f 445/42/334 516/28/404 515/28/403
f 517/28/405 516/28/404 445/42/334
f 445/42/334 444/42/333 517/28/405
f 518/30/406 466/42/354 460/43/348
f 460/43/348 459/31/347 518/30/406
f 519/29/407 518/30/406 459/31/347
f 459/31/347 508/30/396 519/29/407
f 519/29/407 508/30/396 510/28/398
f 510/28/398 520/27/408 519/29/407
f 520/27/408 510/28/398 512/26/400
f 512/26/400 521/26/409 520/27/408
f 522/25/410 521/26/409 512/26/400
f 512/26/400 523/25/411 522/25/410
f 522/25/410 523/25/411 524/45/412
f 524/45/412 525/45/413 522/25/410
f 518/30/406 526/28/414 475/27/363
f 475/27/363 466/42/354 518/30/406
f 526/28/414 518/30/406 519/29/407
f 519/29/407 520/27/408 526/28/414
f 527/26/415 526/28/414 520/27/408
f 520/27/408 521/26/409 527/26/415
f 528/25/416 527/26/415 521/26/409
f 521/26/409 522/25/410 528/25/416
f 531/34/419 530/37/418 529/32/417
f 529/32/417 532/32/420 531/34/419
f 535/35/423 534/38/422 533/37/421
f 533/37/421 530/37/418 535/35/423
f 530/37/418 531/34/419 536/36/424
f 536/36/424 535/35/423 530/37/418
f 537/39/425 535/35/423 536/36/424
f 536/36/424 538/35/426 537/39/425
f 535/35/423 537/39/425 539/40/427
f 539/40/427 534/38/422 535/35/423
f 540/38/428 534/38/422 539/40/427
f 539/40/427 541/40/429 540/38/428
f 542/40/430 537/39/425 538/35/426
f 538/35/426 543/41/431 542/40/430
f 544/40/432 542/40/430 543/41/431
f 543/41/431 545/41/433 544/40/432
f 546/37/434 543/41/431 538/35/426
f 538/35/426 547/33/435 546/37/434
f 548/32/436 547/33/435 531/34/419
f 531/34/419 532/32/420 548/32/436
f 549/46/437 532/32/420 529/32/417
f 529/32/417 550/46/438 549/46/437
f 549/46/437 550/46/438 551/47/439
f 551/47/439 552/47/440 549/46/437
f 553/46/441 549/46/437 552/47/440
f 552/47/440 555/47/443 553/46/441
f 552/47/440 551/47/439 554/48/442
f 554/48/442 556/49/444 552/47/440
f 555/47/443 552/47/440 556/49/444
f 556/49/444 557/48/445 555/47/443
f 536/36/424 531/34/419 547/33/435
f 547/33/435 538/35/426 536/36/424
f 558/30/446 417/31/313 414/43/310
f 414/43/310 415/42/311 558/30/446
f 558/30/446 415/42/311 559/28/447
f 559/28/447 560/28/448 558/30/446
f 560/28/448 559/28/447 561/26/449
f 561/26/449 562/26/450 560/28/448
f 563/26/451 561/26/449 559/28/447
f 559/28/447 564/28/452 563/26/451
f 564/28/452 559/28/447 415/42/311
f 415/42/311 408/42/305 564/28/452
f 564/28/452 408/42/305 406/42/303
f 406/42/303 565/28/453 564/28/452
f 565/28/453 406/42/303 405/42/302
f 405/42/302 566/28/454 565/28/453
f 399/28/296 566/28/454 405/42/302
f 405/42/302 400/42/297 399/28/296
f 567/30/455 423/42/318 418/43/314
f 418/43/314 417/31/313 567/30/455
f 568/29/456 567/30/455 417/31/313
f 417/31/313 558/30/446 568/29/456
f 568/29/456 558/30/446 560/28/448
f 560/28/448 569/27/457 568/29/456
f 569/27/457 560/28/448 562/26/450
f 562/26/450 570/26/458 569/27/457
f 571/25/459 570/26/458 562/26/450
f 562/26/450 572/25/460 571/25/459
f 571/25/459 572/25/460 573/45/461
f 573/45/461 574/45/462 571/25/459
f 567/30/455 576/28/464 575/27/463
f 575/27/463 423/42/318 567/30/455
f 576/28/464 567/30/455 568/29/456
f 568/29/456 569/27/457 576/28/464
f 577/26/465 576/28/464 569/27/457
f 569/27/457 570/26/458 577/26/465
f 578/25/466 577/26/465 570/26/458
f 570/26/458 571/25/459 578/25/466
f 581/34/469 580/33/468 579/32/467
f 579/32/467 582/32/470 581/34/469
f 584/36/472 583/35/471 580/33/468
f 580/33/468 581/34/469 584/36/472
f 587/35/475 586/37/474 585/37/473
f 585/37/473 588/38/476 587/35/475
f 581/34/469 582/32/470 589/32/477
f 589/32/477 586/37/474 581/34/469
f 584/36/472 581/34/469 586/37/474
f 586/37/474 587/35/475 584/36/472
f 584/36/472 587/35/475 590/39/478
f 590/39/478 583/35/471 584/36/472
f 591/40/479 590/39/478 587/35/475
f 587/35/475 588/38/476 591/40/479
f 592/40/480 591/40/479 588/38/476
f 588/38/476 593/38/481 592/40/480
f 583/35/471 590/39/478 594/40/482
f 594/40/482 595/41/483 583/35/471
f 596/41/484 595/41/483 594/40/482
f 594/40/482 597/40/485 596/41/484
f 598/30/486 434/31/328 431/43/325
f 431/43/325 432/42/326 598/30/486
f 435/43/329 434/31/328 599/30/487
f 599/30/487 444/42/333 435/43/329
f 434/31/328 598/30/486 600/29/488
f 600/29/488 599/30/487 434/31/328
f 601/28/489 599/30/487 600/29/488
f 600/29/488 602/27/490 601/28/489
f 603/26/491 601/28/489 602/27/490
f 602/27/490 604/26/492 603/26/491
f 605/25/493 603/26/491 604/26/492
f 604/26/492 606/25/494 605/25/493
f 607/26/495 609/26/497 608/28/496
f 608/28/496 610/27/498 607/26/495
f 610/27/498 608/28/496 598/30/486
f 598/30/486 432/42/326 610/27/498
f 611/27/499 610/27/498 432/42/326
f 432/42/326 427/42/322 611/27/499
f 611/27/499 427/42/322 425/42/320
f 425/42/320 612/27/500 611/27/499
f 612/27/500 425/42/320 424/42/319
f 424/42/319 613/27/501 612/27/500
f 575/27/463 613/27/501 424/42/319
f 424/42/319 423/42/318 575/27/463
f 600/29/488 598/30/486 608/28/496
f 608/28/496 602/27/490 600/29/488
f 602/27/490 608/28/496 609/26/497
f 609/26/497 604/26/492 602/27/490
f 606/25/494 604/26/492 609/26/497
f 609/26/497 614/25/502 606/25/494
f 606/25/494 614/25/502 615/45/503
f 615/45/503 616/45/504 606/25/494
f 599/30/487 601/28/489 517/28/405
f 517/28/405 444/42/333 599/30/487
f 617/50/505 619/51/507 618/51/506
f 618/51/506 620/50/508 617/50/505
f 621/52/509 620/50/508 622/50/510
f 622/50/510 623/52/511 621/52/509
f 624/51/512 622/50/510 620/50/508
f 620/50/508 618/51/506 624/51/512
f 626/51/514 624/51/512 625/53/513
f 625/53/513 627/53/515 626/51/514
f 627/53/515 625/53/513 628/54/516
f 628/54/516 629/55/517 627/53/515
f 630/53/518 627/53/515 629/55/517
f 629/55/517 631/55/519 630/53/518
f 630/53/518 631/55/519 632/55/520
f 632/55/520 633/53/521 630/53/518
f 633/53/521 632/55/520 634/55/522
f 634/55/522 635/53/523 633/53/521
f 636/53/524 635/53/523 634/55/522
f 634/55/522 637/55/525 636/53/524
f 622/50/510 624/51/512 626/51/514
f 626/51/514 638/56/526 622/50/510
f 623/52/511 622/50/510 638/56/526
f 638/56/526 642/52/530 623/52/511
f 638/56/526 626/51/514 639/51/527
f 639/51/527 641/56/529 638/56/526
f 639/51/527 626/51/514 627/53/515
f 627/53/515 630/53/518 639/51/527
f 639/51/527 630/53/518 633/53/521
f 633/53/521 640/51/528 639/51/527
f 640/51/528 633/53/521 635/53/523
f 635/53/523 651/51/539 640/51/528
f 641/56/529 639/51/527 640/51/528
f 640/51/528 650/56/538 641/56/529
f 642/52/530 638/56/526 641/56/529
f 641/56/529 649/52/537 642/52/530
f 623/52/511 642/52/530 643/57/531
f 643/57/531 644/58/532 623/52/511
f 644/58/532 643/57/531 645/59/533
f 645/59/533 646/60/534 644/58/532
f 647/59/535 645/59/533 643/57/531
f 643/57/531 648/57/536 647/59/535
f 648/57/536 643/57/531 642/52/530
f 642/52/530 649/52/537 648/57/536
f 649/52/537 641/56/529 650/56/538
f 650/56/538 654/52/542 649/52/537
f 650/56/538 640/51/528 651/51/539
f 651/51/539 656/56/544 650/56/538
f 647/59/535 648/57/536 652/57/540
f 652/57/540 653/59/541 647/59/535
f 648/57/536 649/52/537 654/52/542
f 654/52/542 652/57/540 648/57/536
f 655/51/543 651/51/539 635/53/523
f 635/53/523 636/53/524 655/51/543
f 654/52/542 650/56/538 656/56/544
f 656/56/544 660/52/548 654/52/542
f 656/56/544 651/51/539 655/51/543
f 655/51/543 666/56/555 656/56/544
f 653/59/541 652/57/540 657/57/545
f 657/57/545 658/59/546 653/59/541
f 659/59/547 658/59/546 657/57/545
f 657/57/545 661/57/549 659/59/547
f 652/57/540 654/52/542 660/52/548
f 660/52/548 657/57/545 652/57/540
f 661/57/549 657/57/545 660/52/548
f 660/52/548 663/52/552 661/57/549
f 504/60/550 659/59/547 661/57/549
f 661/57/549 662/58/551 504/60/550
f 662/58/551 661/57/549 663/52/552
f 663/52/552 664/52/553 662/58/551
f 665/50/554 664/52/553 663/52/552
f 663/52/552 666/56/555 665/50/554
f 660/52/548 656/56/544 666/56/555
f 666/56/555 663/52/552 660/52/548
f 667/51/556 665/50/554 666/56/555
f 666/56/555 655/51/543 667/51/556
f 667/51/556 655/51/543 636/53/524
f 636/53/524 668/53/557 667/51/556
f 482/32/370 499/46/387 503/46/391
f 503/46/391 498/32/386 482/32/370
f 669/46/558 503/46/391 505/47/393
f 505/47/393 670/47/559 669/46/558
f 670/47/559 505/47/393 507/48/395
f 507/48/395 671/48/560 670/47/559
f 672/47/561 670/47/559 671/48/560
f 671/48/560 673/48/562 672/47/561
f 672/47/561 673/48/562 674/48/563
f 674/48/563 675/47/564 672/47/561
f 675/47/564 674/48/563 676/48/565
f 676/48/565 677/47/566 675/47/564
f 678/47/567 677/47/566 676/48/565
f 676/48/565 679/48/568 678/47/567
f 664/52/553 665/50/554 680/50/569
f 680/50/569 681/52/570 664/52/553
f 664/52/553 681/52/570 682/58/571
f 682/58/571 662/58/551 664/52/553
f 683/46/572 589/32/477 582/32/470
f 582/32/470 684/46/573 683/46/572
f 683/46/572 684/46/573 685/47/574
f 685/47/574 686/47/575 683/46/572
f 687/47/576 685/47/574 684/46/573
f 684/46/573 688/46/577 687/47/576
f 685/47/574 687/47/576 689/48/578
f 689/48/578 690/49/579 685/47/574
f 686/47/575 685/47/574 690/49/579
f 690/49/579 691/48/580 686/47/575
f 692/50/581 694/52/583 693/52/582
f 693/52/582 695/50/584 692/50/581
f 696/51/585 695/50/584 697/50/586
f 697/50/586 698/51/587 696/51/585
f 699/52/588 697/50/586 695/50/584
f 695/50/584 693/52/582 699/52/588
f 699/52/588 693/52/582 700/58/589
f 700/58/589 701/58/590 699/52/588
f 532/32/420 549/46/437 553/46/441
f 553/46/441 548/32/436 532/32/420
f 702/46/591 553/46/441 555/47/443
f 555/47/443 703/47/592 702/46/591
f 703/47/592 555/47/443 557/48/445
f 557/48/445 704/48/593 703/47/592
f 705/47/594 703/47/592 704/48/593
f 704/48/593 706/48/595 705/47/594
f 705/47/594 706/48/595 707/48/596
f 707/48/596 708/47/597 705/47/594
f 708/47/597 707/48/596 709/48/598
f 709/48/598 710/47/599 708/47/597
f 711/47/600 710/47/599 709/48/598
f 709/48/598 712/48/601 711/47/600
f 715/52/604 714/50/603 713/50/602
f 713/50/602 716/52/605 715/52/604
f 715/52/604 716/52/605 717/58/606
f 717/58/606 718/58/607 715/52/604
f 548/32/436 553/46/441 702/46/591
f 702/46/591 719/32/608 548/32/436
f 547/33/435 548/32/436 719/32/608
f 719/32/608 546/37/434 547/33/435
f 719/32/608 702/46/591 720/46/609
f 720/46/609 722/32/611 719/32/608
f 720/46/609 702/46/591 703/47/592
f 703/47/592 705/47/594 720/46/609
f 720/46/609 705/47/594 708/47/597
f 708/47/597 721/46/610 720/46/609
f 721/46/610 708/47/597 710/47/599
f 710/47/599 725/46/614 721/46/610
f 722/32/611 720/46/609 721/46/610
f 721/46/610 724/32/613 722/32/611
f 723/37/612 546/37/434 719/32/608
f 719/32/608 722/32/611 723/37/612
f 723/37/612 722/32/611 724/32/613
f 724/32/613 726/37/615 723/37/612
f 724/32/613 721/46/610 725/46/614
f 725/46/614 729/32/618 724/32/613
f 546/37/434 723/37/612 545/41/433
f 545/41/433 543/41/431 546/37/434
f 545/41/433 723/37/612 726/37/615
f 726/37/615 727/41/616 545/41/433
f 728/46/617 725/46/614 710/47/599
f 710/47/599 711/47/600 728/46/617
f 726/37/615 724/32/613 729/32/618
f 729/32/618 730/37/619 726/37/615
f 729/32/618 725/46/614 728/46/617
f 728/46/617 732/32/621 729/32/618
f 727/41/616 726/37/615 730/37/619
f 730/37/619 397/41/294 727/41/616
f 396/41/293 397/41/294 730/37/619
f 730/37/619 731/37/620 396/41/293
f 731/37/620 730/37/619 729/32/618
f 729/32/618 732/32/621 731/37/620
f 384/35/281 396/41/293 731/37/620
f 731/37/620 381/33/278 384/35/281
f 381/33/278 731/37/620 732/32/621
f 732/32/621 380/32/277 381/33/278
f 733/46/622 728/46/617 711/47/600
f 711/47/600 734/47/623 733/46/622
f 732/32/621 728/46/617 733/46/622
f 733/46/622 380/32/277 732/32/621
f 380/32/277 733/46/622 735/46/624
f 735/46/624 383/32/280 380/32/277
f 572/25/460 562/26/450 561/26/449
f 561/26/449 736/25/625 572/25/460
f 736/25/625 561/26/449 563/26/451
f 563/26/451 742/25/631 736/25/625
f 572/25/460 736/25/625 737/61/626
f 737/61/626 573/45/461 572/25/460
f 573/45/461 737/61/626 738/62/627
f 738/62/627 739/63/628 573/45/461
f 740/62/629 738/62/627 737/61/626
f 737/61/626 741/61/630 740/62/629
f 741/61/630 737/61/626 736/25/625
f 736/25/625 742/25/631 741/61/630
f 740/62/629 741/61/630 743/61/632
f 743/61/632 744/62/633 740/62/629
f 741/61/630 742/25/631 745/25/634
f 745/25/634 743/61/632 741/61/630
f 742/25/631 563/26/451 746/26/635
f 746/26/635 745/25/634 742/25/631
f 744/62/633 743/61/632 747/61/636
f 747/61/636 748/62/637 744/62/633
f 749/62/638 748/62/637 747/61/636
f 747/61/636 751/61/640 749/62/638
f 565/28/453 746/26/635 563/26/451
f 563/26/451 564/28/452 565/28/453
f 746/26/635 565/28/453 566/28/454
f 566/28/454 754/26/643 746/26/635
f 743/61/632 745/25/634 750/25/639
f 750/25/639 747/61/636 743/61/632
f 751/61/640 747/61/636 750/25/639
f 750/25/639 755/25/644 751/61/640
f 752/63/641 749/62/638 751/61/640
f 751/61/640 753/45/642 752/63/641
f 745/25/634 746/26/635 754/26/643
f 754/26/643 750/25/639 745/25/634
f 753/45/642 751/61/640 755/25/644
f 755/25/644 370/25/267 753/45/642
f 373/26/270 370/25/267 755/25/644
f 755/25/644 756/26/645 373/26/270
f 756/26/645 754/26/643 566/28/454
f 566/28/454 399/28/296 756/26/645
f 750/25/639 754/26/643 756/26/645
f 756/26/645 755/25/644 750/25/639
f 375/28/272 373/26/270 756/26/645
f 756/26/645 399/28/296 375/28/272
f 684/46/573 582/32/470 579/32/467
f 579/32/467 688/46/577 684/46/573
f 688/46/577 579/32/467 757/32/646
f 757/32/646 763/46/652 688/46/577
f 757/32/646 579/32/467 580/33/468
f 580/33/468 758/37/647 757/32/646
f 758/37/647 580/33/468 583/35/471
f 583/35/471 595/41/483 758/37/647
f 759/37/648 758/37/647 595/41/483
f 595/41/483 596/41/484 759/37/648
f 759/37/648 596/41/484 760/41/649
f 760/41/649 762/37/651 759/37/648
f 761/32/650 757/32/646 758/37/647
f 758/37/647 759/37/648 761/32/650
f 761/32/650 759/37/648 762/37/651
f 762/37/651 765/32/654 761/32/650
f 762/37/651 760/41/649 495/41/383
f 495/41/383 767/37/656 762/37/651
f 763/46/652 757/32/646 761/32/650
f 761/32/650 764/46/653 763/46/652
f 688/46/577 763/46/652 678/47/567
f 678/47/567 687/47/576 688/46/577
f 677/47/566 678/47/567 763/46/652
f 763/46/652 764/46/653 677/47/566
f 764/46/653 761/32/650 765/32/654
f 765/32/654 766/46/655 764/46/653
f 677/47/566 764/46/653 766/46/655
f 766/46/655 675/47/564 677/47/566
f 765/32/654 762/37/651 767/37/656
f 767/37/656 769/32/658 765/32/654
f 675/47/564 766/46/655 768/46/657
f 768/46/657 672/47/561 675/47/564
f 670/47/559 672/47/561 768/46/657
f 768/46/657 669/46/558 670/47/559
f 766/46/655 765/32/654 769/32/658
f 769/32/658 768/46/657 766/46/655
f 768/46/657 769/32/658 770/32/659
f 770/32/659 669/46/558 768/46/657
f 770/32/659 769/32/658 767/37/656
f 767/37/656 496/37/384 770/32/659
f 496/37/384 767/37/656 495/41/383
f 495/41/383 493/41/381 496/37/384
f 770/32/659 496/37/384 497/33/385
f 497/33/385 498/32/386 770/32/659
f 669/46/558 770/32/659 498/32/386
f 498/32/386 503/46/391 669/46/558
f 614/25/502 609/26/497 607/26/495
f 607/26/495 771/25/660 614/25/502
f 771/25/660 607/26/495 772/26/661
f 772/26/661 775/25/664 771/25/660
f 772/26/661 607/26/495 610/27/498
f 610/27/498 611/27/499 772/26/661
f 772/26/661 611/27/499 612/27/500
f 612/27/500 773/26/662 772/26/661
f 773/26/662 612/27/500 613/27/501
f 613/27/501 783/26/672 773/26/662
f 614/25/502 771/25/660 774/61/663
f 774/61/663 615/45/503 614/25/502
f 775/25/664 772/26/661 773/26/662
f 773/26/662 780/25/669 775/25/664
f 615/45/503 774/61/663 776/62/665
f 776/62/665 777/63/666 615/45/503
f 778/62/667 776/62/665 774/61/663
f 774/61/663 779/61/668 778/62/667
f 779/61/668 774/61/663 771/25/660
f 771/25/660 775/25/664 779/61/668
f 779/61/668 775/25/664 780/25/669
f 780/25/669 781/61/670 779/61/668
f 778/62/667 779/61/668 781/61/670
f 781/61/670 782/62/671 778/62/667
f 780/25/669 773/26/662 783/26/672
f 783/26/672 787/25/676 780/25/669
f 782/62/671 781/61/670 784/61/673
f 784/61/673 785/62/674 782/62/671
f 786/62/675 785/62/674 784/61/673
f 784/61/673 789/61/678 786/62/675
f 781/61/670 780/25/669 787/25/676
f 787/25/676 784/61/673 781/61/670
f 788/26/677 783/26/672 613/27/501
f 613/27/501 575/27/463 788/26/677
f 787/25/676 783/26/672 788/26/677
f 788/26/677 792/25/681 787/25/676
f 788/26/677 575/27/463 576/28/464
f 576/28/464 577/26/465 788/26/677
f 789/61/678 784/61/673 787/25/676
f 787/25/676 792/25/681 789/61/678
f 790/63/679 786/62/675 789/61/678
f 789/61/678 791/45/680 790/63/679
f 792/25/681 788/26/677 577/26/465
f 577/26/465 578/25/466 792/25/681
f 791/45/680 789/61/678 792/25/681
f 792/25/681 578/25/466 791/45/680
f 476/25/364 470/26/358 468/26/356
f 468/26/356 793/25/682 476/25/364
f 476/25/364 793/25/682 794/61/683
f 794/61/683 477/45/365 476/25/364
f 477/45/365 794/61/683 629/62/684
f 629/62/684 628/63/685 477/45/365
f 631/62/686 629/62/684 794/61/683
f 794/61/683 795/61/687 631/62/686
f 795/61/687 794/61/683 793/25/682
f 793/25/682 797/25/689 795/61/687
f 793/25/682 468/26/356 796/26/688
f 796/26/688 797/25/689 793/25/682
f 796/26/688 468/26/356 471/27/359
f 471/27/359 472/27/360 796/26/688
f 796/26/688 472/27/360 473/27/361
f 473/27/361 798/26/690 796/26/688
f 797/25/689 796/26/688 798/26/690
f 798/26/690 800/25/693 797/25/689
f 798/26/690 473/27/361 474/27/362
f 474/27/362 801/26/694 798/26/690
f 631/62/686 795/61/687 799/61/691
f 799/61/691 632/62/692 631/62/686
f 795/61/687 797/25/689 800/25/693
f 800/25/693 799/61/691 795/61/687
f 800/25/693 798/26/690 801/26/694
f 801/26/694 803/25/698 800/25/693
f 632/62/692 799/61/691 802/61/695
f 802/61/695 634/62/696 632/62/692
f 637/62/697 634/62/696 802/61/695
f 802/61/695 805/61/700 637/62/697
f 799/61/691 800/25/693 803/25/698
f 803/25/698 802/61/695 799/61/691
f 804/26/699 801/26/694 474/27/362
f 474/27/362 475/27/363 804/26/699
f 803/25/698 801/26/694 804/26/699
f 804/26/699 808/25/703 803/25/698
f 804/26/699 475/27/363 526/28/414
f 526/28/414 527/26/415 804/26/699
f 805/61/700 802/61/695 803/25/698
f 803/25/698 808/25/703 805/61/700
f 806/63/701 637/62/697 805/61/700
f 805/61/700 807/45/702 806/63/701
f 808/25/703 804/26/699 527/26/415
f 527/26/415 528/25/416 808/25/703
f 807/45/702 805/61/700 808/25/703
f 808/25/703 528/25/416 807/45/702
f 809/46/704 390/32/287 383/32/280
f 383/32/280 735/46/624 809/46/704
f 809/46/704 735/46/624 810/47/705
f 810/47/705 811/47/706 809/46/704
f 734/47/623 810/47/705 735/46/624
f 735/46/624 733/46/622 734/47/623
f 810/47/705 734/47/623 812/48/707
f 812/48/707 813/49/708 810/47/705
f 811/47/706 810/47/705 813/49/708
f 813/49/708 646/48/709 811/47/706
f 523/25/411 512/26/400 511/26/399
f 511/26/399 814/25/710 523/25/411
f 814/25/710 511/26/399 513/26/401
f 513/26/401 820/25/716 814/25/710
f 523/25/411 814/25/710 815/61/711
f 815/61/711 524/45/412 523/25/411
f 524/45/412 815/61/711 816/62/712
f 816/62/712 817/63/713 524/45/412
f 818/62/714 816/62/712 815/61/711
f 815/61/711 819/61/715 818/62/714
f 819/61/715 815/61/711 814/25/710
f 814/25/710 820/25/716 819/61/715
f 818/62/714 819/61/715 821/61/717
f 821/61/717 822/62/718 818/62/714
f 819/61/715 820/25/716 823/25/719
f 823/25/719 821/61/717 819/61/715
f 820/25/716 513/26/401 824/26/720
f 824/26/720 823/25/719 820/25/716
f 822/62/718 821/61/717 825/61/721
f 825/61/721 826/62/722 822/62/718
f 827/62/723 826/62/722 825/61/721
f 825/61/721 829/61/725 827/62/723
f 515/28/403 824/26/720 513/26/401
f 513/26/401 514/28/402 515/28/403
f 824/26/720 515/28/403 516/28/404
f 516/28/404 832/26/728 824/26/720
f 821/61/717 823/25/719 828/25/724
f 828/25/724 825/61/721 821/61/717
f 829/61/725 825/61/721 828/25/724
f 828/25/724 833/25/729 829/61/725
f 830/63/726 827/62/723 829/61/725
f 829/61/725 831/45/727 830/63/726
f 823/25/719 824/26/720 832/26/728
f 832/26/728 828/25/724 823/25/719
f 831/45/727 829/61/725 833/25/729
f 833/25/729 605/25/493 831/45/727
f 603/26/491 605/25/493 833/25/729
f 833/25/729 834/26/730 603/26/491
f 834/26/730 832/26/728 516/28/404
f 516/28/404 517/28/405 834/26/730
f 828/25/724 832/26/728 834/26/730
f 834/26/730 833/25/729 828/25/724
f 601/28/489 603/26/491 834/26/730
f 834/26/730 517/28/405 601/28/489
f 837/53/733 836/53/732 835/51/731
f 835/51/731 838/51/734 837/53/733
f 839/53/735 837/53/733 838/51/734
f 838/51/734 853/51/750 839/53/735
f 840/56/736 838/51/734 835/51/731
f 835/51/731 714/50/603 840/56/736
f 841/52/737 840/56/736 714/50/603
f 714/50/603 715/52/604 841/52/737
f 841/52/737 715/52/604 718/58/607
f 718/58/607 842/57/738 841/52/737
f 842/57/738 718/58/607 554/60/739
f 554/60/739 843/59/740 842/57/738
f 840/56/736 841/52/737 844/52/741
f 844/52/741 850/56/747 840/56/736
f 844/52/741 841/52/737 842/57/738
f 842/57/738 845/57/742 844/52/741
f 845/57/742 842/57/738 843/59/740
f 843/59/740 846/59/743 845/57/742
f 845/57/742 846/59/743 847/59/744
f 847/59/744 848/57/745 845/57/742
f 844/52/741 845/57/742 848/57/745
f 848/57/745 851/52/748 844/52/741
f 848/57/745 847/59/744 849/59/746
f 849/59/746 852/57/749 848/57/745
f 838/51/734 840/56/736 850/56/747
f 850/56/747 853/51/750 838/51/734
f 850/56/747 844/52/741 851/52/748
f 851/52/748 854/56/751 850/56/747
f 851/52/748 848/57/745 852/57/749
f 852/57/749 857/52/754 851/52/748
f 853/51/750 850/56/747 854/56/751
f 854/56/751 855/51/752 853/51/750
f 839/53/735 853/51/750 855/51/752
f 855/51/752 856/53/753 839/53/735
f 854/56/751 851/52/748 857/52/754
f 857/52/754 864/56/761 854/56/751
f 858/57/755 852/57/749 849/59/746
f 849/59/746 859/59/756 858/57/755
f 856/53/753 855/51/752 860/51/757
f 860/51/757 861/53/758 856/53/753
f 862/53/759 861/53/758 860/51/757
f 860/51/757 863/51/760 862/53/759
f 855/51/752 854/56/751 864/56/761
f 864/56/761 860/51/757 855/51/752
f 865/52/762 857/52/754 852/57/749
f 852/57/749 858/57/755 865/52/762
f 864/56/761 857/52/754 865/52/762
f 865/52/762 866/56/763 864/56/761
f 860/51/757 864/56/761 866/56/763
f 866/56/763 863/51/760 860/51/757
f 867/58/764 858/57/755 859/59/756
f 859/59/756 691/60/765 867/58/764
f 858/57/755 867/58/764 694/52/583
f 694/52/583 865/52/762 858/57/755
f 866/56/763 865/52/762 694/52/583
f 694/52/583 692/50/581 866/56/763
f 863/51/760 866/56/763 692/50/581
f 692/50/581 868/51/766 863/51/760
f 786/55/768 790/54/767 836/53/732
f 836/53/732 837/53/733 786/55/768
f 843/64/769 554/48/442 551/47/439
f 551/47/439 869/47/770 843/64/769
f 869/47/770 551/47/439 550/46/438
f 550/46/438 870/46/771 869/47/770
f 871/47/772 869/47/770 870/46/771
f 870/46/771 874/46/775 871/47/772
f 872/32/773 870/46/771 550/46/438
f 550/46/438 529/32/417 872/32/773
f 872/32/773 529/32/417 530/37/418
f 530/37/418 533/37/421 872/32/773
f 870/46/771 872/32/773 873/32/774
f 873/32/774 874/46/775 870/46/771
f 873/32/774 872/32/773 533/37/421
f 533/37/421 877/37/778 873/32/774
f 871/47/772 874/46/775 875/46/776
f 875/46/776 876/47/777 871/47/772
f 877/37/778 533/37/421 534/38/422
f 534/38/422 540/38/428 877/37/778
f 877/37/778 540/38/428 878/38/779
f 878/38/779 879/37/780 877/37/778
f 873/32/774 877/37/778 879/37/780
f 879/37/780 880/32/781 873/32/774
f 879/37/780 878/38/779 593/38/481
f 593/38/481 884/37/785 879/37/780
f 874/46/775 873/32/774 880/32/781
f 880/32/781 875/46/776 874/46/775
f 876/47/777 875/46/776 881/46/782
f 881/46/782 882/47/783 876/47/777
f 883/47/784 882/47/783 881/46/782
f 881/46/782 886/46/787 883/47/784
f 880/32/781 879/37/780 884/37/785
f 884/37/785 885/32/786 880/32/781
f 875/46/776 880/32/781 885/32/786
f 885/32/786 881/46/782 875/46/776
f 686/47/575 883/47/784 886/46/787
f 886/46/787 683/46/572 686/47/575
f 589/32/477 683/46/572 886/46/787
f 886/46/787 887/32/788 589/32/477
f 881/46/782 885/32/786 887/32/788
f 887/32/788 886/46/787 881/46/782
f 887/32/788 885/32/786 884/37/785
f 884/37/785 585/37/473 887/32/788
f 586/37/474 589/32/477 887/32/788
f 887/32/788 585/37/473 586/37/474
f 585/37/473 884/37/785 593/38/481
f 593/38/481 588/38/476 585/37/473
f 888/51/789 835/51/731 836/53/732
f 836/53/732 889/65/790 888/51/789
f 889/65/790 836/53/732 790/54/767
f 790/54/767 890/66/791 889/65/790
f 791/45/680 574/45/462 890/67/792
f 890/67/792 790/63/679 791/45/680
f 578/25/466 571/25/459 574/45/462
f 574/45/462 791/45/680 578/25/466
f 556/60/793 554/60/739 718/58/607
f 718/58/607 717/58/606 556/60/793
f 557/60/794 556/60/793 717/58/606
f 717/58/606 891/58/795 557/60/794
f 892/51/796 888/51/789 889/65/790
f 889/65/790 893/53/797 892/51/796
f 893/53/797 889/65/790 890/66/791
f 890/66/791 739/66/798 893/53/797
f 894/51/799 892/51/796 893/53/797
f 893/53/797 895/53/800 894/51/799
f 896/51/801 894/51/799 895/53/800
f 895/53/800 897/53/802 896/51/801
f 897/53/802 895/53/800 738/54/803
f 738/54/803 740/54/804 897/53/802
f 897/53/802 740/54/804 744/54/805
f 744/54/805 898/53/806 897/53/802
f 896/51/801 897/53/802 898/53/806
f 898/53/806 899/51/807 896/51/801
f 898/53/806 744/54/805 748/54/808
f 748/54/808 900/53/809 898/53/806
f 901/53/810 900/53/809 748/54/808
f 748/54/808 749/54/811 901/53/810
f 574/45/462 573/45/461 739/63/628
f 739/63/628 890/67/792 574/45/462
f 891/58/795 717/58/606 716/52/605
f 716/52/605 902/52/812 891/58/795
f 903/50/813 902/52/812 716/52/605
f 716/52/605 713/50/602 903/50/813
f 892/51/796 903/50/813 713/50/602
f 713/50/602 888/51/789 892/51/796
f 739/66/798 738/54/803 895/53/800
f 895/53/800 893/53/797 739/66/798
f 704/59/814 557/60/794 891/58/795
f 891/58/795 904/58/815 704/59/814
f 706/59/816 704/59/814 904/58/815
f 904/58/815 905/58/817 706/59/816
f 904/58/815 891/58/795 902/52/812
f 902/52/812 906/52/818 904/58/815
f 905/58/817 904/58/815 906/52/818
f 906/52/818 910/52/823 905/58/817
f 706/59/816 905/58/817 907/58/819
f 907/58/819 707/59/820 706/59/816
f 908/56/821 906/52/818 902/52/812
f 902/52/812 903/50/813 908/56/821
f 894/51/799 908/56/821 903/50/813
f 903/50/813 892/51/796 894/51/799
f 908/56/821 894/51/799 896/51/801
f 896/51/801 909/56/822 908/56/821
f 906/52/818 908/56/821 909/56/822
f 909/56/822 910/52/823 906/52/818
f 909/56/822 896/51/801 899/51/807
f 899/51/807 912/56/825 909/56/822
f 905/58/817 910/52/823 911/52/824
f 911/52/824 907/58/819 905/58/817
f 910/52/823 909/56/822 912/56/825
f 912/56/825 911/52/824 910/52/823
f 707/59/820 907/58/819 913/58/826
f 913/58/826 709/59/827 707/59/820
f 712/59/828 709/59/827 913/58/826
f 913/58/826 915/58/830 712/59/828
f 907/58/819 911/52/824 914/52/829
f 914/52/829 913/58/826 907/58/819
f 915/58/830 913/58/826 914/52/829
f 914/52/829 917/52/833 915/58/830
f 812/60/831 712/59/828 915/58/830
f 915/58/830 916/58/832 812/60/831
f 916/58/832 915/58/830 917/52/833
f 917/52/833 918/52/834 916/58/832
f 617/50/505 918/52/834 917/52/833
f 917/52/833 919/56/835 617/50/505
f 919/56/835 917/52/833 914/52/829
f 914/52/829 920/56/836 919/56/835
f 619/51/507 617/50/505 919/56/835
f 919/56/835 921/51/837 619/51/507
f 920/56/836 914/52/829 911/52/824
f 911/52/824 912/56/825 920/56/836
f 921/51/837 919/56/835 920/56/836
f 920/56/836 922/51/838 921/51/837
f 922/51/838 920/56/836 912/56/825
f 912/56/825 899/51/807 922/51/838
f 900/53/809 922/51/838 899/51/807
f 899/51/807 898/53/806 900/53/809
f 921/51/837 922/51/838 900/53/809
f 900/53/809 901/53/810 921/51/837
f 619/51/507 921/51/837 901/53/810
f 901/53/810 923/53/839 619/51/507
f 925/53/841 924/53/840 698/51/587
f 698/51/587 926/51/842 925/53/841
f 927/53/843 925/53/841 926/51/842
f 926/51/842 937/51/858 927/53/843
f 928/56/844 926/51/842 698/51/587
f 698/51/587 697/50/586 928/56/844
f 929/52/845 928/56/844 697/50/586
f 697/50/586 699/52/588 929/52/845
f 929/52/845 699/52/588 701/58/590
f 701/58/590 930/58/846 929/52/845
f 930/58/846 701/58/590 689/60/847
f 689/60/847 679/59/848 930/58/846
f 928/56/844 929/52/845 931/52/849
f 931/52/849 934/56/855 928/56/844
f 931/52/849 929/52/845 930/58/846
f 930/58/846 932/58/850 931/52/849
f 932/58/850 930/58/846 679/59/848
f 679/59/848 676/59/851 932/58/850
f 932/58/850 676/59/851 674/59/852
f 674/59/852 933/58/853 932/58/850
f 931/52/849 932/58/850 933/58/853
f 933/58/853 935/52/856 931/52/849
f 933/58/853 674/59/852 673/59/854
f 673/59/854 936/58/857 933/58/853
f 926/51/842 928/56/844 934/56/855
f 934/56/855 937/51/858 926/51/842
f 934/56/855 931/52/849 935/52/856
f 935/52/856 938/56/859 934/56/855
f 935/52/856 933/58/853 936/58/857
f 936/58/857 941/52/862 935/52/856
f 937/51/858 934/56/855 938/56/859
f 938/56/859 939/51/860 937/51/858
f 927/53/843 937/51/858 939/51/860
f 939/51/860 940/53/861 927/53/843
f 938/56/859 935/52/856 941/52/862
f 941/52/862 942/56/863 938/56/859
f 939/51/860 938/56/859 942/56/863
f 942/56/863 943/51/864 939/51/860
f 944/58/865 936/58/857 673/59/854
f 673/59/854 671/59/866 944/58/865
f 945/52/867 941/52/862 936/58/857
f 936/58/857 944/58/865 945/52/867
f 942/56/863 941/52/862 945/52/867
f 945/52/867 946/56/868 942/56/863
f 943/51/864 942/56/863 946/56/868
f 946/56/868 947/51/869 943/51/864
f 948/58/870 944/58/865 671/59/866
f 671/59/866 507/60/871 948/58/870
f 944/58/865 948/58/870 949/52/872
f 949/52/872 945/52/867 944/58/865
f 946/56/868 945/52/867 949/52/872
f 949/52/872 950/50/873 946/56/868
f 947/51/869 946/56/868 950/50/873
f 950/50/873 951/51/874 947/51/869
f 827/54/876 830/66/875 924/53/840
f 924/53/840 925/53/841 827/54/876
f 679/48/568 689/48/578 687/47/576
f 687/47/576 678/47/567 679/48/568
f 696/51/585 698/51/587 924/53/840
f 924/53/840 952/65/877 696/51/585
f 952/65/877 924/53/840 830/66/875
f 830/66/875 953/66/878 952/65/877
f 831/45/727 616/45/504 953/67/879
f 953/67/879 830/63/726 831/45/727
f 605/25/493 606/25/494 616/45/504
f 616/45/504 831/45/727 605/25/493
f 690/60/880 689/60/847 701/58/590
f 701/58/590 700/58/589 690/60/880
f 691/60/765 690/60/880 700/58/589
f 700/58/589 867/58/764 691/60/765
f 868/51/766 696/51/585 952/65/877
f 952/65/877 954/53/881 868/51/766
f 954/53/881 952/65/877 953/66/878
f 953/66/878 777/54/882 954/53/881
f 616/45/504 615/45/503 777/63/666
f 777/63/666 953/67/879 616/45/504
f 693/52/582 694/52/583 867/58/764
f 867/58/764 700/58/589 693/52/582
f 883/47/784 686/47/575 691/48/580
f 691/48/580 859/64/883 883/47/784
f 882/47/783 883/47/784 859/64/883
f 859/64/883 849/64/884 882/47/783
f 882/47/783 849/64/884 847/64/885
f 847/64/885 876/47/777 882/47/783
f 876/47/777 847/64/885 846/64/886
f 846/64/886 871/47/772 876/47/777
f 869/47/770 871/47/772 846/64/886
f 846/64/886 843/64/769 869/47/770
f 637/55/525 806/54/887 668/53/557
f 668/53/557 636/53/524 637/55/525
f 659/64/888 504/48/392 501/47/389
f 501/47/389 955/47/889 659/64/888
f 955/47/889 501/47/389 500/46/388
f 500/46/388 956/46/890 955/47/889
f 957/47/891 955/47/889 956/46/890
f 956/46/890 960/46/894 957/47/891
f 958/32/892 956/46/890 500/46/388
f 500/46/388 479/32/367 958/32/892
f 958/32/892 479/32/367 480/37/368
f 480/37/368 483/37/371 958/32/892
f 956/46/890 958/32/892 959/32/893
f 959/32/893 960/46/894 956/46/890
f 959/32/893 958/32/892 483/37/371
f 483/37/371 963/37/897 959/32/893
f 957/47/891 960/46/894 961/46/895
f 961/46/895 962/47/896 957/47/891
f 963/37/897 483/37/371 484/38/372
f 484/38/372 490/38/378 963/37/897
f 963/37/897 490/38/378 964/38/898
f 964/38/898 965/37/899 963/37/897
f 959/32/893 963/37/897 965/37/899
f 965/37/899 966/32/900 959/32/893
f 965/37/899 964/38/898 394/38/291
f 394/38/291 970/37/904 965/37/899
f 960/46/894 959/32/893 966/32/900
f 966/32/900 961/46/895 960/46/894
f 962/47/896 961/46/895 967/46/901
f 967/46/901 968/47/902 962/47/896
f 969/47/903 968/47/902 967/46/901
f 967/46/901 972/46/906 969/47/903
f 966/32/900 965/37/899 970/37/904
f 970/37/904 971/32/905 966/32/900
f 961/46/895 966/32/900 971/32/905
f 971/32/905 967/46/901 961/46/895
f 811/47/706 969/47/903 972/46/906
f 972/46/906 809/46/704 811/47/706
f 390/32/287 809/46/704 972/46/906
f 972/46/906 973/32/907 390/32/287
f 967/46/901 971/32/905 973/32/907
f 973/32/907 972/46/906 967/46/901
f 973/32/907 971/32/905 970/37/904
f 970/37/904 386/37/283 973/32/907
f 387/37/284 390/32/287 973/32/907
f 973/32/907 386/37/283 387/37/284
f 386/37/283 970/37/904 394/38/291
f 394/38/291 389/38/286 386/37/283
f 974/51/908 667/51/556 668/53/557
f 668/53/557 975/65/909 974/51/908
f 975/65/909 668/53/557 806/54/887
f 806/54/887 976/66/910 975/65/909
f 807/45/702 525/45/413 976/67/911
f 976/67/911 806/63/701 807/45/702
f 528/25/416 522/25/410 525/45/413
f 525/45/413 807/45/702 528/25/416
f 506/60/912 504/60/550 662/58/551
f 662/58/551 682/58/571 506/60/912
f 507/60/871 506/60/912 682/58/571
f 682/58/571 948/58/870 507/60/871
f 951/51/874 974/51/908 975/65/909
f 975/65/909 977/53/913 951/51/874
f 977/53/913 975/65/909 976/66/910
f 976/66/910 817/66/914 977/53/913
f 947/51/869 951/51/874 977/53/913
f 977/53/913 978/53/915 947/51/869
f 943/51/864 947/51/869 978/53/915
f 978/53/915 979/53/916 943/51/864
f 979/53/916 978/53/915 816/54/917
f 816/54/917 818/54/918 979/53/916
f 979/53/916 818/54/918 822/54/919
f 822/54/919 940/53/861 979/53/916
f 943/51/864 979/53/916 940/53/861
f 940/53/861 939/51/860 943/51/864
f 940/53/861 822/54/919 826/54/920
f 826/54/920 927/53/843 940/53/861
f 925/53/841 927/53/843 826/54/920
f 826/54/920 827/54/876 925/53/841
f 525/45/413 524/45/412 817/63/713
f 817/63/713 976/67/911 525/45/413
f 948/58/870 682/58/571 681/52/570
f 681/52/570 949/52/872 948/58/870
f 950/50/873 949/52/872 681/52/570
f 681/52/570 680/50/569 950/50/873
f 951/51/874 950/50/873 680/50/569
f 680/50/569 974/51/908 951/51/874
f 817/66/914 816/54/917 978/53/915
f 978/53/915 977/53/913 817/66/914
f 969/47/903 811/47/706 646/48/709
f 646/48/709 645/64/921 969/47/903
f 968/47/902 969/47/903 645/64/921
f 645/64/921 647/64/922 968/47/902
f 968/47/902 647/64/922 653/64/923
f 653/64/923 962/47/896 968/47/902
f 962/47/896 653/64/923 658/64/924
f 658/64/924 957/47/891 962/47/896
f 955/47/889 957/47/891 658/64/924
f 658/64/924 659/64/888 955/47/889
f 644/58/532 980/58/925 621/52/509
f 621/52/509 623/52/511 644/58/532
f 980/58/925 644/58/532 646/60/534
f 646/60/534 813/60/926 980/58/925
f 916/58/832 980/58/925 813/60/926
f 813/60/926 812/60/831 916/58/832
f 628/63/685 981/67/927 478/45/366
f 478/45/366 477/45/365 628/63/685
f 981/66/928 628/54/516 625/53/513
f 625/53/513 982/65/929 981/66/928
f 982/65/929 625/53/513 624/51/512
f 624/51/512 618/51/506 982/65/929
f 980/58/925 916/58/832 918/52/834
f 918/52/834 621/52/509 980/58/925
f 620/50/508 621/52/509 918/52/834
f 918/52/834 617/50/505 620/50/508
f 478/45/366 753/45/642 370/25/267
f 370/25/267 371/25/268 478/45/366
f 981/67/927 752/63/641 753/45/642
f 753/45/642 478/45/366 981/67/927
f 752/66/930 981/66/928 982/65/929
f 982/65/929 923/53/839 752/66/930
f 923/53/839 982/65/929 618/51/506
f 618/51/506 619/51/507 923/53/839
f 734/47/623 711/47/600 712/48/601
f 712/48/601 812/48/707 734/47/623
f 923/53/839 901/53/810 749/54/811
f 749/54/811 752/66/930 923/53/839
f 714/50/603 835/51/731 888/51/789
f 888/51/789 713/50/602 714/50/603
f 695/50/584 696/51/585 868/51/766
f 868/51/766 692/50/581 695/50/584
f 863/51/760 868/51/766 954/53/881
f 954/53/881 862/53/759 863/51/760
f 862/53/759 954/53/881 777/54/882
f 777/54/882 776/55/931 862/53/759
f 861/53/758 862/53/759 776/55/931
f 776/55/931 778/55/932 861/53/758
f 861/53/758 778/55/932 782/55/933
f 782/55/933 856/53/753 861/53/758
f 856/53/753 782/55/933 785/55/934
f 785/55/934 839/53/735 856/53/753
f 837/53/733 839/53/735 785/55/934
f 785/55/934 786/55/768 837/53/733
f 665/50/554 667/51/556 974/51/908
f 974/51/908 680/50/569 665/50/554
f 592/40/480 593/38/481 878/38/779
f 878/38/779 983/40/935 592/40/480
f 983/40/935 878/38/779 540/38/428
f 540/38/428 541/40/429 983/40/935
f 984/68/936 592/40/480 983/40/935
f 983/40/935 985/68/937 984/68/936
f 591/40/479 592/40/480 984/68/936
f 984/68/936 986/68/938 591/40/479
f 985/68/937 983/40/935 541/40/429
f 541/40/429 989/68/941 985/68/937
f 590/39/478 591/40/479 986/68/938
f 986/68/938 594/40/482 590/39/478
f 597/40/485 594/40/482 986/68/938
f 986/68/938 987/68/939 597/40/485
f 987/68/939 986/68/938 984/68/936
f 984/68/936 988/68/940 987/68/939
f 988/68/940 984/68/936 985/68/937
f 985/68/937 990/68/940 988/68/940
f 990/68/940 985/68/937 989/68/941
f 989/68/941 992/68/940 990/68/940
f 991/68/942 989/68/941 541/40/429
f 541/40/429 539/40/427 991/68/942
f 991/68/942 539/40/427 537/39/425
f 537/39/425 542/40/430 991/68/942
f 992/68/940 989/68/941 991/68/942
f 991/68/942 993/68/943 992/68/940
f 993/68/943 991/68/942 542/40/430
f 542/40/430 544/40/432 993/68/943
f 597/40/485 987/68/939 994/68/944
f 994/68/944 1011/40/955 597/40/485
f 987/68/939 988/68/940 995/68/940
f 995/68/940 994/68/944 987/68/939
f 988/68/940 990/68/940 996/68/940
f 996/68/940 995/68/940 988/68/940
f 990/68/940 992/68/940 997/68/940
f 997/68/940 996/68/940 990/68/940
f 992/68/940 993/68/943 998/68/945
f 998/68/945 997/68/940 992/68/940
f 993/68/943 544/40/432 999/40/946
f 999/40/946 998/68/945 993/68/943
f 727/41/616 999/40/946 544/40/432
f 544/40/432 545/41/433 727/41/616
f 999/40/946 727/41/616 397/41/294
f 397/41/294 398/40/295 999/40/946
f 998/68/945 999/40/946 398/40/295
f 398/40/295 1000/68/947 998/68/945
f 997/68/940 998/68/945 1000/68/947
f 1000/68/947 1001/68/940 997/68/940
f 996/68/940 997/68/940 1001/68/940
f 1001/68/940 1002/68/940 996/68/940
f 995/68/940 996/68/940 1002/68/940
f 1002/68/940 1006/68/940 995/68/940
f 1003/68/948 1000/68/947 398/40/295
f 398/40/295 395/40/292 1003/68/948
f 1003/68/948 395/40/292 391/39/288
f 391/39/288 392/40/289 1003/68/948
f 1000/68/947 1003/68/948 1004/68/949
f 1004/68/949 1001/68/940 1000/68/947
f 1004/68/949 1003/68/948 392/40/289
f 392/40/289 393/40/290 1004/68/949
f 1001/68/940 1004/68/949 1005/68/950
f 1005/68/950 1002/68/940 1001/68/940
f 994/68/944 995/68/940 1006/68/940
f 1006/68/940 1010/68/954 994/68/944
f 1004/68/949 393/40/290 1007/40/951
f 1007/40/951 1005/68/950 1004/68/949
f 1002/68/940 1005/68/950 1008/68/952
f 1008/68/952 1006/68/940 1002/68/940
f 964/38/898 1007/40/951 393/40/290
f 393/40/290 394/38/291 964/38/898
f 1007/40/951 964/38/898 490/38/378
f 490/38/378 491/40/379 1007/40/951
f 1005/68/950 1007/40/951 491/40/379
f 491/40/379 1008/68/952 1005/68/950
f 1009/68/953 1008/68/952 491/40/379
f 491/40/379 489/40/377 1009/68/953
f 1006/68/940 1008/68/952 1009/68/953
f 1009/68/953 1010/68/954 1006/68/940
f 1009/68/953 489/40/377 487/39/375
f 487/39/375 492/40/380 1009/68/953
f 1010/68/954 1009/68/953 492/40/380
f 492/40/380 494/40/382 1010/68/954
f 1011/40/955 994/68/944 1010/68/954
f 1010/68/954 494/40/382 1011/40/955
f 596/41/484 597/40/485 1011/40/955
f 1011/40/955 760/41/649 596/41/484
f 760/41/649 1011/40/955 494/40/382
f 494/40/382 495/41/383 760/41/649
f 1014/70/958 1013/70/957 1012/69/956
f 1012/69/956 1015/69/959 1014/70/958
f 1016/70/960 1014/70/958 1015/69/959
f 1015/69/959 1023/69/967 1016/70/960
f 1017/71/961 1015/69/959 1012/69/956
f 1012/69/956 1018/71/962 1017/71/961
f 1017/71/961 1018/71/962 1019/72/963
f 1019/72/963 1020/72/964 1017/71/961
f 1021/71/965 1017/71/961 1020/72/964
f 1020/72/964 1022/72/966 1021/71/965
f 1015/69/959 1017/71/961 1021/71/965
f 1021/71/965 1023/69/967 1015/69/959
f 1024/70/968 1016/70/960 1023/69/967
f 1023/69/967 1025/69/969 1024/70/968
f 1026/71/970 1025/69/969 1023/69/967
f 1023/69/967 1021/71/965 1026/71/970
f 1026/71/970 1021/71/965 1022/72/966
f 1022/72/966 1027/72/971 1026/71/970
f 1028/73/972 1013/73/963 1029/74/962
f 1029/74/962 1030/74/973 1028/73/972
f 1031/73/974 1028/73/972 1030/74/973
f 1030/74/973 1039/74/982 1031/73/974
f 1032/75/975 1030/74/973 1029/74/962
f 1029/74/962 1033/75/976 1032/75/975
f 1032/75/975 1033/75/976 1034/76/977
f 1034/76/977 1035/77/978 1032/75/975
f 1036/75/979 1032/75/975 1035/77/978
f 1035/77/978 1037/77/980 1036/75/979
f 1030/74/973 1032/75/975 1036/75/979
f 1036/75/979 1039/74/982 1030/74/973
f 1036/75/979 1037/77/980 1038/77/981
f 1038/77/981 1040/75/983 1036/75/979
f 1039/74/982 1036/75/979 1040/75/983
f 1040/75/983 1041/74/984 1039/74/982
f 1031/73/974 1039/74/982 1041/74/984
f 1041/74/984 1042/73/985 1031/73/974
f 1043/73/986 1042/73/985 1041/74/984
f 1041/74/984 1048/74/991 1043/73/986
f 1044/75/987 1040/75/983 1038/77/981
f 1038/77/981 1045/77/988 1044/75/987
f 1041/74/984 1040/75/983 1044/75/987
f 1044/75/987 1048/74/991 1041/74/984
f 1044/75/987 1045/77/988 1046/76/989
f 1046/76/989 1047/75/990 1044/75/987
f 1048/74/991 1044/75/987 1047/75/990
f 1047/75/990 1050/74/993 1048/74/991
f 1049/73/992 1043/73/986 1048/74/991
f 1048/74/991 1050/74/993 1049/73/992
f 1053/72/994 1052/72/992 1051/71/993
f 1051/71/993 1054/71/995 1053/72/994
f 1055/72/996 1053/72/994 1054/71/995
f 1054/71/995 1061/71/1003 1055/72/996
f 1056/69/997 1054/71/995 1051/71/993
f 1051/71/993 1057/69/998 1056/69/997
f 1056/69/997 1057/69/998 1049/70/999
f 1049/70/999 1058/70/1000 1056/69/997
f 1059/69/1001 1056/69/997 1058/70/1000
f 1058/70/1000 1060/70/1002 1059/69/1001
f 1054/71/995 1056/69/997 1059/69/1001
f 1059/69/1001 1061/71/1003 1054/71/995
f 1062/72/1004 1055/72/996 1061/71/1003
f 1061/71/1003 1063/71/1005 1062/72/1004
f 1064/69/1006 1063/71/1005 1061/71/1003
f 1061/71/1003 1059/69/1001 1064/69/1006
f 1064/69/1006 1059/69/1001 1060/70/1002
f 1060/70/1002 1065/70/1007 1064/69/1006
f 1066/78/1008 1052/78/999 1067/79/998
f 1067/79/998 1068/79/1009 1066/78/1008
f 1069/78/1010 1066/78/1008 1068/79/1009
f 1068/79/1009 1077/79/1018 1069/78/1010
f 1070/80/1011 1068/79/1009 1067/79/998
f 1067/79/998 1071/80/1012 1070/80/1011
f 1070/80/1011 1071/80/1012 1072/81/1013
f 1072/81/1013 1073/82/1014 1070/80/1011
f 1074/80/1015 1070/80/1011 1073/82/1014
f 1073/82/1014 1075/82/1016 1074/80/1015
f 1068/79/1009 1070/80/1011 1074/80/1015
f 1074/80/1015 1077/79/1018 1068/79/1009
f 1074/80/1015 1075/82/1016 1076/82/1017
f 1076/82/1017 1078/80/1019 1074/80/1015
f 1077/79/1018 1074/80/1015 1078/80/1019
f 1078/80/1019 1079/79/1020 1077/79/1018
f 1069/78/1010 1077/79/1018 1079/79/1020
f 1079/79/1020 1080/78/1021 1069/78/1010
f 1081/78/1022 1080/78/1021 1079/79/1020
f 1079/79/1020 1086/79/1027 1081/78/1022
f 1082/80/1023 1078/80/1019 1076/82/1017
f 1076/82/1017 1083/82/1024 1082/80/1023
f 1079/79/1020 1078/80/1019 1082/80/1023
f 1082/80/1023 1086/79/1027 1079/79/1020
f 1082/80/1023 1083/82/1024 1084/81/1025
f 1084/81/1025 1085/80/1026 1082/80/1023
f 1086/79/1027 1082/80/1023 1085/80/1026
f 1085/80/1026 1087/79/956 1086/79/1027
f 1019/78/957 1081/78/1022 1086/79/1027
f 1086/79/1027 1087/79/956 1019/78/957
f 1088/72/1028 1062/72/1004 1063/71/1005
f 1063/71/1005 1089/71/1029 1088/72/1028
f 1090/72/1030 1088/72/1028 1089/71/1029
f 1089/71/1029 1096/71/1036 1090/72/1030
f 1091/69/1031 1089/71/1029 1063/71/1005
f 1063/71/1005 1064/69/1006 1091/69/1031
f 1091/69/1031 1064/69/1006 1065/70/1007
f 1065/70/1007 1092/70/1032 1091/69/1031
f 1093/69/1033 1091/69/1031 1092/70/1032
f 1092/70/1032 1094/70/1034 1093/69/1033
f 1089/71/1029 1091/69/1031 1093/69/1033
f 1093/69/1033 1096/71/1036 1089/71/1029
f 1093/69/1033 1094/70/1034 1095/70/1035
f 1095/70/1035 1097/69/1037 1093/69/1033
f 1096/71/1036 1093/69/1033 1097/69/1037
f 1097/69/1037 1098/71/1038 1096/71/1036
f 1090/72/1030 1096/71/1036 1098/71/1038
f 1098/71/1038 1099/72/1039 1090/72/1030
f 1100/72/1040 1099/72/1039 1098/71/1038
f 1098/71/1038 1103/71/1043 1100/72/1040
f 1101/69/1041 1097/69/1037 1095/70/1035
f 1095/70/1035 1102/70/1042 1101/69/1041
f 1098/71/1038 1097/69/1037 1101/69/1041
f 1101/69/1041 1103/71/1043 1098/71/1038
f 1027/72/971 1100/72/1040 1103/71/1043
f 1103/71/1043 1026/71/970 1027/72/971
f 1025/69/969 1026/71/970 1103/71/1043
f 1103/71/1043 1101/69/1041 1025/69/969
f 1025/69/969 1101/69/1041 1102/70/1042
f 1102/70/1042 1024/70/968 1025/69/969
f 1055/78/1002 1062/78/1007 1104/79/1006
f 1104/79/1006 1105/79/1001 1055/78/1002
f 1053/78/1000 1055/78/1002 1105/79/1001
f 1105/79/1001 1112/79/997 1053/78/1000
f 1106/80/1044 1105/79/1001 1104/79/1006
f 1104/79/1006 1107/80/1045 1106/80/1044
f 1106/80/1044 1107/80/1045 1108/81/1046
f 1108/81/1046 1109/82/1047 1106/80/1044
f 1110/80/1048 1106/80/1044 1109/82/1047
f 1109/82/1047 1111/82/1049 1110/80/1048
f 1105/79/1001 1106/80/1044 1110/80/1048
f 1110/80/1048 1112/79/997 1105/79/1001
f 1110/80/1048 1111/82/1049 1072/81/1013
f 1072/81/1013 1071/80/1012 1110/80/1048
f 1112/79/997 1110/80/1048 1071/80/1012
f 1071/80/1012 1067/79/998 1112/79/997
f 1052/78/999 1053/78/1000 1112/79/997
f 1112/79/997 1067/79/998 1052/78/999
f 1100/78/1042 1027/78/968 1113/79/969
f 1113/79/969 1114/79/1041 1100/78/1042
f 1099/78/1035 1100/78/1042 1114/79/1041
f 1114/79/1041 1122/79/1037 1099/78/1035
f 1115/80/1050 1114/79/1041 1113/79/969
f 1113/79/969 1116/80/1051 1115/80/1050
f 1115/80/1050 1116/80/1051 1117/81/1052
f 1117/81/1052 1118/82/1053 1115/80/1050
f 1119/80/1054 1115/80/1050 1118/82/1053
f 1118/82/1053 1120/82/1055 1119/80/1054
f 1114/79/1041 1115/80/1050 1119/80/1054
f 1119/80/1054 1122/79/1037 1114/79/1041
f 1119/80/1054 1120/82/1055 1121/82/1056
f 1121/82/1056 1123/80/1057 1119/80/1054
f 1122/79/1037 1119/80/1054 1123/80/1057
f 1123/80/1057 1124/79/1033 1122/79/1037
f 1099/78/1035 1122/79/1037 1124/79/1033
f 1124/79/1033 1090/78/1034 1099/78/1035
f 1088/78/1032 1090/78/1034 1124/79/1033
f 1124/79/1033 1127/79/1031 1088/78/1032
f 1125/80/1058 1123/80/1057 1121/82/1056
f 1121/82/1056 1126/82/1059 1125/80/1058
f 1124/79/1033 1123/80/1057 1125/80/1058
f 1125/80/1058 1127/79/1031 1124/79/1033
f 1125/80/1058 1126/82/1059 1108/81/1046
f 1108/81/1046 1107/80/1045 1125/80/1058
f 1127/79/1031 1125/80/1058 1107/80/1045
f 1107/80/1045 1104/79/1006 1127/79/1031
f 1062/78/1007 1088/78/1032 1127/79/1031
f 1127/79/1031 1104/79/1006 1062/78/1007
f 1020/78/958 1019/78/957 1087/79/956
f 1087/79/956 1128/79/959 1020/78/958
f 1022/78/960 1020/78/958 1128/79/959
f 1128/79/959 1133/79/967 1022/78/960
f 1129/80/1060 1128/79/959 1087/79/956
f 1087/79/956 1085/80/1026 1129/80/1060
f 1129/80/1060 1085/80/1026 1084/81/1025
f 1084/81/1025 1130/82/1061 1129/80/1060
f 1131/80/1062 1129/80/1060 1130/82/1061
f 1130/82/1061 1132/82/1063 1131/80/1062
f 1128/79/959 1129/80/1060 1131/80/1062
f 1131/80/1062 1133/79/967 1128/79/959
f 1131/80/1062 1132/82/1063 1117/81/1052
f 1117/81/1052 1116/80/1051 1131/80/1062
f 1133/79/967 1131/80/1062 1116/80/1051
f 1116/80/1051 1113/79/969 1133/79/967
f 1027/78/968 1022/78/960 1133/79/967
f 1133/79/967 1113/79/969 1027/78/968
f 1081/72/972 1019/72/963 1018/71/962
f 1018/71/962 1134/71/973 1081/72/972
f 1080/72/974 1081/72/972 1134/71/973
f 1134/71/973 1137/71/982 1080/72/974
f 1135/69/1027 1134/71/973 1018/71/962
f 1018/71/962 1012/69/956 1135/69/1027
f 1135/69/1027 1012/69/956 1013/70/957
f 1013/70/957 1028/70/1022 1135/69/1027
f 1136/69/1020 1135/69/1027 1028/70/1022
f 1028/70/1022 1031/70/1021 1136/69/1020
f 1134/71/973 1135/69/1027 1136/69/1020
f 1136/69/1020 1137/71/982 1134/71/973
f 1136/69/1020 1031/70/1021 1042/70/1010
f 1042/70/1010 1138/69/1018 1136/69/1020
f 1137/71/982 1136/69/1020 1138/69/1018
f 1138/69/1018 1139/71/984 1137/71/982
f 1080/72/974 1137/71/982 1139/71/984
f 1139/71/984 1069/72/985 1080/72/974
f 1066/72/986 1069/72/985 1139/71/984
f 1139/71/984 1141/71/991 1066/72/986
f 1140/69/1009 1138/69/1018 1042/70/1010
f 1042/70/1010 1043/70/1008 1140/69/1009
f 1139/71/984 1138/69/1018 1140/69/1009
f 1140/69/1009 1141/71/991 1139/71/984
f 1052/72/992 1066/72/986 1141/71/991
f 1141/71/991 1051/71/993 1052/72/992
f 1057/69/998 1051/71/993 1141/71/991
f 1141/71/991 1140/69/1009 1057/69/998
f 1057/69/998 1140/69/1009 1043/70/1008
f 1043/70/1008 1049/70/999 1057/69/998
f 1058/73/994 1049/73/992 1050/74/993
f 1050/74/993 1142/74/995 1058/73/994
f 1060/73/996 1058/73/994 1142/74/995
f 1142/74/995 1149/74/1003 1060/73/996
f 1143/75/1064 1142/74/995 1050/74/993
f 1050/74/993 1047/75/990 1143/75/1064
f 1143/75/1064 1047/75/990 1046/76/989
f 1046/76/989 1144/77/1065 1143/75/1064
f 1145/75/1066 1143/75/1064 1144/77/1065
f 1144/77/1065 1146/77/1067 1145/75/1066
f 1142/74/995 1143/75/1064 1145/75/1066
f 1145/75/1066 1149/74/1003 1142/74/995
f 1145/75/1066 1146/77/1067 1147/76/1068
f 1147/76/1068 1148/75/1069 1145/75/1066
f 1149/74/1003 1145/75/1066 1148/75/1069
f 1148/75/1069 1150/74/1005 1149/74/1003
f 1065/73/1004 1060/73/996 1149/74/1003
f 1149/74/1003 1150/74/1005 1065/73/1004
f 1092/73/1028 1065/73/1004 1150/74/1005
f 1150/74/1005 1151/74/1029 1092/73/1028
f 1094/73/1030 1092/73/1028 1151/74/1029
f 1151/74/1029 1157/74/1036 1094/73/1030
f 1152/75/1070 1151/74/1029 1150/74/1005
f 1150/74/1005 1148/75/1069 1152/75/1070
f 1152/75/1070 1148/75/1069 1147/76/1068
f 1147/76/1068 1153/77/1071 1152/75/1070
f 1154/75/1072 1152/75/1070 1153/77/1071
f 1153/77/1071 1155/77/1073 1154/75/1072
f 1151/74/1029 1152/75/1070 1154/75/1072
f 1154/75/1072 1157/74/1036 1151/74/1029
f 1154/75/1072 1155/77/1073 1156/77/1074
f 1156/77/1074 1158/75/1075 1154/75/1072
f 1157/74/1036 1154/75/1072 1158/75/1075
f 1158/75/1075 1159/74/1038 1157/74/1036
f 1094/73/1030 1157/74/1036 1159/74/1038
f 1159/74/1038 1095/73/1039 1094/73/1030
f 1102/73/1040 1095/73/1039 1159/74/1038
f 1159/74/1038 1164/74/1043 1102/73/1040
f 1160/75/1076 1158/75/1075 1156/77/1074
f 1156/77/1074 1161/77/1077 1160/75/1076
f 1159/74/1038 1158/75/1075 1160/75/1076
f 1160/75/1076 1164/74/1043 1159/74/1038
f 1160/75/1076 1161/77/1077 1162/76/1078
f 1162/76/1078 1163/75/1079 1160/75/1076
f 1164/74/1043 1160/75/1076 1163/75/1079
f 1163/75/1079 1165/74/970 1164/74/1043
f 1024/73/971 1102/73/1040 1164/74/1043
f 1164/74/1043 1165/74/970 1024/73/971
f 1016/73/966 1024/73/971 1165/74/970
f 1165/74/970 1166/74/965 1016/73/966
f 1014/73/964 1016/73/966 1166/74/965
f 1166/74/965 1171/74/961 1014/73/964
f 1167/75/1080 1166/74/965 1165/74/970
f 1165/74/970 1163/75/1079 1167/75/1080
f 1167/75/1080 1163/75/1079 1162/76/1078
f 1162/76/1078 1168/77/1081 1167/75/1080
f 1169/75/1082 1167/75/1080 1168/77/1081
f 1168/77/1081 1170/77/1083 1169/75/1082
f 1166/74/965 1167/75/1080 1169/75/1082
f 1169/75/1082 1171/74/961 1166/74/965
f 1169/75/1082 1170/77/1083 1034/76/977
f 1034/76/977 1033/75/976 1169/75/1082
f 1171/74/961 1169/75/1082 1033/75/976
f 1033/75/976 1029/74/962 1171/74/961
f 1013/73/963 1014/73/964 1171/74/961
f 1171/74/961 1029/74/962 1013/73/963
f 1172/83/1084 1076/82/1017 1075/82/1016
f 1075/82/1016 1176/83/1088 1172/83/1084
f 1083/82/1024 1076/82/1017 1172/83/1084
f 1172/83/1084 1173/83/1085 1083/82/1024
f 1084/81/1025 1083/82/1024 1173/83/1085
f 1173/83/1085 1130/82/1061 1084/81/1025
f 1132/82/1063 1130/82/1061 1173/83/1085
f 1173/83/1085 1174/83/1086 1132/82/1063
f 1174/83/1086 1173/83/1085 1172/83/1084
f 1172/83/1084 1175/83/1087 1174/83/1086
f 1117/81/1052 1132/82/1063 1174/83/1086
f 1174/83/1086 1118/82/1053 1117/81/1052
f 1120/82/1055 1118/82/1053 1174/83/1086
f 1174/83/1086 1175/83/1087 1120/82/1055
f 1175/83/1087 1172/83/1084 1176/83/1088
f 1176/83/1088 1177/83/1089 1175/83/1087
f 1120/82/1055 1175/83/1087 1177/83/1089
f 1177/83/1089 1121/82/1056 1120/82/1055
f 1126/82/1059 1121/82/1056 1177/83/1089
f 1177/83/1089 1179/83/1091 1126/82/1059
f 1178/83/1090 1176/83/1088 1075/82/1016
f 1075/82/1016 1073/82/1014 1178/83/1090
f 1177/83/1089 1176/83/1088 1178/83/1090
f 1178/83/1090 1179/83/1091 1177/83/1089
f 1178/83/1090 1073/82/1014 1072/81/1013
f 1072/81/1013 1111/82/1049 1178/83/1090
f 1179/83/1091 1178/83/1090 1111/82/1049
f 1111/82/1049 1109/82/1047 1179/83/1091
f 1108/81/1046 1126/82/1059 1179/83/1091
f 1179/83/1091 1109/82/1047 1108/81/1046
f 1045/77/988 1038/77/981 1180/84/1092
f 1180/84/1092 1181/84/1093 1045/77/988
f 1180/84/1092 1038/77/981 1037/77/980
f 1037/77/980 1184/84/1096 1180/84/1092
f 1046/76/989 1045/77/988 1181/84/1093
f 1181/84/1093 1144/77/1065 1046/76/989
f 1146/77/1067 1144/77/1065 1181/84/1093
f 1181/84/1093 1182/84/1094 1146/77/1067
f 1182/84/1094 1181/84/1093 1180/84/1092
f 1180/84/1092 1183/84/1095 1182/84/1094
f 1147/76/1068 1146/77/1067 1182/84/1094
f 1182/84/1094 1153/77/1071 1147/76/1068
f 1155/77/1073 1153/77/1071 1182/84/1094
f 1182/84/1094 1183/84/1095 1155/77/1073
f 1183/84/1095 1180/84/1092 1184/84/1096
f 1184/84/1096 1185/84/1097 1183/84/1095
f 1155/77/1073 1183/84/1095 1185/84/1097
f 1185/84/1097 1156/77/1074 1155/77/1073
f 1161/77/1077 1156/77/1074 1185/84/1097
f 1185/84/1097 1187/84/1099 1161/77/1077
f 1186/84/1098 1184/84/1096 1037/77/980
f 1037/77/980 1035/77/978 1186/84/1098
f 1185/84/1097 1184/84/1096 1186/84/1098
f 1186/84/1098 1187/84/1099 1185/84/1097
f 1186/84/1098 1035/77/978 1034/76/977
f 1034/76/977 1170/77/1083 1186/84/1098
f 1187/84/1099 1186/84/1098 1170/77/1083
f 1170/77/1083 1168/77/1081 1187/84/1099
f 1162/76/1078 1161/77/1077 1187/84/1099
f 1187/84/1099 1168/77/1081 1162/76/1078
f 1190/70/1102 1189/70/1101 1188/69/1100
f 1188/69/1100 1191/69/1103 1190/70/1102
f 1192/70/1104 1190/70/1102 1191/69/1103
f 1191/69/1103 1199/69/1111 1192/70/1104
f 1193/71/1105 1191/69/1103 1188/69/1100
f 1188/69/1100 1194/71/1106 1193/71/1105
f 1193/71/1105 1194/71/1106 1195/72/1107
f 1195/72/1107 1196/72/1108 1193/71/1105
f 1197/71/1109 1193/71/1105 1196/72/1108
f 1196/72/1108 1198/72/1110 1197/71/1109
f 1191/69/1103 1193/71/1105 1197/71/1109
f 1197/71/1109 1199/69/1111 1191/69/1103
f 1200/70/1112 1192/70/1104 1199/69/1111
f 1199/69/1111 1201/69/1113 1200/70/1112
f 1202/71/1114 1201/69/1113 1199/69/1111
f 1199/69/1111 1197/71/1109 1202/71/1114
f 1202/71/1114 1197/71/1109 1198/72/1110
f 1198/72/1110 1203/72/1115 1202/71/1114
f 1204/73/1116 1189/73/1107 1205/74/1106
f 1205/74/1106 1206/74/1117 1204/73/1116
f 1207/73/1118 1204/73/1116 1206/74/1117
f 1206/74/1117 1215/74/1126 1207/73/1118
f 1208/75/1119 1206/74/1117 1205/74/1106
f 1205/74/1106 1209/75/1120 1208/75/1119
f 1208/75/1119 1209/75/1120 1210/76/1121
f 1210/76/1121 1211/77/1122 1208/75/1119
f 1212/75/1123 1208/75/1119 1211/77/1122
f 1211/77/1122 1213/77/1124 1212/75/1123
f 1206/74/1117 1208/75/1119 1212/75/1123
f 1212/75/1123 1215/74/1126 1206/74/1117
f 1212/75/1123 1213/77/1124 1214/77/1125
f 1214/77/1125 1216/75/1127 1212/75/1123
f 1215/74/1126 1212/75/1123 1216/75/1127
f 1216/75/1127 1217/74/1128 1215/74/1126
f 1207/73/1118 1215/74/1126 1217/74/1128
f 1217/74/1128 1218/73/1129 1207/73/1118
f 1219/73/1130 1218/73/1129 1217/74/1128
f 1217/74/1128 1224/74/1135 1219/73/1130
f 1220/75/1131 1216/75/1127 1214/77/1125
f 1214/77/1125 1221/77/1132 1220/75/1131
f 1217/74/1128 1216/75/1127 1220/75/1131
f 1220/75/1131 1224/74/1135 1217/74/1128
f 1220/75/1131 1221/77/1132 1222/76/1133
f 1222/76/1133 1223/75/1134 1220/75/1131
f 1224/74/1135 1220/75/1131 1223/75/1134
f 1223/75/1134 1226/74/1137 1224/74/1135
f 1225/73/1136 1219/73/1130 1224/74/1135
f 1224/74/1135 1226/74/1137 1225/73/1136
f 1229/72/1138 1228/72/1136 1227/71/1137
f 1227/71/1137 1230/71/1139 1229/72/1138
f 1231/72/1140 1229/72/1138 1230/71/1139
f 1230/71/1139 1237/71/1147 1231/72/1140
f 1232/69/1141 1230/71/1139 1227/71/1137
f 1227/71/1137 1233/69/1142 1232/69/1141
f 1232/69/1141 1233/69/1142 1225/70/1143
f 1225/70/1143 1234/70/1144 1232/69/1141
f 1235/69/1145 1232/69/1141 1234/70/1144
f 1234/70/1144 1236/70/1146 1235/69/1145
f 1230/71/1139 1232/69/1141 1235/69/1145
f 1235/69/1145 1237/71/1147 1230/71/1139
f 1238/72/1148 1231/72/1140 1237/71/1147
f 1237/71/1147 1239/71/1149 1238/72/1148
f 1240/69/1150 1239/71/1149 1237/71/1147
f 1237/71/1147 1235/69/1145 1240/69/1150
f 1240/69/1150 1235/69/1145 1236/70/1146
f 1236/70/1146 1241/70/1151 1240/69/1150
f 1242/78/1152 1228/78/1143 1243/79/1142
f 1243/79/1142 1244/79/1153 1242/78/1152
f 1245/78/1154 1242/78/1152 1244/79/1153
f 1244/79/1153 1253/79/1162 1245/78/1154
f 1246/80/1155 1244/79/1153 1243/79/1142
f 1243/79/1142 1247/80/1156 1246/80/1155
f 1246/80/1155 1247/80/1156 1248/81/1157
f 1248/81/1157 1249/82/1158 1246/80/1155
f 1250/80/1159 1246/80/1155 1249/82/1158
f 1249/82/1158 1251/82/1160 1250/80/1159
f 1244/79/1153 1246/80/1155 1250/80/1159
f 1250/80/1159 1253/79/1162 1244/79/1153
f 1250/80/1159 1251/82/1160 1252/82/1161
f 1252/82/1161 1254/80/1163 1250/80/1159
f 1253/79/1162 1250/80/1159 1254/80/1163
f 1254/80/1163 1255/79/1164 1253/79/1162
f 1245/78/1154 1253/79/1162 1255/79/1164
f 1255/79/1164 1256/78/1165 1245/78/1154
f 1257/78/1166 1256/78/1165 1255/79/1164
f 1255/79/1164 1262/79/1171 1257/78/1166
f 1258/80/1167 1254/80/1163 1252/82/1161
f 1252/82/1161 1259/82/1168 1258/80/1167
f 1255/79/1164 1254/80/1163 1258/80/1167
f 1258/80/1167 1262/79/1171 1255/79/1164
f 1258/80/1167 1259/82/1168 1260/81/1169
f 1260/81/1169 1261/80/1170 1258/80/1167
f 1262/79/1171 1258/80/1167 1261/80/1170
f 1261/80/1170 1263/79/1100 1262/79/1171
f 1195/78/1101 1257/78/1166 1262/79/1171
f 1262/79/1171 1263/79/1100 1195/78/1101
f 1264/72/1172 1238/72/1148 1239/71/1149
f 1239/71/1149 1265/71/1173 1264/72/1172
f 1266/72/1174 1264/72/1172 1265/71/1173
f 1265/71/1173 1272/71/1180 1266/72/1174
f 1267/69/1175 1265/71/1173 1239/71/1149
f 1239/71/1149 1240/69/1150 1267/69/1175
f 1267/69/1175 1240/69/1150 1241/70/1151
f 1241/70/1151 1268/70/1176 1267/69/1175
f 1269/69/1177 1267/69/1175 1268/70/1176
f 1268/70/1176 1270/70/1178 1269/69/1177
f 1265/71/1173 1267/69/1175 1269/69/1177
f 1269/69/1177 1272/71/1180 1265/71/1173
f 1269/69/1177 1270/70/1178 1271/70/1179
f 1271/70/1179 1273/69/1181 1269/69/1177
f 1272/71/1180 1269/69/1177 1273/69/1181
f 1273/69/1181 1274/71/1182 1272/71/1180
f 1266/72/1174 1272/71/1180 1274/71/1182
f 1274/71/1182 1275/72/1183 1266/72/1174
f 1276/72/1184 1275/72/1183 1274/71/1182
f 1274/71/1182 1279/71/1187 1276/72/1184
f 1277/69/1185 1273/69/1181 1271/70/1179
f 1271/70/1179 1278/70/1186 1277/69/1185
f 1274/71/1182 1273/69/1181 1277/69/1185
f 1277/69/1185 1279/71/1187 1274/71/1182
f 1203/72/1115 1276/72/1184 1279/71/1187
f 1279/71/1187 1202/71/1114 1203/72/1115
f 1201/69/1113 1202/71/1114 1279/71/1187
f 1279/71/1187 1277/69/1185 1201/69/1113
f 1201/69/1113 1277/69/1185 1278/70/1186
f 1278/70/1186 1200/70/1112 1201/69/1113
f 1231/78/1146 1238/78/1151 1280/79/1150
f 1280/79/1150 1281/79/1145 1231/78/1146
f 1229/78/1144 1231/78/1146 1281/79/1145
f 1281/79/1145 1288/79/1141 1229/78/1144
f 1282/80/1188 1281/79/1145 1280/79/1150
f 1280/79/1150 1283/80/1189 1282/80/1188
f 1282/80/1188 1283/80/1189 1284/81/1190
f 1284/81/1190 1285/82/1191 1282/80/1188
f 1286/80/1192 1282/80/1188 1285/82/1191
f 1285/82/1191 1287/82/1193 1286/80/1192
f 1281/79/1145 1282/80/1188 1286/80/1192
f 1286/80/1192 1288/79/1141 1281/79/1145
f 1286/80/1192 1287/82/1193 1248/81/1157
f 1248/81/1157 1247/80/1156 1286/80/1192
f 1288/79/1141 1286/80/1192 1247/80/1156
f 1247/80/1156 1243/79/1142 1288/79/1141
f 1228/78/1143 1229/78/1144 1288/79/1141
f 1288/79/1141 1243/79/1142 1228/78/1143
f 1276/78/1186 1203/78/1112 1289/79/1113
f 1289/79/1113 1290/79/1185 1276/78/1186
f 1275/78/1179 1276/78/1186 1290/79/1185
f 1290/79/1185 1298/79/1181 1275/78/1179
f 1291/80/1194 1290/79/1185 1289/79/1113
f 1289/79/1113 1292/80/1195 1291/80/1194
f 1291/80/1194 1292/80/1195 1293/81/1196
f 1293/81/1196 1294/82/1197 1291/80/1194
f 1295/80/1198 1291/80/1194 1294/82/1197
f 1294/82/1197 1296/82/1199 1295/80/1198
f 1290/79/1185 1291/80/1194 1295/80/1198
f 1295/80/1198 1298/79/1181 1290/79/1185
f 1295/80/1198 1296/82/1199 1297/82/1200
f 1297/82/1200 1299/80/1201 1295/80/1198
f 1298/79/1181 1295/80/1198 1299/80/1201
f 1299/80/1201 1300/79/1177 1298/79/1181
f 1275/78/1179 1298/79/1181 1300/79/1177
f 1300/79/1177 1266/78/1178 1275/78/1179
f 1264/78/1176 1266/78/1178 1300/79/1177
f 1300/79/1177 1303/79/1175 1264/78/1176
f 1301/80/1202 1299/80/1201 1297/82/1200
f 1297/82/1200 1302/82/1203 1301/80/1202
f 1300/79/1177 1299/80/1201 1301/80/1202
f 1301/80/1202 1303/79/1175 1300/79/1177
f 1301/80/1202 1302/82/1203 1284/81/1190
f 1284/81/1190 1283/80/1189 1301/80/1202
f 1303/79/1175 1301/80/1202 1283/80/1189
f 1283/80/1189 1280/79/1150 1303/79/1175
f 1238/78/1151 1264/78/1176 1303/79/1175
f 1303/79/1175 1280/79/1150 1238/78/1151
f 1196/78/1102 1195/78/1101 1263/79/1100
f 1263/79/1100 1304/79/1103 1196/78/1102
f 1198/78/1104 1196/78/1102 1304/79/1103
f 1304/79/1103 1309/79/1111 1198/78/1104
f 1305/80/1204 1304/79/1103 1263/79/1100
f 1263/79/1100 1261/80/1170 1305/80/1204
f 1305/80/1204 1261/80/1170 1260/81/1169
f 1260/81/1169 1306/82/1205 1305/80/1204
f 1307/80/1206 1305/80/1204 1306/82/1205
f 1306/82/1205 1308/82/1207 1307/80/1206
f 1304/79/1103 1305/80/1204 1307/80/1206
f 1307/80/1206 1309/79/1111 1304/79/1103
f 1307/80/1206 1308/82/1207 1293/81/1196
f 1293/81/1196 1292/80/1195 1307/80/1206
f 1309/79/1111 1307/80/1206 1292/80/1195
f 1292/80/1195 1289/79/1113 1309/79/1111
f 1203/78/1112 1198/78/1104 1309/79/1111
f 1309/79/1111 1289/79/1113 1203/78/1112
f 1257/72/1116 1195/72/1107 1194/71/1106
f 1194/71/1106 1310/71/1117 1257/72/1116
f 1256/72/1118 1257/72/1116 1310/71/1117
f 1310/71/1117 1313/71/1126 1256/72/1118
f 1311/69/1171 1310/71/1117 1194/71/1106
f 1194/71/1106 1188/69/1100 1311/69/1171
f 1311/69/1171 1188/69/1100 1189/70/1101
f 1189/70/1101 1204/70/1166 1311/69/1171
f 1312/69/1164 1311/69/1171 1204/70/1166
f 1204/70/1166 1207/70/1165 1312/69/1164
f 1310/71/1117 1311/69/1171 1312/69/1164
f 1312/69/1164 1313/71/1126 1310/71/1117
f 1312/69/1164 1207/70/1165 1218/70/1154
f 1218/70/1154 1314/69/1162 1312/69/1164
f 1313/71/1126 1312/69/1164 1314/69/1162
f 1314/69/1162 1315/71/1128 1313/71/1126
f 1256/72/1118 1313/71/1126 1315/71/1128
f 1315/71/1128 1245/72/1129 1256/72/1118
f 1242/72/1130 1245/72/1129 1315/71/1128
f 1315/71/1128 1317/71/1135 1242/72/1130
f 1316/69/1153 1314/69/1162 1218/70/1154
f 1218/70/1154 1219/70/1152 1316/69/1153
f 1315/71/1128 1314/69/1162 1316/69/1153
f 1316/69/1153 1317/71/1135 1315/71/1128
f 1228/72/1136 1242/72/1130 1317/71/1135
f 1317/71/1135 1227/71/1137 1228/72/1136
f 1233/69/1142 1227/71/1137 1317/71/1135
f 1317/71/1135 1316/69/1153 1233/69/1142
f 1233/69/1142 1316/69/1153 1219/70/1152
f 1219/70/1152 1225/70/1143 1233/69/1142
f 1234/73/1138 1225/73/1136 1226/74/1137
f 1226/74/1137 1318/74/1139 1234/73/1138
f 1236/73/1140 1234/73/1138 1318/74/1139
f 1318/74/1139 1325/74/1147 1236/73/1140
f 1319/75/1208 1318/74/1139 1226/74/1137
f 1226/74/1137 1223/75/1134 1319/75/1208
f 1319/75/1208 1223/75/1134 1222/76/1133
f 1222/76/1133 1320/77/1209 1319/75/1208
f 1321/75/1210 1319/75/1208 1320/77/1209
f 1320/77/1209 1322/77/1211 1321/75/1210
f 1318/74/1139 1319/75/1208 1321/75/1210
f 1321/75/1210 1325/74/1147 1318/74/1139
f 1321/75/1210 1322/77/1211 1323/76/1212
f 1323/76/1212 1324/75/1213 1321/75/1210
f 1325/74/1147 1321/75/1210 1324/75/1213
f 1324/75/1213 1326/74/1149 1325/74/1147
f 1241/73/1148 1236/73/1140 1325/74/1147
f 1325/74/1147 1326/74/1149 1241/73/1148
f 1268/73/1172 1241/73/1148 1326/74/1149
f 1326/74/1149 1327/74/1173 1268/73/1172
f 1270/73/1174 1268/73/1172 1327/74/1173
f 1327/74/1173 1333/74/1180 1270/73/1174
f 1328/75/1214 1327/74/1173 1326/74/1149
f 1326/74/1149 1324/75/1213 1328/75/1214
f 1328/75/1214 1324/75/1213 1323/76/1212
f 1323/76/1212 1329/77/1215 1328/75/1214
f 1330/75/1216 1328/75/1214 1329/77/1215
f 1329/77/1215 1331/77/1217 1330/75/1216
f 1327/74/1173 1328/75/1214 1330/75/1216
f 1330/75/1216 1333/74/1180 1327/74/1173
f 1330/75/1216 1331/77/1217 1332/77/1218
f 1332/77/1218 1334/75/1219 1330/75/1216
f 1333/74/1180 1330/75/1216 1334/75/1219
f 1334/75/1219 1335/74/1182 1333/74/1180
f 1270/73/1174 1333/74/1180 1335/74/1182
f 1335/74/1182 1271/73/1183 1270/73/1174
f 1278/73/1184 1271/73/1183 1335/74/1182
f 1335/74/1182 1340/74/1187 1278/73/1184
f 1336/75/1220 1334/75/1219 1332/77/1218
f 1332/77/1218 1337/77/1221 1336/75/1220
f 1335/74/1182 1334/75/1219 1336/75/1220
f 1336/75/1220 1340/74/1187 1335/74/1182
f 1336/75/1220 1337/77/1221 1338/76/1222
f 1338/76/1222 1339/75/1223 1336/75/1220
f 1340/74/1187 1336/75/1220 1339/75/1223
f 1339/75/1223 1341/74/1114 1340/74/1187
f 1200/73/1115 1278/73/1184 1340/74/1187
f 1340/74/1187 1341/74/1114 1200/73/1115
f 1192/73/1110 1200/73/1115 1341/74/1114
f 1341/74/1114 1342/74/1109 1192/73/1110
f 1190/73/1108 1192/73/1110 1342/74/1109
f 1342/74/1109 1347/74/1105 1190/73/1108
f 1343/75/1224 1342/74/1109 1341/74/1114
f 1341/74/1114 1339/75/1223 1343/75/1224
f 1343/75/1224 1339/75/1223 1338/76/1222
f 1338/76/1222 1344/77/1225 1343/75/1224
f 1345/75/1226 1343/75/1224 1344/77/1225
f 1344/77/1225 1346/77/1227 1345/75/1226
f 1342/74/1109 1343/75/1224 1345/75/1226
f 1345/75/1226 1347/74/1105 1342/74/1109
f 1345/75/1226 1346/77/1227 1210/76/1121
f 1210/76/1121 1209/75/1120 1345/75/1226
f 1347/74/1105 1345/75/1226 1209/75/1120
f 1209/75/1120 1205/74/1106 1347/74/1105
f 1189/73/1107 1190/73/1108 1347/74/1105
f 1347/74/1105 1205/74/1106 1189/73/1107
f 1348/83/1228 1252/82/1161 1251/82/1160
f 1251/82/1160 1352/83/1232 1348/83/1228
f 1259/82/1168 1252/82/1161 1348/83/1228
f 1348/83/1228 1349/83/1229 1259/82/1168
f 1260/81/1169 1259/82/1168 1349/83/1229
f 1349/83/1229 1306/82/1205 1260/81/1169
f 1308/82/1207 1306/82/1205 1349/83/1229
f 1349/83/1229 1350/83/1230 1308/82/1207
f 1350/83/1230 1349/83/1229 1348/83/1228
f 1348/83/1228 1351/83/1231 1350/83/1230
f 1293/81/1196 1308/82/1207 1350/83/1230
f 1350/83/1230 1294/82/1197 1293/81/1196
f 1296/82/1199 1294/82/1197 1350/83/1230
f 1350/83/1230 1351/83/1231 1296/82/1199
f 1351/83/1231 1348/83/1228 1352/83/1232
f 1352/83/1232 1353/83/1233 1351/83/1231
f 1296/82/1199 1351/83/1231 1353/83/1233
f 1353/83/1233 1297/82/1200 1296/82/1199
f 1302/82/1203 1297/82/1200 1353/83/1233
f 1353/83/1233 1355/83/1235 1302/82/1203
f 1354/83/1234 1352/83/1232 1251/82/1160
f 1251/82/1160 1249/82/1158 1354/83/1234
f 1353/83/1233 1352/83/1232 1354/83/1234
f 1354/83/1234 1355/83/1235 1353/83/1233
f 1354/83/1234 1249/82/1158 1248/81/1157
f 1248/81/1157 1287/82/1193 1354/83/1234
f 1355/83/1235 1354/83/1234 1287/82/1193
f 1287/82/1193 1285/82/1191 1355/83/1235
f 1284/81/1190 1302/82/1203 1355/83/1235
f 1355/83/1235 1285/82/1191 1284/81/1190
f 1221/77/1132 1214/77/1125 1356/84/1236
f 1356/84/1236 1357/84/1237 1221/77/1132
f 1356/84/1236 1214/77/1125 1213/77/1124
f 1213/77/1124 1360/84/1240 1356/84/1236
f 1222/76/1133 1221/77/1132 1357/84/1237
f 1357/84/1237 1320/77/1209 1222/76/1133
f 1322/77/1211 1320/77/1209 1357/84/1237
f 1357/84/1237 1358/84/1238 1322/77/1211
f 1358/84/1238 1357/84/1237 1356/84/1236
f 1356/84/1236 1359/84/1239 1358/84/1238
f 1323/76/1212 1322/77/1211 1358/84/1238
f 1358/84/1238 1329/77/1215 1323/76/1212
f 1331/77/1217 1329/77/1215 1358/84/1238
f 1358/84/1238 1359/84/1239 1331/77/1217
f 1359/84/1239 1356/84/1236 1360/84/1240
f 1360/84/1240 1361/84/1241 1359/84/1239
f 1331/77/1217 1359/84/1239 1361/84/1241
f 1361/84/1241 1332/77/1218 1331/77/1217
f 1337/77/1221 1332/77/1218 1361/84/1241
f 1361/84/1241 1363/84/1243 1337/77/1221
f 1362/84/1242 1360/84/1240 1213/77/1124
f 1213/77/1124 1211/77/1122 1362/84/1242
f 1361/84/1241 1360/84/1240 1362/84/1242
f 1362/84/1242 1363/84/1243 1361/84/1241
f 1362/84/1242 1211/77/1122 1210/76/1121
f 1210/76/1121 1346/77/1227 1362/84/1242
f 1363/84/1243 1362/84/1242 1346/77/1227
f 1346/77/1227 1344/77/1225 1363/84/1243
f 1338/76/1222 1337/77/1221 1363/84/1243
f 1363/84/1243 1344/77/1225 1338/76/1222
f 1366/70/1246 1365/70/1245 1364/69/1244
f 1364/69/1244 1367/69/1247 1366/70/1246
f 1368/70/1248 1366/70/1246 1367/69/1247
f 1367/69/1247 1375/69/1255 1368/70/1248
f 1369/71/1249 1367/69/1247 1364/69/1244
f 1364/69/1244 1370/71/1250 1369/71/1249
f 1369/71/1249 1370/71/1250 1371/72/1251
f 1371/72/1251 1372/72/1252 1369/71/1249
f 1373/71/1253 1369/71/1249 1372/72/1252
f 1372/72/1252 1374/72/1254 1373/71/1253
f 1367/69/1247 1369/71/1249 1373/71/1253
f 1373/71/1253 1375/69/1255 1367/69/1247
f 1376/70/1256 1368/70/1248 1375/69/1255
f 1375/69/1255 1377/69/1257 1376/70/1256
f 1378/71/1258 1377/69/1257 1375/69/1255
f 1375/69/1255 1373/71/1253 1378/71/1258
f 1378/71/1258 1373/71/1253 1374/72/1254
f 1374/72/1254 1379/72/1259 1378/71/1258
f 1380/73/1260 1365/73/1251 1381/74/1250
f 1381/74/1250 1382/74/1261 1380/73/1260
f 1383/73/1262 1380/73/1260 1382/74/1261
f 1382/74/1261 1391/74/1270 1383/73/1262
f 1384/75/1263 1382/74/1261 1381/74/1250
f 1381/74/1250 1385/75/1264 1384/75/1263
f 1384/75/1263 1385/75/1264 1386/76/1265
f 1386/76/1265 1387/77/1266 1384/75/1263
f 1388/75/1267 1384/75/1263 1387/77/1266
f 1387/77/1266 1389/77/1268 1388/75/1267
f 1382/74/1261 1384/75/1263 1388/75/1267
f 1388/75/1267 1391/74/1270 1382/74/1261
f 1388/75/1267 1389/77/1268 1390/77/1269
f 1390/77/1269 1392/75/1271 1388/75/1267
f 1391/74/1270 1388/75/1267 1392/75/1271
f 1392/75/1271 1393/74/1272 1391/74/1270
f 1383/73/1262 1391/74/1270 1393/74/1272
f 1393/74/1272 1394/73/1273 1383/73/1262
f 1395/73/1274 1394/73/1273 1393/74/1272
f 1393/74/1272 1400/74/1279 1395/73/1274
f 1396/75/1275 1392/75/1271 1390/77/1269
f 1390/77/1269 1397/77/1276 1396/75/1275
f 1393/74/1272 1392/75/1271 1396/75/1275
f 1396/75/1275 1400/74/1279 1393/74/1272
f 1396/75/1275 1397/77/1276 1398/76/1277
f 1398/76/1277 1399/75/1278 1396/75/1275
f 1400/74/1279 1396/75/1275 1399/75/1278
f 1399/75/1278 1402/74/1281 1400/74/1279
f 1401/73/1280 1395/73/1274 1400/74/1279
f 1400/74/1279 1402/74/1281 1401/73/1280
f 1405/72/1282 1404/72/1280 1403/71/1281
f 1403/71/1281 1406/71/1283 1405/72/1282
f 1407/72/1284 1405/72/1282 1406/71/1283
f 1406/71/1283 1413/71/1291 1407/72/1284
f 1408/69/1285 1406/71/1283 1403/71/1281
f 1403/71/1281 1409/69/1286 1408/69/1285
f 1408/69/1285 1409/69/1286 1401/70/1287
f 1401/70/1287 1410/70/1288 1408/69/1285
f 1411/69/1289 1408/69/1285 1410/70/1288
f 1410/70/1288 1412/70/1290 1411/69/1289
f 1406/71/1283 1408/69/1285 1411/69/1289
f 1411/69/1289 1413/71/1291 1406/71/1283
f 1414/72/1292 1407/72/1284 1413/71/1291
f 1413/71/1291 1415/71/1293 1414/72/1292
f 1416/69/1294 1415/71/1293 1413/71/1291
f 1413/71/1291 1411/69/1289 1416/69/1294
f 1416/69/1294 1411/69/1289 1412/70/1290
f 1412/70/1290 1417/70/1295 1416/69/1294
f 1418/78/1296 1404/78/1287 1419/79/1286
f 1419/79/1286 1420/79/1297 1418/78/1296
f 1421/78/1298 1418/78/1296 1420/79/1297
f 1420/79/1297 1429/79/1306 1421/78/1298
f 1422/80/1299 1420/79/1297 1419/79/1286
f 1419/79/1286 1423/80/1300 1422/80/1299
f 1422/80/1299 1423/80/1300 1424/81/1301
f 1424/81/1301 1425/82/1302 1422/80/1299
f 1426/80/1303 1422/80/1299 1425/82/1302
f 1425/82/1302 1427/82/1304 1426/80/1303
f 1420/79/1297 1422/80/1299 1426/80/1303
f 1426/80/1303 1429/79/1306 1420/79/1297
f 1426/80/1303 1427/82/1304 1428/82/1305
f 1428/82/1305 1430/80/1307 1426/80/1303
f 1429/79/1306 1426/80/1303 1430/80/1307
f 1430/80/1307 1431/79/1308 1429/79/1306
f 1421/78/1298 1429/79/1306 1431/79/1308
f 1431/79/1308 1432/78/1309 1421/78/1298
f 1433/78/1310 1432/78/1309 1431/79/1308
f 1431/79/1308 1438/79/1315 1433/78/1310
f 1434/80/1311 1430/80/1307 1428/82/1305
f 1428/82/1305 1435/82/1312 1434/80/1311
f 1431/79/1308 1430/80/1307 1434/80/1311
f 1434/80/1311 1438/79/1315 1431/79/1308
f 1434/80/1311 1435/82/1312 1436/81/1313
f 1436/81/1313 1437/80/1314 1434/80/1311
f 1438/79/1315 1434/80/1311 1437/80/1314
f 1437/80/1314 1439/79/1244 1438/79/1315
f 1371/78/1245 1433/78/1310 1438/79/1315
f 1438/79/1315 1439/79/1244 1371/78/1245
f 1440/72/1316 1414/72/1292 1415/71/1293
f 1415/71/1293 1441/71/1317 1440/72/1316
f 1442/72/1318 1440/72/1316 1441/71/1317
f 1441/71/1317 1448/71/1324 1442/72/1318
f 1443/69/1319 1441/71/1317 1415/71/1293
f 1415/71/1293 1416/69/1294 1443/69/1319
f 1443/69/1319 1416/69/1294 1417/70/1295
f 1417/70/1295 1444/70/1320 1443/69/1319
f 1445/69/1321 1443/69/1319 1444/70/1320
f 1444/70/1320 1446/70/1322 1445/69/1321
f 1441/71/1317 1443/69/1319 1445/69/1321
f 1445/69/1321 1448/71/1324 1441/71/1317
f 1445/69/1321 1446/70/1322 1447/70/1323
f 1447/70/1323 1449/69/1325 1445/69/1321
f 1448/71/1324 1445/69/1321 1449/69/1325
f 1449/69/1325 1450/71/1326 1448/71/1324
f 1442/72/1318 1448/71/1324 1450/71/1326
f 1450/71/1326 1451/72/1327 1442/72/1318
f 1452/72/1328 1451/72/1327 1450/71/1326
f 1450/71/1326 1455/71/1331 1452/72/1328
f 1453/69/1329 1449/69/1325 1447/70/1323
f 1447/70/1323 1454/70/1330 1453/69/1329
f 1450/71/1326 1449/69/1325 1453/69/1329
f 1453/69/1329 1455/71/1331 1450/71/1326
f 1379/72/1259 1452/72/1328 1455/71/1331
f 1455/71/1331 1378/71/1258 1379/72/1259
f 1377/69/1257 1378/71/1258 1455/71/1331
f 1455/71/1331 1453/69/1329 1377/69/1257
f 1377/69/1257 1453/69/1329 1454/70/1330
f 1454/70/1330 1376/70/1256 1377/69/1257
f 1407/78/1290 1414/78/1295 1456/79/1294
f 1456/79/1294 1457/79/1289 1407/78/1290
f 1405/78/1288 1407/78/1290 1457/79/1289
f 1457/79/1289 1464/79/1285 1405/78/1288
f 1458/80/1332 1457/79/1289 1456/79/1294
f 1456/79/1294 1459/80/1333 1458/80/1332
f 1458/80/1332 1459/80/1333 1460/81/1334
f 1460/81/1334 1461/82/1335 1458/80/1332
f 1462/80/1336 1458/80/1332 1461/82/1335
f 1461/82/1335 1463/82/1337 1462/80/1336
f 1457/79/1289 1458/80/1332 1462/80/1336
f 1462/80/1336 1464/79/1285 1457/79/1289
f 1462/80/1336 1463/82/1337 1424/81/1301
f 1424/81/1301 1423/80/1300 1462/80/1336
f 1464/79/1285 1462/80/1336 1423/80/1300
f 1423/80/1300 1419/79/1286 1464/79/1285
f 1404/78/1287 1405/78/1288 1464/79/1285
f 1464/79/1285 1419/79/1286 1404/78/1287
f 1452/78/1330 1379/78/1256 1465/79/1338
f 1465/79/1338 1466/79/1329 1452/78/1330
f 1451/78/1323 1452/78/1330 1466/79/1329
f 1466/79/1329 1474/79/1325 1451/78/1323
f 1467/80/1339 1466/79/1329 1465/79/1338
f 1465/79/1338 1468/80/1340 1467/80/1339
f 1467/80/1339 1468/80/1340 1469/81/1341
f 1469/81/1341 1470/82/1342 1467/80/1339
f 1471/80/1343 1467/80/1339 1470/82/1342
f 1470/82/1342 1472/82/1344 1471/80/1343
f 1466/79/1329 1467/80/1339 1471/80/1343
f 1471/80/1343 1474/79/1325 1466/79/1329
f 1471/80/1343 1472/82/1344 1473/82/1345
f 1473/82/1345 1475/80/1346 1471/80/1343
f 1474/79/1325 1471/80/1343 1475/80/1346
f 1475/80/1346 1476/79/1321 1474/79/1325
f 1451/78/1323 1474/79/1325 1476/79/1321
f 1476/79/1321 1442/78/1322 1451/78/1323
f 1440/78/1320 1442/78/1322 1476/79/1321
f 1476/79/1321 1479/79/1319 1440/78/1320
f 1477/80/1347 1475/80/1346 1473/82/1345
f 1473/82/1345 1478/82/1348 1477/80/1347
f 1476/79/1321 1475/80/1346 1477/80/1347
f 1477/80/1347 1479/79/1319 1476/79/1321
f 1477/80/1347 1478/82/1348 1460/81/1334
f 1460/81/1334 1459/80/1333 1477/80/1347
f 1479/79/1319 1477/80/1347 1459/80/1333
f 1459/80/1333 1456/79/1294 1479/79/1319
f 1414/78/1295 1440/78/1320 1479/79/1319
f 1479/79/1319 1456/79/1294 1414/78/1295
f 1372/78/1246 1371/78/1245 1439/79/1244
f 1439/79/1244 1480/79/1247 1372/78/1246
f 1374/78/1248 1372/78/1246 1480/79/1247
f 1480/79/1247 1485/79/1255 1374/78/1248
f 1481/80/1349 1480/79/1247 1439/79/1244
f 1439/79/1244 1437/80/1314 1481/80/1349
f 1481/80/1349 1437/80/1314 1436/81/1313
f 1436/81/1313 1482/82/1350 1481/80/1349
f 1483/80/1351 1481/80/1349 1482/82/1350
f 1482/82/1350 1484/82/1352 1483/80/1351
f 1480/79/1247 1481/80/1349 1483/80/1351
f 1483/80/1351 1485/79/1255 1480/79/1247
f 1483/80/1351 1484/82/1352 1469/81/1341
f 1469/81/1341 1468/80/1340 1483/80/1351
f 1485/79/1255 1483/80/1351 1468/80/1340
f 1468/80/1340 1465/79/1338 1485/79/1255
f 1379/78/1256 1374/78/1248 1485/79/1255
f 1485/79/1255 1465/79/1338 1379/78/1256
f 1433/72/1260 1371/72/1251 1370/71/1250
f 1370/71/1250 1486/71/1261 1433/72/1260
f 1432/72/1262 1433/72/1260 1486/71/1261
f 1486/71/1261 1489/71/1270 1432/72/1262
f 1487/69/1315 1486/71/1261 1370/71/1250
f 1370/71/1250 1364/69/1244 1487/69/1315
f 1487/69/1315 1364/69/1244 1365/70/1245
f 1365/70/1245 1380/70/1310 1487/69/1315
f 1488/69/1308 1487/69/1315 1380/70/1310
f 1380/70/1310 1383/70/1309 1488/69/1308
f 1486/71/1261 1487/69/1315 1488/69/1308
f 1488/69/1308 1489/71/1270 1486/71/1261
f 1488/69/1308 1383/70/1309 1394/70/1298
f 1394/70/1298 1490/69/1306 1488/69/1308
f 1489/71/1270 1488/69/1308 1490/69/1306
f 1490/69/1306 1491/71/1272 1489/71/1270
f 1432/72/1262 1489/71/1270 1491/71/1272
f 1491/71/1272 1421/72/1273 1432/72/1262
f 1418/72/1274 1421/72/1273 1491/71/1272
f 1491/71/1272 1493/71/1279 1418/72/1274
f 1492/69/1297 1490/69/1306 1394/70/1298
f 1394/70/1298 1395/70/1296 1492/69/1297
f 1491/71/1272 1490/69/1306 1492/69/1297
f 1492/69/1297 1493/71/1279 1491/71/1272
f 1404/72/1280 1418/72/1274 1493/71/1279
f 1493/71/1279 1403/71/1281 1404/72/1280
f 1409/69/1286 1403/71/1281 1493/71/1279
f 1493/71/1279 1492/69/1297 1409/69/1286
f 1409/69/1286 1492/69/1297 1395/70/1296
f 1395/70/1296 1401/70/1287 1409/69/1286
f 1410/73/1282 1401/73/1280 1402/74/1281
f 1402/74/1281 1494/74/1283 1410/73/1282
f 1412/73/1284 1410/73/1282 1494/74/1283
f 1494/74/1283 1501/74/1291 1412/73/1284
f 1495/75/1353 1494/74/1283 1402/74/1281
f 1402/74/1281 1399/75/1278 1495/75/1353
f 1495/75/1353 1399/75/1278 1398/76/1277
f 1398/76/1277 1496/77/1354 1495/75/1353
f 1497/75/1355 1495/75/1353 1496/77/1354
f 1496/77/1354 1498/77/1356 1497/75/1355
f 1494/74/1283 1495/75/1353 1497/75/1355
f 1497/75/1355 1501/74/1291 1494/74/1283
f 1497/75/1355 1498/77/1356 1499/76/1357
f 1499/76/1357 1500/75/1358 1497/75/1355
f 1501/74/1291 1497/75/1355 1500/75/1358
f 1500/75/1358 1502/74/1359 1501/74/1291
f 1417/73/1292 1412/73/1284 1501/74/1291
f 1501/74/1291 1502/74/1359 1417/73/1292
f 1444/73/1316 1417/73/1292 1502/74/1359
f 1502/74/1359 1503/74/1317 1444/73/1316
f 1446/73/1318 1444/73/1316 1503/74/1317
f 1503/74/1317 1509/74/1324 1446/73/1318
f 1504/75/1360 1503/74/1317 1502/74/1359
f 1502/74/1359 1500/75/1358 1504/75/1360
f 1504/75/1360 1500/75/1358 1499/76/1357
f 1499/76/1357 1505/77/1361 1504/75/1360
f 1506/75/1362 1504/75/1360 1505/77/1361
f 1505/77/1361 1507/77/1363 1506/75/1362
f 1503/74/1317 1504/75/1360 1506/75/1362
f 1506/75/1362 1509/74/1324 1503/74/1317
f 1506/75/1362 1507/77/1363 1508/77/1364
f 1508/77/1364 1510/75/1365 1506/75/1362
f 1509/74/1324 1506/75/1362 1510/75/1365
f 1510/75/1365 1511/74/1326 1509/74/1324
f 1446/73/1318 1509/74/1324 1511/74/1326
f 1511/74/1326 1447/73/1327 1446/73/1318
f 1454/73/1328 1447/73/1327 1511/74/1326
f 1511/74/1326 1516/74/1331 1454/73/1328
f 1512/75/1366 1510/75/1365 1508/77/1364
f 1508/77/1364 1513/77/1367 1512/75/1366
f 1511/74/1326 1510/75/1365 1512/75/1366
f 1512/75/1366 1516/74/1331 1511/74/1326
f 1512/75/1366 1513/77/1367 1514/76/1368
f 1514/76/1368 1515/75/1369 1512/75/1366
f 1516/74/1331 1512/75/1366 1515/75/1369
f 1515/75/1369 1517/74/1258 1516/74/1331
f 1376/73/1259 1454/73/1328 1516/74/1331
f 1516/74/1331 1517/74/1258 1376/73/1259
f 1368/73/1254 1376/73/1259 1517/74/1258
f 1517/74/1258 1518/74/1253 1368/73/1254
f 1366/73/1252 1368/73/1254 1518/74/1253
f 1518/74/1253 1523/74/1249 1366/73/1252
f 1519/75/1370 1518/74/1253 1517/74/1258
f 1517/74/1258 1515/75/1369 1519/75/1370
f 1519/75/1370 1515/75/1369 1514/76/1368
f 1514/76/1368 1520/77/1371 1519/75/1370
f 1521/75/1372 1519/75/1370 1520/77/1371
f 1520/77/1371 1522/77/1373 1521/75/1372
f 1518/74/1253 1519/75/1370 1521/75/1372
f 1521/75/1372 1523/74/1249 1518/74/1253
f 1521/75/1372 1522/77/1373 1386/76/1265
f 1386/76/1265 1385/75/1264 1521/75/1372
f 1523/74/1249 1521/75/1372 1385/75/1264
f 1385/75/1264 1381/74/1250 1523/74/1249
f 1365/73/1251 1366/73/1252 1523/74/1249
f 1523/74/1249 1381/74/1250 1365/73/1251
f 1524/83/1374 1428/82/1305 1427/82/1304
f 1427/82/1304 1528/83/1378 1524/83/1374
f 1435/82/1312 1428/82/1305 1524/83/1374
f 1524/83/1374 1525/83/1375 1435/82/1312
f 1436/81/1313 1435/82/1312 1525/83/1375
f 1525/83/1375 1482/82/1350 1436/81/1313
f 1484/82/1352 1482/82/1350 1525/83/1375
f 1525/83/1375 1526/83/1376 1484/82/1352
f 1526/83/1376 1525/83/1375 1524/83/1374
f 1524/83/1374 1527/83/1377 1526/83/1376
f 1469/81/1341 1484/82/1352 1526/83/1376
f 1526/83/1376 1470/82/1342 1469/81/1341
f 1472/82/1344 1470/82/1342 1526/83/1376
f 1526/83/1376 1527/83/1377 1472/82/1344
f 1527/83/1377 1524/83/1374 1528/83/1378
f 1528/83/1378 1529/83/1379 1527/83/1377
f 1472/82/1344 1527/83/1377 1529/83/1379
f 1529/83/1379 1473/82/1345 1472/82/1344
f 1478/82/1348 1473/82/1345 1529/83/1379
f 1529/83/1379 1531/83/1381 1478/82/1348
f 1530/83/1380 1528/83/1378 1427/82/1304
f 1427/82/1304 1425/82/1302 1530/83/1380
f 1529/83/1379 1528/83/1378 1530/83/1380
f 1530/83/1380 1531/83/1381 1529/83/1379
f 1530/83/1380 1425/82/1302 1424/81/1301
f 1424/81/1301 1463/82/1337 1530/83/1380
f 1531/83/1381 1530/83/1380 1463/82/1337
f 1463/82/1337 1461/82/1335 1531/83/1381
f 1460/81/1334 1478/82/1348 1531/83/1381
f 1531/83/1381 1461/82/1335 1460/81/1334
f 1397/77/1276 1390/77/1269 1532/84/1382
f 1532/84/1382 1533/84/1383 1397/77/1276
f 1532/84/1382 1390/77/1269 1389/77/1268
f 1389/77/1268 1536/84/1386 1532/84/1382
f 1398/76/1277 1397/77/1276 1533/84/1383
f 1533/84/1383 1496/77/1354 1398/76/1277
f 1498/77/1356 1496/77/1354 1533/84/1383
f 1533/84/1383 1534/84/1384 1498/77/1356
f 1534/84/1384 1533/84/1383 1532/84/1382
f 1532/84/1382 1535/84/1385 1534/84/1384
f 1499/76/1357 1498/77/1356 1534/84/1384
f 1534/84/1384 1505/77/1361 1499/76/1357
f 1507/77/1363 1505/77/1361 1534/84/1384
f 1534/84/1384 1535/84/1385 1507/77/1363
f 1535/84/1385 1532/84/1382 1536/84/1386
f 1536/84/1386 1537/84/1387 1535/84/1385
f 1507/77/1363 1535/84/1385 1537/84/1387
f 1537/84/1387 1508/77/1364 1507/77/1363
f 1513/77/1367 1508/77/1364 1537/84/1387
f 1537/84/1387 1539/84/1389 1513/77/1367
f 1538/84/1388 1536/84/1386 1389/77/1268
f 1389/77/1268 1387/77/1266 1538/84/1388
f 1537/84/1387 1536/84/1386 1538/84/1388
f 1538/84/1388 1539/84/1389 1537/84/1387
f 1538/84/1388 1387/77/1266 1386/76/1265
f 1386/76/1265 1522/77/1373 1538/84/1388
f 1539/84/1389 1538/84/1388 1522/77/1373
f 1522/77/1373 1520/77/1371 1539/84/1389
f 1514/76/1368 1513/77/1367 1539/84/1389
f 1539/84/1389 1520/77/1371 1514/76/1368
f 1542/70/958 1541/70/957 1540/69/956
f 1540/69/956 1543/69/959 1542/70/958
f 1544/70/960 1542/70/958 1543/69/959
f 1543/69/959 1551/69/967 1544/70/960
f 1545/71/961 1543/69/959 1540/69/956
f 1540/69/956 1546/71/962 1545/71/961
f 1545/71/961 1546/71/962 1547/72/963
f 1547/72/963 1548/72/964 1545/71/961
f 1549/71/965 1545/71/961 1548/72/964
f 1548/72/964 1550/72/966 1549/71/965
f 1543/69/959 1545/71/961 1549/71/965
f 1549/71/965 1551/69/967 1543/69/959
f 1552/70/968 1544/70/960 1551/69/967
f 1551/69/967 1553/69/969 1552/70/968
f 1554/71/970 1553/69/969 1551/69/967
f 1551/69/967 1549/71/965 1554/71/970
f 1554/71/970 1549/71/965 1550/72/966
f 1550/72/966 1555/72/971 1554/71/970
f 1556/73/972 1541/73/963 1557/74/962
f 1557/74/962 1558/74/973 1556/73/972
f 1559/73/974 1556/73/972 1558/74/973
f 1558/74/973 1567/74/982 1559/73/974
f 1560/75/975 1558/74/973 1557/74/962
f 1557/74/962 1561/75/976 1560/75/975
f 1560/75/975 1561/75/976 1562/76/977
f 1562/76/977 1563/77/978 1560/75/975
f 1564/75/979 1560/75/975 1563/77/978
f 1563/77/978 1565/77/980 1564/75/979
f 1558/74/973 1560/75/975 1564/75/979
f 1564/75/979 1567/74/982 1558/74/973
f 1564/75/979 1565/77/980 1566/77/981
f 1566/77/981 1568/75/983 1564/75/979
f 1567/74/982 1564/75/979 1568/75/983
f 1568/75/983 1569/74/984 1567/74/982
f 1559/73/974 1567/74/982 1569/74/984
f 1569/74/984 1570/73/985 1559/73/974
f 1571/73/986 1570/73/985 1569/74/984
f 1569/74/984 1576/74/991 1571/73/986
f 1572/75/987 1568/75/983 1566/77/981
f 1566/77/981 1573/77/988 1572/75/987
f 1569/74/984 1568/75/983 1572/75/987
f 1572/75/987 1576/74/991 1569/74/984
f 1572/75/987 1573/77/988 1574/76/989
f 1574/76/989 1575/75/990 1572/75/987
f 1576/74/991 1572/75/987 1575/75/990
f 1575/75/990 1578/74/993 1576/74/991
f 1577/73/992 1571/73/986 1576/74/991
f 1576/74/991 1578/74/993 1577/73/992
f 1581/72/994 1580/72/992 1579/71/993
f 1579/71/993 1582/71/995 1581/72/994
f 1583/72/996 1581/72/994 1582/71/995
f 1582/71/995 1589/71/1003 1583/72/996
f 1584/69/997 1582/71/995 1579/71/993
f 1579/71/993 1585/69/998 1584/69/997
f 1584/69/997 1585/69/998 1577/70/999
f 1577/70/999 1586/70/1000 1584/69/997
f 1587/69/1001 1584/69/997 1586/70/1000
f 1586/70/1000 1588/70/1002 1587/69/1001
f 1582/71/995 1584/69/997 1587/69/1001
f 1587/69/1001 1589/71/1003 1582/71/995
f 1590/72/1004 1583/72/996 1589/71/1003
f 1589/71/1003 1591/71/1005 1590/72/1004
f 1592/69/1006 1591/71/1005 1589/71/1003
f 1589/71/1003 1587/69/1001 1592/69/1006
f 1592/69/1006 1587/69/1001 1588/70/1002
f 1588/70/1002 1593/70/1007 1592/69/1006
f 1594/78/1008 1580/78/999 1595/79/998
f 1595/79/998 1596/79/1009 1594/78/1008
f 1597/78/1010 1594/78/1008 1596/79/1009
f 1596/79/1009 1605/79/1018 1597/78/1010
f 1598/80/1011 1596/79/1009 1595/79/998
f 1595/79/998 1599/80/1012 1598/80/1011
f 1598/80/1011 1599/80/1012 1600/81/1013
f 1600/81/1013 1601/82/1014 1598/80/1011
f 1602/80/1015 1598/80/1011 1601/82/1014
f 1601/82/1014 1603/82/1016 1602/80/1015
f 1596/79/1009 1598/80/1011 1602/80/1015
f 1602/80/1015 1605/79/1018 1596/79/1009
f 1602/80/1015 1603/82/1016 1604/82/1017
f 1604/82/1017 1606/80/1019 1602/80/1015
f 1605/79/1018 1602/80/1015 1606/80/1019
f 1606/80/1019 1607/79/1020 1605/79/1018
f 1597/78/1010 1605/79/1018 1607/79/1020
f 1607/79/1020 1608/78/1021 1597/78/1010
f 1609/78/1022 1608/78/1021 1607/79/1020
f 1607/79/1020 1614/79/1027 1609/78/1022
f 1610/80/1023 1606/80/1019 1604/82/1017
f 1604/82/1017 1611/82/1024 1610/80/1023
f 1607/79/1020 1606/80/1019 1610/80/1023
f 1610/80/1023 1614/79/1027 1607/79/1020
f 1610/80/1023 1611/82/1024 1612/81/1025
f 1612/81/1025 1613/80/1026 1610/80/1023
f 1614/79/1027 1610/80/1023 1613/80/1026
f 1613/80/1026 1615/79/956 1614/79/1027
f 1547/78/957 1609/78/1022 1614/79/1027
f 1614/79/1027 1615/79/956 1547/78/957
f 1616/72/1028 1590/72/1004 1591/71/1005
f 1591/71/1005 1617/71/1029 1616/72/1028
f 1618/72/1030 1616/72/1028 1617/71/1029
f 1617/71/1029 1624/71/1036 1618/72/1030
f 1619/69/1031 1617/71/1029 1591/71/1005
f 1591/71/1005 1592/69/1006 1619/69/1031
f 1619/69/1031 1592/69/1006 1593/70/1007
f 1593/70/1007 1620/70/1032 1619/69/1031
f 1621/69/1033 1619/69/1031 1620/70/1032
f 1620/70/1032 1622/70/1034 1621/69/1033
f 1617/71/1029 1619/69/1031 1621/69/1033
f 1621/69/1033 1624/71/1036 1617/71/1029
f 1621/69/1033 1622/70/1034 1623/70/1035
f 1623/70/1035 1625/69/1037 1621/69/1033
f 1624/71/1036 1621/69/1033 1625/69/1037
f 1625/69/1037 1626/71/1038 1624/71/1036
f 1618/72/1030 1624/71/1036 1626/71/1038
f 1626/71/1038 1627/72/1039 1618/72/1030
f 1628/72/1040 1627/72/1039 1626/71/1038
f 1626/71/1038 1631/71/1043 1628/72/1040
f 1629/69/1041 1625/69/1037 1623/70/1035
f 1623/70/1035 1630/70/1042 1629/69/1041
f 1626/71/1038 1625/69/1037 1629/69/1041
f 1629/69/1041 1631/71/1043 1626/71/1038
f 1555/72/971 1628/72/1040 1631/71/1043
f 1631/71/1043 1554/71/970 1555/72/971
f 1553/69/969 1554/71/970 1631/71/1043
f 1631/71/1043 1629/69/1041 1553/69/969
f 1553/69/969 1629/69/1041 1630/70/1042
f 1630/70/1042 1552/70/968 1553/69/969
f 1583/78/1002 1590/78/1007 1632/79/1006
f 1632/79/1006 1633/79/1001 1583/78/1002
f 1581/78/1000 1583/78/1002 1633/79/1001
f 1633/79/1001 1640/79/997 1581/78/1000
f 1634/80/1044 1633/79/1001 1632/79/1006
f 1632/79/1006 1635/80/1045 1634/80/1044
f 1634/80/1044 1635/80/1045 1636/81/1046
f 1636/81/1046 1637/82/1047 1634/80/1044
f 1638/80/1048 1634/80/1044 1637/82/1047
f 1637/82/1047 1639/82/1049 1638/80/1048
f 1633/79/1001 1634/80/1044 1638/80/1048
f 1638/80/1048 1640/79/997 1633/79/1001
f 1638/80/1048 1639/82/1049 1600/81/1013
f 1600/81/1013 1599/80/1012 1638/80/1048
f 1640/79/997 1638/80/1048 1599/80/1012
f 1599/80/1012 1595/79/998 1640/79/997
f 1580/78/999 1581/78/1000 1640/79/997
f 1640/79/997 1595/79/998 1580/78/999
f 1628/78/1042 1555/78/968 1641/79/969
f 1641/79/969 1642/79/1041 1628/78/1042
f 1627/78/1035 1628/78/1042 1642/79/1041
f 1642/79/1041 1650/79/1037 1627/78/1035
f 1643/80/1050 1642/79/1041 1641/79/969
f 1641/79/969 1644/80/1051 1643/80/1050
f 1643/80/1050 1644/80/1051 1645/81/1052
f 1645/81/1052 1646/82/1053 1643/80/1050
f 1647/80/1054 1643/80/1050 1646/82/1053
f 1646/82/1053 1648/82/1055 1647/80/1054
f 1642/79/1041 1643/80/1050 1647/80/1054
f 1647/80/1054 1650/79/1037 1642/79/1041
f 1647/80/1054 1648/82/1055 1649/82/1056
f 1649/82/1056 1651/80/1057 1647/80/1054
f 1650/79/1037 1647/80/1054 1651/80/1057
f 1651/80/1057 1652/79/1033 1650/79/1037
f 1627/78/1035 1650/79/1037 1652/79/1033
f 1652/79/1033 1618/78/1034 1627/78/1035
f 1616/78/1032 1618/78/1034 1652/79/1033
f 1652/79/1033 1655/79/1031 1616/78/1032
f 1653/80/1058 1651/80/1057 1649/82/1056
f 1649/82/1056 1654/82/1059 1653/80/1058
f 1652/79/1033 1651/80/1057 1653/80/1058
f 1653/80/1058 1655/79/1031 1652/79/1033
f 1653/80/1058 1654/82/1059 1636/81/1046
f 1636/81/1046 1635/80/1045 1653/80/1058
f 1655/79/1031 1653/80/1058 1635/80/1045
f 1635/80/1045 1632/79/1006 1655/79/1031
f 1590/78/1007 1616/78/1032 1655/79/1031
f 1655/79/1031 1632/79/1006 1590/78/1007
f 1548/78/958 1547/78/957 1615/79/956
f 1615/79/956 1656/79/959 1548/78/958
f 1550/78/960 1548/78/958 1656/79/959
f 1656/79/959 1661/79/967 1550/78/960
f 1657/80/1060 1656/79/959 1615/79/956
f 1615/79/956 1613/80/1026 1657/80/1060
f 1657/80/1060 1613/80/1026 1612/81/1025
f 1612/81/1025 1658/82/1061 1657/80/1060
f 1659/80/1062 1657/80/1060 1658/82/1061
f 1658/82/1061 1660/82/1063 1659/80/1062
f 1656/79/959 1657/80/1060 1659/80/1062
f 1659/80/1062 1661/79/967 1656/79/959
f 1659/80/1062 1660/82/1063 1645/81/1052
f 1645/81/1052 1644/80/1051 1659/80/1062
f 1661/79/967 1659/80/1062 1644/80/1051
f 1644/80/1051 1641/79/969 1661/79/967
f 1555/78/968 1550/78/960 1661/79/967
f 1661/79/967 1641/79/969 1555/78/968
f 1609/72/972 1547/72/963 1546/71/962
f 1546/71/962 1662/71/973 1609/72/972
f 1608/72/974 1609/72/972 1662/71/973
f 1662/71/973 1665/71/982 1608/72/974
f 1663/69/1027 1662/71/973 1546/71/962
f 1546/71/962 1540/69/956 1663/69/1027
f 1663/69/1027 1540/69/956 1541/70/957
f 1541/70/957 1556/70/1022 1663/69/1027
f 1664/69/1020 1663/69/1027 1556/70/1022
f 1556/70/1022 1559/70/1021 1664/69/1020
f 1662/71/973 1663/69/1027 1664/69/1020
f 1664/69/1020 1665/71/982 1662/71/973
f 1664/69/1020 1559/70/1021 1570/70/1010
f 1570/70/1010 1666/69/1018 1664/69/1020
f 1665/71/982 1664/69/1020 1666/69/1018
f 1666/69/1018 1667/71/984 1665/71/982
f 1608/72/974 1665/71/982 1667/71/984
f 1667/71/984 1597/72/985 1608/72/974
f 1594/72/986 1597/72/985 1667/71/984
f 1667/71/984 1669/71/991 1594/72/986
f 1668/69/1009 1666/69/1018 1570/70/1010
f 1570/70/1010 1571/70/1008 1668/69/1009
f 1667/71/984 1666/69/1018 1668/69/1009
f 1668/69/1009 1669/71/991 1667/71/984
f 1580/72/992 1594/72/986 1669/71/991
f 1669/71/991 1579/71/993 1580/72/992
f 1585/69/998 1579/71/993 1669/71/991
f 1669/71/991 1668/69/1009 1585/69/998
f 1585/69/998 1668/69/1009 1571/70/1008
f 1571/70/1008 1577/70/999 1585/69/998
f 1586/73/994 1577/73/992 1578/74/993
f 1578/74/993 1670/74/995 1586/73/994
f 1588/73/996 1586/73/994 1670/74/995
f 1670/74/995 1677/74/1003 1588/73/996
f 1671/75/1064 1670/74/995 1578/74/993
f 1578/74/993 1575/75/990 1671/75/1064
f 1671/75/1064 1575/75/990 1574/76/989
f 1574/76/989 1672/77/1065 1671/75/1064
f 1673/75/1066 1671/75/1064 1672/77/1065
f 1672/77/1065 1674/77/1067 1673/75/1066
f 1670/74/995 1671/75/1064 1673/75/1066
f 1673/75/1066 1677/74/1003 1670/74/995
f 1673/75/1066 1674/77/1067 1675/76/1068
f 1675/76/1068 1676/75/1069 1673/75/1066
f 1677/74/1003 1673/75/1066 1676/75/1069
f 1676/75/1069 1678/74/1005 1677/74/1003
f 1593/73/1004 1588/73/996 1677/74/1003
f 1677/74/1003 1678/74/1005 1593/73/1004
f 1620/73/1028 1593/73/1004 1678/74/1005
f 1678/74/1005 1679/74/1029 1620/73/1028
f 1622/73/1030 1620/73/1028 1679/74/1029
f 1679/74/1029 1685/74/1036 1622/73/1030
f 1680/75/1070 1679/74/1029 1678/74/1005
f 1678/74/1005 1676/75/1069 1680/75/1070
f 1680/75/1070 1676/75/1069 1675/76/1068
f 1675/76/1068 1681/77/1071 1680/75/1070
f 1682/75/1072 1680/75/1070 1681/77/1071
f 1681/77/1071 1683/77/1073 1682/75/1072
f 1679/74/1029 1680/75/1070 1682/75/1072
f 1682/75/1072 1685/74/1036 1679/74/1029
f 1682/75/1072 1683/77/1073 1684/77/1074
f 1684/77/1074 1686/75/1075 1682/75/1072
f 1685/74/1036 1682/75/1072 1686/75/1075
f 1686/75/1075 1687/74/1038 1685/74/1036
f 1622/73/1030 1685/74/1036 1687/74/1038
f 1687/74/1038 1623/73/1039 1622/73/1030
f 1630/73/1040 1623/73/1039 1687/74/1038
f 1687/74/1038 1692/74/1043 1630/73/1040
f 1688/75/1076 1686/75/1075 1684/77/1074
f 1684/77/1074 1689/77/1077 1688/75/1076
f 1687/74/1038 1686/75/1075 1688/75/1076
f 1688/75/1076 1692/74/1043 1687/74/1038
f 1688/75/1076 1689/77/1077 1690/76/1078
f 1690/76/1078 1691/75/1079 1688/75/1076
f 1692/74/1043 1688/75/1076 1691/75/1079
f 1691/75/1079 1693/74/970 1692/74/1043
f 1552/73/971 1630/73/1040 1692/74/1043
f 1692/74/1043 1693/74/970 1552/73/971
f 1544/73/966 1552/73/971 1693/74/970
f 1693/74/970 1694/74/965 1544/73/966
f 1542/73/964 1544/73/966 1694/74/965
f 1694/74/965 1699/74/961 1542/73/964
f 1695/75/1080 1694/74/965 1693/74/970
f 1693/74/970 1691/75/1079 1695/75/1080
f 1695/75/1080 1691/75/1079 1690/76/1078
f 1690/76/1078 1696/77/1081 1695/75/1080
f 1697/75/1082 1695/75/1080 1696/77/1081
f 1696/77/1081 1698/77/1083 1697/75/1082
f 1694/74/965 1695/75/1080 1697/75/1082
f 1697/75/1082 1699/74/961 1694/74/965
f 1697/75/1082 1698/77/1083 1562/76/977
f 1562/76/977 1561/75/976 1697/75/1082
f 1699/74/961 1697/75/1082 1561/75/976
f 1561/75/976 1557/74/962 1699/74/961
f 1541/73/963 1542/73/964 1699/74/961
f 1699/74/961 1557/74/962 1541/73/963
f 1700/83/1084 1604/82/1017 1603/82/1016
f 1603/82/1016 1704/83/1088 1700/83/1084
f 1611/82/1024 1604/82/1017 1700/83/1084
f 1700/83/1084 1701/83/1085 1611/82/1024
f 1612/81/1025 1611/82/1024 1701/83/1085
f 1701/83/1085 1658/82/1061 1612/81/1025
f 1660/82/1063 1658/82/1061 1701/83/1085
f 1701/83/1085 1702/83/1086 1660/82/1063
f 1702/83/1086 1701/83/1085 1700/83/1084
f 1700/83/1084 1703/83/1087 1702/83/1086
f 1645/81/1052 1660/82/1063 1702/83/1086
f 1702/83/1086 1646/82/1053 1645/81/1052
f 1648/82/1055 1646/82/1053 1702/83/1086
f 1702/83/1086 1703/83/1087 1648/82/1055
f 1703/83/1087 1700/83/1084 1704/83/1088
f 1704/83/1088 1705/83/1089 1703/83/1087
f 1648/82/1055 1703/83/1087 1705/83/1089
f 1705/83/1089 1649/82/1056 1648/82/1055
f 1654/82/1059 1649/82/1056 1705/83/1089
f 1705/83/1089 1707/83/1091 1654/82/1059
f 1706/83/1090 1704/83/1088 1603/82/1016
f 1603/82/1016 1601/82/1014 1706/83/1090
f 1705/83/1089 1704/83/1088 1706/83/1090
f 1706/83/1090 1707/83/1091 1705/83/1089
f 1706/83/1090 1601/82/1014 1600/81/1013
f 1600/81/1013 1639/82/1049 1706/83/1090
f 1707/83/1091 1706/83/1090 1639/82/1049
f 1639/82/1049 1637/82/1047 1707/83/1091
f 1636/81/1046 1654/82/1059 1707/83/1091
f 1707/83/1091 1637/82/1047 1636/81/1046
f 1573/77/988 1566/77/981 1708/84/1092
f 1708/84/1092 1709/84/1093 1573/77/988
f 1708/84/1092 1566/77/981 1565/77/980
f 1565/77/980 1712/84/1096 1708/84/1092
f 1574/76/989 1573/77/988 1709/84/1093
f 1709/84/1093 1672/77/1065 1574/76/989
f 1674/77/1067 1672/77/1065 1709/84/1093
f 1709/84/1093 1710/84/1094 1674/77/1067
f 1710/84/1094 1709/84/1093 1708/84/1092
f 1708/84/1092 1711/84/1095 1710/84/1094
f 1675/76/1068 1674/77/1067 1710/84/1094
f 1710/84/1094 1681/77/1071 1675/76/1068
f 1683/77/1073 1681/77/1071 1710/84/1094
f 1710/84/1094 1711/84/1095 1683/77/1073
f 1711/84/1095 1708/84/1092 1712/84/1096
f 1712/84/1096 1713/84/1097 1711/84/1095
f 1683/77/1073 1711/84/1095 1713/84/1097
f 1713/84/1097 1684/77/1074 1683/77/1073
f 1689/77/1077 1684/77/1074 1713/84/1097
f 1713/84/1097 1715/84/1099 1689/77/1077
f 1714/84/1098 1712/84/1096 1565/77/980
f 1565/77/980 1563/77/978 1714/84/1098
f 1713/84/1097 1712/84/1096 1714/84/1098
f 1714/84/1098 1715/84/1099 1713/84/1097
f 1714/84/1098 1563/77/978 1562/76/977
f 1562/76/977 1698/77/1083 1714/84/1098
f 1715/84/1099 1714/84/1098 1698/77/1083
f 1698/77/1083 1696/77/1081 1715/84/1099
f 1690/76/1078 1689/77/1077 1715/84/1099
f 1715/84/1099 1696/77/1081 1690/76/1078
f 1718/70/1246 1717/70/1245 1716/69/1244
f 1716/69/1244 1719/69/1247 1718/70/1246
f 1720/70/1248 1718/70/1246 1719/69/1247
f 1719/69/1247 1727/69/1255 1720/70/1248
f 1721/71/1249 1719/69/1247 1716/69/1244
f 1716/69/1244 1722/71/1250 1721/71/1249
f 1721/71/1249 1722/71/1250 1723/72/1251
f 1723/72/1251 1724/72/1252 1721/71/1249
f 1725/71/1253 1721/71/1249 1724/72/1252
f 1724/72/1252 1726/72/1254 1725/71/1253
f 1719/69/1247 1721/71/1249 1725/71/1253
f 1725/71/1253 1727/69/1255 1719/69/1247
f 1728/70/1256 1720/70/1248 1727/69/1255
f 1727/69/1255 1729/69/1257 1728/70/1256
f 1730/71/1258 1729/69/1257 1727/69/1255
f 1727/69/1255 1725/71/1253 1730/71/1258
f 1730/71/1258 1725/71/1253 1726/72/1254
f 1726/72/1254 1731/72/1259 1730/71/1258
f 1732/73/1260 1717/73/1251 1733/74/1250
f 1733/74/1250 1734/74/1261 1732/73/1260
f 1735/73/1262 1732/73/1260 1734/74/1261
f 1734/74/1261 1743/74/1270 1735/73/1262
f 1736/75/1263 1734/74/1261 1733/74/1250
f 1733/74/1250 1737/75/1264 1736/75/1263
f 1736/75/1263 1737/75/1264 1738/76/1265
f 1738/76/1265 1739/77/1266 1736/75/1263
f 1740/75/1267 1736/75/1263 1739/77/1266
f 1739/77/1266 1741/77/1268 1740/75/1267
f 1734/74/1261 1736/75/1263 1740/75/1267
f 1740/75/1267 1743/74/1270 1734/74/1261
f 1740/75/1267 1741/77/1268 1742/77/1269
f 1742/77/1269 1744/75/1271 1740/75/1267
f 1743/74/1270 1740/75/1267 1744/75/1271
f 1744/75/1271 1745/74/1272 1743/74/1270
f 1735/73/1262 1743/74/1270 1745/74/1272
f 1745/74/1272 1746/73/1273 1735/73/1262
f 1747/73/1274 1746/73/1273 1745/74/1272
f 1745/74/1272 1752/74/1279 1747/73/1274
f 1748/75/1275 1744/75/1271 1742/77/1269
f 1742/77/1269 1749/77/1276 1748/75/1275
f 1745/74/1272 1744/75/1271 1748/75/1275
f 1748/75/1275 1752/74/1279 1745/74/1272
f 1748/75/1275 1749/77/1276 1750/76/1277
f 1750/76/1277 1751/75/1278 1748/75/1275
f 1752/74/1279 1748/75/1275 1751/75/1278
f 1751/75/1278 1754/74/1281 1752/74/1279
f 1753/73/1280 1747/73/1274 1752/74/1279
f 1752/74/1279 1754/74/1281 1753/73/1280
f 1757/72/1282 1756/72/1280 1755/71/1281
f 1755/71/1281 1758/71/1283 1757/72/1282
f 1759/72/1284 1757/72/1282 1758/71/1283
f 1758/71/1283 1765/71/1291 1759/72/1284
f 1760/69/1285 1758/71/1283 1755/71/1281
f 1755/71/1281 1761/69/1286 1760/69/1285
f 1760/69/1285 1761/69/1286 1753/70/1287
f 1753/70/1287 1762/70/1288 1760/69/1285
f 1763/69/1289 1760/69/1285 1762/70/1288
f 1762/70/1288 1764/70/1290 1763/69/1289
f 1758/71/1283 1760/69/1285 1763/69/1289
f 1763/69/1289 1765/71/1291 1758/71/1283
f 1766/72/1292 1759/72/1284 1765/71/1291
f 1765/71/1291 1767/71/1293 1766/72/1292
f 1768/69/1294 1767/71/1293 1765/71/1291
f 1765/71/1291 1763/69/1289 1768/69/1294
f 1768/69/1294 1763/69/1289 1764/70/1290
f 1764/70/1290 1769/70/1295 1768/69/1294
f 1770/78/1296 1756/78/1287 1771/79/1286
f 1771/79/1286 1772/79/1297 1770/78/1296
f 1773/78/1298 1770/78/1296 1772/79/1297
f 1772/79/1297 1781/79/1306 1773/78/1298
f 1774/80/1299 1772/79/1297 1771/79/1286
f 1771/79/1286 1775/80/1300 1774/80/1299
f 1774/80/1299 1775/80/1300 1776/81/1301
f 1776/81/1301 1777/82/1302 1774/80/1299
f 1778/80/1303 1774/80/1299 1777/82/1302
f 1777/82/1302 1779/82/1304 1778/80/1303
f 1772/79/1297 1774/80/1299 1778/80/1303
f 1778/80/1303 1781/79/1306 1772/79/1297
f 1778/80/1303 1779/82/1304 1780/82/1305
f 1780/82/1305 1782/80/1307 1778/80/1303
f 1781/79/1306 1778/80/1303 1782/80/1307
f 1782/80/1307 1783/79/1308 1781/79/1306
f 1773/78/1298 1781/79/1306 1783/79/1308
f 1783/79/1308 1784/78/1309 1773/78/1298
f 1785/78/1310 1784/78/1309 1783/79/1308
f 1783/79/1308 1790/79/1315 1785/78/1310
f 1786/80/1311 1782/80/1307 1780/82/1305
f 1780/82/1305 1787/82/1312 1786/80/1311
f 1783/79/1308 1782/80/1307 1786/80/1311
f 1786/80/1311 1790/79/1315 1783/79/1308
f 1786/80/1311 1787/82/1312 1788/81/1313
f 1788/81/1313 1789/80/1314 1786/80/1311
f 1790/79/1315 1786/80/1311 1789/80/1314
f 1789/80/1314 1791/79/1244 1790/79/1315
f 1723/78/1245 1785/78/1310 1790/79/1315
f 1790/79/1315 1791/79/1244 1723/78/1245
f 1792/72/1316 1766/72/1292 1767/71/1293
f 1767/71/1293 1793/71/1317 1792/72/1316
f 1794/72/1318 1792/72/1316 1793/71/1317
f 1793/71/1317 1800/71/1324 1794/72/1318
f 1795/69/1319 1793/71/1317 1767/71/1293
f 1767/71/1293 1768/69/1294 1795/69/1319
f 1795/69/1319 1768/69/1294 1769/70/1295
f 1769/70/1295 1796/70/1320 1795/69/1319
f 1797/69/1321 1795/69/1319 1796/70/1320
f 1796/70/1320 1798/70/1322 1797/69/1321
f 1793/71/1317 1795/69/1319 1797/69/1321
f 1797/69/1321 1800/71/1324 1793/71/1317
f 1797/69/1321 1798/70/1322 1799/70/1323
f 1799/70/1323 1801/69/1325 1797/69/1321
f 1800/71/1324 1797/69/1321 1801/69/1325
f 1801/69/1325 1802/71/1326 1800/71/1324
f 1794/72/1318 1800/71/1324 1802/71/1326
f 1802/71/1326 1803/72/1327 1794/72/1318
f 1804/72/1328 1803/72/1327 1802/71/1326
f 1802/71/1326 1807/71/1331 1804/72/1328
f 1805/69/1329 1801/69/1325 1799/70/1323
f 1799/70/1323 1806/70/1330 1805/69/1329
f 1802/71/1326 1801/69/1325 1805/69/1329
f 1805/69/1329 1807/71/1331 1802/71/1326
f 1731/72/1259 1804/72/1328 1807/71/1331
f 1807/71/1331 1730/71/1258 1731/72/1259
f 1729/69/1257 1730/71/1258 1807/71/1331
f 1807/71/1331 1805/69/1329 1729/69/1257
f 1729/69/1257 1805/69/1329 1806/70/1330
f 1806/70/1330 1728/70/1256 1729/69/1257
f 1759/78/1290 1766/78/1295 1808/79/1294
f 1808/79/1294 1809/79/1289 1759/78/1290
f 1757/78/1288 1759/78/1290 1809/79/1289
f 1809/79/1289 1816/79/1285 1757/78/1288
f 1810/80/1332 1809/79/1289 1808/79/1294
f 1808/79/1294 1811/80/1333 1810/80/1332
f 1810/80/1332 1811/80/1333 1812/81/1334
f 1812/81/1334 1813/82/1335 1810/80/1332
f 1814/80/1336 1810/80/1332 1813/82/1335
f 1813/82/1335 1815/82/1337 1814/80/1336
f 1809/79/1289 1810/80/1332 1814/80/1336
f 1814/80/1336 1816/79/1285 1809/79/1289
f 1814/80/1336 1815/82/1337 1776/81/1301
f 1776/81/1301 1775/80/1300 1814/80/1336
f 1816/79/1285 1814/80/1336 1775/80/1300
f 1775/80/1300 1771/79/1286 1816/79/1285
f 1756/78/1287 1757/78/1288 1816/79/1285
f 1816/79/1285 1771/79/1286 1756/78/1287
f 1804/78/1330 1731/78/1256 1817/79/1338
f 1817/79/1338 1818/79/1329 1804/78/1330
f 1803/78/1323 1804/78/1330 1818/79/1329
f 1818/79/1329 1826/79/1325 1803/78/1323
f 1819/80/1339 1818/79/1329 1817/79/1338
f 1817/79/1338 1820/80/1340 1819/80/1339
f 1819/80/1339 1820/80/1340 1821/81/1341
f 1821/81/1341 1822/82/1342 1819/80/1339
f 1823/80/1343 1819/80/1339 1822/82/1342
f 1822/82/1342 1824/82/1344 1823/80/1343
f 1818/79/1329 1819/80/1339 1823/80/1343
f 1823/80/1343 1826/79/1325 1818/79/1329
f 1823/80/1343 1824/82/1344 1825/82/1345
f 1825/82/1345 1827/80/1346 1823/80/1343
f 1826/79/1325 1823/80/1343 1827/80/1346
f 1827/80/1346 1828/79/1321 1826/79/1325
f 1803/78/1323 1826/79/1325 1828/79/1321
f 1828/79/1321 1794/78/1322 1803/78/1323
f 1792/78/1320 1794/78/1322 1828/79/1321
f 1828/79/1321 1831/79/1319 1792/78/1320
f 1829/80/1347 1827/80/1346 1825/82/1345
f 1825/82/1345 1830/82/1348 1829/80/1347
f 1828/79/1321 1827/80/1346 1829/80/1347
f 1829/80/1347 1831/79/1319 1828/79/1321
f 1829/80/1347 1830/82/1348 1812/81/1334
f 1812/81/1334 1811/80/1333 1829/80/1347
f 1831/79/1319 1829/80/1347 1811/80/1333
f 1811/80/1333 1808/79/1294 1831/79/1319
f 1766/78/1295 1792/78/1320 1831/79/1319
f 1831/79/1319 1808/79/1294 1766/78/1295
f 1724/78/1246 1723/78/1245 1791/79/1244
f 1791/79/1244 1832/79/1247 1724/78/1246
f 1726/78/1248 1724/78/1246 1832/79/1247
f 1832/79/1247 1837/79/1255 1726/78/1248
f 1833/80/1349 1832/79/1247 1791/79/1244
f 1791/79/1244 1789/80/1314 1833/80/1349
f 1833/80/1349 1789/80/1314 1788/81/1313
f 1788/81/1313 1834/82/1350 1833/80/1349
f 1835/80/1351 1833/80/1349 1834/82/1350
f 1834/82/1350 1836/82/1352 1835/80/1351
f 1832/79/1247 1833/80/1349 1835/80/1351
f 1835/80/1351 1837/79/1255 1832/79/1247
f 1835/80/1351 1836/82/1352 1821/81/1341
f 1821/81/1341 1820/80/1340 1835/80/1351
f 1837/79/1255 1835/80/1351 1820/80/1340
f 1820/80/1340 1817/79/1338 1837/79/1255
f 1731/78/1256 1726/78/1248 1837/79/1255
f 1837/79/1255 1817/79/1338 1731/78/1256
f 1785/72/1260 1723/72/1251 1722/71/1250
f 1722/71/1250 1838/71/1261 1785/72/1260
f 1784/72/1262 1785/72/1260 1838/71/1261
f 1838/71/1261 1841/71/1270 1784/72/1262
f 1839/69/1315 1838/71/1261 1722/71/1250
f 1722/71/1250 1716/69/1244 1839/69/1315
f 1839/69/1315 1716/69/1244 1717/70/1245
f 1717/70/1245 1732/70/1310 1839/69/1315
f 1840/69/1308 1839/69/1315 1732/70/1310
f 1732/70/1310 1735/70/1309 1840/69/1308
f 1838/71/1261 1839/69/1315 1840/69/1308
f 1840/69/1308 1841/71/1270 1838/71/1261
f 1840/69/1308 1735/70/1309 1746/70/1298
f 1746/70/1298 1842/69/1306 1840/69/1308
f 1841/71/1270 1840/69/1308 1842/69/1306
f 1842/69/1306 1843/71/1272 1841/71/1270
f 1784/72/1262 1841/71/1270 1843/71/1272
f 1843/71/1272 1773/72/1273 1784/72/1262
f 1770/72/1274 1773/72/1273 1843/71/1272
f 1843/71/1272 1845/71/1279 1770/72/1274
f 1844/69/1297 1842/69/1306 1746/70/1298
f 1746/70/1298 1747/70/1296 1844/69/1297
f 1843/71/1272 1842/69/1306 1844/69/1297
f 1844/69/1297 1845/71/1279 1843/71/1272
f 1756/72/1280 1770/72/1274 1845/71/1279
f 1845/71/1279 1755/71/1281 1756/72/1280
f 1761/69/1286 1755/71/1281 1845/71/1279
f 1845/71/1279 1844/69/1297 1761/69/1286
f 1761/69/1286 1844/69/1297 1747/70/1296
f 1747/70/1296 1753/70/1287 1761/69/1286
f 1762/73/1282 1753/73/1280 1754/74/1281
f 1754/74/1281 1846/74/1283 1762/73/1282
f 1764/73/1284 1762/73/1282 1846/74/1283
f 1846/74/1283 1853/74/1291 1764/73/1284
f 1847/75/1353 1846/74/1283 1754/74/1281
f 1754/74/1281 1751/75/1278 1847/75/1353
f 1847/75/1353 1751/75/1278 1750/76/1277
f 1750/76/1277 1848/77/1354 1847/75/1353
f 1849/75/1355 1847/75/1353 1848/77/1354
f 1848/77/1354 1850/77/1356 1849/75/1355
f 1846/74/1283 1847/75/1353 1849/75/1355
f 1849/75/1355 1853/74/1291 1846/74/1283
f 1849/75/1355 1850/77/1356 1851/76/1357
f 1851/76/1357 1852/75/1358 1849/75/1355
f 1853/74/1291 1849/75/1355 1852/75/1358
f 1852/75/1358 1854/74/1359 1853/74/1291
f 1769/73/1292 1764/73/1284 1853/74/1291
f 1853/74/1291 1854/74/1359 1769/73/1292
f 1796/73/1316 1769/73/1292 1854/74/1359
f 1854/74/1359 1855/74/1317 1796/73/1316
f 1798/73/1318 1796/73/1316 1855/74/1317
f 1855/74/1317 1861/74/1324 1798/73/1318
f 1856/75/1360 1855/74/1317 1854/74/1359
f 1854/74/1359 1852/75/1358 1856/75/1360
f 1856/75/1360 1852/75/1358 1851/76/1357
f 1851/76/1357 1857/77/1361 1856/75/1360
f 1858/75/1362 1856/75/1360 1857/77/1361
f 1857/77/1361 1859/77/1363 1858/75/1362
f 1855/74/1317 1856/75/1360 1858/75/1362
f 1858/75/1362 1861/74/1324 1855/74/1317
f 1858/75/1362 1859/77/1363 1860/77/1364
f 1860/77/1364 1862/75/1365 1858/75/1362
f 1861/74/1324 1858/75/1362 1862/75/1365
f 1862/75/1365 1863/74/1326 1861/74/1324
f 1798/73/1318 1861/74/1324 1863/74/1326
f 1863/74/1326 1799/73/1327 1798/73/1318
f 1806/73/1328 1799/73/1327 1863/74/1326
f 1863/74/1326 1868/74/1331 1806/73/1328
f 1864/75/1366 1862/75/1365 1860/77/1364
f 1860/77/1364 1865/77/1367 1864/75/1366
f 1863/74/1326 1862/75/1365 1864/75/1366
f 1864/75/1366 1868/74/1331 1863/74/1326
f 1864/75/1366 1865/77/1367 1866/76/1368
f 1866/76/1368 1867/75/1369 1864/75/1366
f 1868/74/1331 1864/75/1366 1867/75/1369
f 1867/75/1369 1869/74/1258 1868/74/1331
f 1728/73/1259 1806/73/1328 1868/74/1331
f 1868/74/1331 1869/74/1258 1728/73/1259
f 1720/73/1254 1728/73/1259 1869/74/1258
f 1869/74/1258 1870/74/1253 1720/73/1254
f 1718/73/1252 1720/73/1254 1870/74/1253
f 1870/74/1253 1875/74/1249 1718/73/1252
f 1871/75/1370 1870/74/1253 1869/74/1258
f 1869/74/1258 1867/75/1369 1871/75/1370
f 1871/75/1370 1867/75/1369 1866/76/1368
f 1866/76/1368 1872/77/1371 1871/75/1370
f 1873/75/1372 1871/75/1370 1872/77/1371
f 1872/77/1371 1874/77/1373 1873/75/1372
f 1870/74/1253 1871/75/1370 1873/75/1372
f 1873/75/1372 1875/74/1249 1870/74/1253
f 1873/75/1372 1874/77/1373 1738/76/1265
f 1738/76/1265 1737/75/1264 1873/75/1372
f 1875/74/1249 1873/75/1372 1737/75/1264
f 1737/75/1264 1733/74/1250 1875/74/1249
f 1717/73/1251 1718/73/1252 1875/74/1249
f 1875/74/1249 1733/74/1250 1717/73/1251
f 1876/83/1374 1780/82/1305 1779/82/1304
f 1779/82/1304 1880/83/1378 1876/83/1374
f 1787/82/1312 1780/82/1305 1876/83/1374
f 1876/83/1374 1877/83/1375 1787/82/1312
f 1788/81/1313 1787/82/1312 1877/83/1375
f 1877/83/1375 1834/82/1350 1788/81/1313
f 1836/82/1352 1834/82/1350 1877/83/1375
f 1877/83/1375 1878/83/1376 1836/82/1352
f 1878/83/1376 1877/83/1375 1876/83/1374
f 1876/83/1374 1879/83/1377 1878/83/1376
f 1821/81/1341 1836/82/1352 1878/83/1376
f 1878/83/1376 1822/82/1342 1821/81/1341
f 1824/82/1344 1822/82/1342 1878/83/1376
f 1878/83/1376 1879/83/1377 1824/82/1344
f 1879/83/1377 1876/83/1374 1880/83/1378
f 1880/83/1378 1881/83/1379 1879/83/1377
f 1824/82/1344 1879/83/1377 1881/83/1379
f 1881/83/1379 1825/82/1345 1824/82/1344
f 1830/82/1348 1825/82/1345 1881/83/1379
f 1881/83/1379 1883/83/1381 1830/82/1348
f 1882/83/1380 1880/83/1378 1779/82/1304
f 1779/82/1304 1777/82/1302 1882/83/1380
f 1881/83/1379 1880/83/1378 1882/83/1380
f 1882/83/1380 1883/83/1381 1881/83/1379
f 1882/83/1380 1777/82/1302 1776/81/1301
f 1776/81/1301 1815/82/1337 1882/83/1380
f 1883/83/1381 1882/83/1380 1815/82/1337
f 1815/82/1337 1813/82/1335 1883/83/1381
f 1812/81/1334 1830/82/1348 1883/83/1381
f 1883/83/1381 1813/82/1335 1812/81/1334
f 1749/77/1276 1742/77/1269 1884/84/1382
f 1884/84/1382 1885/84/1383 1749/77/1276
f 1884/84/1382 1742/77/1269 1741/77/1268
f 1741/77/1268 1888/84/1386 1884/84/1382
f 1750/76/1277 1749/77/1276 1885/84/1383
f 1885/84/1383 1848/77/1354 1750/76/1277
f 1850/77/1356 1848/77/1354 1885/84/1383
f 1885/84/1383 1886/84/1384 1850/77/1356
f 1886/84/1384 1885/84/1383 1884/84/1382
f 1884/84/1382 1887/84/1385 1886/84/1384
f 1851/76/1357 1850/77/1356 1886/84/1384
f 1886/84/1384 1857/77/1361 1851/76/1357
f 1859/77/1363 1857/77/1361 1886/84/1384
f 1886/84/1384 1887/84/1385 1859/77/1363
f 1887/84/1385 1884/84/1382 1888/84/1386
f 1888/84/1386 1889/84/1387 1887/84/1385
f 1859/77/1363 1887/84/1385 1889/84/1387
f 1889/84/1387 1860/77/1364 1859/77/1363
f 1865/77/1367 1860/77/1364 1889/84/1387
f 1889/84/1387 1891/84/1389 1865/77/1367
f 1890/84/1388 1888/84/1386 1741/77/1268
f 1741/77/1268 1739/77/1266 1890/84/1388
f 1889/84/1387 1888/84/1386 1890/84/1388
f 1890/84/1388 1891/84/1389 1889/84/1387
f 1890/84/1388 1739/77/1266 1738/76/1265
f 1738/76/1265 1874/77/1373 1890/84/1388
f 1891/84/1389 1890/84/1388 1874/77/1373
f 1874/77/1373 1872/77/1371 1891/84/1389
f 1866/76/1368 1865/77/1367 1891/84/1389
f 1891/84/1389 1872/77/1371 1866/76/1368
f 1894/70/1392 1893/70/1391 1892/69/1390
f 1892/69/1390 1895/69/1393 1894/70/1392
f 1896/70/1394 1894/70/1392 1895/69/1393
f 1895/69/1393 1903/69/1401 1896/70/1394
f 1897/71/1395 1895/69/1393 1892/69/1390
f 1892/69/1390 1898/71/1396 1897/71/1395
f 1897/71/1395 1898/71/1396 1899/72/1397
f 1899/72/1397 1900/72/1398 1897/71/1395
f 1901/71/1399 1897/71/1395 1900/72/1398
f 1900/72/1398 1902/72/1400 1901/71/1399
f 1895/69/1393 1897/71/1395 1901/71/1399
f 1901/71/1399 1903/69/1401 1895/69/1393
f 1904/70/1402 1896/70/1394 1903/69/1401
f 1903/69/1401 1905/69/1403 1904/70/1402
f 1906/71/1404 1905/69/1403 1903/69/1401
f 1903/69/1401 1901/71/1399 1906/71/1404
f 1906/71/1404 1901/71/1399 1902/72/1400
f 1902/72/1400 1907/72/1405 1906/71/1404
f 1908/73/1406 1893/73/1397 1909/74/1396
f 1909/74/1396 1910/74/1407 1908/73/1406
f 1911/73/1408 1908/73/1406 1910/74/1407
f 1910/74/1407 1919/74/1416 1911/73/1408
f 1912/75/1409 1910/74/1407 1909/74/1396
f 1909/74/1396 1913/75/1410 1912/75/1409
f 1912/75/1409 1913/75/1410 1914/76/1411
f 1914/76/1411 1915/77/1412 1912/75/1409
f 1916/75/1413 1912/75/1409 1915/77/1412
f 1915/77/1412 1917/77/1414 1916/75/1413
f 1910/74/1407 1912/75/1409 1916/75/1413
f 1916/75/1413 1919/74/1416 1910/74/1407
f 1916/75/1413 1917/77/1414 1918/77/1415
f 1918/77/1415 1920/75/1417 1916/75/1413
f 1919/74/1416 1916/75/1413 1920/75/1417
f 1920/75/1417 1921/74/1418 1919/74/1416
f 1911/73/1408 1919/74/1416 1921/74/1418
f 1921/74/1418 1922/73/1419 1911/73/1408
f 1923/73/1420 1922/73/1419 1921/74/1418
f 1921/74/1418 1928/74/1425 1923/73/1420
f 1924/75/1421 1920/75/1417 1918/77/1415
f 1918/77/1415 1925/77/1422 1924/75/1421
f 1921/74/1418 1920/75/1417 1924/75/1421
f 1924/75/1421 1928/74/1425 1921/74/1418
f 1924/75/1421 1925/77/1422 1926/76/1423
f 1926/76/1423 1927/75/1424 1924/75/1421
f 1928/74/1425 1924/75/1421 1927/75/1424
f 1927/75/1424 1930/74/1427 1928/74/1425
f 1929/73/1426 1923/73/1420 1928/74/1425
f 1928/74/1425 1930/74/1427 1929/73/1426
f 1933/72/1428 1932/72/1426 1931/71/1427
f 1931/71/1427 1934/71/1429 1933/72/1428
f 1935/72/1430 1933/72/1428 1934/71/1429
f 1934/71/1429 1941/71/1437 1935/72/1430
f 1936/69/1431 1934/71/1429 1931/71/1427
f 1931/71/1427 1937/69/1432 1936/69/1431
f 1936/69/1431 1937/69/1432 1929/70/1433
f 1929/70/1433 1938/70/1434 1936/69/1431
f 1939/69/1435 1936/69/1431 1938/70/1434
f 1938/70/1434 1940/70/1436 1939/69/1435
f 1934/71/1429 1936/69/1431 1939/69/1435
f 1939/69/1435 1941/71/1437 1934/71/1429
f 1942/72/1438 1935/72/1430 1941/71/1437
f 1941/71/1437 1943/71/1439 1942/72/1438
f 1944/69/1440 1943/71/1439 1941/71/1437
f 1941/71/1437 1939/69/1435 1944/69/1440
f 1944/69/1440 1939/69/1435 1940/70/1436
f 1940/70/1436 1945/70/1441 1944/69/1440
f 1946/78/1442 1932/78/1433 1947/79/1432
f 1947/79/1432 1948/79/1443 1946/78/1442
f 1949/78/1444 1946/78/1442 1948/79/1443
f 1948/79/1443 1957/79/1452 1949/78/1444
f 1950/80/1445 1948/79/1443 1947/79/1432
f 1947/79/1432 1951/80/1446 1950/80/1445
f 1950/80/1445 1951/80/1446 1952/81/1447
f 1952/81/1447 1953/82/1448 1950/80/1445
f 1954/80/1449 1950/80/1445 1953/82/1448
f 1953/82/1448 1955/82/1450 1954/80/1449
f 1948/79/1443 1950/80/1445 1954/80/1449
f 1954/80/1449 1957/79/1452 1948/79/1443
f 1954/80/1449 1955/82/1450 1956/82/1451
f 1956/82/1451 1958/80/1453 1954/80/1449
f 1957/79/1452 1954/80/1449 1958/80/1453
f 1958/80/1453 1959/79/1454 1957/79/1452
f 1949/78/1444 1957/79/1452 1959/79/1454
f 1959/79/1454 1960/78/1455 1949/78/1444
f 1961/78/1456 1960/78/1455 1959/79/1454
f 1959/79/1454 1966/79/1461 1961/78/1456
f 1962/80/1457 1958/80/1453 1956/82/1451
f 1956/82/1451 1963/82/1458 1962/80/1457
f 1959/79/1454 1958/80/1453 1962/80/1457
f 1962/80/1457 1966/79/1461 1959/79/1454
f 1962/80/1457 1963/82/1458 1964/81/1459
f 1964/81/1459 1965/80/1460 1962/80/1457
f 1966/79/1461 1962/80/1457 1965/80/1460
f 1965/80/1460 1967/79/1390 1966/79/1461
f 1899/78/1391 1961/78/1456 1966/79/1461
f 1966/79/1461 1967/79/1390 1899/78/1391
f 1968/72/1462 1942/72/1438 1943/71/1439
f 1943/71/1439 1969/71/1463 1968/72/1462
f 1970/72/1464 1968/72/1462 1969/71/1463
f 1969/71/1463 1976/71/1470 1970/72/1464
f 1971/69/1465 1969/71/1463 1943/71/1439
f 1943/71/1439 1944/69/1440 1971/69/1465
f 1971/69/1465 1944/69/1440 1945/70/1441
f 1945/70/1441 1972/70/1466 1971/69/1465
f 1973/69/1467 1971/69/1465 1972/70/1466
f 1972/70/1466 1974/70/1468 1973/69/1467
f 1969/71/1463 1971/69/1465 1973/69/1467
f 1973/69/1467 1976/71/1470 1969/71/1463
f 1973/69/1467 1974/70/1468 1975/70/1469
f 1975/70/1469 1977/69/1471 1973/69/1467
f 1976/71/1470 1973/69/1467 1977/69/1471
f 1977/69/1471 1978/71/1472 1976/71/1470
f 1970/72/1464 1976/71/1470 1978/71/1472
f 1978/71/1472 1979/72/1473 1970/72/1464
f 1980/72/1474 1979/72/1473 1978/71/1472
f 1978/71/1472 1983/71/1477 1980/72/1474
f 1981/69/1475 1977/69/1471 1975/70/1469
f 1975/70/1469 1982/70/1476 1981/69/1475
f 1978/71/1472 1977/69/1471 1981/69/1475
f 1981/69/1475 1983/71/1477 1978/71/1472
f 1907/72/1405 1980/72/1474 1983/71/1477
f 1983/71/1477 1906/71/1404 1907/72/1405
f 1905/69/1403 1906/71/1404 1983/71/1477
f 1983/71/1477 1981/69/1475 1905/69/1403
f 1905/69/1403 1981/69/1475 1982/70/1476
f 1982/70/1476 1904/70/1402 1905/69/1403
f 1935/78/1436 1942/78/1441 1984/79/1440
f 1984/79/1440 1985/79/1435 1935/78/1436
f 1933/78/1434 1935/78/1436 1985/79/1435
f 1985/79/1435 1992/79/1431 1933/78/1434
f 1986/80/1478 1985/79/1435 1984/79/1440
f 1984/79/1440 1987/80/1479 1986/80/1478
f 1986/80/1478 1987/80/1479 1988/81/1480
f 1988/81/1480 1989/82/1481 1986/80/1478
f 1990/80/1482 1986/80/1478 1989/82/1481
f 1989/82/1481 1991/82/1483 1990/80/1482
f 1985/79/1435 1986/80/1478 1990/80/1482
f 1990/80/1482 1992/79/1431 1985/79/1435
f 1990/80/1482 1991/82/1483 1952/81/1447
f 1952/81/1447 1951/80/1446 1990/80/1482
f 1992/79/1431 1990/80/1482 1951/80/1446
f 1951/80/1446 1947/79/1432 1992/79/1431
f 1932/78/1433 1933/78/1434 1992/79/1431
f 1992/79/1431 1947/79/1432 1932/78/1433
f 1980/78/1476 1907/78/1402 1993/79/1403
f 1993/79/1403 1994/79/1475 1980/78/1476
f 1979/78/1469 1980/78/1476 1994/79/1475
f 1994/79/1475 2002/79/1491 1979/78/1469
f 1995/80/1484 1994/79/1475 1993/79/1403
f 1993/79/1403 1996/80/1485 1995/80/1484
f 1995/80/1484 1996/80/1485 1997/81/1486
f 1997/81/1486 1998/82/1487 1995/80/1484
f 1999/80/1488 1995/80/1484 1998/82/1487
f 1998/82/1487 2000/82/1489 1999/80/1488
f 1994/79/1475 1995/80/1484 1999/80/1488
f 1999/80/1488 2002/79/1491 1994/79/1475
f 1999/80/1488 2000/82/1489 2001/82/1490
f 2001/82/1490 2003/80/1492 1999/80/1488
f 2002/79/1491 1999/80/1488 2003/80/1492
f 2003/80/1492 2004/79/1467 2002/79/1491
f 1979/78/1469 2002/79/1491 2004/79/1467
f 2004/79/1467 1970/78/1468 1979/78/1469
f 1968/78/1466 1970/78/1468 2004/79/1467
f 2004/79/1467 2007/79/1465 1968/78/1466
f 2005/80/1493 2003/80/1492 2001/82/1490
f 2001/82/1490 2006/82/1494 2005/80/1493
f 2004/79/1467 2003/80/1492 2005/80/1493
f 2005/80/1493 2007/79/1465 2004/79/1467
f 2005/80/1493 2006/82/1494 1988/81/1480
f 1988/81/1480 1987/80/1479 2005/80/1493
f 2007/79/1465 2005/80/1493 1987/80/1479
f 1987/80/1479 1984/79/1440 2007/79/1465
f 1942/78/1441 1968/78/1466 2007/79/1465
f 2007/79/1465 1984/79/1440 1942/78/1441
f 1900/78/1392 1899/78/1391 1967/79/1390
f 1967/79/1390 2008/79/1393 1900/78/1392
f 1902/78/1394 1900/78/1392 2008/79/1393
f 2008/79/1393 2013/79/1401 1902/78/1394
f 2009/80/1495 2008/79/1393 1967/79/1390
f 1967/79/1390 1965/80/1460 2009/80/1495
f 2009/80/1495 1965/80/1460 1964/81/1459
f 1964/81/1459 2010/82/1496 2009/80/1495
f 2011/80/1497 2009/80/1495 2010/82/1496
f 2010/82/1496 2012/82/1498 2011/80/1497
f 2008/79/1393 2009/80/1495 2011/80/1497
f 2011/80/1497 2013/79/1401 2008/79/1393
f 2011/80/1497 2012/82/1498 1997/81/1486
f 1997/81/1486 1996/80/1485 2011/80/1497
f 2013/79/1401 2011/80/1497 1996/80/1485
f 1996/80/1485 1993/79/1403 2013/79/1401
f 1907/78/1402 1902/78/1394 2013/79/1401
f 2013/79/1401 1993/79/1403 1907/78/1402
f 1961/72/1406 1899/72/1397 1898/71/1396
f 1898/71/1396 2014/71/1407 1961/72/1406
f 1960/72/1408 1961/72/1406 2014/71/1407
f 2014/71/1407 2017/71/1416 1960/72/1408
f 2015/69/1499 2014/71/1407 1898/71/1396
f 1898/71/1396 1892/69/1390 2015/69/1499
f 2015/69/1499 1892/69/1390 1893/70/1391
f 1893/70/1391 1908/70/1456 2015/69/1499
f 2016/69/1454 2015/69/1499 1908/70/1456
f 1908/70/1456 1911/70/1455 2016/69/1454
f 2014/71/1407 2015/69/1499 2016/69/1454
f 2016/69/1454 2017/71/1416 2014/71/1407
f 2016/69/1454 1911/70/1455 1922/70/1444
f 1922/70/1444 2018/69/1452 2016/69/1454
f 2017/71/1416 2016/69/1454 2018/69/1452
f 2018/69/1452 2019/71/1418 2017/71/1416
f 1960/72/1408 2017/71/1416 2019/71/1418
f 2019/71/1418 1949/72/1419 1960/72/1408
f 1946/72/1420 1949/72/1419 2019/71/1418
f 2019/71/1418 2021/71/1500 1946/72/1420
f 2020/69/1443 2018/69/1452 1922/70/1444
f 1922/70/1444 1923/70/1442 2020/69/1443
f 2019/71/1418 2018/69/1452 2020/69/1443
f 2020/69/1443 2021/71/1500 2019/71/1418
f 1932/72/1426 1946/72/1420 2021/71/1500
f 2021/71/1500 1931/71/1427 1932/72/1426
f 1937/69/1432 1931/71/1427 2021/71/1500
f 2021/71/1500 2020/69/1443 1937/69/1432
f 1937/69/1432 2020/69/1443 1923/70/1442
f 1923/70/1442 1929/70/1433 1937/69/1432
f 1938/73/1428 1929/73/1426 1930/74/1427
f 1930/74/1427 2022/74/1429 1938/73/1428
f 1940/73/1430 1938/73/1428 2022/74/1429
f 2022/74/1429 2029/74/1437 1940/73/1430
f 2023/75/1501 2022/74/1429 1930/74/1427
f 1930/74/1427 1927/75/1424 2023/75/1501
f 2023/75/1501 1927/75/1424 1926/76/1423
f 1926/76/1423 2024/77/1502 2023/75/1501
f 2025/75/1503 2023/75/1501 2024/77/1502
f 2024/77/1502 2026/77/1504 2025/75/1503
f 2022/74/1429 2023/75/1501 2025/75/1503
f 2025/75/1503 2029/74/1437 2022/74/1429
f 2025/75/1503 2026/77/1504 2027/76/1505
f 2027/76/1505 2028/75/1506 2025/75/1503
f 2029/74/1437 2025/75/1503 2028/75/1506
f 2028/75/1506 2030/74/1439 2029/74/1437
f 1945/73/1438 1940/73/1430 2029/74/1437
f 2029/74/1437 2030/74/1439 1945/73/1438
f 1972/73/1462 1945/73/1438 2030/74/1439
f 2030/74/1439 2031/74/1463 1972/73/1462
f 1974/73/1464 1972/73/1462 2031/74/1463
f 2031/74/1463 2037/74/1470 1974/73/1464
f 2032/75/1507 2031/74/1463 2030/74/1439
f 2030/74/1439 2028/75/1506 2032/75/1507
f 2032/75/1507 2028/75/1506 2027/76/1505
f 2027/76/1505 2033/77/1508 2032/75/1507
f 2034/75/1509 2032/75/1507 2033/77/1508
f 2033/77/1508 2035/77/1510 2034/75/1509
f 2031/74/1463 2032/75/1507 2034/75/1509
f 2034/75/1509 2037/74/1470 2031/74/1463
f 2034/75/1509 2035/77/1510 2036/77/1511
f 2036/77/1511 2038/75/1512 2034/75/1509
f 2037/74/1470 2034/75/1509 2038/75/1512
f 2038/75/1512 2039/74/1472 2037/74/1470
f 1974/73/1464 2037/74/1470 2039/74/1472
f 2039/74/1472 1975/73/1473 1974/73/1464
f 1982/73/1474 1975/73/1473 2039/74/1472
f 2039/74/1472 2044/74/1477 1982/73/1474
f 2040/75/1513 2038/75/1512 2036/77/1511
f 2036/77/1511 2041/77/1514 2040/75/1513
f 2039/74/1472 2038/75/1512 2040/75/1513
f 2040/75/1513 2044/74/1477 2039/74/1472
f 2040/75/1513 2041/77/1514 2042/76/1515
f 2042/76/1515 2043/75/1516 2040/75/1513
f 2044/74/1477 2040/75/1513 2043/75/1516
f 2043/75/1516 2045/74/1404 2044/74/1477
f 1904/73/1405 1982/73/1474 2044/74/1477
f 2044/74/1477 2045/74/1404 1904/73/1405
f 1896/73/1400 1904/73/1405 2045/74/1404
f 2045/74/1404 2046/74/1399 1896/73/1400
f 1894/73/1398 1896/73/1400 2046/74/1399
f 2046/74/1399 2051/74/1395 1894/73/1398
f 2047/75/1517 2046/74/1399 2045/74/1404
f 2045/74/1404 2043/75/1516 2047/75/1517
f 2047/75/1517 2043/75/1516 2042/76/1515
f 2042/76/1515 2048/77/1518 2047/75/1517
f 2049/75/1519 2047/75/1517 2048/77/1518
f 2048/77/1518 2050/77/1520 2049/75/1519
f 2046/74/1399 2047/75/1517 2049/75/1519
f 2049/75/1519 2051/74/1395 2046/74/1399
f 2049/75/1519 2050/77/1520 1914/76/1411
f 1914/76/1411 1913/75/1410 2049/75/1519
f 2051/74/1395 2049/75/1519 1913/75/1410
f 1913/75/1410 1909/74/1396 2051/74/1395
f 1893/73/1397 1894/73/1398 2051/74/1395
f 2051/74/1395 1909/74/1396 1893/73/1397
f 2052/83/1374 1956/82/1451 1955/82/1450
f 1955/82/1450 2056/83/1524 2052/83/1374
f 1963/82/1458 1956/82/1451 2052/83/1374
f 2052/83/1374 2053/83/1521 1963/82/1458
f 1964/81/1459 1963/82/1458 2053/83/1521
f 2053/83/1521 2010/82/1496 1964/81/1459
f 2012/82/1498 2010/82/1496 2053/83/1521
f 2053/83/1521 2054/83/1522 2012/82/1498
f 2054/83/1522 2053/83/1521 2052/83/1374
f 2052/83/1374 2055/83/1523 2054/83/1522
f 1997/81/1486 2012/82/1498 2054/83/1522
f 2054/83/1522 1998/82/1487 1997/81/1486
f 2000/82/1489 1998/82/1487 2054/83/1522
f 2054/83/1522 2055/83/1523 2000/82/1489
f 2055/83/1523 2052/83/1374 2056/83/1524
f 2056/83/1524 2057/83/1379 2055/83/1523
f 2000/82/1489 2055/83/1523 2057/83/1379
f 2057/83/1379 2001/82/1490 2000/82/1489
f 2006/82/1494 2001/82/1490 2057/83/1379
f 2057/83/1379 2059/83/1526 2006/82/1494
f 2058/83/1525 2056/83/1524 1955/82/1450
f 1955/82/1450 1953/82/1448 2058/83/1525
f 2057/83/1379 2056/83/1524 2058/83/1525
f 2058/83/1525 2059/83/1526 2057/83/1379
f 2058/83/1525 1953/82/1448 1952/81/1447
f 1952/81/1447 1991/82/1483 2058/83/1525
f 2059/83/1526 2058/83/1525 1991/82/1483
f 1991/82/1483 1989/82/1481 2059/83/1526
f 1988/81/1480 2006/82/1494 2059/83/1526
f 2059/83/1526 1989/82/1481 1988/81/1480
f 1925/77/1422 1918/77/1415 2060/84/1382
f 2060/84/1382 2061/84/1527 1925/77/1422
f 2060/84/1382 1918/77/1415 1917/77/1414
f 1917/77/1414 2064/84/1530 2060/84/1382
f 1926/76/1423 1925/77/1422 2061/84/1527
f 2061/84/1527 2024/77/1502 1926/76/1423
f 2026/77/1504 2024/77/1502 2061/84/1527
f 2061/84/1527 2062/84/1528 2026/77/1504
f 2062/84/1528 2061/84/1527 2060/84/1382
f 2060/84/1382 2063/84/1529 2062/84/1528
f 2027/76/1505 2026/77/1504 2062/84/1528
f 2062/84/1528 2033/77/1508 2027/76/1505
f 2035/77/1510 2033/77/1508 2062/84/1528
f 2062/84/1528 2063/84/1529 2035/77/1510
f 2063/84/1529 2060/84/1382 2064/84/1530
f 2064/84/1530 2065/84/1387 2063/84/1529
f 2035/77/1510 2063/84/1529 2065/84/1387
f 2065/84/1387 2036/77/1511 2035/77/1510
f 2041/77/1514 2036/77/1511 2065/84/1387
f 2065/84/1387 2067/84/1532 2041/77/1514
f 2066/84/1531 2064/84/1530 1917/77/1414
f 1917/77/1414 1915/77/1412 2066/84/1531
f 2065/84/1387 2064/84/1530 2066/84/1531
f 2066/84/1531 2067/84/1532 2065/84/1387
f 2066/84/1531 1915/77/1412 1914/76/1411
f 1914/76/1411 2050/77/1520 2066/84/1531
f 2067/84/1532 2066/84/1531 2050/77/1520
f 2050/77/1520 2048/77/1518 2067/84/1532
f 2042/76/1515 2041/77/1514 2067/84/1532
f 2067/84/1532 2048/77/1518 2042/76/1515
f 2070/70/1392 2069/70/1391 2068/69/1390
f 2068/69/1390 2071/69/1393 2070/70/1392
f 2072/70/1394 2070/70/1392 2071/69/1393
f 2071/69/1393 2079/69/1401 2072/70/1394
f 2073/71/1395 2071/69/1393 2068/69/1390
f 2068/69/1390 2074/71/1396 2073/71/1395
f 2073/71/1395 2074/71/1396 2075/72/1397
f 2075/72/1397 2076/72/1398 2073/71/1395
f 2077/71/1399 2073/71/1395 2076/72/1398
f 2076/72/1398 2078/72/1400 2077/71/1399
f 2071/69/1393 2073/71/1395 2077/71/1399
f 2077/71/1399 2079/69/1401 2071/69/1393
f 2080/70/1402 2072/70/1394 2079/69/1401
f 2079/69/1401 2081/69/1403 2080/70/1402
f 2082/71/1404 2081/69/1403 2079/69/1401
f 2079/69/1401 2077/71/1399 2082/71/1404
f 2082/71/1404 2077/71/1399 2078/72/1400
f 2078/72/1400 2083/72/1405 2082/71/1404
f 2084/73/1406 2069/73/1397 2085/74/1396
f 2085/74/1396 2086/74/1407 2084/73/1406
f 2087/73/1408 2084/73/1406 2086/74/1407
f 2086/74/1407 2095/74/1416 2087/73/1408
f 2088/75/1409 2086/74/1407 2085/74/1396
f 2085/74/1396 2089/75/1410 2088/75/1409
f 2088/75/1409 2089/75/1410 2090/76/1411
f 2090/76/1411 2091/77/1412 2088/75/1409
f 2092/75/1413 2088/75/1409 2091/77/1412
f 2091/77/1412 2093/77/1414 2092/75/1413
f 2086/74/1407 2088/75/1409 2092/75/1413
f 2092/75/1413 2095/74/1416 2086/74/1407
f 2092/75/1413 2093/77/1414 2094/77/1415
f 2094/77/1415 2096/75/1417 2092/75/1413
f 2095/74/1416 2092/75/1413 2096/75/1417
f 2096/75/1417 2097/74/1418 2095/74/1416
f 2087/73/1408 2095/74/1416 2097/74/1418
f 2097/74/1418 2098/73/1419 2087/73/1408
f 2099/73/1420 2098/73/1419 2097/74/1418
f 2097/74/1418 2104/74/1425 2099/73/1420
f 2100/75/1421 2096/75/1417 2094/77/1415
f 2094/77/1415 2101/77/1422 2100/75/1421
f 2097/74/1418 2096/75/1417 2100/75/1421
f 2100/75/1421 2104/74/1425 2097/74/1418
f 2100/75/1421 2101/77/1422 2102/76/1423
f 2102/76/1423 2103/75/1424 2100/75/1421
f 2104/74/1425 2100/75/1421 2103/75/1424
f 2103/75/1424 2106/74/1427 2104/74/1425
f 2105/73/1426 2099/73/1420 2104/74/1425
f 2104/74/1425 2106/74/1427 2105/73/1426
f 2109/72/1428 2108/72/1426 2107/71/1427
f 2107/71/1427 2110/71/1429 2109/72/1428
f 2111/72/1430 2109/72/1428 2110/71/1429
f 2110/71/1429 2117/71/1437 2111/72/1430
f 2112/69/1431 2110/71/1429 2107/71/1427
f 2107/71/1427 2113/69/1432 2112/69/1431
f 2112/69/1431 2113/69/1432 2105/70/1433
f 2105/70/1433 2114/70/1434 2112/69/1431
f 2115/69/1435 2112/69/1431 2114/70/1434
f 2114/70/1434 2116/70/1436 2115/69/1435
f 2110/71/1429 2112/69/1431 2115/69/1435
f 2115/69/1435 2117/71/1437 2110/71/1429
f 2118/72/1438 2111/72/1430 2117/71/1437
f 2117/71/1437 2119/71/1439 2118/72/1438
f 2120/69/1440 2119/71/1439 2117/71/1437
f 2117/71/1437 2115/69/1435 2120/69/1440
f 2120/69/1440 2115/69/1435 2116/70/1436
f 2116/70/1436 2121/70/1441 2120/69/1440
f 2122/78/1442 2108/78/1433 2123/79/1432
f 2123/79/1432 2124/79/1443 2122/78/1442
f 2125/78/1444 2122/78/1442 2124/79/1443
f 2124/79/1443 2133/79/1452 2125/78/1444
f 2126/80/1445 2124/79/1443 2123/79/1432
f 2123/79/1432 2127/80/1446 2126/80/1445
f 2126/80/1445 2127/80/1446 2128/81/1447
f 2128/81/1447 2129/82/1448 2126/80/1445
f 2130/80/1449 2126/80/1445 2129/82/1448
f 2129/82/1448 2131/82/1450 2130/80/1449
f 2124/79/1443 2126/80/1445 2130/80/1449
f 2130/80/1449 2133/79/1452 2124/79/1443
f 2130/80/1449 2131/82/1450 2132/82/1451
f 2132/82/1451 2134/80/1453 2130/80/1449
f 2133/79/1452 2130/80/1449 2134/80/1453
f 2134/80/1453 2135/79/1454 2133/79/1452
f 2125/78/1444 2133/79/1452 2135/79/1454
f 2135/79/1454 2136/78/1455 2125/78/1444
f 2137/78/1456 2136/78/1455 2135/79/1454
f 2135/79/1454 2142/79/1461 2137/78/1456
f 2138/80/1457 2134/80/1453 2132/82/1451
f 2132/82/1451 2139/82/1458 2138/80/1457
f 2135/79/1454 2134/80/1453 2138/80/1457
f 2138/80/1457 2142/79/1461 2135/79/1454
f 2138/80/1457 2139/82/1458 2140/81/1459
f 2140/81/1459 2141/80/1460 2138/80/1457
f 2142/79/1461 2138/80/1457 2141/80/1460
f 2141/80/1460 2143/79/1390 2142/79/1461
f 2075/78/1391 2137/78/1456 2142/79/1461
f 2142/79/1461 2143/79/1390 2075/78/1391
f 2144/72/1462 2118/72/1438 2119/71/1439
f 2119/71/1439 2145/71/1463 2144/72/1462
f 2146/72/1464 2144/72/1462 2145/71/1463
f 2145/71/1463 2152/71/1470 2146/72/1464
f 2147/69/1465 2145/71/1463 2119/71/1439
f 2119/71/1439 2120/69/1440 2147/69/1465
f 2147/69/1465 2120/69/1440 2121/70/1441
f 2121/70/1441 2148/70/1466 2147/69/1465
f 2149/69/1467 2147/69/1465 2148/70/1466
f 2148/70/1466 2150/70/1468 2149/69/1467
f 2145/71/1463 2147/69/1465 2149/69/1467
f 2149/69/1467 2152/71/1470 2145/71/1463
f 2149/69/1467 2150/70/1468 2151/70/1469
f 2151/70/1469 2153/69/1471 2149/69/1467
f 2152/71/1470 2149/69/1467 2153/69/1471
f 2153/69/1471 2154/71/1472 2152/71/1470
f 2146/72/1464 2152/71/1470 2154/71/1472
f 2154/71/1472 2155/72/1473 2146/72/1464
f 2156/72/1474 2155/72/1473 2154/71/1472
f 2154/71/1472 2159/71/1477 2156/72/1474
f 2157/69/1475 2153/69/1471 2151/70/1469
f 2151/70/1469 2158/70/1476 2157/69/1475
f 2154/71/1472 2153/69/1471 2157/69/1475
f 2157/69/1475 2159/71/1477 2154/71/1472
f 2083/72/1405 2156/72/1474 2159/71/1477
f 2159/71/1477 2082/71/1404 2083/72/1405
f 2081/69/1403 2082/71/1404 2159/71/1477
f 2159/71/1477 2157/69/1475 2081/69/1403
f 2081/69/1403 2157/69/1475 2158/70/1476
f 2158/70/1476 2080/70/1402 2081/69/1403
f 2111/78/1436 2118/78/1441 2160/79/1440
f 2160/79/1440 2161/79/1435 2111/78/1436
f 2109/78/1434 2111/78/1436 2161/79/1435
f 2161/79/1435 2168/79/1431 2109/78/1434
f 2162/80/1478 2161/79/1435 2160/79/1440
f 2160/79/1440 2163/80/1479 2162/80/1478
f 2162/80/1478 2163/80/1479 2164/81/1480
f 2164/81/1480 2165/82/1481 2162/80/1478
f 2166/80/1482 2162/80/1478 2165/82/1481
f 2165/82/1481 2167/82/1483 2166/80/1482
f 2161/79/1435 2162/80/1478 2166/80/1482
f 2166/80/1482 2168/79/1431 2161/79/1435
f 2166/80/1482 2167/82/1483 2128/81/1447
f 2128/81/1447 2127/80/1446 2166/80/1482
f 2168/79/1431 2166/80/1482 2127/80/1446
f 2127/80/1446 2123/79/1432 2168/79/1431
f 2108/78/1433 2109/78/1434 2168/79/1431
f 2168/79/1431 2123/79/1432 2108/78/1433
f 2156/78/1476 2083/78/1402 2169/79/1403
f 2169/79/1403 2170/79/1475 2156/78/1476
f 2155/78/1469 2156/78/1476 2170/79/1475
f 2170/79/1475 2178/79/1491 2155/78/1469
f 2171/80/1484 2170/79/1475 2169/79/1403
f 2169/79/1403 2172/80/1485 2171/80/1484
f 2171/80/1484 2172/80/1485 2173/81/1486
f 2173/81/1486 2174/82/1487 2171/80/1484
f 2175/80/1488 2171/80/1484 2174/82/1487
f 2174/82/1487 2176/82/1489 2175/80/1488
f 2170/79/1475 2171/80/1484 2175/80/1488
f 2175/80/1488 2178/79/1491 2170/79/1475
f 2175/80/1488 2176/82/1489 2177/82/1490
f 2177/82/1490 2179/80/1492 2175/80/1488
f 2178/79/1491 2175/80/1488 2179/80/1492
f 2179/80/1492 2180/79/1467 2178/79/1491
f 2155/78/1469 2178/79/1491 2180/79/1467
f 2180/79/1467 2146/78/1468 2155/78/1469
f 2144/78/1466 2146/78/1468 2180/79/1467
f 2180/79/1467 2183/79/1465 2144/78/1466
f 2181/80/1493 2179/80/1492 2177/82/1490
f 2177/82/1490 2182/82/1494 2181/80/1493
f 2180/79/1467 2179/80/1492 2181/80/1493
f 2181/80/1493 2183/79/1465 2180/79/1467
f 2181/80/1493 2182/82/1494 2164/81/1480
f 2164/81/1480 2163/80/1479 2181/80/1493
f 2183/79/1465 2181/80/1493 2163/80/1479
f 2163/80/1479 2160/79/1440 2183/79/1465
f 2118/78/1441 2144/78/1466 2183/79/1465
f 2183/79/1465 2160/79/1440 2118/78/1441
f 2076/78/1392 2075/78/1391 2143/79/1390
f 2143/79/1390 2184/79/1393 2076/78/1392
f 2078/78/1394 2076/78/1392 2184/79/1393
f 2184/79/1393 2189/79/1401 2078/78/1394
f 2185/80/1495 2184/79/1393 2143/79/1390
f 2143/79/1390 2141/80/1460 2185/80/1495
f 2185/80/1495 2141/80/1460 2140/81/1459
f 2140/81/1459 2186/82/1496 2185/80/1495
f 2187/80/1497 2185/80/1495 2186/82/1496
f 2186/82/1496 2188/82/1498 2187/80/1497
f 2184/79/1393 2185/80/1495 2187/80/1497
f 2187/80/1497 2189/79/1401 2184/79/1393
f 2187/80/1497 2188/82/1498 2173/81/1486
f 2173/81/1486 2172/80/1485 2187/80/1497
f 2189/79/1401 2187/80/1497 2172/80/1485
f 2172/80/1485 2169/79/1403 2189/79/1401
f 2083/78/1402 2078/78/1394 2189/79/1401
f 2189/79/1401 2169/79/1403 2083/78/1402
f 2137/72/1406 2075/72/1397 2074/71/1396
f 2074/71/1396 2190/71/1407 2137/72/1406
f 2136/72/1408 2137/72/1406 2190/71/1407
f 2190/71/1407 2193/71/1416 2136/72/1408
f 2191/69/1499 2190/71/1407 2074/71/1396
f 2074/71/1396 2068/69/1390 2191/69/1499
f 2191/69/1499 2068/69/1390 2069/70/1391
f 2069/70/1391 2084/70/1456 2191/69/1499
f 2192/69/1454 2191/69/1499 2084/70/1456
f 2084/70/1456 2087/70/1455 2192/69/1454
f 2190/71/1407 2191/69/1499 2192/69/1454
f 2192/69/1454 2193/71/1416 2190/71/1407
f 2192/69/1454 2087/70/1455 2098/70/1444
f 2098/70/1444 2194/69/1452 2192/69/1454
f 2193/71/1416 2192/69/1454 2194/69/1452
f 2194/69/1452 2195/71/1418 2193/71/1416
f 2136/72/1408 2193/71/1416 2195/71/1418
f 2195/71/1418 2125/72/1419 2136/72/1408
f 2122/72/1420 2125/72/1419 2195/71/1418
f 2195/71/1418 2197/71/1500 2122/72/1420
f 2196/69/1443 2194/69/1452 2098/70/1444
f 2098/70/1444 2099/70/1442 2196/69/1443
f 2195/71/1418 2194/69/1452 2196/69/1443
f 2196/69/1443 2197/71/1500 2195/71/1418
f 2108/72/1426 2122/72/1420 2197/71/1500
f 2197/71/1500 2107/71/1427 2108/72/1426
f 2113/69/1432 2107/71/1427 2197/71/1500
f 2197/71/1500 2196/69/1443 2113/69/1432
f 2113/69/1432 2196/69/1443 2099/70/1442
f 2099/70/1442 2105/70/1433 2113/69/1432
f 2114/73/1428 2105/73/1426 2106/74/1427
f 2106/74/1427 2198/74/1429 2114/73/1428
f 2116/73/1430 2114/73/1428 2198/74/1429
f 2198/74/1429 2205/74/1437 2116/73/1430
f 2199/75/1501 2198/74/1429 2106/74/1427
f 2106/74/1427 2103/75/1424 2199/75/1501
f 2199/75/1501 2103/75/1424 2102/76/1423
f 2102/76/1423 2200/77/1502 2199/75/1501
f 2201/75/1503 2199/75/1501 2200/77/1502
f 2200/77/1502 2202/77/1504 2201/75/1503
f 2198/74/1429 2199/75/1501 2201/75/1503
f 2201/75/1503 2205/74/1437 2198/74/1429
f 2201/75/1503 2202/77/1504 2203/76/1505
f 2203/76/1505 2204/75/1506 2201/75/1503
f 2205/74/1437 2201/75/1503 2204/75/1506
f 2204/75/1506 2206/74/1439 2205/74/1437
f 2121/73/1438 2116/73/1430 2205/74/1437
f 2205/74/1437 2206/74/1439 2121/73/1438
f 2148/73/1462 2121/73/1438 2206/74/1439
f 2206/74/1439 2207/74/1463 2148/73/1462
f 2150/73/1464 2148/73/1462 2207/74/1463
f 2207/74/1463 2213/74/1470 2150/73/1464
f 2208/75/1507 2207/74/1463 2206/74/1439
f 2206/74/1439 2204/75/1506 2208/75/1507
f 2208/75/1507 2204/75/1506 2203/76/1505
f 2203/76/1505 2209/77/1508 2208/75/1507
f 2210/75/1509 2208/75/1507 2209/77/1508
f 2209/77/1508 2211/77/1510 2210/75/1509
f 2207/74/1463 2208/75/1507 2210/75/1509
f 2210/75/1509 2213/74/1470 2207/74/1463
f 2210/75/1509 2211/77/1510 2212/77/1511
f 2212/77/1511 2214/75/1512 2210/75/1509
f 2213/74/1470 2210/75/1509 2214/75/1512
f 2214/75/1512 2215/74/1472 2213/74/1470
f 2150/73/1464 2213/74/1470 2215/74/1472
f 2215/74/1472 2151/73/1473 2150/73/1464
f 2158/73/1474 2151/73/1473 2215/74/1472
f 2215/74/1472 2220/74/1477 2158/73/1474
f 2216/75/1513 2214/75/1512 2212/77/1511
f 2212/77/1511 2217/77/1514 2216/75/1513
f 2215/74/1472 2214/75/1512 2216/75/1513
f 2216/75/1513 2220/74/1477 2215/74/1472
f 2216/75/1513 2217/77/1514 2218/76/1515
f 2218/76/1515 2219/75/1516 2216/75/1513
f 2220/74/1477 2216/75/1513 2219/75/1516
f 2219/75/1516 2221/74/1404 2220/74/1477
f 2080/73/1405 2158/73/1474 2220/74/1477
f 2220/74/1477 2221/74/1404 2080/73/1405
f 2072/73/1400 2080/73/1405 2221/74/1404
f 2221/74/1404 2222/74/1399 2072/73/1400
f 2070/73/1398 2072/73/1400 2222/74/1399
f 2222/74/1399 2227/74/1395 2070/73/1398
f 2223/75/1517 2222/74/1399 2221/74/1404
f 2221/74/1404 2219/75/1516 2223/75/1517
f 2223/75/1517 2219/75/1516 2218/76/1515
f 2218/76/1515 2224/77/1518 2223/75/1517
f 2225/75/1519 2223/75/1517 2224/77/1518
f 2224/77/1518 2226/77/1520 2225/75/1519
f 2222/74/1399 2223/75/1517 2225/75/1519
f 2225/75/1519 2227/74/1395 2222/74/1399
f 2225/75/1519 2226/77/1520 2090/76/1411
f 2090/76/1411 2089/75/1410 2225/75/1519
f 2227/74/1395 2225/75/1519 2089/75/1410
f 2089/75/1410 2085/74/1396 2227/74/1395
f 2069/73/1397 2070/73/1398 2227/74/1395
f 2227/74/1395 2085/74/1396 2069/73/1397
f 2228/83/1374 2132/82/1451 2131/82/1450
f 2131/82/1450 2232/83/1524 2228/83/1374
f 2139/82/1458 2132/82/1451 2228/83/1374
f 2228/83/1374 2229/83/1521 2139/82/1458
f 2140/81/1459 2139/82/1458 2229/83/1521
f 2229/83/1521 2186/82/1496 2140/81/1459
f 2188/82/1498 2186/82/1496 2229/83/1521
f 2229/83/1521 2230/83/1522 2188/82/1498
f 2230/83/1522 2229/83/1521 2228/83/1374
f 2228/83/1374 2231/83/1523 2230/83/1522
f 2173/81/1486 2188/82/1498 2230/83/1522
f 2230/83/1522 2174/82/1487 2173/81/1486
f 2176/82/1489 2174/82/1487 2230/83/1522
f 2230/83/1522 2231/83/1523 2176/82/1489
f 2231/83/1523 2228/83/1374 2232/83/1524
f 2232/83/1524 2233/83/1379 2231/83/1523
f 2176/82/1489 2231/83/1523 2233/83/1379
f 2233/83/1379 2177/82/1490 2176/82/1489
f 2182/82/1494 2177/82/1490 2233/83/1379
f 2233/83/1379 2235/83/1526 2182/82/1494
f 2234/83/1525 2232/83/1524 2131/82/1450
f 2131/82/1450 2129/82/1448 2234/83/1525
f 2233/83/1379 2232/83/1524 2234/83/1525
f 2234/83/1525 2235/83/1526 2233/83/1379
f 2234/83/1525 2129/82/1448 2128/81/1447
f 2128/81/1447 2167/82/1483 2234/83/1525
f 2235/83/1526 2234/83/1525 2167/82/1483
f 2167/82/1483 2165/82/1481 2235/83/1526
f 2164/81/1480 2182/82/1494 2235/83/1526
f 2235/83/1526 2165/82/1481 2164/81/1480
f 2101/77/1422 2094/77/1415 2236/84/1382
f 2236/84/1382 2237/84/1527 2101/77/1422
f 2236/84/1382 2094/77/1415 2093/77/1414
f 2093/77/1414 2240/84/1530 2236/84/1382
f 2102/76/1423 2101/77/1422 2237/84/1527
f 2237/84/1527 2200/77/1502 2102/76/1423
f 2202/77/1504 2200/77/1502 2237/84/1527
f 2237/84/1527 2238/84/1528 2202/77/1504
f 2238/84/1528 2237/84/1527 2236/84/1382
f 2236/84/1382 2239/84/1529 2238/84/1528
f 2203/76/1505 2202/77/1504 2238/84/1528
f 2238/84/1528 2209/77/1508 2203/76/1505
f 2211/77/1510 2209/77/1508 2238/84/1528
f 2238/84/1528 2239/84/1529 2211/77/1510
f 2239/84/1529 2236/84/1382 2240/84/1530
f 2240/84/1530 2241/84/1387 2239/84/1529
f 2211/77/1510 2239/84/1529 2241/84/1387
f 2241/84/1387 2212/77/1511 2211/77/1510
f 2217/77/1514 2212/77/1511 2241/84/1387
f 2241/84/1387 2243/84/1532 2217/77/1514
f 2242/84/1531 2240/84/1530 2093/77/1414
f 2093/77/1414 2091/77/1412 2242/84/1531
f 2241/84/1387 2240/84/1530 2242/84/1531
f 2242/84/1531 2243/84/1532 2241/84/1387
f 2242/84/1531 2091/77/1412 2090/76/1411
f 2090/76/1411 2226/77/1520 2242/84/1531
f 2243/84/1532 2242/84/1531 2226/77/1520
f 2226/77/1520 2224/77/1518 2243/84/1532
f 2218/76/1515 2217/77/1514 2243/84/1532
f 2243/84/1532 2224/77/1518 2218/76/1515
f 2244/85/1533 2246/87/1535 2245/86/1534
f 2245/86/1534 2247/85/1536 2244/85/1533
f 2248/88/1537 2244/85/1533 2247/85/1536
f 2247/85/1536 2256/88/1545 2248/88/1537
f 2247/85/1536 2245/86/1534 2249/89/1538
f 2249/89/1538 2254/85/1543 2247/85/1536
f 2249/89/1538 2245/86/1534 2250/90/1539
f 2250/90/1539 2251/91/1540 2249/89/1538
f 2252/86/1541 2249/89/1538 2251/91/1540
f 2251/91/1540 2253/90/1542 2252/86/1541
f 2254/85/1543 2249/89/1538 2252/86/1541
f 2252/86/1541 2255/85/1544 2254/85/1543
f 2256/88/1545 2247/85/1536 2254/85/1543
f 2254/85/1543 2257/88/1546 2256/88/1545
f 2257/88/1546 2254/85/1543 2255/85/1544
f 2255/85/1544 2258/88/1547 2257/88/1546
f 2257/88/1546 2258/88/1547 2259/92/1548
f 2259/92/1548 2260/92/1549 2257/88/1546
f 2256/88/1545 2257/88/1546 2260/92/1549
f 2260/92/1549 2261/92/1550 2256/88/1545
f 2248/88/1537 2256/88/1545 2261/92/1550
f 2261/92/1550 2262/92/1551 2248/88/1537
f 2263/92/1552 2259/92/1548 2258/88/1547
f 2258/88/1547 2264/88/1553 2263/92/1552
f 2265/92/1554 2263/92/1552 2264/88/1553
f 2264/88/1553 2266/88/1555 2265/92/1554
f 2267/85/1556 2264/88/1553 2258/88/1547
f 2258/88/1547 2255/85/1544 2267/85/1556
f 2268/85/1557 2266/88/1555 2264/88/1553
f 2264/88/1553 2267/85/1556 2268/85/1557
f 2269/87/1558 2267/85/1556 2255/85/1544
f 2255/85/1544 2252/86/1541 2269/87/1558
f 2269/87/1558 2252/86/1541 2253/90/1542
f 2253/90/1542 2270/93/1559 2269/87/1558
f 2267/85/1556 2269/87/1558 2271/94/1560
f 2271/94/1560 2268/85/1557 2267/85/1556
f 2271/94/1560 2269/87/1558 2270/93/1559
f 2270/93/1559 2272/95/1561 2271/94/1560
f 2273/96/1562 2271/94/1560 2272/95/1561
f 2272/95/1561 2274/97/1563 2273/96/1562
f 2268/85/1557 2271/94/1560 2273/96/1562
f 2273/96/1562 2275/85/1564 2268/85/1557
f 2266/88/1555 2268/85/1557 2275/85/1564
f 2275/85/1564 2276/88/1565 2266/88/1555
f 2277/92/1566 2265/92/1554 2266/88/1555
f 2266/88/1555 2276/88/1565 2277/92/1566
f 2278/92/1567 2277/92/1566 2276/88/1565
f 2276/88/1565 2279/88/1568 2278/92/1567
f 2280/92/1569 2278/92/1567 2279/88/1568
f 2279/88/1568 2281/88/1570 2280/92/1569
f 2282/85/1571 2279/88/1568 2276/88/1565
f 2276/88/1565 2275/85/1564 2282/85/1571
f 2283/98/1572 2282/85/1571 2275/85/1564
f 2275/85/1564 2273/96/1562 2283/98/1572
f 2283/98/1572 2273/96/1562 2274/97/1563
f 2274/97/1563 2284/99/1573 2283/98/1572
f 2285/92/1574 2280/92/1569 2281/88/1570
f 2281/88/1570 2286/88/1575 2285/92/1574
f 2287/92/1576 2285/92/1574 2286/88/1575
f 2286/88/1575 2288/88/1577 2287/92/1576
f 2289/85/1578 2288/88/1577 2286/88/1575
f 2286/88/1575 2290/85/1579 2289/85/1578
f 2290/85/1579 2286/88/1575 2281/88/1570
f 2281/88/1570 2292/85/1581 2290/85/1579
f 2291/96/1580 2289/85/1578 2290/85/1579
f 2290/85/1579 2293/98/1582 2291/96/1580
f 2292/85/1581 2281/88/1570 2279/88/1568
f 2279/88/1568 2282/85/1571 2292/85/1581
f 2293/98/1582 2290/85/1579 2292/85/1581
f 2292/85/1581 2294/98/1583 2293/98/1582
f 2294/98/1583 2292/85/1581 2282/85/1571
f 2282/85/1571 2283/98/1572 2294/98/1583
f 2294/98/1583 2283/98/1572 2284/99/1573
f 2284/99/1573 2295/100/1584 2294/98/1583
f 2293/98/1582 2294/98/1583 2295/100/1584
f 2295/100/1584 2296/99/1585 2293/98/1582
f 2291/96/1580 2293/98/1582 2296/99/1585
f 2296/99/1585 2297/97/1586 2291/96/1580
f 2298/92/1587 2287/92/1576 2288/88/1577
f 2288/88/1577 2299/88/1588 2298/92/1587
f 2262/92/1551 2298/92/1587 2299/88/1588
f 2299/88/1588 2248/88/1537 2262/92/1551
f 2244/85/1533 2248/88/1537 2299/88/1588
f 2299/88/1588 2300/85/1589 2244/85/1533
f 2300/85/1589 2299/88/1588 2288/88/1577
f 2288/88/1577 2289/85/1578 2300/85/1589
f 2246/87/1535 2244/85/1533 2300/85/1589
f 2300/85/1589 2301/94/1590 2246/87/1535
f 2301/94/1590 2300/85/1589 2289/85/1578
f 2289/85/1578 2291/96/1580 2301/94/1590
f 2301/94/1590 2291/96/1580 2297/97/1586
f 2297/97/1586 2302/95/1591 2301/94/1590
f 2246/87/1535 2301/94/1590 2302/95/1591
f 2302/95/1591 2303/93/1592 2246/87/1535
f 2245/86/1534 2246/87/1535 2303/93/1592
f 2303/93/1592 2250/90/1539 2245/86/1534
f 2305/102/1594 2304/101/1593 2250/90/1539
f 2250/90/1539 2303/93/1592 2305/102/1594
f 2251/91/1540 2250/90/1539 2304/101/1593
f 2304/101/1593 2306/103/1595 2251/91/1540
f 2253/90/1542 2251/91/1540 2306/103/1595
f 2306/103/1595 2311/101/1600 2253/90/1542
f 2308/105/1597 2305/102/1594 2303/93/1592
f 2303/93/1592 2302/95/1591 2308/105/1597
f 2305/102/1594 2308/105/1597 2309/106/1598
f 2309/106/1598 2307/104/1596 2305/102/1594
f 2309/106/1598 2308/105/1597 2302/95/1591
f 2302/95/1591 2297/97/1586 2309/106/1598
f 2307/104/1596 2309/106/1598 2297/97/1586
f 2297/97/1586 2296/99/1585 2307/104/1596
f 2310/104/1599 2307/104/1596 2296/99/1585
f 2296/99/1585 2295/100/1584 2310/104/1599
f 2306/103/1595 2307/104/1596 2310/104/1599
f 2310/104/1599 2311/101/1600 2306/103/1595
f 2270/93/1559 2253/90/1542 2311/101/1600
f 2311/101/1600 2313/102/1602 2270/93/1559
f 2312/104/1601 2310/104/1599 2295/100/1584
f 2295/100/1584 2284/99/1573 2312/104/1601
f 2311/101/1600 2310/104/1599 2312/104/1601
f 2312/104/1601 2313/102/1602 2311/101/1600
f 2272/95/1561 2270/93/1559 2313/102/1602
f 2313/102/1602 2315/105/1604 2272/95/1561
f 2314/106/1603 2312/104/1601 2284/99/1573
f 2284/99/1573 2274/97/1563 2314/106/1603
f 2313/102/1602 2312/104/1601 2314/106/1603
f 2314/106/1603 2315/105/1604 2313/102/1602
f 2315/105/1604 2314/106/1603 2274/97/1563
f 2274/97/1563 2272/95/1561 2315/105/1604
f 2262/92/1551 2261/92/1550 2316/107/1605
f 2316/107/1605 2317/107/1606 2262/92/1551
f 2298/92/1587 2262/92/1551 2317/107/1606
f 2317/107/1606 2318/107/1607 2298/92/1587
f 2287/92/1576 2298/92/1587 2318/107/1607
f 2318/107/1607 2319/107/1608 2287/92/1576
f 2319/107/1608 2318/107/1607 2317/107/1606
f 2317/107/1606 2316/107/1605 2319/107/1608
f 2285/92/1574 2287/92/1576 2319/107/1608
f 2319/107/1608 2320/107/1609 2285/92/1574
f 2280/92/1569 2285/92/1574 2320/107/1609
f 2320/107/1609 2322/107/1611 2280/92/1569
f 2321/107/1610 2316/107/1605 2261/92/1550
f 2261/92/1550 2260/92/1549 2321/107/1610
f 2323/107/1612 2322/107/1611 2320/107/1609
f 2320/107/1609 2321/107/1610 2323/107/1612
f 2278/92/1567 2280/92/1569 2322/107/1611
f 2322/107/1611 2324/107/1613 2278/92/1567
f 2323/107/1612 2321/107/1610 2260/92/1549
f 2260/92/1549 2259/92/1548 2323/107/1612
f 2325/107/1614 2324/107/1613 2322/107/1611
f 2322/107/1611 2323/107/1612 2325/107/1614
f 2277/92/1566 2278/92/1567 2324/107/1613
f 2324/107/1613 2326/107/1615 2277/92/1566
f 2325/107/1614 2323/107/1612 2259/92/1548
f 2259/92/1548 2263/92/1552 2325/107/1614
f 2327/107/1616 2326/107/1615 2324/107/1613
f 2324/107/1613 2325/107/1614 2327/107/1616
f 2265/92/1554 2277/92/1566 2326/107/1615
f 2326/107/1615 2327/107/1616 2265/92/1554
f 2327/107/1616 2325/107/1614 2263/92/1552
f 2263/92/1552 2265/92/1554 2327/107/1616
f 2328/85/1533 2330/87/1535 2329/86/1534
f 2329/86/1534 2331/85/1536 2328/85/1533
f 2332/88/1537 2328/85/1533 2331/85/1536
f 2331/85/1536 2340/88/1545 2332/88/1537
f 2331/85/1536 2329/86/1534 2333/89/1538
f 2333/89/1538 2338/85/1543 2331/85/1536
f 2333/89/1538 2329/86/1534 2334/90/1539
f 2334/90/1539 2335/91/1540 2333/89/1538
f 2336/86/1541 2333/89/1538 2335/91/1540
f 2335/91/1540 2337/90/1542 2336/86/1541
f 2338/85/1543 2333/89/1538 2336/86/1541
f 2336/86/1541 2339/85/1544 2338/85/1543
f 2340/88/1545 2331/85/1536 2338/85/1543
f 2338/85/1543 2341/88/1546 2340/88/1545
f 2341/88/1546 2338/85/1543 2339/85/1544
f 2339/85/1544 2342/88/1547 2341/88/1546
f 2341/88/1546 2342/88/1547 2343/92/1548
f 2343/92/1548 2344/92/1549 2341/88/1546
f 2340/88/1545 2341/88/1546 2344/92/1549
f 2344/92/1549 2345/92/1550 2340/88/1545
f 2332/88/1537 2340/88/1545 2345/92/1550
f 2345/92/1550 2346/92/1551 2332/88/1537
f 2347/92/1552 2343/92/1548 2342/88/1547
f 2342/88/1547 2348/88/1553 2347/92/1552
f 2349/92/1554 2347/92/1552 2348/88/1553
f 2348/88/1553 2350/88/1555 2349/92/1554
f 2351/85/1556 2348/88/1553 2342/88/1547
f 2342/88/1547 2339/85/1544 2351/85/1556
f 2352/85/1557 2350/88/1555 2348/88/1553
f 2348/88/1553 2351/85/1556 2352/85/1557
f 2353/87/1558 2351/85/1556 2339/85/1544
f 2339/85/1544 2336/86/1541 2353/87/1558
f 2353/87/1558 2336/86/1541 2337/90/1542
f 2337/90/1542 2354/93/1559 2353/87/1558
f 2351/85/1556 2353/87/1558 2355/94/1560
f 2355/94/1560 2352/85/1557 2351/85/1556
f 2355/94/1560 2353/87/1558 2354/93/1559
f 2354/93/1559 2356/95/1561 2355/94/1560
f 2357/96/1562 2355/94/1560 2356/95/1561
f 2356/95/1561 2358/97/1563 2357/96/1562
f 2352/85/1557 2355/94/1560 2357/96/1562
f 2357/96/1562 2359/85/1564 2352/85/1557
f 2350/88/1555 2352/85/1557 2359/85/1564
f 2359/85/1564 2360/88/1565 2350/88/1555
f 2361/92/1566 2349/92/1554 2350/88/1555
f 2350/88/1555 2360/88/1565 2361/92/1566
f 2362/92/1567 2361/92/1566 2360/88/1565
f 2360/88/1565 2363/88/1568 2362/92/1567
f 2364/92/1569 2362/92/1567 2363/88/1568
f 2363/88/1568 2365/88/1570 2364/92/1569
f 2366/85/1571 2363/88/1568 2360/88/1565
f 2360/88/1565 2359/85/1564 2366/85/1571
f 2367/98/1572 2366/85/1571 2359/85/1564
f 2359/85/1564 2357/96/1562 2367/98/1572
f 2367/98/1572 2357/96/1562 2358/97/1563
f 2358/97/1563 2368/99/1573 2367/98/1572
f 2369/92/1574 2364/92/1569 2365/88/1570
f 2365/88/1570 2370/88/1575 2369/92/1574
f 2371/92/1576 2369/92/1574 2370/88/1575
f 2370/88/1575 2372/88/1577 2371/92/1576
f 2373/85/1578 2372/88/1577 2370/88/1575
f 2370/88/1575 2374/85/1579 2373/85/1578
f 2374/85/1579 2370/88/1575 2365/88/1570
f 2365/88/1570 2376/85/1581 2374/85/1579
f 2375/96/1580 2373/85/1578 2374/85/1579
f 2374/85/1579 2377/98/1582 2375/96/1580
f 2376/85/1581 2365/88/1570 2363/88/1568
f 2363/88/1568 2366/85/1571 2376/85/1581
f 2377/98/1582 2374/85/1579 2376/85/1581
f 2376/85/1581 2378/98/1583 2377/98/1582
f 2378/98/1583 2376/85/1581 2366/85/1571
f 2366/85/1571 2367/98/1572 2378/98/1583
f 2378/98/1583 2367/98/1572 2368/99/1573
f 2368/99/1573 2379/100/1584 2378/98/1583
f 2377/98/1582 2378/98/1583 2379/100/1584
f 2379/100/1584 2380/99/1585 2377/98/1582
f 2375/96/1580 2377/98/1582 2380/99/1585
f 2380/99/1585 2381/97/1586 2375/96/1580
f 2382/92/1587 2371/92/1576 2372/88/1577
f 2372/88/1577 2383/88/1588 2382/92/1587
f 2346/92/1551 2382/92/1587 2383/88/1588
f 2383/88/1588 2332/88/1537 2346/92/1551
f 2328/85/1533 2332/88/1537 2383/88/1588
f 2383/88/1588 2384/85/1589 2328/85/1533
f 2384/85/1589 2383/88/1588 2372/88/1577
f 2372/88/1577 2373/85/1578 2384/85/1589
f 2330/87/1535 2328/85/1533 2384/85/1589
f 2384/85/1589 2385/94/1590 2330/87/1535
f 2385/94/1590 2384/85/1589 2373/85/1578
f 2373/85/1578 2375/96/1580 2385/94/1590
f 2385/94/1590 2375/96/1580 2381/97/1586
f 2381/97/1586 2386/95/1591 2385/94/1590
f 2330/87/1535 2385/94/1590 2386/95/1591
f 2386/95/1591 2387/93/1592 2330/87/1535
f 2329/86/1534 2330/87/1535 2387/93/1592
f 2387/93/1592 2334/90/1539 2329/86/1534
f 2389/102/1594 2388/101/1593 2334/90/1539
f 2334/90/1539 2387/93/1592 2389/102/1594
f 2335/91/1540 2334/90/1539 2388/101/1593
f 2388/101/1593 2390/103/1595 2335/91/1540
f 2337/90/1542 2335/91/1540 2390/103/1595
f 2390/103/1595 2395/101/1600 2337/90/1542
f 2392/105/1597 2389/102/1594 2387/93/1592
f 2387/93/1592 2386/95/1591 2392/105/1597
f 2389/102/1594 2392/105/1597 2393/106/1598
f 2393/106/1598 2391/104/1596 2389/102/1594
f 2393/106/1598 2392/105/1597 2386/95/1591
f 2386/95/1591 2381/97/1586 2393/106/1598
f 2391/104/1596 2393/106/1598 2381/97/1586
f 2381/97/1586 2380/99/1585 2391/104/1596
f 2394/104/1599 2391/104/1596 2380/99/1585
f 2380/99/1585 2379/100/1584 2394/104/1599
f 2390/103/1595 2391/104/1596 2394/104/1599
f 2394/104/1599 2395/101/1600 2390/103/1595
f 2354/93/1559 2337/90/1542 2395/101/1600
f 2395/101/1600 2397/102/1602 2354/93/1559
f 2396/104/1601 2394/104/1599 2379/100/1584
f 2379/100/1584 2368/99/1573 2396/104/1601
f 2395/101/1600 2394/104/1599 2396/104/1601
f 2396/104/1601 2397/102/1602 2395/101/1600
f 2356/95/1561 2354/93/1559 2397/102/1602
f 2397/102/1602 2399/105/1604 2356/95/1561
f 2398/106/1603 2396/104/1601 2368/99/1573
f 2368/99/1573 2358/97/1563 2398/106/1603
f 2397/102/1602 2396/104/1601 2398/106/1603
f 2398/106/1603 2399/105/1604 2397/102/1602
f 2399/105/1604 2398/106/1603 2358/97/1563
f 2358/97/1563 2356/95/1561 2399/105/1604
f 2346/92/1551 2345/92/1550 2400/107/1605
f 2400/107/1605 2401/107/1606 2346/92/1551
f 2382/92/1587 2346/92/1551 2401/107/1606
f 2401/107/1606 2402/107/1607 2382/92/1587
f 2371/92/1576 2382/92/1587 2402/107/1607
f 2402/107/1607 2403/107/1608 2371/92/1576
f 2403/107/1608 2402/107/1607 2401/107/1606
f 2401/107/1606 2400/107/1605 2403/107/1608
f 2369/92/1574 2371/92/1576 2403/107/1608
f 2403/107/1608 2404/107/1609 2369/92/1574
f 2364/92/1569 2369/92/1574 2404/107/1609
f 2404/107/1609 2406/107/1611 2364/92/1569
f 2405/107/1610 2400/107/1605 2345/92/1550
f 2345/92/1550 2344/92/1549 2405/107/1610
f 2407/107/1612 2406/107/1611 2404/107/1609
f 2404/107/1609 2405/107/1610 2407/107/1612
f 2362/92/1567 2364/92/1569 2406/107/1611
f 2406/107/1611 2408/107/1613 2362/92/1567
f 2407/107/1612 2405/107/1610 2344/92/1549
f 2344/92/1549 2343/92/1548 2407/107/1612
f 2409/107/1614 2408/107/1613 2406/107/1611
f 2406/107/1611 2407/107/1612 2409/107/1614
f 2361/92/1566 2362/92/1567 2408/107/1613
f 2408/107/1613 2410/107/1615 2361/92/1566
f 2409/107/1614 2407/107/1612 2343/92/1548
f 2343/92/1548 2347/92/1552 2409/107/1614
f 2411/107/1616 2410/107/1615 2408/107/1613
f 2408/107/1613 2409/107/1614 2411/107/1616
f 2349/92/1554 2361/92/1566 2410/107/1615
f 2410/107/1615 2411/107/1616 2349/92/1554
f 2411/107/1616 2409/107/1614 2347/92/1552
f 2347/92/1552 2349/92/1554 2411/107/1616
f 2414/70/1102 2413/70/1101 2412/69/1100
f 2412/69/1100 2415/69/1103 2414/70/1102
f 2416/70/1104 2414/70/1102 2415/69/1103
f 2415/69/1103 2423/69/1111 2416/70/1104
f 2417/71/1105 2415/69/1103 2412/69/1100
f 2412/69/1100 2418/71/1106 2417/71/1105
f 2417/71/1105 2418/71/1106 2419/72/1107
f 2419/72/1107 2420/72/1108 2417/71/1105
f 2421/71/1109 2417/71/1105 2420/72/1108
f 2420/72/1108 2422/72/1110 2421/71/1109
f 2415/69/1103 2417/71/1105 2421/71/1109
f 2421/71/1109 2423/69/1111 2415/69/1103
f 2424/70/1112 2416/70/1104 2423/69/1111
f 2423/69/1111 2425/69/1113 2424/70/1112
f 2426/71/1114 2425/69/1113 2423/69/1111
f 2423/69/1111 2421/71/1109 2426/71/1114
f 2426/71/1114 2421/71/1109 2422/72/1110
f 2422/72/1110 2427/72/1115 2426/71/1114
f 2428/73/1116 2413/73/1107 2429/74/1106
f 2429/74/1106 2430/74/1117 2428/73/1116
f 2431/73/1118 2428/73/1116 2430/74/1117
f 2430/74/1117 2439/74/1126 2431/73/1118
f 2432/75/1119 2430/74/1117 2429/74/1106
f 2429/74/1106 2433/75/1120 2432/75/1119
f 2432/75/1119 2433/75/1120 2434/76/1121
f 2434/76/1121 2435/77/1122 2432/75/1119
f 2436/75/1123 2432/75/1119 2435/77/1122
f 2435/77/1122 2437/77/1124 2436/75/1123
f 2430/74/1117 2432/75/1119 2436/75/1123
f 2436/75/1123 2439/74/1126 2430/74/1117
f 2436/75/1123 2437/77/1124 2438/77/1125
f 2438/77/1125 2440/75/1127 2436/75/1123
f 2439/74/1126 2436/75/1123 2440/75/1127
f 2440/75/1127 2441/74/1128 2439/74/1126
f 2431/73/1118 2439/74/1126 2441/74/1128
f 2441/74/1128 2442/73/1129 2431/73/1118
f 2443/73/1130 2442/73/1129 2441/74/1128
f 2441/74/1128 2448/74/1135 2443/73/1130
f 2444/75/1131 2440/75/1127 2438/77/1125
f 2438/77/1125 2445/77/1132 2444/75/1131
f 2441/74/1128 2440/75/1127 2444/75/1131
f 2444/75/1131 2448/74/1135 2441/74/1128
f 2444/75/1131 2445/77/1132 2446/76/1133
f 2446/76/1133 2447/75/1134 2444/75/1131
f 2448/74/1135 2444/75/1131 2447/75/1134
f 2447/75/1134 2450/74/1137 2448/74/1135
f 2449/73/1136 2443/73/1130 2448/74/1135
f 2448/74/1135 2450/74/1137 2449/73/1136
f 2453/72/1138 2452/72/1136 2451/71/1137
f 2451/71/1137 2454/71/1139 2453/72/1138
f 2455/72/1140 2453/72/1138 2454/71/1139
f 2454/71/1139 2461/71/1147 2455/72/1140
f 2456/69/1141 2454/71/1139 2451/71/1137
f 2451/71/1137 2457/69/1142 2456/69/1141
f 2456/69/1141 2457/69/1142 2449/70/1143
f 2449/70/1143 2458/70/1144 2456/69/1141
f 2459/69/1145 2456/69/1141 2458/70/1144
f 2458/70/1144 2460/70/1146 2459/69/1145
f 2454/71/1139 2456/69/1141 2459/69/1145
f 2459/69/1145 2461/71/1147 2454/71/1139
f 2462/72/1148 2455/72/1140 2461/71/1147
f 2461/71/1147 2463/71/1149 2462/72/1148
f 2464/69/1150 2463/71/1149 2461/71/1147
f 2461/71/1147 2459/69/1145 2464/69/1150
f 2464/69/1150 2459/69/1145 2460/70/1146
f 2460/70/1146 2465/70/1151 2464/69/1150
f 2466/78/1152 2452/78/1143 2467/79/1142
f 2467/79/1142 2468/79/1153 2466/78/1152
f 2469/78/1154 2466/78/1152 2468/79/1153
f 2468/79/1153 2477/79/1162 2469/78/1154
f 2470/80/1155 2468/79/1153 2467/79/1142
f 2467/79/1142 2471/80/1156 2470/80/1155
f 2470/80/1155 2471/80/1156 2472/81/1157
f 2472/81/1157 2473/82/1158 2470/80/1155
f 2474/80/1159 2470/80/1155 2473/82/1158
f 2473/82/1158 2475/82/1160 2474/80/1159
f 2468/79/1153 2470/80/1155 2474/80/1159
f 2474/80/1159 2477/79/1162 2468/79/1153
f 2474/80/1159 2475/82/1160 2476/82/1161
f 2476/82/1161 2478/80/1163 2474/80/1159
f 2477/79/1162 2474/80/1159 2478/80/1163
f 2478/80/1163 2479/79/1164 2477/79/1162
f 2469/78/1154 2477/79/1162 2479/79/1164
f 2479/79/1164 2480/78/1165 2469/78/1154
f 2481/78/1166 2480/78/1165 2479/79/1164
f 2479/79/1164 2486/79/1171 2481/78/1166
f 2482/80/1167 2478/80/1163 2476/82/1161
f 2476/82/1161 2483/82/1168 2482/80/1167
f 2479/79/1164 2478/80/1163 2482/80/1167
f 2482/80/1167 2486/79/1171 2479/79/1164
f 2482/80/1167 2483/82/1168 2484/81/1169
f 2484/81/1169 2485/80/1170 2482/80/1167
f 2486/79/1171 2482/80/1167 2485/80/1170
f 2485/80/1170 2487/79/1100 2486/79/1171
f 2419/78/1101 2481/78/1166 2486/79/1171
f 2486/79/1171 2487/79/1100 2419/78/1101
f 2488/72/1172 2462/72/1148 2463/71/1149
f 2463/71/1149 2489/71/1173 2488/72/1172
f 2490/72/1174 2488/72/1172 2489/71/1173
f 2489/71/1173 2496/71/1180 2490/72/1174
f 2491/69/1175 2489/71/1173 2463/71/1149
f 2463/71/1149 2464/69/1150 2491/69/1175
f 2491/69/1175 2464/69/1150 2465/70/1151
f 2465/70/1151 2492/70/1176 2491/69/1175
f 2493/69/1177 2491/69/1175 2492/70/1176
f 2492/70/1176 2494/70/1178 2493/69/1177
f 2489/71/1173 2491/69/1175 2493/69/1177
f 2493/69/1177 2496/71/1180 2489/71/1173
f 2493/69/1177 2494/70/1178 2495/70/1179
f 2495/70/1179 2497/69/1181 2493/69/1177
f 2496/71/1180 2493/69/1177 2497/69/1181
f 2497/69/1181 2498/71/1182 2496/71/1180
f 2490/72/1174 2496/71/1180 2498/71/1182
f 2498/71/1182 2499/72/1183 2490/72/1174
f 2500/72/1184 2499/72/1183 2498/71/1182
f 2498/71/1182 2503/71/1187 2500/72/1184
f 2501/69/1185 2497/69/1181 2495/70/1179
f 2495/70/1179 2502/70/1186 2501/69/1185
f 2498/71/1182 2497/69/1181 2501/69/1185
f 2501/69/1185 2503/71/1187 2498/71/1182
f 2427/72/1115 2500/72/1184 2503/71/1187
f 2503/71/1187 2426/71/1114 2427/72/1115
f 2425/69/1113 2426/71/1114 2503/71/1187
f 2503/71/1187 2501/69/1185 2425/69/1113
f 2425/69/1113 2501/69/1185 2502/70/1186
f 2502/70/1186 2424/70/1112 2425/69/1113
f 2455/78/1146 2462/78/1151 2504/79/1150
f 2504/79/1150 2505/79/1145 2455/78/1146
f 2453/78/1144 2455/78/1146 2505/79/1145
f 2505/79/1145 2512/79/1141 2453/78/1144
f 2506/80/1188 2505/79/1145 2504/79/1150
f 2504/79/1150 2507/80/1189 2506/80/1188
f 2506/80/1188 2507/80/1189 2508/81/1190
f 2508/81/1190 2509/82/1191 2506/80/1188
f 2510/80/1192 2506/80/1188 2509/82/1191
f 2509/82/1191 2511/82/1193 2510/80/1192
f 2505/79/1145 2506/80/1188 2510/80/1192
f 2510/80/1192 2512/79/1141 2505/79/1145
f 2510/80/1192 2511/82/1193 2472/81/1157
f 2472/81/1157 2471/80/1156 2510/80/1192
f 2512/79/1141 2510/80/1192 2471/80/1156
f 2471/80/1156 2467/79/1142 2512/79/1141
f 2452/78/1143 2453/78/1144 2512/79/1141
f 2512/79/1141 2467/79/1142 2452/78/1143
f 2500/78/1186 2427/78/1112 2513/79/1113
f 2513/79/1113 2514/79/1185 2500/78/1186
f 2499/78/1179 2500/78/1186 2514/79/1185
f 2514/79/1185 2522/79/1181 2499/78/1179
f 2515/80/1194 2514/79/1185 2513/79/1113
f 2513/79/1113 2516/80/1195 2515/80/1194
f 2515/80/1194 2516/80/1195 2517/81/1196
f 2517/81/1196 2518/82/1197 2515/80/1194
f 2519/80/1198 2515/80/1194 2518/82/1197
f 2518/82/1197 2520/82/1199 2519/80/1198
f 2514/79/1185 2515/80/1194 2519/80/1198
f 2519/80/1198 2522/79/1181 2514/79/1185
f 2519/80/1198 2520/82/1199 2521/82/1200
f 2521/82/1200 2523/80/1201 2519/80/1198
f 2522/79/1181 2519/80/1198 2523/80/1201
f 2523/80/1201 2524/79/1177 2522/79/1181
f 2499/78/1179 2522/79/1181 2524/79/1177
f 2524/79/1177 2490/78/1178 2499/78/1179
f 2488/78/1176 2490/78/1178 2524/79/1177
f 2524/79/1177 2527/79/1175 2488/78/1176
f 2525/80/1202 2523/80/1201 2521/82/1200
f 2521/82/1200 2526/82/1203 2525/80/1202
f 2524/79/1177 2523/80/1201 2525/80/1202
f 2525/80/1202 2527/79/1175 2524/79/1177
f 2525/80/1202 2526/82/1203 2508/81/1190
f 2508/81/1190 2507/80/1189 2525/80/1202
f 2527/79/1175 2525/80/1202 2507/80/1189
f 2507/80/1189 2504/79/1150 2527/79/1175
f 2462/78/1151 2488/78/1176 2527/79/1175
f 2527/79/1175 2504/79/1150 2462/78/1151
f 2420/78/1102 2419/78/1101 2487/79/1100
f 2487/79/1100 2528/79/1103 2420/78/1102
f 2422/78/1104 2420/78/1102 2528/79/1103
f 2528/79/1103 2533/79/1111 2422/78/1104
f 2529/80/1204 2528/79/1103 2487/79/1100
f 2487/79/1100 2485/80/1170 2529/80/1204
f 2529/80/1204 2485/80/1170 2484/81/1169
f 2484/81/1169 2530/82/1205 2529/80/1204
f 2531/80/1206 2529/80/1204 2530/82/1205
f 2530/82/1205 2532/82/1207 2531/80/1206
f 2528/79/1103 2529/80/1204 2531/80/1206
f 2531/80/1206 2533/79/1111 2528/79/1103
f 2531/80/1206 2532/82/1207 2517/81/1196
f 2517/81/1196 2516/80/1195 2531/80/1206
f 2533/79/1111 2531/80/1206 2516/80/1195
f 2516/80/1195 2513/79/1113 2533/79/1111
f 2427/78/1112 2422/78/1104 2533/79/1111
f 2533/79/1111 2513/79/1113 2427/78/1112
f 2481/72/1116 2419/72/1107 2418/71/1106
f 2418/71/1106 2534/71/1117 2481/72/1116
f 2480/72/1118 2481/72/1116 2534/71/1117
f 2534/71/1117 2537/71/1126 2480/72/1118
f 2535/69/1171 2534/71/1117 2418/71/1106
f 2418/71/1106 2412/69/1100 2535/69/1171
f 2535/69/1171 2412/69/1100 2413/70/1101
f 2413/70/1101 2428/70/1166 2535/69/1171
f 2536/69/1164 2535/69/1171 2428/70/1166
f 2428/70/1166 2431/70/1165 2536/69/1164
f 2534/71/1117 2535/69/1171 2536/69/1164
f 2536/69/1164 2537/71/1126 2534/71/1117
f 2536/69/1164 2431/70/1165 2442/70/1154
f 2442/70/1154 2538/69/1162 2536/69/1164
f 2537/71/1126 2536/69/1164 2538/69/1162
f 2538/69/1162 2539/71/1128 2537/71/1126
f 2480/72/1118 2537/71/1126 2539/71/1128
f 2539/71/1128 2469/72/1129 2480/72/1118
f 2466/72/1130 2469/72/1129 2539/71/1128
f 2539/71/1128 2541/71/1135 2466/72/1130
f 2540/69/1153 2538/69/1162 2442/70/1154
f 2442/70/1154 2443/70/1152 2540/69/1153
f 2539/71/1128 2538/69/1162 2540/69/1153
f 2540/69/1153 2541/71/1135 2539/71/1128
f 2452/72/1136 2466/72/1130 2541/71/1135
f 2541/71/1135 2451/71/1137 2452/72/1136
f 2457/69/1142 2451/71/1137 2541/71/1135
f 2541/71/1135 2540/69/1153 2457/69/1142
f 2457/69/1142 2540/69/1153 2443/70/1152
f 2443/70/1152 2449/70/1143 2457/69/1142
f 2458/73/1138 2449/73/1136 2450/74/1137
f 2450/74/1137 2542/74/1139 2458/73/1138
f 2460/73/1140 2458/73/1138 2542/74/1139
f 2542/74/1139 2549/74/1147 2460/73/1140
f 2543/75/1208 2542/74/1139 2450/74/1137
f 2450/74/1137 2447/75/1134 2543/75/1208
f 2543/75/1208 2447/75/1134 2446/76/1133
f 2446/76/1133 2544/77/1209 2543/75/1208
f 2545/75/1210 2543/75/1208 2544/77/1209
f 2544/77/1209 2546/77/1211 2545/75/1210
f 2542/74/1139 2543/75/1208 2545/75/1210
f 2545/75/1210 2549/74/1147 2542/74/1139
f 2545/75/1210 2546/77/1211 2547/76/1212
f 2547/76/1212 2548/75/1213 2545/75/1210
f 2549/74/1147 2545/75/1210 2548/75/1213
f 2548/75/1213 2550/74/1149 2549/74/1147
f 2465/73/1148 2460/73/1140 2549/74/1147
f 2549/74/1147 2550/74/1149 2465/73/1148
f 2492/73/1172 2465/73/1148 2550/74/1149
f 2550/74/1149 2551/74/1173 2492/73/1172
f 2494/73/1174 2492/73/1172 2551/74/1173
f 2551/74/1173 2557/74/1180 2494/73/1174
f 2552/75/1214 2551/74/1173 2550/74/1149
f 2550/74/1149 2548/75/1213 2552/75/1214
f 2552/75/1214 2548/75/1213 2547/76/1212
f 2547/76/1212 2553/77/1215 2552/75/1214
f 2554/75/1216 2552/75/1214 2553/77/1215
f 2553/77/1215 2555/77/1217 2554/75/1216
f 2551/74/1173 2552/75/1214 2554/75/1216
f 2554/75/1216 2557/74/1180 2551/74/1173
f 2554/75/1216 2555/77/1217 2556/77/1218
f 2556/77/1218 2558/75/1219 2554/75/1216
f 2557/74/1180 2554/75/1216 2558/75/1219
f 2558/75/1219 2559/74/1182 2557/74/1180
f 2494/73/1174 2557/74/1180 2559/74/1182
f 2559/74/1182 2495/73/1183 2494/73/1174
f 2502/73/1184 2495/73/1183 2559/74/1182
f 2559/74/1182 2564/74/1187 2502/73/1184
f 2560/75/1220 2558/75/1219 2556/77/1218
f 2556/77/1218 2561/77/1221 2560/75/1220
f 2559/74/1182 2558/75/1219 2560/75/1220
f 2560/75/1220 2564/74/1187 2559/74/1182
f 2560/75/1220 2561/77/1221 2562/76/1222
f 2562/76/1222 2563/75/1223 2560/75/1220
f 2564/74/1187 2560/75/1220 2563/75/1223
f 2563/75/1223 2565/74/1114 2564/74/1187
f 2424/73/1115 2502/73/1184 2564/74/1187
f 2564/74/1187 2565/74/1114 2424/73/1115
f 2416/73/1110 2424/73/1115 2565/74/1114
f 2565/74/1114 2566/74/1109 2416/73/1110
f 2414/73/1108 2416/73/1110 2566/74/1109
f 2566/74/1109 2571/74/1105 2414/73/1108
f 2567/75/1224 2566/74/1109 2565/74/1114
f 2565/74/1114 2563/75/1223 2567/75/1224
f 2567/75/1224 2563/75/1223 2562/76/1222
f 2562/76/1222 2568/77/1225 2567/75/1224
f 2569/75/1226 2567/75/1224 2568/77/1225
f 2568/77/1225 2570/77/1227 2569/75/1226
f 2566/74/1109 2567/75/1224 2569/75/1226
f 2569/75/1226 2571/74/1105 2566/74/1109
f 2569/75/1226 2570/77/1227 2434/76/1121
f 2434/76/1121 2433/75/1120 2569/75/1226
f 2571/74/1105 2569/75/1226 2433/75/1120
f 2433/75/1120 2429/74/1106 2571/74/1105
f 2413/73/1107 2414/73/1108 2571/74/1105
f 2571/74/1105 2429/74/1106 2413/73/1107
f 2572/83/1228 2476/82/1161 2475/82/1160
f 2475/82/1160 2576/83/1232 2572/83/1228
f 2483/82/1168 2476/82/1161 2572/83/1228
f 2572/83/1228 2573/83/1229 2483/82/1168
f 2484/81/1169 2483/82/1168 2573/83/1229
f 2573/83/1229 2530/82/1205 2484/81/1169
f 2532/82/1207 2530/82/1205 2573/83/1229
f 2573/83/1229 2574/83/1230 2532/82/1207
f 2574/83/1230 2573/83/1229 2572/83/1228
f 2572/83/1228 2575/83/1231 2574/83/1230
f 2517/81/1196 2532/82/1207 2574/83/1230
f 2574/83/1230 2518/82/1197 2517/81/1196
f 2520/82/1199 2518/82/1197 2574/83/1230
f 2574/83/1230 2575/83/1231 2520/82/1199
f 2575/83/1231 2572/83/1228 2576/83/1232
f 2576/83/1232 2577/83/1233 2575/83/1231
f 2520/82/1199 2575/83/1231 2577/83/1233
f 2577/83/1233 2521/82/1200 2520/82/1199
f 2526/82/1203 2521/82/1200 2577/83/1233
f 2577/83/1233 2579/83/1235 2526/82/1203
f 2578/83/1234 2576/83/1232 2475/82/1160
f 2475/82/1160 2473/82/1158 2578/83/1234
f 2577/83/1233 2576/83/1232 2578/83/1234
f 2578/83/1234 2579/83/1235 2577/83/1233
f 2578/83/1234 2473/82/1158 2472/81/1157
f 2472/81/1157 2511/82/1193 2578/83/1234
f 2579/83/1235 2578/83/1234 2511/82/1193
f 2511/82/1193 2509/82/1191 2579/83/1235
f 2508/81/1190 2526/82/1203 2579/83/1235
f 2579/83/1235 2509/82/1191 2508/81/1190
f 2445/77/1132 2438/77/1125 2580/84/1236
f 2580/84/1236 2581/84/1237 2445/77/1132
f 2580/84/1236 2438/77/1125 2437/77/1124
f 2437/77/1124 2584/84/1240 2580/84/1236
f 2446/76/1133 2445/77/1132 2581/84/1237
f 2581/84/1237 2544/77/1209 2446/76/1133
f 2546/77/1211 2544/77/1209 2581/84/1237
f 2581/84/1237 2582/84/1238 2546/77/1211
f 2582/84/1238 2581/84/1237 2580/84/1236
f 2580/84/1236 2583/84/1239 2582/84/1238
f 2547/76/1212 2546/77/1211 2582/84/1238
f 2582/84/1238 2553/77/1215 2547/76/1212
f 2555/77/1217 2553/77/1215 2582/84/1238
f 2582/84/1238 2583/84/1239 2555/77/1217
f 2583/84/1239 2580/84/1236 2584/84/1240
f 2584/84/1240 2585/84/1241 2583/84/1239
f 2555/77/1217 2583/84/1239 2585/84/1241
f 2585/84/1241 2556/77/1218 2555/77/1217
f 2561/77/1221 2556/77/1218 2585/84/1241
f 2585/84/1241 2587/84/1243 2561/77/1221
f 2586/84/1242 2584/84/1240 2437/77/1124
f 2437/77/1124 2435/77/1122 2586/84/1242
f 2585/84/1241 2584/84/1240 2586/84/1242
f 2586/84/1242 2587/84/1243 2585/84/1241
f 2586/84/1242 2435/77/1122 2434/76/1121
f 2434/76/1121 2570/77/1227 2586/84/1242
f 2587/84/1243 2586/84/1242 2570/77/1227
f 2570/77/1227 2568/77/1225 2587/84/1243
f 2562/76/1222 2561/77/1221 2587/84/1243
f 2587/84/1243 2568/77/1225 2562/76/1222
f 2588/85/1617 2590/87/1619 2589/86/1618
f 2589/86/1618 2591/85/1620 2588/85/1617
f 2592/88/1621 2588/85/1617 2591/85/1620
f 2591/85/1620 2600/88/1629 2592/88/1621
f 2591/85/1620 2589/86/1618 2593/89/1622
f 2593/89/1622 2598/85/1627 2591/85/1620
f 2593/89/1622 2589/86/1618 2594/90/1623
f 2594/90/1623 2595/91/1624 2593/89/1622
f 2596/86/1625 2593/89/1622 2595/91/1624
f 2595/91/1624 2597/90/1626 2596/86/1625
f 2598/85/1627 2593/89/1622 2596/86/1625
f 2596/86/1625 2599/85/1628 2598/85/1627
f 2600/88/1629 2591/85/1620 2598/85/1627
f 2598/85/1627 2601/88/1630 2600/88/1629
f 2601/88/1630 2598/85/1627 2599/85/1628
f 2599/85/1628 2602/88/1631 2601/88/1630
f 2601/88/1630 2602/88/1631 2603/92/1632
f 2603/92/1632 2604/92/1633 2601/88/1630
f 2600/88/1629 2601/88/1630 2604/92/1633
f 2604/92/1633 2605/92/1634 2600/88/1629
f 2592/88/1621 2600/88/1629 2605/92/1634
f 2605/92/1634 2606/92/1635 2592/88/1621
f 2607/92/1636 2603/92/1632 2602/88/1631
f 2602/88/1631 2608/88/1637 2607/92/1636
f 2609/92/1638 2607/92/1636 2608/88/1637
f 2608/88/1637 2610/88/1639 2609/92/1638
f 2611/85/1640 2608/88/1637 2602/88/1631
f 2602/88/1631 2599/85/1628 2611/85/1640
f 2612/85/1641 2610/88/1639 2608/88/1637
f 2608/88/1637 2611/85/1640 2612/85/1641
f 2613/87/1642 2611/85/1640 2599/85/1628
f 2599/85/1628 2596/86/1625 2613/87/1642
f 2613/87/1642 2596/86/1625 2597/90/1626
f 2597/90/1626 2614/93/1643 2613/87/1642
f 2611/85/1640 2613/87/1642 2615/94/1644
f 2615/94/1644 2612/85/1641 2611/85/1640
f 2615/94/1644 2613/87/1642 2614/93/1643
f 2614/93/1643 2616/95/1645 2615/94/1644
f 2617/96/1646 2615/94/1644 2616/95/1645
f 2616/95/1645 2618/97/1647 2617/96/1646
f 2612/85/1641 2615/94/1644 2617/96/1646
f 2617/96/1646 2619/85/1648 2612/85/1641
f 2610/88/1639 2612/85/1641 2619/85/1648
f 2619/85/1648 2620/88/1649 2610/88/1639
f 2621/92/1650 2609/92/1638 2610/88/1639
f 2610/88/1639 2620/88/1649 2621/92/1650
f 2622/92/1651 2621/92/1650 2620/88/1649
f 2620/88/1649 2623/88/1652 2622/92/1651
f 2624/92/1653 2622/92/1651 2623/88/1652
f 2623/88/1652 2625/88/1654 2624/92/1653
f 2626/85/1655 2623/88/1652 2620/88/1649
f 2620/88/1649 2619/85/1648 2626/85/1655
f 2627/98/1656 2626/85/1655 2619/85/1648
f 2619/85/1648 2617/96/1646 2627/98/1656
f 2627/98/1656 2617/96/1646 2618/97/1647
f 2618/97/1647 2628/99/1657 2627/98/1656
f 2629/92/1658 2624/92/1653 2625/88/1654
f 2625/88/1654 2630/88/1659 2629/92/1658
f 2631/92/1660 2629/92/1658 2630/88/1659
f 2630/88/1659 2632/88/1661 2631/92/1660
f 2633/85/1662 2632/88/1661 2630/88/1659
f 2630/88/1659 2634/85/1663 2633/85/1662
f 2634/85/1663 2630/88/1659 2625/88/1654
f 2625/88/1654 2636/85/1665 2634/85/1663
f 2635/96/1664 2633/85/1662 2634/85/1663
f 2634/85/1663 2637/98/1666 2635/96/1664
f 2636/85/1665 2625/88/1654 2623/88/1652
f 2623/88/1652 2626/85/1655 2636/85/1665
f 2637/98/1666 2634/85/1663 2636/85/1665
f 2636/85/1665 2638/98/1667 2637/98/1666
f 2638/98/1667 2636/85/1665 2626/85/1655
f 2626/85/1655 2627/98/1656 2638/98/1667
f 2638/98/1667 2627/98/1656 2628/99/1657
f 2628/99/1657 2639/100/1668 2638/98/1667
f 2637/98/1666 2638/98/1667 2639/100/1668
f 2639/100/1668 2640/99/1669 2637/98/1666
f 2635/96/1664 2637/98/1666 2640/99/1669
f 2640/99/1669 2641/97/1670 2635/96/1664
f 2642/92/1671 2631/92/1660 2632/88/1661
f 2632/88/1661 2643/88/1672 2642/92/1671
f 2606/92/1635 2642/92/1671 2643/88/1672
f 2643/88/1672 2592/88/1621 2606/92/1635
f 2588/85/1617 2592/88/1621 2643/88/1672
f 2643/88/1672 2644/85/1673 2588/85/1617
f 2644/85/1673 2643/88/1672 2632/88/1661
f 2632/88/1661 2633/85/1662 2644/85/1673
f 2590/87/1619 2588/85/1617 2644/85/1673
f 2644/85/1673 2645/94/1674 2590/87/1619
f 2645/94/1674 2644/85/1673 2633/85/1662
f 2633/85/1662 2635/96/1664 2645/94/1674
f 2645/94/1674 2635/96/1664 2641/97/1670
f 2641/97/1670 2646/95/1675 2645/94/1674
f 2590/87/1619 2645/94/1674 2646/95/1675
f 2646/95/1675 2647/93/1676 2590/87/1619
f 2589/86/1618 2590/87/1619 2647/93/1676
f 2647/93/1676 2594/90/1623 2589/86/1618
f 2649/102/1678 2648/101/1677 2594/90/1623
f 2594/90/1623 2647/93/1676 2649/102/1678
f 2595/91/1624 2594/90/1623 2648/101/1677
f 2648/101/1677 2650/103/1679 2595/91/1624
f 2597/90/1626 2595/91/1624 2650/103/1679
f 2650/103/1679 2655/101/1684 2597/90/1626
f 2652/105/1681 2649/102/1678 2647/93/1676
f 2647/93/1676 2646/95/1675 2652/105/1681
f 2649/102/1678 2652/105/1681 2653/106/1682
f 2653/106/1682 2651/104/1680 2649/102/1678
f 2653/106/1682 2652/105/1681 2646/95/1675
f 2646/95/1675 2641/97/1670 2653/106/1682
f 2651/104/1680 2653/106/1682 2641/97/1670
f 2641/97/1670 2640/99/1669 2651/104/1680
f 2654/104/1683 2651/104/1680 2640/99/1669
f 2640/99/1669 2639/100/1668 2654/104/1683
f 2650/103/1679 2651/104/1680 2654/104/1683
f 2654/104/1683 2655/101/1684 2650/103/1679
f 2614/93/1643 2597/90/1626 2655/101/1684
f 2655/101/1684 2657/102/1686 2614/93/1643
f 2656/104/1685 2654/104/1683 2639/100/1668
f 2639/100/1668 2628/99/1657 2656/104/1685
f 2655/101/1684 2654/104/1683 2656/104/1685
f 2656/104/1685 2657/102/1686 2655/101/1684
f 2616/95/1645 2614/93/1643 2657/102/1686
f 2657/102/1686 2659/105/1688 2616/95/1645
f 2658/106/1687 2656/104/1685 2628/99/1657
f 2628/99/1657 2618/97/1647 2658/106/1687
f 2657/102/1686 2656/104/1685 2658/106/1687
f 2658/106/1687 2659/105/1688 2657/102/1686
f 2659/105/1688 2658/106/1687 2618/97/1647
f 2618/97/1647 2616/95/1645 2659/105/1688
f 2606/92/1635 2605/92/1634 2660/107/1689
f 2660/107/1689 2661/107/1690 2606/92/1635
f 2642/92/1671 2606/92/1635 2661/107/1690
f 2661/107/1690 2662/107/1691 2642/92/1671
f 2631/92/1660 2642/92/1671 2662/107/1691
f 2662/107/1691 2663/107/1692 2631/92/1660
f 2663/107/1692 2662/107/1691 2661/107/1690
f 2661/107/1690 2660/107/1689 2663/107/1692
f 2629/92/1658 2631/92/1660 2663/107/1692
f 2663/107/1692 2664/107/1693 2629/92/1658
f 2624/92/1653 2629/92/1658 2664/107/1693
f 2664/107/1693 2666/107/1695 2624/92/1653
f 2665/107/1694 2660/107/1689 2605/92/1634
f 2605/92/1634 2604/92/1633 2665/107/1694
f 2667/107/1696 2666/107/1695 2664/107/1693
f 2664/107/1693 2665/107/1694 2667/107/1696
f 2622/92/1651 2624/92/1653 2666/107/1695
f 2666/107/1695 2668/107/1697 2622/92/1651
f 2667/107/1696 2665/107/1694 2604/92/1633
f 2604/92/1633 2603/92/1632 2667/107/1696
f 2669/107/1698 2668/107/1697 2666/107/1695
f 2666/107/1695 2667/107/1696 2669/107/1698
f 2621/92/1650 2622/92/1651 2668/107/1697
f 2668/107/1697 2670/107/1699 2621/92/1650
f 2669/107/1698 2667/107/1696 2603/92/1632
f 2603/92/1632 2607/92/1636 2669/107/1698
f 2671/107/1700 2670/107/1699 2668/107/1697
f 2668/107/1697 2669/107/1698 2671/107/1700
f 2609/92/1638 2621/92/1650 2670/107/1699
f 2670/107/1699 2671/107/1700 2609/92/1638
f 2671/107/1700 2669/107/1698 2607/92/1636
f 2607/92/1636 2609/92/1638 2671/107/1700
f 2672/85/1701 2674/87/1703 2673/86/1702
f 2673/86/1702 2675/85/1704 2672/85/1701
f 2676/88/1547 2672/85/1701 2675/85/1704
f 2675/85/1704 2684/88/1553 2676/88/1547
f 2675/85/1704 2673/86/1702 2677/89/1705
f 2677/89/1705 2682/85/1710 2675/85/1704
f 2677/89/1705 2673/86/1702 2678/90/1706
f 2678/90/1706 2679/91/1707 2677/89/1705
f 2680/86/1708 2677/89/1705 2679/91/1707
f 2679/91/1707 2681/90/1709 2680/86/1708
f 2682/85/1710 2677/89/1705 2680/86/1708
f 2680/86/1708 2683/85/1711 2682/85/1710
f 2684/88/1553 2675/85/1704 2682/85/1710
f 2682/85/1710 2685/88/1555 2684/88/1553
f 2685/88/1555 2682/85/1710 2683/85/1711
f 2683/85/1711 2686/88/1565 2685/88/1555
f 2685/88/1555 2686/88/1565 2687/92/1566
f 2687/92/1566 2688/92/1554 2685/88/1555
f 2684/88/1553 2685/88/1555 2688/92/1554
f 2688/92/1554 2689/92/1552 2684/88/1553
f 2676/88/1547 2684/88/1553 2689/92/1552
f 2689/92/1552 2690/92/1548 2676/88/1547
f 2691/92/1567 2687/92/1566 2686/88/1565
f 2686/88/1565 2692/88/1568 2691/92/1567
f 2693/92/1569 2691/92/1567 2692/88/1568
f 2692/88/1568 2694/88/1570 2693/92/1569
f 2695/85/1712 2692/88/1568 2686/88/1565
f 2686/88/1565 2683/85/1711 2695/85/1712
f 2696/85/49 2694/88/1570 2692/88/1568
f 2692/88/1568 2695/85/1712 2696/85/49
f 2697/87/1713 2695/85/1712 2683/85/1711
f 2683/85/1711 2680/86/1708 2697/87/1713
f 2697/87/1713 2680/86/1708 2681/90/1709
f 2681/90/1709 2698/93/1714 2697/87/1713
f 2695/85/1712 2697/87/1713 2699/94/1715
f 2699/94/1715 2696/85/49 2695/85/1712
f 2699/94/1715 2697/87/1713 2698/93/1714
f 2698/93/1714 2700/95/1716 2699/94/1715
f 2701/96/1717 2699/94/1715 2700/95/1716
f 2700/95/1716 2702/97/1718 2701/96/1717
f 2696/85/49 2699/94/1715 2701/96/1717
f 2701/96/1717 2703/85/1719 2696/85/49
f 2694/88/1570 2696/85/49 2703/85/1719
f 2703/85/1719 2704/88/1575 2694/88/1570
f 2705/92/1574 2693/92/1569 2694/88/1570
f 2694/88/1570 2704/88/1575 2705/92/1574
f 2706/92/1576 2705/92/1574 2704/88/1575
f 2704/88/1575 2707/88/1577 2706/92/1576
f 2708/92/1587 2706/92/1576 2707/88/1577
f 2707/88/1577 2709/88/1588 2708/92/1587
f 2710/85/1720 2707/88/1577 2704/88/1575
f 2704/88/1575 2703/85/1719 2710/85/1720
f 2711/98/1721 2710/85/1720 2703/85/1719
f 2703/85/1719 2701/96/1717 2711/98/1721
f 2711/98/1721 2701/96/1717 2702/97/1718
f 2702/97/1718 2712/99/1722 2711/98/1721
f 2713/92/1551 2708/92/1587 2709/88/1588
f 2709/88/1588 2714/88/1537 2713/92/1551
f 2715/92/1550 2713/92/1551 2714/88/1537
f 2714/88/1537 2716/88/1545 2715/92/1550
f 2717/85/1723 2716/88/1545 2714/88/1537
f 2714/88/1537 2718/85/1724 2717/85/1723
f 2718/85/1724 2714/88/1537 2709/88/1588
f 2709/88/1588 2720/85/1726 2718/85/1724
f 2719/96/1725 2717/85/1723 2718/85/1724
f 2718/85/1724 2721/98/1727 2719/96/1725
f 2720/85/1726 2709/88/1588 2707/88/1577
f 2707/88/1577 2710/85/1720 2720/85/1726
f 2721/98/1727 2718/85/1724 2720/85/1726
f 2720/85/1726 2722/98/1728 2721/98/1727
f 2722/98/1728 2720/85/1726 2710/85/1720
f 2710/85/1720 2711/98/1721 2722/98/1728
f 2722/98/1728 2711/98/1721 2712/99/1722
f 2712/99/1722 2723/100/1729 2722/98/1728
f 2721/98/1727 2722/98/1728 2723/100/1729
f 2723/100/1729 2724/99/1730 2721/98/1727
f 2719/96/1725 2721/98/1727 2724/99/1730
f 2724/99/1730 2725/97/1731 2719/96/1725
f 2726/92/1549 2715/92/1550 2716/88/1545
f 2716/88/1545 2727/88/1546 2726/92/1549
f 2690/92/1548 2726/92/1549 2727/88/1546
f 2727/88/1546 2676/88/1547 2690/92/1548
f 2672/85/1701 2676/88/1547 2727/88/1546
f 2727/88/1546 2728/85/1732 2672/85/1701
f 2728/85/1732 2727/88/1546 2716/88/1545
f 2716/88/1545 2717/85/1723 2728/85/1732
f 2674/87/1703 2672/85/1701 2728/85/1732
f 2728/85/1732 2729/94/1733 2674/87/1703
f 2729/94/1733 2728/85/1732 2717/85/1723
f 2717/85/1723 2719/96/1725 2729/94/1733
f 2729/94/1733 2719/96/1725 2725/97/1731
f 2725/97/1731 2730/95/1734 2729/94/1733
f 2674/87/1703 2729/94/1733 2730/95/1734
f 2730/95/1734 2731/93/1735 2674/87/1703
f 2673/86/1702 2674/87/1703 2731/93/1735
f 2731/93/1735 2678/90/1706 2673/86/1702
f 2733/102/1737 2732/101/1736 2678/90/1706
f 2678/90/1706 2731/93/1735 2733/102/1737
f 2679/91/1707 2678/90/1706 2732/101/1736
f 2732/101/1736 2734/103/1738 2679/91/1707
f 2681/90/1709 2679/91/1707 2734/103/1738
f 2734/103/1738 2739/101/1743 2681/90/1709
f 2736/105/1740 2733/102/1737 2731/93/1735
f 2731/93/1735 2730/95/1734 2736/105/1740
f 2733/102/1737 2736/105/1740 2737/106/1741
f 2737/106/1741 2735/104/1739 2733/102/1737
f 2737/106/1741 2736/105/1740 2730/95/1734
f 2730/95/1734 2725/97/1731 2737/106/1741
f 2735/104/1739 2737/106/1741 2725/97/1731
f 2725/97/1731 2724/99/1730 2735/104/1739
f 2738/104/1742 2735/104/1739 2724/99/1730
f 2724/99/1730 2723/100/1729 2738/104/1742
f 2734/103/1738 2735/104/1739 2738/104/1742
f 2738/104/1742 2739/101/1743 2734/103/1738
f 2698/93/1714 2681/90/1709 2739/101/1743
f 2739/101/1743 2741/102/1745 2698/93/1714
f 2740/104/1744 2738/104/1742 2723/100/1729
f 2723/100/1729 2712/99/1722 2740/104/1744
f 2739/101/1743 2738/104/1742 2740/104/1744
f 2740/104/1744 2741/102/1745 2739/101/1743
f 2700/95/1716 2698/93/1714 2741/102/1745
f 2741/102/1745 2743/105/1747 2700/95/1716
f 2742/106/1746 2740/104/1744 2712/99/1722
f 2712/99/1722 2702/97/1718 2742/106/1746
f 2741/102/1745 2740/104/1744 2742/106/1746
f 2742/106/1746 2743/105/1747 2741/102/1745
f 2743/105/1747 2742/106/1746 2702/97/1718
f 2702/97/1718 2700/95/1716 2743/105/1747
f 2690/92/1548 2689/92/1552 2744/107/1748
f 2744/107/1748 2745/107/1749 2690/92/1548
f 2726/92/1549 2690/92/1548 2745/107/1749
f 2745/107/1749 2746/107/1750 2726/92/1549
f 2715/92/1550 2726/92/1549 2746/107/1750
f 2746/107/1750 2747/107/1751 2715/92/1550
f 2747/107/1751 2746/107/1750 2745/107/1749
f 2745/107/1749 2744/107/1748 2747/107/1751
f 2713/92/1551 2715/92/1550 2747/107/1751
f 2747/107/1751 2748/107/1752 2713/92/1551
f 2708/92/1587 2713/92/1551 2748/107/1752
f 2748/107/1752 2750/107/1754 2708/92/1587
f 2749/107/1753 2744/107/1748 2689/92/1552
f 2689/92/1552 2688/92/1554 2749/107/1753
f 2751/107/1755 2750/107/1754 2748/107/1752
f 2748/107/1752 2749/107/1753 2751/107/1755
f 2706/92/1576 2708/92/1587 2750/107/1754
f 2750/107/1754 2752/107/1608 2706/92/1576
f 2751/107/1755 2749/107/1753 2688/92/1554
f 2688/92/1554 2687/92/1566 2751/107/1755
f 2753/107/1613 2752/107/1608 2750/107/1754
f 2750/107/1754 2751/107/1755 2753/107/1613
f 2705/92/1574 2706/92/1576 2752/107/1608
f 2752/107/1608 2754/107/1756 2705/92/1574
f 2753/107/1613 2751/107/1755 2687/92/1566
f 2687/92/1566 2691/92/1567 2753/107/1613
f 2755/107/1757 2754/107/1756 2752/107/1608
f 2752/107/1608 2753/107/1613 2755/107/1757
f 2693/92/1569 2705/92/1574 2754/107/1756
f 2754/107/1756 2755/107/1757 2693/92/1569
f 2755/107/1757 2753/107/1613 2691/92/1567
f 2691/92/1567 2693/92/1569 2755/107/1757
f 2756/85/1533 2758/87/1535 2757/86/1534
f 2757/86/1534 2759/85/1536 2756/85/1533
f 2760/88/1537 2756/85/1533 2759/85/1536
f 2759/85/1536 2768/88/1545 2760/88/1537
f 2759/85/1536 2757/86/1534 2761/89/1538
f 2761/89/1538 2766/85/1543 2759/85/1536
f 2761/89/1538 2757/86/1534 2762/90/1539
f 2762/90/1539 2763/91/1540 2761/89/1538
f 2764/86/1541 2761/89/1538 2763/91/1540
f 2763/91/1540 2765/90/1542 2764/86/1541
f 2766/85/1543 2761/89/1538 2764/86/1541
f 2764/86/1541 2767/85/1544 2766/85/1543
f 2768/88/1545 2759/85/1536 2766/85/1543
f 2766/85/1543 2769/88/1546 2768/88/1545
f 2769/88/1546 2766/85/1543 2767/85/1544
f 2767/85/1544 2770/88/1547 2769/88/1546
f 2769/88/1546 2770/88/1547 2771/92/1548
f 2771/92/1548 2772/92/1549 2769/88/1546
f 2768/88/1545 2769/88/1546 2772/92/1549
f 2772/92/1549 2773/92/1550 2768/88/1545
f 2760/88/1537 2768/88/1545 2773/92/1550
f 2773/92/1550 2774/92/1551 2760/88/1537
f 2775/92/1552 2771/92/1548 2770/88/1547
f 2770/88/1547 2776/88/1553 2775/92/1552
f 2777/92/1554 2775/92/1552 2776/88/1553
f 2776/88/1553 2778/88/1555 2777/92/1554
f 2779/85/1556 2776/88/1553 2770/88/1547
f 2770/88/1547 2767/85/1544 2779/85/1556
f 2780/85/1557 2778/88/1555 2776/88/1553
f 2776/88/1553 2779/85/1556 2780/85/1557
f 2781/87/1558 2779/85/1556 2767/85/1544
f 2767/85/1544 2764/86/1541 2781/87/1558
f 2781/87/1558 2764/86/1541 2765/90/1542
f 2765/90/1542 2782/93/1559 2781/87/1558
f 2779/85/1556 2781/87/1558 2783/94/1560
f 2783/94/1560 2780/85/1557 2779/85/1556
f 2783/94/1560 2781/87/1558 2782/93/1559
f 2782/93/1559 2784/95/1561 2783/94/1560
f 2785/96/1562 2783/94/1560 2784/95/1561
f 2784/95/1561 2786/97/1563 2785/96/1562
f 2780/85/1557 2783/94/1560 2785/96/1562
f 2785/96/1562 2787/85/1564 2780/85/1557
f 2778/88/1555 2780/85/1557 2787/85/1564
f 2787/85/1564 2788/88/1565 2778/88/1555
f 2789/92/1566 2777/92/1554 2778/88/1555
f 2778/88/1555 2788/88/1565 2789/92/1566
f 2790/92/1567 2789/92/1566 2788/88/1565
f 2788/88/1565 2791/88/1568 2790/92/1567
f 2792/92/1569 2790/92/1567 2791/88/1568
f 2791/88/1568 2793/88/1570 2792/92/1569
f 2794/85/1571 2791/88/1568 2788/88/1565
f 2788/88/1565 2787/85/1564 2794/85/1571
f 2795/98/1572 2794/85/1571 2787/85/1564
f 2787/85/1564 2785/96/1562 2795/98/1572
f 2795/98/1572 2785/96/1562 2786/97/1563
f 2786/97/1563 2796/99/1758 2795/98/1572
f 2797/92/1574 2792/92/1569 2793/88/1570
f 2793/88/1570 2798/88/1575 2797/92/1574
f 2799/92/1576 2797/92/1574 2798/88/1575
f 2798/88/1575 2800/88/1577 2799/92/1576
f 2801/85/1578 2800/88/1577 2798/88/1575
f 2798/88/1575 2802/85/1579 2801/85/1578
f 2802/85/1579 2798/88/1575 2793/88/1570
f 2793/88/1570 2804/85/1581 2802/85/1579
f 2803/96/1580 2801/85/1578 2802/85/1579
f 2802/85/1579 2805/98/1582 2803/96/1580
f 2804/85/1581 2793/88/1570 2791/88/1568
f 2791/88/1568 2794/85/1571 2804/85/1581
f 2805/98/1582 2802/85/1579 2804/85/1581
f 2804/85/1581 2806/98/1759 2805/98/1582
f 2806/98/1759 2804/85/1581 2794/85/1571
f 2794/85/1571 2795/98/1572 2806/98/1759
f 2806/98/1759 2795/98/1572 2796/99/1758
f 2796/99/1758 2807/100/1584 2806/98/1759
f 2805/98/1582 2806/98/1759 2807/100/1584
f 2807/100/1584 2808/99/1760 2805/98/1582
f 2803/96/1580 2805/98/1582 2808/99/1760
f 2808/99/1760 2809/97/1586 2803/96/1580
f 2810/92/1587 2799/92/1576 2800/88/1577
f 2800/88/1577 2811/88/1588 2810/92/1587
f 2774/92/1551 2810/92/1587 2811/88/1588
f 2811/88/1588 2760/88/1537 2774/92/1551
f 2756/85/1533 2760/88/1537 2811/88/1588
f 2811/88/1588 2812/85/1589 2756/85/1533
f 2812/85/1589 2811/88/1588 2800/88/1577
f 2800/88/1577 2801/85/1578 2812/85/1589
f 2758/87/1535 2756/85/1533 2812/85/1589
f 2812/85/1589 2813/94/1590 2758/87/1535
f 2813/94/1590 2812/85/1589 2801/85/1578
f 2801/85/1578 2803/96/1580 2813/94/1590
f 2813/94/1590 2803/96/1580 2809/97/1586
f 2809/97/1586 2814/95/1591 2813/94/1590
f 2758/87/1535 2813/94/1590 2814/95/1591
f 2814/95/1591 2815/93/1592 2758/87/1535
f 2757/86/1534 2758/87/1535 2815/93/1592
f 2815/93/1592 2762/90/1539 2757/86/1534
f 2817/102/1594 2816/101/1593 2762/90/1539
f 2762/90/1539 2815/93/1592 2817/102/1594
f 2763/91/1540 2762/90/1539 2816/101/1593
f 2816/101/1593 2818/103/1595 2763/91/1540
f 2765/90/1542 2763/91/1540 2818/103/1595
f 2818/103/1595 2823/101/1600 2765/90/1542
f 2820/105/1597 2817/102/1594 2815/93/1592
f 2815/93/1592 2814/95/1591 2820/105/1597
f 2817/102/1594 2820/105/1597 2821/106/1598
f 2821/106/1598 2819/104/1596 2817/102/1594
f 2821/106/1598 2820/105/1597 2814/95/1591
f 2814/95/1591 2809/97/1586 2821/106/1598
f 2819/104/1596 2821/106/1598 2809/97/1586
f 2809/97/1586 2808/99/1760 2819/104/1596
f 2822/104/1599 2819/104/1596 2808/99/1760
f 2808/99/1760 2807/100/1584 2822/104/1599
f 2818/103/1595 2819/104/1596 2822/104/1599
f 2822/104/1599 2823/101/1600 2818/103/1595
f 2782/93/1559 2765/90/1542 2823/101/1600
f 2823/101/1600 2825/102/1602 2782/93/1559
f 2824/104/1601 2822/104/1599 2807/100/1584
f 2807/100/1584 2796/99/1758 2824/104/1601
f 2823/101/1600 2822/104/1599 2824/104/1601
f 2824/104/1601 2825/102/1602 2823/101/1600
f 2784/95/1561 2782/93/1559 2825/102/1602
f 2825/102/1602 2827/105/1604 2784/95/1561
f 2826/106/1603 2824/104/1601 2796/99/1758
f 2796/99/1758 2786/97/1563 2826/106/1603
f 2825/102/1602 2824/104/1601 2826/106/1603
f 2826/106/1603 2827/105/1604 2825/102/1602
f 2827/105/1604 2826/106/1603 2786/97/1563
f 2786/97/1563 2784/95/1561 2827/105/1604
f 2774/92/1551 2773/92/1550 2828/107/1605
f 2828/107/1605 2829/107/1606 2774/92/1551
f 2810/92/1587 2774/92/1551 2829/107/1606
f 2829/107/1606 2830/107/1607 2810/92/1587
f 2799/92/1576 2810/92/1587 2830/107/1607
f 2830/107/1607 2831/107/1608 2799/92/1576
f 2831/107/1608 2830/107/1607 2829/107/1606
f 2829/107/1606 2828/107/1605 2831/107/1608
f 2797/92/1574 2799/92/1576 2831/107/1608
f 2831/107/1608 2832/107/1609 2797/92/1574
f 2792/92/1569 2797/92/1574 2832/107/1609
f 2832/107/1609 2834/107/1611 2792/92/1569
f 2833/107/1610 2828/107/1605 2773/92/1550
f 2773/92/1550 2772/92/1549 2833/107/1610
f 2835/107/1612 2834/107/1611 2832/107/1609
f 2832/107/1609 2833/107/1610 2835/107/1612
f 2790/92/1567 2792/92/1569 2834/107/1611
f 2834/107/1611 2836/107/1613 2790/92/1567
f 2835/107/1612 2833/107/1610 2772/92/1549
f 2772/92/1549 2771/92/1548 2835/107/1612
f 2837/107/1614 2836/107/1613 2834/107/1611
f 2834/107/1611 2835/107/1612 2837/107/1614
f 2789/92/1566 2790/92/1567 2836/107/1613
f 2836/107/1613 2838/107/1615 2789/92/1566
f 2837/107/1614 2835/107/1612 2771/92/1548
f 2771/92/1548 2775/92/1552 2837/107/1614
f 2839/107/1616 2838/107/1615 2836/107/1613
f 2836/107/1613 2837/107/1614 2839/107/1616
f 2777/92/1554 2789/92/1566 2838/107/1615
f 2838/107/1615 2839/107/1616 2777/92/1554
f 2839/107/1616 2837/107/1614 2775/92/1552
f 2775/92/1552 2777/92/1554 2839/107/1616
f 2840/85/1761 2842/87/1763 2841/86/1762
f 2841/86/1762 2843/85/1764 2840/85/1761
f 2844/88/1765 2840/85/1761 2843/85/1764
f 2843/85/1764 2852/88/1773 2844/88/1765
f 2843/85/1764 2841/86/1762 2845/89/1766
f 2845/89/1766 2850/85/1771 2843/85/1764
f 2845/89/1766 2841/86/1762 2846/90/1767
f 2846/90/1767 2847/91/1768 2845/89/1766
f 2848/86/1769 2845/89/1766 2847/91/1768
f 2847/91/1768 2849/90/1770 2848/86/1769
f 2850/85/1771 2845/89/1766 2848/86/1769
f 2848/86/1769 2851/85/1772 2850/85/1771
f 2852/88/1773 2843/85/1764 2850/85/1771
f 2850/85/1771 2853/88/1774 2852/88/1773
f 2853/88/1774 2850/85/1771 2851/85/1772
f 2851/85/1772 2854/88/1775 2853/88/1774
f 2853/88/1774 2854/88/1775 2855/92/1776
f 2855/92/1776 2856/92/1777 2853/88/1774
f 2852/88/1773 2853/88/1774 2856/92/1777
f 2856/92/1777 2857/92/1778 2852/88/1773
f 2844/88/1765 2852/88/1773 2857/92/1778
f 2857/92/1778 2858/92/1779 2844/88/1765
f 2859/92/1780 2855/92/1776 2854/88/1775
f 2854/88/1775 2860/88/1781 2859/92/1780
f 2861/92/1782 2859/92/1780 2860/88/1781
f 2860/88/1781 2862/88/1783 2861/92/1782
f 2863/85/1784 2860/88/1781 2854/88/1775
f 2854/88/1775 2851/85/1772 2863/85/1784
f 2864/85/1557 2862/88/1783 2860/88/1781
f 2860/88/1781 2863/85/1784 2864/85/1557
f 2865/87/1785 2863/85/1784 2851/85/1772
f 2851/85/1772 2848/86/1769 2865/87/1785
f 2865/87/1785 2848/86/1769 2849/90/1770
f 2849/90/1770 2866/93/1786 2865/87/1785
f 2863/85/1784 2865/87/1785 2867/94/1787
f 2867/94/1787 2864/85/1557 2863/85/1784
f 2867/94/1787 2865/87/1785 2866/93/1786
f 2866/93/1786 2868/95/1788 2867/94/1787
f 2869/96/1789 2867/94/1787 2868/95/1788
f 2868/95/1788 2870/97/1790 2869/96/1789
f 2864/85/1557 2867/94/1787 2869/96/1789
f 2869/96/1789 2871/85/1791 2864/85/1557
f 2862/88/1783 2864/85/1557 2871/85/1791
f 2871/85/1791 2872/88/1792 2862/88/1783
f 2873/92/1793 2861/92/1782 2862/88/1783
f 2862/88/1783 2872/88/1792 2873/92/1793
f 2874/92/1794 2873/92/1793 2872/88/1792
f 2872/88/1792 2875/88/1795 2874/92/1794
f 2876/92/1796 2874/92/1794 2875/88/1795
f 2875/88/1795 2877/88/1797 2876/92/1796
f 2878/85/1798 2875/88/1795 2872/88/1792
f 2872/88/1792 2871/85/1791 2878/85/1798
f 2879/98/1799 2878/85/1798 2871/85/1791
f 2871/85/1791 2869/96/1789 2879/98/1799
f 2879/98/1799 2869/96/1789 2870/97/1790
f 2870/97/1790 2880/99/1800 2879/98/1799
f 2881/92/1801 2876/92/1796 2877/88/1797
f 2877/88/1797 2882/88/1802 2881/92/1801
f 2883/92/1803 2881/92/1801 2882/88/1802
f 2882/88/1802 2884/88/1804 2883/92/1803
f 2885/85/1805 2884/88/1804 2882/88/1802
f 2882/88/1802 2886/85/1806 2885/85/1805
f 2886/85/1806 2882/88/1802 2877/88/1797
f 2877/88/1797 2888/85/1808 2886/85/1806
f 2887/96/1807 2885/85/1805 2886/85/1806
f 2886/85/1806 2889/98/1809 2887/96/1807
f 2888/85/1808 2877/88/1797 2875/88/1795
f 2875/88/1795 2878/85/1798 2888/85/1808
f 2889/98/1809 2886/85/1806 2888/85/1808
f 2888/85/1808 2890/98/1810 2889/98/1809
f 2890/98/1810 2888/85/1808 2878/85/1798
f 2878/85/1798 2879/98/1799 2890/98/1810
f 2890/98/1810 2879/98/1799 2880/99/1800
f 2880/99/1800 2891/100/1811 2890/98/1810
f 2889/98/1809 2890/98/1810 2891/100/1811
f 2891/100/1811 2892/99/1812 2889/98/1809
f 2887/96/1807 2889/98/1809 2892/99/1812
f 2892/99/1812 2893/97/1813 2887/96/1807
f 2894/92/1814 2883/92/1803 2884/88/1804
f 2884/88/1804 2895/88/1815 2894/92/1814
f 2858/92/1779 2894/92/1814 2895/88/1815
f 2895/88/1815 2844/88/1765 2858/92/1779
f 2840/85/1761 2844/88/1765 2895/88/1815
f 2895/88/1815 2896/85/1589 2840/85/1761
f 2896/85/1589 2895/88/1815 2884/88/1804
f 2884/88/1804 2885/85/1805 2896/85/1589
f 2842/87/1763 2840/85/1761 2896/85/1589
f 2896/85/1589 2897/94/1816 2842/87/1763
f 2897/94/1816 2896/85/1589 2885/85/1805
f 2885/85/1805 2887/96/1807 2897/94/1816
f 2897/94/1816 2887/96/1807 2893/97/1813
f 2893/97/1813 2898/95/1817 2897/94/1816
f 2842/87/1763 2897/94/1816 2898/95/1817
f 2898/95/1817 2899/93/1818 2842/87/1763
f 2841/86/1762 2842/87/1763 2899/93/1818
f 2899/93/1818 2846/90/1767 2841/86/1762
f 2901/102/1820 2900/101/1819 2846/90/1767
f 2846/90/1767 2899/93/1818 2901/102/1820
f 2847/91/1768 2846/90/1767 2900/101/1819
f 2900/101/1819 2902/103/1821 2847/91/1768
f 2849/90/1770 2847/91/1768 2902/103/1821
f 2902/103/1821 2907/101/1826 2849/90/1770
f 2904/105/1823 2901/102/1820 2899/93/1818
f 2899/93/1818 2898/95/1817 2904/105/1823
f 2901/102/1820 2904/105/1823 2905/106/1824
f 2905/106/1824 2903/104/1822 2901/102/1820
f 2905/106/1824 2904/105/1823 2898/95/1817
f 2898/95/1817 2893/97/1813 2905/106/1824
f 2903/104/1822 2905/106/1824 2893/97/1813
f 2893/97/1813 2892/99/1812 2903/104/1822
f 2906/104/1825 2903/104/1822 2892/99/1812
f 2892/99/1812 2891/100/1811 2906/104/1825
f 2902/103/1821 2903/104/1822 2906/104/1825
f 2906/104/1825 2907/101/1826 2902/103/1821
f 2866/93/1786 2849/90/1770 2907/101/1826
f 2907/101/1826 2909/102/1828 2866/93/1786
f 2908/104/1827 2906/104/1825 2891/100/1811
f 2891/100/1811 2880/99/1800 2908/104/1827
f 2907/101/1826 2906/104/1825 2908/104/1827
f 2908/104/1827 2909/102/1828 2907/101/1826
f 2868/95/1788 2866/93/1786 2909/102/1828
f 2909/102/1828 2911/105/1830 2868/95/1788
f 2910/106/1829 2908/104/1827 2880/99/1800
f 2880/99/1800 2870/97/1790 2910/106/1829
f 2909/102/1828 2908/104/1827 2910/106/1829
f 2910/106/1829 2911/105/1830 2909/102/1828
f 2911/105/1830 2910/106/1829 2870/97/1790
f 2870/97/1790 2868/95/1788 2911/105/1830
f 2858/92/1779 2857/92/1778 2912/107/1831
f 2912/107/1831 2913/107/1832 2858/92/1779
f 2894/92/1814 2858/92/1779 2913/107/1832
f 2913/107/1832 2914/107/1833 2894/92/1814
f 2883/92/1803 2894/92/1814 2914/107/1833
f 2914/107/1833 2915/107/1834 2883/92/1803
f 2915/107/1834 2914/107/1833 2913/107/1832
f 2913/107/1832 2912/107/1831 2915/107/1834
f 2881/92/1801 2883/92/1803 2915/107/1834
f 2915/107/1834 2916/107/1835 2881/92/1801
f 2876/92/1796 2881/92/1801 2916/107/1835
f 2916/107/1835 2918/107/1837 2876/92/1796
f 2917/107/1836 2912/107/1831 2857/92/1778
f 2857/92/1778 2856/92/1777 2917/107/1836
f 2919/107/1838 2918/107/1837 2916/107/1835
f 2916/107/1835 2917/107/1836 2919/107/1838
f 2874/92/1794 2876/92/1796 2918/107/1837
f 2918/107/1837 2920/107/1839 2874/92/1794
f 2919/107/1838 2917/107/1836 2856/92/1777
f 2856/92/1777 2855/92/1776 2919/107/1838
f 2921/107/1840 2920/107/1839 2918/107/1837
f 2918/107/1837 2919/107/1838 2921/107/1840
f 2873/92/1793 2874/92/1794 2920/107/1839
f 2920/107/1839 2922/107/1841 2873/92/1793
f 2921/107/1840 2919/107/1838 2855/92/1776
f 2855/92/1776 2859/92/1780 2921/107/1840
f 2923/107/1842 2922/107/1841 2920/107/1839
f 2920/107/1839 2921/107/1840 2923/107/1842
f 2861/92/1782 2873/92/1793 2922/107/1841
f 2922/107/1841 2923/107/1842 2861/92/1782
f 2923/107/1842 2921/107/1840 2859/92/1780
f 2859/92/1780 2861/92/1782 2923/107/1842
f 2924/85/1617 2926/87/1619 2925/86/1618
f 2925/86/1618 2927/85/1620 2924/85/1617
f 2928/88/1621 2924/85/1617 2927/85/1620
f 2927/85/1620 2936/88/1629 2928/88/1621
f 2927/85/1620 2925/86/1618 2929/89/1622
f 2929/89/1622 2934/85/1627 2927/85/1620
f 2929/89/1622 2925/86/1618 2930/90/1623
f 2930/90/1623 2931/91/1624 2929/89/1622
f 2932/86/1625 2929/89/1622 2931/91/1624
f 2931/91/1624 2933/90/1626 2932/86/1625
f 2934/85/1627 2929/89/1622 2932/86/1625
f 2932/86/1625 2935/85/1628 2934/85/1627
f 2936/88/1629 2927/85/1620 2934/85/1627
f 2934/85/1627 2937/88/1630 2936/88/1629
f 2937/88/1630 2934/85/1627 2935/85/1628
f 2935/85/1628 2938/88/1631 2937/88/1630
f 2937/88/1630 2938/88/1631 2939/92/1632
f 2939/92/1632 2940/92/1633 2937/88/1630
f 2936/88/1629 2937/88/1630 2940/92/1633
f 2940/92/1633 2941/92/1634 2936/88/1629
f 2928/88/1621 2936/88/1629 2941/92/1634
f 2941/92/1634 2942/92/1635 2928/88/1621
f 2943/92/1636 2939/92/1632 2938/88/1631
f 2938/88/1631 2944/88/1637 2943/92/1636
f 2945/92/1638 2943/92/1636 2944/88/1637
f 2944/88/1637 2946/88/1639 2945/92/1638
f 2947/85/1640 2944/88/1637 2938/88/1631
f 2938/88/1631 2935/85/1628 2947/85/1640
f 2948/85/1641 2946/88/1639 2944/88/1637
f 2944/88/1637 2947/85/1640 2948/85/1641
f 2949/87/1642 2947/85/1640 2935/85/1628
f 2935/85/1628 2932/86/1625 2949/87/1642
f 2949/87/1642 2932/86/1625 2933/90/1626
f 2933/90/1626 2950/93/1643 2949/87/1642
f 2947/85/1640 2949/87/1642 2951/94/1644
f 2951/94/1644 2948/85/1641 2947/85/1640
f 2951/94/1644 2949/87/1642 2950/93/1643
f 2950/93/1643 2952/95/1645 2951/94/1644
f 2953/96/1646 2951/94/1644 2952/95/1645
f 2952/95/1645 2954/97/1647 2953/96/1646
f 2948/85/1641 2951/94/1644 2953/96/1646
f 2953/96/1646 2955/85/1648 2948/85/1641
f 2946/88/1639 2948/85/1641 2955/85/1648
f 2955/85/1648 2956/88/1649 2946/88/1639
f 2957/92/1650 2945/92/1638 2946/88/1639
f 2946/88/1639 2956/88/1649 2957/92/1650
f 2958/92/1651 2957/92/1650 2956/88/1649
f 2956/88/1649 2959/88/1652 2958/92/1651
f 2960/92/1653 2958/92/1651 2959/88/1652
f 2959/88/1652 2961/88/1654 2960/92/1653
f 2962/85/1655 2959/88/1652 2956/88/1649
f 2956/88/1649 2955/85/1648 2962/85/1655
f 2963/98/1656 2962/85/1655 2955/85/1648
f 2955/85/1648 2953/96/1646 2963/98/1656
f 2963/98/1656 2953/96/1646 2954/97/1647
f 2954/97/1647 2964/99/1657 2963/98/1656
f 2965/92/1658 2960/92/1653 2961/88/1654
f 2961/88/1654 2966/88/1659 2965/92/1658
f 2967/92/1660 2965/92/1658 2966/88/1659
f 2966/88/1659 2968/88/1661 2967/92/1660
f 2969/85/1662 2968/88/1661 2966/88/1659
f 2966/88/1659 2970/85/1663 2969/85/1662
f 2970/85/1663 2966/88/1659 2961/88/1654
f 2961/88/1654 2972/85/1665 2970/85/1663
f 2971/96/1664 2969/85/1662 2970/85/1663
f 2970/85/1663 2973/98/1666 2971/96/1664
f 2972/85/1665 2961/88/1654 2959/88/1652
f 2959/88/1652 2962/85/1655 2972/85/1665
f 2973/98/1666 2970/85/1663 2972/85/1665
f 2972/85/1665 2974/98/1667 2973/98/1666
f 2974/98/1667 2972/85/1665 2962/85/1655
f 2962/85/1655 2963/98/1656 2974/98/1667
f 2974/98/1667 2963/98/1656 2964/99/1657
f 2964/99/1657 2975/100/1668 2974/98/1667
f 2973/98/1666 2974/98/1667 2975/100/1668
f 2975/100/1668 2976/99/1669 2973/98/1666
f 2971/96/1664 2973/98/1666 2976/99/1669
f 2976/99/1669 2977/97/1670 2971/96/1664
f 2978/92/1671 2967/92/1660 2968/88/1661
f 2968/88/1661 2979/88/1672 2978/92/1671
f 2942/92/1635 2978/92/1671 2979/88/1672
f 2979/88/1672 2928/88/1621 2942/92/1635
f 2924/85/1617 2928/88/1621 2979/88/1672
f 2979/88/1672 2980/85/1673 2924/85/1617
f 2980/85/1673 2979/88/1672 2968/88/1661
f 2968/88/1661 2969/85/1662 2980/85/1673
f 2926/87/1619 2924/85/1617 2980/85/1673
f 2980/85/1673 2981/94/1674 2926/87/1619
f 2981/94/1674 2980/85/1673 2969/85/1662
f 2969/85/1662 2971/96/1664 2981/94/1674
f 2981/94/1674 2971/96/1664 2977/97/1670
f 2977/97/1670 2982/95/1675 2981/94/1674
f 2926/87/1619 2981/94/1674 2982/95/1675
f 2982/95/1675 2983/93/1676 2926/87/1619
f 2925/86/1618 2926/87/1619 2983/93/1676
f 2983/93/1676 2930/90/1623 2925/86/1618
f 2985/102/1678 2984/101/1677 2930/90/1623
f 2930/90/1623 2983/93/1676 2985/102/1678
f 2931/91/1624 2930/90/1623 2984/101/1677
f 2984/101/1677 2986/103/1679 2931/91/1624
f 2933/90/1626 2931/91/1624 2986/103/1679
f 2986/103/1679 2991/101/1684 2933/90/1626
f 2988/105/1681 2985/102/1678 2983/93/1676
f 2983/93/1676 2982/95/1675 2988/105/1681
f 2985/102/1678 2988/105/1681 2989/106/1682
f 2989/106/1682 2987/104/1680 2985/102/1678
f 2989/106/1682 2988/105/1681 2982/95/1675
f 2982/95/1675 2977/97/1670 2989/106/1682
f 2987/104/1680 2989/106/1682 2977/97/1670
f 2977/97/1670 2976/99/1669 2987/104/1680
f 2990/104/1683 2987/104/1680 2976/99/1669
f 2976/99/1669 2975/100/1668 2990/104/1683
f 2986/103/1679 2987/104/1680 2990/104/1683
f 2990/104/1683 2991/101/1684 2986/103/1679
f 2950/93/1643 2933/90/1626 2991/101/1684
f 2991/101/1684 2993/102/1686 2950/93/1643
f 2992/104/1685 2990/104/1683 2975/100/1668
f 2975/100/1668 2964/99/1657 2992/104/1685
f 2991/101/1684 2990/104/1683 2992/104/1685
f 2992/104/1685 2993/102/1686 2991/101/1684
f 2952/95/1645 2950/93/1643 2993/102/1686
f 2993/102/1686 2995/105/1688 2952/95/1645
f 2994/106/1687 2992/104/1685 2964/99/1657
f 2964/99/1657 2954/97/1647 2994/106/1687
f 2993/102/1686 2992/104/1685 2994/106/1687
f 2994/106/1687 2995/105/1688 2993/102/1686
f 2995/105/1688 2994/106/1687 2954/97/1647
f 2954/97/1647 2952/95/1645 2995/105/1688
f 2942/92/1635 2941/92/1634 2996/107/1689
f 2996/107/1689 2997/107/1690 2942/92/1635
f 2978/92/1671 2942/92/1635 2997/107/1690
f 2997/107/1690 2998/107/1691 2978/92/1671
f 2967/92/1660 2978/92/1671 2998/107/1691
f 2998/107/1691 2999/107/1692 2967/92/1660
f 2999/107/1692 2998/107/1691 2997/107/1690
f 2997/107/1690 2996/107/1689 2999/107/1692
f 2965/92/1658 2967/92/1660 2999/107/1692
f 2999/107/1692 3000/107/1693 2965/92/1658
f 2960/92/1653 2965/92/1658 3000/107/1693
f 3000/107/1693 3002/107/1695 2960/92/1653
f 3001/107/1694 2996/107/1689 2941/92/1634
f 2941/92/1634 2940/92/1633 3001/107/1694
f 3003/107/1696 3002/107/1695 3000/107/1693
f 3000/107/1693 3001/107/1694 3003/107/1696
f 2958/92/1651 2960/92/1653 3002/107/1695
f 3002/107/1695 3004/107/1697 2958/92/1651
f 3003/107/1696 3001/107/1694 2940/92/1633
f 2940/92/1633 2939/92/1632 3003/107/1696
f 3005/107/1698 3004/107/1697 3002/107/1695
f 3002/107/1695 3003/107/1696 3005/107/1698
f 2957/92/1650 2958/92/1651 3004/107/1697
f 3004/107/1697 3006/107/1699 2957/92/1650
f 3005/107/1698 3003/107/1696 2939/92/1632
f 2939/92/1632 2943/92/1636 3005/107/1698
f 3007/107/1700 3006/107/1699 3004/107/1697
f 3004/107/1697 3005/107/1698 3007/107/1700
f 2945/92/1638 2957/92/1650 3006/107/1699
f 3006/107/1699 3007/107/1700 2945/92/1638
f 3007/107/1700 3005/107/1698 2943/92/1636
f 2943/92/1636 2945/92/1638 3007/107/1700
f 3008/85/1761 3010/87/1763 3009/86/1762
f 3009/86/1762 3011/85/1764 3008/85/1761
f 3012/88/1765 3008/85/1761 3011/85/1764
f 3011/85/1764 3020/88/1773 3012/88/1765
f 3011/85/1764 3009/86/1762 3013/89/1766
f 3013/89/1766 3018/85/1771 3011/85/1764
f 3013/89/1766 3009/86/1762 3014/90/1767
f 3014/90/1767 3015/91/1768 3013/89/1766
f 3016/86/1769 3013/89/1766 3015/91/1768
f 3015/91/1768 3017/90/1770 3016/86/1769
f 3018/85/1771 3013/89/1766 3016/86/1769
f 3016/86/1769 3019/85/1772 3018/85/1771
f 3020/88/1773 3011/85/1764 3018/85/1771
f 3018/85/1771 3021/88/1774 3020/88/1773
f 3021/88/1774 3018/85/1771 3019/85/1772
f 3019/85/1772 3022/88/1775 3021/88/1774
f 3021/88/1774 3022/88/1775 3023/92/1776
f 3023/92/1776 3024/92/1777 3021/88/1774
f 3020/88/1773 3021/88/1774 3024/92/1777
f 3024/92/1777 3025/92/1778 3020/88/1773
f 3012/88/1765 3020/88/1773 3025/92/1778
f 3025/92/1778 3026/92/1779 3012/88/1765
f 3027/92/1780 3023/92/1776 3022/88/1775
f 3022/88/1775 3028/88/1781 3027/92/1780
f 3029/92/1782 3027/92/1780 3028/88/1781
f 3028/88/1781 3030/88/1783 3029/92/1782
f 3031/85/1784 3028/88/1781 3022/88/1775
f 3022/88/1775 3019/85/1772 3031/85/1784
f 3032/85/1557 3030/88/1783 3028/88/1781
f 3028/88/1781 3031/85/1784 3032/85/1557
f 3033/87/1785 3031/85/1784 3019/85/1772
f 3019/85/1772 3016/86/1769 3033/87/1785
f 3033/87/1785 3016/86/1769 3017/90/1770
f 3017/90/1770 3034/93/1786 3033/87/1785
f 3031/85/1784 3033/87/1785 3035/94/1787
f 3035/94/1787 3032/85/1557 3031/85/1784
f 3035/94/1787 3033/87/1785 3034/93/1786
f 3034/93/1786 3036/95/1788 3035/94/1787
f 3037/96/1789 3035/94/1787 3036/95/1788
f 3036/95/1788 3038/97/1790 3037/96/1789
f 3032/85/1557 3035/94/1787 3037/96/1789
f 3037/96/1789 3039/85/1791 3032/85/1557
f 3030/88/1783 3032/85/1557 3039/85/1791
f 3039/85/1791 3040/88/1792 3030/88/1783
f 3041/92/1793 3029/92/1782 3030/88/1783
f 3030/88/1783 3040/88/1792 3041/92/1793
f 3042/92/1794 3041/92/1793 3040/88/1792
f 3040/88/1792 3043/88/1795 3042/92/1794
f 3044/92/1796 3042/92/1794 3043/88/1795
f 3043/88/1795 3045/88/1797 3044/92/1796
f 3046/85/1798 3043/88/1795 3040/88/1792
f 3040/88/1792 3039/85/1791 3046/85/1798
f 3047/98/1799 3046/85/1798 3039/85/1791
f 3039/85/1791 3037/96/1789 3047/98/1799
f 3047/98/1799 3037/96/1789 3038/97/1790
f 3038/97/1790 3048/99/1800 3047/98/1799
f 3049/92/1801 3044/92/1796 3045/88/1797
f 3045/88/1797 3050/88/1802 3049/92/1801
f 3051/92/1803 3049/92/1801 3050/88/1802
f 3050/88/1802 3052/88/1804 3051/92/1803
f 3053/85/1805 3052/88/1804 3050/88/1802
f 3050/88/1802 3054/85/1806 3053/85/1805
f 3054/85/1806 3050/88/1802 3045/88/1797
f 3045/88/1797 3056/85/1808 3054/85/1806
f 3055/96/1807 3053/85/1805 3054/85/1806
f 3054/85/1806 3057/98/1809 3055/96/1807
f 3056/85/1808 3045/88/1797 3043/88/1795
f 3043/88/1795 3046/85/1798 3056/85/1808
f 3057/98/1809 3054/85/1806 3056/85/1808
f 3056/85/1808 3058/98/1810 3057/98/1809
f 3058/98/1810 3056/85/1808 3046/85/1798
f 3046/85/1798 3047/98/1799 3058/98/1810
f 3058/98/1810 3047/98/1799 3048/99/1800
f 3048/99/1800 3059/100/1811 3058/98/1810
f 3057/98/1809 3058/98/1810 3059/100/1811
f 3059/100/1811 3060/99/1812 3057/98/1809
f 3055/96/1807 3057/98/1809 3060/99/1812
f 3060/99/1812 3061/97/1813 3055/96/1807
f 3062/92/1814 3051/92/1803 3052/88/1804
f 3052/88/1804 3063/88/1815 3062/92/1814
f 3026/92/1779 3062/92/1814 3063/88/1815
f 3063/88/1815 3012/88/1765 3026/92/1779
f 3008/85/1761 3012/88/1765 3063/88/1815
f 3063/88/1815 3064/85/1589 3008/85/1761
f 3064/85/1589 3063/88/1815 3052/88/1804
f 3052/88/1804 3053/85/1805 3064/85/1589
f 3010/87/1763 3008/85/1761 3064/85/1589
f 3064/85/1589 3065/94/1816 3010/87/1763
f 3065/94/1816 3064/85/1589 3053/85/1805
f 3053/85/1805 3055/96/1807 3065/94/1816
f 3065/94/1816 3055/96/1807 3061/97/1813
f 3061/97/1813 3066/95/1817 3065/94/1816
f 3010/87/1763 3065/94/1816 3066/95/1817
f 3066/95/1817 3067/93/1818 3010/87/1763
f 3009/86/1762 3010/87/1763 3067/93/1818
f 3067/93/1818 3014/90/1767 3009/86/1762
f 3069/102/1820 3068/101/1819 3014/90/1767
f 3014/90/1767 3067/93/1818 3069/102/1820
f 3015/91/1768 3014/90/1767 3068/101/1819
f 3068/101/1819 3070/103/1821 3015/91/1768
f 3017/90/1770 3015/91/1768 3070/103/1821
f 3070/103/1821 3075/101/1826 3017/90/1770
f 3072/105/1823 3069/102/1820 3067/93/1818
f 3067/93/1818 3066/95/1817 3072/105/1823
f 3069/102/1820 3072/105/1823 3073/106/1824
f 3073/106/1824 3071/104/1822 3069/102/1820
f 3073/106/1824 3072/105/1823 3066/95/1817
f 3066/95/1817 3061/97/1813 3073/106/1824
f 3071/104/1822 3073/106/1824 3061/97/1813
f 3061/97/1813 3060/99/1812 3071/104/1822
f 3074/104/1825 3071/104/1822 3060/99/1812
f 3060/99/1812 3059/100/1811 3074/104/1825
f 3070/103/1821 3071/104/1822 3074/104/1825
f 3074/104/1825 3075/101/1826 3070/103/1821
f 3034/93/1786 3017/90/1770 3075/101/1826
f 3075/101/1826 3077/102/1828 3034/93/1786
f 3076/104/1827 3074/104/1825 3059/100/1811
f 3059/100/1811 3048/99/1800 3076/104/1827
f 3075/101/1826 3074/104/1825 3076/104/1827
f 3076/104/1827 3077/102/1828 3075/101/1826
f 3036/95/1788 3034/93/1786 3077/102/1828
f 3077/102/1828 3079/105/1830 3036/95/1788
f 3078/106/1829 3076/104/1827 3048/99/1800
f 3048/99/1800 3038/97/1790 3078/106/1829
f 3077/102/1828 3076/104/1827 3078/106/1829
f 3078/106/1829 3079/105/1830 3077/102/1828
f 3079/105/1830 3078/106/1829 3038/97/1790
f 3038/97/1790 3036/95/1788 3079/105/1830
f 3026/92/1779 3025/92/1778 3080/107/1831
f 3080/107/1831 3081/107/1832 3026/92/1779
f 3062/92/1814 3026/92/1779 3081/107/1832
f 3081/107/1832 3082/107/1833 3062/92/1814
f 3051/92/1803 3062/92/1814 3082/107/1833
f 3082/107/1833 3083/107/1834 3051/92/1803
f 3083/107/1834 3082/107/1833 3081/107/1832
f 3081/107/1832 3080/107/1831 3083/107/1834
f 3049/92/1801 3051/92/1803 3083/107/1834
f 3083/107/1834 3084/107/1835 3049/92/1801
f 3044/92/1796 3049/92/1801 3084/107/1835
f 3084/107/1835 3086/107/1837 3044/92/1796
f 3085/107/1836 3080/107/1831 3025/92/1778
f 3025/92/1778 3024/92/1777 3085/107/1836
f 3087/107/1838 3086/107/1837 3084/107/1835
f 3084/107/1835 3085/107/1836 3087/107/1838
f 3042/92/1794 3044/92/1796 3086/107/1837
f 3086/107/1837 3088/107/1839 3042/92/1794
f 3087/107/1838 3085/107/1836 3024/92/1777
f 3024/92/1777 3023/92/1776 3087/107/1838
f 3089/107/1840 3088/107/1839 3086/107/1837
f 3086/107/1837 3087/107/1838 3089/107/1840
f 3041/92/1793 3042/92/1794 3088/107/1839
f 3088/107/1839 3090/107/1841 3041/92/1793
f 3089/107/1840 3087/107/1838 3023/92/1776
f 3023/92/1776 3027/92/1780 3089/107/1840
f 3091/107/1842 3090/107/1841 3088/107/1839
f 3088/107/1839 3089/107/1840 3091/107/1842
f 3029/92/1782 3041/92/1793 3090/107/1841
f 3090/107/1841 3091/107/1842 3029/92/1782
f 3091/107/1842 3089/107/1840 3027/92/1780
f 3027/92/1780 3029/92/1782 3091/107/1842
f 3092/85/1761 3094/87/1763 3093/86/1762
f 3093/86/1762 3095/85/1764 3092/85/1761
f 3096/88/1765 3092/85/1761 3095/85/1764
f 3095/85/1764 3104/88/1773 3096/88/1765
f 3095/85/1764 3093/86/1762 3097/89/1766
f 3097/89/1766 3102/85/1771 3095/85/1764
f 3097/89/1766 3093/86/1762 3098/90/1767
f 3098/90/1767 3099/91/1768 3097/89/1766
f 3100/86/1769 3097/89/1766 3099/91/1768
f 3099/91/1768 3101/90/1770 3100/86/1769
f 3102/85/1771 3097/89/1766 3100/86/1769
f 3100/86/1769 3103/85/1772 3102/85/1771
f 3104/88/1773 3095/85/1764 3102/85/1771
f 3102/85/1771 3105/88/1774 3104/88/1773
f 3105/88/1774 3102/85/1771 3103/85/1772
f 3103/85/1772 3106/88/1775 3105/88/1774
f 3105/88/1774 3106/88/1775 3107/92/1843
f 3107/92/1843 3108/92/1777 3105/88/1774
f 3104/88/1773 3105/88/1774 3108/92/1777
f 3108/92/1777 3109/92/1844 3104/88/1773
f 3096/88/1765 3104/88/1773 3109/92/1844
f 3109/92/1844 3110/92/1779 3096/88/1765
f 3111/92/1780 3107/92/1843 3106/88/1775
f 3106/88/1775 3112/88/1781 3111/92/1780
f 3113/92/1782 3111/92/1780 3112/88/1781
f 3112/88/1781 3114/88/1783 3113/92/1782
f 3115/85/1784 3112/88/1781 3106/88/1775
f 3106/88/1775 3103/85/1772 3115/85/1784
f 3116/85/1557 3114/88/1783 3112/88/1781
f 3112/88/1781 3115/85/1784 3116/85/1557
f 3117/87/1785 3115/85/1784 3103/85/1772
f 3103/85/1772 3100/86/1769 3117/87/1785
f 3117/87/1785 3100/86/1769 3101/90/1770
f 3101/90/1770 3118/93/1845 3117/87/1785
f 3115/85/1784 3117/87/1785 3119/94/1787
f 3119/94/1787 3116/85/1557 3115/85/1784
f 3119/94/1787 3117/87/1785 3118/93/1845
f 3118/93/1845 3120/95/1788 3119/94/1787
f 3121/96/1789 3119/94/1787 3120/95/1788
f 3120/95/1788 3122/97/1790 3121/96/1789
f 3116/85/1557 3119/94/1787 3121/96/1789
f 3121/96/1789 3123/85/1791 3116/85/1557
f 3114/88/1783 3116/85/1557 3123/85/1791
f 3123/85/1791 3124/88/1792 3114/88/1783
f 3125/92/1793 3113/92/1782 3114/88/1783
f 3114/88/1783 3124/88/1792 3125/92/1793
f 3126/92/1846 3125/92/1793 3124/88/1792
f 3124/88/1792 3127/88/1795 3126/92/1846
f 3128/92/1796 3126/92/1846 3127/88/1795
f 3127/88/1795 3129/88/1797 3128/92/1796
f 3130/85/1798 3127/88/1795 3124/88/1792
f 3124/88/1792 3123/85/1791 3130/85/1798
f 3131/98/1799 3130/85/1798 3123/85/1791
f 3123/85/1791 3121/96/1789 3131/98/1799
f 3131/98/1799 3121/96/1789 3122/97/1790
f 3122/97/1790 3132/99/1800 3131/98/1799
f 3133/92/1801 3128/92/1796 3129/88/1797
f 3129/88/1797 3134/88/1802 3133/92/1801
f 3135/92/1803 3133/92/1801 3134/88/1802
f 3134/88/1802 3136/88/1804 3135/92/1803
f 3137/85/1805 3136/88/1804 3134/88/1802
f 3134/88/1802 3138/85/1806 3137/85/1805
f 3138/85/1806 3134/88/1802 3129/88/1797
f 3129/88/1797 3140/85/1808 3138/85/1806
f 3139/96/1807 3137/85/1805 3138/85/1806
f 3138/85/1806 3141/98/1809 3139/96/1807
f 3140/85/1808 3129/88/1797 3127/88/1795
f 3127/88/1795 3130/85/1798 3140/85/1808
f 3141/98/1809 3138/85/1806 3140/85/1808
f 3140/85/1808 3142/98/1847 3141/98/1809
f 3142/98/1847 3140/85/1808 3130/85/1798
f 3130/85/1798 3131/98/1799 3142/98/1847
f 3142/98/1847 3131/98/1799 3132/99/1800
f 3132/99/1800 3143/100/1811 3142/98/1847
f 3141/98/1809 3142/98/1847 3143/100/1811
f 3143/100/1811 3144/99/1812 3141/98/1809
f 3139/96/1807 3141/98/1809 3144/99/1812
f 3144/99/1812 3145/97/1813 3139/96/1807
f 3146/92/1814 3135/92/1803 3136/88/1804
f 3136/88/1804 3147/88/1815 3146/92/1814
f 3110/92/1779 3146/92/1814 3147/88/1815
f 3147/88/1815 3096/88/1765 3110/92/1779
f 3092/85/1761 3096/88/1765 3147/88/1815
f 3147/88/1815 3148/85/1589 3092/85/1761
f 3148/85/1589 3147/88/1815 3136/88/1804
f 3136/88/1804 3137/85/1805 3148/85/1589
f 3094/87/1763 3092/85/1761 3148/85/1589
f 3148/85/1589 3149/94/1816 3094/87/1763
f 3149/94/1816 3148/85/1589 3137/85/1805
f 3137/85/1805 3139/96/1807 3149/94/1816
f 3149/94/1816 3139/96/1807 3145/97/1813
f 3145/97/1813 3150/95/1817 3149/94/1816
f 3094/87/1763 3149/94/1816 3150/95/1817
f 3150/95/1817 3151/93/1818 3094/87/1763
f 3093/86/1762 3094/87/1763 3151/93/1818
f 3151/93/1818 3098/90/1767 3093/86/1762
f 3153/102/1820 3152/101/1819 3098/90/1767
f 3098/90/1767 3151/93/1818 3153/102/1820
f 3099/91/1768 3098/90/1767 3152/101/1819
f 3152/101/1819 3154/103/1821 3099/91/1768
f 3101/90/1770 3099/91/1768 3154/103/1821
f 3154/103/1821 3159/101/1826 3101/90/1770
f 3156/105/1848 3153/102/1820 3151/93/1818
f 3151/93/1818 3150/95/1817 3156/105/1848
f 3153/102/1820 3156/105/1848 3157/106/1824
f 3157/106/1824 3155/104/1822 3153/102/1820
f 3157/106/1824 3156/105/1848 3150/95/1817
f 3150/95/1817 3145/97/1813 3157/106/1824
f 3155/104/1822 3157/106/1824 3145/97/1813
f 3145/97/1813 3144/99/1812 3155/104/1822
f 3158/104/1825 3155/104/1822 3144/99/1812
f 3144/99/1812 3143/100/1811 3158/104/1825
f 3154/103/1821 3155/104/1822 3158/104/1825
f 3158/104/1825 3159/101/1826 3154/103/1821
f 3118/93/1845 3101/90/1770 3159/101/1826
f 3159/101/1826 3161/102/1828 3118/93/1845
f 3160/104/1827 3158/104/1825 3143/100/1811
f 3143/100/1811 3132/99/1800 3160/104/1827
f 3159/101/1826 3158/104/1825 3160/104/1827
f 3160/104/1827 3161/102/1828 3159/101/1826
f 3120/95/1788 3118/93/1845 3161/102/1828
f 3161/102/1828 3163/105/1830 3120/95/1788
f 3162/106/1829 3160/104/1827 3132/99/1800
f 3132/99/1800 3122/97/1790 3162/106/1829
f 3161/102/1828 3160/104/1827 3162/106/1829
f 3162/106/1829 3163/105/1830 3161/102/1828
f 3163/105/1830 3162/106/1829 3122/97/1790
f 3122/97/1790 3120/95/1788 3163/105/1830
f 3110/92/1779 3109/92/1844 3164/107/1831
f 3164/107/1831 3165/107/1832 3110/92/1779
f 3146/92/1814 3110/92/1779 3165/107/1832
f 3165/107/1832 3166/107/1833 3146/92/1814
f 3135/92/1803 3146/92/1814 3166/107/1833
f 3166/107/1833 3167/107/1834 3135/92/1803
f 3167/107/1834 3166/107/1833 3165/107/1832
f 3165/107/1832 3164/107/1831 3167/107/1834
f 3133/92/1801 3135/92/1803 3167/107/1834
f 3167/107/1834 3168/107/1835 3133/92/1801
f 3128/92/1796 3133/92/1801 3168/107/1835
f 3168/107/1835 3170/107/1837 3128/92/1796
f 3169/107/1836 3164/107/1831 3109/92/1844
f 3109/92/1844 3108/92/1777 3169/107/1836
f 3171/107/1838 3170/107/1837 3168/107/1835
f 3168/107/1835 3169/107/1836 3171/107/1838
f 3126/92/1846 3128/92/1796 3170/107/1837
f 3170/107/1837 3172/107/1839 3126/92/1846
f 3171/107/1838 3169/107/1836 3108/92/1777
f 3108/92/1777 3107/92/1843 3171/107/1838
f 3173/107/1840 3172/107/1839 3170/107/1837
f 3170/107/1837 3171/107/1838 3173/107/1840
f 3125/92/1793 3126/92/1846 3172/107/1839
f 3172/107/1839 3174/107/1841 3125/92/1793
f 3173/107/1840 3171/107/1838 3107/92/1843
f 3107/92/1843 3111/92/1780 3173/107/1840
f 3175/107/1842 3174/107/1841 3172/107/1839
f 3172/107/1839 3173/107/1840 3175/107/1842
f 3113/92/1782 3125/92/1793 3174/107/1841
f 3174/107/1841 3175/107/1842 3113/92/1782
f 3175/107/1842 3173/107/1840 3111/92/1780
f 3111/92/1780 3113/92/1782 3175/107/1842
f 3176/85/1761 3178/87/1763 3177/86/1762
f 3177/86/1762 3179/85/1764 3176/85/1761
f 3180/88/1765 3176/85/1761 3179/85/1764
f 3179/85/1764 3188/88/1773 3180/88/1765
f 3179/85/1764 3177/86/1762 3181/89/1766
f 3181/89/1766 3186/85/1771 3179/85/1764
f 3181/89/1766 3177/86/1762 3182/90/1767
f 3182/90/1767 3183/91/1768 3181/89/1766
f 3184/86/1769 3181/89/1766 3183/91/1768
f 3183/91/1768 3185/90/1770 3184/86/1769
f 3186/85/1771 3181/89/1766 3184/86/1769
f 3184/86/1769 3187/85/1772 3186/85/1771
f 3188/88/1773 3179/85/1764 3186/85/1771
f 3186/85/1771 3189/88/1774 3188/88/1773
f 3189/88/1774 3186/85/1771 3187/85/1772
f 3187/85/1772 3190/88/1775 3189/88/1774
f 3189/88/1774 3190/88/1775 3191/92/1843
f 3191/92/1843 3192/92/1777 3189/88/1774
f 3188/88/1773 3189/88/1774 3192/92/1777
f 3192/92/1777 3193/92/1844 3188/88/1773
f 3180/88/1765 3188/88/1773 3193/92/1844
f 3193/92/1844 3194/92/1779 3180/88/1765
f 3195/92/1780 3191/92/1843 3190/88/1775
f 3190/88/1775 3196/88/1781 3195/92/1780
f 3197/92/1782 3195/92/1780 3196/88/1781
f 3196/88/1781 3198/88/1783 3197/92/1782
f 3199/85/1784 3196/88/1781 3190/88/1775
f 3190/88/1775 3187/85/1772 3199/85/1784
f 3200/85/1557 3198/88/1783 3196/88/1781
f 3196/88/1781 3199/85/1784 3200/85/1557
f 3201/87/1785 3199/85/1784 3187/85/1772
f 3187/85/1772 3184/86/1769 3201/87/1785
f 3201/87/1785 3184/86/1769 3185/90/1770
f 3185/90/1770 3202/93/1845 3201/87/1785
f 3199/85/1784 3201/87/1785 3203/94/1787
f 3203/94/1787 3200/85/1557 3199/85/1784
f 3203/94/1787 3201/87/1785 3202/93/1845
f 3202/93/1845 3204/95/1788 3203/94/1787
f 3205/96/1789 3203/94/1787 3204/95/1788
f 3204/95/1788 3206/97/1790 3205/96/1789
f 3200/85/1557 3203/94/1787 3205/96/1789
f 3205/96/1789 3207/85/1791 3200/85/1557
f 3198/88/1783 3200/85/1557 3207/85/1791
f 3207/85/1791 3208/88/1792 3198/88/1783
f 3209/92/1793 3197/92/1782 3198/88/1783
f 3198/88/1783 3208/88/1792 3209/92/1793
f 3210/92/1846 3209/92/1793 3208/88/1792
f 3208/88/1792 3211/88/1795 3210/92/1846
f 3212/92/1796 3210/92/1846 3211/88/1795
f 3211/88/1795 3213/88/1797 3212/92/1796
f 3214/85/1798 3211/88/1795 3208/88/1792
f 3208/88/1792 3207/85/1791 3214/85/1798
f 3215/98/1799 3214/85/1798 3207/85/1791
f 3207/85/1791 3205/96/1789 3215/98/1799
f 3215/98/1799 3205/96/1789 3206/97/1790
f 3206/97/1790 3216/99/1800 3215/98/1799
f 3217/92/1801 3212/92/1796 3213/88/1797
f 3213/88/1797 3218/88/1802 3217/92/1801
f 3219/92/1803 3217/92/1801 3218/88/1802
f 3218/88/1802 3220/88/1804 3219/92/1803
f 3221/85/1805 3220/88/1804 3218/88/1802
f 3218/88/1802 3222/85/1806 3221/85/1805
f 3222/85/1806 3218/88/1802 3213/88/1797
f 3213/88/1797 3224/85/1808 3222/85/1806
f 3223/96/1807 3221/85/1805 3222/85/1806
f 3222/85/1806 3225/98/1809 3223/96/1807
f 3224/85/1808 3213/88/1797 3211/88/1795
f 3211/88/1795 3214/85/1798 3224/85/1808
f 3225/98/1809 3222/85/1806 3224/85/1808
f 3224/85/1808 3226/98/1847 3225/98/1809
f 3226/98/1847 3224/85/1808 3214/85/1798
f 3214/85/1798 3215/98/1799 3226/98/1847
f 3226/98/1847 3215/98/1799 3216/99/1800
f 3216/99/1800 3227/100/1811 3226/98/1847
f 3225/98/1809 3226/98/1847 3227/100/1811
f 3227/100/1811 3228/99/1812 3225/98/1809
f 3223/96/1807 3225/98/1809 3228/99/1812
f 3228/99/1812 3229/97/1813 3223/96/1807
f 3230/92/1814 3219/92/1803 3220/88/1804
f 3220/88/1804 3231/88/1815 3230/92/1814
f 3194/92/1779 3230/92/1814 3231/88/1815
f 3231/88/1815 3180/88/1765 3194/92/1779
f 3176/85/1761 3180/88/1765 3231/88/1815
f 3231/88/1815 3232/85/1589 3176/85/1761
f 3232/85/1589 3231/88/1815 3220/88/1804
f 3220/88/1804 3221/85/1805 3232/85/1589
f 3178/87/1763 3176/85/1761 3232/85/1589
f 3232/85/1589 3233/94/1816 3178/87/1763
f 3233/94/1816 3232/85/1589 3221/85/1805
f 3221/85/1805 3223/96/1807 3233/94/1816
f 3233/94/1816 3223/96/1807 3229/97/1813
f 3229/97/1813 3234/95/1817 3233/94/1816
f 3178/87/1763 3233/94/1816 3234/95/1817
f 3234/95/1817 3235/93/1818 3178/87/1763
f 3177/86/1762 3178/87/1763 3235/93/1818
f 3235/93/1818 3182/90/1767 3177/86/1762
f 3237/102/1820 3236/101/1819 3182/90/1767
f 3182/90/1767 3235/93/1818 3237/102/1820
f 3183/91/1768 3182/90/1767 3236/101/1819
f 3236/101/1819 3238/103/1821 3183/91/1768
f 3185/90/1770 3183/91/1768 3238/103/1821
f 3238/103/1821 3243/101/1826 3185/90/1770
f 3240/105/1848 3237/102/1820 3235/93/1818
f 3235/93/1818 3234/95/1817 3240/105/1848
f 3237/102/1820 3240/105/1848 3241/106/1824
f 3241/106/1824 3239/104/1822 3237/102/1820
f 3241/106/1824 3240/105/1848 3234/95/1817
f 3234/95/1817 3229/97/1813 3241/106/1824
f 3239/104/1822 3241/106/1824 3229/97/1813
f 3229/97/1813 3228/99/1812 3239/104/1822
f 3242/104/1825 3239/104/1822 3228/99/1812
f 3228/99/1812 3227/100/1811 3242/104/1825
f 3238/103/1821 3239/104/1822 3242/104/1825
f 3242/104/1825 3243/101/1826 3238/103/1821
f 3202/93/1845 3185/90/1770 3243/101/1826
f 3243/101/1826 3245/102/1828 3202/93/1845
f 3244/104/1827 3242/104/1825 3227/100/1811
f 3227/100/1811 3216/99/1800 3244/104/1827
f 3243/101/1826 3242/104/1825 3244/104/1827
f 3244/104/1827 3245/102/1828 3243/101/1826
f 3204/95/1788 3202/93/1845 3245/102/1828
f 3245/102/1828 3247/105/1830 3204/95/1788
f 3246/106/1829 3244/104/1827 3216/99/1800
f 3216/99/1800 3206/97/1790 3246/106/1829
f 3245/102/1828 3244/104/1827 3246/106/1829
f 3246/106/1829 3247/105/1830 3245/102/1828
f 3247/105/1830 3246/106/1829 3206/97/1790
f 3206/97/1790 3204/95/1788 3247/105/1830
f 3194/92/1779 3193/92/1844 3248/107/1831
f 3248/107/1831 3249/107/1832 3194/92/1779
f 3230/92/1814 3194/92/1779 3249/107/1832
f 3249/107/1832 3250/107/1833 3230/92/1814
f 3219/92/1803 3230/92/1814 3250/107/1833
f 3250/107/1833 3251/107/1834 3219/92/1803
f 3251/107/1834 3250/107/1833 3249/107/1832
f 3249/107/1832 3248/107/1831 3251/107/1834
f 3217/92/1801 3219/92/1803 3251/107/1834
f 3251/107/1834 3252/107/1835 3217/92/1801
f 3212/92/1796 3217/92/1801 3252/107/1835
f 3252/107/1835 3254/107/1837 3212/92/1796
f 3253/107/1836 3248/107/1831 3193/92/1844
f 3193/92/1844 3192/92/1777 3253/107/1836
f 3255/107/1838 3254/107/1837 3252/107/1835
f 3252/107/1835 3253/107/1836 3255/107/1838
f 3210/92/1846 3212/92/1796 3254/107/1837
f 3254/107/1837 3256/107/1839 3210/92/1846
f 3255/107/1838 3253/107/1836 3192/92/1777
f 3192/92/1777 3191/92/1843 3255/107/1838
f 3257/107/1840 3256/107/1839 3254/107/1837
f 3254/107/1837 3255/107/1838 3257/107/1840
f 3209/92/1793 3210/92/1846 3256/107/1839
f 3256/107/1839 3258/107/1841 3209/92/1793
f 3257/107/1840 3255/107/1838 3191/92/1843
f 3191/92/1843 3195/92/1780 3257/107/1840
f 3259/107/1842 3258/107/1841 3256/107/1839
f 3256/107/1839 3257/107/1840 3259/107/1842
f 3197/92/1782 3209/92/1793 3258/107/1841
f 3258/107/1841 3259/107/1842 3197/92/1782
f 3259/107/1842 3257/107/1840 3195/92/1780
f 3195/92/1780 3197/92/1782 3259/107/1842
f 3260/85/1533 3262/87/1535 3261/86/1534
f 3261/86/1534 3263/85/1536 3260/85/1533
f 3264/88/1537 3260/85/1533 3263/85/1536
f 3263/85/1536 3272/88/1545 3264/88/1537
f 3263/85/1536 3261/86/1534 3265/89/1538
f 3265/89/1538 3270/85/1543 3263/85/1536
f 3265/89/1538 3261/86/1534 3266/90/1539
f 3266/90/1539 3267/91/1540 3265/89/1538
f 3268/86/1541 3265/89/1538 3267/91/1540
f 3267/91/1540 3269/90/1542 3268/86/1541
f 3270/85/1543 3265/89/1538 3268/86/1541
f 3268/86/1541 3271/85/1544 3270/85/1543
f 3272/88/1545 3263/85/1536 3270/85/1543
f 3270/85/1543 3273/88/1546 3272/88/1545
f 3273/88/1546 3270/85/1543 3271/85/1544
f 3271/85/1544 3274/88/1547 3273/88/1546
f 3273/88/1546 3274/88/1547 3275/92/1548
f 3275/92/1548 3276/92/1549 3273/88/1546
f 3272/88/1545 3273/88/1546 3276/92/1549
f 3276/92/1549 3277/92/1550 3272/88/1545
f 3264/88/1537 3272/88/1545 3277/92/1550
f 3277/92/1550 3278/92/1551 3264/88/1537
f 3279/92/1552 3275/92/1548 3274/88/1547
f 3274/88/1547 3280/88/1553 3279/92/1552
f 3281/92/1554 3279/92/1552 3280/88/1553
f 3280/88/1553 3282/88/1555 3281/92/1554
f 3283/85/1556 3280/88/1553 3274/88/1547
f 3274/88/1547 3271/85/1544 3283/85/1556
f 3284/85/1557 3282/88/1555 3280/88/1553
f 3280/88/1553 3283/85/1556 3284/85/1557
f 3285/87/1558 3283/85/1556 3271/85/1544
f 3271/85/1544 3268/86/1541 3285/87/1558
f 3285/87/1558 3268/86/1541 3269/90/1542
f 3269/90/1542 3286/93/1559 3285/87/1558
f 3283/85/1556 3285/87/1558 3287/94/1560
f 3287/94/1560 3284/85/1557 3283/85/1556
f 3287/94/1560 3285/87/1558 3286/93/1559
f 3286/93/1559 3288/95/1561 3287/94/1560
f 3289/96/1562 3287/94/1560 3288/95/1561
f 3288/95/1561 3290/97/1563 3289/96/1562
f 3284/85/1557 3287/94/1560 3289/96/1562
f 3289/96/1562 3291/85/1564 3284/85/1557
f 3282/88/1555 3284/85/1557 3291/85/1564
f 3291/85/1564 3292/88/1565 3282/88/1555
f 3293/92/1566 3281/92/1554 3282/88/1555
f 3282/88/1555 3292/88/1565 3293/92/1566
f 3294/92/1567 3293/92/1566 3292/88/1565
f 3292/88/1565 3295/88/1568 3294/92/1567
f 3296/92/1569 3294/92/1567 3295/88/1568
f 3295/88/1568 3297/88/1570 3296/92/1569
f 3298/85/1571 3295/88/1568 3292/88/1565
f 3292/88/1565 3291/85/1564 3298/85/1571
f 3299/98/1572 3298/85/1571 3291/85/1564
f 3291/85/1564 3289/96/1562 3299/98/1572
f 3299/98/1572 3289/96/1562 3290/97/1563
f 3290/97/1563 3300/99/1758 3299/98/1572
f 3301/92/1574 3296/92/1569 3297/88/1570
f 3297/88/1570 3302/88/1575 3301/92/1574
f 3303/92/1576 3301/92/1574 3302/88/1575
f 3302/88/1575 3304/88/1577 3303/92/1576
f 3305/85/1578 3304/88/1577 3302/88/1575
f 3302/88/1575 3306/85/1579 3305/85/1578
f 3306/85/1579 3302/88/1575 3297/88/1570
f 3297/88/1570 3308/85/1581 3306/85/1579
f 3307/96/1580 3305/85/1578 3306/85/1579
f 3306/85/1579 3309/98/1582 3307/96/1580
f 3308/85/1581 3297/88/1570 3295/88/1568
f 3295/88/1568 3298/85/1571 3308/85/1581
f 3309/98/1582 3306/85/1579 3308/85/1581
f 3308/85/1581 3310/98/1759 3309/98/1582
f 3310/98/1759 3308/85/1581 3298/85/1571
f 3298/85/1571 3299/98/1572 3310/98/1759
f 3310/98/1759 3299/98/1572 3300/99/1758
f 3300/99/1758 3311/100/1584 3310/98/1759
f 3309/98/1582 3310/98/1759 3311/100/1584
f 3311/100/1584 3312/99/1760 3309/98/1582
f 3307/96/1580 3309/98/1582 3312/99/1760
f 3312/99/1760 3313/97/1586 3307/96/1580
f 3314/92/1587 3303/92/1576 3304/88/1577
f 3304/88/1577 3315/88/1588 3314/92/1587
f 3278/92/1551 3314/92/1587 3315/88/1588
f 3315/88/1588 3264/88/1537 3278/92/1551
f 3260/85/1533 3264/88/1537 3315/88/1588
f 3315/88/1588 3316/85/1589 3260/85/1533
f 3316/85/1589 3315/88/1588 3304/88/1577
f 3304/88/1577 3305/85/1578 3316/85/1589
f 3262/87/1535 3260/85/1533 3316/85/1589
f 3316/85/1589 3317/94/1590 3262/87/1535
f 3317/94/1590 3316/85/1589 3305/85/1578
f 3305/85/1578 3307/96/1580 3317/94/1590
f 3317/94/1590 3307/96/1580 3313/97/1586
f 3313/97/1586 3318/95/1591 3317/94/1590
f 3262/87/1535 3317/94/1590 3318/95/1591
f 3318/95/1591 3319/93/1592 3262/87/1535
f 3261/86/1534 3262/87/1535 3319/93/1592
f 3319/93/1592 3266/90/1539 3261/86/1534
f 3321/102/1594 3320/101/1593 3266/90/1539
f 3266/90/1539 3319/93/1592 3321/102/1594
f 3267/91/1540 3266/90/1539 3320/101/1593
f 3320/101/1593 3322/103/1595 3267/91/1540
f 3269/90/1542 3267/91/1540 3322/103/1595
f 3322/103/1595 3327/101/1600 3269/90/1542
f 3324/105/1597 3321/102/1594 3319/93/1592
f 3319/93/1592 3318/95/1591 3324/105/1597
f 3321/102/1594 3324/105/1597 3325/106/1598
f 3325/106/1598 3323/104/1596 3321/102/1594
f 3325/106/1598 3324/105/1597 3318/95/1591
f 3318/95/1591 3313/97/1586 3325/106/1598
f 3323/104/1596 3325/106/1598 3313/97/1586
f 3313/97/1586 3312/99/1760 3323/104/1596
f 3326/104/1599 3323/104/1596 3312/99/1760
f 3312/99/1760 3311/100/1584 3326/104/1599
f 3322/103/1595 3323/104/1596 3326/104/1599
f 3326/104/1599 3327/101/1600 3322/103/1595
f 3286/93/1559 3269/90/1542 3327/101/1600
f 3327/101/1600 3329/102/1602 3286/93/1559
f 3328/104/1601 3326/104/1599 3311/100/1584
f 3311/100/1584 3300/99/1758 3328/104/1601
f 3327/101/1600 3326/104/1599 3328/104/1601
f 3328/104/1601 3329/102/1602 3327/101/1600
f 3288/95/1561 3286/93/1559 3329/102/1602
f 3329/102/1602 3331/105/1604 3288/95/1561
f 3330/106/1603 3328/104/1601 3300/99/1758
f 3300/99/1758 3290/97/1563 3330/106/1603
f 3329/102/1602 3328/104/1601 3330/106/1603
f 3330/106/1603 3331/105/1604 3329/102/1602
f 3331/105/1604 3330/106/1603 3290/97/1563
f 3290/97/1563 3288/95/1561 3331/105/1604
f 3278/92/1551 3277/92/1550 3332/107/1605
f 3332/107/1605 3333/107/1606 3278/92/1551
f 3314/92/1587 3278/92/1551 3333/107/1606
f 3333/107/1606 3334/107/1607 3314/92/1587
f 3303/92/1576 3314/92/1587 3334/107/1607
f 3334/107/1607 3335/107/1608 3303/92/1576
f 3335/107/1608 3334/107/1607 3333/107/1606
f 3333/107/1606 3332/107/1605 3335/107/1608
f 3301/92/1574 3303/92/1576 3335/107/1608
f 3335/107/1608 3336/107/1609 3301/92/1574
f 3296/92/1569 3301/92/1574 3336/107/1609
f 3336/107/1609 3338/107/1611 3296/92/1569
f 3337/107/1610 3332/107/1605 3277/92/1550
f 3277/92/1550 3276/92/1549 3337/107/1610
f 3339/107/1612 3338/107/1611 3336/107/1609
f 3336/107/1609 3337/107/1610 3339/107/1612
f 3294/92/1567 3296/92/1569 3338/107/1611
f 3338/107/1611 3340/107/1613 3294/92/1567
f 3339/107/1612 3337/107/1610 3276/92/1549
f 3276/92/1549 3275/92/1548 3339/107/1612
f 3341/107/1614 3340/107/1613 3338/107/1611
f 3338/107/1611 3339/107/1612 3341/107/1614
f 3293/92/1566 3294/92/1567 3340/107/1613
f 3340/107/1613 3342/107/1615 3293/92/1566
f 3341/107/1614 3339/107/1612 3275/92/1548
f 3275/92/1548 3279/92/1552 3341/107/1614
f 3343/107/1616 3342/107/1615 3340/107/1613
f 3340/107/1613 3341/107/1614 3343/107/1616
f 3281/92/1554 3293/92/1566 3342/107/1615
f 3342/107/1615 3343/107/1616 3281/92/1554
f 3343/107/1616 3341/107/1614 3279/92/1552
f 3279/92/1552 3281/92/1554 3343/107/1616
f 3344/85/1701 3346/87/1703 3345/86/1702
f 3345/86/1702 3347/85/1704 3344/85/1701
f 3348/88/1547 3344/85/1701 3347/85/1704
f 3347/85/1704 3356/88/1553 3348/88/1547
f 3347/85/1704 3345/86/1702 3349/89/1705
f 3349/89/1705 3354/85/1710 3347/85/1704
f 3349/89/1705 3345/86/1702 3350/90/1706
f 3350/90/1706 3351/91/1707 3349/89/1705
f 3352/86/1708 3349/89/1705 3351/91/1707
f 3351/91/1707 3353/90/1709 3352/86/1708
f 3354/85/1710 3349/89/1705 3352/86/1708
f 3352/86/1708 3355/85/1711 3354/85/1710
f 3356/88/1553 3347/85/1704 3354/85/1710
f 3354/85/1710 3357/88/1555 3356/88/1553
f 3357/88/1555 3354/85/1710 3355/85/1711
f 3355/85/1711 3358/88/1565 3357/88/1555
f 3357/88/1555 3358/88/1565 3359/92/1566
f 3359/92/1566 3360/92/1554 3357/88/1555
f 3356/88/1553 3357/88/1555 3360/92/1554
f 3360/92/1554 3361/92/1552 3356/88/1553
f 3348/88/1547 3356/88/1553 3361/92/1552
f 3361/92/1552 3362/92/1548 3348/88/1547
f 3363/92/1567 3359/92/1566 3358/88/1565
f 3358/88/1565 3364/88/1568 3363/92/1567
f 3365/92/1569 3363/92/1567 3364/88/1568
f 3364/88/1568 3366/88/1570 3365/92/1569
f 3367/85/1712 3364/88/1568 3358/88/1565
f 3358/88/1565 3355/85/1711 3367/85/1712
f 3368/85/49 3366/88/1570 3364/88/1568
f 3364/88/1568 3367/85/1712 3368/85/49
f 3369/87/1713 3367/85/1712 3355/85/1711
f 3355/85/1711 3352/86/1708 3369/87/1713
f 3369/87/1713 3352/86/1708 3353/90/1709
f 3353/90/1709 3370/93/1714 3369/87/1713
f 3367/85/1712 3369/87/1713 3371/94/1715
f 3371/94/1715 3368/85/49 3367/85/1712
f 3371/94/1715 3369/87/1713 3370/93/1714
f 3370/93/1714 3372/95/1716 3371/94/1715
f 3373/96/1717 3371/94/1715 3372/95/1716
f 3372/95/1716 3374/97/1718 3373/96/1717
f 3368/85/49 3371/94/1715 3373/96/1717
f 3373/96/1717 3375/85/1719 3368/85/49
f 3366/88/1570 3368/85/49 3375/85/1719
f 3375/85/1719 3376/88/1575 3366/88/1570
f 3377/92/1574 3365/92/1569 3366/88/1570
f 3366/88/1570 3376/88/1575 3377/92/1574
f 3378/92/1576 3377/92/1574 3376/88/1575
f 3376/88/1575 3379/88/1577 3378/92/1576
f 3380/92/1587 3378/92/1576 3379/88/1577
f 3379/88/1577 3381/88/1588 3380/92/1587
f 3382/85/1720 3379/88/1577 3376/88/1575
f 3376/88/1575 3375/85/1719 3382/85/1720
f 3383/98/1721 3382/85/1720 3375/85/1719
f 3375/85/1719 3373/96/1717 3383/98/1721
f 3383/98/1721 3373/96/1717 3374/97/1718
f 3374/97/1718 3384/99/1722 3383/98/1721
f 3385/92/1551 3380/92/1587 3381/88/1588
f 3381/88/1588 3386/88/1537 3385/92/1551
f 3387/92/1550 3385/92/1551 3386/88/1537
f 3386/88/1537 3388/88/1545 3387/92/1550
f 3389/85/1723 3388/88/1545 3386/88/1537
f 3386/88/1537 3390/85/1724 3389/85/1723
f 3390/85/1724 3386/88/1537 3381/88/1588
f 3381/88/1588 3392/85/1726 3390/85/1724
f 3391/96/1725 3389/85/1723 3390/85/1724
f 3390/85/1724 3393/98/1727 3391/96/1725
f 3392/85/1726 3381/88/1588 3379/88/1577
f 3379/88/1577 3382/85/1720 3392/85/1726
f 3393/98/1727 3390/85/1724 3392/85/1726
f 3392/85/1726 3394/98/1728 3393/98/1727
f 3394/98/1728 3392/85/1726 3382/85/1720
f 3382/85/1720 3383/98/1721 3394/98/1728
f 3394/98/1728 3383/98/1721 3384/99/1722
f 3384/99/1722 3395/100/1729 3394/98/1728
f 3393/98/1727 3394/98/1728 3395/100/1729
f 3395/100/1729 3396/99/1730 3393/98/1727
f 3391/96/1725 3393/98/1727 3396/99/1730
f 3396/99/1730 3397/97/1731 3391/96/1725
f 3398/92/1549 3387/92/1550 3388/88/1545
f 3388/88/1545 3399/88/1546 3398/92/1549
f 3362/92/1548 3398/92/1549 3399/88/1546
f 3399/88/1546 3348/88/1547 3362/92/1548
f 3344/85/1701 3348/88/1547 3399/88/1546
f 3399/88/1546 3400/85/1732 3344/85/1701
f 3400/85/1732 3399/88/1546 3388/88/1545
f 3388/88/1545 3389/85/1723 3400/85/1732
f 3346/87/1703 3344/85/1701 3400/85/1732
f 3400/85/1732 3401/94/1733 3346/87/1703
f 3401/94/1733 3400/85/1732 3389/85/1723
f 3389/85/1723 3391/96/1725 3401/94/1733
f 3401/94/1733 3391/96/1725 3397/97/1731
f 3397/97/1731 3402/95/1734 3401/94/1733
f 3346/87/1703 3401/94/1733 3402/95/1734
f 3402/95/1734 3403/93/1735 3346/87/1703
f 3345/86/1702 3346/87/1703 3403/93/1735
f 3403/93/1735 3350/90/1706 3345/86/1702
f 3405/102/1737 3404/101/1736 3350/90/1706
f 3350/90/1706 3403/93/1735 3405/102/1737
f 3351/91/1707 3350/90/1706 3404/101/1736
f 3404/101/1736 3406/103/1738 3351/91/1707
f 3353/90/1709 3351/91/1707 3406/103/1738
f 3406/103/1738 3411/101/1743 3353/90/1709
f 3408/105/1740 3405/102/1737 3403/93/1735
f 3403/93/1735 3402/95/1734 3408/105/1740
f 3405/102/1737 3408/105/1740 3409/106/1741
f 3409/106/1741 3407/104/1739 3405/102/1737
f 3409/106/1741 3408/105/1740 3402/95/1734
f 3402/95/1734 3397/97/1731 3409/106/1741
f 3407/104/1739 3409/106/1741 3397/97/1731
f 3397/97/1731 3396/99/1730 3407/104/1739
f 3410/104/1742 3407/104/1739 3396/99/1730
f 3396/99/1730 3395/100/1729 3410/104/1742
f 3406/103/1738 3407/104/1739 3410/104/1742
f 3410/104/1742 3411/101/1743 3406/103/1738
f 3370/93/1714 3353/90/1709 3411/101/1743
f 3411/101/1743 3413/102/1745 3370/93/1714
f 3412/104/1744 3410/104/1742 3395/100/1729
f 3395/100/1729 3384/99/1722 3412/104/1744
f 3411/101/1743 3410/104/1742 3412/104/1744
f 3412/104/1744 3413/102/1745 3411/101/1743
f 3372/95/1716 3370/93/1714 3413/102/1745
f 3413/102/1745 3415/105/1747 3372/95/1716
f 3414/106/1746 3412/104/1744 3384/99/1722
f 3384/99/1722 3374/97/1718 3414/106/1746
f 3413/102/1745 3412/104/1744 3414/106/1746
f 3414/106/1746 3415/105/1747 3413/102/1745
f 3415/105/1747 3414/106/1746 3374/97/1718
f 3374/97/1718 3372/95/1716 3415/105/1747
f 3362/92/1548 3361/92/1552 3416/107/1748
f 3416/107/1748 3417/107/1749 3362/92/1548
f 3398/92/1549 3362/92/1548 3417/107/1749
f 3417/107/1749 3418/107/1750 3398/92/1549
f 3387/92/1550 3398/92/1549 3418/107/1750
f 3418/107/1750 3419/107/1751 3387/92/1550
f 3419/107/1751 3418/107/1750 3417/107/1749
f 3417/107/1749 3416/107/1748 3419/107/1751
f 3385/92/1551 3387/92/1550 3419/107/1751
f 3419/107/1751 3420/107/1752 3385/92/1551
f 3380/92/1587 3385/92/1551 3420/107/1752
f 3420/107/1752 3422/107/1754 3380/92/1587
f 3421/107/1753 3416/107/1748 3361/92/1552
f 3361/92/1552 3360/92/1554 3421/107/1753
f 3423/107/1755 3422/107/1754 3420/107/1752
f 3420/107/1752 3421/107/1753 3423/107/1755
f 3378/92/1576 3380/92/1587 3422/107/1754
f 3422/107/1754 3424/107/1608 3378/92/1576
f 3423/107/1755 3421/107/1753 3360/92/1554
f 3360/92/1554 3359/92/1566 3423/107/1755
f 3425/107/1613 3424/107/1608 3422/107/1754
f 3422/107/1754 3423/107/1755 3425/107/1613
f 3377/92/1574 3378/92/1576 3424/107/1608
f 3424/107/1608 3426/107/1756 3377/92/1574
f 3425/107/1613 3423/107/1755 3359/92/1566
f 3359/92/1566 3363/92/1567 3425/107/1613
f 3427/107/1757 3426/107/1756 3424/107/1608
f 3424/107/1608 3425/107/1613 3427/107/1757
f 3365/92/1569 3377/92/1574 3426/107/1756
f 3426/107/1756 3427/107/1757 3365/92/1569
f 3427/107/1757 3425/107/1613 3363/92/1567
f 3363/92/1567 3365/92/1569 3427/107/1757
f 3430/109/1 3429/109/1 3428/108/1
f 3428/108/1 3431/108/1 3430/109/1
f 3433/108/1 3432/108/1 3434/109/1
f 3434/109/1 3435/109/1 3433/108/1
f 3435/109/1 3434/109/1 3436/109/1
f 3436/109/1 3437/109/1 3435/109/1
f 3437/109/1 3436/109/1 3438/108/1
f 3438/108/1 3439/108/1 3437/109/1
f 3441/108/1 3440/108/1 3442/109/1
f 3442/109/1 3443/109/1 3441/108/1
f 3446/110/1851 3445/110/1850 3444/110/1849
f 3444/110/1849 3447/110/1852 3446/110/1851
f 3448/111/1853 3446/110/1851 3447/110/1852
f 3447/110/1852 3454/111/1859 3448/111/1853
f 3446/110/1851 3448/111/1853 3449/112/1854
f 3449/112/1854 3450/113/1855 3446/110/1851
f 3445/110/1850 3446/110/1851 3450/113/1855
f 3450/113/1855 3451/113/1856 3445/110/1850
f 3451/113/1856 3450/113/1855 3452/113/1857
f 3452/113/1857 3453/113/1858 3451/113/1856
f 3454/111/1859 3447/110/1852 3455/110/1860
f 3455/110/1860 3456/111/1861 3454/111/1859
f 3457/110/1862 3455/110/1860 3447/110/1852
f 3447/110/1852 3444/110/1849 3457/110/1862
f 3455/110/1860 3457/110/1862 3458/110/1863
f 3458/110/1863 3459/110/1864 3455/110/1860
f 3456/111/1861 3455/110/1860 3459/110/1864
f 3459/110/1864 3460/111/1865 3456/111/1861
f 3461/114/7 3463/115/7 3462/115/6
f 3462/115/6 3464/114/6 3461/114/7
f 3461/114/7 3464/114/6 3465/114/6
f 3465/114/6 3466/114/7 3461/114/7
f 3469/109/1 3468/109/1 3467/108/1
f 3467/108/1 3470/108/1 3469/109/1
f 3472/108/1 3471/108/1 3473/109/1
f 3473/109/1 3474/109/1 3472/108/1
f 3474/109/1 3473/109/1 3475/109/1
f 3475/109/1 3476/109/1 3474/109/1
f 3476/109/1 3475/109/1 3477/108/1
f 3477/108/1 3478/108/1 3476/109/1
f 3480/108/1 3479/108/1 3481/109/1
f 3481/109/1 3482/109/1 3480/108/1
f 3483/116/1866 3485/116/1868 3484/116/1867
f 3484/116/1867 3486/116/1869 3483/116/1866
f 3485/116/1868 3483/116/1866 3487/117/1870
f 3487/117/1870 3488/118/1871 3485/116/1868
f 3490/119/1873 3489/116/1872 3486/116/1869
f 3486/116/1869 3484/116/1867 3490/119/1873
f 3481/108/85 3479/116/54 3491/116/1874
f 3491/116/1874 3492/108/1875 3481/108/85
f 3492/108/1875 3491/116/1874 3493/119/1876
f 3493/119/1876 3494/120/1877 3492/108/1875
f 3482/108/87 3481/108/85 3492/108/1875
f 3492/108/1875 3495/108/1878 3482/108/87
f 3495/108/1878 3492/108/1875 3494/120/1877
f 3494/120/1877 3497/121/1880 3495/108/1878
f 3480/116/51 3482/108/87 3495/108/1878
f 3495/108/1878 3496/116/1879 3480/116/51
f 3497/121/1880 3494/120/1877 3498/120/1881
f 3498/120/1881 3499/121/1882 3497/121/1880
f 3476/110/58 3478/111/50 3500/111/1883
f 3500/111/1883 3501/110/1884 3476/110/58
f 3474/110/60 3476/110/58 3501/110/1884
f 3501/110/1884 3502/110/1885 3474/110/60
f 3472/111/63 3474/110/60 3502/110/1885
f 3502/110/1885 3503/111/1886 3472/111/63
f 3505/113/1888 3504/113/1887 3502/110/1885
f 3502/110/1885 3501/110/1884 3505/113/1888
f 3506/112/1889 3505/113/1888 3501/110/1884
f 3501/110/1884 3500/111/1883 3506/112/1889
f 3505/113/1888 3506/112/1889 3507/112/1890
f 3507/112/1890 3508/113/1862 3505/113/1888
f 3509/108/1891 3511/116/1893 3510/116/1892
f 3510/116/1892 3512/108/1891 3509/108/1891
f 3513/108/1894 3509/108/1891 3512/108/1891
f 3512/108/1891 3514/108/1894 3513/108/1894
f 3514/108/1894 3512/108/1891 3499/121/1882
f 3499/121/1882 3498/120/1881 3514/108/1894
f 3485/116/1868 3513/108/1894 3514/108/1894
f 3514/108/1894 3484/116/1867 3485/116/1868
f 3484/116/1867 3514/108/1894 3498/120/1881
f 3498/120/1881 3490/119/1873 3484/116/1867
f 3513/108/1894 3485/116/1868 3488/118/1871
f 3488/118/1871 3515/121/1881 3513/108/1894
f 3490/119/1873 3498/120/1881 3494/120/1877
f 3494/120/1877 3493/119/1876 3490/119/1873
f 3515/121/1881 3488/118/1871 3516/118/1895
f 3516/118/1895 3517/121/1877 3515/121/1881
f 3473/108/29 3471/116/31 3518/116/1896
f 3518/116/1896 3519/108/1897 3473/108/29
f 3519/108/1897 3518/116/1896 3520/116/1898
f 3520/116/1898 3522/108/1900 3519/108/1897
f 3473/108/29 3519/108/1897 3521/108/1899
f 3521/108/1899 3475/108/32 3473/108/29
f 3522/108/1900 3520/116/1898 3523/116/1901
f 3523/116/1901 3524/108/1902 3522/108/1900
f 3477/116/33 3475/108/32 3521/108/1899
f 3521/108/1899 3526/116/1904 3477/116/33
f 3525/108/1903 3522/108/1900 3524/108/1902
f 3524/108/1902 3527/108/1905 3525/108/1903
f 3528/116/1906 3525/108/1903 3527/108/1905
f 3527/108/1905 3489/116/1872 3528/116/1906
f 3527/108/1905 3524/108/1902 3529/108/1907
f 3529/108/1907 3530/108/1908 3527/108/1905
f 3489/116/1872 3527/108/1905 3530/108/1908
f 3530/108/1908 3486/116/1869 3489/116/1872
f 3530/108/1908 3529/108/1907 3531/108/1909
f 3531/108/1909 3532/108/1910 3530/108/1908
f 3486/116/1869 3530/108/1908 3532/108/1910
f 3532/108/1910 3483/116/1866 3486/116/1869
f 3532/108/1910 3531/108/1909 3533/122/1911
f 3533/122/1911 3534/122/1912 3532/108/1910
f 3483/116/1866 3532/108/1910 3534/122/1912
f 3534/122/1912 3487/117/1870 3483/116/1866
f 3534/122/1912 3533/122/1911 3535/122/1900
f 3535/122/1900 3536/122/1913 3534/122/1912
f 3487/117/1870 3534/122/1912 3536/122/1913
f 3536/122/1913 3537/117/1914 3487/117/1870
f 3538/108/1915 3540/116/1917 3539/116/1916
f 3539/116/1916 3541/108/1918 3538/108/1915
f 3542/110/1919 3538/108/1915 3541/108/1918
f 3541/108/1918 3543/110/1920 3542/110/1919
f 3544/116/1921 3542/110/1919 3543/110/1920
f 3543/110/1920 3545/116/1922 3544/116/1921
f 3549/123/1926 3547/124/1924 3543/110/1920
f 3543/110/1920 3546/123/1923 3549/123/1926
f 3548/125/1925 3546/123/1923 3541/108/1918
f 3541/108/1918 3539/116/1916 3548/125/1925
f 3553/108/1930 3550/124/1927 3547/124/1924
f 3547/124/1924 3549/123/1926 3553/108/1930
f 3469/110/78 3470/116/65 3551/116/1928
f 3551/116/1928 3552/110/1929 3469/110/78
f 3468/108/74 3469/110/78 3552/110/1929
f 3552/110/1929 3553/108/1930 3468/108/74
f 3467/116/71 3468/108/74 3553/108/1930
f 3553/108/1930 3554/116/1931 3467/116/71
f 3554/116/1931 3553/108/1930 3549/123/1926
f 3549/123/1926 3555/125/1932 3554/116/1931
f 3555/125/1932 3549/123/1926 3546/123/1923
f 3546/123/1923 3548/125/1925 3555/125/1932
f 3558/116/1934 3557/116/1933 3556/116/1916
f 3556/116/1916 3559/116/1935 3558/116/1934
f 3557/116/1933 3558/116/1934 3560/116/1936
f 3560/116/1936 3561/119/1937 3557/116/1933
f 3563/118/1939 3562/117/1938 3559/116/1935
f 3559/116/1935 3556/116/1916 3563/118/1939
f 3566/108/1920 3565/116/1921 3564/116/1940
f 3564/116/1940 3567/108/1919 3566/108/1920
f 3568/108/1918 3566/108/1920 3567/108/1919
f 3567/108/1919 3569/108/1915 3568/108/1918
f 3571/121/1924 3566/108/1920 3570/120/1923
f 3570/120/1923 3573/120/1926 3571/121/1924
f 3557/116/1933 3568/108/1918 3569/108/1915
f 3569/108/1915 3556/116/1916 3557/116/1933
f 3568/108/1918 3557/116/1933 3561/119/1937
f 3561/119/1937 3570/120/1923 3568/108/1918
f 3570/120/1923 3561/119/1937 3572/119/1941
f 3572/119/1941 3573/120/1926 3570/120/1923
f 3556/116/1916 3569/108/1915 3574/121/1942
f 3574/121/1942 3563/118/1939 3556/116/1916
f 3563/118/1939 3574/121/1942 3575/121/1926
f 3575/121/1926 3576/118/1932 3563/118/1939
f 3579/108/1894 3578/116/1868 3577/116/1943
f 3577/116/1943 3580/108/1944 3579/108/1894
f 3581/110/1945 3579/108/1894 3580/108/1944
f 3580/108/1944 3582/110/1891 3581/110/1945
f 3583/116/1946 3581/110/1945 3582/110/1891
f 3582/110/1891 3584/116/1892 3583/116/1946
f 3579/108/1894 3581/110/1945 3585/124/1882
f 3585/124/1882 3586/123/1881 3579/108/1894
f 3578/116/1868 3579/108/1894 3586/123/1881
f 3586/123/1881 3587/125/1947 3578/116/1868
f 3586/123/1881 3585/124/1882 3588/124/1880
f 3588/124/1880 3589/123/1877 3586/123/1881
f 3592/109/49 3591/109/49 3590/108/49
f 3590/108/49 3593/108/49 3592/109/49
f 3595/108/49 3594/108/49 3596/109/49
f 3596/109/49 3597/109/49 3595/108/49
f 3597/109/49 3596/109/49 3598/109/49
f 3598/109/49 3599/109/49 3597/109/49
f 3599/109/49 3598/109/49 3600/108/49
f 3600/108/49 3601/108/49 3599/109/49
f 3603/108/49 3602/108/49 3604/109/49
f 3604/109/49 3605/109/49 3603/108/49
f 3606/116/1931 3593/116/71 3595/116/31
f 3595/116/31 3607/116/1896 3606/116/1931
f 3608/114/56 3610/115/56 3609/115/57
f 3609/115/57 3611/114/57 3608/114/56
f 3608/114/56 3611/114/57 3612/114/57
f 3612/114/57 3613/114/56 3608/114/56
f 3616/109/49 3615/109/49 3614/108/49
f 3614/108/49 3617/108/49 3616/109/49
f 3619/108/49 3618/108/49 3620/109/49
f 3620/109/49 3621/109/49 3619/108/49
f 3621/109/49 3620/109/49 3622/109/49
f 3622/109/49 3623/109/49 3621/109/49
f 3623/109/49 3622/109/49 3624/108/49
f 3624/108/49 3625/108/49 3623/109/49
f 3627/108/49 3626/108/49 3628/109/49
f 3628/109/49 3629/109/49 3627/108/49
f 3630/116/1904 3601/116/33 3603/116/54
f 3603/116/54 3631/116/1874 3630/116/1904
f 3633/116/1874 3632/116/1948 3625/116/163
f 3625/116/163 3627/116/200 3633/116/1874
f 3626/116/194 3624/111/192 3634/111/1949
f 3634/111/1949 3635/116/1879 3626/116/194
f 3635/116/1879 3634/111/1949 3636/111/1950
f 3636/111/1950 3637/125/1951 3635/116/1879
f 3637/125/1951 3636/111/1950 3638/111/1952
f 3638/111/1952 3639/125/1953 3637/125/1951
f 3641/108/1955 3640/116/1954 3619/116/165
f 3619/116/165 3621/108/164 3641/108/1955
f 3641/108/1955 3621/108/164 3623/108/161
f 3623/108/161 3642/108/1956 3641/108/1955
f 3632/116/1948 3642/108/1956 3623/108/161
f 3623/108/161 3625/116/163 3632/116/1948
f 3641/108/1955 3642/108/1956 3643/122/1957
f 3643/122/1957 3644/122/1958 3641/108/1955
f 3640/116/1954 3641/108/1955 3644/122/1958
f 3644/122/1958 3645/117/1959 3640/116/1954
f 3616/108/74 3617/116/185 3646/116/1931
f 3646/116/1931 3647/108/1960 3616/108/74
f 3615/108/78 3616/108/74 3647/108/1960
f 3647/108/1960 3648/108/1961 3615/108/78
f 3614/116/184 3615/108/78 3648/108/1961
f 3648/108/1961 3650/116/1962 3614/116/184
f 3574/121/1942 3649/120/1927 3648/108/1961
f 3648/108/1961 3575/121/1926 3574/121/1942
f 3650/116/1962 3648/108/1961 3649/120/1927
f 3649/120/1927 3651/119/1963 3650/116/1962
f 3620/110/187 3618/111/181 3652/111/1964
f 3652/111/1964 3653/110/1965 3620/110/187
f 3653/110/1965 3652/111/1964 3460/111/1865
f 3460/111/1865 3459/110/1864 3653/110/1965
f 3622/110/189 3620/110/187 3653/110/1965
f 3653/110/1965 3654/110/1966 3622/110/189
f 3654/110/1966 3653/110/1965 3459/110/1864
f 3459/110/1864 3458/110/1863 3654/110/1966
f 3624/111/192 3622/110/189 3654/110/1966
f 3654/110/1966 3634/111/1949 3624/111/192
f 3634/111/1949 3654/110/1966 3458/110/1863
f 3458/110/1863 3636/111/1950 3634/111/1949
f 3655/108/1967 3633/116/1874 3627/116/200
f 3627/116/200 3629/108/85 3655/108/1967
f 3656/110/1878 3655/108/1967 3629/108/85
f 3629/108/85 3628/110/87 3656/110/1878
f 3635/116/1879 3656/110/1878 3628/110/87
f 3628/110/87 3626/116/194 3635/116/1879
f 3656/110/1878 3635/116/1879 3637/125/1951
f 3637/125/1951 3657/126/1880 3656/110/1878
f 3655/108/1967 3656/110/1878 3657/126/1880
f 3657/126/1880 3658/127/1877 3655/108/1967
f 3657/126/1880 3637/125/1951 3639/125/1953
f 3639/125/1953 3659/126/1882 3657/126/1880
f 3618/111/181 3614/116/184 3650/116/1962
f 3650/116/1962 3652/111/1964 3618/111/181
f 3652/111/1964 3650/116/1962 3651/119/1963
f 3651/119/1963 3460/111/1865 3652/111/1964
f 3460/111/1865 3651/119/1963 3660/125/1968
f 3660/125/1968 3456/111/1861 3460/111/1865
f 3661/128/7 3663/128/1969 3662/129/1969
f 3662/129/1969 3466/129/7 3661/128/7
f 3461/129/7 3466/129/7 3662/129/1969
f 3662/129/1969 3664/129/1969 3461/129/7
f 3665/111/1886 3594/111/63 3590/116/65
f 3590/116/65 3666/116/1962 3665/111/1886
f 3665/111/1886 3666/116/1962 3667/125/1970
f 3667/125/1970 3668/111/1971 3665/111/1886
f 3668/111/1971 3667/125/1970 3669/125/1972
f 3669/125/1972 3670/111/1973 3668/111/1971
f 3601/116/33 3630/116/1904 3671/108/1899
f 3671/108/1899 3599/108/32 3601/116/33
f 3597/108/29 3599/108/32 3671/108/1899
f 3671/108/1899 3672/108/1897 3597/108/29
f 3607/116/1896 3595/116/31 3597/108/29
f 3597/108/29 3672/108/1897 3607/116/1896
f 3631/116/1874 3603/116/54 3605/108/85
f 3605/108/85 3673/108/1875 3631/116/1874
f 3673/108/1875 3605/108/85 3604/108/87
f 3604/108/87 3674/108/1878 3673/108/1875
f 3674/108/1878 3604/108/87 3602/116/51
f 3602/116/51 3675/116/1879 3674/108/1878
f 3674/108/1878 3675/116/1879 3676/119/1974
f 3676/119/1974 3677/120/1880 3674/108/1878
f 3673/108/1875 3674/108/1878 3677/120/1880
f 3677/120/1880 3517/121/1877 3673/108/1875
f 3678/111/1883 3600/111/50 3598/110/58
f 3598/110/58 3679/110/1975 3678/111/1883
f 3679/110/1975 3598/110/58 3596/110/60
f 3596/110/60 3680/110/1885 3679/110/1975
f 3679/110/1975 3680/110/1885 3681/110/1887
f 3681/110/1887 3682/110/1976 3679/110/1975
f 3678/111/1883 3679/110/1975 3682/110/1976
f 3682/110/1976 3683/111/1977 3678/111/1883
f 3680/110/1885 3596/110/60 3594/111/63
f 3594/111/63 3665/111/1886 3680/110/1885
f 3680/110/1885 3665/111/1886 3668/111/1971
f 3668/111/1971 3681/110/1887 3680/110/1885
f 3593/116/71 3606/116/1931 3684/108/1978
f 3684/108/1978 3592/108/74 3593/116/71
f 3592/108/74 3684/108/1978 3685/110/1961
f 3685/110/1961 3591/110/78 3592/108/74
f 3687/126/1927 3685/110/1961 3686/127/1926
f 3686/127/1926 3763/127/1942 3687/126/1927
f 3591/110/78 3685/110/1961 3666/116/1962
f 3666/116/1962 3590/116/65 3591/110/78
f 3666/116/1962 3685/110/1961 3687/126/1927
f 3687/126/1927 3667/125/1970 3666/116/1962
f 3667/125/1970 3687/126/1927 3688/126/1979
f 3688/126/1979 3669/125/1972 3667/125/1970
f 3675/116/1879 3602/116/51 3600/111/50
f 3600/111/50 3678/111/1883 3675/116/1879
f 3675/116/1879 3678/111/1883 3683/111/1977
f 3683/111/1977 3676/119/1974 3675/116/1879
f 3676/119/1974 3683/111/1977 3689/111/1980
f 3689/111/1980 3690/125/1981 3676/119/1974
f 3496/116/1879 3500/111/1883 3478/111/50
f 3478/111/50 3480/116/51 3496/116/1879
f 3471/116/31 3467/116/71 3554/116/1931
f 3554/116/1931 3518/116/1896 3471/116/31
f 3518/116/1896 3554/116/1931 3555/125/1932
f 3555/125/1932 3520/116/1898 3518/116/1896
f 3520/116/1898 3555/125/1932 3548/125/1925
f 3548/125/1925 3523/116/1901 3520/116/1898
f 3691/116/1954 3432/116/165 3428/116/185
f 3428/116/185 3692/116/1931 3691/116/1954
f 3691/116/1954 3692/116/1931 3572/119/1941
f 3572/119/1941 3693/116/1982 3691/116/1954
f 3693/116/1982 3572/119/1941 3561/119/1937
f 3561/119/1937 3560/116/1936 3693/116/1982
f 3503/111/1886 3551/116/1928 3470/116/65
f 3470/116/65 3472/111/63 3503/111/1886
f 3439/111/192 3695/111/1949 3694/110/1966
f 3694/110/1966 3437/110/189 3439/111/192
f 3437/110/189 3694/110/1966 3696/110/1965
f 3696/110/1965 3435/110/187 3437/110/189
f 3696/110/1965 3694/110/1966 3453/113/1858
f 3453/113/1858 3452/113/1857 3696/110/1965
f 3697/111/1964 3696/110/1965 3452/113/1857
f 3452/113/1857 3698/112/1983 3697/111/1964
f 3698/112/1983 3452/113/1857 3450/113/1855
f 3450/113/1855 3449/112/1854 3698/112/1983
f 3697/111/1964 3433/111/181 3435/110/187
f 3435/110/187 3696/110/1965 3697/111/1964
f 3699/116/1879 3441/116/194 3443/110/87
f 3443/110/87 3700/110/1984 3699/116/1879
f 3700/110/1984 3443/110/87 3442/108/85
f 3442/108/85 3701/108/1875 3700/110/1984
f 3701/108/1875 3442/108/85 3440/116/200
f 3440/116/200 3702/116/1874 3701/108/1875
f 3701/108/1875 3702/116/1874 3703/125/1895
f 3703/125/1895 3589/123/1877 3701/108/1875
f 3700/110/1984 3701/108/1875 3589/123/1877
f 3589/123/1877 3588/124/1880 3700/110/1984
f 3589/123/1877 3703/125/1895 3587/125/1947
f 3587/125/1947 3586/123/1881 3589/123/1877
f 3640/116/1954 3646/116/1931 3617/116/185
f 3617/116/185 3619/116/165 3640/116/1954
f 3431/116/184 3705/116/1962 3704/108/1985
f 3704/108/1985 3430/108/78 3431/116/184
f 3430/108/78 3704/108/1985 3706/108/1930
f 3706/108/1930 3429/108/74 3430/108/78
f 3429/108/74 3706/108/1930 3692/116/1931
f 3692/116/1931 3428/116/185 3429/108/74
f 3571/121/1924 3573/120/1926 3706/108/1930
f 3706/108/1930 3707/121/1927 3571/121/1924
f 3692/116/1931 3706/108/1930 3573/120/1926
f 3573/120/1926 3572/119/1941 3692/116/1931
f 3702/116/1874 3440/116/200 3438/116/163
f 3438/116/163 3708/116/1948 3702/116/1874
f 3702/116/1874 3708/116/1948 3709/116/1986
f 3709/116/1986 3703/125/1895 3702/116/1874
f 3703/125/1895 3709/116/1986 3710/116/1987
f 3710/116/1987 3587/125/1947 3703/125/1895
f 3712/108/1955 3711/108/1956 3436/108/161
f 3436/108/161 3434/108/164 3712/108/1955
f 3712/108/1955 3434/108/164 3432/116/165
f 3432/116/165 3691/116/1954 3712/108/1955
f 3712/108/1955 3691/116/1954 3693/116/1982
f 3693/116/1982 3713/108/1988 3712/108/1955
f 3711/108/1956 3712/108/1955 3713/108/1988
f 3713/108/1988 3714/108/1989 3711/108/1956
f 3708/116/1948 3438/116/163 3436/108/161
f 3436/108/161 3711/108/1956 3708/116/1948
f 3708/116/1948 3711/108/1956 3714/108/1989
f 3714/108/1989 3709/116/1986 3708/116/1948
f 3709/116/1986 3714/108/1989 3715/108/1912
f 3715/108/1912 3710/116/1987 3709/116/1986
f 3716/108/1990 3715/108/1912 3714/108/1989
f 3714/108/1989 3713/108/1988 3716/108/1990
f 3560/116/1936 3716/108/1990 3713/108/1988
f 3713/108/1988 3693/116/1982 3560/116/1936
f 3716/108/1990 3560/116/1936 3558/116/1934
f 3558/116/1934 3717/108/1991 3716/108/1990
f 3715/108/1912 3716/108/1990 3717/108/1991
f 3717/108/1991 3718/108/1910 3715/108/1912
f 3718/108/1910 3717/108/1991 3719/108/1992
f 3719/108/1992 3720/108/1993 3718/108/1910
f 3719/108/1992 3559/116/1935 3562/117/1938
f 3562/117/1938 3721/122/1902 3719/108/1992
f 3720/108/1993 3719/108/1992 3721/122/1902
f 3721/122/1902 3722/122/1994 3720/108/1993
f 3721/122/1902 3562/117/1938 3645/117/1959
f 3645/117/1959 3644/122/1958 3721/122/1902
f 3722/122/1994 3721/122/1902 3644/122/1958
f 3644/122/1958 3643/122/1957 3722/122/1994
f 3705/116/1962 3431/116/184 3433/111/181
f 3433/111/181 3697/111/1964 3705/116/1962
f 3695/111/1949 3439/111/192 3441/116/194
f 3441/116/194 3699/116/1879 3695/111/1949
f 3489/116/1872 3490/119/1873 3493/119/1876
f 3493/119/1876 3528/116/1906 3489/116/1872
f 3528/116/1906 3493/119/1876 3491/116/1874
f 3491/116/1874 3526/116/1904 3528/116/1906
f 3526/116/1904 3491/116/1874 3479/116/54
f 3479/116/54 3477/116/33 3526/116/1904
f 3525/108/1903 3528/116/1906 3526/116/1904
f 3526/116/1904 3521/108/1899 3525/108/1903
f 3522/108/1900 3525/108/1903 3521/108/1899
f 3521/108/1899 3519/108/1897 3522/108/1900
f 3508/113/1862 3507/112/1890 3723/111/1995
f 3723/111/1995 3724/110/1849 3508/113/1862
f 3724/110/1849 3723/111/1995 3725/111/1996
f 3725/111/1996 3726/110/1997 3724/110/1849
f 3726/110/1997 3725/111/1996 3689/111/1980
f 3689/111/1980 3729/110/1999 3726/110/1997
f 3727/110/1998 3724/110/1849 3726/110/1997
f 3726/110/1997 3728/110/1851 3727/110/1998
f 3728/110/1851 3726/110/1997 3729/110/1999
f 3729/110/1999 3730/110/1855 3728/110/1851
f 3729/110/1999 3689/111/1980 3683/111/1977
f 3683/111/1977 3682/110/1976 3729/110/1999
f 3730/110/1855 3729/110/1999 3682/110/1976
f 3682/110/1976 3681/110/1887 3730/110/1855
f 3731/113/2000 3508/113/1862 3724/110/1849
f 3724/110/1849 3727/110/1998 3731/113/2000
f 3508/113/1862 3731/113/2000 3504/113/1887
f 3504/113/1887 3505/113/1888 3508/113/1862
f 3732/111/2001 3727/110/1998 3728/110/1851
f 3728/110/1851 3733/111/2002 3732/111/2001
f 3727/110/1998 3732/111/2001 3734/112/2003
f 3734/112/2003 3731/113/2000 3727/110/1998
f 3733/111/2002 3728/110/1851 3730/110/1855
f 3730/110/1855 3670/111/1973 3733/111/2002
f 3731/113/2000 3734/112/2003 3735/112/2004
f 3735/112/2004 3504/113/1887 3731/113/2000
f 3670/111/1973 3730/110/1855 3681/110/1887
f 3681/110/1887 3668/111/1971 3670/111/1973
f 3507/112/1890 3736/118/2005 3510/116/1892
f 3510/116/1892 3723/111/1995 3507/112/1890
f 3723/111/1995 3510/116/1892 3511/116/1893
f 3511/116/1893 3725/111/1996 3723/111/1995
f 3725/111/1996 3511/116/1893 3690/125/1981
f 3690/125/1981 3689/111/1980 3725/111/1996
f 3736/118/2005 3507/112/1890 3506/112/1889
f 3506/112/1889 3737/118/1951 3736/118/2005
f 3737/118/1951 3506/112/1889 3500/111/1883
f 3500/111/1883 3496/116/1879 3737/118/1951
f 3736/118/2005 3499/121/1882 3512/108/1891
f 3512/108/1891 3510/116/1892 3736/118/2005
f 3499/121/1882 3736/118/2005 3737/118/1951
f 3737/118/1951 3497/121/1880 3499/121/1882
f 3497/121/1880 3737/118/1951 3496/116/1879
f 3496/116/1879 3495/108/1878 3497/121/1880
f 3524/108/1902 3523/116/1901 3738/116/2006
f 3738/116/2006 3529/108/1907 3524/108/1902
f 3531/108/1909 3739/116/2007 3740/117/2008
f 3740/117/2008 3533/122/1911 3531/108/1909
f 3533/122/1911 3740/117/2008 3741/117/2009
f 3741/117/2009 3535/122/1900 3533/122/1911
f 3523/116/1901 3548/125/1925 3539/116/1916
f 3539/116/1916 3738/116/2006 3523/116/1901
f 3738/116/2006 3539/116/1916 3540/116/1917
f 3540/116/1917 3739/116/2007 3738/116/2006
f 3739/116/2007 3540/116/1917 3742/118/1939
f 3742/118/1939 3740/117/2008 3739/116/2007
f 3545/116/1922 3543/110/1920 3547/124/1924
f 3547/124/1924 3743/118/2010 3545/116/1922
f 3743/118/2010 3547/124/1924 3550/124/1927
f 3550/124/1927 3744/118/2011 3743/118/2010
f 3552/110/1929 3551/116/1928 3744/118/2011
f 3744/118/2011 3550/124/1927 3552/110/1929
f 3743/118/2010 3734/112/2003 3732/111/2001
f 3732/111/2001 3545/116/1922 3743/118/2010
f 3545/116/1922 3732/111/2001 3733/111/2002
f 3733/111/2002 3544/116/1921 3545/116/1922
f 3544/116/1921 3733/111/2002 3670/111/1973
f 3670/111/1973 3669/125/1972 3544/116/1921
f 3734/112/2003 3743/118/2010 3744/118/2011
f 3744/118/2011 3735/112/2004 3734/112/2003
f 3735/112/2004 3744/118/2011 3551/116/1928
f 3551/116/1928 3503/111/1886 3735/112/2004
f 3503/111/1886 3502/110/1885 3504/113/1887
f 3504/113/1887 3735/112/2004 3503/111/1886
f 3745/118/2010 3449/112/1854 3448/111/1853
f 3448/111/1853 3565/116/1921 3745/118/2010
f 3565/116/1921 3448/111/1853 3454/111/1859
f 3454/111/1859 3564/116/1940 3565/116/1921
f 3564/116/1940 3454/111/1859 3456/111/1861
f 3456/111/1861 3660/125/1968 3564/116/1940
f 3449/112/1854 3745/118/2010 3746/118/1970
f 3746/118/1970 3698/112/1983 3449/112/1854
f 3698/112/1983 3746/118/1970 3705/116/1962
f 3705/116/1962 3697/111/1964 3698/112/1983
f 3571/121/1924 3745/118/2010 3565/116/1921
f 3565/116/1921 3566/108/1920 3571/121/1924
f 3745/118/2010 3571/121/1924 3707/121/1927
f 3707/121/1927 3746/118/1970 3745/118/2010
f 3746/118/1970 3707/121/1927 3704/108/1985
f 3704/108/1985 3705/116/1962 3746/118/1970
f 3710/116/1987 3715/108/1912 3718/108/1910
f 3718/108/1910 3747/116/2012 3710/116/1987
f 3747/116/2012 3718/108/1910 3720/108/1993
f 3720/108/1993 3748/116/2013 3747/116/2012
f 3748/116/2013 3720/108/1993 3722/122/1994
f 3722/122/1994 3749/117/2014 3748/116/2013
f 3749/117/2014 3722/122/1994 3643/122/1957
f 3643/122/1957 3750/117/2015 3749/117/2014
f 3587/125/1947 3710/116/1987 3747/116/2012
f 3747/116/2012 3578/116/1868 3587/125/1947
f 3578/116/1868 3747/116/2012 3748/116/2013
f 3748/116/2013 3577/116/1943 3578/116/1868
f 3577/116/1943 3748/116/2013 3749/117/2014
f 3749/117/2014 3751/118/1871 3577/116/1943
f 3581/110/1945 3583/116/1946 3752/118/2005
f 3752/118/2005 3585/124/1882 3581/110/1945
f 3585/124/1882 3752/118/2005 3753/118/2016
f 3753/118/2016 3588/124/1880 3585/124/1882
f 3699/116/1879 3700/110/1984 3588/124/1880
f 3588/124/1880 3753/118/2016 3699/116/1879
f 3754/112/2017 3752/118/2005 3583/116/1946
f 3583/116/1946 3755/111/2018 3754/112/2017
f 3755/111/2018 3583/116/1946 3584/116/1892
f 3584/116/1892 3756/111/2019 3755/111/2018
f 3756/111/2019 3584/116/1892 3639/125/1953
f 3639/125/1953 3638/111/1952 3756/111/2019
f 3752/118/2005 3754/112/2017 3757/112/2020
f 3757/112/2020 3753/118/2016 3752/118/2005
f 3753/118/2016 3757/112/2020 3695/111/1949
f 3695/111/1949 3699/116/1879 3753/118/2016
f 3453/113/1858 3757/112/2020 3754/112/2017
f 3754/112/2017 3451/113/1856 3453/113/1858
f 3451/113/1856 3754/112/2017 3755/111/2018
f 3755/111/2018 3445/110/1850 3451/113/1856
f 3445/110/1850 3755/111/2018 3756/111/2019
f 3756/111/2019 3444/110/1849 3445/110/1850
f 3444/110/1849 3756/111/2019 3638/111/1952
f 3638/111/1952 3457/110/1862 3444/110/1849
f 3457/110/1862 3638/111/1952 3636/111/1950
f 3636/111/1950 3458/110/1863 3457/110/1862
f 3694/110/1966 3695/111/1949 3757/112/2020
f 3757/112/2020 3453/113/1858 3694/110/1966
f 3582/110/1891 3580/108/1944 3758/127/1881
f 3758/127/1881 3659/126/1882 3582/110/1891
f 3584/116/1892 3582/110/1891 3659/126/1882
f 3659/126/1882 3639/125/1953 3584/116/1892
f 3758/127/1881 3751/118/1871 3759/118/2021
f 3759/118/2021 3658/127/1877 3758/127/1881
f 3658/127/1877 3657/126/1880 3659/126/1882
f 3659/126/1882 3758/127/1881 3658/127/1877
f 3658/127/1877 3759/118/2021 3633/116/1874
f 3633/116/1874 3655/108/1967 3658/127/1877
f 3647/108/1960 3646/116/1931 3576/118/1932
f 3576/118/1932 3575/121/1926 3647/108/1960
f 3562/117/1938 3563/118/1939 3576/118/1932
f 3576/118/1932 3645/117/1959 3562/117/1938
f 3645/117/1959 3576/118/1932 3646/116/1931
f 3646/116/1931 3640/116/1954 3645/117/1959
f 3567/108/1919 3564/116/1940 3660/125/1968
f 3660/125/1968 3760/120/1979 3567/108/1919
f 3760/120/1979 3660/125/1968 3651/119/1963
f 3651/119/1963 3649/120/1927 3760/120/1979
f 3574/121/1942 3569/108/1915 3760/120/1979
f 3760/120/1979 3649/120/1927 3574/121/1942
f 3642/108/1956 3632/116/1948 3750/117/2015
f 3750/117/2015 3643/122/1957 3642/108/1956
f 3751/118/1871 3749/117/2014 3750/117/2015
f 3750/117/2015 3759/118/2021 3751/118/1871
f 3759/118/2021 3750/117/2015 3632/116/1948
f 3632/116/1948 3633/116/1874 3759/118/2021
f 3751/118/1871 3758/127/1881 3580/108/1944
f 3580/108/1944 3577/116/1943 3751/118/1871
f 3631/116/1874 3673/108/1875 3517/121/1877
f 3517/121/1877 3516/118/1895 3631/116/1874
f 3488/118/1871 3487/117/1870 3537/117/1914
f 3537/117/1914 3516/118/1895 3488/118/1871
f 3516/118/1895 3537/117/1914 3630/116/1904
f 3630/116/1904 3631/116/1874 3516/118/1895
f 3671/108/1899 3630/116/1904 3537/117/1914
f 3537/117/1914 3536/122/1913 3671/108/1899
f 3672/108/1897 3671/108/1899 3536/122/1913
f 3536/122/1913 3535/122/1900 3672/108/1897
f 3677/120/1880 3676/119/1974 3690/125/1981
f 3690/125/1981 3761/120/1882 3677/120/1880
f 3761/120/1882 3690/125/1981 3511/116/1893
f 3511/116/1893 3509/108/1891 3761/120/1882
f 3517/121/1877 3677/120/1880 3761/120/1882
f 3761/120/1882 3515/121/1881 3517/121/1877
f 3515/121/1881 3761/120/1882 3509/108/1891
f 3509/108/1891 3513/108/1894 3515/121/1881
f 3607/116/1896 3672/108/1897 3535/122/1900
f 3535/122/1900 3741/117/2009 3607/116/1896
f 3740/117/2008 3742/118/1939 3762/118/2022
f 3762/118/2022 3741/117/2009 3740/117/2008
f 3741/117/2009 3762/118/2022 3606/116/1931
f 3606/116/1931 3607/116/1896 3741/117/2009
f 3763/127/1942 3742/118/1939 3540/116/1917
f 3540/116/1917 3538/108/1915 3763/127/1942
f 3684/108/1978 3606/116/1931 3762/118/2022
f 3762/118/2022 3686/127/1926 3684/108/1978
f 3686/127/1926 3762/118/2022 3742/118/1939
f 3742/118/1939 3763/127/1942 3686/127/1926
f 3688/126/1979 3687/126/1927 3763/127/1942
f 3763/127/1942 3538/108/1915 3688/126/1979
f 3669/125/1972 3688/126/1979 3542/110/1919
f 3542/110/1919 3544/116/1921 3669/125/1972
f 3765/128/2023 3764/128/6 3465/129/6
f 3465/129/6 3766/130/2023 3765/128/2023
f 3767/130/2023 3766/130/2023 3465/129/6
f 3465/129/6 3464/129/6 3767/130/2023
f 3770/114/5 3769/115/5 3768/115/2024
f 3768/115/2024 3771/114/2024 3770/114/5
f 3772/114/5 3770/114/5 3771/114/2024
f 3771/114/2024 3776/114/2024 3772/114/5
f 3773/114/2025 3771/114/2024 3768/115/2024
f 3768/115/2024 3774/115/2025 3773/114/2025
f 3773/114/2025 3774/115/2025 3775/115/2026
f 3775/115/2026 3780/114/2026 3773/114/2025
f 3776/114/2024 3771/114/2024 3773/114/2025
f 3773/114/2025 3782/114/2025 3776/114/2024
f 3777/115/5 3772/114/5 3776/114/2024
f 3776/114/2024 3778/115/2024 3777/115/5
f 3779/115/2025 3778/115/2024 3776/114/2024
f 3776/114/2024 3782/114/2025 3779/115/2025
f 3780/114/2026 3775/115/2026 3781/115/2027
f 3781/115/2027 3785/114/2027 3780/114/2026
f 3782/114/2025 3773/114/2025 3780/114/2026
f 3780/114/2026 3783/114/2026 3782/114/2025
f 3779/115/2025 3782/114/2025 3783/114/2026
f 3783/114/2026 3784/115/2026 3779/115/2025
f 3783/114/2026 3780/114/2026 3785/114/2027
f 3785/114/2027 3787/114/2027 3783/114/2026
f 3785/114/2027 3781/115/2027 3786/115/2027
f 3786/115/2027 3791/114/2027 3785/114/2027
f 3784/115/2026 3783/114/2026 3787/114/2027
f 3787/114/2027 3788/115/2027 3784/115/2026
f 3788/115/2027 3787/114/2027 3789/114/2027
f 3789/114/2027 3790/115/2027 3788/115/2027
f 3789/114/2027 3787/114/2027 3785/114/2027
f 3785/114/2027 3791/114/2027 3789/114/2027
f 3791/114/2027 3786/115/2027 3792/115/2026
f 3792/115/2026 3793/114/2026 3791/114/2027
f 3789/114/2027 3791/114/2027 3793/114/2026
f 3793/114/2026 3795/114/2026 3789/114/2027
f 3793/114/2026 3792/115/2026 3794/115/2025
f 3794/115/2025 3797/114/2025 3793/114/2026
f 3790/115/2027 3789/114/2027 3795/114/2026
f 3795/114/2026 3796/115/2026 3790/115/2027
f 3795/114/2026 3793/114/2026 3797/114/2025
f 3797/114/2025 3798/114/2025 3795/114/2026
f 3796/115/2026 3795/114/2026 3798/114/2025
f 3798/114/2025 3799/115/2025 3796/115/2026
f 3800/115/2024 3799/115/2025 3798/114/2025
f 3798/114/2025 3804/114/2024 3800/115/2024
f 3801/114/2024 3797/114/2025 3794/115/2025
f 3794/115/2025 3802/115/2024 3801/114/2024
f 3798/114/2025 3797/114/2025 3801/114/2024
f 3801/114/2024 3804/114/2024 3798/114/2025
f 3801/114/2024 3802/115/2024 3803/115/1969
f 3803/115/1969 3664/114/1969 3801/114/2024
f 3804/114/2024 3801/114/2024 3664/114/1969
f 3664/114/1969 3662/114/1969 3804/114/2024
f 3800/115/2024 3804/114/2024 3662/114/1969
f 3662/114/1969 3663/115/1969 3800/115/2024
f 3805/115/2028 3765/115/2023 3766/114/2023
f 3766/114/2023 3806/114/2028 3805/115/2028
f 3805/115/2028 3806/114/2028 3807/114/2029
f 3807/114/2029 3808/115/2029 3805/115/2028
f 3809/114/2028 3806/114/2028 3766/114/2023
f 3766/114/2023 3767/114/2023 3809/114/2028
f 3809/114/2028 3767/114/2023 3810/115/2023
f 3810/115/2023 3811/115/2028 3809/114/2028
f 3809/114/2028 3811/115/2028 3812/115/2029
f 3812/115/2029 3813/114/2029 3809/114/2028
f 3806/114/2028 3809/114/2028 3813/114/2029
f 3813/114/2029 3807/114/2029 3806/114/2028
f 3813/114/2029 3812/115/2029 3814/115/2030
f 3814/115/2030 3815/114/2030 3813/114/2029
f 3807/114/2029 3813/114/2029 3815/114/2030
f 3815/114/2030 3817/114/2030 3807/114/2029
f 3815/114/2030 3814/115/2030 3816/115/2031
f 3816/115/2031 3819/114/2031 3815/114/2030
f 3808/115/2029 3807/114/2029 3817/114/2030
f 3817/114/2030 3818/115/2030 3808/115/2029
f 3817/114/2030 3815/114/2030 3819/114/2031
f 3819/114/2031 3821/114/2031 3817/114/2030
f 3819/114/2031 3816/115/2031 3820/115/2031
f 3820/115/2031 3823/114/2031 3819/114/2031
f 3818/115/2030 3817/114/2030 3821/114/2031
f 3821/114/2031 3822/115/2031 3818/115/2030
f 3821/114/2031 3819/114/2031 3823/114/2031
f 3823/114/2031 3825/114/2031 3821/114/2031
f 3823/114/2031 3820/115/2031 3824/115/2030
f 3824/115/2030 3829/114/2030 3823/114/2031
f 3822/115/2031 3821/114/2031 3825/114/2031
f 3825/114/2031 3826/115/2031 3822/115/2031
f 3826/115/2031 3825/114/2031 3827/114/2030
f 3827/114/2030 3828/115/2030 3826/115/2031
f 3827/114/2030 3825/114/2031 3823/114/2031
f 3823/114/2031 3829/114/2030 3827/114/2030
f 3829/114/2030 3824/115/2030 3830/115/2029
f 3830/115/2029 3831/114/2029 3829/114/2030
f 3827/114/2030 3829/114/2030 3831/114/2029
f 3831/114/2029 3833/114/2029 3827/114/2030
f 3831/114/2029 3830/115/2029 3832/115/2028
f 3832/115/2028 3835/114/2028 3831/114/2029
f 3828/115/2030 3827/114/2030 3833/114/2029
f 3833/114/2029 3834/115/2029 3828/115/2030
f 3833/114/2029 3831/114/2029 3835/114/2028
f 3835/114/2028 3836/114/2028 3833/114/2029
f 3834/115/2029 3833/114/2029 3836/114/2028
f 3836/114/2028 3837/115/2028 3834/115/2029
f 3838/115/81 3837/115/2028 3836/114/2028
f 3836/114/2028 3839/114/81 3838/115/81
f 3840/114/81 3839/114/81 3836/114/2028
f 3836/114/2028 3835/114/2028 3840/114/81
f 3840/114/81 3835/114/2028 3832/115/2028
f 3832/115/2028 3841/115/81 3840/114/81
f 3841/128/81 3842/128/57 3612/129/57
f 3612/129/57 3840/130/81 3841/128/81
f 3839/130/81 3840/130/81 3612/129/57
f 3612/129/57 3611/129/57 3839/130/81
f 3843/128/56 3769/128/5 3770/129/5
f 3770/129/5 3613/129/56 3843/128/56
f 3608/129/56 3613/129/56 3770/129/5
f 3770/129/5 3772/129/5 3608/129/56
f 3612/114/57 3842/115/57 3843/115/56
f 3843/115/56 3613/114/56 3612/114/57
f 3465/114/6 3764/115/6 3661/115/7
f 3661/115/7 3466/114/7 3465/114/6
f 3803/128/1969 3463/128/7 3461/129/7
f 3461/129/7 3664/129/1969 3803/128/1969
f 3839/130/81 3611/129/57 3609/128/57
f 3609/128/57 3838/128/81 3839/130/81
f 3777/128/5 3610/128/56 3608/129/56
f 3608/129/56 3772/129/5 3777/128/5
f 3767/130/2023 3464/129/6 3462/128/6
f 3462/128/6 3810/128/2023 3767/130/2023
f 3845/132/2033 3842/128/2033 3844/131/2032
f 3844/131/2032 3846/133/2032 3845/132/2033
f 3845/132/2033 3846/133/2032 3847/133/2032
f 3847/133/2032 3848/132/2033 3845/132/2033
f 3843/115/2034 3842/115/2033 3845/134/2033
f 3845/134/2033 3849/134/2034 3843/115/2034
f 3849/134/2034 3845/134/2033 3848/134/2033
f 3848/134/2033 3850/134/2034 3849/134/2034
f 3852/115/2033 3851/115/2034 3850/134/2034
f 3850/134/2034 3848/134/2033 3852/115/2033
f 3853/116/2035 3593/117/2036 3854/108/74
f 3854/108/74 3855/108/2037 3853/116/2035
f 3855/108/2037 3854/108/74 3856/110/78
f 3856/110/78 3859/110/2040 3855/108/2037
f 3853/116/2035 3855/108/2037 3857/127/2038
f 3857/127/2038 3858/118/2039 3853/116/2035
f 3859/110/2040 3856/110/78 3590/117/65
f 3590/117/65 3860/116/2041 3859/110/2040
f 3859/110/2040 3860/116/2041 3861/135/2042
f 3861/135/2042 3862/124/2043 3859/110/2040
f 3863/112/2044 3865/112/2046 3864/116/2045
f 3864/116/2045 3866/116/2047 3863/112/2044
f 3863/112/2044 3866/116/2047 3867/135/2048
f 3867/135/2048 3868/136/2049 3863/112/2044
f 3869/116/2050 3603/116/200 3601/116/33
f 3601/116/33 3870/116/2051 3869/116/2050
f 3869/116/2050 3870/116/2051 3871/137/2052
f 3871/137/2052 3872/119/2053 3869/116/2050
f 3873/116/2054 3602/117/51 3874/108/2055
f 3874/108/2055 3875/108/2056 3873/116/2054
f 3875/108/2056 3874/108/2055 3876/108/85
f 3876/108/85 3877/108/2057 3875/108/2056
f 3877/108/2057 3876/108/85 3603/116/200
f 3603/116/200 3869/116/2050 3877/108/2057
f 3877/108/2057 3869/116/2050 3872/119/2053
f 3872/119/2053 3878/120/2058 3877/108/2057
f 3866/116/2047 3880/108/2060 3881/127/2061
f 3881/127/2061 3867/135/2048 3866/116/2047
f 3880/108/2060 3879/108/2059 3882/108/2062
f 3882/108/2062 3883/108/2063 3880/108/2060
f 3884/127/2064 3882/108/2062 3879/108/2059
f 3879/108/2059 3885/127/2065 3884/127/2064
f 3883/108/2063 3882/108/2062 3886/116/2066
f 3886/116/2066 3887/116/2067 3883/108/2063
f 3887/116/2067 3886/116/2066 3888/116/2068
f 3888/116/2068 3889/116/2069 3887/116/2067
f 3883/108/2063 3887/116/2067 3890/118/2070
f 3890/118/2070 3891/127/2071 3883/108/2063
f 3876/109/1 3874/109/1 3602/108/1
f 3602/108/1 3603/108/1 3876/109/1
f 3601/108/1 3600/108/1 3598/109/1
f 3598/109/1 3599/109/1 3601/108/1
f 3599/109/1 3598/109/1 3596/109/1
f 3596/109/1 3597/109/1 3599/109/1
f 3597/109/1 3596/109/1 3594/108/1
f 3594/108/1 3595/108/1 3597/109/1
f 3593/108/1 3590/108/1 3856/109/1
f 3856/109/1 3854/109/1 3593/108/1
f 3896/138/2076 3894/117/2074 3895/110/2075
f 3895/110/2075 3897/139/2077 3896/138/2076
f 3895/110/2075 3892/110/2072 3898/108/2078
f 3898/108/2078 3901/108/2081 3895/110/2075
f 3898/108/2078 3892/110/2072 3899/139/2079
f 3899/139/2079 3900/120/2080 3898/108/2078
f 3901/108/2081 3898/108/2078 3902/117/2082
f 3902/117/2082 3903/117/2083 3901/108/2081
f 3904/120/2084 3901/108/2081 3903/117/2083
f 3903/117/2083 3905/125/2085 3904/120/2084
f 3870/116/2051 3601/116/33 3599/108/32
f 3599/108/32 3906/108/2086 3870/116/2051
f 3870/116/2051 3906/108/2086 3907/140/2087
f 3907/140/2087 3871/137/2052 3870/116/2051
f 3908/108/2088 3906/108/2086 3599/108/32
f 3599/108/32 3597/108/29 3908/108/2088
f 3908/108/2088 3597/108/29 3595/117/2089
f 3595/117/2089 3909/116/2090 3908/108/2088
f 3908/108/2088 3909/116/2090 3910/141/2091
f 3910/141/2091 3911/142/2092 3908/108/2088
f 3911/142/2092 3910/141/2091 3912/141/2093
f 3912/141/2093 3913/142/2094 3911/142/2092
f 3907/140/2087 3911/142/2092 3913/142/2094
f 3913/142/2094 3914/140/2095 3907/140/2087
f 3593/117/2036 3853/116/2035 3909/116/2090
f 3909/116/2090 3595/117/2089 3593/117/2036
f 3860/116/2041 3590/117/65 3594/112/63
f 3594/112/63 3915/111/2096 3860/116/2041
f 3915/111/2096 3594/112/63 3596/110/2097
f 3596/110/2097 3916/110/2098 3915/111/2096
f 3915/111/2096 3916/110/2098 3917/143/2099
f 3917/143/2099 3918/136/2100 3915/111/2096
f 3918/136/2100 3917/143/2099 3919/143/2101
f 3919/143/2101 3868/136/2049 3918/136/2100
f 3916/110/2098 3596/110/2097 3598/110/58
f 3598/110/58 3920/110/2102 3916/110/2098
f 3920/110/2102 3598/110/58 3600/112/50
f 3600/112/50 3921/111/2103 3920/110/2102
f 3921/111/2103 3600/112/50 3602/117/51
f 3602/117/51 3873/116/2054 3921/111/2103
f 3921/111/2103 3873/116/2054 3922/119/2104
f 3922/119/2104 3923/144/2105 3921/111/2103
f 3917/143/2099 3924/145/2106 3925/145/2107
f 3925/145/2107 3919/143/2101 3917/143/2099
f 3926/144/2108 3925/145/2107 3924/145/2106
f 3924/145/2106 3923/144/2105 3926/144/2108
f 3925/145/2107 3926/144/2108 3927/112/2109
f 3927/112/2109 3928/110/2110 3925/145/2107
f 3930/112/2112 3927/112/2109 3893/117/2073
f 3893/117/2073 3894/117/2074 3930/112/2112
f 3931/144/2113 3930/112/2112 3894/117/2074
f 3894/117/2074 3896/138/2076 3931/144/2113
f 3932/144/2114 3931/144/2113 3896/138/2076
f 3896/138/2076 3933/119/2115 3932/144/2114
f 3889/116/2069 3939/108/2121 3913/142/2094
f 3913/142/2094 3912/141/2093 3889/116/2069
f 3914/140/2095 3913/142/2094 3939/108/2121
f 3939/108/2121 3941/108/2123 3914/140/2095
f 3943/117/2125 3942/117/2124 3903/117/2083
f 3903/117/2083 3902/117/2082 3943/117/2125
f 3943/117/2125 3902/117/2082 3944/125/2126
f 3944/125/2126 3945/137/2127 3943/117/2125
f 3945/137/2127 3944/125/2126 3872/119/2053
f 3872/119/2053 3871/137/2052 3945/137/2127
f 3945/137/2127 3914/140/2095 3941/108/2123
f 3941/108/2123 3943/117/2125 3945/137/2127
f 3914/140/2095 3945/137/2127 3871/137/2052
f 3871/137/2052 3907/140/2087 3914/140/2095
f 3861/135/2042 3918/136/2100 3868/136/2049
f 3868/136/2049 3867/135/2048 3861/135/2042
f 3860/116/2041 3915/111/2096 3918/136/2100
f 3918/136/2100 3861/135/2042 3860/116/2041
f 3878/120/2058 3946/120/2128 3875/108/2056
f 3875/108/2056 3877/108/2057 3878/120/2058
f 3900/120/2080 3899/139/2079 3946/120/2128
f 3946/120/2128 3878/120/2058 3900/120/2080
f 3920/110/2102 3921/111/2103 3923/144/2105
f 3923/144/2105 3924/145/2106 3920/110/2102
f 3893/117/2073 3927/112/2109 3926/144/2108
f 3926/144/2108 3947/138/2129 3893/117/2073
f 3947/138/2129 3926/144/2108 3923/144/2105
f 3923/144/2105 3922/119/2104 3947/138/2129
f 3919/143/2101 3925/145/2107 3928/110/2110
f 3928/110/2110 3935/110/2117 3919/143/2101
f 3858/118/2039 3857/127/2038 3891/127/2071
f 3891/127/2071 3890/118/2070 3858/118/2039
f 3912/141/2093 3890/118/2070 3887/116/2067
f 3887/116/2067 3889/116/2069 3912/141/2093
f 3890/118/2070 3912/141/2093 3910/141/2091
f 3910/141/2091 3858/118/2039 3890/118/2070
f 3858/118/2039 3910/141/2091 3909/116/2090
f 3909/116/2090 3853/116/2035 3858/118/2039
f 3868/136/2049 3919/143/2101 3935/110/2117
f 3935/110/2117 3863/112/2044 3868/136/2049
f 3862/124/2043 3861/135/2042 3867/135/2048
f 3867/135/2048 3881/127/2061 3862/124/2043
f 3900/120/2080 3944/125/2126 3902/117/2082
f 3902/117/2082 3898/108/2078 3900/120/2080
f 3878/120/2058 3872/119/2053 3944/125/2126
f 3944/125/2126 3900/120/2080 3878/120/2058
f 3947/138/2129 3899/139/2079 3892/110/2072
f 3892/110/2072 3893/117/2073 3947/138/2129
f 3922/119/2104 3946/120/2128 3899/139/2079
f 3899/139/2079 3947/138/2129 3922/119/2104
f 3873/116/2054 3875/108/2056 3946/120/2128
f 3946/120/2128 3922/119/2104 3873/116/2054
f 3862/124/2043 3857/127/2038 3855/108/2037
f 3855/108/2037 3859/110/2040 3862/124/2043
f 3881/127/2061 3891/127/2071 3857/127/2038
f 3857/127/2038 3862/124/2043 3881/127/2061
f 3880/108/2060 3883/108/2063 3891/127/2071
f 3891/127/2071 3881/127/2061 3880/108/2060
f 3629/108/85 3627/117/2131 3948/116/2130
f 3948/116/2130 3949/108/2132 3629/108/85
f 3628/110/87 3629/108/85 3949/108/2132
f 3949/108/2132 3952/110/2135 3628/110/87
f 3950/127/2133 3949/108/2132 3948/116/2130
f 3948/116/2130 3951/118/2134 3950/127/2133
f 3626/117/194 3628/110/87 3952/110/2135
f 3952/110/2135 3953/116/2136 3626/117/194
f 3954/135/2137 3953/116/2136 3952/110/2135
f 3952/110/2135 3955/124/2138 3954/135/2137
f 3619/116/165 3617/116/71 3956/116/2139
f 3956/116/2139 3957/116/2140 3619/116/165
f 3958/137/2141 3957/116/2140 3956/116/2139
f 3956/116/2139 3959/119/2142 3958/137/2141
f 3615/108/2144 3614/117/184 3960/116/2143
f 3960/116/2143 3961/108/2145 3615/108/2144
f 3616/108/74 3615/108/2144 3961/108/2145
f 3961/108/2145 3962/108/2146 3616/108/74
f 3617/116/71 3616/108/74 3962/108/2146
f 3962/108/2146 3956/116/2139 3617/116/71
f 3959/119/2142 3956/116/2139 3962/108/2146
f 3962/108/2146 3963/120/2147 3959/119/2142
f 3629/109/1 3628/109/1 3626/108/1
f 3626/108/1 3627/108/1 3629/109/1
f 3625/108/1 3624/108/1 3622/109/1
f 3622/109/1 3623/109/1 3625/108/1
f 3623/109/1 3622/109/1 3620/109/1
f 3620/109/1 3621/109/1 3623/109/1
f 3621/109/1 3620/109/1 3618/108/1
f 3618/108/1 3619/108/1 3621/109/1
f 3617/108/1 3614/108/1 3615/109/1
f 3615/109/1 3616/109/1 3617/108/1
f 3621/108/164 3619/116/165 3957/116/2140
f 3957/116/2140 3964/108/2148 3621/108/164
f 3965/140/2149 3964/108/2148 3957/116/2140
f 3957/116/2140 3958/137/2141 3965/140/2149
f 3621/108/164 3964/108/2148 3966/108/2150
f 3966/108/2150 3623/108/161 3621/108/164
f 3625/117/2151 3623/108/161 3966/108/2150
f 3966/108/2150 3967/116/2152 3625/117/2151
f 3968/141/2153 3967/116/2152 3966/108/2150
f 3966/108/2150 3969/142/2154 3968/141/2153
f 3970/141/2155 3968/141/2153 3969/142/2154
f 3969/142/2154 3971/142/2156 3970/141/2155
f 3971/142/2156 3969/142/2154 3965/140/2149
f 3965/140/2149 3972/140/2157 3971/142/2156
f 3627/117/2131 3625/117/2151 3967/116/2152
f 3967/116/2152 3948/116/2130 3627/117/2131
f 3624/112/192 3626/117/194 3953/116/2136
f 3953/116/2136 3973/111/2158 3624/112/192
f 3622/110/2159 3624/112/192 3973/111/2158
f 3973/111/2158 3974/110/2160 3622/110/2159
f 3975/143/2161 3974/110/2160 3973/111/2158
f 3973/111/2158 3976/136/2162 3975/143/2161
f 3936/143/2118 3975/143/2161 3976/136/2162
f 3976/136/2162 3977/136/2163 3936/143/2118
f 3620/110/187 3622/110/2159 3974/110/2160
f 3974/110/2160 3978/110/2164 3620/110/187
f 3618/112/181 3620/110/187 3978/110/2164
f 3978/110/2164 3979/111/2165 3618/112/181
f 3614/117/184 3618/112/181 3979/111/2165
f 3979/111/2165 3960/116/2143 3614/117/184
f 3933/119/2115 3960/116/2143 3979/111/2165
f 3979/111/2165 3932/144/2114 3933/119/2115
f 3937/145/2119 3980/145/2166 3975/143/2161
f 3975/143/2161 3936/143/2118 3937/145/2119
f 3980/145/2166 3937/145/2119 3931/144/2113
f 3931/144/2113 3932/144/2114 3980/145/2166
f 3930/112/2112 3931/144/2113 3937/145/2119
f 3937/145/2119 3929/110/2111 3930/112/2112
f 3981/135/2167 3864/116/2045 3865/112/2046
f 3865/112/2046 3977/136/2163 3981/135/2167
f 3954/135/2137 3981/135/2167 3977/136/2163
f 3977/136/2163 3976/136/2162 3954/135/2137
f 3953/116/2136 3954/135/2137 3976/136/2162
f 3976/136/2162 3973/111/2158 3953/116/2136
f 3963/120/2147 3962/108/2146 3961/108/2145
f 3961/108/2145 3982/120/2168 3963/120/2147
f 3904/120/2084 3963/120/2147 3982/120/2168
f 3982/120/2168 3897/139/2077 3904/120/2084
f 3901/108/2081 3904/120/2084 3897/139/2077
f 3897/139/2077 3895/110/2075 3901/108/2081
f 3905/125/2085 3903/117/2083 3942/117/2124
f 3942/117/2124 3983/137/2169 3905/125/2085
f 3959/119/2142 3905/125/2085 3983/137/2169
f 3983/137/2169 3958/137/2141 3959/119/2142
f 3983/137/2169 3942/117/2124 3940/108/2122
f 3940/108/2122 3972/140/2157 3983/137/2169
f 3958/137/2141 3983/137/2169 3972/140/2157
f 3972/140/2157 3965/140/2149 3958/137/2141
f 3971/142/2156 3938/108/2120 3888/116/2068
f 3888/116/2068 3970/141/2155 3971/142/2156
f 3978/110/2164 3980/145/2166 3932/144/2114
f 3932/144/2114 3979/111/2165 3978/110/2164
f 3984/118/2170 3886/116/2066 3882/108/2062
f 3882/108/2062 3884/127/2064 3984/118/2170
f 3951/118/2134 3984/118/2170 3884/127/2064
f 3884/127/2064 3950/127/2133 3951/118/2134
f 3970/141/2155 3888/116/2068 3886/116/2066
f 3886/116/2066 3984/118/2170 3970/141/2155
f 3968/141/2153 3970/141/2155 3984/118/2170
f 3984/118/2170 3951/118/2134 3968/141/2153
f 3967/116/2152 3968/141/2153 3951/118/2134
f 3951/118/2134 3948/116/2130 3967/116/2152
f 3977/136/2163 3865/112/2046 3934/110/2116
f 3934/110/2116 3936/143/2118 3977/136/2163
f 3885/127/2065 3879/108/2059 3864/116/2045
f 3864/116/2045 3981/135/2167 3885/127/2065
f 3955/124/2138 3885/127/2065 3981/135/2167
f 3981/135/2167 3954/135/2137 3955/124/2138
f 3963/120/2147 3904/120/2084 3905/125/2085
f 3905/125/2085 3959/119/2142 3963/120/2147
f 3933/119/2115 3896/138/2076 3897/139/2077
f 3897/139/2077 3982/120/2168 3933/119/2115
f 3960/116/2143 3933/119/2115 3982/120/2168
f 3982/120/2168 3961/108/2145 3960/116/2143
f 3955/124/2138 3952/110/2135 3949/108/2132
f 3949/108/2132 3950/127/2133 3955/124/2138
f 3885/127/2065 3955/124/2138 3950/127/2133
f 3950/127/2133 3884/127/2064 3885/127/2065
f 3850/132/2034 3851/128/2034 3985/128/2171
f 3985/128/2171 3986/132/2171 3850/132/2034
f 3846/134/2032 3988/134/263 3987/134/263
f 3987/134/263 3847/134/2032 3846/134/2032
f 3847/134/2032 3987/134/263 3989/115/263
f 3989/115/263 3990/115/2032 3847/134/2032
f 3994/146/263 3991/146/263 3989/115/263
f 3989/115/263 3987/134/263 3994/146/263
f 3992/132/2171 3993/128/2171 3843/128/2034
f 3843/128/2034 3849/132/2034 3992/132/2171
f 3992/132/2171 3849/132/2034 3850/132/2034
f 3850/132/2034 3986/132/2171 3992/132/2171
f 3994/146/263 3987/134/263 3988/134/263
f 3988/134/263 3995/146/263 3994/146/263
f 3997/146/263 3996/146/263 3995/146/263
f 3995/146/263 3988/134/263 3997/146/263
f 3844/115/2032 3997/146/263 3988/134/263
f 3988/134/263 3846/134/2032 3844/115/2032
f 3852/128/2033 3848/132/2033 3847/133/2032
f 3847/133/2032 3990/131/2032 3852/128/2033
f 3998/134/940 4000/146/940 3999/146/940
f 3999/146/940 4005/115/940 3998/134/940
f 4000/146/940 3998/134/940 4001/134/940
f 4001/134/940 4002/146/940 4000/146/940
f 4004/115/940 4003/146/940 4002/146/940
f 4002/146/940 4001/134/940 4004/115/940
f 3985/115/2171 4004/115/940 4001/134/940
f 4001/134/940 3986/134/2171 3985/115/2171
f 3986/134/2171 4001/134/940 3998/134/940
f 3998/134/940 3992/134/2171 3986/134/2171
f 3992/134/2171 3998/134/940 4005/115/940
f 4005/115/940 3993/115/2171 3992/134/2171
f 4008/70/2174 4007/70/2173 4006/69/2172
f 4006/69/2172 4009/69/2175 4008/70/2174
f 4010/70/2176 4008/70/2174 4009/69/2175
f 4009/69/2175 4017/69/2183 4010/70/2176
f 4011/71/2177 4009/69/2175 4006/69/2172
f 4006/69/2172 4012/71/2178 4011/71/2177
f 4011/71/2177 4012/71/2178 4013/72/2179
f 4013/72/2179 4014/72/2180 4011/71/2177
f 4015/71/2181 4011/71/2177 4014/72/2180
f 4014/72/2180 4016/72/2182 4015/71/2181
f 4009/69/2175 4011/71/2177 4015/71/2181
f 4015/71/2181 4017/69/2183 4009/69/2175
f 4018/70/2184 4010/70/2176 4017/69/2183
f 4017/69/2183 4019/69/2185 4018/70/2184
f 4020/71/2186 4019/69/2185 4017/69/2183
f 4017/69/2183 4015/71/2181 4020/71/2186
f 4020/71/2186 4015/71/2181 4016/72/2182
f 4016/72/2182 4021/72/2187 4020/71/2186
f 4022/73/2188 4007/73/2179 4023/74/2178
f 4023/74/2178 4024/74/2189 4022/73/2188
f 4025/73/2190 4022/73/2188 4024/74/2189
f 4024/74/2189 4033/74/2198 4025/73/2190
f 4026/75/2191 4024/74/2189 4023/74/2178
f 4023/74/2178 4027/75/2192 4026/75/2191
f 4026/75/2191 4027/75/2192 4028/76/2193
f 4028/76/2193 4029/77/2194 4026/75/2191
f 4030/75/2195 4026/75/2191 4029/77/2194
f 4029/77/2194 4031/77/2196 4030/75/2195
f 4024/74/2189 4026/75/2191 4030/75/2195
f 4030/75/2195 4033/74/2198 4024/74/2189
f 4030/75/2195 4031/77/2196 4032/77/2197
f 4032/77/2197 4034/75/2199 4030/75/2195
f 4033/74/2198 4030/75/2195 4034/75/2199
f 4034/75/2199 4035/74/2200 4033/74/2198
f 4025/73/2190 4033/74/2198 4035/74/2200
f 4035/74/2200 4036/73/2201 4025/73/2190
f 4037/73/2202 4036/73/2201 4035/74/2200
f 4035/74/2200 4042/74/2207 4037/73/2202
f 4038/75/2203 4034/75/2199 4032/77/2197
f 4032/77/2197 4039/77/2204 4038/75/2203
f 4035/74/2200 4034/75/2199 4038/75/2203
f 4038/75/2203 4042/74/2207 4035/74/2200
f 4038/75/2203 4039/77/2204 4040/76/2205
f 4040/76/2205 4041/75/2206 4038/75/2203
f 4042/74/2207 4038/75/2203 4041/75/2206
f 4041/75/2206 4044/74/2209 4042/74/2207
f 4043/73/2208 4037/73/2202 4042/74/2207
f 4042/74/2207 4044/74/2209 4043/73/2208
f 4047/72/2210 4046/72/2208 4045/71/2209
f 4045/71/2209 4048/71/2211 4047/72/2210
f 4049/72/2212 4047/72/2210 4048/71/2211
f 4048/71/2211 4055/71/2219 4049/72/2212
f 4050/69/2213 4048/71/2211 4045/71/2209
f 4045/71/2209 4051/69/2214 4050/69/2213
f 4050/69/2213 4051/69/2214 4043/70/2215
f 4043/70/2215 4052/70/2216 4050/69/2213
f 4053/69/2217 4050/69/2213 4052/70/2216
f 4052/70/2216 4054/70/2218 4053/69/2217
f 4048/71/2211 4050/69/2213 4053/69/2217
f 4053/69/2217 4055/71/2219 4048/71/2211
f 4056/72/2220 4049/72/2212 4055/71/2219
f 4055/71/2219 4057/71/2221 4056/72/2220
f 4058/69/2222 4057/71/2221 4055/71/2219
f 4055/71/2219 4053/69/2217 4058/69/2222
f 4058/69/2222 4053/69/2217 4054/70/2218
f 4054/70/2218 4059/70/2223 4058/69/2222
f 4060/78/2224 4046/78/2215 4061/79/2214
f 4061/79/2214 4062/79/2225 4060/78/2224
f 4063/78/2226 4060/78/2224 4062/79/2225
f 4062/79/2225 4071/79/2234 4063/78/2226
f 4064/80/2227 4062/79/2225 4061/79/2214
f 4061/79/2214 4065/80/2228 4064/80/2227
f 4064/80/2227 4065/80/2228 4066/81/2229
f 4066/81/2229 4067/82/2230 4064/80/2227
f 4068/80/2231 4064/80/2227 4067/82/2230
f 4067/82/2230 4069/82/2232 4068/80/2231
f 4062/79/2225 4064/80/2227 4068/80/2231
f 4068/80/2231 4071/79/2234 4062/79/2225
f 4068/80/2231 4069/82/2232 4070/82/2233
f 4070/82/2233 4072/80/2235 4068/80/2231
f 4071/79/2234 4068/80/2231 4072/80/2235
f 4072/80/2235 4073/79/2236 4071/79/2234
f 4063/78/2226 4071/79/2234 4073/79/2236
f 4073/79/2236 4074/78/2237 4063/78/2226
f 4075/78/2238 4074/78/2237 4073/79/2236
f 4073/79/2236 4080/79/2243 4075/78/2238
f 4076/80/2239 4072/80/2235 4070/82/2233
f 4070/82/2233 4077/82/2240 4076/80/2239
f 4073/79/2236 4072/80/2235 4076/80/2239
f 4076/80/2239 4080/79/2243 4073/79/2236
f 4076/80/2239 4077/82/2240 4078/81/2241
f 4078/81/2241 4079/80/2242 4076/80/2239
f 4080/79/2243 4076/80/2239 4079/80/2242
f 4079/80/2242 4081/79/2172 4080/79/2243
f 4013/78/2173 4075/78/2238 4080/79/2243
f 4080/79/2243 4081/79/2172 4013/78/2173
f 4082/72/2244 4056/72/2220 4057/71/2221
f 4057/71/2221 4083/71/2245 4082/72/2244
f 4084/72/2246 4082/72/2244 4083/71/2245
f 4083/71/2245 4090/71/2252 4084/72/2246
f 4085/69/2247 4083/71/2245 4057/71/2221
f 4057/71/2221 4058/69/2222 4085/69/2247
f 4085/69/2247 4058/69/2222 4059/70/2223
f 4059/70/2223 4086/70/2248 4085/69/2247
f 4087/69/2249 4085/69/2247 4086/70/2248
f 4086/70/2248 4088/70/2250 4087/69/2249
f 4083/71/2245 4085/69/2247 4087/69/2249
f 4087/69/2249 4090/71/2252 4083/71/2245
f 4087/69/2249 4088/70/2250 4089/70/2251
f 4089/70/2251 4091/69/2253 4087/69/2249
f 4090/71/2252 4087/69/2249 4091/69/2253
f 4091/69/2253 4092/71/2254 4090/71/2252
f 4084/72/2246 4090/71/2252 4092/71/2254
f 4092/71/2254 4093/72/2255 4084/72/2246
f 4094/72/2256 4093/72/2255 4092/71/2254
f 4092/71/2254 4097/71/2259 4094/72/2256
f 4095/69/2257 4091/69/2253 4089/70/2251
f 4089/70/2251 4096/70/2258 4095/69/2257
f 4092/71/2254 4091/69/2253 4095/69/2257
f 4095/69/2257 4097/71/2259 4092/71/2254
f 4021/72/2187 4094/72/2256 4097/71/2259
f 4097/71/2259 4020/71/2186 4021/72/2187
f 4019/69/2185 4020/71/2186 4097/71/2259
f 4097/71/2259 4095/69/2257 4019/69/2185
f 4019/69/2185 4095/69/2257 4096/70/2258
f 4096/70/2258 4018/70/2184 4019/69/2185
f 4049/78/2218 4056/78/2223 4098/79/2222
f 4098/79/2222 4099/79/2217 4049/78/2218
f 4047/78/2216 4049/78/2218 4099/79/2217
f 4099/79/2217 4106/79/2213 4047/78/2216
f 4100/80/2260 4099/79/2217 4098/79/2222
f 4098/79/2222 4101/80/2261 4100/80/2260
f 4100/80/2260 4101/80/2261 4102/81/2262
f 4102/81/2262 4103/82/2263 4100/80/2260
f 4104/80/2264 4100/80/2260 4103/82/2263
f 4103/82/2263 4105/82/2265 4104/80/2264
f 4099/79/2217 4100/80/2260 4104/80/2264
f 4104/80/2264 4106/79/2213 4099/79/2217
f 4104/80/2264 4105/82/2265 4066/81/2229
f 4066/81/2229 4065/80/2228 4104/80/2264
f 4106/79/2213 4104/80/2264 4065/80/2228
f 4065/80/2228 4061/79/2214 4106/79/2213
f 4046/78/2215 4047/78/2216 4106/79/2213
f 4106/79/2213 4061/79/2214 4046/78/2215
f 4094/78/2258 4021/78/2184 4107/79/2185
f 4107/79/2185 4108/79/2257 4094/78/2258
f 4093/78/2251 4094/78/2258 4108/79/2257
f 4108/79/2257 4116/79/2253 4093/78/2251
f 4109/80/2266 4108/79/2257 4107/79/2185
f 4107/79/2185 4110/80/2267 4109/80/2266
f 4109/80/2266 4110/80/2267 4111/81/2268
f 4111/81/2268 4112/82/2269 4109/80/2266
f 4113/80/2270 4109/80/2266 4112/82/2269
f 4112/82/2269 4114/82/2271 4113/80/2270
f 4108/79/2257 4109/80/2266 4113/80/2270
f 4113/80/2270 4116/79/2253 4108/79/2257
f 4113/80/2270 4114/82/2271 4115/82/2272
f 4115/82/2272 4117/80/2273 4113/80/2270
f 4116/79/2253 4113/80/2270 4117/80/2273
f 4117/80/2273 4118/79/2249 4116/79/2253
f 4093/78/2251 4116/79/2253 4118/79/2249
f 4118/79/2249 4084/78/2250 4093/78/2251
f 4082/78/2248 4084/78/2250 4118/79/2249
f 4118/79/2249 4121/79/2247 4082/78/2248
f 4119/80/2274 4117/80/2273 4115/82/2272
f 4115/82/2272 4120/82/2275 4119/80/2274
f 4118/79/2249 4117/80/2273 4119/80/2274
f 4119/80/2274 4121/79/2247 4118/79/2249
f 4119/80/2274 4120/82/2275 4102/81/2262
f 4102/81/2262 4101/80/2261 4119/80/2274
f 4121/79/2247 4119/80/2274 4101/80/2261
f 4101/80/2261 4098/79/2222 4121/79/2247
f 4056/78/2223 4082/78/2248 4121/79/2247
f 4121/79/2247 4098/79/2222 4056/78/2223
f 4014/78/2174 4013/78/2173 4081/79/2172
f 4081/79/2172 4122/79/2175 4014/78/2174
f 4016/78/2176 4014/78/2174 4122/79/2175
f 4122/79/2175 4127/79/2183 4016/78/2176
f 4123/80/2276 4122/79/2175 4081/79/2172
f 4081/79/2172 4079/80/2242 4123/80/2276
f 4123/80/2276 4079/80/2242 4078/81/2241
f 4078/81/2241 4124/82/2277 4123/80/2276
f 4125/80/2278 4123/80/2276 4124/82/2277
f 4124/82/2277 4126/82/2279 4125/80/2278
f 4122/79/2175 4123/80/2276 4125/80/2278
f 4125/80/2278 4127/79/2183 4122/79/2175
f 4125/80/2278 4126/82/2279 4111/81/2268
f 4111/81/2268 4110/80/2267 4125/80/2278
f 4127/79/2183 4125/80/2278 4110/80/2267
f 4110/80/2267 4107/79/2185 4127/79/2183
f 4021/78/2184 4016/78/2176 4127/79/2183
f 4127/79/2183 4107/79/2185 4021/78/2184
f 4075/72/2188 4013/72/2179 4012/71/2178
f 4012/71/2178 4128/71/2189 4075/72/2188
f 4074/72/2190 4075/72/2188 4128/71/2189
f 4128/71/2189 4131/71/2198 4074/72/2190
f 4129/69/2243 4128/71/2189 4012/71/2178
f 4012/71/2178 4006/69/2172 4129/69/2243
f 4129/69/2243 4006/69/2172 4007/70/2173
f 4007/70/2173 4022/70/2238 4129/69/2243
f 4130/69/2236 4129/69/2243 4022/70/2238
f 4022/70/2238 4025/70/2237 4130/69/2236
f 4128/71/2189 4129/69/2243 4130/69/2236
f 4130/69/2236 4131/71/2198 4128/71/2189
f 4130/69/2236 4025/70/2237 4036/70/2226
f 4036/70/2226 4132/69/2234 4130/69/2236
f 4131/71/2198 4130/69/2236 4132/69/2234
f 4132/69/2234 4133/71/2200 4131/71/2198
f 4074/72/2190 4131/71/2198 4133/71/2200
f 4133/71/2200 4063/72/2201 4074/72/2190
f 4060/72/2202 4063/72/2201 4133/71/2200
f 4133/71/2200 4135/71/2207 4060/72/2202
f 4134/69/2225 4132/69/2234 4036/70/2226
f 4036/70/2226 4037/70/2224 4134/69/2225
f 4133/71/2200 4132/69/2234 4134/69/2225
f 4134/69/2225 4135/71/2207 4133/71/2200
f 4046/72/2208 4060/72/2202 4135/71/2207
f 4135/71/2207 4045/71/2209 4046/72/2208
f 4051/69/2214 4045/71/2209 4135/71/2207
f 4135/71/2207 4134/69/2225 4051/69/2214
f 4051/69/2214 4134/69/2225 4037/70/2224
f 4037/70/2224 4043/70/2215 4051/69/2214
f 4052/73/2210 4043/73/2208 4044/74/2209
f 4044/74/2209 4136/74/2211 4052/73/2210
f 4054/73/2212 4052/73/2210 4136/74/2211
f 4136/74/2211 4143/74/2219 4054/73/2212
f 4137/75/2280 4136/74/2211 4044/74/2209
f 4044/74/2209 4041/75/2206 4137/75/2280
f 4137/75/2280 4041/75/2206 4040/76/2205
f 4040/76/2205 4138/77/2281 4137/75/2280
f 4139/75/2282 4137/75/2280 4138/77/2281
f 4138/77/2281 4140/77/2283 4139/75/2282
f 4136/74/2211 4137/75/2280 4139/75/2282
f 4139/75/2282 4143/74/2219 4136/74/2211
f 4139/75/2282 4140/77/2283 4141/76/2284
f 4141/76/2284 4142/75/2285 4139/75/2282
f 4143/74/2219 4139/75/2282 4142/75/2285
f 4142/75/2285 4144/74/2221 4143/74/2219
f 4059/73/2220 4054/73/2212 4143/74/2219
f 4143/74/2219 4144/74/2221 4059/73/2220
f 4086/73/2244 4059/73/2220 4144/74/2221
f 4144/74/2221 4145/74/2245 4086/73/2244
f 4088/73/2246 4086/73/2244 4145/74/2245
f 4145/74/2245 4151/74/2252 4088/73/2246
f 4146/75/2286 4145/74/2245 4144/74/2221
f 4144/74/2221 4142/75/2285 4146/75/2286
f 4146/75/2286 4142/75/2285 4141/76/2284
f 4141/76/2284 4147/77/2287 4146/75/2286
f 4148/75/2288 4146/75/2286 4147/77/2287
f 4147/77/2287 4149/77/2289 4148/75/2288
f 4145/74/2245 4146/75/2286 4148/75/2288
f 4148/75/2288 4151/74/2252 4145/74/2245
f 4148/75/2288 4149/77/2289 4150/77/2290
f 4150/77/2290 4152/75/2291 4148/75/2288
f 4151/74/2252 4148/75/2288 4152/75/2291
f 4152/75/2291 4153/74/2254 4151/74/2252
f 4088/73/2246 4151/74/2252 4153/74/2254
f 4153/74/2254 4089/73/2255 4088/73/2246
f 4096/73/2256 4089/73/2255 4153/74/2254
f 4153/74/2254 4158/74/2259 4096/73/2256
f 4154/75/2292 4152/75/2291 4150/77/2290
f 4150/77/2290 4155/77/2293 4154/75/2292
f 4153/74/2254 4152/75/2291 4154/75/2292
f 4154/75/2292 4158/74/2259 4153/74/2254
f 4154/75/2292 4155/77/2293 4156/76/2294
f 4156/76/2294 4157/75/2295 4154/75/2292
f 4158/74/2259 4154/75/2292 4157/75/2295
f 4157/75/2295 4159/74/2186 4158/74/2259
f 4018/73/2187 4096/73/2256 4158/74/2259
f 4158/74/2259 4159/74/2186 4018/73/2187
f 4010/73/2182 4018/73/2187 4159/74/2186
f 4159/74/2186 4160/74/2181 4010/73/2182
f 4008/73/2180 4010/73/2182 4160/74/2181
f 4160/74/2181 4165/74/2177 4008/73/2180
f 4161/75/2296 4160/74/2181 4159/74/2186
f 4159/74/2186 4157/75/2295 4161/75/2296
f 4161/75/2296 4157/75/2295 4156/76/2294
f 4156/76/2294 4162/77/2297 4161/75/2296
f 4163/75/2298 4161/75/2296 4162/77/2297
f 4162/77/2297 4164/77/2299 4163/75/2298
f 4160/74/2181 4161/75/2296 4163/75/2298
f 4163/75/2298 4165/74/2177 4160/74/2181
f 4163/75/2298 4164/77/2299 4028/76/2193
f 4028/76/2193 4027/75/2192 4163/75/2298
f 4165/74/2177 4163/75/2298 4027/75/2192
f 4027/75/2192 4023/74/2178 4165/74/2177
f 4007/73/2179 4008/73/2180 4165/74/2177
f 4165/74/2177 4023/74/2178 4007/73/2179
f 4166/83/2300 4070/82/2233 4069/82/2232
f 4069/82/2232 4170/83/2304 4166/83/2300
f 4077/82/2240 4070/82/2233 4166/83/2300
f 4166/83/2300 4167/83/2301 4077/82/2240
f 4078/81/2241 4077/82/2240 4167/83/2301
f 4167/83/2301 4124/82/2277 4078/81/2241
f 4126/82/2279 4124/82/2277 4167/83/2301
f 4167/83/2301 4168/83/2302 4126/82/2279
f 4168/83/2302 4167/83/2301 4166/83/2300
f 4166/83/2300 4169/83/2303 4168/83/2302
f 4111/81/2268 4126/82/2279 4168/83/2302
f 4168/83/2302 4112/82/2269 4111/81/2268
f 4114/82/2271 4112/82/2269 4168/83/2302
f 4168/83/2302 4169/83/2303 4114/82/2271
f 4169/83/2303 4166/83/2300 4170/83/2304
f 4170/83/2304 4171/83/2305 4169/83/2303
f 4114/82/2271 4169/83/2303 4171/83/2305
f 4171/83/2305 4115/82/2272 4114/82/2271
f 4120/82/2275 4115/82/2272 4171/83/2305
f 4171/83/2305 4173/83/2307 4120/82/2275
f 4172/83/2306 4170/83/2304 4069/82/2232
f 4069/82/2232 4067/82/2230 4172/83/2306
f 4171/83/2305 4170/83/2304 4172/83/2306
f 4172/83/2306 4173/83/2307 4171/83/2305
f 4172/83/2306 4067/82/2230 4066/81/2229
f 4066/81/2229 4105/82/2265 4172/83/2306
f 4173/83/2307 4172/83/2306 4105/82/2265
f 4105/82/2265 4103/82/2263 4173/83/2307
f 4102/81/2262 4120/82/2275 4173/83/2307
f 4173/83/2307 4103/82/2263 4102/81/2262
f 4039/77/2204 4032/77/2197 4174/84/2308
f 4174/84/2308 4175/84/2309 4039/77/2204
f 4174/84/2308 4032/77/2197 4031/77/2196
f 4031/77/2196 4178/84/2312 4174/84/2308
f 4040/76/2205 4039/77/2204 4175/84/2309
f 4175/84/2309 4138/77/2281 4040/76/2205
f 4140/77/2283 4138/77/2281 4175/84/2309
f 4175/84/2309 4176/84/2310 4140/77/2283
f 4176/84/2310 4175/84/2309 4174/84/2308
f 4174/84/2308 4177/84/2311 4176/84/2310
f 4141/76/2284 4140/77/2283 4176/84/2310
f 4176/84/2310 4147/77/2287 4141/76/2284
f 4149/77/2289 4147/77/2287 4176/84/2310
f 4176/84/2310 4177/84/2311 4149/77/2289
f 4177/84/2311 4174/84/2308 4178/84/2312
f 4178/84/2312 4179/84/2313 4177/84/2311
f 4149/77/2289 4177/84/2311 4179/84/2313
f 4179/84/2313 4150/77/2290 4149/77/2289
f 4155/77/2293 4150/77/2290 4179/84/2313
f 4179/84/2313 4181/84/2315 4155/77/2293
f 4180/84/2314 4178/84/2312 4031/77/2196
f 4031/77/2196 4029/77/2194 4180/84/2314
f 4179/84/2313 4178/84/2312 4180/84/2314
f 4180/84/2314 4181/84/2315 4179/84/2313
f 4180/84/2314 4029/77/2194 4028/76/2193
f 4028/76/2193 4164/77/2299 4180/84/2314
f 4181/84/2315 4180/84/2314 4164/77/2299
f 4164/77/2299 4162/77/2297 4181/84/2315
f 4156/76/2294 4155/77/2293 4181/84/2315
f 4181/84/2315 4162/77/2297 4156/76/2294
f 4184/70/2174 4183/70/2173 4182/69/2172
f 4182/69/2172 4185/69/2175 4184/70/2174
f 4186/70/2176 4184/70/2174 4185/69/2175
f 4185/69/2175 4193/69/2183 4186/70/2176
f 4187/71/2177 4185/69/2175 4182/69/2172
f 4182/69/2172 4188/71/2178 4187/71/2177
f 4187/71/2177 4188/71/2178 4189/72/2179
f 4189/72/2179 4190/72/2180 4187/71/2177
f 4191/71/2181 4187/71/2177 4190/72/2180
f 4190/72/2180 4192/72/2182 4191/71/2181
f 4185/69/2175 4187/71/2177 4191/71/2181
f 4191/71/2181 4193/69/2183 4185/69/2175
f 4194/70/2184 4186/70/2176 4193/69/2183
f 4193/69/2183 4195/69/2185 4194/70/2184
f 4196/71/2186 4195/69/2185 4193/69/2183
f 4193/69/2183 4191/71/2181 4196/71/2186
f 4196/71/2186 4191/71/2181 4192/72/2182
f 4192/72/2182 4197/72/2187 4196/71/2186
f 4198/73/2188 4183/73/2179 4199/74/2178
f 4199/74/2178 4200/74/2189 4198/73/2188
f 4201/73/2190 4198/73/2188 4200/74/2189
f 4200/74/2189 4209/74/2198 4201/73/2190
f 4202/75/2191 4200/74/2189 4199/74/2178
f 4199/74/2178 4203/75/2192 4202/75/2191
f 4202/75/2191 4203/75/2192 4204/76/2193
f 4204/76/2193 4205/77/2194 4202/75/2191
f 4206/75/2195 4202/75/2191 4205/77/2194
f 4205/77/2194 4207/77/2196 4206/75/2195
f 4200/74/2189 4202/75/2191 4206/75/2195
f 4206/75/2195 4209/74/2198 4200/74/2189
f 4206/75/2195 4207/77/2196 4208/77/2197
f 4208/77/2197 4210/75/2199 4206/75/2195
f 4209/74/2198 4206/75/2195 4210/75/2199
f 4210/75/2199 4211/74/2200 4209/74/2198
f 4201/73/2190 4209/74/2198 4211/74/2200
f 4211/74/2200 4212/73/2201 4201/73/2190
f 4213/73/2202 4212/73/2201 4211/74/2200
f 4211/74/2200 4218/74/2207 4213/73/2202
f 4214/75/2203 4210/75/2199 4208/77/2197
f 4208/77/2197 4215/77/2204 4214/75/2203
f 4211/74/2200 4210/75/2199 4214/75/2203
f 4214/75/2203 4218/74/2207 4211/74/2200
f 4214/75/2203 4215/77/2204 4216/76/2205
f 4216/76/2205 4217/75/2206 4214/75/2203
f 4218/74/2207 4214/75/2203 4217/75/2206
f 4217/75/2206 4220/74/2209 4218/74/2207
f 4219/73/2208 4213/73/2202 4218/74/2207
f 4218/74/2207 4220/74/2209 4219/73/2208
f 4223/72/2210 4222/72/2208 4221/71/2209
f 4221/71/2209 4224/71/2211 4223/72/2210
f 4225/72/2212 4223/72/2210 4224/71/2211
f 4224/71/2211 4231/71/2219 4225/72/2212
f 4226/69/2213 4224/71/2211 4221/71/2209
f 4221/71/2209 4227/69/2214 4226/69/2213
f 4226/69/2213 4227/69/2214 4219/70/2215
f 4219/70/2215 4228/70/2216 4226/69/2213
f 4229/69/2217 4226/69/2213 4228/70/2216
f 4228/70/2216 4230/70/2218 4229/69/2217
f 4224/71/2211 4226/69/2213 4229/69/2217
f 4229/69/2217 4231/71/2219 4224/71/2211
f 4232/72/2220 4225/72/2212 4231/71/2219
f 4231/71/2219 4233/71/2221 4232/72/2220
f 4234/69/2222 4233/71/2221 4231/71/2219
f 4231/71/2219 4229/69/2217 4234/69/2222
f 4234/69/2222 4229/69/2217 4230/70/2218
f 4230/70/2218 4235/70/2223 4234/69/2222
f 4236/78/2224 4222/78/2215 4237/79/2214
f 4237/79/2214 4238/79/2225 4236/78/2224
f 4239/78/2226 4236/78/2224 4238/79/2225
f 4238/79/2225 4247/79/2234 4239/78/2226
f 4240/80/2227 4238/79/2225 4237/79/2214
f 4237/79/2214 4241/80/2228 4240/80/2227
f 4240/80/2227 4241/80/2228 4242/81/2229
f 4242/81/2229 4243/82/2230 4240/80/2227
f 4244/80/2231 4240/80/2227 4243/82/2230
f 4243/82/2230 4245/82/2232 4244/80/2231
f 4238/79/2225 4240/80/2227 4244/80/2231
f 4244/80/2231 4247/79/2234 4238/79/2225
f 4244/80/2231 4245/82/2232 4246/82/2233
f 4246/82/2233 4248/80/2235 4244/80/2231
f 4247/79/2234 4244/80/2231 4248/80/2235
f 4248/80/2235 4249/79/2236 4247/79/2234
f 4239/78/2226 4247/79/2234 4249/79/2236
f 4249/79/2236 4250/78/2237 4239/78/2226
f 4251/78/2238 4250/78/2237 4249/79/2236
f 4249/79/2236 4256/79/2243 4251/78/2238
f 4252/80/2239 4248/80/2235 4246/82/2233
f 4246/82/2233 4253/82/2240 4252/80/2239
f 4249/79/2236 4248/80/2235 4252/80/2239
f 4252/80/2239 4256/79/2243 4249/79/2236
f 4252/80/2239 4253/82/2240 4254/81/2241
f 4254/81/2241 4255/80/2242 4252/80/2239
f 4256/79/2243 4252/80/2239 4255/80/2242
f 4255/80/2242 4257/79/2172 4256/79/2243
f 4189/78/2173 4251/78/2238 4256/79/2243
f 4256/79/2243 4257/79/2172 4189/78/2173
f 4258/72/2244 4232/72/2220 4233/71/2221
f 4233/71/2221 4259/71/2245 4258/72/2244
f 4260/72/2246 4258/72/2244 4259/71/2245
f 4259/71/2245 4266/71/2252 4260/72/2246
f 4261/69/2247 4259/71/2245 4233/71/2221
f 4233/71/2221 4234/69/2222 4261/69/2247
f 4261/69/2247 4234/69/2222 4235/70/2223
f 4235/70/2223 4262/70/2248 4261/69/2247
f 4263/69/2249 4261/69/2247 4262/70/2248
f 4262/70/2248 4264/70/2250 4263/69/2249
f 4259/71/2245 4261/69/2247 4263/69/2249
f 4263/69/2249 4266/71/2252 4259/71/2245
f 4263/69/2249 4264/70/2250 4265/70/2251
f 4265/70/2251 4267/69/2253 4263/69/2249
f 4266/71/2252 4263/69/2249 4267/69/2253
f 4267/69/2253 4268/71/2254 4266/71/2252
f 4260/72/2246 4266/71/2252 4268/71/2254
f 4268/71/2254 4269/72/2255 4260/72/2246
f 4270/72/2256 4269/72/2255 4268/71/2254
f 4268/71/2254 4273/71/2259 4270/72/2256
f 4271/69/2257 4267/69/2253 4265/70/2251
f 4265/70/2251 4272/70/2258 4271/69/2257
f 4268/71/2254 4267/69/2253 4271/69/2257
f 4271/69/2257 4273/71/2259 4268/71/2254
f 4197/72/2187 4270/72/2256 4273/71/2259
f 4273/71/2259 4196/71/2186 4197/72/2187
f 4195/69/2185 4196/71/2186 4273/71/2259
f 4273/71/2259 4271/69/2257 4195/69/2185
f 4195/69/2185 4271/69/2257 4272/70/2258
f 4272/70/2258 4194/70/2184 4195/69/2185
f 4225/78/2218 4232/78/2223 4274/79/2222
f 4274/79/2222 4275/79/2217 4225/78/2218
f 4223/78/2216 4225/78/2218 4275/79/2217
f 4275/79/2217 4282/79/2213 4223/78/2216
f 4276/80/2260 4275/79/2217 4274/79/2222
f 4274/79/2222 4277/80/2261 4276/80/2260
f 4276/80/2260 4277/80/2261 4278/81/2262
f 4278/81/2262 4279/82/2263 4276/80/2260
f 4280/80/2264 4276/80/2260 4279/82/2263
f 4279/82/2263 4281/82/2265 4280/80/2264
f 4275/79/2217 4276/80/2260 4280/80/2264
f 4280/80/2264 4282/79/2213 4275/79/2217
f 4280/80/2264 4281/82/2265 4242/81/2229
f 4242/81/2229 4241/80/2228 4280/80/2264
f 4282/79/2213 4280/80/2264 4241/80/2228
f 4241/80/2228 4237/79/2214 4282/79/2213
f 4222/78/2215 4223/78/2216 4282/79/2213
f 4282/79/2213 4237/79/2214 4222/78/2215
f 4270/78/2258 4197/78/2184 4283/79/2185
f 4283/79/2185 4284/79/2257 4270/78/2258
f 4269/78/2251 4270/78/2258 4284/79/2257
f 4284/79/2257 4292/79/2253 4269/78/2251
f 4285/80/2266 4284/79/2257 4283/79/2185
f 4283/79/2185 4286/80/2267 4285/80/2266
f 4285/80/2266 4286/80/2267 4287/81/2268
f 4287/81/2268 4288/82/2269 4285/80/2266
f 4289/80/2270 4285/80/2266 4288/82/2269
f 4288/82/2269 4290/82/2271 4289/80/2270
f 4284/79/2257 4285/80/2266 4289/80/2270
f 4289/80/2270 4292/79/2253 4284/79/2257
f 4289/80/2270 4290/82/2271 4291/82/2272
f 4291/82/2272 4293/80/2273 4289/80/2270
f 4292/79/2253 4289/80/2270 4293/80/2273
f 4293/80/2273 4294/79/2249 4292/79/2253
f 4269/78/2251 4292/79/2253 4294/79/2249
f 4294/79/2249 4260/78/2250 4269/78/2251
f 4258/78/2248 4260/78/2250 4294/79/2249
f 4294/79/2249 4297/79/2247 4258/78/2248
f 4295/80/2274 4293/80/2273 4291/82/2272
f 4291/82/2272 4296/82/2275 4295/80/2274
f 4294/79/2249 4293/80/2273 4295/80/2274
f 4295/80/2274 4297/79/2247 4294/79/2249
f 4295/80/2274 4296/82/2275 4278/81/2262
f 4278/81/2262 4277/80/2261 4295/80/2274
f 4297/79/2247 4295/80/2274 4277/80/2261
f 4277/80/2261 4274/79/2222 4297/79/2247
f 4232/78/2223 4258/78/2248 4297/79/2247
f 4297/79/2247 4274/79/2222 4232/78/2223
f 4190/78/2174 4189/78/2173 4257/79/2172
f 4257/79/2172 4298/79/2175 4190/78/2174
f 4192/78/2176 4190/78/2174 4298/79/2175
f 4298/79/2175 4303/79/2183 4192/78/2176
f 4299/80/2276 4298/79/2175 4257/79/2172
f 4257/79/2172 4255/80/2242 4299/80/2276
f 4299/80/2276 4255/80/2242 4254/81/2241
f 4254/81/2241 4300/82/2277 4299/80/2276
f 4301/80/2278 4299/80/2276 4300/82/2277
f 4300/82/2277 4302/82/2279 4301/80/2278
f 4298/79/2175 4299/80/2276 4301/80/2278
f 4301/80/2278 4303/79/2183 4298/79/2175
f 4301/80/2278 4302/82/2279 4287/81/2268
f 4287/81/2268 4286/80/2267 4301/80/2278
f 4303/79/2183 4301/80/2278 4286/80/2267
f 4286/80/2267 4283/79/2185 4303/79/2183
f 4197/78/2184 4192/78/2176 4303/79/2183
f 4303/79/2183 4283/79/2185 4197/78/2184
f 4251/72/2188 4189/72/2179 4188/71/2178
f 4188/71/2178 4304/71/2189 4251/72/2188
f 4250/72/2190 4251/72/2188 4304/71/2189
f 4304/71/2189 4307/71/2198 4250/72/2190
f 4305/69/2243 4304/71/2189 4188/71/2178
f 4188/71/2178 4182/69/2172 4305/69/2243
f 4305/69/2243 4182/69/2172 4183/70/2173
f 4183/70/2173 4198/70/2238 4305/69/2243
f 4306/69/2236 4305/69/2243 4198/70/2238
f 4198/70/2238 4201/70/2237 4306/69/2236
f 4304/71/2189 4305/69/2243 4306/69/2236
f 4306/69/2236 4307/71/2198 4304/71/2189
f 4306/69/2236 4201/70/2237 4212/70/2226
f 4212/70/2226 4308/69/2234 4306/69/2236
f 4307/71/2198 4306/69/2236 4308/69/2234
f 4308/69/2234 4309/71/2200 4307/71/2198
f 4250/72/2190 4307/71/2198 4309/71/2200
f 4309/71/2200 4239/72/2201 4250/72/2190
f 4236/72/2202 4239/72/2201 4309/71/2200
f 4309/71/2200 4311/71/2207 4236/72/2202
f 4310/69/2225 4308/69/2234 4212/70/2226
f 4212/70/2226 4213/70/2224 4310/69/2225
f 4309/71/2200 4308/69/2234 4310/69/2225
f 4310/69/2225 4311/71/2207 4309/71/2200
f 4222/72/2208 4236/72/2202 4311/71/2207
f 4311/71/2207 4221/71/2209 4222/72/2208
f 4227/69/2214 4221/71/2209 4311/71/2207
f 4311/71/2207 4310/69/2225 4227/69/2214
f 4227/69/2214 4310/69/2225 4213/70/2224
f 4213/70/2224 4219/70/2215 4227/69/2214
f 4228/73/2210 4219/73/2208 4220/74/2209
f 4220/74/2209 4312/74/2211 4228/73/2210
f 4230/73/2212 4228/73/2210 4312/74/2211
f 4312/74/2211 4319/74/2219 4230/73/2212
f 4313/75/2280 4312/74/2211 4220/74/2209
f 4220/74/2209 4217/75/2206 4313/75/2280
f 4313/75/2280 4217/75/2206 4216/76/2205
f 4216/76/2205 4314/77/2281 4313/75/2280
f 4315/75/2282 4313/75/2280 4314/77/2281
f 4314/77/2281 4316/77/2283 4315/75/2282
f 4312/74/2211 4313/75/2280 4315/75/2282
f 4315/75/2282 4319/74/2219 4312/74/2211
f 4315/75/2282 4316/77/2283 4317/76/2284
f 4317/76/2284 4318/75/2285 4315/75/2282
f 4319/74/2219 4315/75/2282 4318/75/2285
f 4318/75/2285 4320/74/2221 4319/74/2219
f 4235/73/2220 4230/73/2212 4319/74/2219
f 4319/74/2219 4320/74/2221 4235/73/2220
f 4262/73/2244 4235/73/2220 4320/74/2221
f 4320/74/2221 4321/74/2245 4262/73/2244
f 4264/73/2246 4262/73/2244 4321/74/2245
f 4321/74/2245 4327/74/2252 4264/73/2246
f 4322/75/2286 4321/74/2245 4320/74/2221
f 4320/74/2221 4318/75/2285 4322/75/2286
f 4322/75/2286 4318/75/2285 4317/76/2284
f 4317/76/2284 4323/77/2287 4322/75/2286
f 4324/75/2288 4322/75/2286 4323/77/2287
f 4323/77/2287 4325/77/2289 4324/75/2288
f 4321/74/2245 4322/75/2286 4324/75/2288
f 4324/75/2288 4327/74/2252 4321/74/2245
f 4324/75/2288 4325/77/2289 4326/77/2290
f 4326/77/2290 4328/75/2291 4324/75/2288
f 4327/74/2252 4324/75/2288 4328/75/2291
f 4328/75/2291 4329/74/2254 4327/74/2252
f 4264/73/2246 4327/74/2252 4329/74/2254
f 4329/74/2254 4265/73/2255 4264/73/2246
f 4272/73/2256 4265/73/2255 4329/74/2254
f 4329/74/2254 4334/74/2259 4272/73/2256
f 4330/75/2292 4328/75/2291 4326/77/2290
f 4326/77/2290 4331/77/2293 4330/75/2292
f 4329/74/2254 4328/75/2291 4330/75/2292
f 4330/75/2292 4334/74/2259 4329/74/2254
f 4330/75/2292 4331/77/2293 4332/76/2294
f 4332/76/2294 4333/75/2295 4330/75/2292
f 4334/74/2259 4330/75/2292 4333/75/2295
f 4333/75/2295 4335/74/2186 4334/74/2259
f 4194/73/2187 4272/73/2256 4334/74/2259
f 4334/74/2259 4335/74/2186 4194/73/2187
f 4186/73/2182 4194/73/2187 4335/74/2186
f 4335/74/2186 4336/74/2181 4186/73/2182
f 4184/73/2180 4186/73/2182 4336/74/2181
f 4336/74/2181 4341/74/2177 4184/73/2180
f 4337/75/2296 4336/74/2181 4335/74/2186
f 4335/74/2186 4333/75/2295 4337/75/2296
f 4337/75/2296 4333/75/2295 4332/76/2294
f 4332/76/2294 4338/77/2297 4337/75/2296
f 4339/75/2298 4337/75/2296 4338/77/2297
f 4338/77/2297 4340/77/2299 4339/75/2298
f 4336/74/2181 4337/75/2296 4339/75/2298
f 4339/75/2298 4341/74/2177 4336/74/2181
f 4339/75/2298 4340/77/2299 4204/76/2193
f 4204/76/2193 4203/75/2192 4339/75/2298
f 4341/74/2177 4339/75/2298 4203/75/2192
f 4203/75/2192 4199/74/2178 4341/74/2177
f 4183/73/2179 4184/73/2180 4341/74/2177
f 4341/74/2177 4199/74/2178 4183/73/2179
f 4342/83/2300 4246/82/2233 4245/82/2232
f 4245/82/2232 4346/83/2304 4342/83/2300
f 4253/82/2240 4246/82/2233 4342/83/2300
f 4342/83/2300 4343/83/2301 4253/82/2240
f 4254/81/2241 4253/82/2240 4343/83/2301
f 4343/83/2301 4300/82/2277 4254/81/2241
f 4302/82/2279 4300/82/2277 4343/83/2301
f 4343/83/2301 4344/83/2302 4302/82/2279
f 4344/83/2302 4343/83/2301 4342/83/2300
f 4342/83/2300 4345/83/2303 4344/83/2302
f 4287/81/2268 4302/82/2279 4344/83/2302
f 4344/83/2302 4288/82/2269 4287/81/2268
f 4290/82/2271 4288/82/2269 4344/83/2302
f 4344/83/2302 4345/83/2303 4290/82/2271
f 4345/83/2303 4342/83/2300 4346/83/2304
f 4346/83/2304 4347/83/2305 4345/83/2303
f 4290/82/2271 4345/83/2303 4347/83/2305
f 4347/83/2305 4291/82/2272 4290/82/2271
f 4296/82/2275 4291/82/2272 4347/83/2305
f 4347/83/2305 4349/83/2307 4296/82/2275
f 4348/83/2306 4346/83/2304 4245/82/2232
f 4245/82/2232 4243/82/2230 4348/83/2306
f 4347/83/2305 4346/83/2304 4348/83/2306
f 4348/83/2306 4349/83/2307 4347/83/2305
f 4348/83/2306 4243/82/2230 4242/81/2229
f 4242/81/2229 4281/82/2265 4348/83/2306
f 4349/83/2307 4348/83/2306 4281/82/2265
f 4281/82/2265 4279/82/2263 4349/83/2307
f 4278/81/2262 4296/82/2275 4349/83/2307
f 4349/83/2307 4279/82/2263 4278/81/2262
f 4215/77/2204 4208/77/2197 4350/84/2308
f 4350/84/2308 4351/84/2309 4215/77/2204
f 4350/84/2308 4208/77/2197 4207/77/2196
f 4207/77/2196 4354/84/2312 4350/84/2308
f 4216/76/2205 4215/77/2204 4351/84/2309
f 4351/84/2309 4314/77/2281 4216/76/2205
f 4316/77/2283 4314/77/2281 4351/84/2309
f 4351/84/2309 4352/84/2310 4316/77/2283
f 4352/84/2310 4351/84/2309 4350/84/2308
f 4350/84/2308 4353/84/2311 4352/84/2310
f 4317/76/2284 4316/77/2283 4352/84/2310
f 4352/84/2310 4323/77/2287 4317/76/2284
f 4325/77/2289 4323/77/2287 4352/84/2310
f 4352/84/2310 4353/84/2311 4325/77/2289
f 4353/84/2311 4350/84/2308 4354/84/2312
f 4354/84/2312 4355/84/2313 4353/84/2311
f 4325/77/2289 4353/84/2311 4355/84/2313
f 4355/84/2313 4326/77/2290 4325/77/2289
f 4331/77/2293 4326/77/2290 4355/84/2313
f 4355/84/2313 4357/84/2315 4331/77/2293
f 4356/84/2314 4354/84/2312 4207/77/2196
f 4207/77/2196 4205/77/2194 4356/84/2314
f 4355/84/2313 4354/84/2312 4356/84/2314
f 4356/84/2314 4357/84/2315 4355/84/2313
f 4356/84/2314 4205/77/2194 4204/76/2193
f 4204/76/2193 4340/77/2299 4356/84/2314
f 4357/84/2315 4356/84/2314 4340/77/2299
f 4340/77/2299 4338/77/2297 4357/84/2315
f 4332/76/2294 4331/77/2293 4357/84/2315
f 4357/84/2315 4338/77/2297 4332/76/2294
f 4358/85/2316 4360/87/2318 4359/86/2317
f 4359/86/2317 4361/85/2319 4358/85/2316
f 4362/88/1575 4358/85/2316 4361/85/2319
f 4361/85/2319 4370/88/1577 4362/88/1575
f 4361/85/2319 4359/86/2317 4363/89/2320
f 4363/89/2320 4368/85/2325 4361/85/2319
f 4363/89/2320 4359/86/2317 4364/90/2321
f 4364/90/2321 4365/91/2322 4363/89/2320
f 4366/86/2323 4363/89/2320 4365/91/2322
f 4365/91/2322 4367/90/2324 4366/86/2323
f 4368/85/2325 4363/89/2320 4366/86/2323
f 4366/86/2323 4369/85/2326 4368/85/2325
f 4370/88/1577 4361/85/2319 4368/85/2325
f 4368/85/2325 4371/88/1588 4370/88/1577
f 4371/88/1588 4368/85/2325 4369/85/2326
f 4369/85/2326 4372/88/1537 4371/88/1588
f 4371/88/1588 4372/88/1537 4373/92/1551
f 4373/92/1551 4374/92/1587 4371/88/1588
f 4370/88/1577 4371/88/1588 4374/92/1587
f 4374/92/1587 4375/92/1576 4370/88/1577
f 4362/88/1575 4370/88/1577 4375/92/1576
f 4375/92/1576 4376/92/1574 4362/88/1575
f 4377/92/1550 4373/92/1551 4372/88/1537
f 4372/88/1537 4378/88/1545 4377/92/1550
f 4379/92/1549 4377/92/1550 4378/88/1545
f 4378/88/1545 4380/88/1546 4379/92/1549
f 4381/85/2327 4378/88/1545 4372/88/1537
f 4372/88/1537 4369/85/2326 4381/85/2327
f 4382/85/1 4380/88/1546 4378/88/1545
f 4378/88/1545 4381/85/2327 4382/85/1
f 4383/87/2328 4381/85/2327 4369/85/2326
f 4369/85/2326 4366/86/2323 4383/87/2328
f 4383/87/2328 4366/86/2323 4367/90/2324
f 4367/90/2324 4384/93/2329 4383/87/2328
f 4381/85/2327 4383/87/2328 4385/94/2330
f 4385/94/2330 4382/85/1 4381/85/2327
f 4385/94/2330 4383/87/2328 4384/93/2329
f 4384/93/2329 4386/95/2331 4385/94/2330
f 4387/96/2332 4385/94/2330 4386/95/2331
f 4386/95/2331 4388/97/2333 4387/96/2332
f 4382/85/1 4385/94/2330 4387/96/2332
f 4387/96/2332 4389/85/2334 4382/85/1
f 4380/88/1546 4382/85/1 4389/85/2334
f 4389/85/2334 4390/88/1547 4380/88/1546
f 4391/92/1548 4379/92/1549 4380/88/1546
f 4380/88/1546 4390/88/1547 4391/92/1548
f 4392/92/1552 4391/92/1548 4390/88/1547
f 4390/88/1547 4393/88/1553 4392/92/1552
f 4394/92/1554 4392/92/1552 4393/88/1553
f 4393/88/1553 4395/88/1555 4394/92/1554
f 4396/85/2335 4393/88/1553 4390/88/1547
f 4390/88/1547 4389/85/2334 4396/85/2335
f 4397/98/2336 4396/85/2335 4389/85/2334
f 4389/85/2334 4387/96/2332 4397/98/2336
f 4397/98/2336 4387/96/2332 4388/97/2333
f 4388/97/2333 4398/99/2337 4397/98/2336
f 4399/92/1566 4394/92/1554 4395/88/1555
f 4395/88/1555 4400/88/1565 4399/92/1566
f 4401/92/1567 4399/92/1566 4400/88/1565
f 4400/88/1565 4402/88/1568 4401/92/1567
f 4403/85/2338 4402/88/1568 4400/88/1565
f 4400/88/1565 4404/85/2339 4403/85/2338
f 4404/85/2339 4400/88/1565 4395/88/1555
f 4395/88/1555 4406/85/2341 4404/85/2339
f 4405/96/2340 4403/85/2338 4404/85/2339
f 4404/85/2339 4407/98/2342 4405/96/2340
f 4406/85/2341 4395/88/1555 4393/88/1553
f 4393/88/1553 4396/85/2335 4406/85/2341
f 4407/98/2342 4404/85/2339 4406/85/2341
f 4406/85/2341 4408/98/2343 4407/98/2342
f 4408/98/2343 4406/85/2341 4396/85/2335
f 4396/85/2335 4397/98/2336 4408/98/2343
f 4408/98/2343 4397/98/2336 4398/99/2337
f 4398/99/2337 4409/100/2344 4408/98/2343
f 4407/98/2342 4408/98/2343 4409/100/2344
f 4409/100/2344 4410/99/2345 4407/98/2342
f 4405/96/2340 4407/98/2342 4410/99/2345
f 4410/99/2345 4411/97/2346 4405/96/2340
f 4412/92/1569 4401/92/1567 4402/88/1568
f 4402/88/1568 4413/88/1570 4412/92/1569
f 4376/92/1574 4412/92/1569 4413/88/1570
f 4413/88/1570 4362/88/1575 4376/92/1574
f 4358/85/2316 4362/88/1575 4413/88/1570
f 4413/88/1570 4414/85/2347 4358/85/2316
f 4414/85/2347 4413/88/1570 4402/88/1568
f 4402/88/1568 4403/85/2338 4414/85/2347
f 4360/87/2318 4358/85/2316 4414/85/2347
f 4414/85/2347 4415/94/2348 4360/87/2318
f 4415/94/2348 4414/85/2347 4403/85/2338
f 4403/85/2338 4405/96/2340 4415/94/2348
f 4415/94/2348 4405/96/2340 4411/97/2346
f 4411/97/2346 4416/95/2349 4415/94/2348
f 4360/87/2318 4415/94/2348 4416/95/2349
f 4416/95/2349 4417/93/2350 4360/87/2318
f 4359/86/2317 4360/87/2318 4417/93/2350
f 4417/93/2350 4364/90/2321 4359/86/2317
f 4419/102/2352 4418/101/2351 4364/90/2321
f 4364/90/2321 4417/93/2350 4419/102/2352
f 4365/91/2322 4364/90/2321 4418/101/2351
f 4418/101/2351 4420/103/2353 4365/91/2322
f 4367/90/2324 4365/91/2322 4420/103/2353
f 4420/103/2353 4425/101/2358 4367/90/2324
f 4422/105/2355 4419/102/2352 4417/93/2350
f 4417/93/2350 4416/95/2349 4422/105/2355
f 4419/102/2352 4422/105/2355 4423/106/2356
f 4423/106/2356 4421/104/2354 4419/102/2352
f 4423/106/2356 4422/105/2355 4416/95/2349
f 4416/95/2349 4411/97/2346 4423/106/2356
f 4421/104/2354 4423/106/2356 4411/97/2346
f 4411/97/2346 4410/99/2345 4421/104/2354
f 4424/104/2357 4421/104/2354 4410/99/2345
f 4410/99/2345 4409/100/2344 4424/104/2357
f 4420/103/2353 4421/104/2354 4424/104/2357
f 4424/104/2357 4425/101/2358 4420/103/2353
f 4384/93/2329 4367/90/2324 4425/101/2358
f 4425/101/2358 4427/102/2360 4384/93/2329
f 4426/104/2359 4424/104/2357 4409/100/2344
f 4409/100/2344 4398/99/2337 4426/104/2359
f 4425/101/2358 4424/104/2357 4426/104/2359
f 4426/104/2359 4427/102/2360 4425/101/2358
f 4386/95/2331 4384/93/2329 4427/102/2360
f 4427/102/2360 4429/105/2362 4386/95/2331
f 4428/106/2361 4426/104/2359 4398/99/2337
f 4398/99/2337 4388/97/2333 4428/106/2361
f 4427/102/2360 4426/104/2359 4428/106/2361
f 4428/106/2361 4429/105/2362 4427/102/2360
f 4429/105/2362 4428/106/2361 4388/97/2333
f 4388/97/2333 4386/95/2331 4429/105/2362
f 4376/92/1574 4375/92/1576 4430/107/2363
f 4430/107/2363 4431/107/1756 4376/92/1574
f 4412/92/1569 4376/92/1574 4431/107/1756
f 4431/107/1756 4432/107/2364 4412/92/1569
f 4401/92/1567 4412/92/1569 4432/107/2364
f 4432/107/2364 4433/107/1613 4401/92/1567
f 4433/107/1613 4432/107/2364 4431/107/1756
f 4431/107/1756 4430/107/2363 4433/107/1613
f 4399/92/1566 4401/92/1567 4433/107/1613
f 4433/107/1613 4434/107/2365 4399/92/1566
f 4394/92/1554 4399/92/1566 4434/107/2365
f 4434/107/2365 4436/107/1753 4394/92/1554
f 4435/107/1754 4430/107/2363 4375/92/1576
f 4375/92/1576 4374/92/1587 4435/107/1754
f 4437/107/2366 4436/107/1753 4434/107/2365
f 4434/107/2365 4435/107/1754 4437/107/2366
f 4392/92/1552 4394/92/1554 4436/107/1753
f 4436/107/1753 4438/107/1614 4392/92/1552
f 4437/107/2366 4435/107/1754 4374/92/1587
f 4374/92/1587 4373/92/1551 4437/107/2366
f 4439/107/1751 4438/107/1614 4436/107/1753
f 4436/107/1753 4437/107/2366 4439/107/1751
f 4391/92/1548 4392/92/1552 4438/107/1614
f 4438/107/1614 4440/107/1749 4391/92/1548
f 4439/107/1751 4437/107/2366 4373/92/1551
f 4373/92/1551 4377/92/1550 4439/107/1751
f 4441/107/2367 4440/107/1749 4438/107/1614
f 4438/107/1614 4439/107/1751 4441/107/2367
f 4379/92/1549 4391/92/1548 4440/107/1749
f 4440/107/1749 4441/107/2367 4379/92/1549
f 4441/107/2367 4439/107/1751 4377/92/1550
f 4377/92/1550 4379/92/1549 4441/107/2367
f 4442/85/2316 4444/87/2318 4443/86/2317
f 4443/86/2317 4445/85/2319 4442/85/2316
f 4446/88/1575 4442/85/2316 4445/85/2319
f 4445/85/2319 4454/88/1577 4446/88/1575
f 4445/85/2319 4443/86/2317 4447/89/2320
f 4447/89/2320 4452/85/2325 4445/85/2319
f 4447/89/2320 4443/86/2317 4448/90/2321
f 4448/90/2321 4449/91/2322 4447/89/2320
f 4450/86/2323 4447/89/2320 4449/91/2322
f 4449/91/2322 4451/90/2324 4450/86/2323
f 4452/85/2325 4447/89/2320 4450/86/2323
f 4450/86/2323 4453/85/2326 4452/85/2325
f 4454/88/1577 4445/85/2319 4452/85/2325
f 4452/85/2325 4455/88/1588 4454/88/1577
f 4455/88/1588 4452/85/2325 4453/85/2326
f 4453/85/2326 4456/88/1537 4455/88/1588
f 4455/88/1588 4456/88/1537 4457/92/1551
f 4457/92/1551 4458/92/1587 4455/88/1588
f 4454/88/1577 4455/88/1588 4458/92/1587
f 4458/92/1587 4459/92/1576 4454/88/1577
f 4446/88/1575 4454/88/1577 4459/92/1576
f 4459/92/1576 4460/92/1574 4446/88/1575
f 4461/92/1550 4457/92/1551 4456/88/1537
f 4456/88/1537 4462/88/1545 4461/92/1550
f 4463/92/1549 4461/92/1550 4462/88/1545
f 4462/88/1545 4464/88/1546 4463/92/1549
f 4465/85/2327 4462/88/1545 4456/88/1537
f 4456/88/1537 4453/85/2326 4465/85/2327
f 4466/85/1 4464/88/1546 4462/88/1545
f 4462/88/1545 4465/85/2327 4466/85/1
f 4467/87/2328 4465/85/2327 4453/85/2326
f 4453/85/2326 4450/86/2323 4467/87/2328
f 4467/87/2328 4450/86/2323 4451/90/2324
f 4451/90/2324 4468/93/2329 4467/87/2328
f 4465/85/2327 4467/87/2328 4469/94/2330
f 4469/94/2330 4466/85/1 4465/85/2327
f 4469/94/2330 4467/87/2328 4468/93/2329
f 4468/93/2329 4470/95/2331 4469/94/2330
f 4471/96/2332 4469/94/2330 4470/95/2331
f 4470/95/2331 4472/97/2333 4471/96/2332
f 4466/85/1 4469/94/2330 4471/96/2332
f 4471/96/2332 4473/85/2334 4466/85/1
f 4464/88/1546 4466/85/1 4473/85/2334
f 4473/85/2334 4474/88/1547 4464/88/1546
f 4475/92/1548 4463/92/1549 4464/88/1546
f 4464/88/1546 4474/88/1547 4475/92/1548
f 4476/92/1552 4475/92/1548 4474/88/1547
f 4474/88/1547 4477/88/1553 4476/92/1552
f 4478/92/1554 4476/92/1552 4477/88/1553
f 4477/88/1553 4479/88/1555 4478/92/1554
f 4480/85/2335 4477/88/1553 4474/88/1547
f 4474/88/1547 4473/85/2334 4480/85/2335
f 4481/98/2336 4480/85/2335 4473/85/2334
f 4473/85/2334 4471/96/2332 4481/98/2336
f 4481/98/2336 4471/96/2332 4472/97/2333
f 4472/97/2333 4482/99/2337 4481/98/2336
f 4483/92/1566 4478/92/1554 4479/88/1555
f 4479/88/1555 4484/88/1565 4483/92/1566
f 4485/92/1567 4483/92/1566 4484/88/1565
f 4484/88/1565 4486/88/1568 4485/92/1567
f 4487/85/2338 4486/88/1568 4484/88/1565
f 4484/88/1565 4488/85/2339 4487/85/2338
f 4488/85/2339 4484/88/1565 4479/88/1555
f 4479/88/1555 4490/85/2341 4488/85/2339
f 4489/96/2340 4487/85/2338 4488/85/2339
f 4488/85/2339 4491/98/2342 4489/96/2340
f 4490/85/2341 4479/88/1555 4477/88/1553
f 4477/88/1553 4480/85/2335 4490/85/2341
f 4491/98/2342 4488/85/2339 4490/85/2341
f 4490/85/2341 4492/98/2343 4491/98/2342
f 4492/98/2343 4490/85/2341 4480/85/2335
f 4480/85/2335 4481/98/2336 4492/98/2343
f 4492/98/2343 4481/98/2336 4482/99/2337
f 4482/99/2337 4493/100/2344 4492/98/2343
f 4491/98/2342 4492/98/2343 4493/100/2344
f 4493/100/2344 4494/99/2345 4491/98/2342
f 4489/96/2340 4491/98/2342 4494/99/2345
f 4494/99/2345 4495/97/2346 4489/96/2340
f 4496/92/1569 4485/92/1567 4486/88/1568
f 4486/88/1568 4497/88/1570 4496/92/1569
f 4460/92/1574 4496/92/1569 4497/88/1570
f 4497/88/1570 4446/88/1575 4460/92/1574
f 4442/85/2316 4446/88/1575 4497/88/1570
f 4497/88/1570 4498/85/2347 4442/85/2316
f 4498/85/2347 4497/88/1570 4486/88/1568
f 4486/88/1568 4487/85/2338 4498/85/2347
f 4444/87/2318 4442/85/2316 4498/85/2347
f 4498/85/2347 4499/94/2348 4444/87/2318
f 4499/94/2348 4498/85/2347 4487/85/2338
f 4487/85/2338 4489/96/2340 4499/94/2348
f 4499/94/2348 4489/96/2340 4495/97/2346
f 4495/97/2346 4500/95/2349 4499/94/2348
f 4444/87/2318 4499/94/2348 4500/95/2349
f 4500/95/2349 4501/93/2350 4444/87/2318
f 4443/86/2317 4444/87/2318 4501/93/2350
f 4501/93/2350 4448/90/2321 4443/86/2317
f 4503/102/2352 4502/101/2351 4448/90/2321
f 4448/90/2321 4501/93/2350 4503/102/2352
f 4449/91/2322 4448/90/2321 4502/101/2351
f 4502/101/2351 4504/103/2353 4449/91/2322
f 4451/90/2324 4449/91/2322 4504/103/2353
f 4504/103/2353 4509/101/2358 4451/90/2324
f 4506/105/2355 4503/102/2352 4501/93/2350
f 4501/93/2350 4500/95/2349 4506/105/2355
f 4503/102/2352 4506/105/2355 4507/106/2356
f 4507/106/2356 4505/104/2354 4503/102/2352
f 4507/106/2356 4506/105/2355 4500/95/2349
f 4500/95/2349 4495/97/2346 4507/106/2356
f 4505/104/2354 4507/106/2356 4495/97/2346
f 4495/97/2346 4494/99/2345 4505/104/2354
f 4508/104/2357 4505/104/2354 4494/99/2345
f 4494/99/2345 4493/100/2344 4508/104/2357
f 4504/103/2353 4505/104/2354 4508/104/2357
f 4508/104/2357 4509/101/2358 4504/103/2353
f 4468/93/2329 4451/90/2324 4509/101/2358
f 4509/101/2358 4511/102/2360 4468/93/2329
f 4510/104/2359 4508/104/2357 4493/100/2344
f 4493/100/2344 4482/99/2337 4510/104/2359
f 4509/101/2358 4508/104/2357 4510/104/2359
f 4510/104/2359 4511/102/2360 4509/101/2358
f 4470/95/2331 4468/93/2329 4511/102/2360
f 4511/102/2360 4513/105/2362 4470/95/2331
f 4512/106/2361 4510/104/2359 4482/99/2337
f 4482/99/2337 4472/97/2333 4512/106/2361
f 4511/102/2360 4510/104/2359 4512/106/2361
f 4512/106/2361 4513/105/2362 4511/102/2360
f 4513/105/2362 4512/106/2361 4472/97/2333
f 4472/97/2333 4470/95/2331 4513/105/2362
f 4460/92/1574 4459/92/1576 4514/107/2363
f 4514/107/2363 4515/107/1756 4460/92/1574
f 4496/92/1569 4460/92/1574 4515/107/1756
f 4515/107/1756 4516/107/2364 4496/92/1569
f 4485/92/1567 4496/92/1569 4516/107/2364
f 4516/107/2364 4517/107/1613 4485/92/1567
f 4517/107/1613 4516/107/2364 4515/107/1756
f 4515/107/1756 4514/107/2363 4517/107/1613
f 4483/92/1566 4485/92/1567 4517/107/1613
f 4517/107/1613 4518/107/2365 4483/92/1566
f 4478/92/1554 4483/92/1566 4518/107/2365
f 4518/107/2365 4520/107/1753 4478/92/1554
f 4519/107/1754 4514/107/2363 4459/92/1576
f 4459/92/1576 4458/92/1587 4519/107/1754
f 4521/107/2366 4520/107/1753 4518/107/2365
f 4518/107/2365 4519/107/1754 4521/107/2366
f 4476/92/1552 4478/92/1554 4520/107/1753
f 4520/107/1753 4522/107/1614 4476/92/1552
f 4521/107/2366 4519/107/1754 4458/92/1587
f 4458/92/1587 4457/92/1551 4521/107/2366
f 4523/107/1751 4522/107/1614 4520/107/1753
f 4520/107/1753 4521/107/2366 4523/107/1751
f 4475/92/1548 4476/92/1552 4522/107/1614
f 4522/107/1614 4524/107/1749 4475/92/1548
f 4523/107/1751 4521/107/2366 4457/92/1551
f 4457/92/1551 4461/92/1550 4523/107/1751
f 4525/107/2367 4524/107/1749 4522/107/1614
f 4522/107/1614 4523/107/1751 4525/107/2367
f 4463/92/1549 4475/92/1548 4524/107/1749
f 4524/107/1749 4525/107/2367 4463/92/1549
f 4525/107/2367 4523/107/1751 4461/92/1550
f 4461/92/1550 4463/92/1549 4525/107/2367
f 4526/147/2368 4528/149/2370 4527/148/2369
f 4527/148/2369 4529/150/2371 4526/147/2368
f 4530/151/2372 4526/147/2368 4529/150/2371
f 4529/150/2371 4531/152/2373 4530/151/2372
f 4529/150/2371 4527/148/2369 4532/148/2374
f 4532/148/2374 4533/153/2375 4529/150/2371
f 4533/153/2375 4532/148/2374 4534/148/2374
f 4534/148/2374 4535/154/2376 4533/153/2375
f 4535/154/2376 4534/148/2374 4536/148/2374
f 4536/148/2374 4537/154/2377 4535/154/2376
f 4537/154/2377 4536/148/2374 4538/148/2374
f 4538/148/2374 4539/153/2378 4537/154/2377
f 4539/153/2378 4538/148/2374 4540/148/2379
f 4540/148/2379 4541/150/2380 4539/153/2378
f 4542/155/2381 4544/157/2383 4543/156/2382
f 4543/156/2382 4545/158/2384 4542/155/2381
f 4546/159/2385 4542/155/2381 4545/158/2384
f 4545/158/2384 4547/160/2386 4546/159/2385
f 4542/155/2381 4546/159/2385 4548/159/2387
f 4548/159/2387 4549/161/2388 4542/155/2381
f 4549/161/2388 4548/159/2387 4550/159/2387
f 4550/159/2387 4551/162/2389 4549/161/2388
f 4551/162/2389 4550/159/2387 4552/159/2387
f 4552/159/2387 4553/162/2390 4551/162/2389
f 4553/162/2390 4552/159/2387 4554/159/2387
f 4554/159/2387 4555/161/2391 4553/162/2390
f 4555/161/2391 4554/159/2387 4556/159/2392
f 4556/159/2392 4557/155/2393 4555/161/2391
f 4560/151/2396 4559/152/2395 4558/150/2394
f 4558/150/2394 4561/147/2397 4560/151/2396
f 4562/149/2398 4561/147/2397 4558/150/2394
f 4558/150/2394 4563/148/2399 4562/149/2398
f 4563/148/2399 4558/150/2394 4564/153/2400
f 4564/153/2400 4565/148/2401 4563/148/2399
f 4565/148/2401 4564/153/2400 4566/154/2402
f 4566/154/2402 4567/148/2401 4565/148/2401
f 4567/148/2401 4566/154/2402 4568/154/2403
f 4568/154/2403 4569/148/2401 4567/148/2401
f 4569/148/2401 4568/154/2403 4570/153/2404
f 4570/153/2404 4571/148/2401 4569/148/2401
f 4571/148/2401 4570/153/2404 4572/150/2405
f 4572/150/2405 4573/148/2406 4571/148/2401
f 4557/155/2393 4575/158/2408 4574/156/2407
f 4574/156/2407 4576/157/2409 4557/155/2393
f 4555/161/2391 4557/155/2393 4576/157/2409
f 4576/157/2409 4577/163/2410 4555/161/2391
f 4555/161/2391 4577/163/2410 4578/164/2411
f 4578/164/2411 4553/162/2390 4555/161/2391
f 4553/162/2390 4578/164/2411 4579/164/2412
f 4579/164/2412 4551/162/2389 4553/162/2390
f 4551/162/2389 4579/164/2412 4580/163/2413
f 4580/163/2413 4549/161/2388 4551/162/2389
f 4542/155/2381 4549/161/2388 4580/163/2413
f 4580/163/2413 4544/157/2383 4542/155/2381
f 4583/156/2416 4582/157/2415 4581/155/2414
f 4581/155/2414 4584/158/2417 4583/156/2416
f 4585/160/2418 4584/158/2417 4581/155/2414
f 4581/155/2414 4586/159/2419 4585/160/2418
f 4586/159/2419 4581/155/2414 4587/161/2420
f 4587/161/2420 4588/159/2421 4586/159/2419
f 4588/159/2421 4587/161/2420 4589/162/2422
f 4589/162/2422 4590/159/2421 4588/159/2421
f 4590/159/2421 4589/162/2422 4591/162/2423
f 4591/162/2423 4592/159/2421 4590/159/2421
f 4592/159/2421 4591/162/2423 4593/161/2424
f 4593/161/2424 4594/159/2421 4592/159/2421
f 4594/159/2421 4593/161/2424 4595/155/2425
f 4595/155/2425 4596/159/2426 4594/159/2421
f 4598/156/2428 4597/158/2427 4595/155/2425
f 4595/155/2425 4599/157/2429 4598/156/2428
f 4600/163/2430 4599/157/2429 4595/155/2425
f 4595/155/2425 4593/161/2424 4600/163/2430
f 4600/163/2430 4593/161/2424 4591/162/2423
f 4591/162/2423 4601/164/2431 4600/163/2430
f 4601/164/2431 4591/162/2423 4589/162/2422
f 4589/162/2422 4602/164/2432 4601/164/2431
f 4602/164/2432 4589/162/2422 4587/161/2420
f 4587/161/2420 4603/163/2433 4602/164/2432
f 4582/157/2415 4603/163/2433 4587/161/2420
f 4587/161/2420 4581/155/2414 4582/157/2415
f 4541/150/2380 4540/148/2379 4604/149/2434
f 4604/149/2434 4605/147/2435 4541/150/2380
f 4541/150/2380 4605/147/2435 4606/151/2436
f 4606/151/2436 4607/152/2437 4541/150/2380
f 4539/153/2378 4541/150/2380 4607/152/2437
f 4607/152/2437 4608/165/2438 4539/153/2378
f 4539/153/2378 4608/165/2438 4609/166/2439
f 4609/166/2439 4537/154/2377 4539/153/2378
f 4537/154/2377 4609/166/2439 4610/166/2440
f 4610/166/2440 4535/154/2376 4537/154/2377
f 4535/154/2376 4610/166/2440 4611/165/2441
f 4611/165/2441 4533/153/2375 4535/154/2376
f 4529/150/2371 4533/153/2375 4611/165/2441
f 4611/165/2441 4531/152/2373 4529/150/2371
f 4596/159/2426 4595/155/2425 4597/158/2427
f 4597/158/2427 4612/160/2442 4596/159/2426
f 4596/159/2426 4612/160/2442 4613/167/2443
f 4613/167/2443 4614/168/2444 4596/159/2426
f 4594/159/2421 4596/159/2426 4614/168/2444
f 4614/168/2444 4615/168/2445 4594/159/2421
f 4592/159/2421 4594/159/2421 4615/168/2445
f 4615/168/2445 4616/168/2445 4592/159/2421
f 4592/159/2421 4616/168/2445 4617/168/2445
f 4617/168/2445 4590/159/2421 4592/159/2421
f 4588/159/2421 4590/159/2421 4617/168/2445
f 4617/168/2445 4618/168/2445 4588/159/2421
f 4586/159/2419 4588/159/2421 4618/168/2445
f 4618/168/2445 4619/168/2446 4586/159/2419
f 4585/160/2418 4586/159/2419 4619/168/2446
f 4619/168/2446 4620/167/2447 4585/160/2418
f 4621/147/2448 4622/149/2449 4573/148/2406
f 4573/148/2406 4572/150/2405 4621/147/2448
f 4623/151/2450 4621/147/2448 4572/150/2405
f 4572/150/2405 4624/152/2451 4623/151/2450
f 4625/165/2452 4624/152/2451 4572/150/2405
f 4572/150/2405 4570/153/2404 4625/165/2452
f 4625/165/2452 4570/153/2404 4568/154/2403
f 4568/154/2403 4626/166/2453 4625/165/2452
f 4626/166/2453 4568/154/2403 4566/154/2402
f 4566/154/2402 4627/166/2454 4626/166/2453
f 4627/166/2454 4566/154/2402 4564/153/2400
f 4564/153/2400 4628/165/2455 4627/166/2454
f 4559/152/2395 4628/165/2455 4564/153/2400
f 4564/153/2400 4558/150/2394 4559/152/2395
f 4629/160/2456 4575/158/2408 4557/155/2393
f 4557/155/2393 4556/159/2392 4629/160/2456
f 4629/160/2456 4556/159/2392 4630/168/2457
f 4630/168/2457 4631/167/2458 4629/160/2456
f 4632/168/2459 4630/168/2457 4556/159/2392
f 4556/159/2392 4554/159/2387 4632/168/2459
f 4633/168/2459 4632/168/2459 4554/159/2387
f 4554/159/2387 4552/159/2387 4633/168/2459
f 4633/168/2459 4552/159/2387 4550/159/2387
f 4550/159/2387 4634/168/2459 4633/168/2459
f 4635/168/2459 4634/168/2459 4550/159/2387
f 4550/159/2387 4548/159/2387 4635/168/2459
f 4636/168/2460 4635/168/2459 4548/159/2387
f 4548/159/2387 4546/159/2385 4636/168/2460
f 4637/167/2461 4636/168/2460 4546/159/2385
f 4546/159/2385 4547/160/2386 4637/167/2461
f 4638/168/2462 4637/167/2461 4547/160/2386
f 4547/160/2386 4639/159/2463 4638/168/2462
f 4640/168/2464 4638/168/2462 4639/159/2463
f 4639/159/2463 4646/159/2470 4640/168/2464
f 4641/155/2465 4639/159/2463 4547/160/2386
f 4547/160/2386 4545/158/2384 4641/155/2465
f 4641/155/2465 4545/158/2384 4543/156/2382
f 4543/156/2382 4642/157/2466 4641/155/2465
f 4643/161/2467 4641/155/2465 4642/157/2466
f 4642/157/2466 4644/163/2468 4643/161/2467
f 4639/159/2463 4641/155/2465 4643/161/2467
f 4643/161/2467 4646/159/2470 4639/159/2463
f 4643/161/2467 4644/163/2468 4645/164/2469
f 4645/164/2469 4648/162/2471 4643/161/2467
f 4647/168/2464 4640/168/2464 4646/159/2470
f 4646/159/2470 4650/159/2470 4647/168/2464
f 4646/159/2470 4643/161/2467 4648/162/2471
f 4648/162/2471 4650/159/2470 4646/159/2470
f 4648/162/2471 4645/164/2469 4649/164/2472
f 4649/164/2472 4651/162/2473 4648/162/2471
f 4650/159/2470 4648/162/2471 4651/162/2473
f 4651/162/2473 4653/159/2470 4650/159/2470
f 4651/162/2473 4649/164/2472 4652/163/2474
f 4652/163/2474 4656/161/2475 4651/162/2473
f 4647/168/2464 4650/159/2470 4653/159/2470
f 4653/159/2470 4654/168/2464 4647/168/2464
f 4655/168/2464 4654/168/2464 4653/159/2470
f 4653/159/2470 4657/159/2470 4655/168/2464
f 4653/159/2470 4651/162/2473 4656/161/2475
f 4656/161/2475 4657/159/2470 4653/159/2470
f 4658/168/2476 4655/168/2464 4657/159/2470
f 4657/159/2470 4661/159/2479 4658/168/2476
f 4659/155/2477 4656/161/2475 4652/163/2474
f 4652/163/2474 4660/157/2478 4659/155/2477
f 4657/159/2470 4656/161/2475 4659/155/2477
f 4659/155/2477 4661/159/2479 4657/159/2470
f 4659/155/2477 4660/157/2478 4583/156/2416
f 4583/156/2416 4584/158/2417 4659/155/2477
f 4661/159/2479 4659/155/2477 4584/158/2417
f 4584/158/2417 4585/160/2418 4661/159/2479
f 4620/167/2447 4658/168/2476 4661/159/2479
f 4661/159/2479 4585/160/2418 4620/167/2447
f 4636/169/2480 4637/170/2481 4562/149/2398
f 4562/149/2398 4563/148/2399 4636/169/2480
f 4635/169/2482 4636/169/2480 4563/148/2399
f 4563/148/2399 4565/148/2401 4635/169/2482
f 4634/169/2482 4635/169/2482 4565/148/2401
f 4565/148/2401 4567/148/2401 4634/169/2482
f 4634/169/2482 4567/148/2401 4569/148/2401
f 4569/148/2401 4633/169/2482 4634/169/2482
f 4632/169/2482 4633/169/2482 4569/148/2401
f 4569/148/2401 4571/148/2401 4632/169/2482
f 4630/169/2483 4632/169/2482 4571/148/2401
f 4571/148/2401 4573/148/2406 4630/169/2483
f 4631/170/2484 4630/169/2483 4573/148/2406
f 4573/148/2406 4622/149/2449 4631/170/2484
f 4662/169/2485 4631/170/2484 4622/149/2449
f 4622/149/2449 4663/148/2486 4662/169/2485
f 4664/169/2487 4662/169/2485 4663/148/2486
f 4663/148/2486 4670/148/2493 4664/169/2487
f 4665/150/2488 4663/148/2486 4622/149/2449
f 4622/149/2449 4621/147/2448 4665/150/2488
f 4665/150/2488 4621/147/2448 4623/151/2450
f 4623/151/2450 4666/152/2489 4665/150/2488
f 4667/153/2490 4665/150/2488 4666/152/2489
f 4666/152/2489 4668/165/2491 4667/153/2490
f 4663/148/2486 4665/150/2488 4667/153/2490
f 4667/153/2490 4670/148/2493 4663/148/2486
f 4667/153/2490 4668/165/2491 4669/166/2492
f 4669/166/2492 4672/154/2494 4667/153/2490
f 4671/169/2487 4664/169/2487 4670/148/2493
f 4670/148/2493 4674/148/2493 4671/169/2487
f 4670/148/2493 4667/153/2490 4672/154/2494
f 4672/154/2494 4674/148/2493 4670/148/2493
f 4672/154/2494 4669/166/2492 4673/166/2495
f 4673/166/2495 4675/154/2496 4672/154/2494
f 4674/148/2493 4672/154/2494 4675/154/2496
f 4675/154/2496 4677/148/2493 4674/148/2493
f 4675/154/2496 4673/166/2495 4676/165/2497
f 4676/165/2497 4680/153/2498 4675/154/2496
f 4671/169/2487 4674/148/2493 4677/148/2493
f 4677/148/2493 4678/169/2487 4671/169/2487
f 4679/169/2487 4678/169/2487 4677/148/2493
f 4677/148/2493 4681/148/2493 4679/169/2487
f 4677/148/2493 4675/154/2496 4680/153/2498
f 4680/153/2498 4681/148/2493 4677/148/2493
f 4682/169/2499 4679/169/2487 4681/148/2493
f 4681/148/2493 4685/148/2502 4682/169/2499
f 4683/150/2500 4680/153/2498 4676/165/2497
f 4676/165/2497 4684/152/2501 4683/150/2500
f 4681/148/2493 4680/153/2498 4683/150/2500
f 4683/150/2500 4685/148/2502 4681/148/2493
f 4683/150/2500 4684/152/2501 4606/151/2436
f 4606/151/2436 4605/147/2435 4683/150/2500
f 4685/148/2502 4683/150/2500 4605/147/2435
f 4605/147/2435 4604/149/2434 4685/148/2502
f 4613/170/2503 4682/169/2499 4685/148/2502
f 4685/148/2502 4604/149/2434 4613/170/2503
f 4614/169/2504 4613/170/2503 4604/149/2434
f 4604/149/2434 4540/148/2379 4614/169/2504
f 4615/169/2505 4614/169/2504 4540/148/2379
f 4540/148/2379 4538/148/2374 4615/169/2505
f 4616/169/2505 4615/169/2505 4538/148/2374
f 4538/148/2374 4536/148/2374 4616/169/2505
f 4616/169/2505 4536/148/2374 4534/148/2374
f 4534/148/2374 4617/169/2505 4616/169/2505
f 4618/169/2505 4617/169/2505 4534/148/2374
f 4534/148/2374 4532/148/2374 4618/169/2505
f 4619/169/2506 4618/169/2505 4532/148/2374
f 4532/148/2374 4527/148/2369 4619/169/2506
f 4620/170/2507 4619/169/2506 4527/148/2369
f 4527/148/2369 4528/149/2370 4620/170/2507
f 4682/168/2508 4613/167/2443 4612/160/2442
f 4612/160/2442 4686/159/2509 4682/168/2508
f 4679/168/2510 4682/168/2508 4686/159/2509
f 4686/159/2509 4692/159/2516 4679/168/2510
f 4687/155/2511 4686/159/2509 4612/160/2442
f 4612/160/2442 4597/158/2427 4687/155/2511
f 4687/155/2511 4597/158/2427 4598/156/2428
f 4598/156/2428 4688/157/2512 4687/155/2511
f 4689/161/2513 4687/155/2511 4688/157/2512
f 4688/157/2512 4690/163/2514 4689/161/2513
f 4686/159/2509 4687/155/2511 4689/161/2513
f 4689/161/2513 4692/159/2516 4686/159/2509
f 4689/161/2513 4690/163/2514 4691/164/2515
f 4691/164/2515 4693/162/2517 4689/161/2513
f 4678/168/2510 4679/168/2510 4692/159/2516
f 4692/159/2516 4695/159/2516 4678/168/2510
f 4692/159/2516 4689/161/2513 4693/162/2517
f 4693/162/2517 4695/159/2516 4692/159/2516
f 4693/162/2517 4691/164/2515 4694/171/2518
f 4694/171/2518 4696/162/2519 4693/162/2517
f 4695/159/2516 4693/162/2517 4696/162/2519
f 4696/162/2519 4698/159/2516 4695/159/2516
f 4696/162/2519 4694/171/2518 4697/163/2520
f 4697/163/2520 4699/161/2521 4696/162/2519
f 4678/168/2510 4695/159/2516 4698/159/2516
f 4698/159/2516 4671/168/2510 4678/168/2510
f 4664/168/2510 4671/168/2510 4698/159/2516
f 4698/159/2516 4700/159/2516 4664/168/2510
f 4698/159/2516 4696/162/2519 4699/161/2521
f 4699/161/2521 4700/159/2516 4698/159/2516
f 4662/168/2522 4664/168/2510 4700/159/2516
f 4700/159/2516 4703/159/2525 4662/168/2522
f 4701/155/2523 4699/161/2521 4697/163/2520
f 4697/163/2520 4702/157/2524 4701/155/2523
f 4700/159/2516 4699/161/2521 4701/155/2523
f 4701/155/2523 4703/159/2525 4700/159/2516
f 4701/155/2523 4702/157/2524 4574/156/2407
f 4574/156/2407 4575/158/2408 4701/155/2523
f 4703/159/2525 4701/155/2523 4575/158/2408
f 4575/158/2408 4629/160/2456 4703/159/2525
f 4631/167/2458 4662/168/2522 4703/159/2525
f 4703/159/2525 4629/160/2456 4631/167/2458
f 4658/169/2526 4620/170/2507 4528/149/2370
f 4528/149/2370 4704/148/2527 4658/169/2526
f 4655/169/2528 4658/169/2526 4704/148/2527
f 4704/148/2527 4710/148/2534 4655/169/2528
f 4705/150/2529 4704/148/2527 4528/149/2370
f 4528/149/2370 4526/147/2368 4705/150/2529
f 4705/150/2529 4526/147/2368 4530/151/2372
f 4530/151/2372 4706/152/2530 4705/150/2529
f 4707/153/2531 4705/150/2529 4706/152/2530
f 4706/152/2530 4708/165/2532 4707/153/2531
f 4704/148/2527 4705/150/2529 4707/153/2531
f 4707/153/2531 4710/148/2534 4704/148/2527
f 4707/153/2531 4708/165/2532 4709/166/2533
f 4709/166/2533 4711/154/2535 4707/153/2531
f 4654/169/2528 4655/169/2528 4710/148/2534
f 4710/148/2534 4713/148/2534 4654/169/2528
f 4710/148/2534 4707/153/2531 4711/154/2535
f 4711/154/2535 4713/148/2534 4710/148/2534
f 4711/154/2535 4709/166/2533 4712/166/2536
f 4712/166/2536 4714/154/2537 4711/154/2535
f 4713/148/2534 4711/154/2535 4714/154/2537
f 4714/154/2537 4716/148/2534 4713/148/2534
f 4714/154/2537 4712/166/2536 4715/165/2538
f 4715/165/2538 4717/153/2539 4714/154/2537
f 4654/169/2528 4713/148/2534 4716/148/2534
f 4716/148/2534 4647/169/2528 4654/169/2528
f 4640/169/2528 4647/169/2528 4716/148/2534
f 4716/148/2534 4718/148/2534 4640/169/2528
f 4716/148/2534 4714/154/2537 4717/153/2539
f 4717/153/2539 4718/148/2534 4716/148/2534
f 4638/169/2540 4640/169/2528 4718/148/2534
f 4718/148/2534 4721/148/2543 4638/169/2540
f 4719/150/2541 4717/153/2539 4715/165/2538
f 4715/165/2538 4720/152/2542 4719/150/2541
f 4718/148/2534 4717/153/2539 4719/150/2541
f 4719/150/2541 4721/148/2543 4718/148/2534
f 4719/150/2541 4720/152/2542 4560/151/2396
f 4560/151/2396 4561/147/2397 4719/150/2541
f 4721/148/2543 4719/150/2541 4561/147/2397
f 4561/147/2397 4562/149/2398 4721/148/2543
f 4637/170/2481 4638/169/2540 4721/148/2543
f 4721/148/2543 4562/149/2398 4637/170/2481
f 4531/152/2373 4611/165/2441 4722/172/2544
f 4722/172/2544 4723/173/2545 4531/152/2373
f 4722/172/2544 4611/165/2441 4610/166/2440
f 4610/166/2440 4725/174/2547 4722/172/2544
f 4530/151/2372 4531/152/2373 4723/173/2545
f 4723/173/2545 4706/152/2530 4530/151/2372
f 4708/165/2532 4706/152/2530 4723/173/2545
f 4723/173/2545 4724/172/2546 4708/165/2532
f 4724/172/2546 4723/173/2545 4722/172/2544
f 4722/172/2544 4727/175/2549 4724/172/2546
f 4725/174/2547 4610/166/2440 4609/166/2439
f 4609/166/2439 4728/174/2550 4725/174/2547
f 4708/165/2532 4724/172/2546 4726/174/2548
f 4726/174/2548 4709/166/2533 4708/165/2532
f 4727/175/2549 4722/172/2544 4725/174/2547
f 4725/174/2547 4730/176/2552 4727/175/2549
f 4728/174/2550 4609/166/2439 4608/165/2438
f 4608/165/2438 4749/172/2571 4728/174/2550
f 4724/172/2546 4727/175/2549 4729/176/2551
f 4729/176/2551 4726/174/2548 4724/172/2546
f 4730/176/2552 4725/174/2547 4728/174/2550
f 4728/174/2550 4744/176/2566 4730/176/2552
f 4729/176/2551 4727/175/2549 4730/176/2552
f 4730/176/2552 4740/177/2562 4729/176/2551
f 4709/166/2533 4726/174/2548 4731/174/2553
f 4731/174/2553 4712/166/2536 4709/166/2533
f 4726/174/2548 4729/176/2551 4732/176/2554
f 4732/176/2554 4731/174/2553 4726/174/2548
f 4712/166/2536 4731/174/2553 4733/172/2555
f 4733/172/2555 4715/165/2538 4712/166/2536
f 4720/152/2542 4715/165/2538 4733/172/2555
f 4733/172/2555 4735/173/2557 4720/152/2542
f 4731/174/2553 4732/176/2554 4734/175/2556
f 4734/175/2556 4733/172/2555 4731/174/2553
f 4735/173/2557 4733/172/2555 4734/175/2556
f 4734/175/2556 4737/172/2559 4735/173/2557
f 4560/151/2396 4720/152/2542 4735/173/2557
f 4735/173/2557 4559/152/2395 4560/151/2396
f 4628/165/2455 4559/152/2395 4735/173/2557
f 4735/173/2557 4737/172/2559 4628/165/2455
f 4736/177/2558 4732/176/2554 4729/176/2551
f 4729/176/2551 4740/177/2562 4736/177/2558
f 4734/175/2556 4732/176/2554 4736/177/2558
f 4736/177/2558 4739/176/2561 4734/175/2556
f 4628/165/2455 4737/172/2559 4738/174/2560
f 4738/174/2560 4627/166/2454 4628/165/2455
f 4737/172/2559 4734/175/2556 4739/176/2561
f 4739/176/2561 4738/174/2560 4737/172/2559
f 4627/166/2454 4738/174/2560 4741/174/2563
f 4741/174/2563 4626/166/2453 4627/166/2454
f 4738/174/2560 4739/176/2561 4742/176/2564
f 4742/176/2564 4741/174/2563 4738/174/2560
f 4739/176/2561 4736/177/2558 4743/177/2565
f 4743/177/2565 4742/176/2564 4739/176/2561
f 4743/177/2565 4736/177/2558 4740/177/2562
f 4740/177/2562 4746/177/2568 4743/177/2565
f 4740/177/2562 4730/176/2552 4744/176/2566
f 4744/176/2566 4746/177/2568 4740/177/2562
f 4626/166/2453 4741/174/2563 4745/172/2567
f 4745/172/2567 4625/165/2452 4626/166/2453
f 4624/152/2451 4625/165/2452 4745/172/2567
f 4745/172/2567 4750/173/2572 4624/152/2451
f 4742/176/2564 4743/177/2565 4747/176/2569
f 4747/176/2569 4748/175/2570 4742/176/2564
f 4747/176/2569 4743/177/2565 4746/177/2568
f 4746/177/2568 4755/176/2577 4747/176/2569
f 4741/174/2563 4742/176/2564 4748/175/2570
f 4748/175/2570 4745/172/2567 4741/174/2563
f 4744/176/2566 4728/174/2550 4749/172/2571
f 4749/172/2571 4753/175/2575 4744/176/2566
f 4623/151/2450 4624/152/2451 4750/173/2572
f 4750/173/2572 4666/152/2489 4623/151/2450
f 4668/165/2491 4666/152/2489 4750/173/2572
f 4750/173/2572 4751/172/2573 4668/165/2491
f 4745/172/2567 4748/175/2570 4751/172/2573
f 4751/172/2573 4750/173/2572 4745/172/2567
f 4751/172/2573 4748/175/2570 4747/176/2569
f 4747/176/2569 4752/174/2574 4751/172/2573
f 4668/165/2491 4751/172/2573 4752/174/2574
f 4752/174/2574 4669/166/2492 4668/165/2491
f 4746/177/2568 4744/176/2566 4753/175/2575
f 4753/175/2575 4755/176/2577 4746/177/2568
f 4754/173/2576 4749/172/2571 4608/165/2438
f 4608/165/2438 4607/152/2437 4754/173/2576
f 4753/175/2575 4749/172/2571 4754/173/2576
f 4754/173/2576 4757/172/2579 4753/175/2575
f 4754/173/2576 4607/152/2437 4606/151/2436
f 4606/151/2436 4684/152/2501 4754/173/2576
f 4752/174/2574 4747/176/2569 4755/176/2577
f 4755/176/2577 4756/174/2578 4752/174/2574
f 4669/166/2492 4752/174/2574 4756/174/2578
f 4756/174/2578 4673/166/2495 4669/166/2492
f 4756/174/2578 4755/176/2577 4753/175/2575
f 4753/175/2575 4757/172/2579 4756/174/2578
f 4757/172/2579 4754/173/2576 4684/152/2501
f 4684/152/2501 4676/165/2497 4757/172/2579
f 4673/166/2495 4756/174/2578 4757/172/2579
f 4757/172/2579 4676/165/2497 4673/166/2495
f 4660/157/2478 4652/163/2474 4758/178/2580
f 4758/178/2580 4759/179/2581 4660/157/2478
f 4758/178/2580 4652/163/2474 4649/164/2472
f 4649/164/2472 4760/180/2582 4758/178/2580
f 4583/156/2416 4660/157/2478 4759/179/2581
f 4759/179/2581 4582/157/2415 4583/156/2416
f 4603/163/2433 4582/157/2415 4759/179/2581
f 4759/179/2581 4762/178/2584 4603/163/2433
f 4760/180/2582 4649/164/2472 4645/164/2469
f 4645/164/2469 4763/180/2585 4760/180/2582
f 4759/179/2581 4758/178/2580 4761/178/2583
f 4761/178/2583 4762/178/2584 4759/179/2581
f 4761/178/2583 4758/178/2580 4760/180/2582
f 4760/180/2582 4765/181/2587 4761/178/2583
f 4763/180/2585 4645/164/2469 4644/163/2468
f 4644/163/2468 4770/178/2592 4763/180/2585
f 4603/163/2433 4762/178/2584 4764/180/2586
f 4764/180/2586 4602/164/2432 4603/163/2433
f 4765/181/2587 4760/180/2582 4763/180/2585
f 4763/180/2585 4769/181/2591 4765/181/2587
f 4762/178/2584 4761/178/2583 4766/181/2588
f 4766/181/2588 4764/180/2586 4762/178/2584
f 4602/164/2432 4764/180/2586 4767/180/2589
f 4767/180/2589 4601/164/2431 4602/164/2432
f 4761/178/2583 4765/181/2587 4768/182/2590
f 4768/182/2590 4766/181/2588 4761/178/2583
f 4768/182/2590 4765/181/2587 4769/181/2591
f 4769/181/2591 4779/182/2601 4768/182/2590
f 4769/181/2591 4763/180/2585 4770/178/2592
f 4770/178/2592 4791/178/2613 4769/181/2591
f 4764/180/2586 4766/181/2588 4771/181/2593
f 4771/181/2593 4767/180/2589 4764/180/2586
f 4601/164/2431 4767/180/2589 4772/178/2594
f 4772/178/2594 4600/163/2430 4601/164/2431
f 4599/157/2429 4600/163/2430 4772/178/2594
f 4772/178/2594 4775/179/2597 4599/157/2429
f 4766/181/2588 4768/182/2590 4773/183/2595
f 4773/183/2595 4771/181/2593 4766/181/2588
f 4767/180/2589 4771/181/2593 4774/184/2596
f 4774/184/2596 4772/178/2594 4767/180/2589
f 4598/156/2428 4599/157/2429 4775/179/2597
f 4775/179/2597 4688/157/2512 4598/156/2428
f 4690/163/2514 4688/157/2512 4775/179/2597
f 4775/179/2597 4776/178/2598 4690/163/2514
f 4776/178/2598 4775/179/2597 4772/178/2594
f 4772/178/2594 4774/184/2596 4776/178/2598
f 4777/185/2599 4774/184/2596 4771/181/2593
f 4771/181/2593 4773/183/2595 4777/185/2599
f 4776/178/2598 4774/184/2596 4777/185/2599
f 4777/185/2599 4778/186/2600 4776/178/2598
f 4690/163/2514 4776/178/2598 4778/186/2600
f 4778/186/2600 4691/164/2515 4690/163/2514
f 4773/183/2595 4768/182/2590 4779/182/2601
f 4779/182/2601 4780/183/2602 4773/183/2595
f 4777/185/2599 4773/183/2595 4780/183/2602
f 4780/183/2602 4781/185/2603 4777/185/2599
f 4778/186/2600 4777/185/2599 4781/185/2603
f 4781/185/2603 4782/186/2604 4778/186/2600
f 4691/164/2515 4778/186/2600 4782/186/2604
f 4782/186/2604 4694/171/2518 4691/164/2515
f 4783/178/2605 4781/185/2603 4780/183/2602
f 4780/183/2602 4786/181/2608 4783/178/2605
f 4782/186/2604 4781/185/2603 4783/178/2605
f 4783/178/2605 4784/178/2606 4782/186/2604
f 4694/171/2518 4782/186/2604 4784/178/2606
f 4784/178/2606 4697/163/2520 4694/171/2518
f 4702/157/2524 4697/163/2520 4784/178/2606
f 4784/178/2606 4785/179/2607 4702/157/2524
f 4785/179/2607 4784/178/2606 4783/178/2605
f 4783/178/2605 4787/178/2609 4785/179/2607
f 4574/156/2407 4702/157/2524 4785/179/2607
f 4785/179/2607 4576/157/2409 4574/156/2407
f 4577/163/2410 4576/157/2409 4785/179/2607
f 4785/179/2607 4787/178/2609 4577/163/2410
f 4786/181/2608 4780/183/2602 4779/182/2601
f 4779/182/2601 4789/181/2611 4786/181/2608
f 4787/178/2609 4783/178/2605 4786/181/2608
f 4786/181/2608 4788/180/2610 4787/178/2609
f 4577/163/2410 4787/178/2609 4788/180/2610
f 4788/180/2610 4578/164/2411 4577/163/2410
f 4788/180/2610 4786/181/2608 4789/181/2611
f 4789/181/2611 4790/180/2612 4788/180/2610
f 4789/181/2611 4779/182/2601 4769/181/2591
f 4769/181/2591 4791/178/2613 4789/181/2611
f 4578/164/2411 4788/180/2610 4790/180/2612
f 4790/180/2612 4579/164/2412 4578/164/2411
f 4790/180/2612 4789/181/2611 4791/178/2613
f 4791/178/2613 4792/178/2614 4790/180/2612
f 4579/164/2412 4790/180/2612 4792/178/2614
f 4792/178/2614 4580/163/2413 4579/164/2412
f 4792/178/2614 4791/178/2613 4770/178/2592
f 4770/178/2592 4793/179/2615 4792/178/2614
f 4544/157/2383 4580/163/2413 4792/178/2614
f 4792/178/2614 4793/179/2615 4544/157/2383
f 4793/179/2615 4770/178/2592 4644/163/2468
f 4644/163/2468 4642/157/2466 4793/179/2615
f 4543/156/2382 4544/157/2383 4793/179/2615
f 4793/179/2615 4642/157/2466 4543/156/2382
f 4798/132/5 4800/20/5 4799/20/56
f 4799/20/56 4801/132/56 4798/132/5
f 4798/132/5 4801/132/56 4802/132/56
f 4802/132/56 4803/132/5 4798/132/5
f 4804/133/81 4806/187/81 4805/187/57
f 4805/187/57 4807/132/57 4804/133/81
f 4804/133/81 4807/132/57 4808/132/57
f 4808/132/57 4809/133/81 4804/133/81
f 4810/3/2023 4806/3/81 4804/134/81
f 4804/134/81 4811/134/2023 4810/3/2023
f 4811/134/2023 4804/134/81 4809/134/81
f 4809/134/81 4812/134/2023 4811/134/2023
f 4812/134/2023 4809/134/81 4813/3/81
f 4813/3/81 4814/3/2023 4812/134/2023
f 4802/132/56 4816/20/56 4815/20/5
f 4815/20/5 4803/132/5 4802/132/56
f 4819/134/6 4818/5/6 4817/5/7
f 4817/5/7 4820/134/7 4819/134/6
f 4819/134/6 4820/134/7 4821/134/7
f 4821/134/7 4822/134/6 4819/134/6
f 4814/187/2023 4818/187/6 4819/132/6
f 4819/132/6 4812/133/2023 4814/187/2023
f 4812/133/2023 4819/132/6 4822/132/6
f 4822/132/6 4811/133/2023 4812/133/2023
f 4803/134/5 4815/5/5 4823/5/1969
f 4823/5/1969 4824/134/1969 4803/134/5
f 4803/134/5 4824/134/1969 4825/134/1969
f 4825/134/1969 4798/134/5 4803/134/5
f 4800/5/5 4798/134/5 4825/134/1969
f 4825/134/1969 4826/5/1969 4800/5/5
f 4827/116/2616 4829/117/2131 4828/108/85
f 4828/108/85 4830/108/2617 4827/116/2616
f 4830/108/2617 4828/108/85 4831/110/87
f 4831/110/87 4834/110/2620 4830/108/2617
f 4827/116/2616 4830/108/2617 4832/127/2618
f 4832/127/2618 4833/118/2619 4827/116/2616
f 4834/110/2620 4831/110/87 4835/117/194
f 4835/117/194 4836/116/2621 4834/110/2620
f 4834/110/2620 4836/116/2621 4837/135/2622
f 4837/135/2622 4838/124/2623 4834/110/2620
f 4839/116/2624 4794/116/71 4797/116/165
f 4797/116/165 4840/116/2625 4839/116/2624
f 4839/116/2624 4840/116/2625 4841/137/2626
f 4841/137/2626 4842/119/2627 4839/116/2624
f 4843/116/2628 4796/117/184 4844/108/2144
f 4844/108/2144 4845/108/2629 4843/116/2628
f 4845/108/2629 4844/108/2144 4846/108/74
f 4846/108/74 4847/108/2630 4845/108/2629
f 4847/108/2630 4846/108/74 4794/116/71
f 4794/116/71 4839/116/2624 4847/108/2630
f 4847/108/2630 4839/116/2624 4842/119/2627
f 4842/119/2627 4848/120/2631 4847/108/2630
f 4851/112/2634 4850/117/2633 4849/117/2632
f 4849/117/2632 4852/112/2635 4851/112/2634
f 4853/144/2636 4852/112/2635 4849/117/2632
f 4849/117/2632 4854/138/2637 4853/144/2636
f 4855/144/2638 4853/144/2636 4854/138/2637
f 4854/138/2637 4856/119/2639 4855/144/2638
f 4851/112/2634 4857/110/2640 4859/145/2642
f 4859/145/2642 4860/144/2643 4851/112/2634
f 4867/116/2650 4863/112/2646 4866/112/2649
f 4866/112/2649 4868/116/2651 4867/116/2650
f 4863/112/2646 4867/116/2650 4869/135/2652
f 4869/135/2652 4870/136/2653 4863/112/2646
f 4860/144/2643 4859/145/2642 4871/145/2654
f 4871/145/2654 4872/144/2655 4860/144/2643
f 4873/143/2656 4871/145/2654 4859/145/2642
f 4859/145/2642 4874/143/2657 4873/143/2656
f 4871/145/2654 4873/143/2656 4875/110/2658
f 4875/110/2658 4876/110/2659 4871/145/2654
f 4877/110/187 4876/110/2659 4875/110/2658
f 4875/110/2658 4878/110/2159 4877/110/187
f 4876/110/2659 4877/110/187 4795/112/181
f 4795/112/181 4879/111/2660 4876/110/2659
f 4879/111/2660 4795/112/181 4796/117/184
f 4796/117/184 4843/116/2628 4879/111/2660
f 4879/111/2660 4843/116/2628 4880/119/2661
f 4880/119/2661 4872/144/2655 4879/111/2660
f 4878/110/2159 4875/110/2658 4881/111/2662
f 4881/111/2662 4882/112/192 4878/110/2159
f 4881/111/2662 4875/110/2658 4873/143/2656
f 4873/143/2656 4883/136/2663 4881/111/2662
f 4882/112/192 4881/111/2662 4836/116/2621
f 4836/116/2621 4835/117/194 4882/112/192
f 4883/136/2663 4873/143/2656 4874/143/2657
f 4874/143/2657 4870/136/2653 4883/136/2663
f 4846/109/49 4844/109/49 4796/108/49
f 4796/108/49 4794/108/49 4846/109/49
f 4797/108/49 4795/108/49 4877/109/49
f 4877/109/49 4884/109/49 4797/108/49
f 4884/109/49 4877/109/49 4878/109/49
f 4878/109/49 4885/109/49 4884/109/49
f 4885/109/49 4878/109/49 4882/108/49
f 4882/108/49 4886/108/49 4885/109/49
f 4829/108/49 4835/108/49 4831/109/49
f 4831/109/49 4828/109/49 4829/108/49
f 4840/116/2625 4797/116/165 4884/108/164
f 4884/108/164 4887/108/2664 4840/116/2625
f 4840/116/2625 4887/108/2664 4888/140/2665
f 4888/140/2665 4841/137/2626 4840/116/2625
f 4889/108/2666 4887/108/2664 4884/108/164
f 4884/108/164 4885/108/161 4889/108/2666
f 4889/108/2666 4885/108/161 4886/117/2151
f 4886/117/2151 4890/116/2667 4889/108/2666
f 4889/108/2666 4890/116/2667 4891/141/2668
f 4891/141/2668 4892/142/2669 4889/108/2666
f 4892/142/2669 4891/141/2668 4893/141/2670
f 4893/141/2670 4894/142/2671 4892/142/2669
f 4888/140/2665 4892/142/2669 4894/142/2671
f 4894/142/2671 4895/140/2672 4888/140/2665
f 4829/117/2131 4827/116/2616 4890/116/2667
f 4890/116/2667 4886/117/2151 4829/117/2131
f 4870/136/2653 4869/135/2652 4837/135/2622
f 4837/135/2622 4883/136/2663 4870/136/2653
f 4883/136/2663 4837/135/2622 4836/116/2621
f 4836/116/2621 4881/111/2662 4883/136/2663
f 4848/120/2631 4896/120/2673 4845/108/2629
f 4845/108/2629 4847/108/2630 4848/120/2631
f 4898/120/2675 4897/139/2674 4896/120/2673
f 4896/120/2673 4848/120/2631 4898/120/2675
f 4897/139/2674 4898/120/2675 4899/108/2676
f 4899/108/2676 4900/110/2677 4897/139/2674
f 4900/110/2677 4899/108/2676 4901/108/2678
f 4901/108/2678 4906/110/2683 4900/110/2677
f 4902/117/2679 4901/108/2678 4899/108/2676
f 4899/108/2676 4903/117/2680 4902/117/2679
f 4904/120/2681 4901/108/2678 4902/117/2679
f 4902/117/2679 4905/125/2682 4904/120/2681
f 4850/117/2633 4900/110/2677 4906/110/2683
f 4906/110/2683 4849/117/2632 4850/117/2633
f 4854/138/2637 4849/117/2632 4906/110/2683
f 4906/110/2683 4907/139/2684 4854/138/2637
f 4842/119/2627 4841/137/2626 4908/137/2685
f 4908/137/2685 4909/125/2686 4842/119/2627
f 4909/125/2686 4908/137/2685 4910/117/2687
f 4910/117/2687 4903/117/2680 4909/125/2686
f 4903/117/2680 4910/117/2687 4911/117/2688
f 4911/117/2688 4902/117/2679 4903/117/2680
f 4914/137/2691 4911/117/2688 4912/108/2689
f 4912/108/2689 4915/140/2692 4914/137/2691
f 4916/137/2693 4914/137/2691 4915/140/2692
f 4915/140/2692 4917/140/2694 4916/137/2693
f 4918/108/2695 4915/140/2692 4912/108/2689
f 4912/108/2689 4913/108/2690 4918/108/2695
f 4919/142/2696 4918/108/2695 4920/116/2697
f 4920/116/2697 4921/141/2698 4919/142/2696
f 4913/108/2690 4910/117/2687 4908/137/2685
f 4908/137/2685 4895/140/2672 4913/108/2690
f 4895/140/2672 4908/137/2685 4841/137/2626
f 4841/137/2626 4888/140/2665 4895/140/2672
f 4913/108/2690 4895/140/2672 4922/108/2699
f 4922/108/2699 4918/108/2695 4913/108/2690
f 4923/116/2700 4922/108/2699 4894/142/2671
f 4894/142/2671 4893/141/2670 4923/116/2700
f 4876/110/2659 4879/111/2660 4872/144/2655
f 4872/144/2655 4871/145/2654 4876/110/2659
f 4850/117/2633 4851/112/2634 4860/144/2643
f 4860/144/2643 4924/138/2701 4850/117/2633
f 4924/138/2701 4860/144/2643 4872/144/2655
f 4872/144/2655 4880/119/2661 4924/138/2701
f 4874/143/2657 4859/145/2642 4857/110/2640
f 4857/110/2640 4862/110/2645 4874/143/2657
f 4927/118/2704 4926/127/2703 4925/108/2702
f 4925/108/2702 4928/116/2705 4927/118/2704
f 4928/116/2705 4925/108/2702 4929/108/2706
f 4929/108/2706 4931/116/2708 4928/116/2705
f 4929/108/2706 4925/108/2702 4930/108/2707
f 4930/108/2707 4932/108/2709 4929/108/2706
f 4923/116/2700 4928/116/2705 4931/116/2708
f 4931/116/2708 4920/116/2697 4923/116/2700
f 4933/127/2710 4929/108/2706 4932/108/2709
f 4932/108/2709 4934/127/2711 4933/127/2710
f 4868/116/2651 4932/108/2709 4930/108/2707
f 4930/108/2707 4867/116/2650 4868/116/2651
f 4867/116/2650 4930/108/2707 4935/127/2712
f 4935/127/2712 4869/135/2652 4867/116/2650
f 4833/118/2619 4832/127/2618 4926/127/2703
f 4926/127/2703 4927/118/2704 4833/118/2619
f 4893/141/2670 4927/118/2704 4928/116/2705
f 4928/116/2705 4923/116/2700 4893/141/2670
f 4927/118/2704 4893/141/2670 4891/141/2668
f 4891/141/2668 4833/118/2619 4927/118/2704
f 4833/118/2619 4891/141/2668 4890/116/2667
f 4890/116/2667 4827/116/2616 4833/118/2619
f 4870/136/2653 4874/143/2657 4862/110/2645
f 4862/110/2645 4863/112/2646 4870/136/2653
f 4838/124/2623 4837/135/2622 4869/135/2652
f 4869/135/2652 4935/127/2712 4838/124/2623
f 4898/120/2675 4909/125/2686 4903/117/2680
f 4903/117/2680 4899/108/2676 4898/120/2675
f 4848/120/2631 4842/119/2627 4909/125/2686
f 4909/125/2686 4898/120/2675 4848/120/2631
f 4924/138/2701 4897/139/2674 4900/110/2677
f 4900/110/2677 4850/117/2633 4924/138/2701
f 4880/119/2661 4896/120/2673 4897/139/2674
f 4897/139/2674 4924/138/2701 4880/119/2661
f 4843/116/2628 4845/108/2629 4896/120/2673
f 4896/120/2673 4880/119/2661 4843/116/2628
f 4838/124/2623 4832/127/2618 4830/108/2617
f 4830/108/2617 4834/110/2620 4838/124/2623
f 4935/127/2712 4926/127/2703 4832/127/2618
f 4832/127/2618 4838/124/2623 4935/127/2712
f 4930/108/2707 4925/108/2702 4926/127/2703
f 4926/127/2703 4935/127/2712 4930/108/2707
f 4938/108/74 4937/117/2036 4936/116/2713
f 4936/116/2713 4939/108/2714 4938/108/74
f 4940/110/78 4938/108/74 4939/108/2714
f 4939/108/2714 4943/110/2717 4940/110/78
f 4941/127/2715 4939/108/2714 4936/116/2713
f 4936/116/2713 4942/118/2716 4941/127/2715
f 4944/117/65 4940/110/78 4943/110/2717
f 4943/110/2717 4945/116/2718 4944/117/65
f 4946/135/2719 4945/116/2718 4943/110/2717
f 4943/110/2717 4947/124/2720 4946/135/2719
f 4950/116/33 4949/116/200 4948/116/2721
f 4948/116/2721 4951/116/2722 4950/116/33
f 4916/137/2693 4951/116/2722 4948/116/2721
f 4948/116/2721 4952/119/2723 4916/137/2693
f 4955/108/2725 4954/117/51 4953/116/2724
f 4953/116/2724 4956/108/2726 4955/108/2725
f 4957/108/85 4955/108/2725 4956/108/2726
f 4956/108/2726 4958/108/2727 4957/108/85
f 4949/116/200 4957/108/85 4958/108/2727
f 4958/108/2727 4948/116/2721 4949/116/200
f 4952/119/2723 4948/116/2721 4958/108/2727
f 4958/108/2727 4959/120/2728 4952/119/2723
f 4938/109/49 4940/109/49 4944/108/49
f 4944/108/49 4937/108/49 4938/109/49
f 4961/108/49 4960/108/49 4962/109/49
f 4962/109/49 4963/109/49 4961/108/49
f 4963/109/49 4962/109/49 4964/109/49
f 4964/109/49 4965/109/49 4963/109/49
f 4965/109/49 4964/109/49 4966/108/49
f 4966/108/49 4950/108/49 4965/109/49
f 4949/108/49 4954/108/49 4955/109/49
f 4955/109/49 4957/109/49 4949/108/49
f 4965/108/32 4950/116/33 4951/116/2722
f 4951/116/2722 4967/108/2729 4965/108/32
f 4917/140/2694 4967/108/2729 4951/116/2722
f 4951/116/2722 4916/137/2693 4917/140/2694
f 4965/108/32 4967/108/2729 4968/108/2730
f 4968/108/2730 4963/108/29 4965/108/32
f 4961/117/2089 4963/108/29 4968/108/2730
f 4968/108/2730 4969/116/2731 4961/117/2089
f 4970/141/2732 4969/116/2731 4968/108/2730
f 4968/108/2730 4971/142/2733 4970/141/2732
f 4921/141/2698 4970/141/2732 4971/142/2733
f 4971/142/2733 4919/142/2696 4921/141/2698
f 4919/142/2696 4971/142/2733 4917/140/2694
f 4917/140/2694 4915/140/2692 4919/142/2696
f 4937/117/2036 4961/117/2089 4969/116/2731
f 4969/116/2731 4936/116/2713 4937/117/2036
f 4960/112/63 4944/117/65 4945/116/2718
f 4945/116/2718 4972/111/2734 4960/112/63
f 4962/110/2097 4960/112/63 4972/111/2734
f 4972/111/2734 4973/110/2735 4962/110/2097
f 4974/143/2736 4973/110/2735 4972/111/2734
f 4972/111/2734 4975/136/2737 4974/143/2736
f 4864/143/2647 4974/143/2736 4975/136/2737
f 4975/136/2737 4976/136/2738 4864/143/2647
f 4964/110/58 4962/110/2097 4973/110/2735
f 4973/110/2735 4977/110/2739 4964/110/58
f 4966/112/50 4964/110/58 4977/110/2739
f 4977/110/2739 4978/111/2740 4966/112/50
f 4954/117/51 4966/112/50 4978/111/2740
f 4978/111/2740 4953/116/2724 4954/117/51
f 4856/119/2639 4953/116/2724 4978/111/2740
f 4978/111/2740 4855/144/2638 4856/119/2639
f 4865/145/2648 4979/145/2741 4974/143/2736
f 4974/143/2736 4864/143/2647 4865/145/2648
f 4979/145/2741 4865/145/2648 4853/144/2636
f 4853/144/2636 4855/144/2638 4979/145/2741
f 4852/112/2635 4853/144/2636 4865/145/2648
f 4865/145/2648 4858/110/2641 4852/112/2635
f 4980/135/2742 4868/116/2651 4866/112/2649
f 4866/112/2649 4976/136/2738 4980/135/2742
f 4946/135/2719 4980/135/2742 4976/136/2738
f 4976/136/2738 4975/136/2737 4946/135/2719
f 4945/116/2718 4946/135/2719 4975/136/2737
f 4975/136/2737 4972/111/2734 4945/116/2718
f 4959/120/2728 4958/108/2727 4956/108/2726
f 4956/108/2726 4981/120/2743 4959/120/2728
f 4904/120/2681 4959/120/2728 4981/120/2743
f 4981/120/2743 4907/139/2684 4904/120/2681
f 4901/108/2678 4904/120/2681 4907/139/2684
f 4907/139/2684 4906/110/2683 4901/108/2678
f 4905/125/2682 4902/117/2679 4911/117/2688
f 4911/117/2688 4914/137/2691 4905/125/2682
f 4952/119/2723 4905/125/2682 4914/137/2691
f 4914/137/2691 4916/137/2693 4952/119/2723
f 4977/110/2739 4979/145/2741 4855/144/2638
f 4855/144/2638 4978/111/2740 4977/110/2739
f 4982/118/2744 4931/116/2708 4929/108/2706
f 4929/108/2706 4933/127/2710 4982/118/2744
f 4942/118/2716 4982/118/2744 4933/127/2710
f 4933/127/2710 4941/127/2715 4942/118/2716
f 4921/141/2698 4920/116/2697 4931/116/2708
f 4931/116/2708 4982/118/2744 4921/141/2698
f 4970/141/2732 4921/141/2698 4982/118/2744
f 4982/118/2744 4942/118/2716 4970/141/2732
f 4969/116/2731 4970/141/2732 4942/118/2716
f 4942/118/2716 4936/116/2713 4969/116/2731
f 4976/136/2738 4866/112/2649 4861/110/2644
f 4861/110/2644 4864/143/2647 4976/136/2738
f 4934/127/2711 4932/108/2709 4868/116/2651
f 4868/116/2651 4980/135/2742 4934/127/2711
f 4947/124/2720 4934/127/2711 4980/135/2742
f 4980/135/2742 4946/135/2719 4947/124/2720
f 4959/120/2728 4904/120/2681 4905/125/2682
f 4905/125/2682 4952/119/2723 4959/120/2728
f 4856/119/2639 4854/138/2637 4907/139/2684
f 4907/139/2684 4981/120/2743 4856/119/2639
f 4953/116/2724 4856/119/2639 4981/120/2743
f 4981/120/2743 4956/108/2726 4953/116/2724
f 4947/124/2720 4943/110/2717 4939/108/2714
f 4939/108/2714 4941/127/2715 4947/124/2720
f 4934/127/2711 4947/124/2720 4941/127/2715
f 4941/127/2715 4933/127/2710 4934/127/2711
f 4820/132/7 4817/20/7 4826/20/1969
f 4826/20/1969 4825/132/1969 4820/132/7
f 4820/132/7 4825/132/1969 4824/132/1969
f 4824/132/1969 4821/132/7 4820/132/7
f 4983/5/6 4822/134/6 4821/134/7
f 4821/134/7 4984/5/7 4983/5/6
f 4824/132/1969 4823/20/1969 4984/20/7
f 4984/20/7 4821/132/7 4824/132/1969
f 4799/5/56 4985/5/57 4808/134/57
f 4808/134/57 4801/134/56 4799/5/56
f 4801/134/56 4808/134/57 4807/134/57
f 4807/134/57 4802/134/56 4801/134/56
f 4805/5/57 4816/5/56 4802/134/56
f 4802/134/56 4807/134/57 4805/5/57
f 4808/132/57 4985/187/57 4813/187/81
f 4813/187/81 4809/133/81 4808/132/57
f 4983/187/6 4810/187/2023 4811/133/2023
f 4811/133/2023 4822/132/6 4983/187/6
f 4990/132/1969 4992/20/1969 4991/20/7
f 4991/20/7 4993/132/7 4990/132/1969
f 4990/132/1969 4993/132/7 4994/132/7
f 4994/132/7 4995/132/1969 4990/132/1969
f 4996/133/2023 4998/187/2023 4997/187/6
f 4997/187/6 4999/132/6 4996/133/2023
f 4996/133/2023 4999/132/6 5000/132/6
f 5000/132/6 5001/133/2023 4996/133/2023
f 5002/3/81 4998/3/2023 4996/134/2023
f 4996/134/2023 5003/134/81 5002/3/81
f 5003/134/81 4996/134/2023 5001/134/2023
f 5001/134/2023 5004/134/81 5003/134/81
f 5004/134/81 5001/134/2023 5005/3/2023
f 5005/3/2023 5006/3/81 5004/134/81
f 4994/132/7 5008/20/7 5007/20/1969
f 5007/20/1969 4995/132/1969 4994/132/7
f 5011/134/57 5010/5/57 5009/5/56
f 5009/5/56 5012/134/56 5011/134/57
f 5011/134/57 5012/134/56 5013/134/56
f 5013/134/56 5014/134/57 5011/134/57
f 5006/187/81 5010/187/57 5011/132/57
f 5011/132/57 5004/133/81 5006/187/81
f 5004/133/81 5011/132/57 5014/132/57
f 5014/132/57 5003/133/81 5004/133/81
f 4995/134/1969 5007/5/1969 5015/5/5
f 5015/5/5 5016/134/5 4995/134/1969
f 4995/134/1969 5016/134/5 5017/134/5
f 5017/134/5 4990/134/1969 4995/134/1969
f 4992/5/1969 4990/134/1969 5017/134/5
f 5017/134/5 5018/5/5 4992/5/1969
f 5019/116/2035 5021/117/2036 5020/108/74
f 5020/108/74 5022/108/2037 5019/116/2035
f 5022/108/2037 5020/108/74 5023/110/78
f 5023/110/78 5026/110/2040 5022/108/2037
f 5019/116/2035 5022/108/2037 5024/127/2038
f 5024/127/2038 5025/118/2039 5019/116/2035
f 5026/110/2040 5023/110/78 5027/117/65
f 5027/117/65 5028/116/2041 5026/110/2040
f 5026/110/2040 5028/116/2041 5029/135/2042
f 5029/135/2042 5030/124/2043 5026/110/2040
f 5031/116/2050 4986/116/200 4989/116/33
f 4989/116/33 5032/116/2051 5031/116/2050
f 5031/116/2050 5032/116/2051 5033/137/2052
f 5033/137/2052 5034/119/2053 5031/116/2050
f 5035/116/2054 4988/117/51 5036/108/2725
f 5036/108/2725 5037/108/2056 5035/116/2054
f 5037/108/2056 5036/108/2725 5038/108/85
f 5038/108/85 5039/108/2057 5037/108/2056
f 5039/108/2057 5038/108/85 4986/116/200
f 4986/116/200 5031/116/2050 5039/108/2057
f 5039/108/2057 5031/116/2050 5034/119/2053
f 5034/119/2053 5040/120/2058 5039/108/2057
f 5043/112/2746 5042/117/2073 5041/117/2745
f 5041/117/2745 5044/112/2747 5043/112/2746
f 5045/144/2113 5044/112/2747 5041/117/2745
f 5041/117/2745 5046/138/2076 5045/144/2113
f 5047/144/2114 5045/144/2113 5046/138/2076
f 5046/138/2076 5048/119/2115 5047/144/2114
f 5043/112/2746 5049/110/2748 5051/145/2107
f 5051/145/2107 5052/144/2108 5043/112/2746
f 5059/116/2754 5055/112/2752 5058/112/2753
f 5058/112/2753 5060/116/2045 5059/116/2754
f 5055/112/2752 5059/116/2754 5061/135/2048
f 5061/135/2048 5062/136/2049 5055/112/2752
f 5052/144/2108 5051/145/2107 5063/145/2755
f 5063/145/2755 5064/144/2105 5052/144/2108
f 5065/143/2099 5063/145/2755 5051/145/2107
f 5051/145/2107 5066/143/2101 5065/143/2099
f 5063/145/2755 5065/143/2099 5067/110/2756
f 5067/110/2756 5068/110/2102 5063/145/2755
f 5069/110/58 5068/110/2102 5067/110/2756
f 5067/110/2756 5070/110/2097 5069/110/58
f 5068/110/2102 5069/110/58 4987/112/50
f 4987/112/50 5071/111/2103 5068/110/2102
f 5071/111/2103 4987/112/50 4988/117/51
f 4988/117/51 5035/116/2054 5071/111/2103
f 5071/111/2103 5035/116/2054 5072/119/2104
f 5072/119/2104 5064/144/2105 5071/111/2103
f 5070/110/2097 5067/110/2756 5073/111/2096
f 5073/111/2096 5074/112/63 5070/110/2097
f 5073/111/2096 5067/110/2756 5065/143/2099
f 5065/143/2099 5075/136/2100 5073/111/2096
f 5074/112/63 5073/111/2096 5028/116/2041
f 5028/116/2041 5027/117/65 5074/112/63
f 5075/136/2100 5065/143/2099 5066/143/2101
f 5066/143/2101 5062/136/2049 5075/136/2100
f 5038/109/1 5036/109/1 4988/108/1
f 4988/108/1 4986/108/1 5038/109/1
f 4989/108/1 4987/108/1 5069/109/1
f 5069/109/1 5076/109/1 4989/108/1
f 5076/109/1 5069/109/1 5070/109/1
f 5070/109/1 5077/109/1 5076/109/1
f 5077/109/1 5070/109/1 5074/108/1
f 5074/108/1 5078/108/1 5077/109/1
f 5021/108/1 5027/108/1 5023/109/1
f 5023/109/1 5020/109/1 5021/108/1
f 5032/116/2051 4989/116/33 5076/108/32
f 5076/108/32 5079/108/2086 5032/116/2051
f 5032/116/2051 5079/108/2086 5080/140/2087
f 5080/140/2087 5033/137/2052 5032/116/2051
f 5081/108/2088 5079/108/2086 5076/108/32
f 5076/108/32 5077/108/29 5081/108/2088
f 5081/108/2088 5077/108/29 5078/117/2089
f 5078/117/2089 5082/116/2090 5081/108/2088
f 5081/108/2088 5082/116/2090 5083/141/2091
f 5083/141/2091 5084/142/2092 5081/108/2088
f 5084/142/2092 5083/141/2091 5085/141/2757
f 5085/141/2757 5086/142/2094 5084/142/2092
f 5080/140/2087 5084/142/2092 5086/142/2094
f 5086/142/2094 5087/140/2758 5080/140/2087
f 5021/117/2036 5019/116/2035 5082/116/2090
f 5082/116/2090 5078/117/2089 5021/117/2036
f 5062/136/2049 5061/135/2048 5029/135/2042
f 5029/135/2042 5075/136/2100 5062/136/2049
f 5075/136/2100 5029/135/2042 5028/116/2041
f 5028/116/2041 5073/111/2096 5075/136/2100
f 5040/120/2058 5088/120/2128 5037/108/2056
f 5037/108/2056 5039/108/2057 5040/120/2058
f 5090/120/2080 5089/139/2079 5088/120/2128
f 5088/120/2128 5040/120/2058 5090/120/2080
f 5089/139/2079 5090/120/2080 5091/108/2078
f 5091/108/2078 5092/110/2759 5089/139/2079
f 5092/110/2759 5091/108/2078 5093/108/2081
f 5093/108/2081 5098/110/2075 5092/110/2759
f 5094/117/2083 5093/108/2081 5091/108/2078
f 5091/108/2078 5095/117/2082 5094/117/2083
f 5096/120/2084 5093/108/2081 5094/117/2083
f 5094/117/2083 5097/125/2085 5096/120/2084
f 5042/117/2073 5092/110/2759 5098/110/2075
f 5098/110/2075 5041/117/2745 5042/117/2073
f 5046/138/2076 5041/117/2745 5098/110/2075
f 5098/110/2075 5099/139/2077 5046/138/2076
f 5034/119/2053 5033/137/2052 5100/137/2127
f 5100/137/2127 5101/125/2126 5034/119/2053
f 5101/125/2126 5100/137/2127 5102/117/2760
f 5102/117/2760 5095/117/2082 5101/125/2126
f 5095/117/2082 5102/117/2760 5103/117/2761
f 5103/117/2761 5094/117/2083 5095/117/2082
f 5106/137/2169 5103/117/2761 5104/108/2762
f 5104/108/2762 5107/140/2157 5106/137/2169
f 5108/137/2141 5106/137/2169 5107/140/2157
f 5107/140/2157 5109/140/2149 5108/137/2141
f 5110/108/2764 5107/140/2157 5104/108/2762
f 5104/108/2762 5105/108/2763 5110/108/2764
f 5111/142/2156 5110/108/2764 5112/116/2765
f 5112/116/2765 5113/141/2766 5111/142/2156
f 5105/108/2763 5102/117/2760 5100/137/2127
f 5100/137/2127 5087/140/2758 5105/108/2763
f 5087/140/2758 5100/137/2127 5033/137/2052
f 5033/137/2052 5080/140/2087 5087/140/2758
f 5105/108/2763 5087/140/2758 5114/108/2767
f 5114/108/2767 5110/108/2764 5105/108/2763
f 5115/116/2768 5114/108/2767 5086/142/2094
f 5086/142/2094 5085/141/2757 5115/116/2768
f 5068/110/2102 5071/111/2103 5064/144/2105
f 5064/144/2105 5063/145/2755 5068/110/2102
f 5042/117/2073 5043/112/2746 5052/144/2108
f 5052/144/2108 5116/138/2129 5042/117/2073
f 5116/138/2129 5052/144/2108 5064/144/2105
f 5064/144/2105 5072/119/2104 5116/138/2129
f 5066/143/2101 5051/145/2107 5049/110/2748
f 5049/110/2748 5054/110/2751 5066/143/2101
f 5119/118/2070 5118/127/2071 5117/108/2063
f 5117/108/2063 5120/116/2067 5119/118/2070
f 5120/116/2067 5117/108/2063 5121/108/2062
f 5121/108/2062 5123/116/2066 5120/116/2067
f 5121/108/2062 5117/108/2063 5122/108/2060
f 5122/108/2060 5124/108/2769 5121/108/2062
f 5115/116/2768 5120/116/2067 5123/116/2066
f 5123/116/2066 5112/116/2765 5115/116/2768
f 5125/127/2064 5121/108/2062 5124/108/2769
f 5124/108/2769 5126/127/2770 5125/127/2064
f 5060/116/2045 5124/108/2769 5122/108/2060
f 5122/108/2060 5059/116/2754 5060/116/2045
f 5059/116/2754 5122/108/2060 5127/127/2771
f 5127/127/2771 5061/135/2048 5059/116/2754
f 5025/118/2039 5024/127/2038 5118/127/2071
f 5118/127/2071 5119/118/2070 5025/118/2039
f 5085/141/2757 5119/118/2070 5120/116/2067
f 5120/116/2067 5115/116/2768 5085/141/2757
f 5119/118/2070 5085/141/2757 5083/141/2091
f 5083/141/2091 5025/118/2039 5119/118/2070
f 5025/118/2039 5083/141/2091 5082/116/2090
f 5082/116/2090 5019/116/2035 5025/118/2039
f 5062/136/2049 5066/143/2101 5054/110/2751
f 5054/110/2751 5055/112/2752 5062/136/2049
f 5030/124/2043 5029/135/2042 5061/135/2048
f 5061/135/2048 5127/127/2771 5030/124/2043
f 5090/120/2080 5101/125/2126 5095/117/2082
f 5095/117/2082 5091/108/2078 5090/120/2080
f 5040/120/2058 5034/119/2053 5101/125/2126
f 5101/125/2126 5090/120/2080 5040/120/2058
f 5116/138/2129 5089/139/2079 5092/110/2759
f 5092/110/2759 5042/117/2073 5116/138/2129
f 5072/119/2104 5088/120/2128 5089/139/2079
f 5089/139/2079 5116/138/2129 5072/119/2104
f 5035/116/2054 5037/108/2056 5088/120/2128
f 5088/120/2128 5072/119/2104 5035/116/2054
f 5030/124/2043 5024/127/2038 5022/108/2037
f 5022/108/2037 5026/110/2040 5030/124/2043
f 5127/127/2771 5118/127/2071 5024/127/2038
f 5024/127/2038 5030/124/2043 5127/127/2771
f 5122/108/2060 5117/108/2063 5118/127/2071
f 5118/127/2071 5127/127/2771 5122/108/2060
f 5130/108/85 5129/117/2131 5128/116/2130
f 5128/116/2130 5131/108/2132 5130/108/85
f 5132/110/87 5130/108/85 5131/108/2132
f 5131/108/2132 5135/110/2135 5132/110/87
f 5133/127/2133 5131/108/2132 5128/116/2130
f 5128/116/2130 5134/118/2134 5133/127/2133
f 5136/117/194 5132/110/87 5135/110/2135
f 5135/110/2135 5137/116/2136 5136/117/194
f 5138/135/2137 5137/116/2136 5135/110/2135
f 5135/110/2135 5139/124/2138 5138/135/2137
f 5142/116/165 5141/116/71 5140/116/2139
f 5140/116/2139 5143/116/2140 5142/116/165
f 5108/137/2141 5143/116/2140 5140/116/2139
f 5140/116/2139 5144/119/2142 5108/137/2141
f 5147/108/2144 5146/117/184 5145/116/2143
f 5145/116/2143 5148/108/2145 5147/108/2144
f 5149/108/74 5147/108/2144 5148/108/2145
f 5148/108/2145 5150/108/2146 5149/108/74
f 5141/116/71 5149/108/74 5150/108/2146
f 5150/108/2146 5140/116/2139 5141/116/71
f 5144/119/2142 5140/116/2139 5150/108/2146
f 5150/108/2146 5151/120/2147 5144/119/2142
f 5130/109/1 5132/109/1 5136/108/1
f 5136/108/1 5129/108/1 5130/109/1
f 5153/108/1 5152/108/1 5154/109/1
f 5154/109/1 5155/109/1 5153/108/1
f 5155/109/1 5154/109/1 5156/109/1
f 5156/109/1 5157/109/1 5155/109/1
f 5157/109/1 5156/109/1 5158/108/1
f 5158/108/1 5142/108/1 5157/109/1
f 5141/108/1 5146/108/1 5147/109/1
f 5147/109/1 5149/109/1 5141/108/1
f 5157/108/164 5142/116/165 5143/116/2140
f 5143/116/2140 5159/108/2148 5157/108/164
f 5109/140/2149 5159/108/2148 5143/116/2140
f 5143/116/2140 5108/137/2141 5109/140/2149
f 5157/108/164 5159/108/2148 5160/108/2150
f 5160/108/2150 5155/108/161 5157/108/164
f 5153/117/2151 5155/108/161 5160/108/2150
f 5160/108/2150 5161/116/2152 5153/117/2151
f 5162/141/2153 5161/116/2152 5160/108/2150
f 5160/108/2150 5163/142/2154 5162/141/2153
f 5113/141/2766 5162/141/2153 5163/142/2154
f 5163/142/2154 5111/142/2156 5113/141/2766
f 5111/142/2156 5163/142/2154 5109/140/2149
f 5109/140/2149 5107/140/2157 5111/142/2156
f 5129/117/2131 5153/117/2151 5161/116/2152
f 5161/116/2152 5128/116/2130 5129/117/2131
f 5152/112/192 5136/117/194 5137/116/2136
f 5137/116/2136 5164/111/2158 5152/112/192
f 5154/110/2159 5152/112/192 5164/111/2158
f 5164/111/2158 5165/110/2160 5154/110/2159
f 5166/143/2161 5165/110/2160 5164/111/2158
f 5164/111/2158 5167/136/2162 5166/143/2161
f 5056/143/2118 5166/143/2161 5167/136/2162
f 5167/136/2162 5168/136/2163 5056/143/2118
f 5156/110/187 5154/110/2159 5165/110/2160
f 5165/110/2160 5169/110/2164 5156/110/187
f 5158/112/181 5156/110/187 5169/110/2164
f 5169/110/2164 5170/111/2165 5158/112/181
f 5146/117/184 5158/112/181 5170/111/2165
f 5170/111/2165 5145/116/2143 5146/117/184
f 5048/119/2115 5145/116/2143 5170/111/2165
f 5170/111/2165 5047/144/2114 5048/119/2115
f 5057/145/2119 5171/145/2166 5166/143/2161
f 5166/143/2161 5056/143/2118 5057/145/2119
f 5171/145/2166 5057/145/2119 5045/144/2113
f 5045/144/2113 5047/144/2114 5171/145/2166
f 5044/112/2747 5045/144/2113 5057/145/2119
f 5057/145/2119 5050/110/2749 5044/112/2747
f 5172/135/2167 5060/116/2045 5058/112/2753
f 5058/112/2753 5168/136/2163 5172/135/2167
f 5138/135/2137 5172/135/2167 5168/136/2163
f 5168/136/2163 5167/136/2162 5138/135/2137
f 5137/116/2136 5138/135/2137 5167/136/2162
f 5167/136/2162 5164/111/2158 5137/116/2136
f 5151/120/2147 5150/108/2146 5148/108/2145
f 5148/108/2145 5173/120/2168 5151/120/2147
f 5096/120/2084 5151/120/2147 5173/120/2168
f 5173/120/2168 5099/139/2077 5096/120/2084
f 5093/108/2081 5096/120/2084 5099/139/2077
f 5099/139/2077 5098/110/2075 5093/108/2081
f 5097/125/2085 5094/117/2083 5103/117/2761
f 5103/117/2761 5106/137/2169 5097/125/2085
f 5144/119/2142 5097/125/2085 5106/137/2169
f 5106/137/2169 5108/137/2141 5144/119/2142
f 5169/110/2164 5171/145/2166 5047/144/2114
f 5047/144/2114 5170/111/2165 5169/110/2164
f 5174/118/2170 5123/116/2066 5121/108/2062
f 5121/108/2062 5125/127/2064 5174/118/2170
f 5134/118/2134 5174/118/2170 5125/127/2064
f 5125/127/2064 5133/127/2133 5134/118/2134
f 5113/141/2766 5112/116/2765 5123/116/2066
f 5123/116/2066 5174/118/2170 5113/141/2766
f 5162/141/2153 5113/141/2766 5174/118/2170
f 5174/118/2170 5134/118/2134 5162/141/2153
f 5161/116/2152 5162/141/2153 5134/118/2134
f 5134/118/2134 5128/116/2130 5161/116/2152
f 5168/136/2163 5058/112/2753 5053/110/2750
f 5053/110/2750 5056/143/2118 5168/136/2163
f 5126/127/2770 5124/108/2769 5060/116/2045
f 5060/116/2045 5172/135/2167 5126/127/2770
f 5139/124/2138 5126/127/2770 5172/135/2167
f 5172/135/2167 5138/135/2137 5139/124/2138
f 5151/120/2147 5096/120/2084 5097/125/2085
f 5097/125/2085 5144/119/2142 5151/120/2147
f 5048/119/2115 5046/138/2076 5099/139/2077
f 5099/139/2077 5173/120/2168 5048/119/2115
f 5145/116/2143 5048/119/2115 5173/120/2168
f 5173/120/2168 5148/108/2145 5145/116/2143
f 5139/124/2138 5135/110/2135 5131/108/2132
f 5131/108/2132 5133/127/2133 5139/124/2138
f 5126/127/2770 5139/124/2138 5133/127/2133
f 5133/127/2133 5125/127/2064 5126/127/2770
f 5012/132/56 5009/20/56 5018/20/5
f 5018/20/5 5017/132/5 5012/132/56
f 5012/132/56 5017/132/5 5016/132/5
f 5016/132/5 5013/132/56 5012/132/56
f 5175/5/57 5014/134/57 5013/134/56
f 5013/134/56 5176/5/56 5175/5/57
f 5016/132/5 5015/20/5 5176/20/56
f 5176/20/56 5013/132/56 5016/132/5
f 4991/5/7 5177/5/6 5000/134/6
f 5000/134/6 4993/134/7 4991/5/7
f 4993/134/7 5000/134/6 4999/134/6
f 4999/134/6 4994/134/7 4993/134/7
f 4997/5/6 5008/5/7 4994/134/7
f 4994/134/7 4999/134/6 4997/5/6
f 5000/132/6 5177/187/6 5005/187/2023
f 5005/187/2023 5001/133/2023 5000/132/6
f 5175/187/57 5002/187/81 5003/133/81
f 5003/133/81 5014/132/57 5175/187/57
f 5182/132/1969 5184/20/1969 5183/20/7
f 5183/20/7 5185/132/7 5182/132/1969
f 5182/132/1969 5185/132/7 5186/132/7
f 5186/132/7 5187/132/1969 5182/132/1969
f 5188/133/2023 5190/187/2023 5189/187/6
f 5189/187/6 5191/132/6 5188/133/2023
f 5188/133/2023 5191/132/6 5192/132/6
f 5192/132/6 5193/133/2023 5188/133/2023
f 5194/3/81 5190/3/2023 5188/134/2023
f 5188/134/2023 5195/134/81 5194/3/81
f 5195/134/81 5188/134/2023 5193/134/2023
f 5193/134/2023 5196/134/81 5195/134/81
f 5196/134/81 5193/134/2023 5197/3/2023
f 5197/3/2023 5198/3/81 5196/134/81
f 5186/132/7 5200/20/7 5199/20/1969
f 5199/20/1969 5187/132/1969 5186/132/7
f 5203/134/57 5202/5/57 5201/5/56
f 5201/5/56 5204/134/56 5203/134/57
f 5203/134/57 5204/134/56 5205/134/56
f 5205/134/56 5206/134/57 5203/134/57
f 5198/187/81 5202/187/57 5203/132/57
f 5203/132/57 5196/133/81 5198/187/81
f 5196/133/81 5203/132/57 5206/132/57
f 5206/132/57 5195/133/81 5196/133/81
f 5187/134/1969 5199/5/1969 5207/5/5
f 5207/5/5 5208/134/5 5187/134/1969
f 5187/134/1969 5208/134/5 5209/134/5
f 5209/134/5 5182/134/1969 5187/134/1969
f 5184/5/1969 5182/134/1969 5209/134/5
f 5209/134/5 5210/5/5 5184/5/1969
f 5211/116/2035 5213/117/2036 5212/108/74
f 5212/108/74 5214/108/2037 5211/116/2035
f 5214/108/2037 5212/108/74 5215/110/78
f 5215/110/78 5218/110/2040 5214/108/2037
f 5211/116/2035 5214/108/2037 5216/127/2038
f 5216/127/2038 5217/118/2039 5211/116/2035
f 5218/110/2040 5215/110/78 5219/117/65
f 5219/117/65 5220/116/2041 5218/110/2040
f 5218/110/2040 5220/116/2041 5221/135/2042
f 5221/135/2042 5222/124/2043 5218/110/2040
f 5223/116/2050 5178/116/200 5181/116/33
f 5181/116/33 5224/116/2051 5223/116/2050
f 5223/116/2050 5224/116/2051 5225/137/2052
f 5225/137/2052 5226/119/2053 5223/116/2050
f 5227/116/2054 5180/117/51 5228/108/2055
f 5228/108/2055 5229/108/2056 5227/116/2054
f 5229/108/2056 5228/108/2055 5230/108/85
f 5230/108/85 5231/108/2057 5229/108/2056
f 5231/108/2057 5230/108/85 5178/116/200
f 5178/116/200 5223/116/2050 5231/108/2057
f 5231/108/2057 5223/116/2050 5226/119/2053
f 5226/119/2053 5232/120/2058 5231/108/2057
f 5235/112/2746 5234/117/2073 5233/117/2745
f 5233/117/2745 5236/112/2747 5235/112/2746
f 5237/144/2113 5236/112/2747 5233/117/2745
f 5233/117/2745 5238/138/2076 5237/144/2113
f 5239/144/2114 5237/144/2113 5238/138/2076
f 5238/138/2076 5240/119/2115 5239/144/2114
f 5235/112/2746 5241/110/2748 5243/145/2107
f 5243/145/2107 5244/144/2108 5235/112/2746
f 5251/116/2754 5247/112/2752 5250/112/2753
f 5250/112/2753 5252/116/2045 5251/116/2754
f 5247/112/2752 5251/116/2754 5253/135/2048
f 5253/135/2048 5254/136/2049 5247/112/2752
f 5244/144/2108 5243/145/2107 5255/145/2755
f 5255/145/2755 5256/144/2105 5244/144/2108
f 5257/143/2099 5255/145/2755 5243/145/2107
f 5243/145/2107 5258/143/2101 5257/143/2099
f 5255/145/2755 5257/143/2099 5259/110/2756
f 5259/110/2756 5260/110/2102 5255/145/2755
f 5261/110/58 5260/110/2102 5259/110/2756
f 5259/110/2756 5262/110/2097 5261/110/58
f 5260/110/2102 5261/110/58 5179/112/50
f 5179/112/50 5263/111/2103 5260/110/2102
f 5263/111/2103 5179/112/50 5180/117/51
f 5180/117/51 5227/116/2054 5263/111/2103
f 5263/111/2103 5227/116/2054 5264/119/2104
f 5264/119/2104 5256/144/2105 5263/111/2103
f 5262/110/2097 5259/110/2756 5265/111/2096
f 5265/111/2096 5266/112/63 5262/110/2097
f 5265/111/2096 5259/110/2756 5257/143/2099
f 5257/143/2099 5267/136/2100 5265/111/2096
f 5266/112/63 5265/111/2096 5220/116/2041
f 5220/116/2041 5219/117/65 5266/112/63
f 5267/136/2100 5257/143/2099 5258/143/2101
f 5258/143/2101 5254/136/2049 5267/136/2100
f 5230/109/1 5228/109/1 5180/108/1
f 5180/108/1 5178/108/1 5230/109/1
f 5181/108/1 5179/108/1 5261/109/1
f 5261/109/1 5268/109/1 5181/108/1
f 5268/109/1 5261/109/1 5262/109/1
f 5262/109/1 5269/109/1 5268/109/1
f 5269/109/1 5262/109/1 5266/108/1
f 5266/108/1 5270/108/1 5269/109/1
f 5213/108/1 5219/108/1 5215/109/1
f 5215/109/1 5212/109/1 5213/108/1
f 5224/116/2051 5181/116/33 5268/108/32
f 5268/108/32 5271/108/2086 5224/116/2051
f 5224/116/2051 5271/108/2086 5272/140/2087
f 5272/140/2087 5225/137/2052 5224/116/2051
f 5273/108/2088 5271/108/2086 5268/108/32
f 5268/108/32 5269/108/29 5273/108/2088
f 5273/108/2088 5269/108/29 5270/117/2089
f 5270/117/2089 5274/116/2090 5273/108/2088
f 5273/108/2088 5274/116/2090 5275/141/2091
f 5275/141/2091 5276/142/2092 5273/108/2088
f 5276/142/2092 5275/141/2091 5277/141/2757
f 5277/141/2757 5278/142/2094 5276/142/2092
f 5272/140/2087 5276/142/2092 5278/142/2094
f 5278/142/2094 5279/140/2758 5272/140/2087
f 5213/117/2036 5211/116/2035 5274/116/2090
f 5274/116/2090 5270/117/2089 5213/117/2036
f 5254/136/2049 5253/135/2048 5221/135/2042
f 5221/135/2042 5267/136/2100 5254/136/2049
f 5267/136/2100 5221/135/2042 5220/116/2041
f 5220/116/2041 5265/111/2096 5267/136/2100
f 5232/120/2058 5280/120/2128 5229/108/2056
f 5229/108/2056 5231/108/2057 5232/120/2058
f 5282/120/2080 5281/139/2079 5280/120/2128
f 5280/120/2128 5232/120/2058 5282/120/2080
f 5281/139/2079 5282/120/2080 5283/108/2078
f 5283/108/2078 5284/110/2759 5281/139/2079
f 5284/110/2759 5283/108/2078 5285/108/2081
f 5285/108/2081 5290/110/2075 5284/110/2759
f 5286/117/2083 5285/108/2081 5283/108/2078
f 5283/108/2078 5287/117/2082 5286/117/2083
f 5288/120/2084 5285/108/2081 5286/117/2083
f 5286/117/2083 5289/125/2085 5288/120/2084
f 5234/117/2073 5284/110/2759 5290/110/2075
f 5290/110/2075 5233/117/2745 5234/117/2073
f 5238/138/2076 5233/117/2745 5290/110/2075
f 5290/110/2075 5291/139/2077 5238/138/2076
f 5226/119/2053 5225/137/2052 5292/137/2127
f 5292/137/2127 5293/125/2126 5226/119/2053
f 5293/125/2126 5292/137/2127 5294/117/2760
f 5294/117/2760 5287/117/2082 5293/125/2126
f 5287/117/2082 5294/117/2760 5295/117/2761
f 5295/117/2761 5286/117/2083 5287/117/2082
f 5298/137/2169 5295/117/2761 5296/108/2762
f 5296/108/2762 5299/140/2157 5298/137/2169
f 5300/137/2141 5298/137/2169 5299/140/2157
f 5299/140/2157 5301/140/2149 5300/137/2141
f 5302/108/2764 5299/140/2157 5296/108/2762
f 5296/108/2762 5297/108/2763 5302/108/2764
f 5303/142/2156 5302/108/2764 5304/116/2765
f 5304/116/2765 5305/141/2766 5303/142/2156
f 5297/108/2763 5294/117/2760 5292/137/2127
f 5292/137/2127 5279/140/2758 5297/108/2763
f 5279/140/2758 5292/137/2127 5225/137/2052
f 5225/137/2052 5272/140/2087 5279/140/2758
f 5297/108/2763 5279/140/2758 5306/108/2767
f 5306/108/2767 5302/108/2764 5297/108/2763
f 5307/116/2768 5306/108/2767 5278/142/2094
f 5278/142/2094 5277/141/2757 5307/116/2768
f 5260/110/2102 5263/111/2103 5256/144/2105
f 5256/144/2105 5255/145/2755 5260/110/2102
f 5234/117/2073 5235/112/2746 5244/144/2108
f 5244/144/2108 5308/138/2129 5234/117/2073
f 5308/138/2129 5244/144/2108 5256/144/2105
f 5256/144/2105 5264/119/2104 5308/138/2129
f 5258/143/2101 5243/145/2107 5241/110/2748
f 5241/110/2748 5246/110/2751 5258/143/2101
f 5311/118/2070 5310/127/2071 5309/108/2063
f 5309/108/2063 5312/116/2067 5311/118/2070
f 5312/116/2067 5309/108/2063 5313/108/2062
f 5313/108/2062 5315/116/2066 5312/116/2067
f 5313/108/2062 5309/108/2063 5314/108/2060
f 5314/108/2060 5316/108/2769 5313/108/2062
f 5307/116/2768 5312/116/2067 5315/116/2066
f 5315/116/2066 5304/116/2765 5307/116/2768
f 5317/127/2064 5313/108/2062 5316/108/2769
f 5316/108/2769 5318/127/2770 5317/127/2064
f 5252/116/2045 5316/108/2769 5314/108/2060
f 5314/108/2060 5251/116/2754 5252/116/2045
f 5251/116/2754 5314/108/2060 5319/127/2771
f 5319/127/2771 5253/135/2048 5251/116/2754
f 5217/118/2039 5216/127/2038 5310/127/2071
f 5310/127/2071 5311/118/2070 5217/118/2039
f 5277/141/2757 5311/118/2070 5312/116/2067
f 5312/116/2067 5307/116/2768 5277/141/2757
f 5311/118/2070 5277/141/2757 5275/141/2091
f 5275/141/2091 5217/118/2039 5311/118/2070
f 5217/118/2039 5275/141/2091 5274/116/2090
f 5274/116/2090 5211/116/2035 5217/118/2039
f 5254/136/2049 5258/143/2101 5246/110/2751
f 5246/110/2751 5247/112/2752 5254/136/2049
f 5222/124/2043 5221/135/2042 5253/135/2048
f 5253/135/2048 5319/127/2771 5222/124/2043
f 5282/120/2080 5293/125/2126 5287/117/2082
f 5287/117/2082 5283/108/2078 5282/120/2080
f 5232/120/2058 5226/119/2053 5293/125/2126
f 5293/125/2126 5282/120/2080 5232/120/2058
f 5308/138/2129 5281/139/2079 5284/110/2759
f 5284/110/2759 5234/117/2073 5308/138/2129
f 5264/119/2104 5280/120/2128 5281/139/2079
f 5281/139/2079 5308/138/2129 5264/119/2104
f 5227/116/2054 5229/108/2056 5280/120/2128
f 5280/120/2128 5264/119/2104 5227/116/2054
f 5222/124/2043 5216/127/2038 5214/108/2037
f 5214/108/2037 5218/110/2040 5222/124/2043
f 5319/127/2771 5310/127/2071 5216/127/2038
f 5216/127/2038 5222/124/2043 5319/127/2771
f 5314/108/2060 5309/108/2063 5310/127/2071
f 5310/127/2071 5319/127/2771 5314/108/2060
f 5322/108/85 5321/117/2131 5320/116/2130
f 5320/116/2130 5323/108/2132 5322/108/85
f 5324/110/87 5322/108/85 5323/108/2132
f 5323/108/2132 5327/110/2135 5324/110/87
f 5325/127/2133 5323/108/2132 5320/116/2130
f 5320/116/2130 5326/118/2134 5325/127/2133
f 5328/117/194 5324/110/87 5327/110/2135
f 5327/110/2135 5329/116/2136 5328/117/194
f 5330/135/2137 5329/116/2136 5327/110/2135
f 5327/110/2135 5331/124/2138 5330/135/2137
f 5334/116/165 5333/116/71 5332/116/2139
f 5332/116/2139 5335/116/2140 5334/116/165
f 5300/137/2141 5335/116/2140 5332/116/2139
f 5332/116/2139 5336/119/2142 5300/137/2141
f 5339/108/2772 5338/117/184 5337/116/2143
f 5337/116/2143 5340/108/2145 5339/108/2772
f 5341/108/74 5339/108/2772 5340/108/2145
f 5340/108/2145 5342/108/2146 5341/108/74
f 5333/116/71 5341/108/74 5342/108/2146
f 5342/108/2146 5332/116/2139 5333/116/71
f 5336/119/2142 5332/116/2139 5342/108/2146
f 5342/108/2146 5343/120/2147 5336/119/2142
f 5322/109/1 5324/109/1 5328/108/1
f 5328/108/1 5321/108/1 5322/109/1
f 5345/108/1 5344/108/1 5346/109/1
f 5346/109/1 5347/109/1 5345/108/1
f 5347/109/1 5346/109/1 5348/109/1
f 5348/109/1 5349/109/1 5347/109/1
f 5349/109/1 5348/109/1 5350/108/1
f 5350/108/1 5334/108/1 5349/109/1
f 5333/108/1 5338/108/1 5339/109/1
f 5339/109/1 5341/109/1 5333/108/1
f 5349/108/164 5334/116/165 5335/116/2140
f 5335/116/2140 5351/108/2148 5349/108/164
f 5301/140/2149 5351/108/2148 5335/116/2140
f 5335/116/2140 5300/137/2141 5301/140/2149
f 5349/108/164 5351/108/2148 5352/108/2150
f 5352/108/2150 5347/108/161 5349/108/164
f 5345/117/2151 5347/108/161 5352/108/2150
f 5352/108/2150 5353/116/2152 5345/117/2151
f 5354/141/2153 5353/116/2152 5352/108/2150
f 5352/108/2150 5355/142/2154 5354/141/2153
f 5305/141/2766 5354/141/2153 5355/142/2154
f 5355/142/2154 5303/142/2156 5305/141/2766
f 5303/142/2156 5355/142/2154 5301/140/2149
f 5301/140/2149 5299/140/2157 5303/142/2156
f 5321/117/2131 5345/117/2151 5353/116/2152
f 5353/116/2152 5320/116/2130 5321/117/2131
f 5344/112/192 5328/117/194 5329/116/2136
f 5329/116/2136 5356/111/2158 5344/112/192
f 5346/110/2159 5344/112/192 5356/111/2158
f 5356/111/2158 5357/110/2160 5346/110/2159
f 5358/143/2161 5357/110/2160 5356/111/2158
f 5356/111/2158 5359/136/2162 5358/143/2161
f 5248/143/2118 5358/143/2161 5359/136/2162
f 5359/136/2162 5360/136/2163 5248/143/2118
f 5348/110/187 5346/110/2159 5357/110/2160
f 5357/110/2160 5361/110/2164 5348/110/187
f 5350/112/181 5348/110/187 5361/110/2164
f 5361/110/2164 5362/111/2165 5350/112/181
f 5338/117/184 5350/112/181 5362/111/2165
f 5362/111/2165 5337/116/2143 5338/117/184
f 5240/119/2115 5337/116/2143 5362/111/2165
f 5362/111/2165 5239/144/2114 5240/119/2115
f 5249/145/2119 5363/145/2166 5358/143/2161
f 5358/143/2161 5248/143/2118 5249/145/2119
f 5363/145/2166 5249/145/2119 5237/144/2113
f 5237/144/2113 5239/144/2114 5363/145/2166
f 5236/112/2747 5237/144/2113 5249/145/2119
f 5249/145/2119 5242/110/2749 5236/112/2747
f 5364/135/2167 5252/116/2045 5250/112/2753
f 5250/112/2753 5360/136/2163 5364/135/2167
f 5330/135/2137 5364/135/2167 5360/136/2163
f 5360/136/2163 5359/136/2162 5330/135/2137
f 5329/116/2136 5330/135/2137 5359/136/2162
f 5359/136/2162 5356/111/2158 5329/116/2136
f 5343/120/2147 5342/108/2146 5340/108/2145
f 5340/108/2145 5365/120/2168 5343/120/2147
f 5288/120/2084 5343/120/2147 5365/120/2168
f 5365/120/2168 5291/139/2077 5288/120/2084
f 5285/108/2081 5288/120/2084 5291/139/2077
f 5291/139/2077 5290/110/2075 5285/108/2081
f 5289/125/2085 5286/117/2083 5295/117/2761
f 5295/117/2761 5298/137/2169 5289/125/2085
f 5336/119/2142 5289/125/2085 5298/137/2169
f 5298/137/2169 5300/137/2141 5336/119/2142
f 5361/110/2164 5363/145/2166 5239/144/2114
f 5239/144/2114 5362/111/2165 5361/110/2164
f 5366/118/2170 5315/116/2066 5313/108/2062
f 5313/108/2062 5317/127/2064 5366/118/2170
f 5326/118/2134 5366/118/2170 5317/127/2064
f 5317/127/2064 5325/127/2133 5326/118/2134
f 5305/141/2766 5304/116/2765 5315/116/2066
f 5315/116/2066 5366/118/2170 5305/141/2766
f 5354/141/2153 5305/141/2766 5366/118/2170
f 5366/118/2170 5326/118/2134 5354/141/2153
f 5353/116/2152 5354/141/2153 5326/118/2134
f 5326/118/2134 5320/116/2130 5353/116/2152
f 5360/136/2163 5250/112/2753 5245/110/2750
f 5245/110/2750 5248/143/2118 5360/136/2163
f 5318/127/2770 5316/108/2769 5252/116/2045
f 5252/116/2045 5364/135/2167 5318/127/2770
f 5331/124/2138 5318/127/2770 5364/135/2167
f 5364/135/2167 5330/135/2137 5331/124/2138
f 5343/120/2147 5288/120/2084 5289/125/2085
f 5289/125/2085 5336/119/2142 5343/120/2147
f 5240/119/2115 5238/138/2076 5291/139/2077
f 5291/139/2077 5365/120/2168 5240/119/2115
f 5337/116/2143 5240/119/2115 5365/120/2168
f 5365/120/2168 5340/108/2145 5337/116/2143
f 5331/124/2138 5327/110/2135 5323/108/2132
f 5323/108/2132 5325/127/2133 5331/124/2138
f 5318/127/2770 5331/124/2138 5325/127/2133
f 5325/127/2133 5317/127/2064 5318/127/2770
f 5204/132/56 5201/20/56 5210/20/5
f 5210/20/5 5209/132/5 5204/132/56
f 5204/132/56 5209/132/5 5208/132/5
f 5208/132/5 5205/132/56 5204/132/56
f 5367/5/57 5206/134/57 5205/134/56
f 5205/134/56 5368/5/56 5367/5/57
f 5208/132/5 5207/20/5 5368/20/56
f 5368/20/56 5205/132/56 5208/132/5
f 5183/5/7 5369/5/6 5192/134/6
f 5192/134/6 5185/134/7 5183/5/7
f 5185/134/7 5192/134/6 5191/134/6
f 5191/134/6 5186/134/7 5185/134/7
f 5189/5/6 5200/5/7 5186/134/7
f 5186/134/7 5191/134/6 5189/5/6
f 5192/132/6 5369/187/6 5197/187/2023
f 5197/187/2023 5193/133/2023 5192/132/6
f 5367/187/57 5194/187/81 5195/133/81
f 5195/133/81 5206/132/57 5367/187/57
f 5372/109/1 5371/109/1 5370/108/1
f 5370/108/1 5373/108/1 5372/109/1
f 5375/108/1 5374/108/1 5376/109/1
f 5376/109/1 5377/109/1 5375/108/1
f 5377/109/1 5376/109/1 5378/109/1
f 5378/109/1 5379/109/1 5377/109/1
f 5379/109/1 5378/109/1 5380/108/1
f 5380/108/1 5381/108/1 5379/109/1
f 5383/108/1 5382/108/1 5384/109/1
f 5384/109/1 5385/109/1 5383/108/1
f 5388/110/1851 5387/110/1850 5386/110/1849
f 5386/110/1849 5389/110/1852 5388/110/1851
f 5390/111/1853 5388/110/1851 5389/110/1852
f 5389/110/1852 5396/111/1859 5390/111/1853
f 5388/110/1851 5390/111/1853 5391/112/1854
f 5391/112/1854 5392/113/1855 5388/110/1851
f 5387/110/1850 5388/110/1851 5392/113/1855
f 5392/113/1855 5393/113/1856 5387/110/1850
f 5393/113/1856 5392/113/1855 5394/113/1857
f 5394/113/1857 5395/113/1858 5393/113/1856
f 5396/111/1859 5389/110/1852 5397/110/1860
f 5397/110/1860 5398/111/1861 5396/111/1859
f 5399/110/1862 5397/110/1860 5389/110/1852
f 5389/110/1852 5386/110/1849 5399/110/1862
f 5397/110/1860 5399/110/1862 5400/110/1863
f 5400/110/1863 5401/110/1864 5397/110/1860
f 5398/111/1861 5397/110/1860 5401/110/1864
f 5401/110/1864 5402/111/1865 5398/111/1861
f 5403/133/2023 5405/20/2023 5404/20/6
f 5404/20/6 5406/132/6 5403/133/2023
f 5403/133/2023 5406/132/6 5407/132/6
f 5407/132/6 5408/133/2023 5403/133/2023
f 5409/114/1969 5411/5/1969 5410/5/2024
f 5410/5/2024 5412/114/2024 5409/114/1969
f 5412/114/2024 5410/5/2024 5413/5/2025
f 5413/5/2025 5420/114/2025 5412/114/2024
f 5409/114/1969 5412/114/2024 5414/114/2024
f 5414/114/2024 5415/114/1969 5409/114/1969
f 5416/5/1969 5415/114/1969 5414/114/2024
f 5414/114/2024 5417/5/2024 5416/5/1969
f 5417/5/2024 5414/114/2024 5418/114/2025
f 5418/114/2025 5419/5/2025 5417/5/2024
f 5418/114/2025 5414/114/2024 5412/114/2024
f 5412/114/2024 5420/114/2025 5418/114/2025
f 5420/114/2025 5413/5/2025 5421/5/2026
f 5421/5/2026 5424/114/2026 5420/114/2025
f 5419/5/2025 5418/114/2025 5422/114/2026
f 5422/114/2026 5423/5/2026 5419/5/2025
f 5422/114/2026 5418/114/2025 5420/114/2025
f 5420/114/2025 5424/114/2026 5422/114/2026
f 5424/114/2026 5421/5/2026 5425/5/2027
f 5425/5/2027 5429/114/2027 5424/114/2026
f 5423/5/2026 5422/114/2026 5426/114/2027
f 5426/114/2027 5427/5/2027 5423/5/2026
f 5426/114/2027 5422/114/2026 5424/114/2026
f 5424/114/2026 5429/114/2027 5426/114/2027
f 5428/5/2027 5427/5/2027 5426/114/2027
f 5426/114/2027 5430/114/2027 5428/5/2027
f 5430/114/2027 5426/114/2027 5429/114/2027
f 5429/114/2027 5431/114/2027 5430/114/2027
f 5431/114/2027 5429/114/2027 5425/5/2027
f 5425/5/2027 5432/5/2027 5431/114/2027
f 5431/114/2027 5432/5/2027 5433/5/2026
f 5433/5/2026 5436/114/2026 5431/114/2027
f 5428/5/2027 5430/114/2027 5434/114/2026
f 5434/114/2026 5435/5/2026 5428/5/2027
f 5434/114/2026 5430/114/2027 5431/114/2027
f 5431/114/2027 5436/114/2026 5434/114/2026
f 5436/114/2026 5433/5/2026 5437/5/2025
f 5437/5/2025 5440/114/2025 5436/114/2026
f 5435/5/2026 5434/114/2026 5438/114/2025
f 5438/114/2025 5439/5/2025 5435/5/2026
f 5438/114/2025 5434/114/2026 5436/114/2026
f 5436/114/2026 5440/114/2025 5438/114/2025
f 5440/114/2025 5437/5/2025 5441/5/2024
f 5441/5/2024 5444/114/2024 5440/114/2025
f 5439/5/2025 5438/114/2025 5442/114/2024
f 5442/114/2024 5443/5/2024 5439/5/2025
f 5442/114/2024 5438/114/2025 5440/114/2025
f 5440/114/2025 5444/114/2024 5442/114/2024
f 5444/114/2024 5441/5/2024 5445/5/5
f 5445/5/5 5446/114/5 5444/114/2024
f 5444/114/2024 5446/114/5 5447/114/5
f 5447/114/5 5442/114/2024 5444/114/2024
f 5443/5/2024 5442/114/2024 5447/114/5
f 5447/114/5 5448/5/5 5443/5/2024
f 5451/109/1 5450/109/1 5449/108/1
f 5449/108/1 5452/108/1 5451/109/1
f 5454/108/1 5453/108/1 5455/109/1
f 5455/109/1 5456/109/1 5454/108/1
f 5456/109/1 5455/109/1 5457/109/1
f 5457/109/1 5458/109/1 5456/109/1
f 5458/109/1 5457/109/1 5459/108/1
f 5459/108/1 5460/108/1 5458/109/1
f 5462/108/1 5461/108/1 5463/109/1
f 5463/109/1 5464/109/1 5462/108/1
f 5465/116/1866 5467/116/1868 5466/116/1867
f 5466/116/1867 5468/116/1869 5465/116/1866
f 5467/116/1868 5465/116/1866 5469/117/1870
f 5469/117/1870 5470/118/1871 5467/116/1868
f 5472/119/1873 5471/116/1872 5468/116/1869
f 5468/116/1869 5466/116/1867 5472/119/1873
f 5463/108/85 5461/116/54 5473/116/1874
f 5473/116/1874 5474/108/1875 5463/108/85
f 5474/108/1875 5473/116/1874 5475/119/1876
f 5475/119/1876 5476/120/1877 5474/108/1875
f 5464/108/87 5463/108/85 5474/108/1875
f 5474/108/1875 5477/108/1878 5464/108/87
f 5477/108/1878 5474/108/1875 5476/120/1877
f 5476/120/1877 5479/121/1880 5477/108/1878
f 5462/116/51 5464/108/87 5477/108/1878
f 5477/108/1878 5478/116/1879 5462/116/51
f 5479/121/1880 5476/120/1877 5480/120/1881
f 5480/120/1881 5481/121/1882 5479/121/1880
f 5458/110/58 5460/111/50 5482/111/1883
f 5482/111/1883 5483/110/1884 5458/110/58
f 5456/110/60 5458/110/58 5483/110/1884
f 5483/110/1884 5484/110/1885 5456/110/60
f 5454/111/63 5456/110/60 5484/110/1885
f 5484/110/1885 5485/111/1886 5454/111/63
f 5487/113/1888 5486/113/1887 5484/110/1885
f 5484/110/1885 5483/110/1884 5487/113/1888
f 5488/112/1889 5487/113/1888 5483/110/1884
f 5483/110/1884 5482/111/1883 5488/112/1889
f 5487/113/1888 5488/112/1889 5489/112/1890
f 5489/112/1890 5490/113/1862 5487/113/1888
f 5491/108/1891 5493/116/2773 5492/116/1892
f 5492/116/1892 5494/108/1891 5491/108/1891
f 5495/108/1894 5491/108/1891 5494/108/1891
f 5494/108/1891 5496/108/1894 5495/108/1894
f 5496/108/1894 5494/108/1891 5481/121/1882
f 5481/121/1882 5480/120/1881 5496/108/1894
f 5467/116/1868 5495/108/1894 5496/108/1894
f 5496/108/1894 5466/116/1867 5467/116/1868
f 5466/116/1867 5496/108/1894 5480/120/1881
f 5480/120/1881 5472/119/1873 5466/116/1867
f 5495/108/1894 5467/116/1868 5470/118/1871
f 5470/118/1871 5497/121/1881 5495/108/1894
f 5472/119/1873 5480/120/1881 5476/120/1877
f 5476/120/1877 5475/119/1876 5472/119/1873
f 5497/121/1881 5470/118/1871 5498/118/1895
f 5498/118/1895 5499/121/1877 5497/121/1881
f 5455/108/29 5453/116/31 5500/116/1896
f 5500/116/1896 5501/108/1897 5455/108/29
f 5501/108/1897 5500/116/1896 5502/116/1898
f 5502/116/1898 5504/108/1900 5501/108/1897
f 5455/108/29 5501/108/1897 5503/108/1899
f 5503/108/1899 5457/108/32 5455/108/29
f 5504/108/1900 5502/116/1898 5505/116/1901
f 5505/116/1901 5506/108/1902 5504/108/1900
f 5459/116/33 5457/108/32 5503/108/1899
f 5503/108/1899 5508/116/1904 5459/116/33
f 5507/108/1903 5504/108/1900 5506/108/1902
f 5506/108/1902 5509/108/1905 5507/108/1903
f 5510/116/1906 5507/108/1903 5509/108/1905
f 5509/108/1905 5471/116/1872 5510/116/1906
f 5509/108/1905 5506/108/1902 5511/108/1907
f 5511/108/1907 5512/108/1908 5509/108/1905
f 5471/116/1872 5509/108/1905 5512/108/1908
f 5512/108/1908 5468/116/1869 5471/116/1872
f 5512/108/1908 5511/108/1907 5513/108/1909
f 5513/108/1909 5514/108/1910 5512/108/1908
f 5468/116/1869 5512/108/1908 5514/108/1910
f 5514/108/1910 5465/116/1866 5468/116/1869
f 5514/108/1910 5513/108/1909 5515/122/1911
f 5515/122/1911 5516/122/1912 5514/108/1910
f 5465/116/1866 5514/108/1910 5516/122/1912
f 5516/122/1912 5469/117/1870 5465/116/1866
f 5516/122/1912 5515/122/1911 5517/122/1900
f 5517/122/1900 5518/122/1913 5516/122/1912
f 5469/117/1870 5516/122/1912 5518/122/1913
f 5518/122/1913 5519/117/1914 5469/117/1870
f 5520/108/1915 5522/116/1917 5521/116/1916
f 5521/116/1916 5523/108/1918 5520/108/1915
f 5524/110/1919 5520/108/1915 5523/108/1918
f 5523/108/1918 5525/110/1920 5524/110/1919
f 5526/116/1921 5524/110/1919 5525/110/1920
f 5525/110/1920 5527/116/1922 5526/116/1921
f 5531/123/1926 5529/124/1924 5525/110/1920
f 5525/110/1920 5528/123/1923 5531/123/1926
f 5530/125/1925 5528/123/1923 5523/108/1918
f 5523/108/1918 5521/116/1916 5530/125/1925
f 5535/108/1930 5532/124/1927 5529/124/1924
f 5529/124/1924 5531/123/1926 5535/108/1930
f 5451/110/78 5452/116/65 5533/116/1928
f 5533/116/1928 5534/110/1929 5451/110/78
f 5450/108/74 5451/110/78 5534/110/1929
f 5534/110/1929 5535/108/1930 5450/108/74
f 5449/116/71 5450/108/74 5535/108/1930
f 5535/108/1930 5536/116/1931 5449/116/71
f 5536/116/1931 5535/108/1930 5531/123/1926
f 5531/123/1926 5537/125/1932 5536/116/1931
f 5537/125/1932 5531/123/1926 5528/123/1923
f 5528/123/1923 5530/125/1925 5537/125/1932
f 5540/116/1934 5539/116/1933 5538/116/1916
f 5538/116/1916 5541/116/1935 5540/116/1934
f 5539/116/1933 5540/116/1934 5542/116/1936
f 5542/116/1936 5543/119/1937 5539/116/1933
f 5545/118/1939 5544/117/1938 5541/116/1935
f 5541/116/1935 5538/116/1916 5545/118/1939
f 5548/108/1920 5547/116/1921 5546/116/1940
f 5546/116/1940 5549/108/1919 5548/108/1920
f 5550/108/1918 5548/108/1920 5549/108/1919
f 5549/108/1919 5551/108/1915 5550/108/1918
f 5553/121/1924 5548/108/1920 5552/120/1923
f 5552/120/1923 5555/120/1926 5553/121/1924
f 5539/116/1933 5550/108/1918 5551/108/1915
f 5551/108/1915 5538/116/1916 5539/116/1933
f 5550/108/1918 5539/116/1933 5543/119/1937
f 5543/119/1937 5552/120/1923 5550/108/1918
f 5552/120/1923 5543/119/1937 5554/119/1941
f 5554/119/1941 5555/120/1926 5552/120/1923
f 5538/116/1916 5551/108/1915 5556/121/1942
f 5556/121/1942 5545/118/1939 5538/116/1916
f 5545/118/1939 5556/121/1942 5557/121/1926
f 5557/121/1926 5558/118/1932 5545/118/1939
f 5561/108/1894 5560/116/1868 5559/116/1943
f 5559/116/1943 5562/108/1944 5561/108/1894
f 5563/110/1945 5561/108/1894 5562/108/1944
f 5562/108/1944 5564/110/1891 5563/110/1945
f 5565/116/2774 5563/110/1945 5564/110/1891
f 5564/110/1891 5566/116/1892 5565/116/2774
f 5561/108/1894 5563/110/1945 5567/124/1882
f 5567/124/1882 5568/123/1881 5561/108/1894
f 5560/116/1868 5561/108/1894 5568/123/1881
f 5568/123/1881 5569/125/1947 5560/116/1868
f 5568/123/1881 5567/124/1882 5570/124/1880
f 5570/124/1880 5571/123/1877 5568/123/1881
f 58/109/49 59/109/49 5572/108/49
f 5572/108/49 5573/108/49 58/109/49
f 61/108/49 62/108/49 64/109/49
f 64/109/49 63/109/49 61/108/49
f 63/109/49 64/109/49 66/109/49
f 66/109/49 65/109/49 63/109/49
f 65/109/49 66/109/49 1/108/49
f 1/108/49 3/108/49 65/109/49
f 2/108/49 4/108/49 68/109/49
f 68/109/49 67/109/49 2/108/49
f 5574/116/1931 5573/116/71 61/116/31
f 61/116/31 5575/116/1896 5574/116/1931
f 5576/133/81 5577/20/81 368/20/57
f 368/20/57 5578/130/57 5576/133/81
f 5576/133/81 5578/130/57 5579/130/57
f 5579/130/57 5580/133/81 5576/133/81
f 228/109/49 229/109/49 5581/108/49
f 5581/108/49 5582/108/49 228/109/49
f 231/108/49 232/108/49 234/109/49
f 234/109/49 233/109/49 231/108/49
f 233/109/49 234/109/49 236/109/49
f 236/109/49 235/109/49 233/109/49
f 235/109/49 236/109/49 238/108/49
f 238/108/49 237/108/49 235/109/49
f 239/108/49 240/108/49 242/109/49
f 242/109/49 241/109/49 239/108/49
f 5583/116/1904 3/116/33 2/116/54
f 2/116/54 5584/116/1874 5583/116/1904
f 5586/116/1874 5585/116/1948 237/116/163
f 237/116/163 239/116/200 5586/116/1874
f 240/116/194 238/111/192 5587/111/1949
f 5587/111/1949 5588/116/1879 240/116/194
f 5588/116/1879 5587/111/1949 5589/111/1950
f 5589/111/1950 5590/125/1951 5588/116/1879
f 5590/125/1951 5589/111/1950 5591/111/1952
f 5591/111/1952 5592/125/1953 5590/125/1951
f 5594/108/1955 5593/116/1954 231/116/165
f 231/116/165 233/108/164 5594/108/1955
f 5594/108/1955 233/108/164 235/108/161
f 235/108/161 5595/108/1956 5594/108/1955
f 5585/116/1948 5595/108/1956 235/108/161
f 235/108/161 237/116/163 5585/116/1948
f 5594/108/1955 5595/108/1956 5596/122/1957
f 5596/122/1957 5597/122/1958 5594/108/1955
f 5593/116/1954 5594/108/1955 5597/122/1958
f 5597/122/1958 5598/117/1959 5593/116/1954
f 228/108/74 5582/116/185 5599/116/1931
f 5599/116/1931 5600/108/1960 228/108/74
f 229/108/78 228/108/74 5600/108/1960
f 5600/108/1960 5601/108/1961 229/108/78
f 5581/116/184 229/108/78 5601/108/1961
f 5601/108/1961 5603/116/1962 5581/116/184
f 5556/121/1942 5602/120/1927 5601/108/1961
f 5601/108/1961 5557/121/1926 5556/121/1942
f 5603/116/1962 5601/108/1961 5602/120/1927
f 5602/120/1927 5604/119/1963 5603/116/1962
f 234/110/187 232/111/181 5605/111/1964
f 5605/111/1964 5606/110/1965 234/110/187
f 5606/110/1965 5605/111/1964 5402/111/1865
f 5402/111/1865 5401/110/1864 5606/110/1965
f 236/110/189 234/110/187 5606/110/1965
f 5606/110/1965 5607/110/1966 236/110/189
f 5607/110/1966 5606/110/1965 5401/110/1864
f 5401/110/1864 5400/110/1863 5607/110/1966
f 238/111/192 236/110/189 5607/110/1966
f 5607/110/1966 5587/111/1949 238/111/192
f 5587/111/1949 5607/110/1966 5400/110/1863
f 5400/110/1863 5589/111/1950 5587/111/1949
f 5608/108/1967 5586/116/1874 239/116/200
f 239/116/200 241/108/85 5608/108/1967
f 5609/110/1878 5608/108/1967 241/108/85
f 241/108/85 242/110/87 5609/110/1878
f 5588/116/1879 5609/110/1878 242/110/87
f 242/110/87 240/116/194 5588/116/1879
f 5609/110/1878 5588/116/1879 5590/125/1951
f 5590/125/1951 5610/126/1880 5609/110/1878
f 5608/108/1967 5609/110/1878 5610/126/1880
f 5610/126/1880 5611/127/1877 5608/108/1967
f 5610/126/1880 5590/125/1951 5592/125/1953
f 5592/125/1953 5612/126/1882 5610/126/1880
f 232/111/181 5581/116/184 5603/116/1962
f 5603/116/1962 5605/111/1964 232/111/181
f 5605/111/1964 5603/116/1962 5604/119/1963
f 5604/119/1963 5402/111/1865 5605/111/1964
f 5402/111/1865 5604/119/1963 5613/125/1968
f 5613/125/1968 5398/111/1861 5402/111/1865
f 5614/5/7 5615/5/6 5407/134/6
f 5407/134/6 5616/114/7 5614/5/7
f 5616/114/7 5407/134/6 5406/134/6
f 5406/134/6 5617/114/7 5616/114/7
f 5618/111/1886 62/111/63 5572/116/65
f 5572/116/65 5619/116/1962 5618/111/1886
f 5618/111/1886 5619/116/1962 5620/125/1970
f 5620/125/1970 5621/111/1971 5618/111/1886
f 5621/111/1971 5620/125/1970 5622/125/1972
f 5622/125/1972 5623/111/1973 5621/111/1971
f 3/116/33 5583/116/1904 5624/108/2775
f 5624/108/2775 65/108/32 3/116/33
f 63/108/29 65/108/32 5624/108/2775
f 5624/108/2775 5625/108/1897 63/108/29
f 5575/116/1896 61/116/31 63/108/29
f 63/108/29 5625/108/1897 5575/116/1896
f 5584/116/1874 2/116/54 67/108/85
f 67/108/85 5626/108/1875 5584/116/1874
f 5626/108/1875 67/108/85 68/108/87
f 68/108/87 5627/108/1878 5626/108/1875
f 5627/108/1878 68/108/87 4/116/51
f 4/116/51 5628/116/1879 5627/108/1878
f 5627/108/1878 5628/116/1879 5629/119/1974
f 5629/119/1974 5630/120/1880 5627/108/1878
f 5626/108/1875 5627/108/1878 5630/120/1880
f 5630/120/1880 5499/121/1877 5626/108/1875
f 5631/111/1883 1/111/50 66/110/58
f 66/110/58 5632/110/1975 5631/111/1883
f 5632/110/1975 66/110/58 64/110/60
f 64/110/60 5633/110/1885 5632/110/1975
f 5632/110/1975 5633/110/1885 5634/110/1887
f 5634/110/1887 5635/110/1976 5632/110/1975
f 5631/111/1883 5632/110/1975 5635/110/1976
f 5635/110/1976 5636/111/1977 5631/111/1883
f 5633/110/1885 64/110/60 62/111/63
f 62/111/63 5618/111/1886 5633/110/1885
f 5633/110/1885 5618/111/1886 5621/111/1971
f 5621/111/1971 5634/110/1887 5633/110/1885
f 5573/116/71 5574/116/1931 5637/108/1978
f 5637/108/1978 58/108/74 5573/116/71
f 58/108/74 5637/108/1978 5638/110/1961
f 5638/110/1961 59/110/78 58/108/74
f 5640/126/1927 5638/110/1961 5639/127/1926
f 5639/127/1926 5718/127/1942 5640/126/1927
f 59/110/78 5638/110/1961 5619/116/1962
f 5619/116/1962 5572/116/65 59/110/78
f 5619/116/1962 5638/110/1961 5640/126/1927
f 5640/126/1927 5620/125/1970 5619/116/1962
f 5620/125/1970 5640/126/1927 5641/126/1979
f 5641/126/1979 5622/125/1972 5620/125/1970
f 5628/116/1879 4/116/51 1/111/50
f 1/111/50 5631/111/1883 5628/116/1879
f 5628/116/1879 5631/111/1883 5636/111/1977
f 5636/111/1977 5629/119/1974 5628/116/1879
f 5629/119/1974 5636/111/1977 5642/111/1980
f 5642/111/1980 5643/125/1981 5629/119/1974
f 22/5/56 23/5/57 5579/114/57
f 5579/114/57 5644/114/56 22/5/56
f 5644/114/56 5579/114/57 5578/114/57
f 5578/114/57 5645/114/56 5644/114/56
f 5478/116/1879 5482/111/1883 5460/111/50
f 5460/111/50 5462/116/51 5478/116/1879
f 5453/116/31 5449/116/71 5536/116/1931
f 5536/116/1931 5500/116/1896 5453/116/31
f 5500/116/1896 5536/116/1931 5537/125/1932
f 5537/125/1932 5502/116/1898 5500/116/1896
f 5502/116/1898 5537/125/1932 5530/125/1925
f 5530/125/1925 5505/116/1901 5502/116/1898
f 5646/116/1954 5374/116/165 5370/116/185
f 5370/116/185 5647/116/1931 5646/116/1954
f 5646/116/1954 5647/116/1931 5554/119/1941
f 5554/119/1941 5648/116/1982 5646/116/1954
f 5648/116/1982 5554/119/1941 5543/119/1937
f 5543/119/1937 5542/116/1936 5648/116/1982
f 5485/111/1886 5533/116/1928 5452/116/65
f 5452/116/65 5454/111/63 5485/111/1886
f 5381/111/192 5650/111/1949 5649/110/1966
f 5649/110/1966 5379/110/189 5381/111/192
f 5379/110/189 5649/110/1966 5651/110/1965
f 5651/110/1965 5377/110/187 5379/110/189
f 5651/110/1965 5649/110/1966 5395/113/1858
f 5395/113/1858 5394/113/1857 5651/110/1965
f 5652/111/1964 5651/110/1965 5394/113/1857
f 5394/113/1857 5653/112/1983 5652/111/1964
f 5653/112/1983 5394/113/1857 5392/113/1855
f 5392/113/1855 5391/112/1854 5653/112/1983
f 5652/111/1964 5375/111/181 5377/110/187
f 5377/110/187 5651/110/1965 5652/111/1964
f 5654/116/1879 5383/116/194 5385/110/87
f 5385/110/87 5655/110/1984 5654/116/1879
f 5655/110/1984 5385/110/87 5384/108/85
f 5384/108/85 5656/108/1875 5655/110/1984
f 5656/108/1875 5384/108/85 5382/116/200
f 5382/116/200 5657/116/1874 5656/108/1875
f 5656/108/1875 5657/116/1874 5658/125/1895
f 5658/125/1895 5571/123/1877 5656/108/1875
f 5655/110/1984 5656/108/1875 5571/123/1877
f 5571/123/1877 5570/124/1880 5655/110/1984
f 5571/123/1877 5658/125/1895 5569/125/1947
f 5569/125/1947 5568/123/1881 5571/123/1877
f 5593/116/1954 5599/116/1931 5582/116/185
f 5582/116/185 231/116/165 5593/116/1954
f 5373/116/184 5660/116/1962 5659/108/1985
f 5659/108/1985 5372/108/78 5373/116/184
f 5372/108/78 5659/108/1985 5661/108/1930
f 5661/108/1930 5371/108/74 5372/108/78
f 5371/108/74 5661/108/1930 5647/116/1931
f 5647/116/1931 5370/116/185 5371/108/74
f 5553/121/1924 5555/120/1926 5661/108/1930
f 5661/108/1930 5662/121/1927 5553/121/1924
f 5647/116/1931 5661/108/1930 5555/120/1926
f 5555/120/1926 5554/119/1941 5647/116/1931
f 5657/116/1874 5382/116/200 5380/116/163
f 5380/116/163 5663/116/1948 5657/116/1874
f 5657/116/1874 5663/116/1948 5664/116/1986
f 5664/116/1986 5658/125/1895 5657/116/1874
f 5658/125/1895 5664/116/1986 5665/116/1987
f 5665/116/1987 5569/125/1947 5658/125/1895
f 5667/108/1955 5666/108/1956 5378/108/161
f 5378/108/161 5376/108/164 5667/108/1955
f 5667/108/1955 5376/108/164 5374/116/165
f 5374/116/165 5646/116/1954 5667/108/1955
f 5667/108/1955 5646/116/1954 5648/116/1982
f 5648/116/1982 5668/108/1988 5667/108/1955
f 5666/108/1956 5667/108/1955 5668/108/1988
f 5668/108/1988 5669/108/1989 5666/108/1956
f 5663/116/1948 5380/116/163 5378/108/161
f 5378/108/161 5666/108/1956 5663/116/1948
f 5663/116/1948 5666/108/1956 5669/108/1989
f 5669/108/1989 5664/116/1986 5663/116/1948
f 5664/116/1986 5669/108/1989 5670/108/1912
f 5670/108/1912 5665/116/1987 5664/116/1986
f 5671/108/1990 5670/108/1912 5669/108/1989
f 5669/108/1989 5668/108/1988 5671/108/1990
f 5542/116/1936 5671/108/1990 5668/108/1988
f 5668/108/1988 5648/116/1982 5542/116/1936
f 5671/108/1990 5542/116/1936 5540/116/1934
f 5540/116/1934 5672/108/1991 5671/108/1990
f 5670/108/1912 5671/108/1990 5672/108/1991
f 5672/108/1991 5673/108/1910 5670/108/1912
f 5673/108/1910 5672/108/1991 5674/108/1992
f 5674/108/1992 5675/108/1993 5673/108/1910
f 5674/108/1992 5541/116/1935 5544/117/1938
f 5544/117/1938 5676/122/1902 5674/108/1992
f 5675/108/1993 5674/108/1992 5676/122/1902
f 5676/122/1902 5677/122/1994 5675/108/1993
f 5676/122/1902 5544/117/1938 5598/117/1959
f 5598/117/1959 5597/122/1958 5676/122/1902
f 5677/122/1994 5676/122/1902 5597/122/1958
f 5597/122/1958 5596/122/1957 5677/122/1994
f 5660/116/1962 5373/116/184 5375/111/181
f 5375/111/181 5652/111/1964 5660/116/1962
f 5650/111/1949 5381/111/192 5383/116/194
f 5383/116/194 5654/116/1879 5650/111/1949
f 5471/116/1872 5472/119/1873 5475/119/1876
f 5475/119/1876 5510/116/1906 5471/116/1872
f 5510/116/1906 5475/119/1876 5473/116/1874
f 5473/116/1874 5508/116/1904 5510/116/1906
f 5508/116/1904 5473/116/1874 5461/116/54
f 5461/116/54 5459/116/33 5508/116/1904
f 5507/108/1903 5510/116/1906 5508/116/1904
f 5508/116/1904 5503/108/1899 5507/108/1903
f 5504/108/1900 5507/108/1903 5503/108/1899
f 5503/108/1899 5501/108/1897 5504/108/1900
f 5490/113/1862 5489/112/1890 5678/111/1995
f 5678/111/1995 5679/110/1849 5490/113/1862
f 5679/110/1849 5678/111/1995 5680/111/1996
f 5680/111/1996 5681/110/1997 5679/110/1849
f 5681/110/1997 5680/111/1996 5642/111/1980
f 5642/111/1980 5684/110/1999 5681/110/1997
f 5682/110/1998 5679/110/1849 5681/110/1997
f 5681/110/1997 5683/110/1851 5682/110/1998
f 5683/110/1851 5681/110/1997 5684/110/1999
f 5684/110/1999 5685/110/1855 5683/110/1851
f 5684/110/1999 5642/111/1980 5636/111/1977
f 5636/111/1977 5635/110/1976 5684/110/1999
f 5685/110/1855 5684/110/1999 5635/110/1976
f 5635/110/1976 5634/110/1887 5685/110/1855
f 5686/113/2000 5490/113/1862 5679/110/1849
f 5679/110/1849 5682/110/1998 5686/113/2000
f 5490/113/1862 5686/113/2000 5486/113/1887
f 5486/113/1887 5487/113/1888 5490/113/1862
f 5687/111/2001 5682/110/1998 5683/110/1851
f 5683/110/1851 5688/111/2002 5687/111/2001
f 5682/110/1998 5687/111/2001 5689/112/2776
f 5689/112/2776 5686/113/2000 5682/110/1998
f 5688/111/2002 5683/110/1851 5685/110/1855
f 5685/110/1855 5623/111/1973 5688/111/2002
f 5686/113/2000 5689/112/2776 5690/112/2004
f 5690/112/2004 5486/113/1887 5686/113/2000
f 5623/111/1973 5685/110/1855 5634/110/1887
f 5634/110/1887 5621/111/1971 5623/111/1973
f 5489/112/1890 5691/118/2005 5492/116/1892
f 5492/116/1892 5678/111/1995 5489/112/1890
f 5678/111/1995 5492/116/1892 5493/116/2773
f 5493/116/2773 5680/111/1996 5678/111/1995
f 5680/111/1996 5493/116/2773 5643/125/1981
f 5643/125/1981 5642/111/1980 5680/111/1996
f 5691/118/2005 5489/112/1890 5488/112/1889
f 5488/112/1889 5692/118/1951 5691/118/2005
f 5692/118/1951 5488/112/1889 5482/111/1883
f 5482/111/1883 5478/116/1879 5692/118/1951
f 5691/118/2005 5481/121/1882 5494/108/1891
f 5494/108/1891 5492/116/1892 5691/118/2005
f 5481/121/1882 5691/118/2005 5692/118/1951
f 5692/118/1951 5479/121/1880 5481/121/1882
f 5479/121/1880 5692/118/1951 5478/116/1879
f 5478/116/1879 5477/108/1878 5479/121/1880
f 5506/108/1902 5505/116/1901 5693/116/2006
f 5693/116/2006 5511/108/1907 5506/108/1902
f 5513/108/1909 5694/116/2007 5695/117/2008
f 5695/117/2008 5515/122/1911 5513/108/1909
f 5515/122/1911 5695/117/2008 5696/117/2009
f 5696/117/2009 5517/122/1900 5515/122/1911
f 5505/116/1901 5530/125/1925 5521/116/1916
f 5521/116/1916 5693/116/2006 5505/116/1901
f 5693/116/2006 5521/116/1916 5522/116/1917
f 5522/116/1917 5694/116/2007 5693/116/2006
f 5694/116/2007 5522/116/1917 5697/118/1939
f 5697/118/1939 5695/117/2008 5694/116/2007
f 5527/116/1922 5525/110/1920 5529/124/1924
f 5529/124/1924 5698/118/2010 5527/116/1922
f 5698/118/2010 5529/124/1924 5532/124/1927
f 5532/124/1927 5699/118/2011 5698/118/2010
f 5534/110/1929 5533/116/1928 5699/118/2011
f 5699/118/2011 5532/124/1927 5534/110/1929
f 5698/118/2010 5689/112/2776 5687/111/2001
f 5687/111/2001 5527/116/1922 5698/118/2010
f 5527/116/1922 5687/111/2001 5688/111/2002
f 5688/111/2002 5526/116/1921 5527/116/1922
f 5526/116/1921 5688/111/2002 5623/111/1973
f 5623/111/1973 5622/125/1972 5526/116/1921
f 5689/112/2776 5698/118/2010 5699/118/2011
f 5699/118/2011 5690/112/2004 5689/112/2776
f 5690/112/2004 5699/118/2011 5533/116/1928
f 5533/116/1928 5485/111/1886 5690/112/2004
f 5485/111/1886 5484/110/1885 5486/113/1887
f 5486/113/1887 5690/112/2004 5485/111/1886
f 5700/118/2010 5391/112/1854 5390/111/1853
f 5390/111/1853 5547/116/1921 5700/118/2010
f 5547/116/1921 5390/111/1853 5396/111/1859
f 5396/111/1859 5546/116/1940 5547/116/1921
f 5546/116/1940 5396/111/1859 5398/111/1861
f 5398/111/1861 5613/125/1968 5546/116/1940
f 5391/112/1854 5700/118/2010 5701/118/1970
f 5701/118/1970 5653/112/1983 5391/112/1854
f 5653/112/1983 5701/118/1970 5660/116/1962
f 5660/116/1962 5652/111/1964 5653/112/1983
f 5553/121/1924 5700/118/2010 5547/116/1921
f 5547/116/1921 5548/108/1920 5553/121/1924
f 5700/118/2010 5553/121/1924 5662/121/1927
f 5662/121/1927 5701/118/1970 5700/118/2010
f 5701/118/1970 5662/121/1927 5659/108/1985
f 5659/108/1985 5660/116/1962 5701/118/1970
f 5665/116/1987 5670/108/1912 5673/108/1910
f 5673/108/1910 5702/116/2012 5665/116/1987
f 5702/116/2012 5673/108/1910 5675/108/1993
f 5675/108/1993 5703/116/2013 5702/116/2012
f 5703/116/2013 5675/108/1993 5677/122/1994
f 5677/122/1994 5704/117/2777 5703/116/2013
f 5704/117/2777 5677/122/1994 5596/122/1957
f 5596/122/1957 5705/117/2015 5704/117/2777
f 5569/125/1947 5665/116/1987 5702/116/2012
f 5702/116/2012 5560/116/1868 5569/125/1947
f 5560/116/1868 5702/116/2012 5703/116/2013
f 5703/116/2013 5559/116/1943 5560/116/1868
f 5559/116/1943 5703/116/2013 5704/117/2777
f 5704/117/2777 5706/118/1871 5559/116/1943
f 5563/110/1945 5565/116/2774 5707/118/2005
f 5707/118/2005 5567/124/1882 5563/110/1945
f 5567/124/1882 5707/118/2005 5708/118/2016
f 5708/118/2016 5570/124/1880 5567/124/1882
f 5654/116/1879 5655/110/1984 5570/124/1880
f 5570/124/1880 5708/118/2016 5654/116/1879
f 5709/112/2778 5707/118/2005 5565/116/2774
f 5565/116/2774 5710/111/2018 5709/112/2778
f 5710/111/2018 5565/116/2774 5566/116/1892
f 5566/116/1892 5711/111/2019 5710/111/2018
f 5711/111/2019 5566/116/1892 5592/125/1953
f 5592/125/1953 5591/111/1952 5711/111/2019
f 5707/118/2005 5709/112/2778 5712/112/2020
f 5712/112/2020 5708/118/2016 5707/118/2005
f 5708/118/2016 5712/112/2020 5650/111/1949
f 5650/111/1949 5654/116/1879 5708/118/2016
f 5395/113/1858 5712/112/2020 5709/112/2778
f 5709/112/2778 5393/113/1856 5395/113/1858
f 5393/113/1856 5709/112/2778 5710/111/2018
f 5710/111/2018 5387/110/1850 5393/113/1856
f 5387/110/1850 5710/111/2018 5711/111/2019
f 5711/111/2019 5386/110/1849 5387/110/1850
f 5386/110/1849 5711/111/2019 5591/111/1952
f 5591/111/1952 5399/110/1862 5386/110/1849
f 5399/110/1862 5591/111/1952 5589/111/1950
f 5589/111/1950 5400/110/1863 5399/110/1862
f 5649/110/1966 5650/111/1949 5712/112/2020
f 5712/112/2020 5395/113/1858 5649/110/1966
f 5564/110/1891 5562/108/1944 5713/127/1881
f 5713/127/1881 5612/126/1882 5564/110/1891
f 5566/116/1892 5564/110/1891 5612/126/1882
f 5612/126/1882 5592/125/1953 5566/116/1892
f 5713/127/1881 5706/118/1871 5714/118/2021
f 5714/118/2021 5611/127/1877 5713/127/1881
f 5611/127/1877 5610/126/1880 5612/126/1882
f 5612/126/1882 5713/127/1881 5611/127/1877
f 5611/127/1877 5714/118/2021 5586/116/1874
f 5586/116/1874 5608/108/1967 5611/127/1877
f 5600/108/1960 5599/116/1931 5558/118/1932
f 5558/118/1932 5557/121/1926 5600/108/1960
f 5544/117/1938 5545/118/1939 5558/118/1932
f 5558/118/1932 5598/117/1959 5544/117/1938
f 5598/117/1959 5558/118/1932 5599/116/1931
f 5599/116/1931 5593/116/1954 5598/117/1959
f 5549/108/1919 5546/116/1940 5613/125/1968
f 5613/125/1968 5715/120/1979 5549/108/1919
f 5715/120/1979 5613/125/1968 5604/119/1963
f 5604/119/1963 5602/120/1927 5715/120/1979
f 5556/121/1942 5551/108/1915 5715/120/1979
f 5715/120/1979 5602/120/1927 5556/121/1942
f 5595/108/1956 5585/116/1948 5705/117/2015
f 5705/117/2015 5596/122/1957 5595/108/1956
f 5706/118/1871 5704/117/2777 5705/117/2015
f 5705/117/2015 5714/118/2021 5706/118/1871
f 5714/118/2021 5705/117/2015 5585/116/1948
f 5585/116/1948 5586/116/1874 5714/118/2021
f 5706/118/1871 5713/127/1881 5562/108/1944
f 5562/108/1944 5559/116/1943 5706/118/1871
f 5584/116/1874 5626/108/1875 5499/121/1877
f 5499/121/1877 5498/118/1895 5584/116/1874
f 5470/118/1871 5469/117/1870 5519/117/1914
f 5519/117/1914 5498/118/1895 5470/118/1871
f 5498/118/1895 5519/117/1914 5583/116/1904
f 5583/116/1904 5584/116/1874 5498/118/1895
f 5624/108/2775 5583/116/1904 5519/117/1914
f 5519/117/1914 5518/122/1913 5624/108/2775
f 5625/108/1897 5624/108/2775 5518/122/1913
f 5518/122/1913 5517/122/1900 5625/108/1897
f 5630/120/1880 5629/119/1974 5643/125/1981
f 5643/125/1981 5716/120/1882 5630/120/1880
f 5716/120/1882 5643/125/1981 5493/116/2773
f 5493/116/2773 5491/108/1891 5716/120/1882
f 5499/121/1877 5630/120/1880 5716/120/1882
f 5716/120/1882 5497/121/1881 5499/121/1877
f 5497/121/1881 5716/120/1882 5491/108/1891
f 5491/108/1891 5495/108/1894 5497/121/1881
f 5575/116/1896 5625/108/1897 5517/122/1900
f 5517/122/1900 5696/117/2009 5575/116/1896
f 5695/117/2008 5697/118/1939 5717/118/2022
f 5717/118/2022 5696/117/2009 5695/117/2008
f 5696/117/2009 5717/118/2022 5574/116/1931
f 5574/116/1931 5575/116/1896 5696/117/2009
f 5718/127/1942 5697/118/1939 5522/116/1917
f 5522/116/1917 5520/108/1915 5718/127/1942
f 5637/108/1978 5574/116/1931 5717/118/2022
f 5717/118/2022 5639/127/1926 5637/108/1978
f 5639/127/1926 5717/118/2022 5697/118/1939
f 5697/118/1939 5718/127/1942 5639/127/1926
f 5641/126/1979 5640/126/1927 5718/127/1942
f 5718/127/1942 5520/108/1915 5641/126/1979
f 5622/125/1972 5641/126/1979 5524/110/1919
f 5524/110/1919 5526/116/1921 5622/125/1972
f 5408/134/2023 5720/3/2023 5719/3/2028
f 5719/3/2028 5721/134/2028 5408/134/2023
f 5721/134/2028 5719/3/2028 5722/3/2029
f 5722/3/2029 5727/134/2029 5721/134/2028
f 5408/134/2023 5721/134/2028 5723/134/2028
f 5723/134/2028 5403/134/2023 5408/134/2023
f 5405/3/2023 5403/134/2023 5723/134/2028
f 5723/134/2028 5724/3/2028 5405/3/2023
f 5724/3/2028 5723/134/2028 5725/134/2029
f 5725/134/2029 5726/3/2029 5724/3/2028
f 5725/134/2029 5723/134/2028 5721/134/2028
f 5721/134/2028 5727/134/2029 5725/134/2029
f 5727/134/2029 5722/3/2029 5728/3/2030
f 5728/3/2030 5731/134/2030 5727/134/2029
f 5726/3/2029 5725/134/2029 5729/134/2030
f 5729/134/2030 5730/3/2030 5726/3/2029
f 5729/134/2030 5725/134/2029 5727/134/2029
f 5727/134/2029 5731/134/2030 5729/134/2030
f 5731/134/2030 5728/3/2030 5732/3/2031
f 5732/3/2031 5736/134/2031 5731/134/2030
f 5730/3/2030 5729/134/2030 5733/134/2031
f 5733/134/2031 5734/3/2031 5730/3/2030
f 5733/134/2031 5729/134/2030 5731/134/2030
f 5731/134/2030 5736/134/2031 5733/134/2031
f 5735/3/2031 5734/3/2031 5733/134/2031
f 5733/134/2031 5737/134/2031 5735/3/2031
f 5737/134/2031 5733/134/2031 5736/134/2031
f 5736/134/2031 5738/134/2031 5737/134/2031
f 5738/134/2031 5736/134/2031 5732/3/2031
f 5732/3/2031 5739/3/2031 5738/134/2031
f 5738/134/2031 5739/3/2031 5740/3/2030
f 5740/3/2030 5743/134/2030 5738/134/2031
f 5735/3/2031 5737/134/2031 5741/134/2030
f 5741/134/2030 5742/3/2030 5735/3/2031
f 5741/134/2030 5737/134/2031 5738/134/2031
f 5738/134/2031 5743/134/2030 5741/134/2030
f 5743/134/2030 5740/3/2030 5744/3/2029
f 5744/3/2029 5747/134/2029 5743/134/2030
f 5742/3/2030 5741/134/2030 5745/134/2029
f 5745/134/2029 5746/3/2029 5742/3/2030
f 5745/134/2029 5741/134/2030 5743/134/2030
f 5743/134/2030 5747/134/2029 5745/134/2029
f 5747/134/2029 5744/3/2029 5748/3/2028
f 5748/3/2028 5751/134/2028 5747/134/2029
f 5746/3/2029 5745/134/2029 5749/134/2028
f 5749/134/2028 5750/3/2028 5746/3/2029
f 5749/134/2028 5745/134/2029 5747/134/2029
f 5747/134/2029 5751/134/2028 5749/134/2028
f 5751/134/2028 5748/3/2028 5577/3/81
f 5577/3/81 5576/134/81 5751/134/2028
f 5751/134/2028 5576/134/81 5580/134/81
f 5580/134/81 5749/134/2028 5751/134/2028
f 5750/3/2028 5749/134/2028 5580/134/81
f 5580/134/81 5752/3/81 5750/3/2028
f 5645/130/56 120/20/56 5448/20/5
f 5448/20/5 5447/130/5 5645/130/56
f 5645/130/56 5447/130/5 5446/130/5
f 5446/130/5 5644/130/56 5645/130/56
f 5617/130/7 5753/20/7 5411/20/1969
f 5411/20/1969 5409/130/1969 5617/130/7
f 5617/130/7 5409/130/1969 5415/130/1969
f 5415/130/1969 5616/130/7 5617/130/7
f 22/20/56 5644/130/56 5446/130/5
f 5446/130/5 5445/20/5 22/20/56
f 368/5/57 120/5/56 5645/114/56
f 5645/114/56 5578/114/57 368/5/57
f 5579/130/57 23/20/57 5752/20/81
f 5752/20/81 5580/133/81 5579/130/57
f 5614/20/7 5616/130/7 5415/130/1969
f 5415/130/1969 5416/20/1969 5614/20/7
f 5404/5/6 5753/5/7 5617/114/7
f 5617/114/7 5406/134/6 5404/5/6
f 5407/132/6 5615/20/6 5720/20/2023
f 5720/20/2023 5408/133/2023 5407/132/6
f 5372/109/1 5371/109/1 5370/108/1
f 5370/108/1 5373/108/1 5372/109/1
f 5375/108/1 5374/108/1 5376/109/1
f 5376/109/1 5377/109/1 5375/108/1
f 5377/109/1 5376/109/1 5378/109/1
f 5378/109/1 5379/109/1 5377/109/1
f 5379/109/1 5378/109/1 5380/108/1
f 5380/108/1 5381/108/1 5379/109/1
f 5383/108/1 5382/108/1 5384/109/1
f 5384/109/1 5385/109/1 5383/108/1
f 5388/110/1851 5387/110/1850 5386/110/1849
f 5386/110/1849 5389/110/1852 5388/110/1851
f 5390/111/1853 5388/110/1851 5389/110/1852
f 5389/110/1852 5396/111/1859 5390/111/1853
f 5388/110/1851 5390/111/1853 5391/112/1854
f 5391/112/1854 5392/113/1855 5388/110/1851
f 5387/110/1850 5388/110/1851 5392/113/1855
f 5392/113/1855 5393/113/1856 5387/110/1850
f 5393/113/1856 5392/113/1855 5394/113/1857
f 5394/113/1857 5395/113/1858 5393/113/1856
f 5396/111/1859 5389/110/1852 5397/110/1860
f 5397/110/1860 5398/111/1861 5396/111/1859
f 5399/110/1862 5397/110/1860 5389/110/1852
f 5389/110/1852 5386/110/1849 5399/110/1862
f 5397/110/1860 5399/110/1862 5400/110/1863
f 5400/110/1863 5401/110/1864 5397/110/1860
f 5398/111/1861 5397/110/1860 5401/110/1864
f 5401/110/1864 5402/111/1865 5398/111/1861
f 5403/133/2023 5405/20/2023 5404/20/6
f 5404/20/6 5406/132/6 5403/133/2023
f 5403/133/2023 5406/132/6 5407/132/6
f 5407/132/6 5408/133/2023 5403/133/2023
f 5409/114/1969 5411/5/1969 5410/5/2024
f 5410/5/2024 5412/114/2024 5409/114/1969
f 5412/114/2024 5410/5/2024 5413/5/2025
f 5413/5/2025 5420/114/2025 5412/114/2024
f 5409/114/1969 5412/114/2024 5414/114/2024
f 5414/114/2024 5415/114/1969 5409/114/1969
f 5416/5/1969 5415/114/1969 5414/114/2024
f 5414/114/2024 5417/5/2024 5416/5/1969
f 5417/5/2024 5414/114/2024 5418/114/2025
f 5418/114/2025 5419/5/2025 5417/5/2024
f 5418/114/2025 5414/114/2024 5412/114/2024
f 5412/114/2024 5420/114/2025 5418/114/2025
f 5420/114/2025 5413/5/2025 5421/5/2026
f 5421/5/2026 5424/114/2026 5420/114/2025
f 5419/5/2025 5418/114/2025 5422/114/2026
f 5422/114/2026 5423/5/2026 5419/5/2025
f 5422/114/2026 5418/114/2025 5420/114/2025
f 5420/114/2025 5424/114/2026 5422/114/2026
f 5424/114/2026 5421/5/2026 5425/5/2027
f 5425/5/2027 5429/114/2027 5424/114/2026
f 5423/5/2026 5422/114/2026 5426/114/2027
f 5426/114/2027 5427/5/2027 5423/5/2026
f 5426/114/2027 5422/114/2026 5424/114/2026
f 5424/114/2026 5429/114/2027 5426/114/2027
f 5428/5/2027 5427/5/2027 5426/114/2027
f 5426/114/2027 5430/114/2027 5428/5/2027
f 5430/114/2027 5426/114/2027 5429/114/2027
f 5429/114/2027 5431/114/2027 5430/114/2027
f 5431/114/2027 5429/114/2027 5425/5/2027
f 5425/5/2027 5432/5/2027 5431/114/2027
f 5431/114/2027 5432/5/2027 5433/5/2026
f 5433/5/2026 5436/114/2026 5431/114/2027
f 5428/5/2027 5430/114/2027 5434/114/2026
f 5434/114/2026 5435/5/2026 5428/5/2027
f 5434/114/2026 5430/114/2027 5431/114/2027
f 5431/114/2027 5436/114/2026 5434/114/2026
f 5436/114/2026 5433/5/2026 5437/5/2025
f 5437/5/2025 5440/114/2025 5436/114/2026
f 5435/5/2026 5434/114/2026 5438/114/2025
f 5438/114/2025 5439/5/2025 5435/5/2026
f 5438/114/2025 5434/114/2026 5436/114/2026
f 5436/114/2026 5440/114/2025 5438/114/2025
f 5440/114/2025 5437/5/2025 5441/5/2024
f 5441/5/2024 5444/114/2024 5440/114/2025
f 5439/5/2025 5438/114/2025 5442/114/2024
f 5442/114/2024 5443/5/2024 5439/5/2025
f 5442/114/2024 5438/114/2025 5440/114/2025
f 5440/114/2025 5444/114/2024 5442/114/2024
f 5444/114/2024 5441/5/2024 5445/5/5
f 5445/5/5 5446/114/5 5444/114/2024
f 5444/114/2024 5446/114/5 5447/114/5
f 5447/114/5 5442/114/2024 5444/114/2024
f 5443/5/2024 5442/114/2024 5447/114/5
f 5447/114/5 5448/5/5 5443/5/2024
f 5451/109/1 5450/109/1 5449/108/1
f 5449/108/1 5452/108/1 5451/109/1
f 5454/108/1 5453/108/1 5455/109/1
f 5455/109/1 5456/109/1 5454/108/1
f 5456/109/1 5455/109/1 5457/109/1
f 5457/109/1 5458/109/1 5456/109/1
f 5458/109/1 5457/109/1 5459/108/1
f 5459/108/1 5460/108/1 5458/109/1
f 5462/108/1 5461/108/1 5463/109/1
f 5463/109/1 5464/109/1 5462/108/1
f 5465/116/1866 5467/116/1868 5466/116/1867
f 5466/116/1867 5468/116/1869 5465/116/1866
f 5467/116/1868 5465/116/1866 5469/117/1870
f 5469/117/1870 5470/118/1871 5467/116/1868
f 5472/119/1873 5471/116/1872 5468/116/1869
f 5468/116/1869 5466/116/1867 5472/119/1873
f 5463/108/85 5461/116/54 5473/116/1874
f 5473/116/1874 5474/108/1875 5463/108/85
f 5474/108/1875 5473/116/1874 5475/119/1876
f 5475/119/1876 5476/120/1877 5474/108/1875
f 5464/108/87 5463/108/85 5474/108/1875
f 5474/108/1875 5477/108/1878 5464/108/87
f 5477/108/1878 5474/108/1875 5476/120/1877
f 5476/120/1877 5479/121/1880 5477/108/1878
f 5462/116/51 5464/108/87 5477/108/1878
f 5477/108/1878 5478/116/1879 5462/116/51
f 5479/121/1880 5476/120/1877 5480/120/1881
f 5480/120/1881 5481/121/1882 5479/121/1880
f 5458/110/58 5460/111/50 5482/111/1883
f 5482/111/1883 5483/110/1884 5458/110/58
f 5456/110/60 5458/110/58 5483/110/1884
f 5483/110/1884 5484/110/1885 5456/110/60
f 5454/111/63 5456/110/60 5484/110/1885
f 5484/110/1885 5485/111/1886 5454/111/63
f 5487/113/1888 5486/113/1887 5484/110/1885
f 5484/110/1885 5483/110/1884 5487/113/1888
f 5488/112/1889 5487/113/1888 5483/110/1884
f 5483/110/1884 5482/111/1883 5488/112/1889
f 5487/113/1888 5488/112/1889 5489/112/1890
f 5489/112/1890 5490/113/1862 5487/113/1888
f 5491/108/1891 5493/116/2773 5492/116/1892
f 5492/116/1892 5494/108/1891 5491/108/1891
f 5495/108/1894 5491/108/1891 5494/108/1891
f 5494/108/1891 5496/108/1894 5495/108/1894
f 5496/108/1894 5494/108/1891 5481/121/1882
f 5481/121/1882 5480/120/1881 5496/108/1894
f 5467/116/1868 5495/108/1894 5496/108/1894
f 5496/108/1894 5466/116/1867 5467/116/1868
f 5466/116/1867 5496/108/1894 5480/120/1881
f 5480/120/1881 5472/119/1873 5466/116/1867
f 5495/108/1894 5467/116/1868 5470/118/1871
f 5470/118/1871 5497/121/1881 5495/108/1894
f 5472/119/1873 5480/120/1881 5476/120/1877
f 5476/120/1877 5475/119/1876 5472/119/1873
f 5497/121/1881 5470/118/1871 5498/118/1895
f 5498/118/1895 5499/121/1877 5497/121/1881
f 5455/108/29 5453/116/31 5500/116/1896
f 5500/116/1896 5501/108/1897 5455/108/29
f 5501/108/1897 5500/116/1896 5502/116/1898
f 5502/116/1898 5504/108/1900 5501/108/1897
f 5455/108/29 5501/108/1897 5503/108/1899
f 5503/108/1899 5457/108/32 5455/108/29
f 5504/108/1900 5502/116/1898 5505/116/1901
f 5505/116/1901 5506/108/1902 5504/108/1900
f 5459/116/33 5457/108/32 5503/108/1899
f 5503/108/1899 5508/116/1904 5459/116/33
f 5507/108/1903 5504/108/1900 5506/108/1902
f 5506/108/1902 5509/108/1905 5507/108/1903
f 5510/116/1906 5507/108/1903 5509/108/1905
f 5509/108/1905 5471/116/1872 5510/116/1906
f 5509/108/1905 5506/108/1902 5511/108/1907
f 5511/108/1907 5512/108/1908 5509/108/1905
f 5471/116/1872 5509/108/1905 5512/108/1908
f 5512/108/1908 5468/116/1869 5471/116/1872
f 5512/108/1908 5511/108/1907 5513/108/1909
f 5513/108/1909 5514/108/1910 5512/108/1908
f 5468/116/1869 5512/108/1908 5514/108/1910
f 5514/108/1910 5465/116/1866 5468/116/1869
f 5514/108/1910 5513/108/1909 5515/122/1911
f 5515/122/1911 5516/122/1912 5514/108/1910
f 5465/116/1866 5514/108/1910 5516/122/1912
f 5516/122/1912 5469/117/1870 5465/116/1866
f 5516/122/1912 5515/122/1911 5517/122/1900
f 5517/122/1900 5518/122/1913 5516/122/1912
f 5469/117/1870 5516/122/1912 5518/122/1913
f 5518/122/1913 5519/117/1914 5469/117/1870
f 5520/108/1915 5522/116/1917 5521/116/1916
f 5521/116/1916 5523/108/1918 5520/108/1915
f 5524/110/1919 5520/108/1915 5523/108/1918
f 5523/108/1918 5525/110/1920 5524/110/1919
f 5526/116/1921 5524/110/1919 5525/110/1920
f 5525/110/1920 5527/116/1922 5526/116/1921
f 5531/123/1926 5529/124/1924 5525/110/1920
f 5525/110/1920 5528/123/1923 5531/123/1926
f 5530/125/1925 5528/123/1923 5523/108/1918
f 5523/108/1918 5521/116/1916 5530/125/1925
f 5535/108/1930 5532/124/1927 5529/124/1924
f 5529/124/1924 5531/123/1926 5535/108/1930
f 5451/110/78 5452/116/65 5533/116/1928
f 5533/116/1928 5534/110/1929 5451/110/78
f 5450/108/74 5451/110/78 5534/110/1929
f 5534/110/1929 5535/108/1930 5450/108/74
f 5449/116/71 5450/108/74 5535/108/1930
f 5535/108/1930 5536/116/1931 5449/116/71
f 5536/116/1931 5535/108/1930 5531/123/1926
f 5531/123/1926 5537/125/1932 5536/116/1931
f 5537/125/1932 5531/123/1926 5528/123/1923
f 5528/123/1923 5530/125/1925 5537/125/1932
f 5540/116/1934 5539/116/1933 5538/116/1916
f 5538/116/1916 5541/116/1935 5540/116/1934
f 5539/116/1933 5540/116/1934 5542/116/1936
f 5542/116/1936 5543/119/1937 5539/116/1933
f 5545/118/1939 5544/117/1938 5541/116/1935
f 5541/116/1935 5538/116/1916 5545/118/1939
f 5548/108/1920 5547/116/1921 5546/116/1940
f 5546/116/1940 5549/108/1919 5548/108/1920
f 5550/108/1918 5548/108/1920 5549/108/1919
f 5549/108/1919 5551/108/1915 5550/108/1918
f 5553/121/1924 5548/108/1920 5552/120/1923
f 5552/120/1923 5555/120/1926 5553/121/1924
f 5539/116/1933 5550/108/1918 5551/108/1915
f 5551/108/1915 5538/116/1916 5539/116/1933
f 5550/108/1918 5539/116/1933 5543/119/1937
f 5543/119/1937 5552/120/1923 5550/108/1918
f 5552/120/1923 5543/119/1937 5554/119/1941
f 5554/119/1941 5555/120/1926 5552/120/1923
f 5538/116/1916 5551/108/1915 5556/121/1942
f 5556/121/1942 5545/118/1939 5538/116/1916
f 5545/118/1939 5556/121/1942 5557/121/1926
f 5557/121/1926 5558/118/1932 5545/118/1939
f 5561/108/1894 5560/116/1868 5559/116/1943
f 5559/116/1943 5562/108/1944 5561/108/1894
f 5563/110/1945 5561/108/1894 5562/108/1944
f 5562/108/1944 5564/110/1891 5563/110/1945
f 5565/116/2774 5563/110/1945 5564/110/1891
f 5564/110/1891 5566/116/1892 5565/116/2774
f 5561/108/1894 5563/110/1945 5567/124/1882
f 5567/124/1882 5568/123/1881 5561/108/1894
f 5560/116/1868 5561/108/1894 5568/123/1881
f 5568/123/1881 5569/125/1947 5560/116/1868
f 5568/123/1881 5567/124/1882 5570/124/1880
f 5570/124/1880 5571/123/1877 5568/123/1881
f 58/109/49 59/109/49 5572/108/49
f 5572/108/49 5573/108/49 58/109/49
f 61/108/49 62/108/49 64/109/49
f 64/109/49 63/109/49 61/108/49
f 63/109/49 64/109/49 66/109/49
f 66/109/49 65/109/49 63/109/49
f 65/109/49 66/109/49 1/108/49
f 1/108/49 3/108/49 65/109/49
f 2/108/49 4/108/49 68/109/49
f 68/109/49 67/109/49 2/108/49
f 5574/116/1931 5573/116/71 61/116/31
f 61/116/31 5575/116/1896 5574/116/1931
f 5576/133/81 5577/20/81 368/20/57
f 368/20/57 5578/130/57 5576/133/81
f 5576/133/81 5578/130/57 5579/130/57
f 5579/130/57 5580/133/81 5576/133/81
f 228/109/49 229/109/49 5581/108/49
f 5581/108/49 5582/108/49 228/109/49
f 231/108/49 232/108/49 234/109/49
f 234/109/49 233/109/49 231/108/49
f 233/109/49 234/109/49 236/109/49
f 236/109/49 235/109/49 233/109/49
f 235/109/49 236/109/49 238/108/49
f 238/108/49 237/108/49 235/109/49
f 239/108/49 240/108/49 242/109/49
f 242/109/49 241/109/49 239/108/49
f 5583/116/1904 3/116/33 2/116/54
f 2/116/54 5584/116/1874 5583/116/1904
f 5586/116/1874 5585/116/1948 237/116/163
f 237/116/163 239/116/200 5586/116/1874
f 240/116/194 238/111/192 5587/111/1949
f 5587/111/1949 5588/116/1879 240/116/194
f 5588/116/1879 5587/111/1949 5589/111/1950
f 5589/111/1950 5590/125/1951 5588/116/1879
f 5590/125/1951 5589/111/1950 5591/111/1952
f 5591/111/1952 5592/125/1953 5590/125/1951
f 5594/108/1955 5593/116/1954 231/116/165
f 231/116/165 233/108/164 5594/108/1955
f 5594/108/1955 233/108/164 235/108/161
f 235/108/161 5595/108/1956 5594/108/1955
f 5585/116/1948 5595/108/1956 235/108/161
f 235/108/161 237/116/163 5585/116/1948
f 5594/108/1955 5595/108/1956 5596/122/1957
f 5596/122/1957 5597/122/1958 5594/108/1955
f 5593/116/1954 5594/108/1955 5597/122/1958
f 5597/122/1958 5598/117/1959 5593/116/1954
f 228/108/74 5582/116/185 5599/116/1931
f 5599/116/1931 5600/108/1960 228/108/74
f 229/108/78 228/108/74 5600/108/1960
f 5600/108/1960 5601/108/1961 229/108/78
f 5581/116/184 229/108/78 5601/108/1961
f 5601/108/1961 5603/116/1962 5581/116/184
f 5556/121/1942 5602/120/1927 5601/108/1961
f 5601/108/1961 5557/121/1926 5556/121/1942
f 5603/116/1962 5601/108/1961 5602/120/1927
f 5602/120/1927 5604/119/1963 5603/116/1962
f 234/110/187 232/111/181 5605/111/1964
f 5605/111/1964 5606/110/1965 234/110/187
f 5606/110/1965 5605/111/1964 5402/111/1865
f 5402/111/1865 5401/110/1864 5606/110/1965
f 236/110/189 234/110/187 5606/110/1965
f 5606/110/1965 5607/110/1966 236/110/189
f 5607/110/1966 5606/110/1965 5401/110/1864
f 5401/110/1864 5400/110/1863 5607/110/1966
f 238/111/192 236/110/189 5607/110/1966
f 5607/110/1966 5587/111/1949 238/111/192
f 5587/111/1949 5607/110/1966 5400/110/1863
f 5400/110/1863 5589/111/1950 5587/111/1949
f 5608/108/1967 5586/116/1874 239/116/200
f 239/116/200 241/108/85 5608/108/1967
f 5609/110/1878 5608/108/1967 241/108/85
f 241/108/85 242/110/87 5609/110/1878
f 5588/116/1879 5609/110/1878 242/110/87
f 242/110/87 240/116/194 5588/116/1879
f 5609/110/1878 5588/116/1879 5590/125/1951
f 5590/125/1951 5610/126/1880 5609/110/1878
f 5608/108/1967 5609/110/1878 5610/126/1880
f 5610/126/1880 5611/127/1877 5608/108/1967
f 5610/126/1880 5590/125/1951 5592/125/1953
f 5592/125/1953 5612/126/1882 5610/126/1880
f 232/111/181 5581/116/184 5603/116/1962
f 5603/116/1962 5605/111/1964 232/111/181
f 5605/111/1964 5603/116/1962 5604/119/1963
f 5604/119/1963 5402/111/1865 5605/111/1964
f 5402/111/1865 5604/119/1963 5613/125/1968
f 5613/125/1968 5398/111/1861 5402/111/1865
f 5614/5/7 5615/5/6 5407/134/6
f 5407/134/6 5616/114/7 5614/5/7
f 5616/114/7 5407/134/6 5406/134/6
f 5406/134/6 5617/114/7 5616/114/7
f 5618/111/1886 62/111/63 5572/116/65
f 5572/116/65 5619/116/1962 5618/111/1886
f 5618/111/1886 5619/116/1962 5620/125/1970
f 5620/125/1970 5621/111/1971 5618/111/1886
f 5621/111/1971 5620/125/1970 5622/125/1972
f 5622/125/1972 5623/111/1973 5621/111/1971
f 3/116/33 5583/116/1904 5624/108/2775
f 5624/108/2775 65/108/32 3/116/33
f 63/108/29 65/108/32 5624/108/2775
f 5624/108/2775 5625/108/1897 63/108/29
f 5575/116/1896 61/116/31 63/108/29
f 63/108/29 5625/108/1897 5575/116/1896
f 5584/116/1874 2/116/54 67/108/85
f 67/108/85 5626/108/1875 5584/116/1874
f 5626/108/1875 67/108/85 68/108/87
f 68/108/87 5627/108/1878 5626/108/1875
f 5627/108/1878 68/108/87 4/116/51
f 4/116/51 5628/116/1879 5627/108/1878
f 5627/108/1878 5628/116/1879 5629/119/1974
f 5629/119/1974 5630/120/1880 5627/108/1878
f 5626/108/1875 5627/108/1878 5630/120/1880
f 5630/120/1880 5499/121/1877 5626/108/1875
f 5631/111/1883 1/111/50 66/110/58
f 66/110/58 5632/110/1975 5631/111/1883
f 5632/110/1975 66/110/58 64/110/60
f 64/110/60 5633/110/1885 5632/110/1975
f 5632/110/1975 5633/110/1885 5634/110/1887
f 5634/110/1887 5635/110/1976 5632/110/1975
f 5631/111/1883 5632/110/1975 5635/110/1976
f 5635/110/1976 5636/111/1977 5631/111/1883
f 5633/110/1885 64/110/60 62/111/63
f 62/111/63 5618/111/1886 5633/110/1885
f 5633/110/1885 5618/111/1886 5621/111/1971
f 5621/111/1971 5634/110/1887 5633/110/1885
f 5573/116/71 5574/116/1931 5637/108/1978
f 5637/108/1978 58/108/74 5573/116/71
f 58/108/74 5637/108/1978 5638/110/1961
f 5638/110/1961 59/110/78 58/108/74
f 5640/126/1927 5638/110/1961 5639/127/1926
f 5639/127/1926 5718/127/1942 5640/126/1927
f 59/110/78 5638/110/1961 5619/116/1962
f 5619/116/1962 5572/116/65 59/110/78
f 5619/116/1962 5638/110/1961 5640/126/1927
f 5640/126/1927 5620/125/1970 5619/116/1962
f 5620/125/1970 5640/126/1927 5641/126/1979
f 5641/126/1979 5622/125/1972 5620/125/1970
f 5628/116/1879 4/116/51 1/111/50
f 1/111/50 5631/111/1883 5628/116/1879
f 5628/116/1879 5631/111/1883 5636/111/1977
f 5636/111/1977 5629/119/1974 5628/116/1879
f 5629/119/1974 5636/111/1977 5642/111/1980
f 5642/111/1980 5643/125/1981 5629/119/1974
f 22/5/56 23/5/57 5579/114/57
f 5579/114/57 5644/114/56 22/5/56
f 5644/114/56 5579/114/57 5578/114/57
f 5578/114/57 5645/114/56 5644/114/56
f 5478/116/1879 5482/111/1883 5460/111/50
f 5460/111/50 5462/116/51 5478/116/1879
f 5453/116/31 5449/116/71 5536/116/1931
f 5536/116/1931 5500/116/1896 5453/116/31
f 5500/116/1896 5536/116/1931 5537/125/1932
f 5537/125/1932 5502/116/1898 5500/116/1896
f 5502/116/1898 5537/125/1932 5530/125/1925
f 5530/125/1925 5505/116/1901 5502/116/1898
f 5646/116/1954 5374/116/165 5370/116/185
f 5370/116/185 5647/116/1931 5646/116/1954
f 5646/116/1954 5647/116/1931 5554/119/1941
f 5554/119/1941 5648/116/1982 5646/116/1954
f 5648/116/1982 5554/119/1941 5543/119/1937
f 5543/119/1937 5542/116/1936 5648/116/1982
f 5485/111/1886 5533/116/1928 5452/116/65
f 5452/116/65 5454/111/63 5485/111/1886
f 5381/111/192 5650/111/1949 5649/110/1966
f 5649/110/1966 5379/110/189 5381/111/192
f 5379/110/189 5649/110/1966 5651/110/1965
f 5651/110/1965 5377/110/187 5379/110/189
f 5651/110/1965 5649/110/1966 5395/113/1858
f 5395/113/1858 5394/113/1857 5651/110/1965
f 5652/111/1964 5651/110/1965 5394/113/1857
f 5394/113/1857 5653/112/1983 5652/111/1964
f 5653/112/1983 5394/113/1857 5392/113/1855
f 5392/113/1855 5391/112/1854 5653/112/1983
f 5652/111/1964 5375/111/181 5377/110/187
f 5377/110/187 5651/110/1965 5652/111/1964
f 5654/116/1879 5383/116/194 5385/110/87
f 5385/110/87 5655/110/1984 5654/116/1879
f 5655/110/1984 5385/110/87 5384/108/85
f 5384/108/85 5656/108/1875 5655/110/1984
f 5656/108/1875 5384/108/85 5382/116/200
f 5382/116/200 5657/116/1874 5656/108/1875
f 5656/108/1875 5657/116/1874 5658/125/1895
f 5658/125/1895 5571/123/1877 5656/108/1875
f 5655/110/1984 5656/108/1875 5571/123/1877
f 5571/123/1877 5570/124/1880 5655/110/1984
f 5571/123/1877 5658/125/1895 5569/125/1947
f 5569/125/1947 5568/123/1881 5571/123/1877
f 5593/116/1954 5599/116/1931 5582/116/185
f 5582/116/185 231/116/165 5593/116/1954
f 5373/116/184 5660/116/1962 5659/108/1985
f 5659/108/1985 5372/108/78 5373/116/184
f 5372/108/78 5659/108/1985 5661/108/1930
f 5661/108/1930 5371/108/74 5372/108/78
f 5371/108/74 5661/108/1930 5647/116/1931
f 5647/116/1931 5370/116/185 5371/108/74
f 5553/121/1924 5555/120/1926 5661/108/1930
f 5661/108/1930 5662/121/1927 5553/121/1924
f 5647/116/1931 5661/108/1930 5555/120/1926
f 5555/120/1926 5554/119/1941 5647/116/1931
f 5657/116/1874 5382/116/200 5380/116/163
f 5380/116/163 5663/116/1948 5657/116/1874
f 5657/116/1874 5663/116/1948 5664/116/1986
f 5664/116/1986 5658/125/1895 5657/116/1874
f 5658/125/1895 5664/116/1986 5665/116/1987
f 5665/116/1987 5569/125/1947 5658/125/1895
f 5667/108/1955 5666/108/1956 5378/108/161
f 5378/108/161 5376/108/164 5667/108/1955
f 5667/108/1955 5376/108/164 5374/116/165
f 5374/116/165 5646/116/1954 5667/108/1955
f 5667/108/1955 5646/116/1954 5648/116/1982
f 5648/116/1982 5668/108/1988 5667/108/1955
f 5666/108/1956 5667/108/1955 5668/108/1988
f 5668/108/1988 5669/108/1989 5666/108/1956
f 5663/116/1948 5380/116/163 5378/108/161
f 5378/108/161 5666/108/1956 5663/116/1948
f 5663/116/1948 5666/108/1956 5669/108/1989
f 5669/108/1989 5664/116/1986 5663/116/1948
f 5664/116/1986 5669/108/1989 5670/108/1912
f 5670/108/1912 5665/116/1987 5664/116/1986
f 5671/108/1990 5670/108/1912 5669/108/1989
f 5669/108/1989 5668/108/1988 5671/108/1990
f 5542/116/1936 5671/108/1990 5668/108/1988
f 5668/108/1988 5648/116/1982 5542/116/1936
f 5671/108/1990 5542/116/1936 5540/116/1934
f 5540/116/1934 5672/108/1991 5671/108/1990
f 5670/108/1912 5671/108/1990 5672/108/1991
f 5672/108/1991 5673/108/1910 5670/108/1912
f 5673/108/1910 5672/108/1991 5674/108/1992
f 5674/108/1992 5675/108/1993 5673/108/1910
f 5674/108/1992 5541/116/1935 5544/117/1938
f 5544/117/1938 5676/122/1902 5674/108/1992
f 5675/108/1993 5674/108/1992 5676/122/1902
f 5676/122/1902 5677/122/1994 5675/108/1993
f 5676/122/1902 5544/117/1938 5598/117/1959
f 5598/117/1959 5597/122/1958 5676/122/1902
f 5677/122/1994 5676/122/1902 5597/122/1958
f 5597/122/1958 5596/122/1957 5677/122/1994
f 5660/116/1962 5373/116/184 5375/111/181
f 5375/111/181 5652/111/1964 5660/116/1962
f 5650/111/1949 5381/111/192 5383/116/194
f 5383/116/194 5654/116/1879 5650/111/1949
f 5471/116/1872 5472/119/1873 5475/119/1876
f 5475/119/1876 5510/116/1906 5471/116/1872
f 5510/116/1906 5475/119/1876 5473/116/1874
f 5473/116/1874 5508/116/1904 5510/116/1906
f 5508/116/1904 5473/116/1874 5461/116/54
f 5461/116/54 5459/116/33 5508/116/1904
f 5507/108/1903 5510/116/1906 5508/116/1904
f 5508/116/1904 5503/108/1899 5507/108/1903
f 5504/108/1900 5507/108/1903 5503/108/1899
f 5503/108/1899 5501/108/1897 5504/108/1900
f 5490/113/1862 5489/112/1890 5678/111/1995
f 5678/111/1995 5679/110/1849 5490/113/1862
f 5679/110/1849 5678/111/1995 5680/111/1996
f 5680/111/1996 5681/110/1997 5679/110/1849
f 5681/110/1997 5680/111/1996 5642/111/1980
f 5642/111/1980 5684/110/1999 5681/110/1997
f 5682/110/1998 5679/110/1849 5681/110/1997
f 5681/110/1997 5683/110/1851 5682/110/1998
f 5683/110/1851 5681/110/1997 5684/110/1999
f 5684/110/1999 5685/110/1855 5683/110/1851
f 5684/110/1999 5642/111/1980 5636/111/1977
f 5636/111/1977 5635/110/1976 5684/110/1999
f 5685/110/1855 5684/110/1999 5635/110/1976
f 5635/110/1976 5634/110/1887 5685/110/1855
f 5686/113/2000 5490/113/1862 5679/110/1849
f 5679/110/1849 5682/110/1998 5686/113/2000
f 5490/113/1862 5686/113/2000 5486/113/1887
f 5486/113/1887 5487/113/1888 5490/113/1862
f 5687/111/2001 5682/110/1998 5683/110/1851
f 5683/110/1851 5688/111/2002 5687/111/2001
f 5682/110/1998 5687/111/2001 5689/112/2776
f 5689/112/2776 5686/113/2000 5682/110/1998
f 5688/111/2002 5683/110/1851 5685/110/1855
f 5685/110/1855 5623/111/1973 5688/111/2002
f 5686/113/2000 5689/112/2776 5690/112/2004
f 5690/112/2004 5486/113/1887 5686/113/2000
f 5623/111/1973 5685/110/1855 5634/110/1887
f 5634/110/1887 5621/111/1971 5623/111/1973
f 5489/112/1890 5691/118/2005 5492/116/1892
f 5492/116/1892 5678/111/1995 5489/112/1890
f 5678/111/1995 5492/116/1892 5493/116/2773
f 5493/116/2773 5680/111/1996 5678/111/1995
f 5680/111/1996 5493/116/2773 5643/125/1981
f 5643/125/1981 5642/111/1980 5680/111/1996
f 5691/118/2005 5489/112/1890 5488/112/1889
f 5488/112/1889 5692/118/1951 5691/118/2005
f 5692/118/1951 5488/112/1889 5482/111/1883
f 5482/111/1883 5478/116/1879 5692/118/1951
f 5691/118/2005 5481/121/1882 5494/108/1891
f 5494/108/1891 5492/116/1892 5691/118/2005
f 5481/121/1882 5691/118/2005 5692/118/1951
f 5692/118/1951 5479/121/1880 5481/121/1882
f 5479/121/1880 5692/118/1951 5478/116/1879
f 5478/116/1879 5477/108/1878 5479/121/1880
f 5506/108/1902 5505/116/1901 5693/116/2006
f 5693/116/2006 5511/108/1907 5506/108/1902
f 5513/108/1909 5694/116/2007 5695/117/2008
f 5695/117/2008 5515/122/1911 5513/108/1909
f 5515/122/1911 5695/117/2008 5696/117/2009
f 5696/117/2009 5517/122/1900 5515/122/1911
f 5505/116/1901 5530/125/1925 5521/116/1916
f 5521/116/1916 5693/116/2006 5505/116/1901
f 5693/116/2006 5521/116/1916 5522/116/1917
f 5522/116/1917 5694/116/2007 5693/116/2006
f 5694/116/2007 5522/116/1917 5697/118/1939
f 5697/118/1939 5695/117/2008 5694/116/2007
f 5527/116/1922 5525/110/1920 5529/124/1924
f 5529/124/1924 5698/118/2010 5527/116/1922
f 5698/118/2010 5529/124/1924 5532/124/1927
f 5532/124/1927 5699/118/2011 5698/118/2010
f 5534/110/1929 5533/116/1928 5699/118/2011
f 5699/118/2011 5532/124/1927 5534/110/1929
f 5698/118/2010 5689/112/2776 5687/111/2001
f 5687/111/2001 5527/116/1922 5698/118/2010
f 5527/116/1922 5687/111/2001 5688/111/2002
f 5688/111/2002 5526/116/1921 5527/116/1922
f 5526/116/1921 5688/111/2002 5623/111/1973
f 5623/111/1973 5622/125/1972 5526/116/1921
f 5689/112/2776 5698/118/2010 5699/118/2011
f 5699/118/2011 5690/112/2004 5689/112/2776
f 5690/112/2004 5699/118/2011 5533/116/1928
f 5533/116/1928 5485/111/1886 5690/112/2004
f 5485/111/1886 5484/110/1885 5486/113/1887
f 5486/113/1887 5690/112/2004 5485/111/1886
f 5700/118/2010 5391/112/1854 5390/111/1853
f 5390/111/1853 5547/116/1921 5700/118/2010
f 5547/116/1921 5390/111/1853 5396/111/1859
f 5396/111/1859 5546/116/1940 5547/116/1921
f 5546/116/1940 5396/111/1859 5398/111/1861
f 5398/111/1861 5613/125/1968 5546/116/1940
f 5391/112/1854 5700/118/2010 5701/118/1970
f 5701/118/1970 5653/112/1983 5391/112/1854
f 5653/112/1983 5701/118/1970 5660/116/1962
f 5660/116/1962 5652/111/1964 5653/112/1983
f 5553/121/1924 5700/118/2010 5547/116/1921
f 5547/116/1921 5548/108/1920 5553/121/1924
f 5700/118/2010 5553/121/1924 5662/121/1927
f 5662/121/1927 5701/118/1970 5700/118/2010
f 5701/118/1970 5662/121/1927 5659/108/1985
f 5659/108/1985 5660/116/1962 5701/118/1970
f 5665/116/1987 5670/108/1912 5673/108/1910
f 5673/108/1910 5702/116/2012 5665/116/1987
f 5702/116/2012 5673/108/1910 5675/108/1993
f 5675/108/1993 5703/116/2013 5702/116/2012
f 5703/116/2013 5675/108/1993 5677/122/1994
f 5677/122/1994 5704/117/2777 5703/116/2013
f 5704/117/2777 5677/122/1994 5596/122/1957
f 5596/122/1957 5705/117/2015 5704/117/2777
f 5569/125/1947 5665/116/1987 5702/116/2012
f 5702/116/2012 5560/116/1868 5569/125/1947
f 5560/116/1868 5702/116/2012 5703/116/2013
f 5703/116/2013 5559/116/1943 5560/116/1868
f 5559/116/1943 5703/116/2013 5704/117/2777
f 5704/117/2777 5706/118/1871 5559/116/1943
f 5563/110/1945 5565/116/2774 5707/118/2005
f 5707/118/2005 5567/124/1882 5563/110/1945
f 5567/124/1882 5707/118/2005 5708/118/2016
f 5708/118/2016 5570/124/1880 5567/124/1882
f 5654/116/1879 5655/110/1984 5570/124/1880
f 5570/124/1880 5708/118/2016 5654/116/1879
f 5709/112/2778 5707/118/2005 5565/116/2774
f 5565/116/2774 5710/111/2018 5709/112/2778
f 5710/111/2018 5565/116/2774 5566/116/1892
f 5566/116/1892 5711/111/2019 5710/111/2018
f 5711/111/2019 5566/116/1892 5592/125/1953
f 5592/125/1953 5591/111/1952 5711/111/2019
f 5707/118/2005 5709/112/2778 5712/112/2020
f 5712/112/2020 5708/118/2016 5707/118/2005
f 5708/118/2016 5712/112/2020 5650/111/1949
f 5650/111/1949 5654/116/1879 5708/118/2016
f 5395/113/1858 5712/112/2020 5709/112/2778
f 5709/112/2778 5393/113/1856 5395/113/1858
f 5393/113/1856 5709/112/2778 5710/111/2018
f 5710/111/2018 5387/110/1850 5393/113/1856
f 5387/110/1850 5710/111/2018 5711/111/2019
f 5711/111/2019 5386/110/1849 5387/110/1850
f 5386/110/1849 5711/111/2019 5591/111/1952
f 5591/111/1952 5399/110/1862 5386/110/1849
f 5399/110/1862 5591/111/1952 5589/111/1950
f 5589/111/1950 5400/110/1863 5399/110/1862
f 5649/110/1966 5650/111/1949 5712/112/2020
f 5712/112/2020 5395/113/1858 5649/110/1966
f 5564/110/1891 5562/108/1944 5713/127/1881
f 5713/127/1881 5612/126/1882 5564/110/1891
f 5566/116/1892 5564/110/1891 5612/126/1882
f 5612/126/1882 5592/125/1953 5566/116/1892
f 5713/127/1881 5706/118/1871 5714/118/2021
f 5714/118/2021 5611/127/1877 5713/127/1881
f 5611/127/1877 5610/126/1880 5612/126/1882
f 5612/126/1882 5713/127/1881 5611/127/1877
f 5611/127/1877 5714/118/2021 5586/116/1874
f 5586/116/1874 5608/108/1967 5611/127/1877
f 5600/108/1960 5599/116/1931 5558/118/1932
f 5558/118/1932 5557/121/1926 5600/108/1960
f 5544/117/1938 5545/118/1939 5558/118/1932
f 5558/118/1932 5598/117/1959 5544/117/1938
f 5598/117/1959 5558/118/1932 5599/116/1931
f 5599/116/1931 5593/116/1954 5598/117/1959
f 5549/108/1919 5546/116/1940 5613/125/1968
f 5613/125/1968 5715/120/1979 5549/108/1919
f 5715/120/1979 5613/125/1968 5604/119/1963
f 5604/119/1963 5602/120/1927 5715/120/1979
f 5556/121/1942 5551/108/1915 5715/120/1979
f 5715/120/1979 5602/120/1927 5556/121/1942
f 5595/108/1956 5585/116/1948 5705/117/2015
f 5705/117/2015 5596/122/1957 5595/108/1956
f 5706/118/1871 5704/117/2777 5705/117/2015
f 5705/117/2015 5714/118/2021 5706/118/1871
f 5714/118/2021 5705/117/2015 5585/116/1948
f 5585/116/1948 5586/116/1874 5714/118/2021
f 5706/118/1871 5713/127/1881 5562/108/1944
f 5562/108/1944 5559/116/1943 5706/118/1871
f 5584/116/1874 5626/108/1875 5499/121/1877
f 5499/121/1877 5498/118/1895 5584/116/1874
f 5470/118/1871 5469/117/1870 5519/117/1914
f 5519/117/1914 5498/118/1895 5470/118/1871
f 5498/118/1895 5519/117/1914 5583/116/1904
f 5583/116/1904 5584/116/1874 5498/118/1895
f 5624/108/2775 5583/116/1904 5519/117/1914
f 5519/117/1914 5518/122/1913 5624/108/2775
f 5625/108/1897 5624/108/2775 5518/122/1913
f 5518/122/1913 5517/122/1900 5625/108/1897
f 5630/120/1880 5629/119/1974 5643/125/1981
f 5643/125/1981 5716/120/1882 5630/120/1880
f 5716/120/1882 5643/125/1981 5493/116/2773
f 5493/116/2773 5491/108/1891 5716/120/1882
f 5499/121/1877 5630/120/1880 5716/120/1882
f 5716/120/1882 5497/121/1881 5499/121/1877
f 5497/121/1881 5716/120/1882 5491/108/1891
f 5491/108/1891 5495/108/1894 5497/121/1881
f 5575/116/1896 5625/108/1897 5517/122/1900
f 5517/122/1900 5696/117/2009 5575/116/1896
f 5695/117/2008 5697/118/1939 5717/118/2022
f 5717/118/2022 5696/117/2009 5695/117/2008
f 5696/117/2009 5717/118/2022 5574/116/1931
f 5574/116/1931 5575/116/1896 5696/117/2009
f 5718/127/1942 5697/118/1939 5522/116/1917
f 5522/116/1917 5520/108/1915 5718/127/1942
f 5637/108/1978 5574/116/1931 5717/118/2022
f 5717/118/2022 5639/127/1926 5637/108/1978
f 5639/127/1926 5717/118/2022 5697/118/1939
f 5697/118/1939 5718/127/1942 5639/127/1926
f 5641/126/1979 5640/126/1927 5718/127/1942
f 5718/127/1942 5520/108/1915 5641/126/1979
f 5622/125/1972 5641/126/1979 5524/110/1919
f 5524/110/1919 5526/116/1921 5622/125/1972
f 5408/134/2023 5720/3/2023 5719/3/2028
f 5719/3/2028 5721/134/2028 5408/134/2023
f 5721/134/2028 5719/3/2028 5722/3/2029
f 5722/3/2029 5727/134/2029 5721/134/2028
f 5408/134/2023 5721/134/2028 5723/134/2028
f 5723/134/2028 5403/134/2023 5408/134/2023
f 5405/3/2023 5403/134/2023 5723/134/2028
f 5723/134/2028 5724/3/2028 5405/3/2023
f 5724/3/2028 5723/134/2028 5725/134/2029
f 5725/134/2029 5726/3/2029 5724/3/2028
f 5725/134/2029 5723/134/2028 5721/134/2028
f 5721/134/2028 5727/134/2029 5725/134/2029
f 5727/134/2029 5722/3/2029 5728/3/2030
f 5728/3/2030 5731/134/2030 5727/134/2029
f 5726/3/2029 5725/134/2029 5729/134/2030
f 5729/134/2030 5730/3/2030 5726/3/2029
f 5729/134/2030 5725/134/2029 5727/134/2029
f 5727/134/2029 5731/134/2030 5729/134/2030
f 5731/134/2030 5728/3/2030 5732/3/2031
f 5732/3/2031 5736/134/2031 5731/134/2030
f 5730/3/2030 5729/134/2030 5733/134/2031
f 5733/134/2031 5734/3/2031 5730/3/2030
f 5733/134/2031 5729/134/2030 5731/134/2030
f 5731/134/2030 5736/134/2031 5733/134/2031
f 5735/3/2031 5734/3/2031 5733/134/2031
f 5733/134/2031 5737/134/2031 5735/3/2031
f 5737/134/2031 5733/134/2031 5736/134/2031
f 5736/134/2031 5738/134/2031 5737/134/2031
f 5738/134/2031 5736/134/2031 5732/3/2031
f 5732/3/2031 5739/3/2031 5738/134/2031
f 5738/134/2031 5739/3/2031 5740/3/2030
f 5740/3/2030 5743/134/2030 5738/134/2031
f 5735/3/2031 5737/134/2031 5741/134/2030
f 5741/134/2030 5742/3/2030 5735/3/2031
f 5741/134/2030 5737/134/2031 5738/134/2031
f 5738/134/2031 5743/134/2030 5741/134/2030
f 5743/134/2030 5740/3/2030 5744/3/2029
f 5744/3/2029 5747/134/2029 5743/134/2030
f 5742/3/2030 5741/134/2030 5745/134/2029
f 5745/134/2029 5746/3/2029 5742/3/2030
f 5745/134/2029 5741/134/2030 5743/134/2030
f 5743/134/2030 5747/134/2029 5745/134/2029
f 5747/134/2029 5744/3/2029 5748/3/2028
f 5748/3/2028 5751/134/2028 5747/134/2029
f 5746/3/2029 5745/134/2029 5749/134/2028
f 5749/134/2028 5750/3/2028 5746/3/2029
f 5749/134/2028 5745/134/2029 5747/134/2029
f 5747/134/2029 5751/134/2028 5749/134/2028
f 5751/134/2028 5748/3/2028 5577/3/81
f 5577/3/81 5576/134/81 5751/134/2028
f 5751/134/2028 5576/134/81 5580/134/81
f 5580/134/81 5749/134/2028 5751/134/2028
f 5750/3/2028 5749/134/2028 5580/134/81
f 5580/134/81 5752/3/81 5750/3/2028
f 5645/130/56 120/20/56 5448/20/5
f 5448/20/5 5447/130/5 5645/130/56
f 5645/130/56 5447/130/5 5446/130/5
f 5446/130/5 5644/130/56 5645/130/56
f 5617/130/7 5753/20/7 5411/20/1969
f 5411/20/1969 5409/130/1969 5617/130/7
f 5617/130/7 5409/130/1969 5415/130/1969
f 5415/130/1969 5616/130/7 5617/130/7
f 22/20/56 5644/130/56 5446/130/5
f 5446/130/5 5445/20/5 22/20/56
f 368/5/57 120/5/56 5645/114/56
f 5645/114/56 5578/114/57 368/5/57
f 5579/130/57 23/20/57 5752/20/81
f 5752/20/81 5580/133/81 5579/130/57
f 5614/20/7 5616/130/7 5415/130/1969
f 5415/130/1969 5416/20/1969 5614/20/7
f 5404/5/6 5753/5/7 5617/114/7
f 5617/114/7 5406/134/6 5404/5/6
f 5407/132/6 5615/20/6 5720/20/2023
f 5720/20/2023 5408/133/2023 5407/132/6
f 5756/189/2781 5755/189/2780 5754/188/2779
f 5754/188/2779 5757/188/2782 5756/189/2781
f 5757/188/2782 5754/188/2779 5758/188/2783
f 5758/188/2783 5764/188/2789 5757/188/2782
f 5758/188/2783 5754/188/2779 5759/188/2784
f 5759/188/2784 5760/188/2785 5758/188/2783
f 5756/189/2781 5757/188/2782 5761/190/2786
f 5761/190/2786 5762/191/2787 5756/189/2781
f 5763/191/2788 5762/191/2787 5761/190/2786
f 5761/190/2786 5766/190/2791 5763/191/2788
f 5765/190/2790 5761/190/2786 5757/188/2782
f 5757/188/2782 5764/188/2789 5765/190/2790
f 5766/190/2791 5761/190/2786 5765/190/2790
f 5765/190/2790 5773/190/2798 5766/190/2791
f 5763/191/2788 5766/190/2791 5767/192/2792
f 5767/192/2792 5768/192/2793 5763/191/2788
f 5764/188/2789 5758/188/2783 5769/188/2794
f 5769/188/2794 5771/188/2796 5764/188/2789
f 5769/188/2794 5758/188/2783 5760/188/2785
f 5760/188/2785 5770/188/2795 5769/188/2794
f 5764/188/2789 5771/188/2796 5772/190/2797
f 5772/190/2797 5765/190/2790 5764/188/2789
f 5773/190/2798 5765/190/2790 5772/190/2797
f 5772/190/2797 5774/190/2799 5773/190/2798
f 5773/190/2798 5774/190/2799 5775/193/2800
f 5775/193/2800 5776/193/2801 5773/190/2798
f 5766/190/2791 5773/190/2798 5776/193/2801
f 5776/193/2801 5767/193/2792 5766/190/2791
f 5779/189/2804 5778/189/2803 5777/189/2802
f 5777/189/2802 5780/189/2805 5779/189/2804
f 5779/189/2804 5780/189/2805 5781/191/2806
f 5781/191/2806 5782/191/2807 5779/189/2804
f 5783/191/2808 5782/191/2807 5781/191/2806
f 5781/191/2806 5784/191/2809 5783/191/2808
f 5783/191/2808 5784/191/2809 5785/192/2810
f 5785/192/2810 5786/192/2811 5783/191/2808
f 5768/192/2793 5785/192/2810 5784/191/2809
f 5784/191/2809 5763/191/2788 5768/192/2793
f 5787/191/2812 5783/191/2808 5786/192/2811
f 5786/192/2811 5788/192/2813 5787/191/2812
f 5791/194/2816 5790/194/2815 5789/194/2814
f 5789/194/2814 5792/194/2817 5791/194/2816
f 5792/194/2817 5789/194/2814 5793/189/2818
f 5793/189/2818 5799/189/2824 5792/194/2817
f 5793/189/2818 5789/194/2814 5794/194/2819
f 5794/194/2819 5795/189/2820 5793/189/2818
f 5791/194/2816 5792/194/2817 5796/195/2821
f 5796/195/2821 5797/195/2822 5791/194/2816
f 5798/195/2823 5797/195/2822 5796/195/2821
f 5796/195/2821 5801/195/2826 5798/195/2823
f 5800/191/2825 5796/195/2821 5792/194/2817
f 5792/194/2817 5799/189/2824 5800/191/2825
f 5801/195/2826 5796/195/2821 5800/191/2825
f 5800/191/2825 5787/191/2812 5801/195/2826
f 5798/195/2823 5801/195/2826 5802/196/2827
f 5802/196/2827 5803/196/2828 5798/195/2823
f 5799/189/2824 5793/189/2818 5778/189/2803
f 5778/189/2803 5779/189/2804 5799/189/2824
f 5778/189/2803 5793/189/2818 5795/189/2820
f 5795/189/2820 5804/189/2829 5778/189/2803
f 5799/189/2824 5779/189/2804 5782/191/2807
f 5782/191/2807 5800/191/2825 5799/189/2824
f 5787/191/2812 5800/191/2825 5782/191/2807
f 5782/191/2807 5783/191/2808 5787/191/2812
f 5801/195/2826 5787/191/2812 5788/192/2813
f 5788/192/2813 5802/196/2827 5801/195/2826
f 5797/195/2822 5798/195/2823 5805/195/2830
f 5805/195/2830 5806/195/2831 5797/195/2822
f 5797/195/2822 5806/195/2831 5807/194/2832
f 5807/194/2832 5791/194/2816 5797/195/2822
f 5790/194/2815 5791/194/2816 5807/194/2832
f 5807/194/2832 5808/194/2833 5790/194/2815
f 5790/194/2815 5808/194/2833 5809/194/2834
f 5809/194/2834 5810/194/2835 5790/194/2815
f 5811/194/2836 5809/194/2834 5808/194/2833
f 5808/194/2833 5812/194/2837 5811/194/2836
f 5789/194/2814 5790/194/2815 5810/194/2835
f 5810/194/2835 5794/194/2819 5789/194/2814
f 5813/194/2838 5812/194/2837 5808/194/2833
f 5808/194/2833 5807/194/2832 5813/194/2838
f 5813/194/2838 5807/194/2832 5806/195/2831
f 5806/195/2831 5814/195/2839 5813/194/2838
f 5815/195/2840 5814/195/2839 5806/195/2831
f 5806/195/2831 5805/195/2830 5815/195/2840
f 5815/195/2840 5805/195/2830 5816/196/2841
f 5816/196/2841 5817/196/2842 5815/195/2840
f 5803/196/2828 5816/196/2841 5805/195/2830
f 5805/195/2830 5798/195/2823 5803/196/2828
f 5818/197/2843 5811/197/2836 5812/197/2837
f 5812/197/2837 5819/197/2844 5818/197/2843
f 5820/197/2845 5819/197/2844 5812/197/2837
f 5812/197/2837 5813/197/2838 5820/197/2845
f 5820/197/2845 5813/197/2838 5814/198/2839
f 5814/198/2839 5821/198/2846 5820/197/2845
f 5819/197/2844 5820/197/2845 5822/197/2847
f 5822/197/2847 5832/197/2857 5819/197/2844
f 5822/197/2847 5820/197/2845 5821/198/2846
f 5821/198/2846 5827/198/2852 5822/197/2847
f 5823/198/2848 5821/198/2846 5814/198/2839
f 5814/198/2839 5815/198/2840 5823/198/2848
f 5821/198/2846 5823/198/2848 5824/198/2849
f 5824/198/2849 5827/198/2852 5821/198/2846
f 5824/198/2849 5823/198/2848 5825/199/2850
f 5825/199/2850 5826/199/2851 5824/198/2849
f 5827/198/2852 5824/198/2849 5828/198/2853
f 5828/198/2853 5830/198/2855 5827/198/2852
f 5828/198/2853 5824/198/2849 5826/199/2851
f 5826/199/2851 5829/199/2854 5828/198/2853
f 5827/198/2852 5830/198/2855 5831/197/2856
f 5831/197/2856 5822/197/2847 5827/198/2852
f 5832/197/2857 5822/197/2847 5831/197/2856
f 5831/197/2856 5833/197/2858 5832/197/2857
f 5832/197/2857 5833/197/2858 5834/197/2859
f 5834/197/2859 5835/197/2860 5832/197/2857
f 5819/197/2844 5832/197/2857 5835/197/2860
f 5835/197/2860 5818/197/2843 5819/197/2844
f 5817/199/2842 5825/199/2850 5823/198/2848
f 5823/198/2848 5815/198/2840 5817/199/2842
f 5818/197/2843 5835/200/2860 5836/200/2861
f 5836/200/2861 5837/200/2862 5818/197/2843
f 5811/188/2836 5818/197/2843 5837/200/2862
f 5837/200/2862 5838/188/2863 5811/188/2836
f 5809/188/2834 5811/188/2836 5838/188/2863
f 5838/188/2863 5839/201/2864 5809/188/2834
f 5839/201/2864 5838/188/2863 5837/200/2862
f 5837/200/2862 5836/200/2861 5839/201/2864
f 5810/201/2835 5809/188/2834 5839/201/2864
f 5839/201/2864 5840/201/2865 5810/201/2835
f 5841/200/2866 5836/200/2861 5835/200/2860
f 5835/200/2860 5834/200/2859 5841/200/2866
f 5840/201/2865 5842/201/2867 5794/201/2819
f 5794/201/2819 5810/201/2835 5840/201/2865
f 5843/200/2868 5841/200/2866 5834/200/2859
f 5834/200/2859 5844/200/2869 5843/200/2868
f 5846/202/2871 5845/201/2870 5842/201/2867
f 5842/201/2867 5843/200/2868 5846/202/2871
f 5842/201/2867 5845/201/2870 5795/201/2820
f 5795/201/2820 5794/201/2819 5842/201/2867
f 5846/202/2871 5843/200/2868 5844/200/2869
f 5844/200/2869 5847/202/2872 5846/202/2871
f 5849/202/2874 5848/203/2873 5845/201/2870
f 5845/201/2870 5846/202/2871 5849/202/2874
f 5845/201/2870 5848/203/2873 5804/203/2829
f 5804/203/2829 5795/201/2820 5845/201/2870
f 5849/202/2874 5846/202/2871 5847/202/2872
f 5847/202/2872 5770/202/2795 5849/202/2874
f 5850/202/2875 5849/202/2874 5770/202/2795
f 5770/202/2795 5760/202/2785 5850/202/2875
f 5852/203/2877 5850/202/2875 5760/202/2785
f 5760/202/2785 5759/203/2784 5852/203/2877
f 5850/202/2875 5852/203/2877 5853/203/2878
f 5853/203/2878 5851/203/2876 5850/202/2875
f 5853/203/2878 5852/203/2877 5759/203/2784
f 5759/203/2784 5854/203/2879 5853/203/2878
f 5851/203/2876 5853/203/2878 5854/203/2879
f 5854/203/2879 5855/203/2880 5851/203/2876
f 5848/203/2873 5851/203/2876 5855/203/2880
f 5855/203/2880 5804/203/2829 5848/203/2873
f 5829/204/2854 5826/204/2851 5856/204/2881
f 5856/204/2881 5857/204/2882 5829/204/2854
f 5858/205/2883 5857/204/2882 5856/204/2881
f 5856/204/2881 5859/205/2884 5858/205/2883
f 5860/204/2885 5856/204/2881 5826/204/2851
f 5826/204/2851 5825/189/2850 5860/204/2885
f 5861/189/2886 5860/204/2885 5825/189/2850
f 5825/189/2850 5817/189/2842 5861/189/2886
f 5860/204/2885 5861/189/2886 5862/205/2887
f 5862/205/2887 5859/205/2884 5860/204/2885
f 5862/205/2887 5861/189/2886 5817/189/2842
f 5817/189/2842 5816/194/2841 5862/205/2887
f 5859/205/2884 5862/205/2887 5816/194/2841
f 5816/194/2841 5803/205/2828 5859/205/2884
f 5858/205/2883 5859/205/2884 5803/205/2828
f 5803/205/2828 5802/205/2827 5858/205/2883
f 5863/205/2888 5858/205/2883 5802/205/2827
f 5802/205/2827 5788/205/2813 5863/205/2888
f 5866/206/2891 5864/204/2889 5857/204/2882
f 5857/204/2882 5863/205/2888 5866/206/2891
f 5857/204/2882 5864/204/2889 5865/204/2890
f 5865/204/2890 5829/204/2854 5857/204/2882
f 5866/206/2891 5863/205/2888 5788/205/2813
f 5788/205/2813 5786/206/2811 5866/206/2891
f 5869/206/2894 5867/207/2892 5864/204/2889
f 5864/204/2889 5866/206/2891 5869/206/2894
f 5864/204/2889 5867/207/2892 5868/207/2893
f 5868/207/2893 5865/204/2890 5864/204/2889
f 5869/206/2894 5866/206/2891 5786/206/2811
f 5786/206/2811 5785/206/2810 5869/206/2894
f 5870/206/2895 5869/206/2894 5785/206/2810
f 5785/206/2810 5768/206/2793 5870/206/2895
f 5872/207/2897 5870/206/2895 5768/206/2793
f 5768/206/2793 5767/207/2792 5872/207/2897
f 5870/206/2895 5872/207/2897 5873/207/2898
f 5873/207/2898 5871/207/2896 5870/206/2895
f 5873/207/2898 5872/207/2897 5767/207/2792
f 5767/207/2792 5776/207/2801 5873/207/2898
f 5871/207/2896 5873/207/2898 5776/207/2801
f 5776/207/2801 5775/207/2800 5871/207/2896
f 5867/207/2892 5871/207/2896 5775/207/2800
f 5775/207/2800 5868/207/2893 5867/207/2892
f 5844/188/2869 5834/197/2859 5833/197/2858
f 5833/197/2858 5874/188/2899 5844/188/2869
f 5875/188/2900 5874/188/2899 5833/197/2858
f 5833/197/2858 5831/197/2856 5875/188/2900
f 5875/188/2900 5831/197/2856 5830/198/2855
f 5830/198/2855 5876/190/2901 5875/188/2900
f 5874/188/2899 5875/188/2900 5877/188/2902
f 5877/188/2902 5881/188/2906 5874/188/2899
f 5877/188/2902 5875/188/2900 5876/190/2901
f 5876/190/2901 5880/190/2905 5877/188/2902
f 5878/190/2903 5876/190/2901 5830/198/2855
f 5830/198/2855 5828/198/2853 5878/190/2903
f 5878/190/2903 5828/198/2853 5829/199/2854
f 5829/199/2854 5865/193/2890 5878/190/2903
f 5876/190/2901 5878/190/2903 5879/190/2904
f 5879/190/2904 5880/190/2905 5876/190/2901
f 5879/190/2904 5878/190/2903 5865/193/2890
f 5865/193/2890 5868/193/2893 5879/190/2904
f 5880/190/2905 5879/190/2904 5774/190/2799
f 5774/190/2799 5772/190/2797 5880/190/2905
f 5774/190/2799 5879/190/2904 5868/193/2893
f 5868/193/2893 5775/193/2800 5774/190/2799
f 5880/190/2905 5772/190/2797 5771/188/2796
f 5771/188/2796 5877/188/2902 5880/190/2905
f 5881/188/2906 5877/188/2902 5771/188/2796
f 5771/188/2796 5769/188/2794 5881/188/2906
f 5881/188/2906 5769/188/2794 5770/188/2795
f 5770/188/2795 5847/188/2872 5881/188/2906
f 5874/188/2899 5881/188/2906 5847/188/2872
f 5847/188/2872 5844/188/2869 5874/188/2899
f 5854/189/2879 5759/189/2784 5754/188/2779
f 5754/188/2779 5755/189/2780 5854/189/2879
f 5855/189/2880 5854/189/2879 5755/189/2780
f 5755/189/2780 5777/189/2802 5855/189/2880
f 5780/189/2805 5777/189/2802 5755/189/2780
f 5755/189/2780 5756/189/2781 5780/189/2805
f 5780/189/2805 5756/189/2781 5762/191/2787
f 5762/191/2787 5781/191/2806 5780/189/2805
f 5784/191/2809 5781/191/2806 5762/191/2787
f 5762/191/2787 5763/191/2788 5784/191/2809
f 5804/189/2829 5855/189/2880 5777/189/2802
f 5777/189/2802 5778/189/2803 5804/189/2829
f 5884/208/2909 5883/208/2908 5882/208/2907
f 5882/208/2907 5885/208/2910 5884/208/2909
f 5885/208/2910 5882/208/2907 5886/208/2911
f 5886/208/2911 5888/208/2913 5885/208/2910
f 5887/209/2912 5884/208/2909 5885/208/2910
f 5885/208/2910 5891/209/2916 5887/209/2912
f 5888/208/2913 5886/208/2911 5889/210/2914
f 5889/210/2914 5890/210/2915 5888/208/2913
f 5891/209/2916 5885/208/2910 5888/208/2913
f 5888/208/2913 5894/209/2919 5891/209/2916
f 5892/209/2917 5887/209/2912 5891/209/2916
f 5891/209/2916 5893/209/2918 5892/209/2917
f 5894/209/2919 5888/208/2913 5890/210/2915
f 5890/210/2915 5895/211/2920 5894/209/2919
f 5893/209/2918 5891/209/2916 5894/209/2919
f 5894/209/2919 5896/209/2921 5893/209/2918
f 5896/209/2921 5894/209/2919 5895/211/2920
f 5895/211/2920 5898/211/2923 5896/209/2921
f 5897/209/2922 5893/209/2918 5896/209/2921
f 5896/209/2921 5899/209/2924 5897/209/2922
f 5899/209/2924 5896/209/2921 5898/211/2923
f 5898/211/2923 5900/211/2925 5899/209/2924
f 5901/209/2926 5892/209/2917 5893/209/2918
f 5893/209/2918 5897/209/2922 5901/209/2926
f 5902/209/2927 5901/209/2926 5897/209/2922
f 5897/209/2922 5903/209/2928 5902/209/2927
f 5903/209/2928 5897/209/2922 5899/209/2924
f 5899/209/2924 5905/209/2930 5903/209/2928
f 5904/212/2929 5902/209/2927 5903/209/2928
f 5903/209/2928 5907/212/2932 5904/212/2929
f 5905/209/2930 5899/209/2924 5900/211/2925
f 5900/211/2925 5906/211/2931 5905/209/2930
f 5907/212/2932 5903/209/2928 5905/209/2930
f 5905/209/2930 5909/212/2934 5907/212/2932
f 5908/212/2933 5904/212/2929 5907/212/2932
f 5907/212/2932 5911/212/2936 5908/212/2933
f 5909/212/2934 5905/209/2930 5906/211/2931
f 5906/211/2931 5910/213/2935 5909/212/2934
f 5911/212/2936 5907/212/2932 5909/212/2934
f 5909/212/2934 5914/212/2939 5911/212/2936
f 5912/212/2937 5908/212/2933 5911/212/2936
f 5911/212/2936 5913/212/2938 5912/212/2937
f 5914/212/2939 5909/212/2934 5910/213/2935
f 5910/213/2935 5915/213/2940 5914/212/2939
f 5913/212/2938 5911/212/2936 5914/212/2939
f 5914/212/2939 5916/212/2941 5913/212/2938
f 5916/212/2941 5914/212/2939 5915/213/2940
f 5915/213/2940 5917/213/2942 5916/212/2941
f 5918/212/2943 5912/212/2937 5913/212/2938
f 5913/212/2938 5919/212/2944 5918/212/2943
f 5919/212/2944 5913/212/2938 5916/212/2941
f 5916/212/2941 5921/212/2946 5919/212/2944
f 5920/214/2945 5918/212/2943 5919/212/2944
f 5919/212/2944 5923/214/2948 5920/214/2945
f 5921/212/2946 5916/212/2941 5917/213/2942
f 5917/213/2942 5922/213/2947 5921/212/2946
f 5923/214/2948 5919/212/2944 5921/212/2946
f 5921/212/2946 5925/214/2950 5923/214/2948
f 5924/214/2949 5920/214/2945 5923/214/2948
f 5923/214/2948 5927/214/2952 5924/214/2949
f 5925/214/2950 5921/212/2946 5922/213/2947
f 5922/213/2947 5926/215/2951 5925/214/2950
f 5927/214/2952 5923/214/2948 5925/214/2950
f 5925/214/2950 5930/214/2955 5927/214/2952
f 5928/214/2953 5924/214/2949 5927/214/2952
f 5927/214/2952 5929/214/2954 5928/214/2953
f 5930/214/2955 5925/214/2950 5926/215/2951
f 5926/215/2951 5931/215/2956 5930/214/2955
f 5929/214/2954 5927/214/2952 5930/214/2955
f 5930/214/2955 5932/214/2957 5929/214/2954
f 5932/214/2957 5930/214/2955 5931/215/2956
f 5931/215/2956 5933/215/2958 5932/214/2957
f 5934/214/2959 5928/214/2953 5929/214/2954
f 5929/214/2954 5935/214/2960 5934/214/2959
f 5935/214/2960 5929/214/2954 5932/214/2957
f 5932/214/2957 5937/214/2962 5935/214/2960
f 5936/214/2961 5934/214/2959 5935/214/2960
f 5935/214/2960 5939/214/2964 5936/214/2961
f 5937/214/2962 5932/214/2957 5933/215/2958
f 5933/215/2958 5938/215/2963 5937/214/2962
f 5939/214/2964 5935/214/2960 5937/214/2962
f 5937/214/2962 5941/214/2966 5939/214/2964
f 5940/216/2965 5936/214/2961 5939/214/2964
f 5939/214/2964 5943/216/2968 5940/216/2965
f 5941/214/2966 5937/214/2962 5938/215/2963
f 5938/215/2963 5942/215/2967 5941/214/2966
f 5943/216/2968 5939/214/2964 5941/214/2966
f 5941/214/2966 5944/216/2969 5943/216/2968
f 5883/216/2908 5940/216/2965 5943/216/2968
f 5943/216/2968 5882/216/2907 5883/216/2908
f 5944/216/2969 5941/214/2966 5942/215/2967
f 5942/215/2967 5945/217/2970 5944/216/2969
f 5945/217/2970 5889/217/2914 5886/216/2911
f 5886/216/2911 5944/216/2969 5945/217/2970
f 5944/216/2969 5886/216/2911 5882/216/2907
f 5882/216/2907 5943/216/2968 5944/216/2969
f 5948/208/2973 5947/208/2972 5946/208/2971
f 5946/208/2971 5949/208/2974 5948/208/2973
f 5949/208/2974 5946/208/2971 5950/208/2975
f 5950/208/2975 5952/208/2977 5949/208/2974
f 5951/209/2976 5948/208/2973 5949/208/2974
f 5949/208/2974 5955/209/2980 5951/209/2976
f 5952/208/2977 5950/208/2975 5953/210/2978
f 5953/210/2978 5954/210/2979 5952/208/2977
f 5955/209/2980 5949/208/2974 5952/208/2977
f 5952/208/2977 5958/209/2983 5955/209/2980
f 5956/209/2981 5951/209/2976 5955/209/2980
f 5955/209/2980 5957/209/2982 5956/209/2981
f 5958/209/2983 5952/208/2977 5954/210/2979
f 5954/210/2979 5959/211/2984 5958/209/2983
f 5957/209/2982 5955/209/2980 5958/209/2983
f 5958/209/2983 5960/209/2985 5957/209/2982
f 5960/209/2985 5958/209/2983 5959/211/2984
f 5959/211/2984 5962/211/2987 5960/209/2985
f 5961/209/2986 5957/209/2982 5960/209/2985
f 5960/209/2985 5963/209/2988 5961/209/2986
f 5963/209/2988 5960/209/2985 5962/211/2987
f 5962/211/2987 5964/211/2989 5963/209/2988
f 5965/209/2990 5956/209/2981 5957/209/2982
f 5957/209/2982 5961/209/2986 5965/209/2990
f 5966/209/2991 5965/209/2990 5961/209/2986
f 5961/209/2986 5967/209/2992 5966/209/2991
f 5967/209/2992 5961/209/2986 5963/209/2988
f 5963/209/2988 5969/209/2994 5967/209/2992
f 5968/212/2993 5966/209/2991 5967/209/2992
f 5967/209/2992 5971/212/2996 5968/212/2993
f 5969/209/2994 5963/209/2988 5964/211/2989
f 5964/211/2989 5970/211/2995 5969/209/2994
f 5971/212/2996 5967/209/2992 5969/209/2994
f 5969/209/2994 5973/212/2998 5971/212/2996
f 5972/212/2997 5968/212/2993 5971/212/2996
f 5971/212/2996 5975/212/3000 5972/212/2997
f 5973/212/2998 5969/209/2994 5970/211/2995
f 5970/211/2995 5974/213/2999 5973/212/2998
f 5975/212/3000 5971/212/2996 5973/212/2998
f 5973/212/2998 5978/212/3003 5975/212/3000
f 5976/212/3001 5972/212/2997 5975/212/3000
f 5975/212/3000 5977/212/3002 5976/212/3001
f 5978/212/3003 5973/212/2998 5974/213/2999
f 5974/213/2999 5979/213/3004 5978/212/3003
f 5977/212/3002 5975/212/3000 5978/212/3003
f 5978/212/3003 5980/212/3005 5977/212/3002
f 5980/212/3005 5978/212/3003 5979/213/3004
f 5979/213/3004 5981/213/3006 5980/212/3005
f 5982/212/3007 5976/212/3001 5977/212/3002
f 5977/212/3002 5983/212/3008 5982/212/3007
f 5983/212/3008 5977/212/3002 5980/212/3005
f 5980/212/3005 5985/212/3010 5983/212/3008
f 5984/214/3009 5982/212/3007 5983/212/3008
f 5983/212/3008 5987/214/3012 5984/214/3009
f 5985/212/3010 5980/212/3005 5981/213/3006
f 5981/213/3006 5986/213/3011 5985/212/3010
f 5987/214/3012 5983/212/3008 5985/212/3010
f 5985/212/3010 5989/214/3014 5987/214/3012
f 5988/214/3013 5984/214/3009 5987/214/3012
f 5987/214/3012 5991/214/3016 5988/214/3013
f 5989/214/3014 5985/212/3010 5986/213/3011
f 5986/213/3011 5990/215/3015 5989/214/3014
f 5991/214/3016 5987/214/3012 5989/214/3014
f 5989/214/3014 5994/214/3019 5991/214/3016
f 5992/214/3017 5988/214/3013 5991/214/3016
f 5991/214/3016 5993/214/3018 5992/214/3017
f 5994/214/3019 5989/214/3014 5990/215/3015
f 5990/215/3015 5995/215/3020 5994/214/3019
f 5993/214/3018 5991/214/3016 5994/214/3019
f 5994/214/3019 5996/214/3021 5993/214/3018
f 5996/214/3021 5994/214/3019 5995/215/3020
f 5995/215/3020 5997/215/3022 5996/214/3021
f 5998/214/3023 5992/214/3017 5993/214/3018
f 5993/214/3018 5999/214/3024 5998/214/3023
f 5999/214/3024 5993/214/3018 5996/214/3021
f 5996/214/3021 6001/214/3026 5999/214/3024
f 6000/214/3025 5998/214/3023 5999/214/3024
f 5999/214/3024 6003/214/3028 6000/214/3025
f 6001/214/3026 5996/214/3021 5997/215/3022
f 5997/215/3022 6002/215/3027 6001/214/3026
f 6003/214/3028 5999/214/3024 6001/214/3026
f 6001/214/3026 6005/214/3030 6003/214/3028
f 6004/216/3029 6000/214/3025 6003/214/3028
f 6003/214/3028 6007/216/3032 6004/216/3029
f 6005/214/3030 6001/214/3026 6002/215/3027
f 6002/215/3027 6006/215/3031 6005/214/3030
f 6007/216/3032 6003/214/3028 6005/214/3030
f 6005/214/3030 6008/216/3033 6007/216/3032
f 5947/216/2972 6004/216/3029 6007/216/3032
f 6007/216/3032 5946/216/2971 5947/216/2972
f 6008/216/3033 6005/214/3030 6006/215/3031
f 6006/215/3031 6009/217/3034 6008/216/3033
f 6009/217/3034 5953/217/2978 5950/216/2975
f 5950/216/2975 6008/216/3033 6009/217/3034
f 6008/216/3033 5950/216/2975 5946/216/2971
f 5946/216/2971 6007/216/3032 6008/216/3033

