# ProBuilder 6.1.2
# https://unity3d.com/unity/features/worldbuilding/probuilder
# 22.09.2026 1:50:12

mtllib ./WaterObjects.mtl
o WaterObjects

g lifebuoy_001
v 0.4723156 -0.1278077 0.1956397
v 0.5558099 -0.09037369 0.2302243
v 0.6016045 -0.09037369 -5.533792E-18
v 0.5112308 -0.1278077 -7.825964E-18
v 0.3888212 -0.09037369 0.1610552
v 0.6390384 0 0
v 0.5903945 -1.497435E-17 0.2445497
v 0.4208571 -0.09037369 -5.533792E-18
v 0.3542367 -8.984609E-18 0.1467298
v 0.6016045 0.09037369 5.533792E-18
v 0.5558099 0.09037369 0.2302243
v 0.3834231 0 0
v 0.3888212 0.09037369 0.1610552
v 0.5112308 0.1278077 7.825964E-18
v 0.4723156 0.1278077 0.1956397
v 0.4208571 0.09037369 5.533792E-18
v 0.55581 -0.09037369 -0.230224
v 0.4723157 -0.1278077 -0.1956395
v 0.5903946 1.497433E-17 -0.2445494
v 0.3888212 -0.09037369 -0.161055
v 0.55581 0.09037369 -0.230224
v 0.3542368 8.984599E-18 -0.1467296
v 0.4723157 0.1278077 -0.1956395
v 0.3888212 0.09037369 -0.161055
v 0.1956397 -0.1278077 0.4723156
v 0.2302242 -0.09037369 0.55581
v 0.4253983 -0.09037369 0.4253989
v 0.3614945 -0.1278077 0.3614949
v 0.1610551 -0.09037369 0.3888212
v 0.4518682 -2.766897E-17 0.4518687
v 0.2445496 -3.615124E-17 0.5903945
v 0.2975907 -0.09037369 0.2975911
v 0.1467297 -2.169074E-17 0.3542367
v 0.4253983 0.09037369 0.4253989
v 0.2302242 0.09037369 0.55581
v 0.2711209 -1.660139E-17 0.2711212
v 0.1610551 0.09037369 0.3888212
v 0.3614945 0.1278077 0.3614949
v 0.1956397 0.1278077 0.4723156
v 0.2975907 0.09037369 0.2975911
v -0.1956396 -0.1278077 0.4723156
v -0.2302241 -0.09037369 0.55581
v 5E-08 -0.09037369 0.6016045
v 4E-08 -0.1278077 0.5112308
v -0.1610551 -0.09037369 0.3888212
v 5E-08 -3.912982E-17 0.6390384
v -0.2445495 -3.615124E-17 0.5903946
v 3E-08 -0.09037369 0.4208571
v -0.1467297 -2.169074E-17 0.3542367
v 5E-08 0.09037369 0.6016045
v -0.2302241 0.09037369 0.55581
v 3E-08 -2.347789E-17 0.3834231
v -0.1610551 0.09037369 0.3888212
v 4E-08 0.1278077 0.5112308
v -0.1956396 0.1278077 0.4723156
v 3E-08 0.09037369 0.4208571
v -0.4723157 -0.1278077 0.1956394
v -0.5558101 -0.09037369 0.2302238
v -0.4253987 -0.09037369 0.4253985
v -0.3614948 -0.1278077 0.3614947
v -0.3888213 -0.09037369 0.1610549
v -0.4518685 -2.766895E-17 0.4518683
v -0.5903947 -1.497432E-17 0.2445492
v -0.2975909 -0.09037369 0.2975908
v -0.3542368 -8.984592E-18 0.1467295
v -0.4253987 0.09037369 0.4253985
v -0.5558101 0.09037369 0.2302238
v -0.2711211 -1.660137E-17 0.271121
v -0.3888213 0.09037369 0.1610549
v -0.3614948 0.1278077 0.3614947
v -0.4723157 0.1278077 0.1956394
v -0.2975909 0.09037369 0.2975908
v -0.4723156 -0.1278077 -0.1956396
v -0.55581 -0.09037369 -0.2302241
v -0.6016045 -0.09037369 -5E-08
v -0.5112308 -0.1278077 -4E-08
v -0.3888212 -0.09037369 -0.1610551
v -0.6390384 3.673941E-24 -6E-08
v -0.5903946 1.497434E-17 -0.2445495
v -0.4208571 -0.09037369 -4E-08
v -0.3542367 8.984601E-18 -0.1467297
v -0.6016045 0.09037369 -5E-08
v -0.55581 0.09037369 -0.2302241
v -0.3834231 1.83697E-24 -3E-08
v -0.3888212 0.09037369 -0.1610551
v -0.5112308 0.1278077 -4E-08
v -0.4723156 0.1278077 -0.1956396
v -0.4208571 0.09037369 -4E-08
v -0.1956396 -0.1278077 -0.4723156
v -0.2302241 -0.09037369 -0.55581
v -0.4253987 -0.09037369 -0.4253985
v -0.3614948 -0.1278077 -0.3614947
v -0.1610551 -0.09037369 -0.3888212
v -0.4518685 2.766895E-17 -0.4518683
v -0.2445495 3.615124E-17 -0.5903946
v -0.2975909 -0.09037369 -0.2975908
v -0.1467297 2.169074E-17 -0.3542367
v -0.4253987 0.09037369 -0.4253985
v -0.2302241 0.09037369 -0.55581
v -0.2711211 1.660137E-17 -0.271121
v -0.1610551 0.09037369 -0.3888212
v -0.3614948 0.1278077 -0.3614947
v -0.1956396 0.1278077 -0.4723156
v -0.2975909 0.09037369 -0.2975908
v 0.1956397 -0.1278077 -0.4723156
v 0.2302242 -0.09037369 -0.55581
v 5E-08 -0.09037369 -0.6016045
v 4E-08 -0.1278077 -0.5112308
v 0.1610551 -0.09037369 -0.3888212
v 5E-08 3.912982E-17 -0.6390384
v 0.2445496 3.615124E-17 -0.5903945
v 3E-08 -0.09037369 -0.4208571
v 0.1467297 2.169074E-17 -0.3542367
v 5E-08 0.09037369 -0.6016045
v 0.2302242 0.09037369 -0.55581
v 3E-08 2.347789E-17 -0.3834231
v 0.1610551 0.09037369 -0.3888212
v 4E-08 0.1278077 -0.5112308
v 0.1956397 0.1278077 -0.4723156
v 3E-08 0.09037369 -0.4208571
v 0.4253985 -0.09037369 -0.4253986
v 0.3614947 -0.1278077 -0.3614948
v 0.4518684 2.766896E-17 -0.4518685
v 0.2975909 -0.09037369 -0.2975909
v 0.4253985 0.09037369 -0.4253986
v 0.271121 1.660138E-17 -0.2711211
v 0.3614947 0.1278077 -0.3614948
v 0.2975909 0.09037369 -0.2975909
v -39.15857 1.076958 6.716187
v -39.07984 1.2 7.013962
v -39.23872 1.2 6.855072
v -38.94097 1.076959 6.933792
v -39.02168 1.2 7.231003
v -39.07915 0.8698516 6.578522
v -38.86133 1.076959 7.231033
v -38.80334 0.8698516 6.854324
v -39.02923 0.6286708 6.491974
v -38.70239 0.8698516 7.231079
v -38.71683 0.6286708 6.804382
v -39.01221 0.3698516 6.462448
v -38.60248 0.6286708 7.231125
v -38.68732 0.3698516 6.787338
v -39.02923 0.1110325 6.491974
v -38.56841 0.3698517 7.23114
v -38.71683 0.1110325 6.804382
v -39.07915 -0.1301484 6.578522
v -38.60248 0.1110326 7.231125
v -38.80334 -0.1301484 6.854324
v -39.15857 -0.3372552 6.716187
v -38.70239 -0.1301483 7.231079
v -38.94097 -0.3372552 6.933792
v -39.23872 -0.4602968 6.855072
v -38.86133 -0.3372552 7.231033
v -39.07984 -0.4602968 7.013962
v -39.02168 -0.4602968 7.231003
v -39.55334 1.335778 7.028519
v -39.42393 1.335778 7.063202
v -39.55334 1.369852 7.287338
v -39.55334 1.258609 6.842224
v -39.33079 1.258609 6.901855
v -39.7759 1.258609 6.901855
v -39.3292 1.335778 7.157928
v -39.16786 1.258609 7.064774
v -39.68275 1.335778 7.063202
v -39.93883 1.258609 7.064774
v -39.29453 1.335778 7.287338
v -39.10822 1.258609 7.287338
v -39.77749 1.335778 7.157928
v -39.99847 1.258609 7.287338
v -39.81216 1.335778 7.287338
v -39.3292 1.335778 7.416748
v -39.16786 1.258609 7.509903
v -39.42393 1.335778 7.511475
v -39.33079 1.258609 7.672821
v -39.55334 1.335778 7.546158
v -39.55334 1.258609 7.732452
v -39.68275 1.335778 7.511475
v -39.7759 1.258609 7.672821
v -39.77749 1.335778 7.416748
v -39.93883 1.258609 7.509903
v -39.55334 -0.6301484 7.287338
v -39.42393 -0.5960743 7.063202
v -39.55334 -0.5960743 7.028519
v -39.33079 -0.5189058 6.901855
v -39.55334 -0.5189058 6.842224
v -39.16786 -0.5189058 7.064774
v -39.68275 -0.5960743 7.063202
v -39.7759 -0.5189058 6.901855
v -39.3292 -0.5960743 7.157928
v -39.10822 -0.5189058 7.287338
v -39.77749 -0.5960743 7.157928
v -39.93883 -0.5189058 7.064774
v -39.81216 -0.5960743 7.287338
v -39.99847 -0.5189058 7.287338
v -39.29453 -0.5960743 7.287338
v -39.16786 -0.5189058 7.509903
v -39.3292 -0.5960743 7.416748
v -39.33079 -0.5189058 7.672821
v -39.42393 -0.5960742 7.511475
v -39.55334 -0.5189058 7.732452
v -39.55334 -0.5960742 7.546158
v -39.7759 -0.5189058 7.672821
v -39.68275 -0.5960742 7.511475
v -39.93883 -0.5189058 7.509903
v -39.77749 -0.5960743 7.416748
v -39.55334 1.076958 6.580231
v -39.2561 1.076958 6.659882
v -39.3363 1.2 6.798737
v -39.55334 1.2 6.740585
v -39.85059 1.076958 6.659882
v -39.77039 1.2 6.798737
v -39.55334 -0.3372552 6.580231
v -39.2561 -0.3372552 6.659882
v -39.17659 -0.1301484 6.522263
v -39.55334 -0.1301484 6.42131
v -39.85059 -0.3372552 6.659882
v -39.12659 0.1110325 6.43576
v -39.9301 -0.1301484 6.522263
v -39.55334 0.1110325 6.321411
v -39.10954 0.3698516 6.40625
v -39.98009 0.1110325 6.43576
v -39.55334 0.3698516 6.287338
v -39.12659 0.6286708 6.43576
v -39.99715 0.3698516 6.40625
v -39.55334 0.6286708 6.321411
v -39.17659 0.8698516 6.522263
v -39.98009 0.6286708 6.43576
v -39.55334 0.8698516 6.42131
v -39.9301 0.8698516 6.522263
v -39.55334 -0.4602968 6.740585
v -39.3363 -0.4602968 6.798737
v -39.77039 -0.4602968 6.798737
v -38.86133 1.076959 7.343643
v -39.07984 1.2 7.560715
v -39.02168 1.2 7.343674
v -38.94097 1.076959 7.640884
v -39.23872 1.2 7.719604
v -38.70239 0.8698516 7.343597
v -39.15857 1.076959 7.85849
v -38.80334 0.8698517 7.720352
v -38.60248 0.6286708 7.343552
v -39.07915 0.8698517 7.996155
v -38.71683 0.6286708 7.770294
v -38.56841 0.3698517 7.343536
v -39.02923 0.6286708 8.082703
v -38.68732 0.3698517 7.787338
v -38.60248 0.1110326 7.343552
v -39.01221 0.3698517 8.112228
v -38.71683 0.1110326 7.770294
v -38.70239 -0.1301483 7.343597
v -39.02923 0.1110326 8.082703
v -38.80334 -0.1301483 7.720352
v -38.86133 -0.3372552 7.343643
v -39.07915 -0.1301483 7.996155
v -38.94097 -0.3372552 7.640884
v -39.02168 -0.4602968 7.343674
v -39.15857 -0.3372551 7.85849
v -39.07984 -0.4602968 7.560715
v -39.23872 -0.4602968 7.719604
v -39.3363 -0.4602968 7.77594
v -39.55334 -0.3372551 7.994446
v -39.2561 -0.3372551 7.914795
v -39.55334 -0.4602968 7.834091
v -39.85059 -0.3372551 7.914795
v -39.77039 -0.4602968 7.77594
v -39.17659 0.8698517 8.052414
v -39.55334 1.076959 7.994446
v -39.2561 1.076959 7.914795
v -39.55334 0.8698517 8.153366
v -39.85059 1.076959 7.914795
v -39.12659 0.6286708 8.138916
v -39.9301 0.8698517 8.052414
v -39.55334 0.6286708 8.253265
v -39.10954 0.3698517 8.168427
v -39.98009 0.6286708 8.138916
v -39.55334 0.3698517 8.287338
v -39.12659 0.1110326 8.138916
v -39.99715 0.3698517 8.168427
v -39.55334 0.1110326 8.253265
v -39.17659 -0.1301483 8.052414
v -39.98009 0.1110326 8.138916
v -39.55334 -0.1301483 8.153366
v -39.9301 -0.1301483 8.052414
v -39.55334 1.2 7.834091
v -39.3363 1.2 7.77594
v -39.77039 1.2 7.77594
v -39.94812 1.076959 7.85849
v -40.02685 1.2 7.560715
v -39.86797 1.2 7.719604
v -40.16572 1.076959 7.640884
v -40.08501 1.2 7.343674
v -40.02754 0.8698517 7.996155
v -40.24536 1.076959 7.343643
v -40.30334 0.8698517 7.720352
v -40.07746 0.6286708 8.082703
v -40.4043 0.8698516 7.343597
v -40.38986 0.6286708 7.770294
v -40.09448 0.3698517 8.112228
v -40.50421 0.6286708 7.343552
v -40.41937 0.3698517 7.787338
v -40.07746 0.1110326 8.082703
v -40.53828 0.3698517 7.343536
v -40.38986 0.1110326 7.770294
v -40.02754 -0.1301483 7.996155
v -40.50421 0.1110326 7.343552
v -40.30334 -0.1301483 7.720352
v -39.94812 -0.3372551 7.85849
v -40.4043 -0.1301483 7.343597
v -40.16572 -0.3372552 7.640884
v -39.86797 -0.4602968 7.719604
v -40.24536 -0.3372552 7.343643
v -40.02685 -0.4602968 7.560715
v -40.08501 -0.4602968 7.343674
v -40.24536 1.076959 7.231033
v -40.02685 1.2 7.013962
v -40.08501 1.2 7.231003
v -40.16572 1.076959 6.933792
v -39.86797 1.2 6.855072
v -40.4043 0.8698516 7.231079
v -39.94812 1.076958 6.716187
v -40.30334 0.8698516 6.854324
v -40.50421 0.6286708 7.231125
v -40.02754 0.8698516 6.578522
v -40.38986 0.6286708 6.804382
v -40.53828 0.3698517 7.23114
v -40.07746 0.6286708 6.491974
v -40.41937 0.3698516 6.787338
v -40.50421 0.1110326 7.231125
v -40.09448 0.3698516 6.462448
v -40.38986 0.1110325 6.804382
v -40.4043 -0.1301483 7.231079
v -40.07746 0.1110325 6.491974
v -40.30334 -0.1301484 6.854324
v -40.24536 -0.3372552 7.231033
v -40.02754 -0.1301484 6.578522
v -40.16572 -0.3372552 6.933792
v -40.08501 -0.4602968 7.231003
v -39.94812 -0.3372552 6.716187
v -40.02685 -0.4602968 7.013962
v -39.86797 -0.4602968 6.855072
v -39.3373 1.212804 6.859711
v -39.30794 1.206404 6.862274
v -39.29102 1.212804 6.886414
v -39.13227 1.212602 7.044235
v -39.07498 1.212804 7.26062
v -39.29102 -0.4731011 6.886414
v -39.30794 -0.466701 6.862274
v -39.3373 -0.4731011 6.859711
v -39.55334 -0.4728984 6.801117
v -39.76939 -0.4731011 6.859711
v -39.06253 1.206404 7.287338
v -39.07498 1.212804 7.314056
v -39.13227 1.212602 7.530441
v -39.29102 1.212804 7.688263
v -39.07498 -0.473101 7.314056
v -39.06253 -0.4667009 7.287338
v -39.07498 -0.473101 7.26062
v -39.13227 -0.4728984 7.044235
v -39.30794 1.206404 7.712402
v -39.3373 1.212804 7.714966
v -39.55334 1.212602 7.77356
v -39.76939 1.212804 7.714966
v -39.3373 -0.473101 7.714966
v -39.30794 -0.4667009 7.712402
v -39.29102 -0.473101 7.688263
v -39.13227 -0.4728984 7.530441
v -39.79875 1.206404 7.712402
v -39.81567 1.212804 7.688263
v -39.97442 1.212602 7.530441
v -40.03171 1.212804 7.314056
v -39.81567 -0.473101 7.688263
v -39.79875 -0.4667009 7.712402
v -39.76939 -0.473101 7.714966
v -39.55334 -0.4728984 7.77356
v -40.07391 1.18492 7.287338
v -40.04416 1.206404 7.287338
v -39.81363 1.18492 7.738159
v -39.89446 1.061132 7.878174
v -40.03171 1.212804 7.26062
v -39.97442 1.212602 7.044235
v -39.81567 1.212804 6.886414
v -40.03171 -0.473101 7.26062
v -40.04416 -0.4667009 7.287338
v -40.03171 -0.473101 7.314056
v -40.07391 -0.4452168 7.287338
v -40.23558 -0.3214289 7.287338
v -39.79875 1.206404 6.862274
v -39.76939 1.212804 6.859711
v -39.55334 1.212602 6.801117
v -39.81363 -0.4452168 6.836517
v -39.79875 -0.466701 6.862274
v -39.81567 -0.4731011 6.886414
v -39.97442 -0.4728984 7.044235
v -39.21223 1.061132 6.696503
v -39.29306 1.18492 6.836517
v -39.03278 1.18492 7.287338
v -38.87111 1.061132 7.287338
v -39.81363 1.18492 6.836517
v -39.89446 1.061132 6.696503
v -39.13453 0.8586764 6.56192
v -39.08568 0.622891 6.477325
v -39.06902 0.3698516 6.448456
v -39.08568 0.1168123 6.477325
v -39.13453 -0.1189732 6.56192
v -39.21223 -0.321429 6.696503
v -39.29306 -0.4452168 6.836517
v -39.03278 -0.4452168 7.287338
v -38.87111 -0.3214289 7.287338
v -39.29306 1.18492 7.738159
v -39.21223 1.061132 7.878174
v -38.71571 0.8586764 7.287338
v -38.61801 0.622891 7.287338
v -38.58469 0.3698517 7.287338
v -38.61801 0.1168123 7.287338
v -38.71571 -0.1189732 7.287338
v -39.29306 -0.4452168 7.738159
v -39.21223 -0.3214289 7.878174
v -39.13453 0.8586764 8.012756
v -39.08568 0.6228911 8.097351
v -39.06902 0.3698517 8.126221
v -39.08568 0.1168123 8.097351
v -39.13453 -0.1189731 8.012756
v -39.81363 -0.4452168 7.738159
v -39.89446 -0.3214289 7.878174
v -39.97216 0.8586764 8.012756
v -40.02101 0.6228911 8.097351
v -40.03767 0.3698517 8.126221
v -40.02101 0.1168123 8.097351
v -39.97216 -0.1189731 8.012756
v -39.97442 -0.4728984 7.530441
v -40.23558 1.061132 7.287338
v -40.39098 0.8586764 7.287338
v -40.48868 0.622891 7.287338
v -40.522 0.3698517 7.287338
v -40.48868 0.1168123 7.287338
v -40.39098 -0.1189732 7.287338
v -39.89446 -0.321429 6.696503
v -39.97216 0.8586764 6.56192
v -40.02101 0.622891 6.477325
v -40.03767 0.3698516 6.448456
v -40.02101 0.1168123 6.477325
v -39.97216 -0.1189732 6.56192
v 10.91751 -0.1279548 30.2825
v 11.00101 -0.09052096 30.31709
v 11.0468 -0.09052097 30.08687
v 10.95642 -0.1279548 30.08687
v 10.83401 -0.09052097 30.24792
v 11.08423 -0.0001472196 30.08687
v 11.03558 -0.0001472089 30.33142
v 10.86604 -0.09052097 30.08687
v 10.79942 -0.0001472132 30.2336
v 11.0468 0.09022642 30.08687
v 11.00101 0.09022643 30.31709
v 10.82861 -0.0001472196 30.08687
v 10.83401 0.09022642 30.24792
v 10.95642 0.1276605 30.08687
v 10.91751 0.1276604 30.2825
v 10.86604 0.09022642 30.08687
v 11.00101 -0.09052099 29.85664
v 10.91751 -0.1279548 29.89124
v 11.03558 -0.0001472303 29.84232
v 10.83401 -0.09052098 29.92581
v 11.00101 0.09022652 29.85664
v 10.79942 -0.000147226 29.94014
v 10.91751 0.1276605 29.89124
v 10.83401 0.09022653 29.92581
v 10.64082 -0.1279548 30.55917
v 10.67542 -0.09052095 30.64267
v 10.87059 -0.09052096 30.51227
v 10.80669 -0.1279548 30.44836
v 10.60625 -0.09052096 30.47569
v 10.89706 -0.0001471999 30.53873
v 10.68974 -0.0001471938 30.67726
v 10.74278 -0.09052096 30.38446
v 10.59192 -0.0001472041 30.4411
v 10.87059 0.09022643 30.51227
v 10.67542 0.09022644 30.64267
v 10.71631 -0.0001472078 30.35799
v 10.60625 0.09022643 30.47569
v 10.80669 0.1276604 30.44836
v 10.64082 0.1276604 30.55917
v 10.74278 0.09022643 30.38446
v 10.24956 -0.1279548 30.55917
v 10.21497 -0.09052095 30.64267
v 10.44519 -0.09052095 30.68848
v 10.44519 -0.1279548 30.5981
v 10.28413 -0.09052096 30.47569
v 10.44519 -0.0001471917 30.72591
v 10.20064 -0.0001471938 30.67726
v 10.44519 -0.09052096 30.50772
v 10.29846 -0.0001472041 30.4411
v 10.44519 0.09022644 30.68848
v 10.21497 0.09022644 30.64267
v 10.44519 -0.0001472029 30.47029
v 10.28413 0.09022643 30.47569
v 10.44519 0.1276604 30.5981
v 10.24956 0.1276604 30.55917
v 10.44519 0.09022643 30.50772
v 9.97287 -0.1279548 30.2825
v 9.889374 -0.09052096 30.31709
v 10.01979 -0.09052096 30.51227
v 10.08369 -0.1279548 30.44836
v 10.05637 -0.09052097 30.24792
v 9.993317 -0.0001471999 30.53873
v 9.854797 -0.0001472089 30.33142
v 10.1476 -0.09052096 30.38446
v 10.09096 -0.0001472132 30.2336
v 10.01979 0.09022643 30.51227
v 9.889374 0.09022643 30.31709
v 10.17407 -0.0001472078 30.35799
v 10.05637 0.09022642 30.24792
v 10.08369 0.1276604 30.44836
v 9.97287 0.1276604 30.2825
v 10.1476 0.09022643 30.38446
v 9.97287 -0.1279548 29.89124
v 9.889374 -0.09052099 29.85664
v 9.843582 -0.09052097 30.08687
v 9.93396 -0.1279548 30.08687
v 10.05637 -0.09052098 29.92581
v 9.806152 -0.0001472196 30.08687
v 9.854797 -0.0001472303 29.84232
v 10.02434 -0.09052097 30.08687
v 10.09096 -0.000147226 29.94014
v 9.843582 0.09022642 30.08687
v 9.889374 0.09022652 29.85664
v 10.06177 -0.0001472196 30.08687
v 10.05637 0.09022653 29.92581
v 9.93396 0.1276605 30.08687
v 9.97287 0.1276605 29.89124
v 10.02434 0.09022642 30.08687
v 10.24956 -0.1279549 29.61456
v 10.21497 -0.090521 29.53107
v 10.01979 -0.09052099 29.66147
v 10.08369 -0.1279549 29.72537
v 10.28413 -0.09052099 29.69804
v 9.993317 -0.0001472394 29.63501
v 10.20064 -0.0001472454 29.49648
v 10.1476 -0.09052099 29.78928
v 10.29846 -0.0001472351 29.73264
v 10.01979 0.09022652 29.66147
v 10.21497 0.09022651 29.53107
v 10.17407 -0.0001472315 29.81575
v 10.28413 0.09022652 29.69804
v 10.08369 0.1276605 29.72537
v 10.24956 0.1276605 29.61456
v 10.1476 0.09022652 29.78928
v 10.64082 -0.1279549 29.61456
v 10.67542 -0.090521 29.53107
v 10.44519 -0.090521 29.48526
v 10.44519 -0.1279549 29.57564
v 10.60625 -0.09052099 29.69804
v 10.44519 -0.0001472476 29.44783
v 10.68974 -0.0001472454 29.49648
v 10.44519 -0.09052099 29.66602
v 10.59192 -0.0001472351 29.73264
v 10.44519 0.09022651 29.48526
v 10.67542 0.09022651 29.53107
v 10.44519 -0.0001472364 29.70345
v 10.60625 0.09022652 29.69804
v 10.44519 0.1276605 29.57564
v 10.64082 0.1276605 29.61456
v 10.44519 0.09022652 29.66602
v 10.87059 -0.09052099 29.66147
v 10.80669 -0.1279549 29.72537
v 10.89706 -0.0001472394 29.63501
v 10.74278 -0.09052099 29.78928
v 10.87059 0.09022652 29.66147
v 10.71631 -0.0001472315 29.81575
v 10.80669 0.1276605 29.72537
v 10.74278 0.09022652 29.78928
v -20.46786 -0.1569741 47.63042
v -20.38436 -0.1195403 47.66501
v -20.33856 -0.1195403 47.43478
v -20.42894 -0.1569742 47.43478
v -20.55135 -0.1195403 47.59583
v -20.30113 -0.02916653 47.43478
v -20.34978 -0.02916652 47.67932
v -20.51931 -0.1195403 47.43478
v -20.58593 -0.02916653 47.58151
v -20.33856 0.06120722 47.43478
v -20.38436 0.06120723 47.66501
v -20.55675 -0.02916653 47.43478
v -20.55135 0.06120723 47.59583
v -20.42894 0.0986412 47.43478
v -20.46786 0.09864109 47.63042
v -20.51931 0.06120722 47.43478
v -20.38436 -0.1195403 47.20456
v -20.46786 -0.1569742 47.23914
v -20.34978 -0.02916654 47.19022
v -20.55135 -0.1195403 47.27371
v -20.38436 0.06120721 47.20456
v -20.58593 -0.02916654 47.28806
v -20.46786 0.09864119 47.23914
v -20.55135 0.06120722 47.27371
v -20.74453 -0.1569741 47.90709
v -20.70995 -0.1195403 47.99059
v -20.51477 -0.1195403 47.86017
v -20.57867 -0.1569741 47.79626
v -20.77911 -0.1195403 47.82361
v -20.4883 -0.02916651 47.88664
v -20.69562 -0.02916651 48.02518
v -20.64258 -0.1195403 47.73236
v -20.79344 -0.02916652 47.78902
v -20.51477 0.06120724 47.86017
v -20.70995 0.06120725 47.99059
v -20.66905 -0.02916652 47.7059
v -20.77911 0.06120724 47.82361
v -20.57867 0.0986411 47.79626
v -20.74453 0.0986411 47.90709
v -20.64258 0.06120723 47.73236
v -21.13581 -0.1569741 47.90709
v -21.17039 -0.1195403 47.99059
v -20.94017 -0.1195403 48.03638
v -20.94017 -0.1569741 47.94601
v -21.10123 -0.1195403 47.82361
v -20.94017 -0.0291665 48.07382
v -21.18472 -0.02916651 48.02518
v -20.94017 -0.1195403 47.85564
v -21.0869 -0.02916652 47.78902
v -20.94017 0.06120725 48.03638
v -21.17039 0.06120725 47.99059
v -20.94017 -0.02916652 47.81821
v -21.10123 0.06120724 47.82361
v -20.94017 0.0986411 47.94601
v -21.13581 0.0986411 47.90709
v -20.94017 0.06120724 47.85564
v -21.41248 -0.1569741 47.63042
v -21.49598 -0.1195403 47.66501
v -21.36557 -0.1195403 47.86017
v -21.30167 -0.1569741 47.79626
v -21.32899 -0.1195403 47.59583
v -21.39204 -0.02916651 47.88664
v -21.53056 -0.02916652 47.67932
v -21.23776 -0.1195403 47.73236
v -21.29441 -0.02916653 47.58151
v -21.36557 0.06120724 47.86017
v -21.49598 0.06120723 47.66501
v -21.21129 -0.02916652 47.7059
v -21.32899 0.06120723 47.59583
v -21.30167 0.0986411 47.79626
v -21.41248 0.09864109 47.63042
v -21.23776 0.06120723 47.73236
v -21.41248 -0.1569742 47.23914
v -21.49598 -0.1195403 47.20456
v -21.54178 -0.1195403 47.43478
v -21.4514 -0.1569742 47.43478
v -21.32899 -0.1195403 47.27371
v -21.57921 -0.02916653 47.43478
v -21.53056 -0.02916654 47.19022
v -21.36103 -0.1195403 47.43478
v -21.29441 -0.02916654 47.28806
v -21.54178 0.06120722 47.43478
v -21.49598 0.06120721 47.20456
v -21.32359 -0.02916653 47.43478
v -21.32899 0.06120722 47.27371
v -21.4514 0.0986412 47.43478
v -21.41248 0.09864119 47.23914
v -21.36103 0.06120722 47.43478
v -21.13581 -0.1569742 46.96246
v -21.17039 -0.1195403 46.87897
v -21.36557 -0.1195403 47.00937
v -21.30167 -0.1569742 47.07327
v -21.10123 -0.1195403 47.04596
v -21.39204 -0.02916655 46.98291
v -21.18472 -0.02916656 46.84439
v -21.23776 -0.1195403 47.13718
v -21.0869 -0.02916655 47.08054
v -21.36557 0.06120721 47.00937
v -21.17039 0.0612072 46.87897
v -21.21129 -0.02916654 47.16367
v -21.10123 0.06120721 47.04596
v -21.30167 0.09864119 47.07327
v -21.13581 0.09864119 46.96246
v -21.23776 0.06120721 47.13718
v -20.74453 -0.1569742 46.96246
v -20.70995 -0.1195403 46.87897
v -20.94017 -0.1195403 46.83318
v -20.94017 -0.1569742 46.92355
v -20.77911 -0.1195403 47.04596
v -20.94017 -0.02916656 46.79575
v -20.69562 -0.02916656 46.84439
v -20.94017 -0.1195403 47.01392
v -20.79344 -0.02916655 47.08054
v -20.94017 0.0612072 46.83318
v -20.70995 0.0612072 46.87897
v -20.94017 -0.02916655 47.05136
v -20.77911 0.06120721 47.04596
v -20.94017 0.09864118 46.92355
v -20.74453 0.09864119 46.96246
v -20.94017 0.06120721 47.01392
v -20.51477 -0.1195403 47.00937
v -20.57867 -0.1569742 47.07327
v -20.4883 -0.02916655 46.98291
v -20.64258 -0.1195403 47.13718
v -20.51477 0.06120721 47.00937
v -20.66905 -0.02916654 47.16367
v -20.57867 0.09864119 47.07327
v -20.64258 0.06120721 47.13718
v 33.11859 1.076963 113.3964
v 33.19733 1.200005 113.6942
v 33.03844 1.200005 113.5353
v 33.33618 1.076963 113.614
v 33.25548 1.200005 113.9112
v 33.19801 0.8698563 113.2587
v 33.41583 1.076963 113.9112
v 33.47382 0.8698563 113.5345
v 33.24792 0.6286754 113.1722
v 33.57477 0.8698564 113.9113
v 33.56033 0.6286754 113.4846
v 33.26495 0.3698563 113.1426
v 33.67468 0.6286755 113.9113
v 33.58984 0.3698563 113.4675
v 33.24792 0.1110372 113.1722
v 33.70876 0.3698563 113.9113
v 33.56033 0.1110372 113.4846
v 33.19801 -0.1301437 113.2587
v 33.67468 0.1110372 113.9113
v 33.47382 -0.1301437 113.5345
v 33.11859 -0.3372505 113.3964
v 33.57477 -0.1301437 113.9113
v 33.33618 -0.3372505 113.614
v 33.03844 -0.4602921 113.5353
v 33.41583 -0.3372505 113.9112
v 33.19733 -0.4602921 113.6942
v 33.25548 -0.4602921 113.9112
v 32.72382 1.335782 113.7087
v 32.85323 1.335782 113.7434
v 32.72382 1.369856 113.9675
v 32.72382 1.258614 113.5224
v 32.94638 1.258614 113.582
v 32.50125 1.258614 113.582
v 32.94795 1.335782 113.8381
v 33.1093 1.258614 113.745
v 32.59441 1.335782 113.7434
v 32.33833 1.258614 113.745
v 32.98264 1.335782 113.9675
v 33.16893 1.258614 113.9675
v 32.49968 1.335782 113.8381
v 32.2787 1.258614 113.9675
v 32.465 1.335782 113.9675
v 32.94795 1.335782 114.0969
v 33.1093 1.258614 114.1901
v 32.85323 1.335782 114.1917
v 32.94638 1.258614 114.353
v 32.72382 1.335782 114.2263
v 32.72382 1.258614 114.4127
v 32.59441 1.335782 114.1917
v 32.50125 1.258614 114.353
v 32.49968 1.335782 114.0969
v 32.33833 1.258614 114.1901
v 32.72382 -0.6301436 113.9675
v 32.85323 -0.5960696 113.7434
v 32.72382 -0.5960696 113.7087
v 32.94638 -0.5189012 113.582
v 32.72382 -0.5189012 113.5224
v 33.1093 -0.5189012 113.745
v 32.59441 -0.5960696 113.7434
v 32.50125 -0.5189012 113.582
v 32.94795 -0.5960696 113.8381
v 33.16893 -0.5189011 113.9675
v 32.49968 -0.5960696 113.8381
v 32.33833 -0.5189012 113.745
v 32.465 -0.5960696 113.9675
v 32.2787 -0.5189011 113.9675
v 32.98264 -0.5960696 113.9675
v 33.1093 -0.5189011 114.1901
v 32.94795 -0.5960696 114.0969
v 32.94638 -0.5189011 114.353
v 32.85323 -0.5960696 114.1917
v 32.72382 -0.5189011 114.4127
v 32.72382 -0.5960696 114.2263
v 32.50125 -0.5189011 114.353
v 32.59441 -0.5960696 114.1917
v 32.33833 -0.5189011 114.1901
v 32.49968 -0.5960696 114.0969
v 32.72382 1.076963 113.2604
v 33.02106 1.076963 113.3401
v 32.94086 1.200005 113.4789
v 32.72382 1.200005 113.4208
v 32.42657 1.076963 113.3401
v 32.50677 1.200005 113.4789
v 32.72382 -0.3372505 113.2604
v 33.02106 -0.3372505 113.3401
v 33.10057 -0.1301437 113.2025
v 32.72382 -0.1301437 113.1015
v 32.42657 -0.3372505 113.3401
v 33.15056 0.1110372 113.116
v 32.34706 -0.1301437 113.2025
v 32.72382 0.1110372 113.0016
v 33.16762 0.3698563 113.0864
v 32.29707 0.1110372 113.116
v 32.72382 0.3698563 112.9675
v 33.15056 0.6286754 113.116
v 32.28001 0.3698563 113.0864
v 32.72382 0.6286754 113.0016
v 33.10057 0.8698563 113.2025
v 32.29707 0.6286754 113.116
v 32.72382 0.8698563 113.1015
v 32.34706 0.8698563 113.2025
v 32.72382 -0.4602922 113.4208
v 32.94086 -0.4602922 113.4789
v 32.50677 -0.4602922 113.4789
v 33.41583 1.076963 114.0238
v 33.19733 1.200005 114.2409
v 33.25548 1.200005 114.0239
v 33.33618 1.076963 114.3211
v 33.03844 1.200005 114.3998
v 33.57477 0.8698564 114.0238
v 33.11859 1.076963 114.5387
v 33.47382 0.8698564 114.4005
v 33.67468 0.6286755 114.0237
v 33.19801 0.8698564 114.6763
v 33.56033 0.6286755 114.4505
v 33.70876 0.3698563 114.0237
v 33.24792 0.6286755 114.7629
v 33.58984 0.3698564 114.4675
v 33.67468 0.1110372 114.0237
v 33.26495 0.3698564 114.7924
v 33.56033 0.1110372 114.4505
v 33.57477 -0.1301437 114.0238
v 33.24792 0.1110373 114.7629
v 33.47382 -0.1301436 114.4005
v 33.41583 -0.3372505 114.0238
v 33.19801 -0.1301436 114.6763
v 33.33618 -0.3372505 114.3211
v 33.25548 -0.4602921 114.0239
v 33.11859 -0.3372505 114.5387
v 33.19733 -0.4602921 114.2409
v 33.03844 -0.4602921 114.3998
v 32.94086 -0.4602921 114.4561
v 32.72382 -0.3372505 114.6746
v 33.02106 -0.3372505 114.595
v 32.72382 -0.4602921 114.5143
v 32.42657 -0.3372505 114.595
v 32.50677 -0.4602921 114.4561
v 33.10057 0.8698564 114.7326
v 32.72382 1.076963 114.6746
v 33.02106 1.076963 114.595
v 32.72382 0.8698564 114.8336
v 32.42657 1.076963 114.595
v 33.15056 0.6286755 114.8191
v 32.34706 0.8698564 114.7326
v 32.72382 0.6286755 114.9335
v 33.16762 0.3698564 114.8486
v 32.29707 0.6286755 114.8191
v 32.72382 0.3698564 114.9675
v 33.15056 0.1110373 114.8191
v 32.28001 0.3698564 114.8486
v 32.72382 0.1110373 114.9335
v 33.10057 -0.1301436 114.7326
v 32.29707 0.1110373 114.8191
v 32.72382 -0.1301436 114.8336
v 32.34706 -0.1301436 114.7326
v 32.72382 1.200005 114.5143
v 32.94086 1.200005 114.4561
v 32.50677 1.200005 114.4561
v 32.32904 1.076963 114.5387
v 32.25031 1.200005 114.2409
v 32.40919 1.200005 114.3998
v 32.11145 1.076963 114.3211
v 32.19215 1.200005 114.0239
v 32.24962 0.8698564 114.6763
v 32.0318 1.076963 114.0238
v 31.97382 0.8698564 114.4005
v 32.19971 0.6286755 114.7629
v 31.87286 0.8698564 114.0238
v 31.8873 0.6286755 114.4505
v 32.18268 0.3698564 114.7924
v 31.77295 0.6286755 114.0237
v 31.85779 0.3698564 114.4675
v 32.19971 0.1110373 114.7629
v 31.73888 0.3698563 114.0237
v 31.8873 0.1110372 114.4505
v 32.24962 -0.1301436 114.6763
v 31.77295 0.1110372 114.0237
v 31.97382 -0.1301436 114.4005
v 32.32904 -0.3372505 114.5387
v 31.87286 -0.1301437 114.0238
v 32.11145 -0.3372505 114.3211
v 32.40919 -0.4602921 114.3998
v 32.0318 -0.3372505 114.0238
v 32.25031 -0.4602921 114.2409
v 32.19215 -0.4602921 114.0239
v 32.0318 1.076963 113.9112
v 32.25031 1.200005 113.6942
v 32.19215 1.200005 113.9112
v 32.11145 1.076963 113.614
v 32.40919 1.200005 113.5353
v 31.87286 0.8698564 113.9113
v 32.32904 1.076963 113.3964
v 31.97382 0.8698563 113.5345
v 31.77295 0.6286755 113.9113
v 32.24962 0.8698563 113.2587
v 31.8873 0.6286754 113.4846
v 31.73888 0.3698563 113.9113
v 32.19971 0.6286754 113.1722
v 31.85779 0.3698563 113.4675
v 31.77295 0.1110372 113.9113
v 32.18268 0.3698563 113.1426
v 31.8873 0.1110372 113.4846
v 31.87286 -0.1301437 113.9113
v 32.19971 0.1110372 113.1722
v 31.97382 -0.1301437 113.5345
v 32.0318 -0.3372505 113.9112
v 32.24962 -0.1301437 113.2587
v 32.11145 -0.3372505 113.614
v 32.19215 -0.4602921 113.9112
v 32.32904 -0.3372505 113.3964
v 32.25031 -0.4602921 113.6942
v 32.40919 -0.4602921 113.5353
v 32.93987 1.212809 113.5399
v 32.96922 1.206409 113.5425
v 32.98613 1.212809 113.5666
v 33.14488 1.212606 113.7244
v 33.20218 1.212809 113.9408
v 32.98613 -0.4730964 113.5666
v 32.96922 -0.4666963 113.5425
v 32.93987 -0.4730964 113.5399
v 32.72382 -0.4728938 113.4813
v 32.50777 -0.4730964 113.5399
v 33.21463 1.206409 113.9675
v 33.20218 1.212809 113.9942
v 33.14488 1.212606 114.2106
v 32.98613 1.212809 114.3685
v 33.20218 -0.4730964 113.9942
v 33.21463 -0.4666963 113.9675
v 33.20218 -0.4730964 113.9408
v 33.14488 -0.4728937 113.7244
v 32.96922 1.206409 114.3926
v 32.93987 1.212809 114.3952
v 32.72382 1.212606 114.4538
v 32.50777 1.212809 114.3952
v 32.93987 -0.4730964 114.3952
v 32.96922 -0.4666963 114.3926
v 32.98613 -0.4730964 114.3685
v 33.14488 -0.4728937 114.2106
v 32.47841 1.206409 114.3926
v 32.4615 1.212809 114.3685
v 32.30275 1.212606 114.2106
v 32.24545 1.212809 113.9942
v 32.4615 -0.4730964 114.3685
v 32.47841 -0.4666963 114.3926
v 32.50777 -0.4730964 114.3952
v 32.72382 -0.4728937 114.4538
v 32.20325 1.184925 113.9675
v 32.233 1.206409 113.9675
v 32.46353 1.184925 114.4184
v 32.38269 1.061137 114.5584
v 32.24545 1.212809 113.9408
v 32.30275 1.212606 113.7244
v 32.4615 1.212809 113.5666
v 32.24545 -0.4730964 113.9408
v 32.233 -0.4666963 113.9675
v 32.24545 -0.4730964 113.9942
v 32.20325 -0.4452122 113.9675
v 32.04158 -0.3214243 113.9675
v 32.47841 1.206409 113.5425
v 32.50777 1.212809 113.5399
v 32.72382 1.212606 113.4813
v 32.46353 -0.4452122 113.5167
v 32.47841 -0.4666963 113.5425
v 32.4615 -0.4730964 113.5666
v 32.30275 -0.4728937 113.7244
v 33.06494 1.061137 113.3767
v 32.9841 1.184925 113.5167
v 33.24438 1.184925 113.9675
v 33.40605 1.061137 113.9675
v 32.46353 1.184925 113.5167
v 32.38269 1.061137 113.3767
v 33.14264 0.858681 113.2421
v 33.19148 0.6228957 113.1575
v 33.20815 0.3698563 113.1287
v 33.19148 0.1168169 113.1575
v 33.14264 -0.1189685 113.2421
v 33.06494 -0.3214243 113.3767
v 32.9841 -0.4452122 113.5167
v 33.24438 -0.4452122 113.9675
v 33.40605 -0.3214243 113.9675
v 32.9841 1.184925 114.4184
v 33.06494 1.061137 114.5584
v 33.56145 0.8586811 113.9675
v 33.65915 0.6228957 113.9675
v 33.69247 0.3698563 113.9675
v 33.65915 0.116817 113.9675
v 33.56145 -0.1189685 113.9675
v 32.9841 -0.4452121 114.4184
v 33.06494 -0.3214242 114.5584
v 33.14264 0.8586811 114.6929
v 33.19148 0.6228957 114.7775
v 33.20815 0.3698564 114.8064
v 33.19148 0.116817 114.7775
v 33.14264 -0.1189685 114.6929
v 32.46353 -0.4452121 114.4184
v 32.38269 -0.3214242 114.5584
v 32.30499 0.8586811 114.6929
v 32.25615 0.6228957 114.7775
v 32.23949 0.3698564 114.8064
v 32.25615 0.116817 114.7775
v 32.30499 -0.1189685 114.6929
v 32.30275 -0.4728937 114.2106
v 32.04158 1.061137 113.9675
v 31.88618 0.8586811 113.9675
v 31.78848 0.6228957 113.9675
v 31.75516 0.3698563 113.9675
v 31.78848 0.116817 113.9675
v 31.88618 -0.1189685 113.9675
v 32.38269 -0.3214243 113.3767
v 32.30499 0.858681 113.2421
v 32.25615 0.6228957 113.1575
v 32.23949 0.3698563 113.1287
v 32.25615 0.1168169 113.1575
v 32.30499 -0.1189685 113.2421
v -24.34652 -0.1569713 113.0507
v -24.26302 -0.1195374 113.0852
v -24.21722 -0.1195374 112.855
v -24.3076 -0.1569713 112.855
v -24.43001 -0.1195374 113.0161
v -24.17979 -0.02916367 112.855
v -24.22844 -0.02916366 113.0996
v -24.39797 -0.1195374 112.855
v -24.46459 -0.02916367 113.0017
v -24.21722 0.06121008 112.855
v -24.26302 0.06121009 113.0852
v -24.43541 -0.02916367 112.855
v -24.43001 0.06121009 113.0161
v -24.3076 0.09864406 112.855
v -24.34652 0.09864395 113.0507
v -24.39797 0.06121008 112.855
v -24.26302 -0.1195374 112.6248
v -24.34652 -0.1569713 112.6594
v -24.22844 -0.02916368 112.6105
v -24.43001 -0.1195374 112.694
v -24.26302 0.06121007 112.6248
v -24.46459 -0.02916368 112.7083
v -24.34652 0.09864406 112.6594
v -24.43001 0.06121007 112.694
v -24.62319 -0.1569713 113.3273
v -24.58861 -0.1195374 113.4108
v -24.39343 -0.1195374 113.2804
v -24.45734 -0.1569713 113.2165
v -24.65778 -0.1195374 113.2438
v -24.36697 -0.02916365 113.3069
v -24.57428 -0.02916365 113.4454
v -24.52124 -0.1195374 113.1526
v -24.6721 -0.02916366 113.2092
v -24.39343 0.0612101 113.2804
v -24.58861 0.06121011 113.4108
v -24.54771 -0.02916366 113.1261
v -24.65778 0.0612101 113.2438
v -24.45734 0.09864396 113.2165
v -24.62319 0.09864397 113.3273
v -24.52124 0.0612101 113.1526
v -25.01447 -0.1569713 113.3273
v -25.04906 -0.1195374 113.4108
v -24.81883 -0.1195374 113.4566
v -24.81883 -0.1569713 113.3662
v -24.97989 -0.1195374 113.2438
v -24.81883 -0.02916365 113.494
v -25.06339 -0.02916365 113.4454
v -24.81883 -0.1195374 113.2759
v -24.96556 -0.02916366 113.2092
v -24.81883 0.06121011 113.4566
v -25.04906 0.06121011 113.4108
v -24.81883 -0.02916366 113.2384
v -24.97989 0.0612101 113.2438
v -24.81883 0.09864397 113.3662
v -25.01447 0.09864397 113.3273
v -24.81883 0.0612101 113.2759
v -25.29115 -0.1569713 113.0507
v -25.37464 -0.1195374 113.0852
v -25.24423 -0.1195374 113.2804
v -25.18033 -0.1569713 113.2165
v -25.20766 -0.1195374 113.0161
v -25.2707 -0.02916365 113.3069
v -25.40923 -0.02916366 113.0996
v -25.11642 -0.1195374 113.1526
v -25.17307 -0.02916367 113.0017
v -25.24423 0.0612101 113.2804
v -25.37464 0.06121009 113.0852
v -25.08995 -0.02916366 113.1261
v -25.20766 0.06121009 113.0161
v -25.18033 0.09864396 113.2165
v -25.29115 0.09864395 113.0507
v -25.11642 0.0612101 113.1526
v -25.29115 -0.1569713 112.6594
v -25.37464 -0.1195374 112.6248
v -25.42044 -0.1195374 112.855
v -25.33006 -0.1569713 112.855
v -25.20766 -0.1195374 112.694
v -25.45787 -0.02916367 112.855
v -25.40923 -0.02916368 112.6105
v -25.23969 -0.1195374 112.855
v -25.17307 -0.02916368 112.7083
v -25.42044 0.06121008 112.855
v -25.37464 0.06121007 112.6248
v -25.20226 -0.02916367 112.855
v -25.20766 0.06121007 112.694
v -25.33006 0.09864406 112.855
v -25.29115 0.09864406 112.6594
v -25.23969 0.06121008 112.855
v -25.01447 -0.1569713 112.3827
v -25.04906 -0.1195375 112.2992
v -25.24423 -0.1195374 112.4296
v -25.18033 -0.1569713 112.4935
v -24.97989 -0.1195374 112.4662
v -25.2707 -0.02916369 112.4031
v -25.06339 -0.0291637 112.2646
v -25.11642 -0.1195374 112.5574
v -24.96556 -0.02916369 112.5008
v -25.24423 0.06121006 112.4296
v -25.04906 0.06121006 112.2992
v -25.08995 -0.02916368 112.5839
v -24.97989 0.06121007 112.4662
v -25.18033 0.09864405 112.4935
v -25.01447 0.09864404 112.3827
v -25.11642 0.06121007 112.5574
v -24.62319 -0.1569713 112.3827
v -24.58861 -0.1195375 112.2992
v -24.81883 -0.1195375 112.2534
v -24.81883 -0.1569713 112.3438
v -24.65778 -0.1195374 112.4662
v -24.81883 -0.0291637 112.216
v -24.57428 -0.0291637 112.2646
v -24.81883 -0.1195374 112.4342
v -24.6721 -0.02916369 112.5008
v -24.81883 0.06121005 112.2534
v -24.58861 0.06121006 112.2992
v -24.81883 -0.02916369 112.4716
v -24.65778 0.06121007 112.4662
v -24.81883 0.09864404 112.3438
v -24.62319 0.09864404 112.3827
v -24.81883 0.06121006 112.4342
v -24.39343 -0.1195374 112.4296
v -24.45734 -0.1569713 112.4935
v -24.36697 -0.02916369 112.4031
v -24.52124 -0.1195374 112.5574
v -24.39343 0.06121006 112.4296
v -24.54771 -0.02916368 112.5839
v -24.45734 0.09864405 112.4935
v -24.52124 0.06121007 112.5574
v -38.55632 1.076966 167.9897
v -38.47759 1.200007 168.2874
v -38.63647 1.200007 168.1285
v -38.33872 1.076966 168.2072
v -38.41943 1.200007 168.5045
v -38.4769 0.8698587 167.852
v -38.25908 1.076966 168.5045
v -38.2011 0.8698587 168.1278
v -38.42698 0.6286778 167.7654
v -38.10014 0.8698587 168.5045
v -38.11458 0.6286778 168.0778
v -38.40996 0.3698587 167.7359
v -38.00023 0.6286778 168.5046
v -38.08507 0.3698587 168.0608
v -38.42698 0.1110396 167.7654
v -37.96616 0.3698587 168.5046
v -38.11458 0.1110396 168.0778
v -38.4769 -0.1301413 167.852
v -38.00023 0.1110396 168.5046
v -38.2011 -0.1301413 168.1278
v -38.55632 -0.3372481 167.9897
v -38.10014 -0.1301413 168.5045
v -38.33872 -0.3372481 168.2072
v -38.63647 -0.4602897 168.1285
v -38.25908 -0.3372481 168.5045
v -38.47759 -0.4602897 168.2874
v -38.41943 -0.4602897 168.5045
v -38.9511 1.335785 168.302
v -38.82169 1.335785 168.3367
v -38.9511 1.369859 168.5608
v -38.9511 1.258616 168.1157
v -38.72854 1.258616 168.1753
v -39.17365 1.258616 168.1753
v -38.72695 1.335785 168.4314
v -38.56561 1.258616 168.3382
v -39.08051 1.335785 168.3367
v -39.33658 1.258616 168.3382
v -38.69228 1.335785 168.5608
v -38.50597 1.258616 168.5608
v -39.17524 1.335785 168.4314
v -39.39622 1.258616 168.5608
v -39.20992 1.335785 168.5608
v -38.72695 1.335785 168.6902
v -38.56561 1.258616 168.7834
v -38.82169 1.335785 168.7849
v -38.72854 1.258616 168.9463
v -38.9511 1.335785 168.8196
v -38.9511 1.258616 169.0059
v -39.08051 1.335785 168.7849
v -39.17365 1.258616 168.9463
v -39.17524 1.335785 168.6902
v -39.33658 1.258616 168.7834
v -38.9511 -0.6301413 168.5608
v -38.82169 -0.5960672 168.3367
v -38.9511 -0.5960672 168.302
v -38.72854 -0.5188988 168.1753
v -38.9511 -0.5188988 168.1157
v -38.56561 -0.5188988 168.3382
v -39.08051 -0.5960672 168.3367
v -39.17365 -0.5188988 168.1753
v -38.72695 -0.5960672 168.4314
v -38.50597 -0.5188987 168.5608
v -39.17524 -0.5960672 168.4314
v -39.33658 -0.5188988 168.3382
v -39.20992 -0.5960672 168.5608
v -39.39622 -0.5188987 168.5608
v -38.69228 -0.5960672 168.5608
v -38.56561 -0.5188987 168.7834
v -38.72695 -0.5960672 168.6902
v -38.72854 -0.5188987 168.9463
v -38.82169 -0.5960672 168.7849
v -38.9511 -0.5188987 169.0059
v -38.9511 -0.5960672 168.8196
v -39.17365 -0.5188987 168.9463
v -39.08051 -0.5960672 168.7849
v -39.33658 -0.5188987 168.7834
v -39.17524 -0.5960672 168.6902
v -38.9511 1.076966 167.8537
v -38.65385 1.076966 167.9333
v -38.73405 1.200007 168.0722
v -38.9511 1.200007 168.014
v -39.24834 1.076966 167.9333
v -39.16814 1.200007 168.0722
v -38.9511 -0.3372481 167.8537
v -38.65385 -0.3372481 167.9333
v -38.57434 -0.1301413 167.7957
v -38.9511 -0.1301413 167.6948
v -39.24834 -0.3372481 167.9333
v -38.52435 0.1110396 167.7092
v -39.32785 -0.1301413 167.7957
v -38.9511 0.1110396 167.5949
v -38.50729 0.3698587 167.6797
v -39.37785 0.1110396 167.7092
v -38.9511 0.3698587 167.5608
v -38.52435 0.6286778 167.7092
v -39.3949 0.3698587 167.6797
v -38.9511 0.6286778 167.5949
v -38.57434 0.8698587 167.7957
v -39.37785 0.6286778 167.7092
v -38.9511 0.8698587 167.6948
v -39.32785 0.8698587 167.7957
v -38.9511 -0.4602898 168.014
v -38.73405 -0.4602897 168.0722
v -39.16814 -0.4602897 168.0722
v -38.25908 1.076966 168.6171
v -38.47759 1.200007 168.8342
v -38.41943 1.200007 168.6171
v -38.33872 1.076966 168.9144
v -38.63647 1.200007 168.9931
v -38.10014 0.8698587 168.6171
v -38.55632 1.076966 169.132
v -38.2011 0.8698587 168.9938
v -38.00023 0.6286778 168.617
v -38.4769 0.8698587 169.2696
v -38.11458 0.6286778 169.0438
v -37.96616 0.3698587 168.617
v -38.42698 0.6286778 169.3562
v -38.08507 0.3698587 169.0608
v -38.00023 0.1110396 168.617
v -38.40996 0.3698587 169.3857
v -38.11458 0.1110396 169.0438
v -38.10014 -0.1301413 168.6171
v -38.42698 0.1110397 169.3562
v -38.2011 -0.1301413 168.9938
v -38.25908 -0.3372481 168.6171
v -38.4769 -0.1301412 169.2696
v -38.33872 -0.3372481 168.9144
v -38.41943 -0.4602897 168.6171
v -38.55632 -0.3372481 169.132
v -38.47759 -0.4602897 168.8342
v -38.63647 -0.4602897 168.9931
v -38.73405 -0.4602897 169.0494
v -38.9511 -0.3372481 169.2679
v -38.65385 -0.3372481 169.1883
v -38.9511 -0.4602897 169.1075
v -39.24834 -0.3372481 169.1883
v -39.16814 -0.4602897 169.0494
v -38.57434 0.8698587 169.3259
v -38.9511 1.076966 169.2679
v -38.65385 1.076966 169.1883
v -38.9511 0.8698587 169.4268
v -39.24834 1.076966 169.1883
v -38.52435 0.6286778 169.4124
v -39.32785 0.8698587 169.3259
v -38.9511 0.6286778 169.5267
v -38.50729 0.3698588 169.4419
v -39.37785 0.6286778 169.4124
v -38.9511 0.3698588 169.5608
v -38.52435 0.1110397 169.4124
v -39.3949 0.3698588 169.4419
v -38.9511 0.1110397 169.5267
v -38.57434 -0.1301412 169.3259
v -39.37785 0.1110397 169.4124
v -38.9511 -0.1301412 169.4268
v -39.32785 -0.1301412 169.3259
v -38.9511 1.200007 169.1075
v -38.73405 1.200007 169.0494
v -39.16814 1.200007 169.0494
v -39.34587 1.076966 169.132
v -39.4246 1.200007 168.8342
v -39.26572 1.200007 168.9931
v -39.56347 1.076966 168.9144
v -39.48276 1.200007 168.6171
v -39.42529 0.8698587 169.2696
v -39.64311 1.076966 168.6171
v -39.7011 0.8698587 168.9938
v -39.47521 0.6286778 169.3562
v -39.80205 0.8698587 168.6171
v -39.78761 0.6286778 169.0438
v -39.49223 0.3698587 169.3857
v -39.90196 0.6286778 168.617
v -39.81712 0.3698587 169.0608
v -39.47521 0.1110397 169.3562
v -39.93604 0.3698587 168.617
v -39.78761 0.1110396 169.0438
v -39.42529 -0.1301412 169.2696
v -39.90196 0.1110396 168.617
v -39.7011 -0.1301413 168.9938
v -39.34587 -0.3372481 169.132
v -39.80205 -0.1301413 168.6171
v -39.56347 -0.3372481 168.9144
v -39.26572 -0.4602897 168.9931
v -39.64311 -0.3372481 168.6171
v -39.4246 -0.4602897 168.8342
v -39.48276 -0.4602897 168.6171
v -39.64311 1.076966 168.5045
v -39.4246 1.200007 168.2874
v -39.48276 1.200007 168.5045
v -39.56347 1.076966 168.2072
v -39.26572 1.200007 168.1285
v -39.80205 0.8698587 168.5045
v -39.34587 1.076966 167.9897
v -39.7011 0.8698587 168.1278
v -39.90196 0.6286778 168.5046
v -39.42529 0.8698587 167.852
v -39.78761 0.6286778 168.0778
v -39.93604 0.3698587 168.5046
v -39.47521 0.6286778 167.7654
v -39.81712 0.3698587 168.0608
v -39.90196 0.1110396 168.5046
v -39.49223 0.3698587 167.7359
v -39.78761 0.1110396 168.0778
v -39.80205 -0.1301413 168.5045
v -39.47521 0.1110396 167.7654
v -39.7011 -0.1301413 168.1278
v -39.64311 -0.3372481 168.5045
v -39.42529 -0.1301413 167.852
v -39.56347 -0.3372481 168.2072
v -39.48276 -0.4602897 168.5045
v -39.34587 -0.3372481 167.9897
v -39.4246 -0.4602897 168.2874
v -39.26572 -0.4602897 168.1285
v -38.73505 1.212811 168.1332
v -38.70569 1.206411 168.1357
v -38.68877 1.212811 168.1599
v -38.53002 1.212609 168.3177
v -38.47273 1.212811 168.5341
v -38.68877 -0.473094 168.1599
v -38.70569 -0.4666939 168.1357
v -38.73505 -0.473094 168.1332
v -38.9511 -0.4728914 168.0746
v -39.16714 -0.473094 168.1332
v -38.46028 1.206411 168.5608
v -38.47273 1.212811 168.5875
v -38.53002 1.212609 168.8039
v -38.68877 1.212811 168.9617
v -38.47273 -0.473094 168.5875
v -38.46028 -0.4666939 168.5608
v -38.47273 -0.473094 168.5341
v -38.53002 -0.4728914 168.3177
v -38.70569 1.206411 168.9859
v -38.73505 1.212811 168.9884
v -38.9511 1.212609 169.047
v -39.16714 1.212811 168.9884
v -38.73505 -0.473094 168.9884
v -38.70569 -0.4666939 168.9859
v -38.68877 -0.473094 168.9617
v -38.53002 -0.4728913 168.8039
v -39.1965 1.206411 168.9859
v -39.21342 1.212811 168.9617
v -39.37217 1.212609 168.8039
v -39.42946 1.212811 168.5875
v -39.21342 -0.473094 168.9617
v -39.1965 -0.4666939 168.9859
v -39.16714 -0.473094 168.9884
v -38.9511 -0.4728913 169.047
v -39.47166 1.184927 168.5608
v -39.44191 1.206411 168.5608
v -39.21138 1.184927 169.0116
v -39.29221 1.061139 169.1516
v -39.42946 1.212811 168.5341
v -39.37217 1.212609 168.3177
v -39.21342 1.212811 168.1599
v -39.42946 -0.473094 168.5341
v -39.44191 -0.4666939 168.5608
v -39.42946 -0.473094 168.5875
v -39.47166 -0.4452098 168.5608
v -39.63333 -0.3214219 168.5608
v -39.1965 1.206411 168.1357
v -39.16714 1.212811 168.1332
v -38.9511 1.212609 168.0746
v -39.21138 -0.4452098 168.11
v -39.1965 -0.4666939 168.1357
v -39.21342 -0.473094 168.1599
v -39.37217 -0.4728914 168.3177
v -38.60998 1.061139 167.97
v -38.69081 1.184927 168.11
v -38.43053 1.184927 168.5608
v -38.26886 1.061139 168.5608
v -39.21138 1.184927 168.11
v -39.29221 1.061139 167.97
v -38.53228 0.8586834 167.8354
v -38.48343 0.622898 167.7508
v -38.46677 0.3698587 167.7219
v -38.48343 0.1168193 167.7508
v -38.53228 -0.1189662 167.8354
v -38.60998 -0.3214219 167.97
v -38.69081 -0.4452098 168.11
v -38.43053 -0.4452098 168.5608
v -38.26886 -0.3214219 168.5608
v -38.69081 1.184927 169.0116
v -38.60998 1.061139 169.1516
v -38.11346 0.8586835 168.5608
v -38.01576 0.6228981 168.5608
v -37.98244 0.3698587 168.5608
v -38.01576 0.1168194 168.5608
v -38.11346 -0.1189661 168.5608
v -38.69081 -0.4452097 169.0116
v -38.60998 -0.3214219 169.1516
v -38.53228 0.8586835 169.2862
v -38.48343 0.6228981 169.3708
v -38.46677 0.3698587 169.3997
v -38.48343 0.1168194 169.3708
v -38.53228 -0.1189661 169.2862
v -39.21138 -0.4452097 169.0116
v -39.29221 -0.3214219 169.1516
v -39.36991 0.8586835 169.2862
v -39.41876 0.6228981 169.3708
v -39.43542 0.3698587 169.3997
v -39.41876 0.1168194 169.3708
v -39.36991 -0.1189661 169.2862
v -39.37217 -0.4728913 168.8039
v -39.63333 1.061139 168.5608
v -39.78873 0.8586835 168.5608
v -39.88643 0.6228981 168.5608
v -39.91975 0.3698587 168.5608
v -39.88643 0.1168194 168.5608
v -39.78873 -0.1189661 168.5608
v -39.29221 -0.3214219 167.97
v -39.36991 0.8586834 167.8354
v -39.41876 0.622898 167.7508
v -39.43542 0.3698587 167.7219
v -39.41876 0.1168193 167.7508
v -39.36991 -0.1189662 167.8354
v 2.434372 -0.07795021 137.0803
v 2.517868 -0.04051634 137.1149
v 2.56366 -0.04051635 136.8847
v 2.473282 -0.07795022 136.8847
v 2.350876 -0.04051635 137.0457
v 2.601089 0.0498574 136.8847
v 2.552444 0.04985741 137.1292
v 2.382904 -0.04051635 136.8847
v 2.316284 0.04985741 137.0314
v 2.56366 0.140231 136.8847
v 2.517868 0.140231 137.1149
v 2.345474 0.0498574 136.8847
v 2.350876 0.140231 137.0457
v 2.473282 0.1776651 136.8847
v 2.434372 0.177665 137.0803
v 2.382904 0.140231 136.8847
v 2.517868 -0.04051637 136.6545
v 2.434372 -0.07795022 136.6891
v 2.552444 0.04985739 136.6401
v 2.350876 -0.04051636 136.7236
v 2.517868 0.1402311 136.6545
v 2.316284 0.04985739 136.738
v 2.434372 0.1776651 136.6891
v 2.350876 0.1402311 136.7236
v 2.157684 -0.07795019 137.357
v 2.192276 -0.04051633 137.4405
v 2.387451 -0.04051634 137.3101
v 2.323547 -0.0779502 137.2462
v 2.123108 -0.04051634 137.2735
v 2.413925 0.04985742 137.3366
v 2.206604 0.04985743 137.4751
v 2.259644 -0.04051634 137.1823
v 2.10878 0.04985742 137.2389
v 2.387451 0.1402311 137.3101
v 2.192276 0.1402311 137.4405
v 2.23317 0.04985741 137.1558
v 2.123108 0.1402311 137.2735
v 2.323547 0.177665 137.2462
v 2.157684 0.177665 137.357
v 2.259644 0.140231 137.1823
v 1.766418 -0.07795019 137.357
v 1.731827 -0.04051633 137.4405
v 1.962051 -0.04051633 137.4863
v 1.962051 -0.07795019 137.3959
v 1.800995 -0.04051634 137.2735
v 1.962051 0.04985743 137.5237
v 1.717499 0.04985743 137.4751
v 1.962051 -0.04051634 137.3056
v 1.815323 0.04985742 137.2389
v 1.962051 0.1402311 137.4863
v 1.731827 0.1402311 137.4405
v 1.962051 0.04985742 137.2681
v 1.800995 0.1402311 137.2735
v 1.962051 0.177665 137.3959
v 1.766418 0.177665 137.357
v 1.962051 0.1402311 137.3056
v 1.489731 -0.07795021 137.0803
v 1.406235 -0.04051634 137.1149
v 1.536652 -0.04051634 137.3101
v 1.600555 -0.0779502 137.2462
v 1.573227 -0.04051635 137.0457
v 1.510178 0.04985742 137.3366
v 1.371658 0.04985741 137.1292
v 1.664459 -0.04051634 137.1823
v 1.607819 0.04985741 137.0314
v 1.536652 0.1402311 137.3101
v 1.406235 0.140231 137.1149
v 1.690933 0.04985741 137.1558
v 1.573227 0.140231 137.0457
v 1.600555 0.177665 137.2462
v 1.489731 0.177665 137.0803
v 1.664459 0.140231 137.1823
v 1.489731 -0.07795022 136.6891
v 1.406235 -0.04051637 136.6545
v 1.360443 -0.04051635 136.8847
v 1.450821 -0.07795022 136.8847
v 1.573227 -0.04051636 136.7236
v 1.323013 0.0498574 136.8847
v 1.371658 0.04985739 136.6401
v 1.541199 -0.04051635 136.8847
v 1.607819 0.04985739 136.738
v 1.360443 0.140231 136.8847
v 1.406235 0.1402311 136.6545
v 1.578629 0.0498574 136.8847
v 1.573227 0.1402311 136.7236
v 1.450821 0.1776651 136.8847
v 1.489731 0.1776651 136.6891
v 1.541199 0.140231 136.8847
v 1.766418 -0.07795024 136.4124
v 1.731827 -0.04051638 136.3289
v 1.536652 -0.04051637 136.4593
v 1.600555 -0.07795023 136.5232
v 1.800995 -0.04051637 136.4959
v 1.510178 0.04985738 136.4328
v 1.717499 0.04985737 136.2943
v 1.664459 -0.04051637 136.5871
v 1.815323 0.04985739 136.5305
v 1.536652 0.1402311 136.4593
v 1.731827 0.1402311 136.3289
v 1.690933 0.04985739 136.6136
v 1.800995 0.1402311 136.4959
v 1.600555 0.1776651 136.5232
v 1.766418 0.1776651 136.4124
v 1.664459 0.1402311 136.5871
v 2.157684 -0.07795024 136.4124
v 2.192276 -0.04051638 136.3289
v 1.962051 -0.04051638 136.2831
v 1.962051 -0.07795024 136.3735
v 2.123108 -0.04051637 136.4959
v 1.962051 0.04985737 136.2457
v 2.206604 0.04985737 136.2943
v 1.962051 -0.04051637 136.4638
v 2.10878 0.04985739 136.5305
v 1.962051 0.1402311 136.2831
v 2.192276 0.1402311 136.3289
v 1.962051 0.04985739 136.5013
v 2.123108 0.1402311 136.4959
v 1.962051 0.1776651 136.3735
v 2.157684 0.1776651 136.4124
v 1.962051 0.1402311 136.4638
v 2.387451 -0.04051637 136.4593
v 2.323547 -0.07795023 136.5232
v 2.413925 0.04985738 136.4328
v 2.259644 -0.04051637 136.5871
v 2.387451 0.1402311 136.4593
v 2.23317 0.04985739 136.6136
v 2.323547 0.1776651 136.5232
v 2.259644 0.1402311 136.5871
v 10.04433 -0.1569686 173.5579
v 10.12782 -0.1195348 173.5925
v 10.17361 -0.1195348 173.3623
v 10.08324 -0.1569686 173.3623
v 9.960831 -0.1195348 173.5233
v 10.21104 -0.02916103 173.3623
v 10.1624 -0.02916102 173.6068
v 9.992859 -0.1195348 173.3623
v 9.926239 -0.02916102 173.509
v 10.17361 0.06121273 173.3623
v 10.12782 0.06121274 173.5925
v 9.955429 -0.02916103 173.3623
v 9.960831 0.06121273 173.5233
v 10.08324 0.09864671 173.3623
v 10.04433 0.0986466 173.5579
v 9.992859 0.06121273 173.3623
v 10.12782 -0.1195348 173.132
v 10.04433 -0.1569687 173.1666
v 10.1624 -0.02916104 173.1177
v 9.960831 -0.1195348 173.2012
v 10.12782 0.06121271 173.132
v 9.926239 -0.02916103 173.2155
v 10.04433 0.0986467 173.1666
v 9.960831 0.06121272 173.2012
v 9.767639 -0.1569686 173.8346
v 9.802231 -0.1195348 173.9181
v 9.997406 -0.1195348 173.7877
v 9.933502 -0.1569686 173.7238
v 9.733063 -0.1195348 173.7511
v 10.02388 -0.02916101 173.8141
v 9.816559 -0.029161 173.9527
v 9.869598 -0.1195348 173.6599
v 9.718735 -0.02916101 173.7165
v 9.997406 0.06121274 173.7877
v 9.802231 0.06121275 173.9181
v 9.843124 -0.02916102 173.6334
v 9.733063 0.06121274 173.7511
v 9.933502 0.0986466 173.7238
v 9.767639 0.09864661 173.8346
v 9.869598 0.06121274 173.6599
v 9.376373 -0.1569686 173.8346
v 9.341782 -0.1195348 173.9181
v 9.572006 -0.1195348 173.9639
v 9.572006 -0.1569686 173.8735
v 9.41095 -0.1195348 173.7511
v 9.572006 -0.029161 174.0013
v 9.327454 -0.029161 173.9527
v 9.572006 -0.1195348 173.7831
v 9.425278 -0.02916101 173.7165
v 9.572006 0.06121275 173.9639
v 9.341782 0.06121275 173.9181
v 9.572006 -0.02916101 173.7457
v 9.41095 0.06121274 173.7511
v 9.572006 0.09864661 173.8735
v 9.376373 0.09864661 173.8346
v 9.572006 0.06121274 173.7831
v 9.099686 -0.1569686 173.5579
v 9.01619 -0.1195348 173.5925
v 9.146606 -0.1195348 173.7877
v 9.21051 -0.1569686 173.7238
v 9.183182 -0.1195348 173.5233
v 9.120132 -0.02916101 173.8141
v 8.981613 -0.02916102 173.6068
v 9.274414 -0.1195348 173.6599
v 9.217773 -0.02916102 173.509
v 9.146606 0.06121274 173.7877
v 9.01619 0.06121274 173.5925
v 9.300888 -0.02916102 173.6334
v 9.183182 0.06121273 173.5233
v 9.21051 0.0986466 173.7238
v 9.099686 0.0986466 173.5579
v 9.274414 0.06121274 173.6599
v 9.099686 -0.1569687 173.1666
v 9.01619 -0.1195348 173.132
v 8.970398 -0.1195348 173.3623
v 9.060776 -0.1569686 173.3623
v 9.183182 -0.1195348 173.2012
v 8.932968 -0.02916103 173.3623
v 8.981613 -0.02916104 173.1177
v 9.151154 -0.1195348 173.3623
v 9.217773 -0.02916103 173.2155
v 8.970398 0.06121273 173.3623
v 9.01619 0.06121271 173.132
v 9.188583 -0.02916103 173.3623
v 9.183182 0.06121272 173.2012
v 9.060776 0.09864671 173.3623
v 9.099686 0.0986467 173.1666
v 9.151154 0.06121273 173.3623
v 9.376373 -0.1569687 172.89
v 9.341782 -0.1195348 172.8065
v 9.146606 -0.1195348 172.9369
v 9.21051 -0.1569687 173.0008
v 9.41095 -0.1195348 172.9734
v 9.120132 -0.02916105 172.9104
v 9.327454 -0.02916105 172.7719
v 9.274414 -0.1195348 173.0647
v 9.425278 -0.02916104 173.008
v 9.146606 0.06121271 172.9369
v 9.341782 0.0612127 172.8065
v 9.300888 -0.02916104 173.0911
v 9.41095 0.06121271 172.9734
v 9.21051 0.09864669 173.0008
v 9.376373 0.09864669 172.89
v 9.274414 0.06121271 173.0647
v 9.767639 -0.1569687 172.89
v 9.802231 -0.1195348 172.8065
v 9.572006 -0.1195348 172.7607
v 9.572006 -0.1569687 172.851
v 9.733063 -0.1195348 172.9734
v 9.572006 -0.02916106 172.7232
v 9.816559 -0.02916105 172.7719
v 9.572006 -0.1195348 172.9414
v 9.718735 -0.02916104 173.008
v 9.572006 0.0612127 172.7607
v 9.802231 0.0612127 172.8065
v 9.572006 -0.02916105 172.9789
v 9.733063 0.06121271 172.9734
v 9.572006 0.09864669 172.851
v 9.767639 0.09864669 172.89
v 9.572006 0.06121271 172.9414
v 9.997406 -0.1195348 172.9369
v 9.933502 -0.1569687 173.0008
v 10.02388 -0.02916105 172.9104
v 9.869598 -0.1195348 173.0647
v 9.997406 0.06121271 172.9369
v 9.843124 -0.02916104 173.0911
v 9.933502 0.09864669 173.0008
v 9.869598 0.06121271 173.0647
v -24.34652 -0.1569674 202.2601
v -24.26302 -0.1195335 202.2946
v -24.21722 -0.1195335 202.0644
v -24.3076 -0.1569674 202.0644
v -24.43001 -0.1195335 202.2255
v -24.17979 -0.02915977 202.0644
v -24.22844 -0.02915976 202.309
v -24.39797 -0.1195335 202.0644
v -24.46459 -0.02915977 202.2112
v -24.21722 0.06121398 202.0644
v -24.26302 0.06121399 202.2946
v -24.43541 -0.02915977 202.0644
v -24.43001 0.06121399 202.2255
v -24.3076 0.09864796 202.0644
v -24.34652 0.09864786 202.2601
v -24.39797 0.06121398 202.0644
v -24.26302 -0.1195335 201.8342
v -24.34652 -0.1569674 201.8688
v -24.22844 -0.02915978 201.8199
v -24.43001 -0.1195335 201.9034
v -24.26302 0.06121397 201.8342
v -24.46459 -0.02915978 201.9177
v -24.34652 0.09864795 201.8688
v -24.43001 0.06121397 201.9034
v -24.62319 -0.1569674 202.5367
v -24.58861 -0.1195335 202.6202
v -24.39343 -0.1195335 202.4898
v -24.45734 -0.1569674 202.4259
v -24.65778 -0.1195335 202.4532
v -24.36697 -0.02915975 202.5163
v -24.57428 -0.02915975 202.6548
v -24.52124 -0.1195335 202.362
v -24.6721 -0.02915976 202.4187
v -24.39343 0.061214 202.4898
v -24.58861 0.061214 202.6202
v -24.54771 -0.02915976 202.3355
v -24.65778 0.061214 202.4532
v -24.45734 0.09864786 202.4259
v -24.62319 0.09864786 202.5367
v -24.52124 0.06121399 202.362
v -25.01447 -0.1569674 202.5367
v -25.04906 -0.1195335 202.6202
v -24.81883 -0.1195335 202.666
v -24.81883 -0.1569674 202.5757
v -24.97989 -0.1195335 202.4532
v -24.81883 -0.02915975 202.7035
v -25.06339 -0.02915975 202.6548
v -24.81883 -0.1195335 202.4853
v -24.96556 -0.02915976 202.4187
v -24.81883 0.06121401 202.666
v -25.04906 0.061214 202.6202
v -24.81883 -0.02915976 202.4478
v -24.97989 0.061214 202.4532
v -24.81883 0.09864786 202.5757
v -25.01447 0.09864786 202.5367
v -24.81883 0.061214 202.4853
v -25.29115 -0.1569674 202.2601
v -25.37464 -0.1195335 202.2946
v -25.24423 -0.1195335 202.4898
v -25.18033 -0.1569674 202.4259
v -25.20766 -0.1195335 202.2255
v -25.2707 -0.02915975 202.5163
v -25.40923 -0.02915976 202.309
v -25.11642 -0.1195335 202.362
v -25.17307 -0.02915977 202.2112
v -25.24423 0.061214 202.4898
v -25.37464 0.06121399 202.2946
v -25.08995 -0.02915976 202.3355
v -25.20766 0.06121399 202.2255
v -25.18033 0.09864786 202.4259
v -25.29115 0.09864786 202.2601
v -25.11642 0.06121399 202.362
v -25.29115 -0.1569674 201.8688
v -25.37464 -0.1195335 201.8342
v -25.42044 -0.1195335 202.0644
v -25.33006 -0.1569674 202.0644
v -25.20766 -0.1195335 201.9034
v -25.45787 -0.02915977 202.0644
v -25.40923 -0.02915978 201.8199
v -25.23969 -0.1195335 202.0644
v -25.17307 -0.02915978 201.9177
v -25.42044 0.06121398 202.0644
v -25.37464 0.06121397 201.8342
v -25.20226 -0.02915977 202.0644
v -25.20766 0.06121397 201.9034
v -25.33006 0.09864796 202.0644
v -25.29115 0.09864795 201.8688
v -25.23969 0.06121398 202.0644
v -25.01447 -0.1569674 201.5921
v -25.04906 -0.1195336 201.5086
v -25.24423 -0.1195335 201.639
v -25.18033 -0.1569674 201.7029
v -24.97989 -0.1195335 201.6756
v -25.2707 -0.02915979 201.6125
v -25.06339 -0.0291598 201.474
v -25.11642 -0.1195335 201.7668
v -24.96556 -0.02915979 201.7102
v -25.24423 0.06121396 201.639
v -25.04906 0.06121396 201.5086
v -25.08995 -0.02915978 201.7933
v -24.97989 0.06121396 201.6756
v -25.18033 0.09864794 201.7029
v -25.01447 0.09864794 201.5921
v -25.11642 0.06121397 201.7668
v -24.62319 -0.1569674 201.5921
v -24.58861 -0.1195336 201.5086
v -24.81883 -0.1195336 201.4628
v -24.81883 -0.1569674 201.5532
v -24.65778 -0.1195335 201.6756
v -24.81883 -0.0291598 201.4254
v -24.57428 -0.0291598 201.474
v -24.81883 -0.1195335 201.6436
v -24.6721 -0.02915979 201.7102
v -24.81883 0.06121396 201.4628
v -24.58861 0.06121396 201.5086
v -24.81883 -0.02915979 201.681
v -24.65778 0.06121396 201.6756
v -24.81883 0.09864794 201.5532
v -24.62319 0.09864794 201.5921
v -24.81883 0.06121396 201.6436
v -24.39343 -0.1195335 201.639
v -24.45734 -0.1569674 201.7029
v -24.36697 -0.02915979 201.6125
v -24.52124 -0.1195335 201.7668
v -24.39343 0.06121396 201.639
v -24.54771 -0.02915978 201.7933
v -24.45734 0.09864794 201.7029
v -24.52124 0.06121397 201.7668

vt 0.045674 0.12865
vt 0.045674 0.144284
vt 0.045674 0.182028
vt 0.045674 0.219772
vt 0.045674 0.235406
vt 0.705521 0.187991
vt 0.705521 0.202236
vt 0.705521 0.236626
vt 0.705521 0.271017
vt 0.705521 0.285262
vt 0.537231 0.17598
vt 0.537176 0.176031
vt 0.674027 0.260097
vt 0.673961 0.260097
vt 0.673497 0.260097
vt 0.673994 0.259369
vt 0.674027 0.259435
vt 0.673497 0.259486
vt 0.373245 0.23262
vt 0.375199 0.232223
vt 0.375141 0.232554
vt 0.373245 0.232172
vt 0.029286 0.193558
vt 0.029288 0.193492
vt 0.261573 0.183344
vt 0.261465 0.183395
vt 0.261578 0.181773
vt 0.261465 0.181839
vt 0.261576 0.181442
vt 0.261465 0.181442
vt 0.261576 0.183792
vt 0.261467 0.183844
vt 0.464568 0.146683
vt 0.46446 0.146734
vt 0.464572 0.146484
vt 0.464454 0.146484
vt 0.077965 0.253932
vt 0.077935 0.253485
vt 0.673961 0.352325
vt 0.673961 0.351765
vt 0.674027 0.35178
vt 0.673497 0.35231
vt 0.46446 0.239014
vt 0.465997 0.202975
vt 0.464513 0.239028
vt 0.464579 0.238964
vt 0.674225 0.352325
vt 0.675775 0.316268
vt 0.673431 0.351765
vt 0.674972 0.315735
vt 0.46446 0.238514
vt 0.464454 0.238499
vt 0.465997 0.202459
vt 0.373298 0.324451
vt 0.374862 0.288406
vt 0.675643 0.315738
vt 0.537228 0.26831
vt 0.373179 0.324954
vt 0.374862 0.288922
vt 0.375132 0.3249
vt 0.537242 0.267994
vt 0.029284 0.285889
vt 0.029297 0.28544
vt 0.261573 0.276123
vt 0.261467 0.276123
vt 0.261576 0.274119
vt 0.261586 0.273987
vt 0.261576 0.275675
vt 0.261462 0.275608
vt 0.261454 0.274119
vt 0.261462 0.273986
vt 0.464579 0.238499
vt 0.095684 0.34555
vt 0.095687 0.345498
vt 0.376815 0.288858
vt 0.376815 0.288461

vn 5.661446E-08 -1 4.852668E-08
vn 0.6514226 -0.7091129 0.2698283
vn 0.705095 -0.7091128 5.293094E-08
vn -0.6514227 -0.7091129 -0.2698283
vn 1 -1.639899E-08 0
vn 0.9238794 -3.279799E-08 0.3826837
vn -0.7050949 -0.7091129 -4.885933E-08
vn -0.9238794 -3.279798E-08 -0.3826836
vn 0.705095 0.7091128 -4.071611E-08
vn 0.6514226 0.7091129 0.2698284
vn -1 4.919697E-08 -1.434912E-07
vn -0.6514227 0.7091129 -0.2698283
vn 3.235112E-08 1 2.22414E-08
vn -0.705095 0.7091129 -6.718158E-08
vn 0.6514227 -0.709113 -0.2698282
vn 0.9238796 8.199497E-08 -0.3826834
vn -0.6514229 -0.7091128 0.2698282
vn 0.6514227 0.7091129 -0.2698282
vn -0.9238796 8.199494E-09 0.3826834
vn -0.6514229 0.7091128 0.2698282
vn 0.2698282 -0.7091129 0.6514228
vn 0.4985772 -0.7091129 0.4985776
vn -0.2698281 -0.7091128 -0.6514229
vn 0.7071066 3.279798E-08 0.7071069
vn 0.3826834 0 0.9238796
vn -0.4985773 -0.7091128 -0.4985777
vn -0.3826832 4.099747E-08 -0.9238796
vn 0.4985772 0.7091129 0.4985775
vn 0.2698281 0.7091129 0.6514228
vn -0.7071066 -4.099747E-08 -0.7071069
vn -0.2698281 0.7091128 -0.6514229
vn -0.4985774 0.7091128 -0.4985776
vn -0.2698282 -0.7091129 0.6514227
vn -1.628644E-08 -0.7091128 0.7050951
vn 0.2698283 -0.7091129 -0.6514227
vn 9.429419E-08 -5.739646E-08 1
vn -0.3826835 -4.099749E-08 0.9238795
vn -7.736061E-08 -0.7091129 -0.705095
vn 0.3826835 -5.739647E-08 -0.9238795
vn 5.293094E-08 0.7091129 0.7050949
vn -0.2698282 0.709113 0.6514226
vn -2.459848E-08 3.279798E-08 -1
vn 0.2698282 0.7091129 -0.6514227
vn -3.86803E-08 0.7091129 -0.7050949
vn -0.4985775 -0.709113 0.4985772
vn -0.7071069 0 0.7071066
vn 0.4985777 -0.7091128 -0.4985774
vn -0.4985775 0.709113 0.4985772
vn 0.7071069 -7.379546E-08 -0.7071066
vn 0.4985777 0.7091128 -0.4985772
vn 0.2991235 0.7058578 -0.642098
vn 0.3599584 0.9095286 -0.2078165
vn 0.1661266 0.8793867 -0.446185
vn 0.6120139 0.7075236 -0.3533401
vn 0.4693978 0.8793902 0.07961438
vn 0.4034936 0.4998663 -0.7663723
vn 0.7055467 0.7059067 0.06244772
vn 0.7497815 0.5004382 -0.4328848
vn 0.4688715 0.2588983 -0.844471
vn 0.8654369 0.4998781 0.03377787
vn 0.8364518 0.2590977 -0.4829252
vn 0.4911602 -9.161306E-07 -0.8710693
vn 0.9657714 0.2588911 0.01615275
vn 0.8660275 -1.349056E-06 -0.4999963
vn 0.4688669 -0.2588972 -0.8444738
vn 0.9999482 -3.438389E-06 0.01017465
vn 0.836453 -0.2590974 -0.4829234
vn 0.4034759 -0.4998696 -0.7663796
vn 0.9657729 -0.2588862 0.01614692
vn 0.7497825 -0.5004344 -0.4328875
vn 0.2986942 -0.7059091 -0.6422415
vn 0.8654407 -0.4998736 0.03374612
vn 0.6120121 -0.7075273 -0.3533359
vn 0.1657458 -0.8793737 -0.446352
vn 0.7056307 -0.7058606 0.06201661
vn 0.3599555 -0.9095291 -0.2078189
vn 0.4694435 -0.8794025 0.07920974
vn 4.458983E-06 0.966004 -0.2585272
vn 0.1503293 0.9537303 -0.2603835
vn 0.0003642855 0.8160286 -0.5780115
vn 0.3083682 0.7867454 -0.5347344
vn -0.3088252 0.786764 -0.5344431
vn 0.2238864 0.9660047 -0.129266
vn 0.5007906 0.8159896 -0.2887384
vn -0.1503339 0.9537315 -0.2603766
vn -0.5004242 0.8160051 -0.2893292
vn 0.3006599 0.9537314 -8.540203E-07
vn 0.6173076 0.7867219 -0.0002711345
vn -0.2238858 0.9660047 -0.1292677
vn -0.6173076 0.7867219 0.0002711345
vn -0.3006599 0.9537314 8.540203E-07
vn 0.2238858 0.9660047 0.1292677
vn 0.5004242 0.8160051 0.2893292
vn 0.1503339 0.9537315 0.2603766
vn 0.3088252 0.7867641 0.534443
vn -4.458983E-06 0.966004 0.2585272
vn -0.0003643667 0.8160288 0.5780111
vn -0.1503293 0.9537303 0.2603835
vn -0.3083682 0.7867454 0.5347343
vn -0.2238864 0.9660047 0.129266
vn -0.5007906 0.8159896 0.2887384
vn 0.1503339 -0.9537314 -0.2603768
vn -4.459926E-06 -0.966004 -0.2585272
vn 0.3088253 -0.7867639 -0.5344431
vn -0.0003643667 -0.8160287 -0.5780113
vn 0.5004244 -0.8160049 -0.2893293
vn -0.1503294 -0.9537302 -0.2603837
vn -0.3083683 -0.7867453 -0.5347345
vn 0.2238859 -0.9660047 -0.1292677
vn 0.6173078 -0.7867216 0.0002712336
vn -0.2238864 -0.9660047 -0.1292661
vn -0.5007908 -0.8159894 -0.2887385
vn -0.3006601 -0.9537314 -8.515086E-07
vn -0.6173078 -0.7867216 -0.0002711004
vn 0.3006601 -0.9537314 9.067687E-07
vn 0.5007908 -0.8159893 0.2887385
vn 0.2238864 -0.9660047 0.1292662
vn 0.3083682 -0.7867453 0.5347344
vn 0.1503292 -0.9537302 0.2603839
vn 0.0003643589 -0.8160288 0.5780112
vn 4.458041E-06 -0.9660039 0.2585274
vn -0.3088252 -0.7867641 0.534443
vn -0.1503339 -0.9537314 0.260377
vn -0.5004243 -0.8160049 0.2893295
vn -0.2238858 -0.9660046 0.129268
vn -5.047906E-07 0.7075291 -0.7066842
vn 0.4068351 0.7059092 -0.5798081
vn 0.3036556 0.8793824 -0.3667149
vn -8.978153E-07 0.9095266 -0.4156458
vn -0.4065078 0.7058609 -0.5800965
vn -0.3033158 0.8793985 -0.3669577
vn 5.047906E-07 -0.7075291 -0.7066842
vn 0.4065072 -0.7058609 -0.5800968
vn 0.4619643 -0.4998706 -0.7326106
vn -9.408825E-07 -0.5004371 -0.8657729
vn -0.4068347 -0.7059092 -0.5798084
vn 0.4968872 -0.2589011 -0.8282955
vn -0.4619765 -0.4998754 -0.7325997
vn -1.675854E-06 -0.2590946 -0.965852
vn 0.5087774 5.785253E-06 -0.8608981
vn -0.4968976 -0.2588949 -0.8282912
vn 0.4968977 0.2588949 -0.8282911
vn -0.5087774 -5.804744E-06 -0.8608981
vn 1.675854E-06 0.2590945 -0.965852
vn 0.4619769 0.4998754 -0.7325994
vn -0.4968872 0.2589011 -0.8282954
vn 9.408825E-07 0.5004372 -0.8657728
vn -0.4619646 0.4998706 -0.7326104
vn 9.045513E-07 -0.9095266 -0.4156456
vn 0.3033154 -0.8793989 -0.3669568
vn -0.3036554 -0.8793828 -0.3667143
vn 0.7056307 0.7058606 -0.06201725
vn 0.3599555 0.9095292 0.207819
vn 0.4694437 0.8794023 -0.07921028
vn 0.6120121 0.7075273 0.3533359
vn 0.1657454 0.8793736 0.4463525
vn 0.8654407 0.4998736 -0.0337465
vn 0.2986936 0.7059091 0.6422418
vn 0.7497825 0.5004345 0.4328875
vn 0.9657729 0.2588862 -0.01614692
vn 0.4034755 0.4998695 0.7663798
vn 0.836453 0.2590973 0.4829234
vn 0.9999482 3.453983E-06 -0.01017462
vn 0.4688668 0.2588972 0.8444739
vn 0.8660275 1.349056E-06 0.4999963
vn 0.9657714 -0.258891 -0.01615264
vn 0.4911601 9.122321E-07 0.8710693
vn 0.8364518 -0.2590977 0.4829252
vn 0.8654368 -0.4998782 -0.03377737
vn 0.4688715 -0.2588983 0.844471
vn 0.7497815 -0.5004382 0.4328848
vn 0.7055466 -0.7059067 -0.06244706
vn 0.4034939 -0.4998662 0.7663723
vn 0.612014 -0.7075236 0.3533401
vn 0.4693976 -0.8793904 -0.0796138
vn 0.2991242 -0.7058579 0.6420976
vn 0.3599584 -0.9095286 0.2078164
vn 0.1661269 -0.8793869 0.4461844
vn 0.3036555 -0.8793827 0.3667144
vn -5.047906E-07 -0.707529 0.7066843
vn 0.4068347 -0.7059091 0.5798084
vn -9.045513E-07 -0.9095266 0.4156456
vn -0.4065072 -0.7058608 0.580097
vn -0.3033154 -0.8793989 0.3669569
vn 0.4619646 0.4998706 0.7326105
vn 5.047906E-07 0.7075291 0.7066842
vn 0.4065078 0.7058608 0.5800965
vn -9.408825E-07 0.5004371 0.8657729
vn -0.4068353 0.7059092 0.579808
vn 0.4968872 0.2589011 0.8282954
vn -0.4619769 0.4998753 0.7325995
vn -1.675854E-06 0.2590946 0.965852
vn 0.5087774 -5.793049E-06 0.8608981
vn -0.4968977 0.2588949 0.8282911
vn 0.4968976 -0.2588949 0.8282912
vn -0.5087774 5.793049E-06 0.8608981
vn 1.675854E-06 -0.2590945 0.965852
vn 0.4619765 -0.4998753 0.7325997
vn -0.4968872 -0.2589011 0.8282955
vn 9.408825E-07 -0.5004371 0.8657729
vn -0.4619643 -0.4998706 0.7326107
vn 9.045513E-07 0.9095266 0.4156456
vn 0.3033161 0.8793987 0.3669567
vn -0.3036561 0.8793826 0.3667142
vn -0.2991236 0.7058579 0.6420979
vn -0.3599584 0.9095286 0.2078164
vn -0.1661265 0.8793868 0.4461848
vn -0.612014 0.7075237 0.35334
vn -0.4693979 0.8793902 -0.07961439
vn -0.4034936 0.4998663 0.7663723
vn -0.7055467 0.7059067 -0.06244773
vn -0.7497815 0.5004382 0.4328848
vn -0.4688715 0.2588983 0.844471
vn -0.8654369 0.4998781 -0.03377791
vn -0.8364518 0.2590977 0.4829252
vn -0.4911602 -9.122322E-07 0.8710693
vn -0.9657714 0.2588911 -0.01615276
vn -0.8660275 -1.349056E-06 0.4999963
vn -0.4688669 -0.2588972 0.8444738
vn -0.9999482 -3.438389E-06 -0.01017465
vn -0.836453 -0.2590974 0.4829234
vn -0.4034759 -0.4998696 0.7663796
vn -0.9657728 -0.2588862 -0.01614689
vn -0.7497825 -0.5004344 0.4328875
vn -0.2986943 -0.7059091 0.6422415
vn -0.8654407 -0.4998736 -0.03374606
vn -0.6120121 -0.7075273 0.3533359
vn -0.1657458 -0.8793737 0.446352
vn -0.7056307 -0.7058606 -0.06201656
vn -0.3599555 -0.9095292 0.207819
vn -0.4694435 -0.8794025 -0.07920969
vn -0.7056307 0.7058606 0.06201725
vn -0.3599555 0.9095292 -0.207819
vn -0.4694437 0.8794023 0.07921028
vn -0.6120121 0.7075273 -0.353336
vn -0.1657455 0.8793735 -0.4463527
vn -0.8654407 0.4998736 0.03374648
vn -0.2986936 0.705909 -0.642242
vn -0.7497825 0.5004344 -0.4328875
vn -0.9657729 0.2588862 0.01614689
vn -0.4034754 0.4998696 -0.7663797
vn -0.836453 0.2590973 -0.4829234
vn -0.9999482 3.453983E-06 0.01017462
vn -0.4688668 0.2588972 -0.8444739
vn -0.8660275 1.352944E-06 -0.4999963
vn -0.9657714 -0.258891 0.01615266
vn -0.4911601 9.044352E-07 -0.8710693
vn -0.8364518 -0.2590977 -0.4829252
vn -0.8654368 -0.4998782 0.03377743
vn -0.4688715 -0.2588983 -0.844471
vn -0.7497815 -0.5004382 -0.4328848
vn -0.7055466 -0.7059067 0.06244711
vn -0.4034939 -0.4998662 -0.7663722
vn -0.612014 -0.7075236 -0.35334
vn -0.4693976 -0.8793904 0.07961385
vn -0.2991242 -0.705858 -0.6420975
vn -0.3599584 -0.9095287 -0.2078163
vn -0.1661269 -0.8793869 -0.4461843
vn 0.2012314 0.6487986 -0.7338707
vn 0.3760428 0.658702 -0.6516928
vn 0.5352785 0.6475385 -0.5423752
vn 0.6468765 0.66498 -0.3732994
vn 0.7362451 0.6487385 -0.1925657
vn 0.5348075 -0.6488087 -0.5413207
vn 0.3760428 -0.658702 -0.6516928
vn 0.2019504 -0.6474514 -0.7348624
vn -0.00014889 -0.6650466 -0.7468019
vn -0.2012314 -0.6487988 -0.7338706
vn 0.7524824 0.6586124 0
vn 0.7374355 0.6474218 0.192442
vn 0.6467662 0.6649376 0.3735659
vn 0.5348075 0.6488087 0.5413207
vn 0.7362452 -0.6487384 0.1925658
vn 0.7524825 -0.6586122 0
vn 0.7374356 -0.6474216 -0.1924421
vn 0.6467662 -0.6649376 -0.3735659
vn 0.3760428 0.658702 0.6516928
vn 0.2019504 0.6474514 0.7348624
vn -0.00014889 0.6650466 0.7468019
vn -0.2012314 0.6487988 0.7338706
vn 0.2012314 -0.6487991 0.7338703
vn 0.3760426 -0.6587023 0.6516926
vn 0.5352784 -0.6475387 0.5423751
vn 0.6468763 -0.6649802 0.3732992
vn -0.3760428 0.658702 0.6516928
vn -0.5352785 0.6475385 0.5423752
vn -0.6468765 0.66498 0.3732994
vn -0.7362451 0.6487385 0.1925657
vn -0.5348073 -0.648809 0.5413207
vn -0.3760426 -0.6587023 0.6516926
vn -0.2019503 -0.6474516 0.7348621
vn 0.0001488824 -0.6650468 0.7468017
vn -0.5666167 0.7615562 -0.314607
vn -0.4276913 0.8791524 -0.2101697
vn -0.2445218 0.9694178 -0.02093612
vn -0.1767384 0.9789701 0.101888
vn -0.1039437 0.9694578 0.2221425
vn -0.03185183 0.8790914 0.4755879
vn -0.01001586 0.7614279 0.6481722
vn -0.07072681 0.672946 0.7363025
vn -0.7524824 0.6586124 0
vn -0.7374355 0.6474218 -0.192442
vn -0.6467662 0.6649376 -0.3735659
vn -0.5348075 0.6488087 -0.5413207
vn -0.7362452 -0.6487383 -0.1925658
vn -0.7524825 -0.6586122 0
vn -0.7374356 -0.6474216 0.1924421
vn -0.2443284 -0.969464 -0.02105247
vn -0.4276902 -0.8791531 -0.2101689
vn -0.5662826 -0.7614986 -0.3153473
vn -0.6730232 -0.6729459 -0.3068935
vn -0.3760428 0.658702 -0.6516928
vn -0.2019502 0.6474515 -0.7348624
vn 0.0001488444 0.6650459 -0.7468025
vn -0.5557811 -0.7615285 -0.3334392
vn -0.3958705 -0.879135 -0.2653456
vn -0.1403786 -0.9694206 -0.2012902
vn -0.3760428 -0.658702 -0.6516928
vn -0.5352785 -0.6475385 -0.5423752
vn -0.6468765 -0.66498 -0.3732993
vn 0.07072688 0.672946 -0.7363026
vn 0.01001595 0.7614278 -0.6481723
vn 0.03185183 0.8790914 -0.4755879
vn 0.1039437 0.9694578 -0.2221425
vn 0.1767384 0.9789701 -0.101888
vn 0.2445218 0.9694178 0.02093612
vn 0.4276913 0.8791524 0.2101697
vn 0.5666167 0.7615562 0.314607
vn 0.6730312 0.6732994 0.3060994
vn 0.5557819 0.7615276 -0.3334399
vn 0.6015726 0.673314 -0.4298357
vn 0.3958711 0.8791341 -0.2653474
vn 0.1403786 0.9694201 -0.201292
vn 0.0001200949 0.9789655 -0.2040255
vn -0.1403824 0.9694641 -0.2010775
vn -0.3958711 0.8791341 -0.2653474
vn -0.5562693 0.7614674 -0.3327639
vn -0.6022556 0.6729523 -0.4294455
vn 0.1621749 0.4782114 -0.8631414
vn 0.6663996 0.478234 -0.5720173
vn 0.219438 0.2482933 -0.9435027
vn 0.7073469 0.2482879 -0.6618259
vn 0.2391239 -9.35743E-06 -0.9709891
vn 0.7213238 7.404829E-06 -0.692598
vn 0.219451 -0.2482787 -0.9435036
vn 0.1622065 -0.4782375 -0.863121
vn 0.7073644 -0.2482936 -0.661805
vn 0.6664256 -0.4782203 -0.5719984
vn 0.07143858 -0.67331 -0.7359009
vn 0.6022549 -0.6729525 -0.4294461
vn 0.01084824 -0.7614895 -0.6480865
vn 0.03185203 -0.879092 -0.4755867
vn 0.1041461 -0.9694104 -0.2222545
vn 0.1766153 -0.9789689 -0.1021123
vn 0.2443285 -0.969464 0.02105253
vn 0.4276902 -0.8791531 0.2101689
vn 0.5662826 -0.7614986 0.3153473
vn 0.6730232 -0.6729459 0.3068935
vn 0.5562688 -0.7614682 -0.3327629
vn 0.3958705 -0.879135 -0.2653456
vn 0.1403824 -0.9694644 -0.2010762
vn -0.0001198356 -0.9789656 -0.204025
vn 0.673023 0.6729455 -0.3068948
vn 0.5662833 0.7614975 -0.3153488
vn 0.4276913 0.8791524 -0.2101697
vn 0.2443284 0.969464 -0.02105247
vn 0.1766153 0.9789689 0.1021124
vn 0.1041461 0.9694104 0.2222545
vn 0.03185183 0.8790914 0.4755879
vn 0.01084734 0.7614883 0.6480878
vn 0.07143733 0.6733097 0.7359013
vn 0.8285758 0.4782265 -0.2911381
vn 0.8285847 0.4782502 0.2910742
vn 0.9268409 0.2482784 -0.2816447
vn 0.9268433 0.2482785 0.2816367
vn 0.9604674 -1.359296E-06 -0.2783924
vn 0.9604674 1.374316E-06 0.2783924
vn 0.9268433 -0.2482784 -0.2816367
vn 0.926841 -0.2482784 0.2816445
vn 0.8285761 -0.4782267 0.2911372
vn 0.8285848 -0.4782504 -0.2910734
vn 0.6730314 -0.6732998 -0.3060982
vn 0.5666161 -0.7615573 -0.3146055
vn 0.4276902 -0.8791531 -0.2101689
vn 0.2445218 -0.9694178 -0.02093612
vn 0.1767384 -0.9789701 0.101888
vn 0.1039437 -0.9694578 0.2221425
vn 0.03185203 -0.879092 0.4755867
vn 0.01001678 -0.761429 0.6481709
vn 0.0707281 -0.6729463 0.7363021
vn 0.6022559 0.6729522 0.4294452
vn 0.5562704 0.7614671 0.3327628
vn 0.3958717 0.8791343 0.2653461
vn 0.1403824 0.9694644 0.2010762
vn -0.0001198356 0.9789656 0.204025
vn -0.1403786 0.9694206 0.2012902
vn -0.3958717 0.8791343 0.2653461
vn -0.5557827 0.7615274 0.3334391
vn -0.6015725 0.6733142 0.4298356
vn 0.6664263 0.4782202 0.5719978
vn 0.1622058 0.4782374 0.8631212
vn 0.7073646 0.2482936 0.6618049
vn 0.2194509 0.2482788 0.9435036
vn 0.7213238 -7.412339E-06 0.692598
vn 0.7073469 -0.2482878 0.6618259
vn 0.2391239 9.34241E-06 0.9709891
vn 0.2194381 -0.2482933 0.9435027
vn 0.6663991 -0.478234 0.5720179
vn 0.1621758 -0.4782114 0.8631412
vn 0.6015716 -0.6733144 0.4298365
vn 0.5557811 -0.7615285 0.3334392
vn 0.3958705 -0.879135 0.2653456
vn 0.1403786 -0.9694206 0.2012902
vn 0.0001198356 -0.9789656 0.204025
vn -0.1403824 -0.9694644 0.2010762
vn -0.3958705 -0.879135 0.2653456
vn -0.5562688 -0.7614682 0.3327629
vn -0.6022549 -0.6729524 0.4294462
vn -0.1621749 0.4782114 0.8631414
vn -0.6663996 0.4782339 0.5720174
vn -0.219438 0.2482933 0.9435027
vn -0.7073469 0.2482879 0.6618259
vn -0.2391239 -9.34241E-06 0.9709891
vn -0.7213238 7.412339E-06 0.692598
vn -0.7073644 -0.2482936 0.661805
vn -0.2194509 -0.2482787 0.9435036
vn -0.1622065 -0.4782375 0.863121
vn -0.6664256 -0.4782203 0.5719984
vn -0.07143859 -0.67331 0.7359009
vn -0.01084826 -0.7614894 0.6480865
vn -0.03185203 -0.879092 0.4755867
vn -0.1041461 -0.9694104 0.2222545
vn -0.1766153 -0.9789689 0.1021124
vn -0.6467661 -0.6649377 0.3735659
vn -0.673023 0.6729455 0.3068948
vn -0.5662833 0.7614975 0.3153488
vn -0.4276913 0.8791524 0.2101697
vn -0.2443284 0.969464 0.02105247
vn -0.1766153 0.9789689 -0.1021124
vn -0.1041461 0.9694104 -0.2222545
vn -0.03185183 0.8790914 -0.4755879
vn -0.01084743 0.7614882 -0.648088
vn -0.0714374 0.6733096 -0.7359014
vn -0.6730312 0.6732994 -0.3060994
vn -0.8285847 0.4782502 -0.2910742
vn -0.9268433 0.2482785 -0.2816367
vn -0.8285758 0.4782265 0.2911381
vn -0.9268409 0.2482784 0.2816447
vn -0.9604674 -1.359296E-06 0.2783924
vn -0.9268433 -0.2482784 0.2816367
vn -0.9604674 1.374316E-06 -0.2783924
vn -0.926841 -0.2482784 -0.2816445
vn -0.8285848 -0.4782504 0.2910735
vn -0.8285761 -0.4782267 -0.2911372
vn -0.6730314 -0.6732998 0.3060982
vn -0.5666161 -0.7615573 0.3146055
vn -0.4276902 -0.8791531 0.2101689
vn -0.2445219 -0.9694178 0.02093618
vn -0.1767384 -0.9789701 -0.101888
vn -0.1039437 -0.9694578 -0.2221425
vn -0.03185203 -0.879092 -0.4755867
vn -0.01001676 -0.7614291 -0.6481709
vn -0.07072807 -0.6729464 -0.7363021
vn -0.6664263 0.4782202 -0.5719978
vn -0.7073646 0.2482936 -0.6618049
vn -0.1622058 0.4782375 -0.8631212
vn -0.2194509 0.2482787 -0.9435036
vn -0.7213238 -7.427359E-06 -0.692598
vn -0.7073469 -0.2482878 -0.6618259
vn -0.2391239 9.3349E-06 -0.9709891
vn -0.2194382 -0.2482933 -0.9435027
vn -0.6663991 -0.4782341 -0.5720178
vn -0.6015715 -0.6733144 -0.4298365
vn -0.1621759 -0.4782115 -0.8631412
vn 0.4035014 0.499871 -0.7663652
vn 0.000355693 0.8159877 -0.5780692
vn -0.5004572 0.8159829 -0.2893347
vn 0.5004597 0.8159835 0.2893285
vn -0.0003557124 -0.8159875 -0.5780694
vn 0.5004576 -0.8159826 -0.2893348
vn -0.5004598 -0.8159834 0.2893286
vn -0.4064831 0.7058653 -0.5801084
vn 0.4064825 -0.7058653 -0.5801087
vn 0.7056398 0.7058538 -0.06199021
vn 0.4035167 -0.4998617 0.7663631
vn -0.4064882 -0.7058593 0.5801121
vn 0.4064887 0.7058592 0.5801117
vn -0.4035164 0.4998617 0.7663633
vn -0.7056398 -0.7058539 -0.06198951
vn -0.8660254 2.359881E-06 -0.5
vn -0.4035017 -0.4998711 -0.7663649
vn 0.5354196 0.6474007 -0.5424002
vn 0.2020164 -0.6474181 -0.7348735
vn -0.000145249 -0.6649395 -0.7468972
vn 0.202029 0.6474156 0.7348723
vn -0.0001473317 0.6649907 0.7468516
vn 0.5354196 -0.6474007 0.5424002
vn -0.5354196 0.6474007 0.5424002
vn -0.202029 -0.6474156 0.7348723
vn 0.0001473317 -0.6649907 0.7468516
vn -0.2020163 0.6474184 -0.7348734
vn 0.0001452338 0.6649396 -0.7468972
vn -0.5354198 -0.6474006 -0.5424004
vn 0.0001302333 0.9789721 -0.2039942
vn -0.5562215 0.7615043 -0.3327593
vn 0.2194657 0.2482915 -0.9434968
vn 0.2194706 -0.2482785 -0.943499
vn 0.666406 -0.4782211 -0.5720207
vn 0.07151298 -0.6733232 -0.7358816
vn 0.0108984 -0.7615507 -0.6480138
vn 0.5562199 -0.7615056 -0.3327592
vn -0.000130168 -0.9789721 -0.2039941
vn 0.01088061 0.7615404 0.6480262
vn 0.5562242 0.7615005 0.3327638
vn 0.6663784 0.4782257 0.5720489
vn 0.2195576 0.2482931 0.9434749
vn 0.2195571 -0.2482907 0.9434757
vn -0.5562226 -0.7615016 0.3327639
vn -0.2195569 0.2482907 0.9434758
vn -0.2195576 -0.248293 0.9434749
vn -0.6663778 -0.4782258 0.5720496
vn -0.01088151 -0.7615414 0.6480249
vn -0.01089738 0.7615492 -0.6480154
vn -0.07151175 0.6733228 -0.7358821
vn -0.6664066 0.478221 -0.57202
vn -0.2194706 0.2482786 -0.943499
vn -0.2194659 -0.2482914 -0.9434967
vn 0.8660233 -3.378485E-06 -0.5000038
vn 0.5007691 0.8160086 -0.2887219
vn -0.0003491072 0.8159957 0.5780579
vn -0.5007781 0.8160084 0.2887068
vn -0.5007693 -0.8160084 -0.2887219
vn 0.5007782 -0.8160083 0.2887069
vn 0.0003491033 -0.8159956 0.5780581
vn -0.4620437 -0.4998544 -0.7325717
vn 0.4620441 0.4998543 -0.7325714
vn 0.6468428 0.6650229 -0.3732814
vn 0.2020991 -0.6475539 -0.7347312
vn -0.03176636 0.8791614 0.4754642
vn -0.009962384 0.7615071 0.64808
vn -0.2020991 0.6475541 -0.734731
vn -0.6468431 -0.6650226 -0.3732814
vn 0.01012487 0.7615346 -0.6480451
vn 0.03187281 0.8791645 -0.4754513
vn 0.6664462 0.4782223 -0.5719728
vn 0.2196194 0.2482897 -0.9434615
vn 0.2196237 -0.2483062 -0.9434561
vn 0.6665258 -0.4782151 -0.5718861
vn 0.01091382 -0.7615929 -0.6479638
vn 0.031873 -0.8791651 -0.47545
vn 0.03176636 0.8791614 0.4754642
vn 0.01079386 0.7615676 0.6479956
vn 0.03176656 -0.8791621 0.4754629
vn 0.009963281 -0.7615083 0.6480786
vn -0.01079476 -0.7615687 0.6479943
vn -0.03176656 -0.8791621 0.4754629
vn -0.03187281 0.8791645 -0.4754513
vn -0.01091295 0.7615919 -0.6479651
vn -0.031873 -0.8791651 -0.47545
vn -0.01012575 -0.7615358 -0.6480438
vn -0.6665264 0.478215 -0.5718854
vn -0.2196237 0.2483063 -0.9434561
vn -0.2196196 -0.2482897 -0.9434614
vn -0.6664457 -0.4782224 -0.5719733

usemtl Color
f 4/1/1 3/2/3 2/2/2 1/1/1
f 8/2/7 4/1/1 1/1/1 5/2/4
f 7/3/6 2/2/2 3/2/3 6/3/5
f 12/3/11 8/2/7 5/2/4 9/3/8
f 11/4/10 7/3/6 6/3/5 10/4/9
f 16/4/14 12/3/11 9/3/8 13/4/12
f 15/5/13 11/4/10 10/4/9 14/5/13
f 14/5/13 16/4/14 13/4/12 15/5/13
f 18/1/1 17/2/15 3/2/3 4/1/1
f 20/2/17 18/1/1 4/1/1 8/2/7
f 6/3/5 3/2/3 17/2/15 19/3/16
f 22/3/19 20/2/17 8/2/7 12/3/11
f 10/4/9 6/3/5 19/3/16 21/4/18
f 24/4/20 22/3/19 12/3/11 16/4/14
f 14/5/13 10/4/9 21/4/18 23/5/13
f 23/5/13 24/4/20 16/4/14 14/5/13
f 28/6/1 27/7/22 26/7/21 25/6/1
f 32/7/26 28/6/1 25/6/1 29/7/23
f 31/8/25 26/7/21 27/7/22 30/8/24
f 36/8/30 32/7/26 29/7/23 33/8/27
f 35/9/29 31/8/25 30/8/24 34/9/28
f 40/9/32 36/8/30 33/8/27 37/9/31
f 39/10/13 35/9/29 34/9/28 38/10/13
f 38/10/13 40/9/32 37/9/31 39/10/13
f 1/6/1 2/7/2 27/7/22 28/6/1
f 5/7/4 1/6/1 28/6/1 32/7/26
f 30/8/24 27/7/22 2/7/2 7/8/6
f 9/8/8 5/7/4 32/7/26 36/8/30
f 34/9/28 30/8/24 7/8/6 11/9/10
f 13/9/12 9/8/8 36/8/30 40/9/32
f 38/10/13 34/9/28 11/9/10 15/10/13
f 15/10/13 13/9/12 40/9/32 38/10/13
f 44/1/1 43/2/34 42/2/33 41/1/1
f 48/2/38 44/1/1 41/1/1 45/2/35
f 47/3/37 42/2/33 43/2/34 46/3/36
f 52/3/42 48/2/38 45/2/35 49/3/39
f 51/4/41 47/3/37 46/3/36 50/4/40
f 56/4/44 52/3/42 49/3/39 53/4/43
f 55/5/13 51/4/41 50/4/40 54/5/13
f 54/5/13 56/4/44 53/4/43 55/5/13
f 25/1/1 26/2/21 43/2/34 44/1/1
f 29/2/23 25/1/1 44/1/1 48/2/38
f 46/3/36 43/2/34 26/2/21 31/3/25
f 33/3/27 29/2/23 48/2/38 52/3/42
f 50/4/40 46/3/36 31/3/25 35/4/29
f 37/4/31 33/3/27 52/3/42 56/4/44
f 54/5/13 50/4/40 35/4/29 39/5/13
f 39/5/13 37/4/31 56/4/44 54/5/13
f 60/6/1 59/7/45 58/7/17 57/6/1
f 64/7/47 60/6/1 57/6/1 61/7/15
f 63/8/19 58/7/17 59/7/45 62/8/46
f 68/8/49 64/7/47 61/7/15 65/8/16
f 67/9/20 63/8/19 62/8/46 66/9/48
f 72/9/50 68/8/49 65/8/16 69/9/18
f 71/10/13 67/9/20 66/9/48 70/10/13
f 70/10/13 72/9/50 69/9/18 71/10/13
f 41/6/1 42/7/33 59/7/45 60/6/1
f 45/7/35 41/6/1 60/6/1 64/7/47
f 62/8/46 59/7/45 42/7/33 47/8/37
f 49/8/39 45/7/35 64/7/47 68/8/49
f 66/9/48 62/8/46 47/8/37 51/9/41
f 53/9/43 49/8/39 68/8/49 72/9/50
f 70/10/13 66/9/48 51/9/41 55/10/13
f 55/10/13 53/9/43 72/9/50 70/10/13
f 76/1/1 75/2/7 74/2/4 73/1/1
f 80/2/3 76/1/1 73/1/1 77/2/2
f 79/3/8 74/2/4 75/2/7 78/3/11
f 84/3/5 80/2/3 77/2/2 81/3/6
f 83/4/12 79/3/8 78/3/11 82/4/14
f 88/4/9 84/3/5 81/3/6 85/4/10
f 87/5/13 83/4/12 82/4/14 86/5/13
f 86/5/13 88/4/9 85/4/10 87/5/13
f 57/1/1 58/2/17 75/2/7 76/1/1
f 61/2/15 57/1/1 76/1/1 80/2/3
f 78/3/11 75/2/7 58/2/17 63/3/19
f 65/3/16 61/2/15 80/2/3 84/3/5
f 82/4/14 78/3/11 63/3/19 67/4/20
f 69/4/18 65/3/16 84/3/5 88/4/9
f 86/5/13 82/4/14 67/4/20 71/5/13
f 71/5/13 69/4/18 88/4/9 86/5/13
f 92/6/1 91/7/26 90/7/23 89/6/1
f 96/7/22 92/6/1 89/6/1 93/7/21
f 95/8/27 90/7/23 91/7/26 94/8/30
f 100/8/24 96/7/22 93/7/21 97/8/25
f 99/9/31 95/8/27 94/8/30 98/9/32
f 104/9/28 100/8/24 97/8/25 101/9/29
f 103/10/13 99/9/31 98/9/32 102/10/13
f 102/10/13 104/9/28 101/9/29 103/10/13
f 73/6/1 74/7/4 91/7/26 92/6/1
f 77/7/2 73/6/1 92/6/1 96/7/22
f 94/8/30 91/7/26 74/7/4 79/8/8
f 81/8/6 77/7/2 96/7/22 100/8/24
f 98/9/32 94/8/30 79/8/8 83/9/12
f 85/9/10 81/8/6 100/8/24 104/9/28
f 102/10/13 98/9/32 83/9/12 87/10/13
f 87/10/13 85/9/10 104/9/28 102/10/13
f 108/1/1 107/2/38 106/2/35 105/1/1
f 112/2/34 108/1/1 105/1/1 109/2/33
f 111/3/39 106/2/35 107/2/38 110/3/42
f 116/3/36 112/2/34 109/2/33 113/3/37
f 115/4/43 111/3/39 110/3/42 114/4/44
f 120/4/40 116/3/36 113/3/37 117/4/41
f 119/5/13 115/4/43 114/4/44 118/5/13
f 118/5/13 120/4/40 117/4/41 119/5/13
f 89/1/1 90/2/23 107/2/38 108/1/1
f 93/2/21 89/1/1 108/1/1 112/2/34
f 110/3/42 107/2/38 90/2/23 95/3/27
f 97/3/25 93/2/21 112/2/34 116/3/36
f 114/4/44 110/3/42 95/3/27 99/4/31
f 101/4/29 97/3/25 116/3/36 120/4/40
f 118/5/13 114/4/44 99/4/31 103/5/13
f 103/5/13 101/4/29 120/4/40 118/5/13
f 122/6/1 121/7/47 17/7/15 18/6/1
f 124/7/45 122/6/1 18/6/1 20/7/17
f 19/8/16 17/7/15 121/7/47 123/8/49
f 126/8/46 124/7/45 20/7/17 22/8/19
f 21/9/18 19/8/16 123/8/49 125/9/50
f 128/9/48 126/8/46 22/8/19 24/9/20
f 23/10/13 21/9/18 125/9/50 127/10/13
f 127/10/13 128/9/48 24/9/20 23/10/13
f 105/6/1 106/7/35 121/7/47 122/6/1
f 109/7/33 105/6/1 122/6/1 124/7/45
f 123/8/49 121/7/47 106/7/35 111/8/39
f 113/8/37 109/7/33 124/7/45 126/8/46
f 125/9/50 123/8/49 111/8/39 115/9/43
f 117/9/41 113/8/37 126/8/46 128/9/48
f 127/10/13 125/9/50 115/9/43 119/10/13
f 119/10/13 117/9/41 128/9/48 127/10/13
f 132/11/54 129/11/51 131/12/53 130/12/52
f 135/11/57 132/11/54 130/12/52 133/12/55
f 136/11/58 134/11/56 129/11/51 132/11/54
f 138/11/60 136/11/58 132/11/54 135/11/57
f 139/11/61 137/11/59 134/11/56 136/11/58
f 141/11/63 139/11/61 136/11/58 138/11/60
f 142/11/64 140/11/62 137/11/59 139/11/61
f 144/11/66 142/11/64 139/11/61 141/11/63
f 145/11/67 143/11/65 140/11/62 142/11/64
f 147/11/69 145/11/67 142/11/64 144/11/66
f 148/11/70 146/11/68 143/11/65 145/11/67
f 150/11/72 148/11/70 145/11/67 147/11/69
f 151/11/73 149/11/71 146/11/68 148/11/70
f 153/11/75 151/11/73 148/11/70 150/11/72
f 154/11/76 152/11/74 149/11/71 151/11/73
f 155/11/77 154/11/76 151/11/73 153/11/75
f 158/14/13 162/14/83 157/14/79 156/13/78
f 160/14/81 159/13/80 156/13/78 157/14/79
f 164/13/85 156/13/78 159/13/80 161/13/82
f 163/14/84 160/14/81 157/14/79 162/14/83
f 168/13/89 158/13/13 156/13/78 164/13/85
f 168/13/89 164/13/85 161/13/82 165/13/86
f 167/14/88 163/14/84 162/14/83 166/14/87
f 158/14/13 171/14/92 166/14/87 162/14/83
f 170/13/91 168/13/89 165/13/86 169/13/90
f 179/15/100 158/13/13 168/13/89 170/13/91
f 172/14/93 167/14/88 166/14/87 171/14/92
f 174/14/95 172/14/93 171/14/92 173/14/94
f 158/14/13 175/14/96 173/14/94 171/14/92
f 176/14/97 174/14/95 173/14/94 175/14/96
f 178/14/99 176/14/97 175/14/96 177/14/98
f 158/14/13 179/15/100 177/14/98 175/14/96
f 180/15/101 178/14/99 177/14/98 179/15/100
f 169/15/90 180/15/101 179/15/100 170/15/91
f 189/16/109 181/16/1 183/17/103 182/16/102
f 185/17/105 184/16/104 182/16/102 183/17/103
f 189/16/109 182/16/102 184/16/104 186/16/106
f 188/17/108 185/17/105 183/17/103 187/17/107
f 191/17/111 187/17/107 183/17/103 181/17/1
f 195/16/115 189/16/109 186/16/106 190/16/110
f 192/17/112 188/17/108 187/17/107 191/17/111
f 194/17/114 192/17/112 191/17/111 193/17/113
f 205/18/125 193/17/113 191/17/111 181/17/1
f 197/16/117 181/16/1 189/16/109 195/16/115
f 197/16/117 195/16/115 190/16/110 196/16/116
f 199/16/119 197/16/117 196/16/116 198/16/118
f 201/16/121 181/16/1 197/16/117 199/16/119
f 201/16/121 199/16/119 198/16/118 200/16/120
f 203/16/123 201/16/121 200/16/120 202/16/122
f 205/18/125 181/16/1 201/16/121 203/16/123
f 205/18/125 203/16/123 202/16/122 204/18/124
f 193/18/113 205/18/125 204/18/124 194/18/114
f 209/19/129 208/19/128 207/19/127 206/19/126
f 211/19/131 209/19/129 206/19/126 210/19/130
f 215/20/135 214/20/134 213/20/133 212/20/132
f 218/20/138 215/20/135 212/20/132 216/20/136
f 219/20/139 217/20/137 214/20/134 215/20/135
f 221/20/141 219/20/139 215/20/135 218/20/138
f 222/20/42 220/20/140 217/20/137 219/20/139
f 224/20/143 222/20/42 219/20/139 221/20/141
f 225/20/144 223/20/142 220/20/140 222/20/42
f 227/20/146 225/20/144 222/20/42 224/20/143
f 228/21/147 226/21/145 223/20/142 225/20/144
f 229/21/148 228/21/147 225/20/144 227/20/146
f 206/21/126 207/21/127 226/21/145 228/21/147
f 210/21/130 206/21/126 228/21/147 229/21/148
f 212/22/132 213/22/133 231/22/150 230/22/149
f 216/22/136 212/22/132 230/22/149 232/22/151
f 236/23/155 233/23/152 235/23/154 234/23/153
f 239/23/158 236/23/155 234/23/153 237/23/156
f 240/24/159 238/24/157 233/23/152 236/23/155
f 242/24/161 240/24/159 236/23/155 239/23/158
f 243/24/162 241/24/160 238/24/157 240/24/159
f 245/24/164 243/24/162 240/24/159 242/24/161
f 246/24/165 244/24/163 241/24/160 243/24/162
f 248/24/167 246/24/165 243/24/162 245/24/164
f 249/24/168 247/24/166 244/24/163 246/24/165
f 251/24/170 249/24/168 246/24/165 248/24/167
f 252/24/171 250/24/169 247/24/166 249/24/168
f 254/24/173 252/24/171 249/24/168 251/24/170
f 255/24/174 253/24/172 250/24/169 252/24/171
f 257/24/176 255/24/174 252/24/171 254/24/173
f 258/24/177 256/24/175 253/24/172 255/24/174
f 259/24/178 258/24/177 255/24/174 257/24/176
f 263/25/182 260/25/179 262/25/181 261/25/180
f 265/26/184 263/25/182 261/25/180 264/26/183
f 269/27/188 266/27/185 268/27/187 267/27/186
f 272/28/191 269/27/188 267/27/186 270/28/189
f 273/27/192 271/27/190 266/27/185 269/27/188
f 275/28/194 273/27/192 269/27/188 272/28/191
f 276/27/36 274/27/193 271/27/190 273/27/192
f 278/28/196 276/27/36 273/27/192 275/28/194
f 279/27/197 277/27/195 274/27/193 276/27/36
f 281/28/199 279/27/197 276/27/36 278/28/196
f 282/27/200 280/27/198 277/27/195 279/27/197
f 283/28/201 282/27/200 279/27/197 281/28/199
f 261/29/180 262/29/181 280/27/198 282/27/200
f 264/30/183 261/29/180 282/27/200 283/28/201
f 267/31/186 268/31/187 285/31/203 284/31/202
f 270/32/189 267/31/186 284/31/202 286/32/204
f 290/33/208 287/33/205 289/33/207 288/33/206
f 293/34/211 290/33/208 288/33/206 291/34/209
f 294/33/212 292/33/210 287/33/205 290/33/208
f 296/34/214 294/33/212 290/33/208 293/34/211
f 297/33/215 295/33/213 292/33/210 294/33/212
f 299/34/217 297/33/215 294/33/212 296/34/214
f 300/35/218 298/35/216 295/33/213 297/33/215
f 302/36/220 300/35/218 297/33/215 299/34/217
f 303/35/221 301/35/219 298/35/216 300/35/218
f 305/36/223 303/35/221 300/35/218 302/36/220
f 306/35/224 304/35/222 301/35/219 303/35/221
f 308/36/226 306/35/224 303/35/221 305/36/223
f 309/35/227 307/35/225 304/35/222 306/35/224
f 311/36/229 309/35/227 306/35/224 308/36/226
f 312/35/230 310/35/228 307/35/225 309/35/227
f 313/36/231 312/35/230 309/35/227 311/36/229
f 317/37/235 314/37/232 316/37/234 315/37/233
f 320/37/238 317/37/235 315/37/233 318/37/236
f 321/37/239 319/37/237 314/37/232 317/37/235
f 323/37/241 321/37/239 317/37/235 320/37/238
f 324/37/242 322/37/240 319/37/237 321/37/239
f 326/37/244 324/37/242 321/37/239 323/37/241
f 327/37/245 325/37/243 322/37/240 324/37/242
f 329/37/247 327/37/245 324/37/242 326/37/244
f 330/37/248 328/37/246 325/37/243 327/37/245
f 332/37/250 330/37/248 327/37/245 329/37/247
f 333/37/251 331/37/249 328/37/246 330/37/248
f 335/37/253 333/37/251 330/37/248 332/37/250
f 336/37/254 334/37/252 331/37/249 333/37/251
f 338/37/256 336/37/254 333/37/251 335/37/253
f 339/38/257 337/38/255 334/37/252 336/37/254
f 340/38/258 339/38/257 336/37/254 338/37/256
f 343/39/261 342/39/260 341/39/259 160/39/81
f 163/39/84 344/39/262 343/39/261 160/39/81
f 167/39/88 345/39/263 344/39/262 163/39/84
f 348/40/266 347/40/265 346/40/264 184/40/104
f 185/41/105 349/41/267 348/40/266 184/40/104
f 188/41/108 350/41/268 349/41/267 185/41/105
f 352/39/270 351/39/269 345/39/263 167/39/88
f 172/39/93 353/39/271 352/39/270 167/39/88
f 174/39/95 354/39/272 353/39/271 172/39/93
f 357/40/275 356/40/274 355/40/273 190/40/110
f 186/40/106 358/40/276 357/40/275 190/40/110
f 184/40/104 346/40/264 358/40/276 186/40/106
f 360/39/278 359/39/277 354/39/272 174/39/95
f 176/39/97 361/39/279 360/39/278 174/39/95
f 178/39/99 362/39/280 361/39/279 176/39/97
f 365/40/283 364/40/282 363/40/281 198/40/118
f 196/40/116 366/40/284 365/40/283 198/40/118
f 190/40/110 355/40/273 366/40/284 196/40/116
f 368/39/286 367/39/285 362/39/280 178/39/99
f 180/42/101 369/42/287 368/39/286 178/39/99
f 169/42/90 370/42/288 369/42/287 180/42/101
f 373/40/291 372/40/290 371/40/289 202/40/122
f 200/40/120 374/40/292 373/40/291 202/40/122
f 198/40/118 363/40/281 374/40/292 200/40/120
f 370/43/295 376/44/294 375/44/293 291/43/209
f 288/45/206 369/45/296 370/43/295 291/43/209
f 289/45/207 368/45/297 369/45/296 288/45/206
f 377/45/299 367/45/298 368/45/297 289/45/207
f 287/46/205 378/46/300 377/45/299 289/45/207
f 379/48/302 376/48/301 370/47/288 169/47/90
f 165/47/86 380/48/303 379/48/302 169/47/90
f 161/47/82 381/48/304 380/48/303 165/47/86
f 384/49/307 383/50/306 382/50/305 194/49/114
f 385/53/310 383/53/309 384/52/308 313/51/231
f 311/51/229 386/44/311 385/53/310 313/51/231
f 388/47/313 387/48/312 381/48/304 161/47/82
f 159/47/80 389/47/314 388/47/313 161/47/82
f 160/39/81 341/39/259 389/47/314 159/47/80
f 350/54/317 391/55/316 390/55/315 232/54/151
f 392/56/319 391/56/318 350/41/268 188/41/108
f 192/41/112 393/56/320 392/56/319 188/41/108
f 194/41/114 382/56/305 393/56/320 192/41/112
f 395/57/322 131/57/53 129/57/51 394/57/321
f 343/57/324 131/57/53 395/57/322 342/57/323
f 344/57/325 130/57/52 131/57/53 343/57/324
f 345/57/326 133/57/55 130/57/52 344/57/325
f 396/57/328 133/57/55 345/57/326 351/57/327
f 397/57/329 135/57/57 133/57/55 396/57/328
f 208/58/128 395/58/330 394/58/331 207/58/127
f 341/58/333 342/58/332 395/58/330 208/58/128
f 209/58/129 389/58/334 341/58/333 208/58/128
f 211/58/131 388/58/335 389/58/334 209/58/129
f 398/59/337 387/59/336 388/58/335 211/58/131
f 210/58/130 399/59/338 398/59/337 211/58/131
f 134/57/56 400/57/339 394/57/321 129/57/51
f 400/60/340 226/60/145 207/60/127 394/60/331
f 137/57/59 401/57/341 400/57/339 134/57/56
f 401/60/342 223/60/142 226/60/145 400/60/340
f 140/57/62 402/57/343 401/57/341 137/57/59
f 402/60/344 220/60/140 223/60/142 401/60/342
f 143/61/65 403/61/345 402/57/343 140/57/62
f 146/61/68 404/61/346 403/61/345 143/61/65
f 403/60/347 217/60/137 220/60/140 402/60/344
f 404/60/348 214/60/134 217/60/137 403/60/347
f 149/61/71 405/61/349 404/61/346 146/61/68
f 405/60/350 213/60/133 214/60/134 404/60/348
f 152/61/74 406/61/351 405/61/349 149/61/71
f 346/61/353 347/61/352 406/61/351 152/61/74
f 154/61/76 358/61/354 346/61/353 152/61/74
f 155/61/77 357/61/355 358/61/354 154/61/76
f 407/61/357 356/61/356 357/61/355 155/61/77
f 153/61/75 408/61/358 407/61/357 155/61/77
f 406/54/359 231/54/150 213/58/133 405/58/350
f 348/54/361 231/54/150 406/54/359 347/54/360
f 349/54/362 230/54/149 231/54/150 348/54/361
f 350/54/317 232/54/151 230/54/149 349/54/362
f 396/62/364 235/62/154 233/62/152 397/62/363
f 352/62/366 235/62/154 396/62/364 351/62/365
f 353/62/367 234/62/153 235/62/154 352/62/366
f 354/62/368 237/62/156 234/62/153 353/62/367
f 409/62/370 237/62/156 354/62/368 359/62/369
f 410/62/371 239/62/158 237/62/156 409/62/370
f 238/62/157 411/62/372 397/62/363 233/62/152
f 411/57/373 138/57/60 135/57/57 397/57/329
f 241/62/160 412/62/374 411/62/372 238/62/157
f 412/57/375 141/57/63 138/57/60 411/57/373
f 244/62/163 413/62/376 412/62/374 241/62/160
f 413/57/377 144/57/66 141/57/63 412/57/375
f 247/62/166 414/62/378 413/62/376 244/62/163
f 414/61/379 147/61/69 144/57/66 413/57/377
f 415/61/380 150/61/72 147/61/69 414/61/379
f 250/62/169 415/62/381 414/62/378 247/62/166
f 253/63/172 408/63/382 415/62/381 250/62/169
f 408/61/358 153/61/75 150/61/72 415/61/380
f 256/63/175 407/63/383 408/63/382 253/63/172
f 355/63/385 356/63/384 407/63/383 256/63/175
f 258/63/177 366/63/386 355/63/385 256/63/175
f 259/63/178 365/63/387 366/63/386 258/63/177
f 416/63/389 364/63/388 365/63/387 259/63/178
f 257/63/176 417/63/390 416/63/389 259/63/178
f 409/64/392 285/64/203 268/64/187 410/64/391
f 360/64/394 285/64/203 409/64/392 359/64/393
f 361/64/395 284/64/202 285/64/203 360/64/394
f 362/65/396 286/65/204 284/64/202 361/64/395
f 377/65/398 286/65/204 362/65/396 367/65/397
f 378/65/399 270/65/189 286/65/204 377/65/398
f 266/66/185 418/66/400 410/66/391 268/66/187
f 418/62/401 242/62/161 239/62/158 410/62/371
f 271/67/190 419/67/402 418/66/400 266/66/185
f 419/62/403 245/62/164 242/62/161 418/62/401
f 274/67/193 420/67/404 419/67/402 271/67/190
f 277/67/195 421/67/405 420/67/404 274/67/193
f 420/62/406 248/62/167 245/62/164 419/62/403
f 421/62/407 251/62/170 248/62/167 420/62/406
f 280/67/198 422/67/408 421/67/405 277/67/195
f 422/62/409 254/62/173 251/62/170 421/62/407
f 262/67/181 417/67/410 422/67/408 280/67/198
f 417/63/390 257/63/176 254/62/173 422/62/409
f 260/68/179 416/68/411 417/68/410 262/68/181
f 363/68/413 364/68/412 416/68/411 260/68/179
f 263/68/182 374/68/414 363/68/413 260/68/179
f 265/69/184 373/69/415 374/68/414 263/68/182
f 423/69/417 372/69/416 373/69/415 265/69/184
f 264/69/183 424/69/418 423/69/417 265/69/184
f 292/46/210 425/46/419 378/46/300 287/46/205
f 425/70/420 272/70/191 270/70/189 378/70/399
f 295/46/213 426/46/421 425/46/419 292/46/210
f 426/71/422 275/71/194 272/70/191 425/70/420
f 298/46/216 427/46/423 426/46/421 295/46/213
f 427/71/424 278/71/196 275/71/194 426/71/422
f 428/71/425 281/71/199 278/71/196 427/71/424
f 301/46/219 428/46/426 427/46/423 298/46/216
f 304/46/222 429/46/427 428/46/426 301/46/219
f 429/71/428 283/71/201 281/71/199 428/71/425
f 307/46/225 424/46/429 429/46/427 304/46/222
f 424/71/418 264/71/183 283/71/201 429/71/428
f 310/46/228 423/46/430 424/46/429 307/46/225
f 371/72/432 372/72/431 423/46/430 310/46/228
f 312/46/230 430/72/433 371/72/432 310/46/228
f 313/51/231 384/52/308 430/72/433 312/46/230
f 430/49/434 204/49/124 202/40/122 371/40/289
f 384/49/307 194/49/114 204/49/124 430/49/434
f 375/73/436 316/73/234 314/74/232 431/73/435
f 379/73/438 316/73/234 375/73/436 376/73/437
f 380/73/439 315/73/233 316/73/234 379/73/438
f 381/73/440 318/73/236 315/73/233 380/73/439
f 398/73/442 318/73/236 381/73/440 387/73/441
f 399/73/443 320/74/238 318/73/236 398/73/442
f 431/44/444 293/51/211 291/43/209 375/44/293
f 432/44/445 296/51/214 293/51/211 431/44/444
f 433/44/446 299/51/217 296/51/214 432/44/445
f 319/74/237 432/74/447 431/74/435 314/74/232
f 322/74/240 433/74/448 432/74/447 319/74/237
f 325/74/243 434/74/449 433/74/448 322/74/240
f 328/74/246 435/74/450 434/74/449 325/74/243
f 434/44/451 302/51/220 299/51/217 433/44/446
f 435/44/452 305/51/223 302/51/220 434/44/451
f 331/74/249 436/74/453 435/74/450 328/74/246
f 436/44/454 308/51/226 305/51/223 435/44/452
f 386/44/311 311/51/229 308/51/226 436/44/454
f 334/74/252 386/74/455 436/74/453 331/74/249
f 337/74/255 385/74/456 386/74/455 334/74/252
f 382/74/458 383/74/457 385/74/456 337/74/255
f 339/74/257 393/74/459 382/74/458 337/74/255
f 340/74/258 392/74/460 393/74/459 339/74/257
f 390/74/462 391/74/461 392/74/460 340/74/258
f 338/74/256 437/74/463 390/74/462 340/74/258
f 229/60/148 438/75/464 399/75/338 210/60/130
f 227/60/146 439/75/465 438/75/464 229/60/148
f 438/74/466 323/74/241 320/74/238 399/74/443
f 439/74/467 326/74/244 323/74/241 438/74/466
f 224/60/143 440/75/468 439/75/465 227/60/146
f 221/60/141 441/75/469 440/75/468 224/60/143
f 440/74/470 329/74/247 326/74/244 439/74/467
f 441/74/471 332/74/250 329/74/247 440/74/470
f 218/60/138 442/75/472 441/75/469 221/60/141
f 216/60/136 437/76/473 442/75/472 218/60/138
f 442/74/474 335/74/253 332/74/250 441/74/471
f 437/74/463 338/74/256 335/74/253 442/74/474
f 232/54/151 390/55/315 437/55/473 216/58/136
f 446/1/1 445/2/3 444/2/2 443/1/1
f 450/2/7 446/1/1 443/1/1 447/2/4
f 449/3/6 444/2/2 445/2/3 448/3/5
f 454/3/11 450/2/7 447/2/4 451/3/8
f 453/4/10 449/3/6 448/3/5 452/4/9
f 458/4/14 454/3/11 451/3/8 455/4/12
f 457/5/13 453/4/10 452/4/9 456/5/13
f 456/5/13 458/4/14 455/4/12 457/5/13
f 460/1/1 459/2/15 445/2/3 446/1/1
f 462/2/17 460/1/1 446/1/1 450/2/7
f 448/3/5 445/2/3 459/2/15 461/3/16
f 464/3/19 462/2/17 450/2/7 454/3/11
f 452/4/9 448/3/5 461/3/16 463/4/18
f 466/4/20 464/3/19 454/3/11 458/4/14
f 456/5/13 452/4/9 463/4/18 465/5/13
f 465/5/13 466/4/20 458/4/14 456/5/13
f 470/6/1 469/7/22 468/7/21 467/6/1
f 474/7/26 470/6/1 467/6/1 471/7/23
f 473/8/25 468/7/21 469/7/22 472/8/24
f 478/8/30 474/7/26 471/7/23 475/8/27
f 477/9/29 473/8/25 472/8/24 476/9/28
f 482/9/32 478/8/30 475/8/27 479/9/31
f 481/10/13 477/9/29 476/9/28 480/10/13
f 480/10/13 482/9/32 479/9/31 481/10/13
f 443/6/1 444/7/2 469/7/22 470/6/1
f 447/7/4 443/6/1 470/6/1 474/7/26
f 472/8/24 469/7/22 444/7/2 449/8/6
f 451/8/8 447/7/4 474/7/26 478/8/30
f 476/9/28 472/8/24 449/8/6 453/9/10
f 455/9/12 451/8/8 478/8/30 482/9/32
f 480/10/13 476/9/28 453/9/10 457/10/13
f 457/10/13 455/9/12 482/9/32 480/10/13
f 486/1/1 485/2/34 484/2/33 483/1/1
f 490/2/38 486/1/1 483/1/1 487/2/35
f 489/3/37 484/2/33 485/2/34 488/3/36
f 494/3/42 490/2/38 487/2/35 491/3/39
f 493/4/41 489/3/37 488/3/36 492/4/40
f 498/4/44 494/3/42 491/3/39 495/4/43
f 497/5/13 493/4/41 492/4/40 496/5/13
f 496/5/13 498/4/44 495/4/43 497/5/13
f 467/1/1 468/2/21 485/2/34 486/1/1
f 471/2/23 467/1/1 486/1/1 490/2/38
f 488/3/36 485/2/34 468/2/21 473/3/25
f 475/3/27 471/2/23 490/2/38 494/3/42
f 492/4/40 488/3/36 473/3/25 477/4/29
f 479/4/31 475/3/27 494/3/42 498/4/44
f 496/5/13 492/4/40 477/4/29 481/5/13
f 481/5/13 479/4/31 498/4/44 496/5/13
f 502/6/1 501/7/45 500/7/17 499/6/1
f 506/7/47 502/6/1 499/6/1 503/7/15
f 505/8/19 500/7/17 501/7/45 504/8/46
f 510/8/49 506/7/47 503/7/15 507/8/16
f 509/9/20 505/8/19 504/8/46 508/9/48
f 514/9/50 510/8/49 507/8/16 511/9/18
f 513/10/13 509/9/20 508/9/48 512/10/13
f 512/10/13 514/9/50 511/9/18 513/10/13
f 483/6/1 484/7/33 501/7/45 502/6/1
f 487/7/35 483/6/1 502/6/1 506/7/47
f 504/8/46 501/7/45 484/7/33 489/8/37
f 491/8/39 487/7/35 506/7/47 510/8/49
f 508/9/48 504/8/46 489/8/37 493/9/41
f 495/9/43 491/8/39 510/8/49 514/9/50
f 512/10/13 508/9/48 493/9/41 497/10/13
f 497/10/13 495/9/43 514/9/50 512/10/13
f 518/1/1 517/2/7 516/2/4 515/1/1
f 522/2/3 518/1/1 515/1/1 519/2/2
f 521/3/8 516/2/4 517/2/7 520/3/11
f 526/3/5 522/2/3 519/2/2 523/3/6
f 525/4/12 521/3/8 520/3/11 524/4/14
f 530/4/9 526/3/5 523/3/6 527/4/10
f 529/5/13 525/4/12 524/4/14 528/5/13
f 528/5/13 530/4/9 527/4/10 529/5/13
f 499/1/1 500/2/17 517/2/7 518/1/1
f 503/2/15 499/1/1 518/1/1 522/2/3
f 520/3/11 517/2/7 500/2/17 505/3/19
f 507/3/16 503/2/15 522/2/3 526/3/5
f 524/4/14 520/3/11 505/3/19 509/4/20
f 511/4/18 507/3/16 526/3/5 530/4/9
f 528/5/13 524/4/14 509/4/20 513/5/13
f 513/5/13 511/4/18 530/4/9 528/5/13
f 534/6/1 533/7/26 532/7/23 531/6/1
f 538/7/22 534/6/1 531/6/1 535/7/21
f 537/8/27 532/7/23 533/7/26 536/8/30
f 542/8/24 538/7/22 535/7/21 539/8/25
f 541/9/31 537/8/27 536/8/30 540/9/32
f 546/9/28 542/8/24 539/8/25 543/9/29
f 545/10/13 541/9/31 540/9/32 544/10/13
f 544/10/13 546/9/28 543/9/29 545/10/13
f 515/6/1 516/7/4 533/7/26 534/6/1
f 519/7/2 515/6/1 534/6/1 538/7/22
f 536/8/30 533/7/26 516/7/4 521/8/8
f 523/8/6 519/7/2 538/7/22 542/8/24
f 540/9/32 536/8/30 521/8/8 525/9/12
f 527/9/10 523/8/6 542/8/24 546/9/28
f 544/10/13 540/9/32 525/9/12 529/10/13
f 529/10/13 527/9/10 546/9/28 544/10/13
f 550/1/1 549/2/38 548/2/35 547/1/1
f 554/2/34 550/1/1 547/1/1 551/2/33
f 553/3/39 548/2/35 549/2/38 552/3/42
f 558/3/36 554/2/34 551/2/33 555/3/37
f 557/4/43 553/3/39 552/3/42 556/4/44
f 562/4/40 558/3/36 555/3/37 559/4/41
f 561/5/13 557/4/43 556/4/44 560/5/13
f 560/5/13 562/4/40 559/4/41 561/5/13
f 531/1/1 532/2/23 549/2/38 550/1/1
f 535/2/21 531/1/1 550/1/1 554/2/34
f 552/3/42 549/2/38 532/2/23 537/3/27
f 539/3/25 535/2/21 554/2/34 558/3/36
f 556/4/44 552/3/42 537/3/27 541/4/31
f 543/4/29 539/3/25 558/3/36 562/4/40
f 560/5/13 556/4/44 541/4/31 545/5/13
f 545/5/13 543/4/29 562/4/40 560/5/13
f 564/6/1 563/7/47 459/7/15 460/6/1
f 566/7/45 564/6/1 460/6/1 462/7/17
f 461/8/16 459/7/15 563/7/47 565/8/49
f 568/8/46 566/7/45 462/7/17 464/8/19
f 463/9/18 461/8/16 565/8/49 567/9/50
f 570/9/48 568/8/46 464/8/19 466/9/20
f 465/10/13 463/9/18 567/9/50 569/10/13
f 569/10/13 570/9/48 466/9/20 465/10/13
f 547/6/1 548/7/35 563/7/47 564/6/1
f 551/7/33 547/6/1 564/6/1 566/7/45
f 565/8/49 563/7/47 548/7/35 553/8/39
f 555/8/37 551/7/33 566/7/45 568/8/46
f 567/9/50 565/8/49 553/8/39 557/9/43
f 559/9/41 555/8/37 568/8/46 570/9/48
f 569/10/13 567/9/50 557/9/43 561/10/13
f 561/10/13 559/9/41 570/9/48 569/10/13
f 574/1/1 573/2/3 572/2/2 571/1/1
f 578/2/7 574/1/1 571/1/1 575/2/4
f 577/3/6 572/2/2 573/2/3 576/3/5
f 582/3/11 578/2/7 575/2/4 579/3/8
f 581/4/10 577/3/6 576/3/5 580/4/9
f 586/4/14 582/3/11 579/3/8 583/4/12
f 585/5/13 581/4/10 580/4/9 584/5/13
f 584/5/13 586/4/14 583/4/12 585/5/13
f 588/1/1 587/2/15 573/2/3 574/1/1
f 590/2/17 588/1/1 574/1/1 578/2/7
f 576/3/5 573/2/3 587/2/15 589/3/16
f 592/3/19 590/2/17 578/2/7 582/3/11
f 580/4/9 576/3/5 589/3/16 591/4/18
f 594/4/20 592/3/19 582/3/11 586/4/14
f 584/5/13 580/4/9 591/4/18 593/5/13
f 593/5/13 594/4/20 586/4/14 584/5/13
f 598/6/1 597/7/22 596/7/21 595/6/1
f 602/7/26 598/6/1 595/6/1 599/7/23
f 601/8/25 596/7/21 597/7/22 600/8/24
f 606/8/30 602/7/26 599/7/23 603/8/27
f 605/9/29 601/8/25 600/8/24 604/9/28
f 610/9/32 606/8/30 603/8/27 607/9/31
f 609/10/13 605/9/29 604/9/28 608/10/13
f 608/10/13 610/9/32 607/9/31 609/10/13
f 571/6/1 572/7/2 597/7/22 598/6/1
f 575/7/4 571/6/1 598/6/1 602/7/26
f 600/8/24 597/7/22 572/7/2 577/8/6
f 579/8/8 575/7/4 602/7/26 606/8/30
f 604/9/28 600/8/24 577/8/6 581/9/10
f 583/9/12 579/8/8 606/8/30 610/9/32
f 608/10/13 604/9/28 581/9/10 585/10/13
f 585/10/13 583/9/12 610/9/32 608/10/13
f 614/1/1 613/2/34 612/2/33 611/1/1
f 618/2/38 614/1/1 611/1/1 615/2/35
f 617/3/37 612/2/33 613/2/34 616/3/36
f 622/3/42 618/2/38 615/2/35 619/3/39
f 621/4/41 617/3/37 616/3/36 620/4/40
f 626/4/44 622/3/42 619/3/39 623/4/43
f 625/5/13 621/4/41 620/4/40 624/5/13
f 624/5/13 626/4/44 623/4/43 625/5/13
f 595/1/1 596/2/21 613/2/34 614/1/1
f 599/2/23 595/1/1 614/1/1 618/2/38
f 616/3/36 613/2/34 596/2/21 601/3/25
f 603/3/27 599/2/23 618/2/38 622/3/42
f 620/4/40 616/3/36 601/3/25 605/4/29
f 607/4/31 603/3/27 622/3/42 626/4/44
f 624/5/13 620/4/40 605/4/29 609/5/13
f 609/5/13 607/4/31 626/4/44 624/5/13
f 630/6/1 629/7/45 628/7/17 627/6/1
f 634/7/47 630/6/1 627/6/1 631/7/15
f 633/8/19 628/7/17 629/7/45 632/8/46
f 638/8/49 634/7/47 631/7/15 635/8/16
f 637/9/20 633/8/19 632/8/46 636/9/48
f 642/9/50 638/8/49 635/8/16 639/9/18
f 641/10/13 637/9/20 636/9/48 640/10/13
f 640/10/13 642/9/50 639/9/18 641/10/13
f 611/6/1 612/7/33 629/7/45 630/6/1
f 615/7/35 611/6/1 630/6/1 634/7/47
f 632/8/46 629/7/45 612/7/33 617/8/37
f 619/8/39 615/7/35 634/7/47 638/8/49
f 636/9/48 632/8/46 617/8/37 621/9/41
f 623/9/43 619/8/39 638/8/49 642/9/50
f 640/10/13 636/9/48 621/9/41 625/10/13
f 625/10/13 623/9/43 642/9/50 640/10/13
f 646/1/1 645/2/7 644/2/4 643/1/1
f 650/2/3 646/1/1 643/1/1 647/2/2
f 649/3/8 644/2/4 645/2/7 648/3/11
f 654/3/5 650/2/3 647/2/2 651/3/6
f 653/4/12 649/3/8 648/3/11 652/4/14
f 658/4/9 654/3/5 651/3/6 655/4/10
f 657/5/13 653/4/12 652/4/14 656/5/13
f 656/5/13 658/4/9 655/4/10 657/5/13
f 627/1/1 628/2/17 645/2/7 646/1/1
f 631/2/15 627/1/1 646/1/1 650/2/3
f 648/3/11 645/2/7 628/2/17 633/3/19
f 635/3/16 631/2/15 650/2/3 654/3/5
f 652/4/14 648/3/11 633/3/19 637/4/20
f 639/4/18 635/3/16 654/3/5 658/4/9
f 656/5/13 652/4/14 637/4/20 641/5/13
f 641/5/13 639/4/18 658/4/9 656/5/13
f 662/6/1 661/7/26 660/7/23 659/6/1
f 666/7/22 662/6/1 659/6/1 663/7/21
f 665/8/27 660/7/23 661/7/26 664/8/30
f 670/8/24 666/7/22 663/7/21 667/8/25
f 669/9/31 665/8/27 664/8/30 668/9/32
f 674/9/28 670/8/24 667/8/25 671/9/29
f 673/10/13 669/9/31 668/9/32 672/10/13
f 672/10/13 674/9/28 671/9/29 673/10/13
f 643/6/1 644/7/4 661/7/26 662/6/1
f 647/7/2 643/6/1 662/6/1 666/7/22
f 664/8/30 661/7/26 644/7/4 649/8/8
f 651/8/6 647/7/2 666/7/22 670/8/24
f 668/9/32 664/8/30 649/8/8 653/9/12
f 655/9/10 651/8/6 670/8/24 674/9/28
f 672/10/13 668/9/32 653/9/12 657/10/13
f 657/10/13 655/9/10 674/9/28 672/10/13
f 678/1/1 677/2/38 676/2/35 675/1/1
f 682/2/34 678/1/1 675/1/1 679/2/33
f 681/3/39 676/2/35 677/2/38 680/3/42
f 686/3/36 682/2/34 679/2/33 683/3/37
f 685/4/43 681/3/39 680/3/42 684/4/44
f 690/4/40 686/3/36 683/3/37 687/4/41
f 689/5/13 685/4/43 684/4/44 688/5/13
f 688/5/13 690/4/40 687/4/41 689/5/13
f 659/1/1 660/2/23 677/2/38 678/1/1
f 663/2/21 659/1/1 678/1/1 682/2/34
f 680/3/42 677/2/38 660/2/23 665/3/27
f 667/3/25 663/2/21 682/2/34 686/3/36
f 684/4/44 680/3/42 665/3/27 669/4/31
f 671/4/29 667/3/25 686/3/36 690/4/40
f 688/5/13 684/4/44 669/4/31 673/5/13
f 673/5/13 671/4/29 690/4/40 688/5/13
f 692/6/1 691/7/47 587/7/15 588/6/1
f 694/7/45 692/6/1 588/6/1 590/7/17
f 589/8/16 587/7/15 691/7/47 693/8/49
f 696/8/46 694/7/45 590/7/17 592/8/19
f 591/9/18 589/8/16 693/8/49 695/9/50
f 698/9/48 696/8/46 592/8/19 594/9/20
f 593/10/13 591/9/18 695/9/50 697/10/13
f 697/10/13 698/9/48 594/9/20 593/10/13
f 675/6/1 676/7/35 691/7/47 692/6/1
f 679/7/33 675/6/1 692/6/1 694/7/45
f 693/8/49 691/7/47 676/7/35 681/8/39
f 683/8/37 679/7/33 694/7/45 696/8/46
f 695/9/50 693/8/49 681/8/39 685/9/43
f 687/9/41 683/8/37 696/8/46 698/9/48
f 697/10/13 695/9/50 685/9/43 689/10/13
f 689/10/13 687/9/41 698/9/48 697/10/13
f 702/11/54 699/11/51 701/12/53 700/12/52
f 705/11/57 702/11/54 700/12/52 703/12/55
f 706/11/58 704/11/475 699/11/51 702/11/54
f 708/11/60 706/11/58 702/11/54 705/11/57
f 709/11/61 707/11/59 704/11/475 706/11/58
f 711/11/63 709/11/61 706/11/58 708/11/60
f 712/11/64 710/11/62 707/11/59 709/11/61
f 714/11/66 712/11/64 709/11/61 711/11/63
f 715/11/67 713/11/65 710/11/62 712/11/64
f 717/11/69 715/11/67 712/11/64 714/11/66
f 718/11/70 716/11/68 713/11/65 715/11/67
f 720/11/72 718/11/70 715/11/67 717/11/69
f 721/11/73 719/11/71 716/11/68 718/11/70
f 723/11/75 721/11/73 718/11/70 720/11/72
f 724/11/76 722/11/74 719/11/71 721/11/73
f 725/11/77 724/11/76 721/11/73 723/11/75
f 728/14/13 732/14/83 727/14/79 726/13/78
f 730/14/81 729/13/476 726/13/78 727/14/79
f 734/13/85 726/13/78 729/13/476 731/13/82
f 733/14/84 730/14/81 727/14/79 732/14/83
f 738/13/89 728/13/13 726/13/78 734/13/85
f 738/13/89 734/13/85 731/13/82 735/13/477
f 737/14/88 733/14/84 732/14/83 736/14/87
f 728/14/13 741/14/92 736/14/87 732/14/83
f 740/13/91 738/13/89 735/13/477 739/13/90
f 749/15/100 728/13/13 738/13/89 740/13/91
f 742/14/478 737/14/88 736/14/87 741/14/92
f 744/14/95 742/14/478 741/14/92 743/14/94
f 728/14/13 745/14/96 743/14/94 741/14/92
f 746/14/97 744/14/95 743/14/94 745/14/96
f 748/14/99 746/14/97 745/14/96 747/14/98
f 728/14/13 749/15/100 747/14/98 745/14/96
f 750/15/101 748/14/99 747/14/98 749/15/100
f 739/15/90 750/15/101 749/15/100 740/15/91
f 759/16/109 751/16/1 753/17/103 752/16/102
f 755/17/479 754/16/104 752/16/102 753/17/103
f 759/16/109 752/16/102 754/16/104 756/16/480
f 758/17/108 755/17/479 753/17/103 757/17/107
f 761/17/111 757/17/107 753/17/103 751/17/1
f 765/16/115 759/16/109 756/16/480 760/16/110
f 762/17/112 758/17/108 757/17/107 761/17/111
f 764/17/114 762/17/112 761/17/111 763/17/113
f 775/18/125 763/17/113 761/17/111 751/17/1
f 767/16/117 751/16/1 759/16/109 765/16/115
f 767/16/117 765/16/115 760/16/110 766/16/116
f 769/16/119 767/16/117 766/16/116 768/16/118
f 771/16/121 751/16/1 767/16/117 769/16/119
f 771/16/121 769/16/119 768/16/118 770/16/120
f 773/16/123 771/16/121 770/16/120 772/16/122
f 775/18/125 751/16/1 771/16/121 773/16/123
f 775/18/125 773/16/123 772/16/122 774/18/481
f 763/18/113 775/18/125 774/18/481 764/18/114
f 779/19/129 778/19/128 777/19/127 776/19/126
f 781/19/131 779/19/129 776/19/126 780/19/482
f 785/20/135 784/20/134 783/20/483 782/20/132
f 788/20/138 785/20/135 782/20/132 786/20/136
f 789/20/139 787/20/137 784/20/134 785/20/135
f 791/20/141 789/20/139 785/20/135 788/20/138
f 792/20/42 790/20/140 787/20/137 789/20/139
f 794/20/143 792/20/42 789/20/139 791/20/141
f 795/20/144 793/20/142 790/20/140 792/20/42
f 797/20/146 795/20/144 792/20/42 794/20/143
f 798/21/147 796/21/145 793/20/142 795/20/144
f 799/21/148 798/21/147 795/20/144 797/20/146
f 776/21/126 777/21/127 796/21/145 798/21/147
f 780/21/482 776/21/126 798/21/147 799/21/148
f 782/22/132 783/22/483 801/22/150 800/22/149
f 786/22/136 782/22/132 800/22/149 802/22/151
f 806/23/155 803/23/484 805/23/154 804/23/153
f 809/23/158 806/23/155 804/23/153 807/23/156
f 810/24/159 808/24/157 803/23/484 806/23/155
f 812/24/161 810/24/159 806/23/155 809/23/158
f 813/24/162 811/24/160 808/24/157 810/24/159
f 815/24/164 813/24/162 810/24/159 812/24/161
f 816/24/165 814/24/163 811/24/160 813/24/162
f 818/24/167 816/24/165 813/24/162 815/24/164
f 819/24/168 817/24/166 814/24/163 816/24/165
f 821/24/170 819/24/168 816/24/165 818/24/167
f 822/24/171 820/24/169 817/24/166 819/24/168
f 824/24/485 822/24/171 819/24/168 821/24/170
f 825/24/174 823/24/172 820/24/169 822/24/171
f 827/24/176 825/24/174 822/24/171 824/24/485
f 828/24/177 826/24/175 823/24/172 825/24/174
f 829/24/178 828/24/177 825/24/174 827/24/176
f 833/25/182 830/25/179 832/25/181 831/25/180
f 835/26/184 833/25/182 831/25/180 834/26/486
f 839/27/188 836/27/185 838/27/487 837/27/186
f 842/28/191 839/27/188 837/27/186 840/28/189
f 843/27/192 841/27/190 836/27/185 839/27/188
f 845/28/194 843/27/192 839/27/188 842/28/191
f 846/27/36 844/27/193 841/27/190 843/27/192
f 848/28/196 846/27/36 843/27/192 845/28/194
f 849/27/197 847/27/195 844/27/193 846/27/36
f 851/28/199 849/27/197 846/27/36 848/28/196
f 852/27/200 850/27/198 847/27/195 849/27/197
f 853/28/201 852/27/200 849/27/197 851/28/199
f 831/29/180 832/29/181 850/27/198 852/27/200
f 834/30/486 831/29/180 852/27/200 853/28/201
f 837/31/186 838/31/487 855/31/203 854/31/202
f 840/32/189 837/31/186 854/31/202 856/32/204
f 860/33/208 857/33/205 859/33/207 858/33/206
f 863/34/211 860/33/208 858/33/206 861/34/209
f 864/33/212 862/33/488 857/33/205 860/33/208
f 866/34/214 864/33/212 860/33/208 863/34/211
f 867/33/215 865/33/213 862/33/488 864/33/212
f 869/34/217 867/33/215 864/33/212 866/34/214
f 870/35/218 868/35/216 865/33/213 867/33/215
f 872/36/220 870/35/218 867/33/215 869/34/217
f 873/35/221 871/35/219 868/35/216 870/35/218
f 875/36/223 873/35/221 870/35/218 872/36/220
f 876/35/224 874/35/222 871/35/219 873/35/221
f 878/36/226 876/35/224 873/35/221 875/36/223
f 879/35/227 877/35/225 874/35/222 876/35/224
f 881/36/489 879/35/227 876/35/224 878/36/226
f 882/35/230 880/35/228 877/35/225 879/35/227
f 883/36/231 882/35/230 879/35/227 881/36/489
f 887/37/235 884/37/232 886/37/234 885/37/233
f 890/37/238 887/37/235 885/37/233 888/37/236
f 891/37/239 889/37/237 884/37/232 887/37/235
f 893/37/241 891/37/239 887/37/235 890/37/238
f 894/37/242 892/37/240 889/37/237 891/37/239
f 896/37/244 894/37/242 891/37/239 893/37/241
f 897/37/490 895/37/243 892/37/240 894/37/242
f 899/37/247 897/37/490 894/37/242 896/37/244
f 900/37/248 898/37/246 895/37/243 897/37/490
f 902/37/250 900/37/248 897/37/490 899/37/247
f 903/37/251 901/37/249 898/37/246 900/37/248
f 905/37/491 903/37/251 900/37/248 902/37/250
f 906/37/254 904/37/252 901/37/249 903/37/251
f 908/37/256 906/37/254 903/37/251 905/37/491
f 909/38/257 907/38/255 904/37/252 906/37/254
f 910/38/258 909/38/257 906/37/254 908/37/256
f 913/39/492 912/39/260 911/39/259 730/39/81
f 733/39/84 914/39/262 913/39/492 730/39/81
f 737/39/88 915/39/263 914/39/262 733/39/84
f 918/40/493 917/40/265 916/40/264 754/40/104
f 755/41/479 919/41/494 918/40/493 754/40/104
f 758/41/108 920/41/268 919/41/494 755/41/479
f 922/39/270 921/39/269 915/39/263 737/39/88
f 742/39/478 923/39/271 922/39/270 737/39/88
f 744/39/95 924/39/272 923/39/271 742/39/478
f 927/40/275 926/40/274 925/40/273 760/40/110
f 756/40/480 928/40/276 927/40/275 760/40/110
f 754/40/104 916/40/264 928/40/276 756/40/480
f 930/39/495 929/39/277 924/39/272 744/39/95
f 746/39/97 931/39/496 930/39/495 744/39/95
f 748/39/99 932/39/280 931/39/496 746/39/97
f 935/40/497 934/40/282 933/40/281 768/40/118
f 766/40/116 936/40/284 935/40/497 768/40/118
f 760/40/110 925/40/273 936/40/284 766/40/116
f 938/39/498 937/39/285 932/39/280 748/39/99
f 750/42/101 939/42/287 938/39/498 748/39/99
f 739/42/90 940/42/288 939/42/287 750/42/101
f 943/40/499 942/40/290 941/40/289 772/40/122
f 770/40/120 944/40/500 943/40/499 772/40/122
f 768/40/118 933/40/281 944/40/500 770/40/120
f 940/43/295 946/44/294 945/44/293 861/43/209
f 858/45/206 939/45/296 940/43/295 861/43/209
f 859/45/207 938/45/297 939/45/296 858/45/206
f 947/45/299 937/45/298 938/45/297 859/45/207
f 857/46/205 948/46/300 947/45/299 859/45/207
f 949/48/302 946/48/301 940/47/288 739/47/90
f 735/47/477 950/48/303 949/48/302 739/47/90
f 731/47/82 951/48/304 950/48/303 735/47/477
f 954/49/307 953/50/306 952/50/305 764/49/114
f 955/53/310 953/53/309 954/52/308 883/51/231
f 881/51/489 956/44/311 955/53/310 883/51/231
f 958/47/501 957/48/312 951/48/304 731/47/82
f 729/47/476 959/47/502 958/47/501 731/47/82
f 730/39/81 911/39/259 959/47/502 729/47/476
f 920/54/317 961/55/316 960/55/315 802/54/151
f 962/56/503 961/56/318 920/41/268 758/41/108
f 762/41/112 963/56/320 962/56/503 758/41/108
f 764/41/114 952/56/305 963/56/320 762/41/112
f 965/57/322 701/57/53 699/57/51 964/57/321
f 913/57/324 701/57/53 965/57/322 912/57/323
f 914/57/325 700/57/52 701/57/53 913/57/324
f 915/57/326 703/57/55 700/57/52 914/57/325
f 966/57/328 703/57/55 915/57/326 921/57/327
f 967/57/329 705/57/57 703/57/55 966/57/328
f 778/58/128 965/58/330 964/58/331 777/58/127
f 911/58/333 912/58/332 965/58/330 778/58/128
f 779/58/129 959/58/504 911/58/333 778/58/128
f 781/58/131 958/58/335 959/58/504 779/58/129
f 968/59/505 957/59/336 958/58/335 781/58/131
f 780/58/482 969/59/338 968/59/505 781/58/131
f 704/57/475 970/57/339 964/57/321 699/57/51
f 970/60/340 796/60/145 777/60/127 964/60/331
f 707/57/59 971/57/506 970/57/339 704/57/475
f 971/60/342 793/60/142 796/60/145 970/60/340
f 710/57/62 972/57/343 971/57/506 707/57/59
f 972/60/344 790/60/140 793/60/142 971/60/342
f 713/61/65 973/61/507 972/57/343 710/57/62
f 716/61/68 974/61/346 973/61/507 713/61/65
f 973/60/347 787/60/137 790/60/140 972/60/344
f 974/60/508 784/60/134 787/60/137 973/60/347
f 719/61/71 975/61/509 974/61/346 716/61/68
f 975/60/350 783/60/483 784/60/134 974/60/508
f 722/61/74 976/61/510 975/61/509 719/61/71
f 916/61/353 917/61/352 976/61/510 722/61/74
f 724/61/76 928/61/354 916/61/353 722/61/74
f 725/61/77 927/61/355 928/61/354 724/61/76
f 977/61/357 926/61/356 927/61/355 725/61/77
f 723/61/75 978/61/358 977/61/357 725/61/77
f 976/54/511 801/54/150 783/58/483 975/58/350
f 918/54/361 801/54/150 976/54/511 917/54/360
f 919/54/512 800/54/149 801/54/150 918/54/361
f 920/54/317 802/54/151 800/54/149 919/54/512
f 966/62/364 805/62/154 803/62/484 967/62/363
f 922/62/366 805/62/154 966/62/364 921/62/365
f 923/62/367 804/62/153 805/62/154 922/62/366
f 924/62/368 807/62/156 804/62/153 923/62/367
f 979/62/513 807/62/156 924/62/368 929/62/369
f 980/62/371 809/62/158 807/62/156 979/62/513
f 808/62/157 981/62/372 967/62/363 803/62/484
f 981/57/373 708/57/60 705/57/57 967/57/329
f 811/62/160 982/62/374 981/62/372 808/62/157
f 982/57/375 711/57/63 708/57/60 981/57/373
f 814/62/163 983/62/376 982/62/374 811/62/160
f 983/57/377 714/57/66 711/57/63 982/57/375
f 817/62/166 984/62/378 983/62/376 814/62/163
f 984/61/379 717/61/69 714/57/66 983/57/377
f 985/61/380 720/61/72 717/61/69 984/61/379
f 820/62/169 985/62/381 984/62/378 817/62/166
f 823/63/172 978/63/382 985/62/381 820/62/169
f 978/61/358 723/61/75 720/61/72 985/61/380
f 826/63/175 977/63/383 978/63/382 823/63/172
f 925/63/385 926/63/384 977/63/383 826/63/175
f 828/63/177 936/63/386 925/63/385 826/63/175
f 829/63/178 935/63/387 936/63/386 828/63/177
f 986/63/389 934/63/388 935/63/387 829/63/178
f 827/63/176 987/63/390 986/63/389 829/63/178
f 979/64/514 855/64/203 838/64/487 980/64/391
f 930/64/394 855/64/203 979/64/514 929/64/393
f 931/64/395 854/64/202 855/64/203 930/64/394
f 932/65/396 856/65/204 854/64/202 931/64/395
f 947/65/398 856/65/204 932/65/396 937/65/397
f 948/65/399 840/65/189 856/65/204 947/65/398
f 836/66/185 988/66/515 980/66/391 838/66/487
f 988/62/401 812/62/161 809/62/158 980/62/371
f 841/67/190 989/67/402 988/66/515 836/66/185
f 989/62/516 815/62/164 812/62/161 988/62/401
f 844/67/193 990/67/404 989/67/402 841/67/190
f 847/67/195 991/67/405 990/67/404 844/67/193
f 990/62/406 818/62/167 815/62/164 989/62/516
f 991/62/517 821/62/170 818/62/167 990/62/406
f 850/67/198 992/67/408 991/67/405 847/67/195
f 992/62/409 824/62/485 821/62/170 991/62/517
f 832/67/181 987/67/410 992/67/408 850/67/198
f 987/63/390 827/63/176 824/62/485 992/62/409
f 830/68/179 986/68/411 987/68/410 832/68/181
f 933/68/413 934/68/412 986/68/411 830/68/179
f 833/68/182 944/68/414 933/68/413 830/68/179
f 835/69/184 943/69/415 944/68/414 833/68/182
f 993/69/518 942/69/416 943/69/415 835/69/184
f 834/69/486 994/69/418 993/69/518 835/69/184
f 862/46/488 995/46/419 948/46/300 857/46/205
f 995/70/420 842/70/191 840/70/189 948/70/399
f 865/46/213 996/46/519 995/46/419 862/46/488
f 996/71/422 845/71/194 842/70/191 995/70/420
f 868/46/216 997/46/423 996/46/519 865/46/213
f 997/71/424 848/71/196 845/71/194 996/71/422
f 998/71/425 851/71/199 848/71/196 997/71/424
f 871/46/219 998/46/520 997/46/423 868/46/216
f 874/46/222 999/46/427 998/46/520 871/46/219
f 999/71/521 853/71/201 851/71/199 998/71/425
f 877/46/225 994/46/429 999/46/427 874/46/222
f 994/71/418 834/71/486 853/71/201 999/71/521
f 880/46/228 993/46/522 994/46/429 877/46/225
f 941/72/432 942/72/431 993/46/522 880/46/228
f 882/46/230 1000/72/433 941/72/432 880/46/228
f 883/51/231 954/52/308 1000/72/433 882/46/230
f 1000/49/434 774/49/481 772/40/122 941/40/289
f 954/49/307 764/49/114 774/49/481 1000/49/434
f 945/73/436 886/73/234 884/74/232 1001/73/435
f 949/73/438 886/73/234 945/73/436 946/73/437
f 950/73/439 885/73/233 886/73/234 949/73/438
f 951/73/440 888/73/236 885/73/233 950/73/439
f 968/73/523 888/73/236 951/73/440 957/73/441
f 969/73/524 890/74/238 888/73/236 968/73/523
f 1001/44/444 863/51/211 861/43/209 945/44/293
f 1002/44/445 866/51/214 863/51/211 1001/44/444
f 1003/44/446 869/51/217 866/51/214 1002/44/445
f 889/74/237 1002/74/447 1001/74/435 884/74/232
f 892/74/240 1003/74/448 1002/74/447 889/74/237
f 895/74/243 1004/74/449 1003/74/448 892/74/240
f 898/74/246 1005/74/450 1004/74/449 895/74/243
f 1004/44/451 872/51/220 869/51/217 1003/44/446
f 1005/44/452 875/51/223 872/51/220 1004/44/451
f 901/74/249 1006/74/453 1005/74/450 898/74/246
f 1006/44/454 878/51/226 875/51/223 1005/44/452
f 956/44/311 881/51/489 878/51/226 1006/44/454
f 904/74/252 956/74/455 1006/74/453 901/74/249
f 907/74/255 955/74/456 956/74/455 904/74/252
f 952/74/458 953/74/457 955/74/456 907/74/255
f 909/74/257 963/74/459 952/74/458 907/74/255
f 910/74/258 962/74/460 963/74/459 909/74/257
f 960/74/462 961/74/461 962/74/460 910/74/258
f 908/74/256 1007/74/463 960/74/462 910/74/258
f 799/60/148 1008/75/525 969/75/338 780/60/482
f 797/60/146 1009/75/465 1008/75/525 799/60/148
f 1008/74/466 893/74/241 890/74/238 969/74/524
f 1009/74/526 896/74/244 893/74/241 1008/74/466
f 794/60/143 1010/75/468 1009/75/465 797/60/146
f 791/60/141 1011/75/469 1010/75/468 794/60/143
f 1010/74/470 899/74/247 896/74/244 1009/74/526
f 1011/74/527 902/74/250 899/74/247 1010/74/470
f 788/60/138 1012/75/472 1011/75/469 791/60/141
f 786/60/136 1007/76/473 1012/75/472 788/60/138
f 1012/74/474 905/74/491 902/74/250 1011/74/527
f 1007/74/463 908/74/256 905/74/491 1012/74/474
f 802/54/151 960/55/315 1007/55/473 786/58/136
f 1016/1/1 1015/2/3 1014/2/2 1013/1/1
f 1020/2/7 1016/1/1 1013/1/1 1017/2/4
f 1019/3/6 1014/2/2 1015/2/3 1018/3/5
f 1024/3/11 1020/2/7 1017/2/4 1021/3/8
f 1023/4/10 1019/3/6 1018/3/5 1022/4/9
f 1028/4/14 1024/3/11 1021/3/8 1025/4/12
f 1027/5/13 1023/4/10 1022/4/9 1026/5/13
f 1026/5/13 1028/4/14 1025/4/12 1027/5/13
f 1030/1/1 1029/2/15 1015/2/3 1016/1/1
f 1032/2/17 1030/1/1 1016/1/1 1020/2/7
f 1018/3/5 1015/2/3 1029/2/15 1031/3/16
f 1034/3/19 1032/2/17 1020/2/7 1024/3/11
f 1022/4/9 1018/3/5 1031/3/16 1033/4/18
f 1036/4/20 1034/3/19 1024/3/11 1028/4/14
f 1026/5/13 1022/4/9 1033/4/18 1035/5/13
f 1035/5/13 1036/4/20 1028/4/14 1026/5/13
f 1040/6/1 1039/7/22 1038/7/21 1037/6/1
f 1044/7/26 1040/6/1 1037/6/1 1041/7/23
f 1043/8/25 1038/7/21 1039/7/22 1042/8/24
f 1048/8/30 1044/7/26 1041/7/23 1045/8/27
f 1047/9/29 1043/8/25 1042/8/24 1046/9/28
f 1052/9/32 1048/8/30 1045/8/27 1049/9/31
f 1051/10/13 1047/9/29 1046/9/28 1050/10/13
f 1050/10/13 1052/9/32 1049/9/31 1051/10/13
f 1013/6/1 1014/7/2 1039/7/22 1040/6/1
f 1017/7/4 1013/6/1 1040/6/1 1044/7/26
f 1042/8/24 1039/7/22 1014/7/2 1019/8/6
f 1021/8/8 1017/7/4 1044/7/26 1048/8/30
f 1046/9/28 1042/8/24 1019/8/6 1023/9/10
f 1025/9/12 1021/8/8 1048/8/30 1052/9/32
f 1050/10/13 1046/9/28 1023/9/10 1027/10/13
f 1027/10/13 1025/9/12 1052/9/32 1050/10/13
f 1056/1/1 1055/2/34 1054/2/33 1053/1/1
f 1060/2/38 1056/1/1 1053/1/1 1057/2/35
f 1059/3/37 1054/2/33 1055/2/34 1058/3/36
f 1064/3/42 1060/2/38 1057/2/35 1061/3/39
f 1063/4/41 1059/3/37 1058/3/36 1062/4/40
f 1068/4/44 1064/3/42 1061/3/39 1065/4/43
f 1067/5/13 1063/4/41 1062/4/40 1066/5/13
f 1066/5/13 1068/4/44 1065/4/43 1067/5/13
f 1037/1/1 1038/2/21 1055/2/34 1056/1/1
f 1041/2/23 1037/1/1 1056/1/1 1060/2/38
f 1058/3/36 1055/2/34 1038/2/21 1043/3/25
f 1045/3/27 1041/2/23 1060/2/38 1064/3/42
f 1062/4/40 1058/3/36 1043/3/25 1047/4/29
f 1049/4/31 1045/3/27 1064/3/42 1068/4/44
f 1066/5/13 1062/4/40 1047/4/29 1051/5/13
f 1051/5/13 1049/4/31 1068/4/44 1066/5/13
f 1072/6/1 1071/7/45 1070/7/17 1069/6/1
f 1076/7/47 1072/6/1 1069/6/1 1073/7/15
f 1075/8/19 1070/7/17 1071/7/45 1074/8/46
f 1080/8/49 1076/7/47 1073/7/15 1077/8/16
f 1079/9/20 1075/8/19 1074/8/46 1078/9/48
f 1084/9/50 1080/8/49 1077/8/16 1081/9/18
f 1083/10/13 1079/9/20 1078/9/48 1082/10/13
f 1082/10/13 1084/9/50 1081/9/18 1083/10/13
f 1053/6/1 1054/7/33 1071/7/45 1072/6/1
f 1057/7/35 1053/6/1 1072/6/1 1076/7/47
f 1074/8/46 1071/7/45 1054/7/33 1059/8/37
f 1061/8/39 1057/7/35 1076/7/47 1080/8/49
f 1078/9/48 1074/8/46 1059/8/37 1063/9/41
f 1065/9/43 1061/8/39 1080/8/49 1084/9/50
f 1082/10/13 1078/9/48 1063/9/41 1067/10/13
f 1067/10/13 1065/9/43 1084/9/50 1082/10/13
f 1088/1/1 1087/2/7 1086/2/4 1085/1/1
f 1092/2/3 1088/1/1 1085/1/1 1089/2/2
f 1091/3/8 1086/2/4 1087/2/7 1090/3/11
f 1096/3/5 1092/2/3 1089/2/2 1093/3/6
f 1095/4/12 1091/3/8 1090/3/11 1094/4/14
f 1100/4/9 1096/3/5 1093/3/6 1097/4/10
f 1099/5/13 1095/4/12 1094/4/14 1098/5/13
f 1098/5/13 1100/4/9 1097/4/10 1099/5/13
f 1069/1/1 1070/2/17 1087/2/7 1088/1/1
f 1073/2/15 1069/1/1 1088/1/1 1092/2/3
f 1090/3/11 1087/2/7 1070/2/17 1075/3/19
f 1077/3/16 1073/2/15 1092/2/3 1096/3/5
f 1094/4/14 1090/3/11 1075/3/19 1079/4/20
f 1081/4/18 1077/3/16 1096/3/5 1100/4/9
f 1098/5/13 1094/4/14 1079/4/20 1083/5/13
f 1083/5/13 1081/4/18 1100/4/9 1098/5/13
f 1104/6/1 1103/7/26 1102/7/23 1101/6/1
f 1108/7/22 1104/6/1 1101/6/1 1105/7/21
f 1107/8/27 1102/7/23 1103/7/26 1106/8/30
f 1112/8/24 1108/7/22 1105/7/21 1109/8/25
f 1111/9/31 1107/8/27 1106/8/30 1110/9/32
f 1116/9/28 1112/8/24 1109/8/25 1113/9/29
f 1115/10/13 1111/9/31 1110/9/32 1114/10/13
f 1114/10/13 1116/9/28 1113/9/29 1115/10/13
f 1085/6/1 1086/7/4 1103/7/26 1104/6/1
f 1089/7/2 1085/6/1 1104/6/1 1108/7/22
f 1106/8/30 1103/7/26 1086/7/4 1091/8/8
f 1093/8/6 1089/7/2 1108/7/22 1112/8/24
f 1110/9/32 1106/8/30 1091/8/8 1095/9/12
f 1097/9/10 1093/8/6 1112/8/24 1116/9/28
f 1114/10/13 1110/9/32 1095/9/12 1099/10/13
f 1099/10/13 1097/9/10 1116/9/28 1114/10/13
f 1120/1/1 1119/2/38 1118/2/35 1117/1/1
f 1124/2/34 1120/1/1 1117/1/1 1121/2/33
f 1123/3/39 1118/2/35 1119/2/38 1122/3/42
f 1128/3/36 1124/2/34 1121/2/33 1125/3/37
f 1127/4/43 1123/3/39 1122/3/42 1126/4/44
f 1132/4/40 1128/3/36 1125/3/37 1129/4/41
f 1131/5/13 1127/4/43 1126/4/44 1130/5/13
f 1130/5/13 1132/4/40 1129/4/41 1131/5/13
f 1101/1/1 1102/2/23 1119/2/38 1120/1/1
f 1105/2/21 1101/1/1 1120/1/1 1124/2/34
f 1122/3/42 1119/2/38 1102/2/23 1107/3/27
f 1109/3/25 1105/2/21 1124/2/34 1128/3/36
f 1126/4/44 1122/3/42 1107/3/27 1111/4/31
f 1113/4/29 1109/3/25 1128/3/36 1132/4/40
f 1130/5/13 1126/4/44 1111/4/31 1115/5/13
f 1115/5/13 1113/4/29 1132/4/40 1130/5/13
f 1134/6/1 1133/7/47 1029/7/15 1030/6/1
f 1136/7/45 1134/6/1 1030/6/1 1032/7/17
f 1031/8/16 1029/7/15 1133/7/47 1135/8/49
f 1138/8/46 1136/7/45 1032/7/17 1034/8/19
f 1033/9/18 1031/8/16 1135/8/49 1137/9/50
f 1140/9/48 1138/8/46 1034/8/19 1036/9/20
f 1035/10/13 1033/9/18 1137/9/50 1139/10/13
f 1139/10/13 1140/9/48 1036/9/20 1035/10/13
f 1117/6/1 1118/7/35 1133/7/47 1134/6/1
f 1121/7/33 1117/6/1 1134/6/1 1136/7/45
f 1135/8/49 1133/7/47 1118/7/35 1123/8/39
f 1125/8/37 1121/7/33 1136/7/45 1138/8/46
f 1137/9/50 1135/8/49 1123/8/39 1127/9/43
f 1129/9/41 1125/8/37 1138/8/46 1140/9/48
f 1139/10/13 1137/9/50 1127/9/43 1131/10/13
f 1131/10/13 1129/9/41 1140/9/48 1139/10/13
f 1144/11/54 1141/11/51 1143/12/53 1142/12/52
f 1147/11/57 1144/11/54 1142/12/52 1145/12/55
f 1148/11/58 1146/11/475 1141/11/51 1144/11/54
f 1150/11/60 1148/11/58 1144/11/54 1147/11/57
f 1151/11/61 1149/11/59 1146/11/475 1148/11/58
f 1153/11/63 1151/11/61 1148/11/58 1150/11/60
f 1154/11/528 1152/11/62 1149/11/59 1151/11/61
f 1156/11/66 1154/11/528 1151/11/61 1153/11/63
f 1157/11/67 1155/11/65 1152/11/62 1154/11/528
f 1159/11/69 1157/11/67 1154/11/528 1156/11/66
f 1160/11/70 1158/11/68 1155/11/65 1157/11/67
f 1162/11/72 1160/11/70 1157/11/67 1159/11/69
f 1163/11/73 1161/11/71 1158/11/68 1160/11/70
f 1165/11/75 1163/11/73 1160/11/70 1162/11/72
f 1166/11/76 1164/11/74 1161/11/71 1163/11/73
f 1167/11/77 1166/11/76 1163/11/73 1165/11/75
f 1170/14/13 1174/14/83 1169/14/79 1168/13/78
f 1172/14/81 1171/13/80 1168/13/78 1169/14/79
f 1176/13/85 1168/13/78 1171/13/80 1173/13/82
f 1175/14/529 1172/14/81 1169/14/79 1174/14/83
f 1180/13/89 1170/13/13 1168/13/78 1176/13/85
f 1180/13/89 1176/13/85 1173/13/82 1177/13/86
f 1179/14/88 1175/14/529 1174/14/83 1178/14/87
f 1170/14/13 1183/14/92 1178/14/87 1174/14/83
f 1182/13/91 1180/13/89 1177/13/86 1181/13/90
f 1191/15/100 1170/13/13 1180/13/89 1182/13/91
f 1184/14/93 1179/14/88 1178/14/87 1183/14/92
f 1186/14/95 1184/14/93 1183/14/92 1185/14/94
f 1170/14/13 1187/14/96 1185/14/94 1183/14/92
f 1188/14/530 1186/14/95 1185/14/94 1187/14/96
f 1190/14/99 1188/14/530 1187/14/96 1189/14/98
f 1170/14/13 1191/15/100 1189/14/98 1187/14/96
f 1192/15/531 1190/14/99 1189/14/98 1191/15/100
f 1181/15/90 1192/15/531 1191/15/100 1182/15/91
f 1201/16/109 1193/16/1 1195/17/103 1194/16/102
f 1197/17/105 1196/16/104 1194/16/102 1195/17/103
f 1201/16/109 1194/16/102 1196/16/104 1198/16/106
f 1200/17/108 1197/17/105 1195/17/103 1199/17/107
f 1203/17/111 1199/17/107 1195/17/103 1193/17/1
f 1207/16/115 1201/16/109 1198/16/106 1202/16/110
f 1204/17/532 1200/17/108 1199/17/107 1203/17/111
f 1206/17/114 1204/17/532 1203/17/111 1205/17/113
f 1217/18/125 1205/17/113 1203/17/111 1193/17/1
f 1209/16/117 1193/16/1 1201/16/109 1207/16/115
f 1209/16/117 1207/16/115 1202/16/110 1208/16/533
f 1211/16/119 1209/16/117 1208/16/533 1210/16/118
f 1213/16/121 1193/16/1 1209/16/117 1211/16/119
f 1213/16/121 1211/16/119 1210/16/118 1212/16/534
f 1215/16/123 1213/16/121 1212/16/534 1214/16/122
f 1217/18/125 1193/16/1 1213/16/121 1215/16/123
f 1217/18/125 1215/16/123 1214/16/122 1216/18/124
f 1205/18/113 1217/18/125 1216/18/124 1206/18/114
f 1221/19/129 1220/19/128 1219/19/127 1218/19/126
f 1223/19/131 1221/19/129 1218/19/126 1222/19/130
f 1227/20/135 1226/20/134 1225/20/133 1224/20/132
f 1230/20/535 1227/20/135 1224/20/132 1228/20/136
f 1231/20/139 1229/20/137 1226/20/134 1227/20/135
f 1233/20/141 1231/20/139 1227/20/135 1230/20/535
f 1234/20/42 1232/20/140 1229/20/137 1231/20/139
f 1236/20/143 1234/20/42 1231/20/139 1233/20/141
f 1237/20/144 1235/20/142 1232/20/140 1234/20/42
f 1239/20/146 1237/20/144 1234/20/42 1236/20/143
f 1240/21/147 1238/21/536 1235/20/142 1237/20/144
f 1241/21/148 1240/21/147 1237/20/144 1239/20/146
f 1218/21/126 1219/21/127 1238/21/536 1240/21/147
f 1222/21/130 1218/21/126 1240/21/147 1241/21/148
f 1224/22/132 1225/22/133 1243/22/150 1242/22/149
f 1228/22/136 1224/22/132 1242/22/149 1244/22/151
f 1248/23/155 1245/23/484 1247/23/154 1246/23/153
f 1251/23/158 1248/23/155 1246/23/153 1249/23/156
f 1252/24/159 1250/24/157 1245/23/484 1248/23/155
f 1254/24/161 1252/24/159 1248/23/155 1251/23/158
f 1255/24/162 1253/24/160 1250/24/157 1252/24/159
f 1257/24/164 1255/24/162 1252/24/159 1254/24/161
f 1258/24/165 1256/24/163 1253/24/160 1255/24/162
f 1260/24/167 1258/24/165 1255/24/162 1257/24/164
f 1261/24/168 1259/24/166 1256/24/163 1258/24/165
f 1263/24/170 1261/24/168 1258/24/165 1260/24/167
f 1264/24/171 1262/24/169 1259/24/166 1261/24/168
f 1266/24/173 1264/24/171 1261/24/168 1263/24/170
f 1267/24/174 1265/24/172 1262/24/169 1264/24/171
f 1269/24/176 1267/24/174 1264/24/171 1266/24/173
f 1270/24/177 1268/24/175 1265/24/172 1267/24/174
f 1271/24/178 1270/24/177 1267/24/174 1269/24/176
f 1275/25/182 1272/25/179 1274/25/181 1273/25/180
f 1277/26/184 1275/25/182 1273/25/180 1276/26/183
f 1281/27/188 1278/27/185 1280/27/187 1279/27/186
f 1284/28/191 1281/27/188 1279/27/186 1282/28/189
f 1285/27/192 1283/27/190 1278/27/185 1281/27/188
f 1287/28/194 1285/27/192 1281/27/188 1284/28/191
f 1288/27/36 1286/27/193 1283/27/190 1285/27/192
f 1290/28/196 1288/27/36 1285/27/192 1287/28/194
f 1291/27/197 1289/27/195 1286/27/193 1288/27/36
f 1293/28/199 1291/27/197 1288/27/36 1290/28/196
f 1294/27/200 1292/27/198 1289/27/195 1291/27/197
f 1295/28/201 1294/27/200 1291/27/197 1293/28/199
f 1273/29/180 1274/29/181 1292/27/198 1294/27/200
f 1276/30/183 1273/29/180 1294/27/200 1295/28/201
f 1279/31/186 1280/31/187 1297/31/203 1296/31/202
f 1282/32/189 1279/31/186 1296/31/202 1298/32/204
f 1302/33/208 1299/33/205 1301/33/207 1300/33/206
f 1305/34/211 1302/33/208 1300/33/206 1303/34/209
f 1306/33/212 1304/33/210 1299/33/205 1302/33/208
f 1308/34/214 1306/33/212 1302/33/208 1305/34/211
f 1309/33/215 1307/33/213 1304/33/210 1306/33/212
f 1311/34/217 1309/33/215 1306/33/212 1308/34/214
f 1312/35/218 1310/35/216 1307/33/213 1309/33/215
f 1314/36/220 1312/35/218 1309/33/215 1311/34/217
f 1315/35/221 1313/35/219 1310/35/216 1312/35/218
f 1317/36/223 1315/35/221 1312/35/218 1314/36/220
f 1318/35/224 1316/35/222 1313/35/219 1315/35/221
f 1320/36/226 1318/35/224 1315/35/221 1317/36/223
f 1321/35/227 1319/35/225 1316/35/222 1318/35/224
f 1323/36/489 1321/35/227 1318/35/224 1320/36/226
f 1324/35/230 1322/35/228 1319/35/225 1321/35/227
f 1325/36/231 1324/35/230 1321/35/227 1323/36/489
f 1329/37/235 1326/37/232 1328/37/234 1327/37/233
f 1332/37/238 1329/37/235 1327/37/233 1330/37/236
f 1333/37/239 1331/37/237 1326/37/232 1329/37/235
f 1335/37/241 1333/37/239 1329/37/235 1332/37/238
f 1336/37/242 1334/37/240 1331/37/237 1333/37/239
f 1338/37/244 1336/37/242 1333/37/239 1335/37/241
f 1339/37/490 1337/37/243 1334/37/240 1336/37/242
f 1341/37/247 1339/37/490 1336/37/242 1338/37/244
f 1342/37/248 1340/37/246 1337/37/243 1339/37/490
f 1344/37/250 1342/37/248 1339/37/490 1341/37/247
f 1345/37/251 1343/37/249 1340/37/246 1342/37/248
f 1347/37/491 1345/37/251 1342/37/248 1344/37/250
f 1348/37/254 1346/37/252 1343/37/249 1345/37/251
f 1350/37/256 1348/37/254 1345/37/251 1347/37/491
f 1351/38/257 1349/38/255 1346/37/252 1348/37/254
f 1352/38/258 1351/38/257 1348/37/254 1350/37/256
f 1355/39/261 1354/39/260 1353/39/259 1172/39/81
f 1175/39/529 1356/39/537 1355/39/261 1172/39/81
f 1179/39/88 1357/39/263 1356/39/537 1175/39/529
f 1360/40/538 1359/40/265 1358/40/264 1196/40/104
f 1197/41/105 1361/41/494 1360/40/538 1196/40/104
f 1200/41/108 1362/41/268 1361/41/494 1197/41/105
f 1364/39/270 1363/39/269 1357/39/263 1179/39/88
f 1184/39/93 1365/39/271 1364/39/270 1179/39/88
f 1186/39/95 1366/39/272 1365/39/271 1184/39/93
f 1369/40/275 1368/40/274 1367/40/273 1202/40/110
f 1198/40/106 1370/40/276 1369/40/275 1202/40/110
f 1196/40/104 1358/40/264 1370/40/276 1198/40/106
f 1372/39/495 1371/39/277 1366/39/272 1186/39/95
f 1188/39/530 1373/39/496 1372/39/495 1186/39/95
f 1190/39/99 1374/39/280 1373/39/496 1188/39/530
f 1377/40/497 1376/40/282 1375/40/281 1210/40/118
f 1208/40/533 1378/40/284 1377/40/497 1210/40/118
f 1202/40/110 1367/40/273 1378/40/284 1208/40/533
f 1380/39/498 1379/39/285 1374/39/280 1190/39/99
f 1192/42/531 1381/42/287 1380/39/498 1190/39/99
f 1181/42/90 1382/42/288 1381/42/287 1192/42/531
f 1385/40/499 1384/40/290 1383/40/289 1214/40/122
f 1212/40/534 1386/40/500 1385/40/499 1214/40/122
f 1210/40/118 1375/40/281 1386/40/500 1212/40/534
f 1382/43/295 1388/44/294 1387/44/293 1303/43/209
f 1300/45/206 1381/45/296 1382/43/295 1303/43/209
f 1301/45/207 1380/45/297 1381/45/296 1300/45/206
f 1389/45/540 1379/45/539 1380/45/297 1301/45/207
f 1299/46/205 1390/46/300 1389/45/540 1301/45/207
f 1391/48/302 1388/48/301 1382/47/288 1181/47/90
f 1177/47/86 1392/48/303 1391/48/302 1181/47/90
f 1173/47/82 1393/48/304 1392/48/303 1177/47/86
f 1396/49/307 1395/50/306 1394/50/305 1206/49/114
f 1397/53/310 1395/53/309 1396/52/308 1325/51/231
f 1323/51/489 1398/44/311 1397/53/310 1325/51/231
f 1400/47/541 1399/48/312 1393/48/304 1173/47/82
f 1171/47/80 1401/47/502 1400/47/541 1173/47/82
f 1172/39/81 1353/39/259 1401/47/502 1171/47/80
f 1362/54/317 1403/55/316 1402/55/315 1244/54/151
f 1404/56/319 1403/56/318 1362/41/268 1200/41/108
f 1204/41/532 1405/56/542 1404/56/319 1200/41/108
f 1206/41/114 1394/56/305 1405/56/542 1204/41/532
f 1407/57/543 1143/57/53 1141/57/51 1406/57/321
f 1355/57/324 1143/57/53 1407/57/543 1354/57/544
f 1356/57/325 1142/57/52 1143/57/53 1355/57/324
f 1357/57/326 1145/57/55 1142/57/52 1356/57/325
f 1408/57/328 1145/57/55 1357/57/326 1363/57/327
f 1409/57/329 1147/57/57 1145/57/55 1408/57/328
f 1220/58/128 1407/58/330 1406/58/331 1219/58/127
f 1353/58/333 1354/58/332 1407/58/330 1220/58/128
f 1221/58/129 1401/58/334 1353/58/333 1220/58/128
f 1223/58/131 1400/58/335 1401/58/334 1221/58/129
f 1410/59/505 1399/59/336 1400/58/335 1223/58/131
f 1222/58/130 1411/59/338 1410/59/505 1223/58/131
f 1146/57/475 1412/57/339 1406/57/321 1141/57/51
f 1412/60/545 1238/60/536 1219/60/127 1406/60/331
f 1149/57/59 1413/57/546 1412/57/339 1146/57/475
f 1413/60/342 1235/60/142 1238/60/536 1412/60/545
f 1152/57/62 1414/57/343 1413/57/546 1149/57/59
f 1414/60/344 1232/60/140 1235/60/142 1413/60/342
f 1155/61/65 1415/61/547 1414/57/343 1152/57/62
f 1158/61/68 1416/61/346 1415/61/547 1155/61/65
f 1415/60/347 1229/60/137 1232/60/140 1414/60/344
f 1416/60/548 1226/60/134 1229/60/137 1415/60/347
f 1161/61/71 1417/61/349 1416/61/346 1158/61/68
f 1417/60/350 1225/60/133 1226/60/134 1416/60/548
f 1164/61/74 1418/61/549 1417/61/349 1161/61/71
f 1358/61/353 1359/61/550 1418/61/549 1164/61/74
f 1166/61/76 1370/61/354 1358/61/353 1164/61/74
f 1167/61/77 1369/61/355 1370/61/354 1166/61/76
f 1419/61/357 1368/61/356 1369/61/355 1167/61/77
f 1165/61/75 1420/61/358 1419/61/357 1167/61/77
f 1418/54/511 1243/54/150 1225/58/133 1417/58/350
f 1360/54/361 1243/54/150 1418/54/511 1359/54/360
f 1361/54/512 1242/54/149 1243/54/150 1360/54/361
f 1362/54/317 1244/54/151 1242/54/149 1361/54/512
f 1408/62/364 1247/62/154 1245/62/484 1409/62/363
f 1364/62/366 1247/62/154 1408/62/364 1363/62/365
f 1365/62/367 1246/62/153 1247/62/154 1364/62/366
f 1366/62/368 1249/62/156 1246/62/153 1365/62/367
f 1421/62/552 1249/62/156 1366/62/368 1371/62/551
f 1422/62/371 1251/62/158 1249/62/156 1421/62/552
f 1250/62/157 1423/62/372 1409/62/363 1245/62/484
f 1423/57/373 1150/57/60 1147/57/57 1409/57/329
f 1253/62/160 1424/62/374 1423/62/372 1250/62/157
f 1424/57/375 1153/57/63 1150/57/60 1423/57/373
f 1256/62/163 1425/62/376 1424/62/374 1253/62/160
f 1425/57/377 1156/57/66 1153/57/63 1424/57/375
f 1259/62/166 1426/62/378 1425/62/376 1256/62/163
f 1426/61/379 1159/61/69 1156/57/66 1425/57/377
f 1427/61/380 1162/61/72 1159/61/69 1426/61/379
f 1262/62/169 1427/62/381 1426/62/378 1259/62/166
f 1265/63/172 1420/63/382 1427/62/381 1262/62/169
f 1420/61/358 1165/61/75 1162/61/72 1427/61/380
f 1268/63/175 1419/63/383 1420/63/382 1265/63/172
f 1367/63/385 1368/63/384 1419/63/383 1268/63/175
f 1270/63/177 1378/63/386 1367/63/385 1268/63/175
f 1271/63/178 1377/63/387 1378/63/386 1270/63/177
f 1428/63/554 1376/63/553 1377/63/387 1271/63/178
f 1269/63/176 1429/63/390 1428/63/554 1271/63/178
f 1421/64/514 1297/64/203 1280/64/187 1422/64/391
f 1372/64/394 1297/64/203 1421/64/514 1371/64/393
f 1373/64/395 1296/64/202 1297/64/203 1372/64/394
f 1374/65/396 1298/65/204 1296/64/202 1373/64/395
f 1389/65/398 1298/65/204 1374/65/396 1379/65/397
f 1390/65/399 1282/65/189 1298/65/204 1389/65/398
f 1278/66/185 1430/66/400 1422/66/391 1280/66/187
f 1430/62/401 1254/62/161 1251/62/158 1422/62/371
f 1283/67/190 1431/67/402 1430/66/400 1278/66/185
f 1431/62/403 1257/62/164 1254/62/161 1430/62/401
f 1286/67/193 1432/67/404 1431/67/402 1283/67/190
f 1289/67/195 1433/67/405 1432/67/404 1286/67/193
f 1432/62/406 1260/62/167 1257/62/164 1431/62/403
f 1433/62/407 1263/62/170 1260/62/167 1432/62/406
f 1292/67/198 1434/67/408 1433/67/405 1289/67/195
f 1434/62/409 1266/62/173 1263/62/170 1433/62/407
f 1274/67/181 1429/67/410 1434/67/408 1292/67/198
f 1429/63/390 1269/63/176 1266/62/173 1434/62/409
f 1272/68/179 1428/68/411 1429/68/410 1274/68/181
f 1375/68/413 1376/68/412 1428/68/411 1272/68/179
f 1275/68/182 1386/68/414 1375/68/413 1272/68/179
f 1277/69/184 1385/69/415 1386/68/414 1275/68/182
f 1435/69/518 1384/69/416 1385/69/415 1277/69/184
f 1276/69/183 1436/69/418 1435/69/518 1277/69/184
f 1304/46/210 1437/46/419 1390/46/300 1299/46/205
f 1437/70/420 1284/70/191 1282/70/189 1390/70/399
f 1307/46/213 1438/46/421 1437/46/419 1304/46/210
f 1438/71/422 1287/71/194 1284/70/191 1437/70/420
f 1310/46/216 1439/46/423 1438/46/421 1307/46/213
f 1439/71/424 1290/71/196 1287/71/194 1438/71/422
f 1440/71/425 1293/71/199 1290/71/196 1439/71/424
f 1313/46/219 1440/46/426 1439/46/423 1310/46/216
f 1316/46/222 1441/46/427 1440/46/426 1313/46/219
f 1441/71/428 1295/71/201 1293/71/199 1440/71/425
f 1319/46/225 1436/46/429 1441/46/427 1316/46/222
f 1436/71/418 1276/71/183 1295/71/201 1441/71/428
f 1322/46/228 1435/46/555 1436/46/429 1319/46/225
f 1383/72/432 1384/72/556 1435/46/555 1322/46/228
f 1324/46/230 1442/72/433 1383/72/432 1322/46/228
f 1325/51/231 1396/52/308 1442/72/433 1324/46/230
f 1442/49/434 1216/49/124 1214/40/122 1383/40/289
f 1396/49/307 1206/49/114 1216/49/124 1442/49/434
f 1387/73/436 1328/73/234 1326/74/232 1443/73/435
f 1391/73/438 1328/73/234 1387/73/436 1388/73/437
f 1392/73/439 1327/73/233 1328/73/234 1391/73/438
f 1393/73/440 1330/73/236 1327/73/233 1392/73/439
f 1410/73/558 1330/73/236 1393/73/440 1399/73/557
f 1411/73/443 1332/74/238 1330/73/236 1410/73/558
f 1443/44/444 1305/51/211 1303/43/209 1387/44/293
f 1444/44/445 1308/51/214 1305/51/211 1443/44/444
f 1445/44/446 1311/51/217 1308/51/214 1444/44/445
f 1331/74/237 1444/74/447 1443/74/435 1326/74/232
f 1334/74/240 1445/74/448 1444/74/447 1331/74/237
f 1337/74/243 1446/74/449 1445/74/448 1334/74/240
f 1340/74/246 1447/74/450 1446/74/449 1337/74/243
f 1446/44/451 1314/51/220 1311/51/217 1445/44/446
f 1447/44/452 1317/51/223 1314/51/220 1446/44/451
f 1343/74/249 1448/74/453 1447/74/450 1340/74/246
f 1448/44/454 1320/51/226 1317/51/223 1447/44/452
f 1398/44/311 1323/51/489 1320/51/226 1448/44/454
f 1346/74/252 1398/74/455 1448/74/453 1343/74/249
f 1349/74/255 1397/74/456 1398/74/455 1346/74/252
f 1394/74/458 1395/74/457 1397/74/456 1349/74/255
f 1351/74/257 1405/74/459 1394/74/458 1349/74/255
f 1352/74/258 1404/74/460 1405/74/459 1351/74/257
f 1402/74/560 1403/74/559 1404/74/460 1352/74/258
f 1350/74/256 1449/74/463 1402/74/560 1352/74/258
f 1241/60/148 1450/75/561 1411/75/338 1222/60/130
f 1239/60/146 1451/75/465 1450/75/561 1241/60/148
f 1450/74/466 1335/74/241 1332/74/238 1411/74/443
f 1451/74/562 1338/74/244 1335/74/241 1450/74/466
f 1236/60/143 1452/75/468 1451/75/465 1239/60/146
f 1233/60/141 1453/75/469 1452/75/468 1236/60/143
f 1452/74/470 1341/74/247 1338/74/244 1451/74/562
f 1453/74/563 1344/74/250 1341/74/247 1452/74/470
f 1230/60/535 1454/75/564 1453/75/469 1233/60/141
f 1228/60/136 1449/76/473 1454/75/564 1230/60/535
f 1454/74/474 1347/74/491 1344/74/250 1453/74/563
f 1449/74/463 1350/74/256 1347/74/491 1454/74/474
f 1244/54/151 1402/55/315 1449/55/473 1228/58/136
f 1458/1/1 1457/2/3 1456/2/2 1455/1/1
f 1462/2/7 1458/1/1 1455/1/1 1459/2/4
f 1461/3/6 1456/2/2 1457/2/3 1460/3/5
f 1466/3/11 1462/2/7 1459/2/4 1463/3/8
f 1465/4/10 1461/3/6 1460/3/5 1464/4/9
f 1470/4/14 1466/3/11 1463/3/8 1467/4/12
f 1469/5/13 1465/4/10 1464/4/9 1468/5/13
f 1468/5/13 1470/4/14 1467/4/12 1469/5/13
f 1472/1/1 1471/2/15 1457/2/3 1458/1/1
f 1474/2/17 1472/1/1 1458/1/1 1462/2/7
f 1460/3/5 1457/2/3 1471/2/15 1473/3/16
f 1476/3/19 1474/2/17 1462/2/7 1466/3/11
f 1464/4/9 1460/3/5 1473/3/16 1475/4/18
f 1478/4/20 1476/3/19 1466/3/11 1470/4/14
f 1468/5/13 1464/4/9 1475/4/18 1477/5/13
f 1477/5/13 1478/4/20 1470/4/14 1468/5/13
f 1482/6/1 1481/7/22 1480/7/21 1479/6/1
f 1486/7/26 1482/6/1 1479/6/1 1483/7/23
f 1485/8/25 1480/7/21 1481/7/22 1484/8/24
f 1490/8/30 1486/7/26 1483/7/23 1487/8/27
f 1489/9/29 1485/8/25 1484/8/24 1488/9/28
f 1494/9/32 1490/8/30 1487/8/27 1491/9/31
f 1493/10/13 1489/9/29 1488/9/28 1492/10/13
f 1492/10/13 1494/9/32 1491/9/31 1493/10/13
f 1455/6/1 1456/7/2 1481/7/22 1482/6/1
f 1459/7/4 1455/6/1 1482/6/1 1486/7/26
f 1484/8/24 1481/7/22 1456/7/2 1461/8/6
f 1463/8/8 1459/7/4 1486/7/26 1490/8/30
f 1488/9/28 1484/8/24 1461/8/6 1465/9/10
f 1467/9/12 1463/8/8 1490/8/30 1494/9/32
f 1492/10/13 1488/9/28 1465/9/10 1469/10/13
f 1469/10/13 1467/9/12 1494/9/32 1492/10/13
f 1498/1/1 1497/2/34 1496/2/33 1495/1/1
f 1502/2/38 1498/1/1 1495/1/1 1499/2/35
f 1501/3/37 1496/2/33 1497/2/34 1500/3/36
f 1506/3/42 1502/2/38 1499/2/35 1503/3/39
f 1505/4/41 1501/3/37 1500/3/36 1504/4/40
f 1510/4/44 1506/3/42 1503/3/39 1507/4/43
f 1509/5/13 1505/4/41 1504/4/40 1508/5/13
f 1508/5/13 1510/4/44 1507/4/43 1509/5/13
f 1479/1/1 1480/2/21 1497/2/34 1498/1/1
f 1483/2/23 1479/1/1 1498/1/1 1502/2/38
f 1500/3/36 1497/2/34 1480/2/21 1485/3/25
f 1487/3/27 1483/2/23 1502/2/38 1506/3/42
f 1504/4/40 1500/3/36 1485/3/25 1489/4/29
f 1491/4/31 1487/3/27 1506/3/42 1510/4/44
f 1508/5/13 1504/4/40 1489/4/29 1493/5/13
f 1493/5/13 1491/4/31 1510/4/44 1508/5/13
f 1514/6/1 1513/7/45 1512/7/17 1511/6/1
f 1518/7/47 1514/6/1 1511/6/1 1515/7/15
f 1517/8/19 1512/7/17 1513/7/45 1516/8/46
f 1522/8/49 1518/7/47 1515/7/15 1519/8/16
f 1521/9/20 1517/8/19 1516/8/46 1520/9/48
f 1526/9/50 1522/8/49 1519/8/16 1523/9/18
f 1525/10/13 1521/9/20 1520/9/48 1524/10/13
f 1524/10/13 1526/9/50 1523/9/18 1525/10/13
f 1495/6/1 1496/7/33 1513/7/45 1514/6/1
f 1499/7/35 1495/6/1 1514/6/1 1518/7/47
f 1516/8/46 1513/7/45 1496/7/33 1501/8/37
f 1503/8/39 1499/7/35 1518/7/47 1522/8/49
f 1520/9/48 1516/8/46 1501/8/37 1505/9/41
f 1507/9/43 1503/8/39 1522/8/49 1526/9/50
f 1524/10/13 1520/9/48 1505/9/41 1509/10/13
f 1509/10/13 1507/9/43 1526/9/50 1524/10/13
f 1530/1/1 1529/2/7 1528/2/4 1527/1/1
f 1534/2/3 1530/1/1 1527/1/1 1531/2/2
f 1533/3/8 1528/2/4 1529/2/7 1532/3/11
f 1538/3/5 1534/2/3 1531/2/2 1535/3/6
f 1537/4/12 1533/3/8 1532/3/11 1536/4/14
f 1542/4/9 1538/3/5 1535/3/6 1539/4/10
f 1541/5/13 1537/4/12 1536/4/14 1540/5/13
f 1540/5/13 1542/4/9 1539/4/10 1541/5/13
f 1511/1/1 1512/2/17 1529/2/7 1530/1/1
f 1515/2/15 1511/1/1 1530/1/1 1534/2/3
f 1532/3/11 1529/2/7 1512/2/17 1517/3/19
f 1519/3/16 1515/2/15 1534/2/3 1538/3/5
f 1536/4/14 1532/3/11 1517/3/19 1521/4/20
f 1523/4/18 1519/3/16 1538/3/5 1542/4/9
f 1540/5/13 1536/4/14 1521/4/20 1525/5/13
f 1525/5/13 1523/4/18 1542/4/9 1540/5/13
f 1546/6/1 1545/7/26 1544/7/23 1543/6/1
f 1550/7/22 1546/6/1 1543/6/1 1547/7/21
f 1549/8/27 1544/7/23 1545/7/26 1548/8/30
f 1554/8/24 1550/7/22 1547/7/21 1551/8/25
f 1553/9/31 1549/8/27 1548/8/30 1552/9/32
f 1558/9/28 1554/8/24 1551/8/25 1555/9/29
f 1557/10/13 1553/9/31 1552/9/32 1556/10/13
f 1556/10/13 1558/9/28 1555/9/29 1557/10/13
f 1527/6/1 1528/7/4 1545/7/26 1546/6/1
f 1531/7/2 1527/6/1 1546/6/1 1550/7/22
f 1548/8/30 1545/7/26 1528/7/4 1533/8/8
f 1535/8/6 1531/7/2 1550/7/22 1554/8/24
f 1552/9/32 1548/8/30 1533/8/8 1537/9/12
f 1539/9/10 1535/8/6 1554/8/24 1558/9/28
f 1556/10/13 1552/9/32 1537/9/12 1541/10/13
f 1541/10/13 1539/9/10 1558/9/28 1556/10/13
f 1562/1/1 1561/2/38 1560/2/35 1559/1/1
f 1566/2/34 1562/1/1 1559/1/1 1563/2/33
f 1565/3/39 1560/2/35 1561/2/38 1564/3/42
f 1570/3/36 1566/2/34 1563/2/33 1567/3/37
f 1569/4/43 1565/3/39 1564/3/42 1568/4/44
f 1574/4/40 1570/3/36 1567/3/37 1571/4/41
f 1573/5/13 1569/4/43 1568/4/44 1572/5/13
f 1572/5/13 1574/4/40 1571/4/41 1573/5/13
f 1543/1/1 1544/2/23 1561/2/38 1562/1/1
f 1547/2/21 1543/1/1 1562/1/1 1566/2/34
f 1564/3/42 1561/2/38 1544/2/23 1549/3/27
f 1551/3/25 1547/2/21 1566/2/34 1570/3/36
f 1568/4/44 1564/3/42 1549/3/27 1553/4/31
f 1555/4/29 1551/3/25 1570/3/36 1574/4/40
f 1572/5/13 1568/4/44 1553/4/31 1557/5/13
f 1557/5/13 1555/4/29 1574/4/40 1572/5/13
f 1576/6/1 1575/7/47 1471/7/15 1472/6/1
f 1578/7/45 1576/6/1 1472/6/1 1474/7/17
f 1473/8/16 1471/7/15 1575/7/47 1577/8/49
f 1580/8/46 1578/7/45 1474/7/17 1476/8/19
f 1475/9/18 1473/8/16 1577/8/49 1579/9/50
f 1582/9/48 1580/8/46 1476/8/19 1478/9/20
f 1477/10/13 1475/9/18 1579/9/50 1581/10/13
f 1581/10/13 1582/9/48 1478/9/20 1477/10/13
f 1559/6/1 1560/7/35 1575/7/47 1576/6/1
f 1563/7/33 1559/6/1 1576/6/1 1578/7/45
f 1577/8/49 1575/7/47 1560/7/35 1565/8/39
f 1567/8/37 1563/7/33 1578/7/45 1580/8/46
f 1579/9/50 1577/8/49 1565/8/39 1569/9/43
f 1571/9/41 1567/8/37 1580/8/46 1582/9/48
f 1581/10/13 1579/9/50 1569/9/43 1573/10/13
f 1573/10/13 1571/9/41 1582/9/48 1581/10/13
f 1586/1/1 1585/2/3 1584/2/2 1583/1/1
f 1590/2/7 1586/1/1 1583/1/1 1587/2/4
f 1589/3/6 1584/2/2 1585/2/3 1588/3/5
f 1594/3/11 1590/2/7 1587/2/4 1591/3/8
f 1593/4/10 1589/3/6 1588/3/5 1592/4/9
f 1598/4/14 1594/3/11 1591/3/8 1595/4/12
f 1597/5/13 1593/4/10 1592/4/9 1596/5/13
f 1596/5/13 1598/4/14 1595/4/12 1597/5/13
f 1600/1/1 1599/2/15 1585/2/3 1586/1/1
f 1602/2/17 1600/1/1 1586/1/1 1590/2/7
f 1588/3/5 1585/2/3 1599/2/15 1601/3/16
f 1604/3/19 1602/2/17 1590/2/7 1594/3/11
f 1592/4/9 1588/3/5 1601/3/16 1603/4/18
f 1606/4/20 1604/3/19 1594/3/11 1598/4/14
f 1596/5/13 1592/4/9 1603/4/18 1605/5/13
f 1605/5/13 1606/4/20 1598/4/14 1596/5/13
f 1610/6/1 1609/7/22 1608/7/21 1607/6/1
f 1614/7/26 1610/6/1 1607/6/1 1611/7/23
f 1613/8/25 1608/7/21 1609/7/22 1612/8/24
f 1618/8/30 1614/7/26 1611/7/23 1615/8/27
f 1617/9/29 1613/8/25 1612/8/24 1616/9/28
f 1622/9/32 1618/8/30 1615/8/27 1619/9/31
f 1621/10/13 1617/9/29 1616/9/28 1620/10/13
f 1620/10/13 1622/9/32 1619/9/31 1621/10/13
f 1583/6/1 1584/7/2 1609/7/22 1610/6/1
f 1587/7/4 1583/6/1 1610/6/1 1614/7/26
f 1612/8/24 1609/7/22 1584/7/2 1589/8/6
f 1591/8/8 1587/7/4 1614/7/26 1618/8/30
f 1616/9/28 1612/8/24 1589/8/6 1593/9/10
f 1595/9/12 1591/8/8 1618/8/30 1622/9/32
f 1620/10/13 1616/9/28 1593/9/10 1597/10/13
f 1597/10/13 1595/9/12 1622/9/32 1620/10/13
f 1626/1/1 1625/2/34 1624/2/33 1623/1/1
f 1630/2/38 1626/1/1 1623/1/1 1627/2/35
f 1629/3/37 1624/2/33 1625/2/34 1628/3/36
f 1634/3/42 1630/2/38 1627/2/35 1631/3/39
f 1633/4/41 1629/3/37 1628/3/36 1632/4/40
f 1638/4/44 1634/3/42 1631/3/39 1635/4/43
f 1637/5/13 1633/4/41 1632/4/40 1636/5/13
f 1636/5/13 1638/4/44 1635/4/43 1637/5/13
f 1607/1/1 1608/2/21 1625/2/34 1626/1/1
f 1611/2/23 1607/1/1 1626/1/1 1630/2/38
f 1628/3/36 1625/2/34 1608/2/21 1613/3/25
f 1615/3/27 1611/2/23 1630/2/38 1634/3/42
f 1632/4/40 1628/3/36 1613/3/25 1617/4/29
f 1619/4/31 1615/3/27 1634/3/42 1638/4/44
f 1636/5/13 1632/4/40 1617/4/29 1621/5/13
f 1621/5/13 1619/4/31 1638/4/44 1636/5/13
f 1642/6/1 1641/7/45 1640/7/17 1639/6/1
f 1646/7/47 1642/6/1 1639/6/1 1643/7/15
f 1645/8/19 1640/7/17 1641/7/45 1644/8/46
f 1650/8/49 1646/7/47 1643/7/15 1647/8/16
f 1649/9/20 1645/8/19 1644/8/46 1648/9/48
f 1654/9/50 1650/8/49 1647/8/16 1651/9/18
f 1653/10/13 1649/9/20 1648/9/48 1652/10/13
f 1652/10/13 1654/9/50 1651/9/18 1653/10/13
f 1623/6/1 1624/7/33 1641/7/45 1642/6/1
f 1627/7/35 1623/6/1 1642/6/1 1646/7/47
f 1644/8/46 1641/7/45 1624/7/33 1629/8/37
f 1631/8/39 1627/7/35 1646/7/47 1650/8/49
f 1648/9/48 1644/8/46 1629/8/37 1633/9/41
f 1635/9/43 1631/8/39 1650/8/49 1654/9/50
f 1652/10/13 1648/9/48 1633/9/41 1637/10/13
f 1637/10/13 1635/9/43 1654/9/50 1652/10/13
f 1658/1/1 1657/2/7 1656/2/4 1655/1/1
f 1662/2/3 1658/1/1 1655/1/1 1659/2/2
f 1661/3/8 1656/2/4 1657/2/7 1660/3/11
f 1666/3/5 1662/2/3 1659/2/2 1663/3/6
f 1665/4/12 1661/3/8 1660/3/11 1664/4/14
f 1670/4/9 1666/3/5 1663/3/6 1667/4/10
f 1669/5/13 1665/4/12 1664/4/14 1668/5/13
f 1668/5/13 1670/4/9 1667/4/10 1669/5/13
f 1639/1/1 1640/2/17 1657/2/7 1658/1/1
f 1643/2/15 1639/1/1 1658/1/1 1662/2/3
f 1660/3/11 1657/2/7 1640/2/17 1645/3/19
f 1647/3/16 1643/2/15 1662/2/3 1666/3/5
f 1664/4/14 1660/3/11 1645/3/19 1649/4/20
f 1651/4/18 1647/3/16 1666/3/5 1670/4/9
f 1668/5/13 1664/4/14 1649/4/20 1653/5/13
f 1653/5/13 1651/4/18 1670/4/9 1668/5/13
f 1674/6/1 1673/7/26 1672/7/23 1671/6/1
f 1678/7/22 1674/6/1 1671/6/1 1675/7/21
f 1677/8/27 1672/7/23 1673/7/26 1676/8/30
f 1682/8/24 1678/7/22 1675/7/21 1679/8/25
f 1681/9/31 1677/8/27 1676/8/30 1680/9/32
f 1686/9/28 1682/8/24 1679/8/25 1683/9/29
f 1685/10/13 1681/9/31 1680/9/32 1684/10/13
f 1684/10/13 1686/9/28 1683/9/29 1685/10/13
f 1655/6/1 1656/7/4 1673/7/26 1674/6/1
f 1659/7/2 1655/6/1 1674/6/1 1678/7/22
f 1676/8/30 1673/7/26 1656/7/4 1661/8/8
f 1663/8/6 1659/7/2 1678/7/22 1682/8/24
f 1680/9/32 1676/8/30 1661/8/8 1665/9/12
f 1667/9/10 1663/8/6 1682/8/24 1686/9/28
f 1684/10/13 1680/9/32 1665/9/12 1669/10/13
f 1669/10/13 1667/9/10 1686/9/28 1684/10/13
f 1690/1/1 1689/2/38 1688/2/35 1687/1/1
f 1694/2/34 1690/1/1 1687/1/1 1691/2/33
f 1693/3/39 1688/2/35 1689/2/38 1692/3/42
f 1698/3/36 1694/2/34 1691/2/33 1695/3/37
f 1697/4/43 1693/3/39 1692/3/42 1696/4/44
f 1702/4/40 1698/3/36 1695/3/37 1699/4/41
f 1701/5/13 1697/4/43 1696/4/44 1700/5/13
f 1700/5/13 1702/4/40 1699/4/41 1701/5/13
f 1671/1/1 1672/2/23 1689/2/38 1690/1/1
f 1675/2/21 1671/1/1 1690/1/1 1694/2/34
f 1692/3/42 1689/2/38 1672/2/23 1677/3/27
f 1679/3/25 1675/2/21 1694/2/34 1698/3/36
f 1696/4/44 1692/3/42 1677/3/27 1681/4/31
f 1683/4/29 1679/3/25 1698/3/36 1702/4/40
f 1700/5/13 1696/4/44 1681/4/31 1685/5/13
f 1685/5/13 1683/4/29 1702/4/40 1700/5/13
f 1704/6/1 1703/7/47 1599/7/15 1600/6/1
f 1706/7/45 1704/6/1 1600/6/1 1602/7/17
f 1601/8/16 1599/7/15 1703/7/47 1705/8/49
f 1708/8/46 1706/7/45 1602/7/17 1604/8/19
f 1603/9/18 1601/8/16 1705/8/49 1707/9/50
f 1710/9/48 1708/8/46 1604/8/19 1606/9/20
f 1605/10/13 1603/9/18 1707/9/50 1709/10/13
f 1709/10/13 1710/9/48 1606/9/20 1605/10/13
f 1687/6/1 1688/7/35 1703/7/47 1704/6/1
f 1691/7/33 1687/6/1 1704/6/1 1706/7/45
f 1705/8/49 1703/7/47 1688/7/35 1693/8/39
f 1695/8/37 1691/7/33 1706/7/45 1708/8/46
f 1707/9/50 1705/8/49 1693/8/39 1697/9/43
f 1699/9/41 1695/8/37 1708/8/46 1710/9/48
f 1709/10/13 1707/9/50 1697/9/43 1701/10/13
f 1701/10/13 1699/9/41 1710/9/48 1709/10/13
f 1714/1/1 1713/2/3 1712/2/2 1711/1/1
f 1718/2/7 1714/1/1 1711/1/1 1715/2/4
f 1717/3/6 1712/2/2 1713/2/3 1716/3/5
f 1722/3/11 1718/2/7 1715/2/4 1719/3/8
f 1721/4/10 1717/3/6 1716/3/5 1720/4/9
f 1726/4/14 1722/3/11 1719/3/8 1723/4/12
f 1725/5/13 1721/4/10 1720/4/9 1724/5/13
f 1724/5/13 1726/4/14 1723/4/12 1725/5/13
f 1728/1/1 1727/2/15 1713/2/3 1714/1/1
f 1730/2/17 1728/1/1 1714/1/1 1718/2/7
f 1716/3/5 1713/2/3 1727/2/15 1729/3/16
f 1732/3/19 1730/2/17 1718/2/7 1722/3/11
f 1720/4/9 1716/3/5 1729/3/16 1731/4/18
f 1734/4/20 1732/3/19 1722/3/11 1726/4/14
f 1724/5/13 1720/4/9 1731/4/18 1733/5/13
f 1733/5/13 1734/4/20 1726/4/14 1724/5/13
f 1738/6/1 1737/7/22 1736/7/21 1735/6/1
f 1742/7/26 1738/6/1 1735/6/1 1739/7/23
f 1741/8/25 1736/7/21 1737/7/22 1740/8/24
f 1746/8/30 1742/7/26 1739/7/23 1743/8/27
f 1745/9/29 1741/8/25 1740/8/24 1744/9/28
f 1750/9/32 1746/8/30 1743/8/27 1747/9/31
f 1749/10/13 1745/9/29 1744/9/28 1748/10/13
f 1748/10/13 1750/9/32 1747/9/31 1749/10/13
f 1711/6/1 1712/7/2 1737/7/22 1738/6/1
f 1715/7/4 1711/6/1 1738/6/1 1742/7/26
f 1740/8/24 1737/7/22 1712/7/2 1717/8/6
f 1719/8/8 1715/7/4 1742/7/26 1746/8/30
f 1744/9/28 1740/8/24 1717/8/6 1721/9/10
f 1723/9/12 1719/8/8 1746/8/30 1750/9/32
f 1748/10/13 1744/9/28 1721/9/10 1725/10/13
f 1725/10/13 1723/9/12 1750/9/32 1748/10/13
f 1754/1/1 1753/2/34 1752/2/33 1751/1/1
f 1758/2/38 1754/1/1 1751/1/1 1755/2/35
f 1757/3/37 1752/2/33 1753/2/34 1756/3/36
f 1762/3/42 1758/2/38 1755/2/35 1759/3/39
f 1761/4/41 1757/3/37 1756/3/36 1760/4/40
f 1766/4/44 1762/3/42 1759/3/39 1763/4/43
f 1765/5/13 1761/4/41 1760/4/40 1764/5/13
f 1764/5/13 1766/4/44 1763/4/43 1765/5/13
f 1735/1/1 1736/2/21 1753/2/34 1754/1/1
f 1739/2/23 1735/1/1 1754/1/1 1758/2/38
f 1756/3/36 1753/2/34 1736/2/21 1741/3/25
f 1743/3/27 1739/2/23 1758/2/38 1762/3/42
f 1760/4/40 1756/3/36 1741/3/25 1745/4/29
f 1747/4/31 1743/3/27 1762/3/42 1766/4/44
f 1764/5/13 1760/4/40 1745/4/29 1749/5/13
f 1749/5/13 1747/4/31 1766/4/44 1764/5/13
f 1770/6/1 1769/7/45 1768/7/17 1767/6/1
f 1774/7/47 1770/6/1 1767/6/1 1771/7/15
f 1773/8/19 1768/7/17 1769/7/45 1772/8/46
f 1778/8/49 1774/7/47 1771/7/15 1775/8/16
f 1777/9/20 1773/8/19 1772/8/46 1776/9/48
f 1782/9/50 1778/8/49 1775/8/16 1779/9/18
f 1781/10/13 1777/9/20 1776/9/48 1780/10/13
f 1780/10/13 1782/9/50 1779/9/18 1781/10/13
f 1751/6/1 1752/7/33 1769/7/45 1770/6/1
f 1755/7/35 1751/6/1 1770/6/1 1774/7/47
f 1772/8/46 1769/7/45 1752/7/33 1757/8/37
f 1759/8/39 1755/7/35 1774/7/47 1778/8/49
f 1776/9/48 1772/8/46 1757/8/37 1761/9/41
f 1763/9/43 1759/8/39 1778/8/49 1782/9/50
f 1780/10/13 1776/9/48 1761/9/41 1765/10/13
f 1765/10/13 1763/9/43 1782/9/50 1780/10/13
f 1786/1/1 1785/2/7 1784/2/4 1783/1/1
f 1790/2/3 1786/1/1 1783/1/1 1787/2/2
f 1789/3/8 1784/2/4 1785/2/7 1788/3/11
f 1794/3/5 1790/2/3 1787/2/2 1791/3/6
f 1793/4/12 1789/3/8 1788/3/11 1792/4/14
f 1798/4/9 1794/3/5 1791/3/6 1795/4/10
f 1797/5/13 1793/4/12 1792/4/14 1796/5/13
f 1796/5/13 1798/4/9 1795/4/10 1797/5/13
f 1767/1/1 1768/2/17 1785/2/7 1786/1/1
f 1771/2/15 1767/1/1 1786/1/1 1790/2/3
f 1788/3/11 1785/2/7 1768/2/17 1773/3/19
f 1775/3/16 1771/2/15 1790/2/3 1794/3/5
f 1792/4/14 1788/3/11 1773/3/19 1777/4/20
f 1779/4/18 1775/3/16 1794/3/5 1798/4/9
f 1796/5/13 1792/4/14 1777/4/20 1781/5/13
f 1781/5/13 1779/4/18 1798/4/9 1796/5/13
f 1802/6/1 1801/7/26 1800/7/23 1799/6/1
f 1806/7/22 1802/6/1 1799/6/1 1803/7/21
f 1805/8/27 1800/7/23 1801/7/26 1804/8/30
f 1810/8/24 1806/7/22 1803/7/21 1807/8/25
f 1809/9/31 1805/8/27 1804/8/30 1808/9/32
f 1814/9/28 1810/8/24 1807/8/25 1811/9/29
f 1813/10/13 1809/9/31 1808/9/32 1812/10/13
f 1812/10/13 1814/9/28 1811/9/29 1813/10/13
f 1783/6/1 1784/7/4 1801/7/26 1802/6/1
f 1787/7/2 1783/6/1 1802/6/1 1806/7/22
f 1804/8/30 1801/7/26 1784/7/4 1789/8/8
f 1791/8/6 1787/7/2 1806/7/22 1810/8/24
f 1808/9/32 1804/8/30 1789/8/8 1793/9/12
f 1795/9/10 1791/8/6 1810/8/24 1814/9/28
f 1812/10/13 1808/9/32 1793/9/12 1797/10/13
f 1797/10/13 1795/9/10 1814/9/28 1812/10/13
f 1818/1/1 1817/2/38 1816/2/35 1815/1/1
f 1822/2/34 1818/1/1 1815/1/1 1819/2/33
f 1821/3/39 1816/2/35 1817/2/38 1820/3/42
f 1826/3/36 1822/2/34 1819/2/33 1823/3/37
f 1825/4/43 1821/3/39 1820/3/42 1824/4/44
f 1830/4/40 1826/3/36 1823/3/37 1827/4/41
f 1829/5/13 1825/4/43 1824/4/44 1828/5/13
f 1828/5/13 1830/4/40 1827/4/41 1829/5/13
f 1799/1/1 1800/2/23 1817/2/38 1818/1/1
f 1803/2/21 1799/1/1 1818/1/1 1822/2/34
f 1820/3/42 1817/2/38 1800/2/23 1805/3/27
f 1807/3/25 1803/2/21 1822/2/34 1826/3/36
f 1824/4/44 1820/3/42 1805/3/27 1809/4/31
f 1811/4/29 1807/3/25 1826/3/36 1830/4/40
f 1828/5/13 1824/4/44 1809/4/31 1813/5/13
f 1813/5/13 1811/4/29 1830/4/40 1828/5/13
f 1832/6/1 1831/7/47 1727/7/15 1728/6/1
f 1834/7/45 1832/6/1 1728/6/1 1730/7/17
f 1729/8/16 1727/7/15 1831/7/47 1833/8/49
f 1836/8/46 1834/7/45 1730/7/17 1732/8/19
f 1731/9/18 1729/8/16 1833/8/49 1835/9/50
f 1838/9/48 1836/8/46 1732/8/19 1734/9/20
f 1733/10/13 1731/9/18 1835/9/50 1837/10/13
f 1837/10/13 1838/9/48 1734/9/20 1733/10/13
f 1815/6/1 1816/7/35 1831/7/47 1832/6/1
f 1819/7/33 1815/6/1 1832/6/1 1834/7/45
f 1833/8/49 1831/7/47 1816/7/35 1821/8/39
f 1823/8/37 1819/7/33 1834/7/45 1836/8/46
f 1835/9/50 1833/8/49 1821/8/39 1825/9/43
f 1827/9/41 1823/8/37 1836/8/46 1838/9/48
f 1837/10/13 1835/9/50 1825/9/43 1829/10/13
f 1829/10/13 1827/9/41 1838/9/48 1837/10/13

