# ProBuilder 6.1.2
# https://unity3d.com/unity/features/worldbuilding/probuilder
# 22.09.2026 2:38:36

mtllib ./LeftTube.mtl
o LeftTube

g tube_005
v -0.5740365 0.8882055 2.278619
v -1.136E-05 0.774025 2.278448
v -1.136E-05 0.7586403 2.123305
v -0.5740365 0.8705634 2.100713
v -0.5740365 0.8198019 1.934636
v -1.136E-05 0.7143736 1.978477
v -0.5740365 0.7378361 1.781535
v -1.136E-05 0.6428952 1.844965
v 1.060649 1.213364 2.279104
v 1.385808 1.666308 1.940088
v 1.060649 1.189294 2.036376
v 1.385808 1.699999 2.27983
v 1.499989 2.228984 1.826509
v 1.499989 2.274023 2.280687
v 1.385808 1.56937 1.622935
v 1.385808 2.79166 1.712931
v 1.385808 2.848047 2.281544
v 1.499989 2.099394 1.402529
v 1.385808 1.412842 1.330562
v 1.385808 2.629419 1.182123
v 1.499989 1.890143 1.011675
v 1.385808 1.202652 1.07404
v 1.385808 2.367444 0.6927889
v 1.499989 1.609154 0.6687495
v 1.385808 0.9467589 0.8630849
v 1.385808 2.015657 0.2634588
v 1.499989 1.267069 0.386738
v 1.385808 0.6548542 0.7056848
v 1.385808 1.587379 -0.08960903
v 1.499989 0.8768415 0.1763205
v 1.385808 0.3379915 0.6078001
v 1.385808 1.098829 -0.3530436
v 1.060649 1.858924 -0.4934362
v 1.060649 1.287021 -0.8018167
v 1.499989 0.4532498 0.04546547
v 1.385808 0.568508 -0.5168694
v 1.060649 0.666219 -0.9935938
v 1.060649 0.0007918699 -1.061588
v 1.385808 6.517E-05 -0.5749539
v 1.499989 -0.00079147 -0.00092936
v 1.385808 -0.00164845 0.5730951
v 1.060649 3.334682 2.282271
v 0.5740138 3.659841 2.282756
v 0.5740138 3.587405 1.552306
v 1.060649 3.268675 1.616643
v 1.060649 3.078752 0.9952723
v 0.5740138 3.378987 0.8704224
v 1.060649 2.77208 0.4224502
v 0.5740138 3.042449 0.2418157
v -1.136E-05 3.484416 0.8265809
v -1.136E-05 3.137391 0.1783851
v 1.060649 2.360273 -0.08012997
v 0.5740138 2.590538 -0.3097088
v -1.136E-05 2.671396 -0.390326
v 0.5740138 2.040365 -0.7632649
v -0.5740365 3.659841 2.282756
v -1.060671 3.334682 2.282271
v -1.060671 3.268675 1.616643
v -0.5740365 3.587405 1.552306
v -1.136E-05 3.774021 2.282927
v -0.5740365 3.378987 0.8704224
v -1.060671 3.078752 0.9952723
v -1.136E-05 3.699328 1.529713
v -0.5740365 3.042449 0.2418157
v -1.060671 2.77208 0.4224502
v -0.5740365 2.590538 -0.3097088
v -1.500011 2.274023 2.280687
v -1.385831 1.699999 2.27983
v -1.385831 1.666308 1.940088
v -1.500011 2.228984 1.826509
v -1.385831 2.848047 2.281544
v -1.500011 2.099394 1.402529
v -1.385831 1.56937 1.622935
v -1.385831 2.79166 1.712931
v -1.385831 2.629419 1.182123
v -1.385831 2.367444 0.6927889
v -1.500011 1.890143 1.011675
v -1.385831 1.412842 1.330562
v -1.385831 2.015657 0.2634588
v -1.500011 1.609154 0.6687495
v -1.385831 1.202652 1.07404
v -1.385831 1.587379 -0.08960903
v -1.500011 1.267069 0.386738
v -1.385831 0.9467589 0.8630849
v -1.385831 1.098829 -0.3530436
v -1.500011 0.8768415 0.1763205
v -1.385831 0.6548542 0.7056848
v -1.385831 0.568508 -0.5168694
v -1.500011 0.4532498 0.04546547
v -1.500011 -0.00079147 -0.00092936
v -1.385831 6.517E-05 -0.5749539
v -1.385831 -0.00164845 0.5730951
v -1.385831 0.3379915 0.6078001
v -1.060671 0.4666623 1.154458
v -1.060671 -0.00237516 1.05973
v -1.060671 0.2402804 1.084525
v -1.060671 1.213364 2.279104
v -1.060671 1.189294 2.036376
v -1.060671 1.120037 1.809786
v -1.060671 1.008206 1.6009
v -1.060671 0.8580354 1.417629
v -0.5740365 0.6277703 1.647208
v -1.136E-05 0.5469119 1.727825
v -1.060671 0.6752133 1.266912
v -0.5740365 0.4937724 1.536741
v -1.136E-05 0.4300587 1.631492
v -0.5740365 0.3409168 1.454319
v -0.5740365 0.1749918 1.403061
v 0.5740138 0.8882055 2.278619
v 0.5740138 0.8705634 2.100713
v 0.5740138 0.8198019 1.934636
v 0.5740138 0.7378361 1.781535
v -0.5740365 -0.00286046 1.384888
v -1.136E-05 -0.00303102 1.499069
v -1.136E-05 0.1520657 1.514917
v -1.136E-05 0.2967608 1.559616
v -0.5740365 0.7315077 -1.312131
v -1.060671 0.0007918699 -1.061588
v -0.5740365 0.00127729 -1.386747
v -1.060671 0.666219 -0.9935938
v -1.060671 1.287021 -0.8018167
v -0.5740365 1.412766 -1.101678
v -1.060671 1.858924 -0.4934362
v -0.5740365 2.040365 -0.7632649
v -1.136E-05 1.456922 -1.206975
v -1.136E-05 2.104079 -0.8580165
v -1.060671 2.360273 -0.08012997
v 0.5740138 0.00127729 -1.386747
v 0.5740138 0.7315077 -1.312131
v -1.136E-05 0.00144776 -1.500927
v 0.5740138 1.412766 -1.101678
v -1.136E-05 0.7544339 -1.423986
v 0.5740138 0.1749918 1.403061
v 1.060649 -0.00237516 1.05973
v 0.5740138 -0.00286046 1.384888
v 1.060649 0.2402804 1.084525
v 1.060649 0.4666623 1.154458
v 0.5740138 0.3409168 1.454319
v 1.060649 0.6752133 1.266912
v 0.5740138 0.4937724 1.536741
v 1.060649 0.8580354 1.417629
v 0.5740138 0.6277703 1.647208
v 1.060649 1.008206 1.6009
v 1.060649 1.120037 1.809786
v -0.4583875 1.163667 2.278456
v -1.136E-05 1.052796 2.064375
v -1.136E-05 1.072561 2.278456
v -0.4579099 1.141787 2.046376
v -0.4579294 1.075219 1.828423
v -1.136E-05 0.9913779 1.863288
v 1.200012 2.270284 2.278456
v 1.109955 2.676037 1.736091
v 1.11019 2.730157 2.278456
v 1.200011 2.225371 1.827228
v 1.107527 1.811522 2.278456
v 1.200011 2.096042 1.403923
v 1.109936 2.520579 1.227383
v 1.107351 1.775764 1.918156
v 0.8471639 1.423106 2.278456
v 0.8466604 1.395457 1.995071
v 0.8466877 1.314205 1.729043
v 1.107369 1.672488 1.580054
v 1.107369 1.505702 1.268521
v 1.200011 1.887124 1.013692
v 1.109936 2.269431 0.7582718
v 1.107369 1.281738 0.9951895
v 1.200011 1.606583 0.6713129
v 1.109936 1.932182 0.3466847
v 1.107369 1.009076 0.7704101
v 1.200011 1.265043 0.3897507
v 1.109936 1.521603 0.008208159
v 1.107369 0.6980423 0.6026953
v 1.200011 0.8754374 0.1796686
v 1.109936 1.053244 -0.2443392
v 1.107351 0.3602509 0.4984102
v 1.200011 0.4525205 0.0490768
v 1.200012 0.00079157 0.00280797
v 1.107527 0.0007915099 0.4616051
v 1.11019 0.0007915099 -0.457099
v 1.109955 0.5450022 -0.4013157
v 0.8503157 1.204295 -0.604544
v 0.8509084 0.00079163 -0.8482023
v 0.8503422 0.623565 -0.783947
v 0.8509084 3.121232 2.278456
v 0.4604897 3.315126 1.606862
v 0.4609976 3.383299 2.278456
v 0.8503422 3.058901 1.658671
v 0.8503157 2.881233 1.077409
v 0.4604712 3.122588 0.9770433
v 0.8503157 2.594209 0.5412863
v 0.4604712 2.811556 0.3960762
v 0.8503157 2.208786 0.07090551
v 0.4604712 2.393893 -0.1136502
v -1.136E-05 2.887941 0.3450432
v -1.136E-05 2.458948 -0.1785109
v 0.8503158 1.739558 -0.3159209
v 0.4604713 1.885416 -0.5328332
v -1.136E-05 1.936677 -0.6090654
v 0.4604712 1.30538 -0.8455986
v 0.4604897 0.6761391 -1.040016
v -0.4610204 3.383299 2.278456
v -0.8503648 3.058901 1.658671
v -0.850931 3.121232 2.278456
v -0.4605125 3.315126 1.606862
v -1.136E-05 3.475486 2.278456
v -1.136E-05 3.405175 1.588654
v -1.136E-05 3.207411 0.9417707
v -0.460494 3.122588 0.9770433
v -0.460494 2.811556 0.3960762
v -1.109978 2.676037 1.736091
v -1.110213 2.730157 2.278456
v -1.200034 2.225371 1.827228
v -1.200035 2.270284 2.278456
v -1.109958 2.520579 1.227383
v -1.107373 1.775764 1.918156
v -1.10755 1.811522 2.278456
v -1.200033 2.096042 1.403923
v -1.109958 2.269431 0.7582718
v -1.107392 1.672488 1.580054
v -1.200033 1.887124 1.013692
v -1.109958 1.932182 0.3466847
v -1.107392 1.505702 1.268521
v -1.200033 1.606583 0.6713129
v -1.109958 1.521603 0.008208159
v -1.107392 1.281738 0.9951895
v -1.200033 1.265043 0.3897507
v -1.109958 1.053244 -0.2443392
v -1.107392 1.009076 0.7704101
v -1.200033 0.8754374 0.1796686
v -1.109978 0.5450022 -0.4013157
v -1.107392 0.6980423 0.6026953
v -0.8467103 0.7925549 1.092408
v -0.8467103 0.5479847 0.9605319
v -1.200034 0.4525205 0.0490768
v -1.107373 0.3602509 0.4984102
v -0.8466831 0.2822001 0.8784863
v -0.8471864 0.00079153 0.8500509
v -1.10755 0.0007915099 0.4616051
v -1.200035 0.00079157 0.00280797
v -1.110213 0.0007915099 -0.457099
v -0.8471865 1.423106 2.278456
v -0.8466831 1.395457 1.995071
v -0.8467103 1.314205 1.729043
v -0.8467103 1.183059 1.48408
v -0.4579294 0.967846 1.627864
v -1.136E-05 0.8923448 1.678307
v -0.8467103 1.006953 1.269156
v -0.4579294 0.8236627 1.451899
v -1.136E-05 0.7593603 1.51601
v -0.4579294 0.6481286 1.307191
v 0.4583648 1.163667 2.278456
v 0.4578872 1.141787 2.046376
v 0.4579066 1.075219 1.828423
v 0.4579066 0.9678461 1.627864
v 0.8466876 1.183059 1.48408
v 0.4579066 0.8236627 1.451899
v -0.4583876 0.00079153 1.109509
v -0.4579099 0.230138 1.132001
v -1.136E-05 0.00079163 1.200623
v -1.136E-05 0.2118738 1.220939
v -1.136E-05 0.412777 1.282956
v -0.4579294 0.4478917 1.19922
v -1.136E-05 0.5974609 1.382541
v -0.4605125 0.6761391 -1.040016
v -0.4610203 0.00079181 -1.110288
v -0.850931 0.00079163 -0.8482023
v -0.8503649 0.623565 -0.783947
v -0.8503384 1.204295 -0.604544
v -0.460494 1.30538 -0.8455986
v -0.8503384 1.739558 -0.3159209
v -0.460494 1.885416 -0.5328332
v -1.136E-05 1.340906 -0.9303156
v -0.8503384 2.208786 0.07090551
v -0.460494 2.393893 -0.1136502
v -0.8503384 2.594209 0.5412863
v -0.8503384 2.881233 1.077409
v 0.4609976 0.00079181 -1.110288
v -1.136E-05 0.00079181 -1.202482
v -1.136E-05 0.6946152 -1.130011
v 0.4578872 0.230138 1.132001
v 0.4583648 0.00079153 1.109509
v 0.8471637 0.00079153 0.8500509
v 0.8466604 0.2822 0.8784861
v 0.8466876 0.5479847 0.9605319
v 0.4579066 0.4478917 1.19922
v 0.8466877 0.7925549 1.092408
v 0.4579066 0.6481286 1.307191
v 0.8466877 1.006953 1.269156
v 2.27893 2.805167 3.169751
v 2.013947 3.314366 3.05557
v 1.876302 3.242788 3.040185
v 2.121094 2.723089 3.152108
v 1.973749 2.646467 3.101346
v 1.747809 3.175969 2.995918
v 1.837911 2.575828 3.019381
v 1.629354 3.114369 2.92444
v 1.525172 4.255704 3.49491
v 1.074377 4.387767 3.947853
v 1.30982 4.143716 3.470839
v 1.375801 4.544514 3.981544
v 0.920929 4.436668 4.510529
v 1.32388 4.646211 4.555568
v 0.7929947 4.241442 3.850915
v 0.8728404 4.282963 5.073205
v 1.377324 4.545305 5.129592
v 0.5447693 4.241057 4.380939
v 0.5335982 4.10655 3.694386
v 0.401903 4.038066 4.910964
v 0.1980002 4.06073 4.171688
v 0.3060153 3.988203 3.484197
v -0.0322386 3.812304 4.648989
v -0.1062468 3.902515 3.890699
v 0.1188493 3.890873 3.228304
v -0.4131432 3.614225 4.297201
v -0.3564446 3.772407 3.548614
v -0.02079928 3.818253 2.936399
v -0.7263861 3.451332 3.868923
v -0.5431299 3.675327 3.158386
v -0.1076438 3.773092 2.619536
v -0.9601084 3.329792 3.380373
v -0.9346557 2.976542 4.140469
v -1.208253 2.834266 3.568565
v -0.6592296 3.614953 2.734795
v -1.105456 3.254209 2.850053
v -1.378396 2.745789 2.947763
v -1.438727 2.714416 2.282336
v -1.156988 3.227412 2.28161
v -0.7003911 3.593549 2.280753
v -0.1384287 3.757083 2.279896
v 1.527981 4.257164 5.616227
v 1.752923 3.82564 5.941386
v 1.104865 3.488636 5.86895
v 0.9374306 3.950066 5.55022
v 0.3861401 3.663383 5.360297
v 0.4998908 3.174037 5.660532
v -0.1220733 3.399101 5.053625
v -0.05781662 2.884017 5.323994
v 0.7258314 2.644518 5.76596
v 0.1507484 2.345463 5.418935
v -0.5679657 3.167229 4.641817
v -0.5471314 2.629564 4.872083
v -0.3538167 2.083078 4.95294
v -0.9495339 2.420306 4.321909
v 2.282599 2.807074 5.941386
v 2.506689 2.375107 5.616226
v 1.916139 2.068008 5.550219
v 1.634541 2.47007 5.868949
v 2.01792 3.316431 6.055565
v 1.029566 2.155471 5.660532
v 1.364849 1.781326 5.360296
v 1.349664 2.968924 5.980873
v 0.4718589 1.865452 5.323994
v 0.8566353 1.517045 5.053624
v -0.01745588 1.610998 4.872082
v 2.707981 1.984583 4.555568
v 2.654543 2.085492 3.981543
v 2.353119 1.928745 3.947852
v 2.305031 1.77504 4.510528
v 2.656066 2.086283 5.129591
v 1.928871 1.57943 4.380939
v 2.071737 1.78242 3.850914
v 2.151583 1.823941 5.073204
v 1.680645 1.579044 4.910963
v 1.246504 1.353282 4.648988
v 1.582102 1.399102 4.171687
v 1.812341 1.647529 3.694386
v 0.8655993 1.155203 4.2972
v 1.277855 1.240888 3.890698
v 1.584758 1.529181 3.484196
v 0.5523563 0.9923105 3.868922
v 1.027657 1.11078 3.548613
v 1.397592 1.431851 3.228303
v 0.318634 0.8707705 3.380373
v 0.8409716 1.0137 3.158385
v 1.257943 1.359231 2.936399
v 0.1732861 0.7951868 2.850052
v 0.7248719 0.9533255 2.734794
v 0.6837105 0.9319209 2.280752
v 0.1217547 0.7683897 2.281609
v 1.140314 1.298062 2.279896
v 1.171099 1.31407 2.619535
v 1.506081 1.854771 2.748206
v 1.422039 1.811067 2.279169
v 1.444038 1.822507 2.521825
v 2.50388 2.373647 3.494909
v 2.288528 2.261659 3.470839
v 2.087493 2.157117 3.401581
v 1.902168 2.060744 3.28975
v 1.739567 1.976188 3.13958
v 1.718739 2.513856 2.909315
v 1.525424 3.060324 2.828456
v 1.605854 1.906655 2.956758
v 1.620732 2.462891 2.775317
v 1.439961 3.015881 2.711604
v 1.547608 2.424865 2.622461
v 1.502128 2.401214 2.456537
v 1.749255 3.823733 3.169751
v 1.591418 3.741655 3.152108
v 1.444073 3.665033 3.101347
v 1.308236 3.594394 3.019381
v 1.486005 2.39283 2.278684
v 1.322473 2.954785 2.278513
v 1.336532 2.962096 2.43361
v 1.376191 2.98272 2.578305
v -0.9068108 1.148515 3.013052
v -0.4600179 0.8323586 2.282336
v -0.9730171 1.114087 2.282821
v -0.399687 0.8637316 2.947763
v -0.2295447 0.952209 3.568565
v -0.7200983 1.24561 3.694311
v 0.04405296 1.094485 4.140469
v -0.4198584 1.40174 4.321909
v -1.078356 1.706303 3.738467
v -0.7687551 1.867302 4.385623
v 0.4107429 1.285172 4.641816
v -1.502693 2.132653 2.282821
v -1.436486 2.167081 3.013052
v -1.339147 1.570687 2.282992
v -1.249774 2.264175 3.694311
v -1.27089 1.606182 3.035978
v 0.9724526 3.41978 2.456537
v 0.4433303 3.693124 2.27917
v 0.9563291 3.411396 2.278684
v 0.4653292 3.704564 2.521825
v 0.5273726 3.736828 2.748207
v 1.017933 3.443431 2.622462
v 0.6271458 3.788712 2.956758
v 1.091057 3.481457 2.775317
v 0.7608581 3.858245 3.13958
v 1.189063 3.532422 2.909315
v 0.9234598 3.942801 3.289751
v 1.108785 4.039174 3.401582
v 2.225433 2.907696 3.445212
v 1.824019 3.2156 3.334341
v 2.013954 3.314369 3.354105
v 2.019312 2.801042 3.423332
v 1.825946 2.70047 3.356764
v 1.645612 3.122824 3.272923
v 1.4603 4.379045 4.55183
v 1.020658 4.048914 4.957582
v 1.501744 4.299347 5.011703
v 1.059969 4.170864 4.506915
v 1.502969 4.296992 4.093068
v 0.6844053 3.975563 4.377586
v 0.5693305 3.814198 4.802124
v 1.183394 4.1306 4.057309
v 1.623091 4.065998 3.704651
v 1.371901 3.934806 3.677002
v 1.135863 3.812096 3.59575
v 0.8834109 3.974637 3.954033
v 0.6070108 3.830903 3.787247
v 0.3381913 3.795524 4.168669
v 0.153133 3.597766 4.550976
v 0.3645093 3.704798 3.563283
v 0.03442466 3.637559 3.888128
v -0.2120271 3.407876 4.213727
v 0.165085 3.601093 3.290621
v -0.2153804 3.507656 3.546587
v -0.512328 3.251713 3.803148
v 0.01629162 3.523717 2.979588
v -0.401768 3.41073 3.156982
v -0.7363911 3.135196 3.334789
v -0.07622492 3.475573 2.641796
v -0.517624 3.350483 2.734066
v -0.5586771 3.329135 2.282336
v -0.1089624 3.458755 2.282336
v -0.9252675 3.037252 2.282336
v -0.8756677 3.062787 2.826547
v -0.9361858 2.738664 3.485839
v -1.152631 2.626779 2.282336
v -1.095363 2.655923 2.905109
v 1.621367 4.069314 5.402777
v 1.205646 3.413086 5.59667
v 1.801257 3.723384 5.664844
v 1.071744 3.782863 5.340446
v 0.5560588 3.514661 5.162778
v 0.6468768 3.122481 5.404133
v 0.08040357 3.267311 4.875754
v 0.131441 2.854443 5.093101
v -0.3369175 3.050296 4.490331
v -0.3208007 2.619268 4.675437
v 0.2986075 2.422353 5.169485
v -0.1658926 2.180803 4.740492
v -0.6801195 2.871823 4.021102
v -0.6926959 2.425875 4.16696
v -0.5478802 1.982162 4.218221
v -0.9701857 2.281575 3.586925
v -1.142691 2.191903 2.957683
v 2.226644 2.905366 5.664843
v 1.856398 2.273973 5.340446
v 2.406541 2.559423 5.402776
v 1.630568 2.595962 5.59667
v 2.013954 3.314369 5.757031
v 1.401953 2.996116 5.686719
v 0.8280345 2.697666 5.488955
v 1.071777 2.305397 5.404132
v 0.5563415 2.03736 5.093101
v 2.044858 2.079376 4.957581
v 2.526163 2.32939 5.011702
v 2.167269 2.041527 4.506914
v 2.5676 2.249707 4.551829
v 1.593517 1.844687 4.802123
v 2.205194 2.165679 4.057308
v 2.524931 2.33176 4.093067
v 1.791705 1.846226 4.377585
v 1.177319 1.628256 4.550975
v 1.905232 2.009675 3.954032
v 1.445491 1.666187 4.168668
v 0.8121593 1.438365 4.213726
v 1.628832 1.865941 3.787246
v 1.141724 1.508222 3.888128
v 0.5118584 1.282202 3.803148
v 1.38633 1.739835 3.563282
v 0.8919194 1.378319 3.546587
v 0.2877953 1.165685 3.334788
v 1.186906 1.63613 3.29062
v 0.7055318 1.281393 3.156981
v 0.1485329 1.093249 2.826546
v 1.038113 1.558755 2.979587
v 1.352316 2.015969 3.074099
v 1.235317 1.955127 2.829529
v 0.5896758 1.221146 2.734065
v 0.9455754 1.510651 2.641795
v 1.16251 1.9173 2.563745
v 1.137515 1.903735 2.282336
v 0.9129997 1.493522 2.282336
v 0.5486227 1.199798 2.282336
v 0.09915155 1.067294 2.282336
v 2.404809 2.562754 3.704651
v 2.153154 2.432456 3.677001
v 1.917145 2.309691 3.595749
v 1.69981 2.196673 3.464604
v 1.648006 2.607938 3.249391
v 1.481494 3.037479 3.17389
v 1.509131 2.097516 3.288497
v 1.491889 2.526753 3.105207
v 1.337507 2.962603 3.040905
v 1.363504 2.459991 2.929673
v 1.802475 3.721043 3.445212
v 1.596791 3.61355 3.423332
v 1.403411 3.513005 3.356765
v 1.225471 3.420473 3.249391
v 0.9185283 3.699077 3.464604
v 1.069354 3.339289 3.105207
v 1.188327 2.36838 2.282336
v 1.20807 2.379179 2.511683
v 1.057689 2.817092 2.282336
v 1.075714 2.826465 2.493418
v 1.130738 2.855079 2.694322
v 1.267711 2.410176 2.729436
v 1.219092 2.901025 2.879005
v -0.7177691 1.374779 2.957683
v -0.7798849 1.34191 2.282336
v -0.3674562 1.116888 2.282336
v -0.3107092 1.147033 2.905109
v -0.1515602 1.229829 3.485839
v -0.5452852 1.464491 3.586925
v 0.1045061 1.362988 4.021102
v -0.2677954 1.608792 4.16696
v -0.8328969 1.833947 3.622451
v 0.447708 1.541461 4.49033
v 0.1040998 1.802185 4.675437
v 0.8650291 1.758476 4.875754
v 1.340684 2.005826 5.162777
v -1.205271 2.159928 2.282336
v -1.07437 1.708377 2.282336
v -1.010072 1.741813 2.976159
v 0.785549 3.191687 2.511683
v 0.7653694 3.181727 2.282336
v 0.3557966 3.406979 2.282336
v 0.3812563 3.419651 2.563745
v 0.4540349 3.457531 2.82953
v 0.8451759 3.222712 2.729437
v 0.5710348 3.518373 3.0741
v 0.9409688 3.272526 2.929673
v 0.7278492 3.599921 3.288498
v 1.750675 5.745783 3.981561
v 1.649463 5.692944 4.555586
v 1.707385 5.548206 4.555586
v 1.817111 5.579794 3.981561
v 1.8487 5.409031 3.981561
v 1.734935 5.399283 4.555586
v 1.846606 5.235389 3.981561
v 1.73311 5.247863 4.555586
v 2.038946 5.896222 5.616246
v 2.597206 5.804427 5.941405
v 2.129574 5.669772 5.616246
v 2.470354 6.121388 5.941405
v 3.148822 5.963252 6.055585
v 2.979236 6.38698 6.055585
v 2.657525 5.478321 5.941405
v 3.700431 6.12209 5.941405
v 3.488124 6.652576 5.941405
v 3.229464 5.527306 6.055585
v 2.653547 5.146709 5.941405
v 3.801388 5.576302 5.941405
v 3.224134 5.083992 6.055586
v 2.585419 4.822137 5.941405
v 3.794721 5.021291 5.941405
v 3.133051 4.650104 6.055586
v 2.455711 4.516915 5.941405
v 3.680697 4.478079 5.941405
v 2.959667 4.242076 6.055585
v 2.269344 4.242597 5.941405
v 3.463617 3.967233 5.941405
v 2.710533 3.875351 6.055585
v 2.033387 4.009565 5.941405
v 3.151709 3.508117 5.941405
v 3.890845 3.734239 5.616246
v 3.525727 3.196785 5.616246
v 2.395086 3.563834 6.055586
v 2.756792 3.118091 5.941405
v 3.063422 2.740225 5.616245
v 2.504418 2.372894 5.616245
v 2.279258 2.804305 5.941405
v 2.013666 3.313187 6.055586
v 1.748073 3.822069 5.941405
v 3.919532 6.877743 5.616246
v 4.207789 7.028193 5.129611
v 4.480533 6.34671 5.129611
v 4.168077 6.256736 5.616246
v 4.286251 5.617826 5.616246
v 4.61022 5.645577 5.129611
v 4.278448 4.968132 5.616246
v 4.601661 4.932612 5.129611
v 4.723985 5.655326 4.555587
v 4.715158 4.920138 4.555586
v 4.144958 4.332242 5.616246
v 4.455172 4.234789 5.129611
v 4.564107 4.200578 4.555585
v 4.176309 3.578562 5.129611
v 4.207789 7.028194 3.981561
v 3.919532 6.877744 3.494925
v 4.168069 6.256732 3.494925
v 4.480533 6.34671 3.981561
v 4.309015 7.081022 4.555586
v 4.61022 5.645577 3.981561
v 4.286251 5.617826 3.494926
v 4.590258 6.378299 4.555586
v 4.601661 4.932612 3.98156
v 4.278448 4.968132 3.494926
v 4.455172 4.23479 3.98156
v 2.979236 6.386982 3.055586
v 2.470354 6.121389 3.169766
v 2.597206 5.804427 3.169766
v 3.148822 5.963253 3.055586
v 3.488124 6.652577 3.169766
v 3.229464 5.527307 3.055586
v 2.657525 5.478321 3.169766
v 3.700431 6.122091 3.169766
v 3.801388 5.576303 3.169766
v 3.794721 5.021292 3.169766
v 3.224134 5.083992 3.055586
v 2.653547 5.146709 3.169766
v 3.680697 4.478079 3.169766
v 3.133051 4.650105 3.055586
v 2.585419 4.822138 3.169766
v 3.463617 3.967234 3.169766
v 2.959667 4.242076 3.055585
v 2.455711 4.516916 3.169767
v 3.151709 3.508118 3.169766
v 2.710533 3.875353 3.055585
v 2.269344 4.242598 3.169767
v 2.756792 3.118092 3.169766
v 2.395086 3.563836 3.055586
v 2.013666 3.313188 3.055586
v 2.279258 2.804306 3.169766
v 1.748073 3.822069 3.169767
v 2.033387 4.009566 3.169767
v 1.895333 4.553933 3.494926
v 1.522907 4.253477 3.494926
v 1.726758 4.387432 3.494926
v 2.038946 5.896223 3.494925
v 2.129574 5.669773 3.494925
v 2.172669 5.436783 3.494926
v 2.16982 5.199869 3.494925
v 2.121145 4.967984 3.494925
v 1.810938 5.065423 3.981561
v 1.701996 5.099649 4.555586
v 2.028482 4.74991 3.494926
v 1.743012 4.9056 3.981561
v 1.642774 4.96026 4.555586
v 1.645427 4.761947 3.981561
v 1.521865 4.639921 3.981561
v 1.750675 5.745782 5.129611
v 1.817111 5.579794 5.129611
v 1.8487 5.409031 5.129611
v 1.846606 5.235388 5.129611
v 1.37246 4.541744 3.981561
v 1.319624 4.642966 4.555586
v 1.449915 4.728589 4.555586
v 1.557666 4.834997 4.555586
v 3.268315 2.487735 3.98156
v 2.504418 2.372894 3.494925
v 2.654871 2.08463 3.98156
v 3.063422 2.740225 3.494925
v 3.525727 3.196786 3.494925
v 3.77564 2.988759 3.98156
v 3.890845 3.73424 3.494925
v 4.176309 3.578563 3.98156
v 3.863386 2.915718 4.555586
v 4.276554 3.523889 4.555585
v 4.144958 4.332243 3.494925
v 2.654871 2.08463 5.12961
v 3.268315 2.487735 5.12961
v 2.7077 1.983405 4.555586
v 3.77564 2.988758 5.129611
v 3.340251 2.399077 4.555586
v 1.521865 4.639921 5.129611
v 1.522907 4.253476 5.616246
v 1.37246 4.541744 5.129611
v 1.726758 4.387431 5.616246
v 1.895333 4.553932 5.616246
v 1.645427 4.761946 5.129611
v 2.028482 4.749909 5.616246
v 1.743012 4.905599 5.129611
v 2.121145 4.967984 5.616246
v 1.810938 5.065423 5.129611
v 2.16982 5.199869 5.616246
v 2.172669 5.436782 5.616246
v 1.99515 5.872725 4.097209
v 1.995554 5.631639 4.555586
v 1.914316 5.830689 4.555586
v 2.082813 5.656721 4.097688
v 2.124313 5.432636 4.097668
v 2.033843 5.424889 4.555586
v 2.976947 6.383279 5.755609
v 3.587169 6.089283 5.665552
v 3.384954 6.595452 5.665788
v 3.145289 5.962223 5.755609
v 2.569935 6.171624 5.663124
v 3.225844 5.526989 5.755608
v 3.683943 5.566238 5.665533
v 2.704435 5.835457 5.662948
v 2.225325 5.992421 5.402761
v 2.33154 5.728242 5.402257
v 2.382185 5.454737 5.402286
v 2.768802 5.487842 5.662967
v 2.764555 5.134505 5.662967
v 3.220531 5.084388 5.755609
v 3.677553 5.034161 5.665533
v 2.69196 4.788675 5.662967
v 3.129595 4.651196 5.755609
v 3.568237 4.513398 5.665533
v 2.553753 4.463451 5.662967
v 2.956472 4.24382 5.755608
v 3.360129 4.023678 5.665533
v 2.355182 4.171143 5.662966
v 2.707739 3.877683 5.755608
v 3.061112 3.583528 5.665533
v 2.103601 3.922781 5.662948
v 2.392775 3.566691 5.755608
v 2.013342 3.317232 5.755609
v 1.801666 3.724285 5.663125
v 2.225525 2.909205 5.665787
v 2.682624 3.209767 5.665553
v 3.361313 3.333649 5.405913
v 2.405972 2.562205 5.406506
v 2.928863 2.906543 5.405939
v 3.731919 6.775881 5.406506
v 4.213798 6.269487 5.016088
v 3.96443 6.896792 5.016595
v 3.962564 6.197247 5.40594
v 4.073109 5.599568 5.405913
v 4.333558 5.621874 5.016068
v 4.065811 4.991499 5.405913
v 4.325642 4.962936 5.016068
v 3.940881 4.39635 5.405913
v 4.190255 4.318012 5.016068
v 4.416953 4.952909 4.555586
v 4.2779 4.290479 4.555585
v 3.703044 3.836667 5.405913
v 3.93253 3.711509 5.016068
v 4.013182 3.667526 4.555585
v 3.56221 3.166415 5.016068
v 3.093637 2.703619 5.016087
v 3.96443 6.896792 4.094577
v 3.962564 6.197248 3.705233
v 3.731919 6.775881 3.704666
v 4.213798 6.269488 4.095085
v 4.046212 6.93932 4.555586
v 4.302089 6.294883 4.555586
v 4.425083 5.629724 4.555587
v 4.333558 5.621875 4.095103
v 4.325642 4.962937 4.095103
v 3.587169 6.089283 3.445619
v 3.384954 6.595453 3.445385
v 3.145289 5.962224 3.355563
v 2.976947 6.38328 3.355562
v 3.683943 5.566239 3.445639
v 2.704435 5.835458 3.448224
v 2.569935 6.171625 3.448048
v 3.225844 5.526989 3.355563
v 3.677553 5.034162 3.445639
v 2.768802 5.487843 3.448205
v 3.220531 5.084389 3.355564
v 3.568237 4.513399 3.445638
v 2.764555 5.134506 3.448205
v 3.129595 4.651196 3.355564
v 3.360129 4.023679 3.445639
v 2.69196 4.788676 3.448205
v 2.956472 4.243821 3.355564
v 3.061112 3.583529 3.445638
v 2.553753 4.463452 3.448205
v 2.707739 3.877683 3.355564
v 2.682624 3.209768 3.445619
v 2.355182 4.171144 3.448205
v 2.213096 4.649229 3.708887
v 2.056959 4.419387 3.708887
v 2.392775 3.566692 3.355563
v 2.103601 3.922781 3.448224
v 1.859006 4.223969 3.708914
v 1.622451 4.068915 3.708411
v 1.801666 3.724285 3.448047
v 2.013342 3.317233 3.355562
v 2.225525 2.909205 3.445385
v 2.225325 5.992421 3.708411
v 2.33154 5.728242 3.708915
v 2.382185 5.454737 3.708887
v 2.378853 5.176898 3.708887
v 2.121573 5.20517 4.097669
v 2.031315 5.215092 4.555586
v 2.321772 4.904955 3.708887
v 2.074839 4.982533 4.097668
v 1.98821 5.009735 4.555586
v 1.985868 4.773153 4.097669
v 1.99515 5.872725 5.013962
v 2.082813 5.656721 5.013484
v 2.124313 5.432635 5.013503
v 2.121573 5.205169 5.013504
v 2.378853 5.176897 5.402285
v 2.074839 4.982532 5.013504
v 1.502745 4.299111 4.097209
v 1.695847 4.424879 4.097687
v 1.46071 4.379945 4.555586
v 1.638613 4.49535 4.555586
v 1.788241 4.643072 4.555586
v 1.858033 4.58498 4.097668
v 1.906152 4.816627 4.555586
v 3.093637 2.703619 4.095084
v 2.526889 2.329682 4.094577
v 2.405972 2.562206 3.704666
v 2.928856 2.90654 3.705232
v 3.361313 3.333648 3.705258
v 3.56221 3.166415 4.095103
v 3.703044 3.836668 3.705258
v 3.93253 3.71151 4.095103
v 3.632819 3.107646 4.555586
v 3.940881 4.396351 3.705258
v 4.190255 4.318013 4.095103
v 4.065811 4.991499 3.705258
v 4.073109 5.599569 3.705259
v 2.526889 2.329681 5.016594
v 2.569424 2.247887 4.555586
v 3.151552 2.632299 4.555586
v 1.695847 4.424879 5.013484
v 1.502745 4.299111 5.013963
v 1.622451 4.068915 5.402761
v 1.859006 4.223969 5.402258
v 2.056959 4.419386 5.402286
v 1.858033 4.584979 5.013504
v 2.213096 4.649229 5.402286
v 1.985868 4.773153 5.013504
v 2.321772 4.904954 5.402286
v 4.592095 8.224289 5.129642
v 4.644619 8.122923 4.555617
v 4.514077 8.037685 4.555617
v 4.44239 8.126558 5.129642
v 4.31846 8.004909 5.129642
v 4.406007 7.931592 4.555617
v 4.220448 7.861549 5.129642
v 4.320526 7.806582 4.555617
v 4.442508 8.513004 3.494956
v 3.932754 8.758446 3.169798
v 4.238258 8.379667 3.494956
v 4.218635 8.945084 3.169798
v 3.572382 9.205261 3.055618
v 3.954558 9.454754 3.055618
v 3.696096 8.526115 3.169798
v 3.212018 9.652064 3.1698
v 3.690475 9.964438 3.169799
v 3.256012 8.894674 3.055618
v 3.508915 8.252354 3.169798
v 2.815929 9.263233 3.1698
v 3.005788 8.528691 3.055618
v 3.378301 7.94752 3.169798
v 2.502655 8.805042 3.1698
v 2.831174 8.121193 3.055618
v 3.309201 7.623166 3.169797
v 2.284056 8.294851 3.169798
v 2.738798 7.687579 3.055617
v 3.304232 7.291572 3.169797
v 2.168409 7.751981 3.169797
v 2.732158 7.244287 3.055616
v 3.363578 6.965286 3.169797
v 2.160083 7.197002 3.169797
v 1.684844 7.806583 3.494956
v 1.675101 7.156912 3.494956
v 2.811493 6.808092 3.055616
v 2.259407 6.650914 3.169797
v 1.791378 6.517653 3.494956
v 2.038057 5.895915 3.494956
v 2.47014 6.119782 3.169797
v 2.979811 6.383858 3.055615
v 3.489488 6.647938 3.169797
v 3.466608 10.39652 3.494959
v 3.317022 10.68522 3.981593
v 2.702382 10.28395 3.981593
v 2.906506 10.03086 3.494959
v 2.442848 9.575672 3.494959
v 2.193566 9.78444 3.981593
v 2.076122 9.03931 3.494958
v 1.791123 9.195846 3.981592
v 2.106026 9.85776 4.555618
v 1.691044 9.250813 4.555618
v 1.820223 8.44208 3.494957
v 1.510309 8.540444 3.981592
v 1.401471 8.574999 4.555618
v 1.361738 7.84307 3.981592
v 3.317022 10.68522 5.129643
v 3.466608 10.39652 5.616278
v 2.906506 10.03086 5.616278
v 2.702382 10.28395 5.129643
v 3.264497 10.7866 4.555619
v 2.193566 9.784439 5.129643
v 2.442848 9.575671 5.616278
v 2.630695 10.37282 4.555618
v 1.791123 9.195845 5.129642
v 2.076122 9.039309 5.616278
v 1.510309 8.540444 5.129642
v 3.954558 9.454753 6.055617
v 4.218635 8.945083 5.941436
v 3.932754 8.758445 5.941436
v 3.572382 9.205261 6.055617
v 3.690475 9.964437 5.941437
v 3.256012 8.894674 6.055617
v 3.696096 8.526115 5.941436
v 3.212018 9.652063 5.941437
v 2.815929 9.263233 5.941437
v 2.502655 8.80504 5.941437
v 3.005788 8.52869 6.055617
v 3.508915 8.252354 5.941436
v 2.284056 8.294849 5.941437
v 2.831182 8.121178 6.055617
v 3.378301 7.947519 5.941436
v 2.168409 7.75198 5.941436
v 2.738798 7.687577 6.055616
v 3.309201 7.623165 5.941436
v 2.160083 7.197001 5.941436
v 2.732158 7.244287 6.055616
v 3.304239 7.291558 5.941436
v 2.259407 6.650913 5.941435
v 2.811493 6.808091 6.055616
v 2.979811 6.383858 6.055615
v 2.47014 6.119781 5.941435
v 3.489488 6.647938 5.941436
v 3.363578 6.965286 5.941436
v 3.789214 7.331644 5.616277
v 3.921571 6.871804 5.616277
v 3.831614 7.098535 5.616277
v 4.442508 8.513003 5.616277
v 4.238258 8.379667 5.616277
v 4.069178 8.213676 5.616277
v 3.935448 8.018085 5.616277
v 3.84214 7.800294 5.616277
v 4.152054 7.701929 5.129642
v 4.260892 7.667375 4.555617
v 3.792766 7.568563 5.616277
v 4.115871 7.532075 5.129642
v 4.229333 7.519256 4.555617
v 4.113267 7.358424 5.129642
v 4.144346 7.187569 5.129642
v 4.592095 8.224289 3.981592
v 4.44239 8.126557 3.981592
v 4.31846 8.00491 3.981592
v 4.220448 7.861549 3.981592
v 4.210272 7.021401 5.129642
v 4.311659 7.073919 4.555616
v 4.254158 7.218841 4.555616
v 4.227057 7.367842 4.555617
v 1.47864 6.428615 5.129642
v 2.038057 5.895914 5.616276
v 1.749342 5.746327 5.129642
v 1.791378 6.517652 5.616276
v 1.675101 7.156912 5.616277
v 1.351048 7.130132 5.129642
v 1.684844 7.806583 5.616277
v 1.361738 7.84307 5.129642
v 1.237258 7.120732 4.555616
v 1.248276 7.85589 4.555617
v 1.820223 8.442079 5.616278
v 1.749342 5.746327 3.981591
v 1.47864 6.428615 3.981592
v 1.647962 5.693797 4.555615
v 1.351048 7.130132 3.981592
v 1.368821 6.397356 4.555616
v 4.144346 7.187569 3.981592
v 3.921571 6.871805 3.494956
v 4.210272 7.021402 3.981591
v 3.831614 7.098535 3.494956
v 3.789214 7.331645 3.494956
v 4.113267 7.358425 3.981592
v 3.792766 7.568563 3.494956
v 4.115871 7.532076 3.981592
v 3.84214 7.800295 3.494956
v 4.152054 7.70193 3.981592
v 3.935448 8.018087 3.494956
v 4.069178 8.213677 3.494956
v 4.464862 8.468611 5.013994
v 4.326079 8.271477 4.555617
v 4.506897 8.387777 4.555617
v 4.269048 8.342121 5.013515
v 4.10639 8.182514 5.013535
v 4.176008 8.124212 4.555617
v 3.954307 9.45041 3.355595
v 3.28591 9.560175 3.445652
v 3.742131 9.858423 3.445417
v 3.574687 9.202384 3.355596
v 4.165962 9.043398 3.44808
v 3.2588 8.892341 3.355597
v 2.906304 9.187553 3.445671
v 3.862796 8.845432 3.448255
v 4.345162 8.698794 3.708442
v 4.106495 8.543519 3.708946
v 3.907959 8.348693 3.708918
v 3.610479 8.597821 3.448237
v 3.411033 8.306124 3.448236
v 3.00897 8.526957 3.355596
v 2.605977 8.748287 3.445671
v 3.271863 7.981311 3.448236
v 2.834639 8.120088 3.355595
v 2.396412 8.259185 3.44567
v 3.198228 7.635697 3.448236
v 2.742414 7.687172 3.355594
v 2.285534 7.738762 3.44567
v 3.19293 7.282365 3.448236
v 2.735777 7.244587 3.355594
v 2.277561 7.206704 3.44567
v 3.256262 6.934556 3.448255
v 2.815032 6.809107 3.355594
v 2.982396 6.386991 3.355592
v 3.389448 6.598667 3.448078
v 2.574361 6.174805 3.445415
v 2.372777 6.683366 3.44565
v 1.888288 7.17454 3.705289
v 2.227369 5.994361 3.704696
v 1.997049 6.576535 3.705263
v 3.561705 10.20538 3.704699
v 2.8764 10.06755 4.095118
v 3.440795 10.43789 4.094609
v 3.04058 9.86413 3.705265
v 2.606846 9.438335 3.705291
v 2.406452 9.606157 4.095136
v 2.263626 8.93633 3.705292
v 2.03451 9.062162 4.095135
v 2.024119 8.377361 3.70529
v 1.774979 8.45644 4.095135
v 1.953999 9.106392 4.555618
v 1.687412 8.484238 4.555618
v 1.897408 7.782593 3.705289
v 1.637661 7.811922 4.095134
v 1.54638 7.822223 4.555617
v 1.627793 7.153 4.095134
v 1.745614 6.505033 4.095115
v 3.440795 10.43789 5.016627
v 3.04058 9.864129 5.405972
v 3.561705 10.20538 5.406538
v 2.8764 10.06755 5.016119
v 3.398267 10.51967 4.555618
v 2.818699 10.13905 4.555618
v 2.336024 9.66514 4.555618
v 2.406452 9.606157 5.016101
v 2.03451 9.062162 5.0161
v 3.28591 9.560175 5.665585
v 3.742131 9.858423 5.665819
v 3.574687 9.202383 5.75564
v 3.954307 9.450409 5.755641
v 2.906304 9.187552 5.665565
v 3.862796 8.84543 5.662979
v 4.165962 9.043396 5.663156
v 3.2588 8.89234 5.75564
v 2.605977 8.748286 5.665565
v 3.610479 8.597821 5.662998
v 3.00897 8.526957 5.75564
v 2.396412 8.259184 5.665563
v 3.411033 8.306124 5.662998
v 2.834639 8.120087 5.75564
v 2.285534 7.738761 5.665563
v 3.271863 7.98131 5.662998
v 2.742414 7.687171 5.755639
v 2.277561 7.206703 5.665563
v 3.198228 7.635696 5.662998
v 2.735777 7.244586 5.755638
v 2.372777 6.683365 5.665582
v 3.19293 7.282364 5.662998
v 3.583804 7.592155 5.402316
v 3.57964 7.31433 5.402316
v 2.815032 6.809107 5.755639
v 3.256262 6.934556 5.662979
v 3.629476 7.040662 5.402288
v 3.734078 6.777881 5.402791
v 3.389448 6.598666 5.663155
v 2.982396 6.38699 5.755639
v 2.574361 6.174804 5.665816
v 4.345162 8.698793 5.402792
v 4.106495 8.543518 5.402289
v 3.907959 8.348692 5.402317
v 3.751139 8.11932 5.402317
v 3.977996 7.994721 5.013535
v 4.057579 7.951007 4.555617
v 3.641701 7.863921 5.402316
v 3.888392 7.785616 5.013535
v 3.974944 7.758133 4.555617
v 3.840994 7.563114 5.013535
v 4.464862 8.468613 4.097241
v 4.269048 8.342122 4.097719
v 4.10639 8.182516 4.0977
v 3.977996 7.994722 4.0977
v 3.751139 8.119321 3.708918
v 3.888392 7.785616 4.0977
v 3.964274 6.897587 5.013992
v 3.878418 7.111436 5.013515
v 4.045108 6.939623 4.555616
v 3.96575 7.136265 4.555617
v 3.92808 7.34313 4.555617
v 3.837586 7.335644 5.013535
v 3.931223 7.552919 4.555617
v 1.745614 6.505033 5.016118
v 1.994845 5.873443 5.016625
v 2.227369 5.99436 5.406535
v 1.997049 6.576535 5.40597
v 1.888288 7.174539 5.405944
v 1.627793 7.153 5.016099
v 1.897408 7.782593 5.405944
v 1.637661 7.811921 5.016099
v 1.536236 7.145445 4.555616
v 2.024119 8.37736 5.405945
v 1.774979 8.456439 5.0161
v 2.263626 8.936329 5.405945
v 2.606853 9.438322 5.405945
v 1.994845 5.873444 4.094607
v 1.91305 5.830908 4.555615
v 1.657243 6.479905 4.555616
v 3.878418 7.111437 4.097719
v 3.964274 6.897588 4.097239
v 3.734078 6.777882 3.708442
v 3.629476 7.040663 3.708945
v 3.57964 7.314331 3.708918
v 3.837586 7.335645 4.097699
v 3.583804 7.592156 3.708918
v 3.840994 7.563115 4.097699
v 3.641701 7.863921 3.708918
v 4.216416 8.946423 5.941467
v 8.645185 11.24948 5.941465
v 8.870486 10.81814 5.616308
v 4.441724 8.515089 5.616308
v 9.021685 10.53028 5.129672
v 4.592916 8.227226 5.129673
v 9.075752 10.4297 4.555646
v 4.646989 8.126648 4.555648
v 9.024467 10.53173 3.981622
v 4.595705 8.228678 3.981622
v 3.314173 10.68625 5.129673
v 7.742942 12.9893 5.129673
v 7.891778 12.7002 5.616308
v 3.463016 10.39715 5.616308
v 8.11551 12.26804 5.941465
v 3.68674 9.964989 5.941467
v 8.380066 11.75862 6.055647
v 3.951296 9.455568 6.055649
v 3.693462 9.968485 3.169829
v 8.122231 12.27154 3.169828
v 7.89693 12.70288 3.494987
v 3.46816 10.39982 3.494988
v 7.745724 12.99075 3.981623
v 3.316962 10.6877 3.981623
v 7.691649 13.09133 4.555647
v 3.262887 10.78828 4.555649
v 4.223144 8.949923 3.169829
v 8.387342 11.76241 3.055648
v 3.95858 9.459357 3.055649
v 8.651907 11.25297 3.169828
v 4.446868 8.517765 3.494988
v 8.875638 10.82082 3.494987
v 4.163455 9.048267 5.664295
v 8.772604 11.00637 5.404203
v 8.592203 11.35136 5.66431
v 4.343863 8.703278 5.404148
v 8.893805 10.77619 5.014914
v 4.46505 8.473112 5.014821
v 8.93734 10.69586 4.555702
v 4.508578 8.392815 4.555592
v 8.896601 10.77761 4.096476
v 4.467824 8.47459 4.096381
v 3.442039 10.44036 5.014821
v 7.98966 12.51197 5.404203
v 7.870829 12.74337 5.014914
v 3.56087 10.20897 5.404148
v 8.168485 12.16617 5.66431
v 3.739701 9.863145 5.664295
v 8.380066 11.75862 5.755648
v 3.951296 9.455568 5.755648
v 3.746443 9.866617 3.446985
v 7.994784 12.5147 3.707148
v 8.175185 12.16971 3.447001
v 3.566042 10.21159 3.707092
v 7.87359 12.74486 4.096476
v 3.444849 10.44177 4.096381
v 7.830062 12.82516 4.555702
v 3.401299 10.52211 4.555593
v 4.170162 9.051807 3.446985
v 3.95858 9.459356 3.355649
v 8.387342 11.76241 3.355648
v 8.598952 11.35482 3.447001
v 4.348986 8.705994 3.707092
v 8.777777 11.00901 3.707148
v 0.00205154 -0.2485204 1.54028
v 0.4538272 -0.244737 1.089744
v 0.00205154 -0.2485203 1.179616
v 0.5918339 -0.2436055 1.422962
v 0.8368174 -0.2414837 0.8338183
v 1.09182 -0.2393633 1.088868
v 1.092711 -0.239226 0.4508056
v 1.425895 -0.2364538 0.5888613
v 1.182552 -0.238324 -0.0009742379
v 1.543216 -0.23533 -0.0009361506
v 1.092665 -0.2389058 -0.4527398
v 1.425897 -0.2361429 -0.5907332
v 0.8367602 -0.2408937 -0.8357159
v 1.09181 -0.2387827 -1.090737
v 0.453788 -0.2439827 -1.091606
v 0.5918218 -0.242837 -1.42483
v 0.002045311 -0.247697 -1.181462
v 0.002045311 -0.2476969 -1.542148
v -0.4496963 -0.2514797 -1.091606
v -0.5877301 -0.2526252 -1.424829
v -0.8326658 -0.2547395 -0.8357158
v -1.087716 -0.2568674 -1.090737
v -1.088573 -0.2570041 -0.4527397
v -1.421798 -0.2597633 -0.5907331
v -1.178449 -0.2579068 -0.0009741783
v -1.539112 -0.2609008 -0.0009360313
v -1.088609 -0.2573155 0.4508057
v -1.421793 -0.2600879 0.5888615
v -0.8327111 -0.2553311 0.8338184
v -1.087707 -0.2574481 1.088868
v -0.4497252 -0.252235 1.089745
v -0.5877249 -0.2533802 1.422962
v -0.002085134 0.2506343 1.54029
v -0.4538278 0.2469202 1.089747
v -0.002085134 0.2506344 1.179602
v -0.5918616 0.2457744 1.422972
v -0.8368 0.2438312 0.8338567
v -1.09185 0.2417201 1.08888
v -1.092705 0.2418432 0.4508801
v -1.425937 0.2390803 0.5888749
v -1.182592 0.2412614 -0.0008849502
v -1.543256 0.2382674 -0.000921607
v -1.092751 0.2421637 -0.4526653
v -1.425942 0.2393879 -0.5907191
v -0.8368572 0.2444211 -0.8356774
v -1.091859 0.2423007 -1.090725
v -0.4538671 0.2476745 -1.091604
v -0.5918738 0.2465429 -1.424819
v -0.002091393 0.2514577 -1.181476
v -0.002091393 0.2514578 -1.542138
v 0.4496854 0.2551725 -1.091604
v 0.5876851 0.2563177 -1.424819
v 0.8326712 0.2582685 -0.8356776
v 1.087673 0.260389 -1.090725
v 1.08857 0.260253 -0.4526653
v 1.421753 0.2630253 -0.5907192
v 1.178409 0.2608442 -0.0008850098
v 1.539065 0.2638347 -0.0009217262
v 1.088527 0.259938 0.4508801
v 1.421758 0.2627007 0.5888748
v 0.832619 0.2576904 0.8338562
v 1.087676 0.2598047 1.088879
v 0.4496497 0.2544136 1.089746
v 0.5876902 0.2555627 1.422972
v -0.001596279 0.1915197 -1.120354
v 0.4267882 0.1950405 -1.035137
v 0.4299073 -0.1842358 -1.035149
v 0.001550183 -0.1877593 -1.120354
v -0.4299796 0.1879309 -1.035137
v -0.4268058 -0.1913512 -1.035149
v -0.7931463 0.1848391 -0.7924622
v -0.7899587 -0.1944531 -0.7925015
v -1.035781 0.182683 -0.4292812
v -1.032614 -0.1966027 -0.4293485
v -1.120982 0.1818204 -0.0008906722
v -1.117836 -0.1974587 -0.0009689331
v -1.035756 0.1823691 0.4274889
v -1.032637 -0.196907 0.4274216
v -0.793103 0.1842591 0.7906423
v -0.7899836 -0.1950342 0.7906026
v -0.4299472 0.1871732 1.033289
v -0.426828 -0.192103 1.033277
v 1.032568 0.1995366 0.4274888
v 0.7930997 -0.1819052 0.7906026
v 1.035742 -0.1797456 0.4274215
v 0.7899121 0.197387 0.7906423
v 0.4299398 -0.1849934 1.033277
v 0.426766 0.1942887 1.033289
v 0.001556426 -0.1885823 1.118494
v -0.001590043 0.1906968 1.118494
v 0.7930493 -0.1813116 -0.7925015
v 0.7899505 0.1979751 -0.7924623
v 1.035709 -0.1794353 -0.4293485
v 1.032597 0.1998445 -0.4292812
v 1.120936 -0.1788865 -0.0009689927
v 1.117796 0.2003962 -0.0008907318
v -1.483354 0.1789701 -0.6147174
v -1.480215 -0.2003126 -0.6147174
v -1.132539 -0.1972961 -1.135062
v -1.135692 0.1819966 -1.135062
v -0.6122181 -0.1928844 -1.482745
v -0.6153646 0.1863947 -1.482745
v 0.001550183 -0.187759 -1.604835
v -0.001596279 0.19152 -1.604835
v 0.6153196 -0.1827023 -1.482745
v 0.6121731 0.196577 -1.482745
v -1.605445 0.1778079 -0.0009287596
v -1.602292 -0.2014847 -0.000928998
v -1.483356 0.1786591 0.6128594
v -1.480217 -0.2006236 0.6128597
v -1.135683 0.1814159 1.133204
v -1.132536 -0.1978804 1.133204
v -0.6153594 0.1856397 1.480887
v -0.612213 -0.1936395 1.480887
v 0.6121783 0.1958219 1.480887
v 0.001556426 -0.1885825 1.602977
v -0.001590043 0.1906966 1.602977
v 0.6153179 -0.1834608 1.480887
v 1.132499 0.2002336 1.133204
v 1.135653 -0.179059 1.133204
v 1.480175 0.2032501 0.6128591
v 1.483314 -0.1760328 0.6128596
v 1.602258 0.2044257 -0.0009287596
v 1.605405 -0.1748706 -0.000928998
v 1.48017 0.2035575 -0.6147175
v 1.483316 -0.1757216 -0.6147176
v 1.132497 0.2008178 -1.135062
v 1.13565 -0.1784748 -1.135062
v -1.37572 1.551686 2.532336
v -1.184449 2.160385 2.532305
v -1.055742 1.718081 2.532336
v -1.543748 2.129086 2.532305
v -1.134089 2.618259 2.532216
v -1.478023 2.72683 2.532216
v -0.9123445 3.022009 2.532083
v -1.188551 3.253926 2.532083
v -0.5529701 3.310157 2.531926
v -0.7194063 3.630131 2.531926
v -0.1106864 3.438836 2.531769
v -0.1420026 3.798152 2.531769
v 0.3471569 3.388486 2.531636
v 0.455741 3.732427 2.531636
v 0.7508862 3.166748 2.531547
v 0.9828334 3.442961 2.531547
v 1.039033 2.807408 2.531516
v 1.359038 2.973817 2.531516
v 1.167733 2.365152 2.531547
v 1.52706 2.396413 2.531547
v 1.117407 1.907295 2.531636
v 1.461335 1.79867 2.531636
v 0.8956963 1.503563 2.531769
v 1.171869 1.271577 2.531768
v 0.5363566 1.215381 2.531925
v 0.702725 0.8953724 2.531925
v 0.09408027 1.086654 2.532082
v 0.125328 0.7273369 2.532082
v -0.3637968 1.136987 2.532215
v -0.4724291 0.7930721 2.532215
v -0.7675601 1.358707 2.532305
v -0.9995215 1.082538 2.532305
v -1.375733 1.551679 2.033156
v -0.7675811 1.358748 2.033125
v -1.055728 1.718088 2.033156
v -0.9995283 1.082535 2.033125
v -0.3638517 1.13701 2.033036
v -0.4724358 0.7930688 2.033036
v 0.09399825 1.086663 2.032903
v 0.1253074 0.7273436 2.032903
v 0.5362754 1.215339 2.032746
v 0.7027115 0.8953655 2.032745
v 0.8956498 1.503487 2.032589
v 1.171863 1.271557 2.032589
v 1.117394 1.907237 2.032456
v 1.461329 1.798667 2.032456
v 1.167754 2.365111 2.032367
v 1.527054 2.39641 2.032367
v 1.039047 2.807415 2.032336
v 1.359025 2.97381 2.032336
v 0.7508652 3.166789 2.032367
v 0.9828267 3.442958 2.032367
v 0.347102 3.388509 2.032456
v 0.4557344 3.732424 2.032456
v -0.110775 3.438842 2.032589
v -0.1420161 3.798146 2.03259
v -0.5530514 3.310115 2.032746
v -0.7194198 3.630124 2.032746
v -0.9123845 3.021937 2.032904
v -1.188564 3.253919 2.032904
v -1.134102 2.618201 2.033036
v -1.47803 2.726826 2.033036
v -1.184428 2.160345 2.033125
v -1.543755 2.129083 2.033125
v 0.9848148 2.779213 2.092276
v 0.7115608 3.119984 2.092308
v 0.7115817 3.119961 2.471606
v 0.9848148 2.779213 2.471575
v 1.106866 2.359813 2.092308
v 1.106858 2.359844 2.471606
v 1.059118 1.925639 2.092396
v 1.059131 1.925697 2.471695
v 0.8488485 1.542802 2.09253
v 0.8488953 1.54286 2.471828
v 0.5080873 1.269562 2.092686
v 0.508155 1.269597 2.471985
v 0.08870393 1.147545 2.092843
v 0.08877212 1.147546 2.472142
v -0.3454499 1.195286 2.092976
v -0.3453948 1.195263 2.472275
v -0.7282766 1.405535 2.093066
v -0.728249 1.405515 2.472364
v -0.8655834 2.98264 2.092844
v -1.075806 2.599844 2.472275
v -0.8655435 2.982695 2.472142
v -1.075826 2.599799 2.092977
v -1.123554 2.165686 2.472364
v -1.123553 2.165653 2.093066
v -1.00151 1.746283 2.472395
v -1.00151 1.746283 2.093097
v 0.328755 3.33021 2.471696
v 0.3287069 3.33022 2.092397
v -0.105392 3.377955 2.471828
v -0.1054672 3.37795 2.09253
v -0.524782 3.255935 2.471986
v -0.5248497 3.2559 2.092687
v 1.219874 1.231255 2.092529
v 1.219874 1.231255 2.471828
v 1.52112 1.77978 2.471695
v 1.52112 1.77978 2.092396
v 1.589516 2.401855 2.471606
v 1.589516 2.401855 2.092308
v 1.414651 3.002737 2.471575
v 1.414651 3.002737 2.092276
v 1.023156 3.490966 2.471606
v 1.023156 3.490966 2.092308
v 0.7316452 0.8397424 2.092686
v 0.7316452 0.8397422 2.471985
v 0.1307496 0.6648877 2.092843
v 0.1307496 0.6648874 2.472142
v -0.491305 0.7332773 2.092976
v -0.491305 0.7332771 2.472275
v -1.039851 1.03453 2.093066
v -1.039851 1.03453 2.472364
v -1.606211 2.123641 2.093066
v -1.431347 1.522759 2.472395
v -1.431347 1.522759 2.093097
v -1.606211 2.123641 2.472364
v -1.537815 2.745716 2.092977
v -1.537815 2.745716 2.472276
v -1.236569 3.294241 2.092844
v -1.236569 3.294241 2.472142
v -0.74834 3.685754 2.092687
v -0.74834 3.685754 2.471986
v -0.1474446 3.860609 2.09253
v -0.1474446 3.860608 2.471828
v 0.47461 3.792219 2.092397
v 0.47461 3.792219 2.471696
v 3.094584 6.165164 6.096826
v 3.495403 6.373633 5.646291
v 3.094584 6.165165 5.736161
v 3.617845 6.437305 5.979507
v 3.835164 6.55042 5.390364
v 4.061414 6.668074 5.645413
v 4.062135 6.668605 5.007351
v 4.357759 6.822335 5.145407
v 4.141782 6.710195 4.555572
v 4.461773 6.876596 4.55561
v 4.061961 6.668858 4.103806
v 4.357618 6.822606 3.965813
v 3.834849 6.55091 3.72083
v 4.06114 6.668586 3.465808
v 3.495017 6.374293 3.464939
v 3.617492 6.437983 3.131716
v 3.094204 6.165897 3.375083
v 3.094204 6.165897 3.014398
v 2.69342 5.957447 3.464938
v 2.570944 5.893756 3.131715
v 2.353665 5.780663 3.720829
v 2.127382 5.662992 3.465807
v 2.12668 5.662471 4.103805
v 1.83103 5.508727 3.965812
v 2.047006 5.620868 4.555571
v 1.727015 5.454466 4.555609
v 2.126787 5.662183 5.007351
v 1.83117 5.508456 5.145406
v 2.353892 5.780128 5.390363
v 2.127643 5.662473 5.645413
v 2.693738 5.956751 5.64629
v 2.571296 5.893079 5.979506
v 2.864281 6.608038 6.096836
v 2.463469 6.399643 5.646292
v 2.864281 6.608039 5.736148
v 2.340992 6.335953 5.979517
v 2.12363 6.223022 5.390401
v 1.897346 6.10535 5.645425
v 1.896518 6.105074 5.007425
v 1.600867 5.95133 5.145421
v 1.816703 6.063741 4.55566
v 1.496712 5.897339 4.555624
v 1.896343 6.105328 4.103879
v 1.600726 5.951601 3.965827
v 2.123321 6.223516 3.720868
v 1.897072 6.105861 3.46582
v 2.463083 6.400302 3.464941
v 2.340641 6.33663 3.131727
v 2.863901 6.60877 3.37507
v 2.863901 6.60877 3.014408
v 3.264747 6.817184 3.464942
v 3.387189 6.880857 3.131727
v 3.604593 6.993808 3.720869
v 3.830843 7.111463 3.46582
v 3.831691 7.111749 4.103881
v 4.127315 7.26548 3.965827
v 3.911479 7.153068 4.555661
v 4.23147 7.31947 4.555624
v 3.831799 7.11146 5.007426
v 4.127456 7.265208 5.145422
v 3.604814 6.993268 5.390402
v 3.831104 7.110944 5.645425
v 3.265065 6.816489 5.646293
v 3.387541 6.880179 5.979518
v 2.891553 6.555594 3.436191
v 3.271646 6.753216 3.52141
v 3.446617 6.41668 3.521398
v 3.066552 6.219073 3.436191
v 2.511489 6.357918 3.521409
v 2.686507 6.021407 3.521397
v 2.18932 6.19028 3.764083
v 2.364351 5.853777 3.764043
v 1.974099 6.078206 4.127264
v 2.149117 5.741695 4.127196
v 1.898581 6.038764 4.555655
v 2.073579 5.702242 4.555575
v 1.97426 6.077946 4.984035
v 2.149238 5.741414 4.983966
v 2.189621 6.189783 5.347188
v 2.364585 5.853244 5.347148
v 2.511861 6.357251 5.589834
v 2.686839 6.02072 5.589822
v 3.809361 7.032236 4.984035
v 3.769166 6.583655 5.347148
v 3.984386 6.695729 4.983967
v 3.594134 6.920159 5.347188
v 3.446997 6.416018 5.589823
v 3.271971 6.752524 5.589835
v 3.066932 6.218341 5.675039
v 2.891934 6.554863 5.675039
v 3.768865 6.584153 3.764044
v 3.593901 6.920691 3.764083
v 3.984219 6.695987 4.127197
v 3.809247 7.032521 4.127264
v 4.059904 6.735172 4.555576
v 3.884906 7.071694 4.555656
v 1.576996 5.871704 3.941828
v 1.751995 5.535183 3.941828
v 2.060395 5.695713 3.421484
v 1.885397 6.032234 3.421484
v 2.52201 5.935865 3.0738
v 2.347012 6.272387 3.073801
v 3.066552 6.219073 2.951711
v 2.891553 6.555594 2.95171
v 3.611121 6.502226 3.0738
v 3.436123 6.838747 3.073801
v 1.468745 5.815239 4.555615
v 1.643742 5.478718 4.555616
v 1.577137 5.871433 5.169405
v 1.752135 5.534912 5.169404
v 1.885665 6.031719 5.68975
v 2.060663 5.695198 5.68975
v 2.347364 6.271708 6.037433
v 2.522362 5.935187 6.037433
v 3.436475 6.838069 6.037433
v 3.066932 6.218341 6.159522
v 2.891934 6.554862 6.159523
v 3.611474 6.501548 6.037433
v 3.89809 7.078222 5.68975
v 4.073088 6.741701 5.68975
v 4.206491 7.238752 5.169405
v 4.381489 6.902231 5.169405
v 4.314743 7.295218 4.555617
v 4.48974 6.958697 4.555617
v 4.20635 7.239023 3.941829
v 4.381348 6.902502 3.941829
v 3.897823 7.078737 3.421484
v 4.072821 6.742216 3.421484
v 3.729494 9.340226 6.096827
v 3.937966 8.939402 5.646291
v 3.729494 9.340227 5.736163
v 4.001635 8.816966 5.979509
v 4.114748 8.599647 5.390365
v 4.232399 8.373405 5.645414
v 4.232937 8.372669 5.007352
v 4.386661 8.077059 5.145408
v 4.274524 8.29303 4.555572
v 4.440926 7.973038 4.55561
v 4.233194 8.372854 4.103807
v 4.386938 8.077204 3.965814
v 4.115242 8.599956 3.72083
v 4.232914 8.373672 3.465809
v 3.938622 8.939795 3.464941
v 4.002312 8.817319 3.131717
v 3.730225 9.340608 3.375085
v 3.730225 9.340608 3.0144
v 3.521775 9.741392 3.464941
v 3.458085 9.863868 3.131718
v 3.344993 10.08115 3.720831
v 3.22732 10.30743 3.46581
v 3.226811 10.30813 4.103807
v 3.073066 10.60378 3.965815
v 3.185196 10.3878 4.555573
v 3.018795 10.7078 4.555611
v 3.226512 10.30802 5.007353
v 3.072782 10.60365 5.145409
v 3.344456 10.08092 5.390366
v 3.226805 10.30716 5.645414
v 3.521077 9.741079 5.646292
v 3.457408 9.863514 5.979509
v 4.172374 9.570534 6.096837
v 3.963979 9.971346 5.646294
v 4.172374 9.570534 5.736149
v 3.900289 10.09382 5.979519
v 3.787359 10.31119 5.390404
v 3.669686 10.53747 5.645427
v 3.669407 10.53829 5.007427
v 3.515662 10.83394 5.145422
v 3.628077 10.61811 4.555662
v 3.461675 10.9381 4.555626
v 3.669663 10.53847 4.103882
v 3.515933 10.8341 3.965828
v 3.787851 10.31149 3.720869
v 3.6702 10.53774 3.465822
v 3.964627 9.971735 3.464943
v 3.900959 10.09417 3.131727
v 4.173099 9.57091 3.375072
v 4.173099 9.570911 3.014409
v 4.381516 9.170057 3.464943
v 4.445186 9.047623 3.131727
v 4.558143 8.830221 3.720869
v 4.675794 8.603979 3.465822
v 4.676088 8.603117 4.103882
v 4.829812 8.307507 3.965827
v 4.717404 8.523336 4.555662
v 4.883806 8.203345 4.555625
v 4.67579 8.603012 5.007427
v 4.829534 8.307362 5.145421
v 4.557608 8.829994 5.390404
v 4.67528 8.60371 5.645427
v 4.380825 9.169749 5.646294
v 4.444515 9.047274 5.979519
v 4.119923 9.543259 3.436193
v 4.317548 9.163158 3.52141
v 3.981013 8.988188 3.521398
v 3.783401 9.36826 3.436193
v 3.922244 9.92333 3.52141
v 3.585737 9.748304 3.521399
v 3.754606 10.2455 3.764085
v 3.418112 10.07046 3.764046
v 3.642541 10.46072 4.127266
v 3.306035 10.28569 4.127199
v 3.603089 10.53624 4.555656
v 3.266574 10.36124 4.555578
v 3.642278 10.46054 4.984035
v 3.305743 10.28557 4.983969
v 3.754112 10.24519 5.347189
v 3.417577 10.07024 5.34715
v 3.921581 9.922951 5.589836
v 3.585052 9.747982 5.589825
v 4.596566 8.62545 4.984035
v 4.147988 8.665655 5.347149
v 4.260059 8.450425 4.983968
v 4.484488 8.840677 5.347189
v 3.980357 8.987812 5.589824
v 4.316857 9.162834 5.589836
v 3.782677 9.367884 5.675041
v 4.119192 9.542877 5.675041
v 4.148489 8.665951 3.764045
v 4.485017 8.840918 3.764085
v 4.260329 8.4506 4.127199
v 4.596858 8.625567 4.127266
v 4.299511 8.374905 4.555578
v 4.636026 8.549898 4.555656
v 3.43604 10.85782 3.94183
v 3.099519 10.68282 3.94183
v 3.260046 10.37443 3.421486
v 3.59656 10.54942 3.421486
v 3.500194 9.912802 3.073803
v 3.836715 10.0878 3.073803
v 3.783401 9.36826 2.951712
v 4.119923 9.543259 2.951712
v 4.066555 8.82369 3.073802
v 4.403076 8.998689 3.073803
v 3.379565 10.96607 4.555618
v 3.04305 10.79108 4.555619
v 3.435763 10.85767 5.169407
v 3.099242 10.68268 5.169407
v 3.596045 10.54915 5.689751
v 3.259531 10.37416 5.689751
v 3.836038 10.08745 6.037434
v 3.499524 9.912452 6.037434
v 4.402399 8.998336 6.037434
v 3.782677 9.367883 6.159525
v 4.119192 9.542877 6.159525
v 4.065885 8.82334 6.037433
v 4.642555 8.536715 5.689751
v 4.306041 8.361719 5.68975
v 4.803081 8.22832 5.169406
v 4.46656 8.053323 5.169406
v 4.85955 8.120062 4.555617
v 4.523036 7.945068 4.555618
v 4.803359 8.228465 3.941829
v 4.466845 8.053471 3.941829
v 4.64307 8.536983 3.421486
v 4.306555 8.361988 3.421485
v 2.239398 3.431621 6.096806
v 2.030926 3.832446 5.646272
v 2.239398 3.431621 5.736142
v 1.967257 3.954882 5.979487
v 1.854143 4.172201 5.390344
v 1.736492 4.398444 5.645394
v 1.735962 4.399182 5.007332
v 1.582238 4.694793 5.145387
v 1.694369 4.478819 4.555552
v 1.527966 4.798811 4.555591
v 1.735705 4.398998 4.103786
v 1.581961 4.694649 3.965794
v 1.85365 4.171893 3.72081
v 1.735978 4.398177 3.465789
v 2.03027 3.832054 3.46492
v 1.96658 3.95453 3.131696
v 2.238667 3.431242 3.375063
v 2.238667 3.431242 3.014379
v 2.447117 3.030458 3.46492
v 2.510807 2.907982 3.131696
v 2.6239 2.690702 3.72081
v 2.741572 2.464419 3.465788
v 2.742088 2.463725 4.103786
v 2.895833 2.168074 3.965793
v 2.783696 2.384044 4.555552
v 2.950098 2.064052 4.55559
v 2.742387 2.463828 5.007331
v 2.896117 2.168204 5.145386
v 2.624435 2.690929 5.390344
v 2.742086 2.464686 5.645393
v 2.447815 3.030768 5.646271
v 2.511484 2.908333 5.979487
v 1.796524 3.201317 6.096816
v 2.00492 2.800505 5.646272
v 1.796524 3.201318 5.736128
v 2.06861 2.67803 5.979497
v 2.181541 2.460666 5.390381
v 2.299213 2.234383 5.645405
v 2.299485 2.233562 5.007405
v 2.45323 1.937911 5.1454
v 2.340822 2.15374 4.55564
v 2.507224 1.833749 4.555604
v 2.299229 2.233377 4.10386
v 2.452959 1.937753 3.965806
v 2.181047 2.460359 3.720848
v 2.298698 2.234116 3.4658
v 2.004265 2.800113 3.464921
v 2.067934 2.677678 3.131707
v 1.795793 3.200938 3.37505
v 1.795793 3.200938 3.014388
v 1.587376 3.601791 3.464922
v 1.523707 3.724227 3.131707
v 1.410755 3.941631 3.720848
v 1.293104 4.167873 3.465801
v 1.292804 4.168732 4.103861
v 1.13908 4.464342 3.965807
v 1.251495 4.248516 4.555641
v 1.085093 4.568507 4.555604
v 1.293103 4.168835 5.007406
v 1.139358 4.464486 5.145401
v 1.411291 3.941857 5.390382
v 1.293619 4.16814 5.645406
v 1.588073 3.602102 5.646273
v 1.524384 3.724578 5.979498
v 1.848969 3.228591 3.436172
v 1.651351 3.608694 3.521389
v 1.987879 3.783662 3.521377
v 2.18549 3.403589 3.436172
v 2.046656 2.848523 3.521389
v 2.383156 3.023545 3.521377
v 2.214287 2.52635 3.764063
v 2.550787 2.701388 3.764024
v 2.326357 2.311136 4.127244
v 2.662857 2.486158 4.127177
v 2.365803 2.235612 4.555635
v 2.702324 2.41061 4.555555
v 2.326621 2.311307 4.984015
v 2.663149 2.486275 4.983947
v 2.21478 2.526658 5.347168
v 2.551322 2.701615 5.347128
v 2.047312 2.848898 5.589814
v 2.38384 3.023865 5.589802
v 1.372333 4.146401 4.984015
v 1.820911 4.106196 5.347129
v 1.708833 4.321424 4.983948
v 1.484404 3.931171 5.347169
v 1.988535 3.784036 5.589803
v 1.652035 3.609015 5.589814
v 2.186221 3.403969 5.67502
v 1.8497 3.228971 5.675019
v 1.820411 4.105902 3.764024
v 1.483875 3.930931 3.764064
v 1.70857 4.321252 4.127177
v 1.372041 4.146285 4.127245
v 1.669387 4.396948 4.555556
v 1.332866 4.22195 4.555636
v 2.532859 1.914034 3.941808
v 2.869373 2.089028 3.941808
v 2.708854 2.397426 3.421464
v 2.372333 2.222428 3.421464
v 2.468698 2.859048 3.073781
v 2.132183 2.684053 3.073781
v 2.18549 3.403589 2.951691
v 1.848969 3.228591 2.951691
v 1.902337 3.948159 3.073781
v 1.565823 3.773164 3.073781
v 2.589327 1.805775 4.555596
v 2.925848 1.980773 4.555596
v 2.533136 1.914177 5.169384
v 2.86965 2.089172 5.169385
v 2.372847 2.222695 5.68973
v 2.709368 2.397693 5.68973
v 2.132853 2.684401 6.037413
v 2.469368 2.859395 6.037413
v 1.566493 3.773511 6.037414
v 2.186221 3.403968 6.159503
v 1.8497 3.22897 6.159503
v 1.903008 3.948506 6.037414
v 1.326337 4.235134 5.689731
v 1.662858 4.410131 5.689731
v 1.165817 4.543531 5.169385
v 1.502332 4.718526 5.169386
v 1.109342 4.651787 4.555597
v 1.445863 4.826785 4.555597
v 1.16554 4.543387 3.941809
v 1.502054 4.718382 3.941809
v 1.325822 4.234867 3.421465
v 1.662344 4.409865 3.421465
v 8.606897 11.87658 6.096807
v 8.398426 12.2774 5.646273
v 8.606897 11.87658 5.736143
v 8.334758 12.39984 5.97949
v 8.221642 12.61716 5.390347
v 8.103992 12.8434 5.645395
v 8.103462 12.84414 5.007334
v 7.949739 13.13975 5.14539
v 8.061869 12.92378 4.555555
v 7.895467 13.24377 4.555593
v 8.103206 12.84395 4.103788
v 7.949461 13.13961 3.965796
v 8.22115 12.61685 3.720814
v 8.103477 12.84313 3.465792
v 8.397778 12.27701 3.464922
v 8.334087 12.39949 3.131699
v 8.606174 11.8762 3.375067
v 8.606174 11.8762 3.014381
v 8.814624 11.47542 3.464922
v 8.878314 11.35294 3.131699
v 8.9914 11.13566 3.720814
v 9.109072 10.90938 3.465792
v 9.109589 10.90868 4.103788
v 9.263332 10.61303 3.965795
v 9.151196 10.829 4.555555
v 9.317598 10.50901 4.555593
v 9.109887 10.90878 5.007334
v 9.263618 10.61316 5.145389
v 8.991935 11.13589 5.390347
v 9.109586 10.90964 5.645395
v 8.815315 11.47573 5.646273
v 8.878984 11.35329 5.97949
v 8.164023 11.64627 6.096819
v 8.37242 11.24546 5.646276
v 8.164023 11.64627 5.736132
v 8.43611 11.12299 5.979502
v 8.549041 10.90562 5.390385
v 8.666713 10.67934 5.645409
v 8.666986 10.67852 5.007408
v 8.82073 10.38287 5.145402
v 8.708323 10.5987 4.555643
v 8.874724 10.27871 4.555606
v 8.666736 10.67834 4.103865
v 8.820466 10.38271 3.965808
v 8.548547 10.90532 3.72085
v 8.666198 10.67907 3.465803
v 8.371764 11.24507 3.464924
v 8.435433 11.12263 3.13171
v 8.163293 11.6459 3.375053
v 8.163293 11.6459 3.014391
v 7.954875 12.04675 3.464924
v 7.891207 12.16918 3.13171
v 7.778255 12.38659 3.720852
v 7.660604 12.61283 3.465803
v 7.660311 12.61369 4.103865
v 7.506587 12.9093 3.965809
v 7.618995 12.69347 4.555643
v 7.452593 13.01346 4.555607
v 7.660603 12.61379 5.007408
v 7.506858 12.90944 5.145403
v 7.778791 12.38681 5.390385
v 7.661119 12.6131 5.645409
v 7.955574 12.04706 5.646276
v 7.891884 12.16953 5.979502
v 8.216475 11.67355 3.436174
v 8.018851 12.05365 3.521391
v 8.35538 12.22862 3.521379
v 8.55299 11.84855 3.436174
v 8.414156 11.29348 3.521391
v 8.750656 11.4685 3.521379
v 8.581787 10.97131 3.764067
v 8.918287 11.14635 3.764027
v 8.693858 10.75609 4.127247
v 9.030364 10.93112 4.12718
v 8.733303 10.68057 4.555639
v 9.069824 10.85557 4.555559
v 8.694121 10.75626 4.984018
v 9.030649 10.93123 4.98395
v 8.58228 10.97161 5.34717
v 8.918822 11.14657 5.347132
v 8.414811 11.29386 5.589817
v 8.751347 11.46883 5.589806
v 7.739834 12.59136 4.984018
v 8.188411 12.55115 5.347132
v 8.076333 12.76638 4.98395
v 7.851904 12.37613 5.34717
v 8.356042 12.229 5.589806
v 8.019535 12.05397 5.589817
v 8.553721 11.84892 5.675024
v 8.2172 11.67393 5.675022
v 8.187911 12.55086 3.764027
v 7.851376 12.37589 3.764067
v 8.076077 12.76621 4.12718
v 7.739542 12.59124 4.127247
v 8.036887 12.8419 4.555559
v 7.700366 12.66691 4.555639
v 8.900359 10.35899 3.94181
v 9.236879 10.53399 3.941812
v 9.076354 10.84238 3.421467
v 8.739833 10.66739 3.421467
v 8.836198 11.304 3.073784
v 8.499683 11.12901 3.073784
v 8.55299 11.84855 2.951694
v 8.216475 11.67355 2.951694
v 8.269837 12.39312 3.073784
v 7.933323 12.21812 3.073784
v 8.956827 10.25073 4.555598
v 9.293348 10.42573 4.5556
v 8.900637 10.35913 5.169387
v 9.23715 10.53413 5.169387
v 8.740347 10.66765 5.689734
v 9.076868 10.84265 5.689734
v 8.500353 11.12936 6.037416
v 8.836874 11.30436 6.037416
v 7.933992 12.21847 6.037416
v 8.553721 11.84892 6.159506
v 8.2172 11.67393 6.159506
v 8.270514 12.39347 6.037416
v 7.693837 12.68009 5.689734
v 8.030358 12.85509 5.689734
v 7.533319 12.98849 5.169388
v 7.869832 13.16348 5.169388
v 7.476842 13.09674 4.555599
v 7.813363 13.27174 4.555601
v 7.533041 12.98834 3.941811
v 7.869561 13.16334 3.941813
v 7.693323 12.67982 3.421467
v 8.029844 12.85482 3.421467

vt 0.698418 0.201891
vt 0.698195 0.202118
vt 0.698418 0.20256
vt 0.70131 0.201891
vt 0.701088 0.202118
vt 0.700865 0.202118
vt 0.700865 0.201891
vt 0.701088 0.20256
vt 0.700865 0.20256
vt 0.701088 0.203002
vt 0.700865 0.203002
vt 0.70042 0.203002
vt 0.70042 0.203671
vt 0.700643 0.203671
vt 0.701088 0.203671
vt 0.70042 0.201891
vt 0.700198 0.202118
vt 0.70042 0.20256
vt 0.699975 0.202339
vt 0.699975 0.20256
vt 0.699753 0.201891
vt 0.699085 0.201891
vt 0.698863 0.201891
vt 0.698863 0.202118
vt 0.699085 0.202118
vt 0.699308 0.20256
vt 0.698863 0.20256
vt 0.699308 0.203002
vt 0.698863 0.203002
vt 0.699085 0.203671
vt 0.698863 0.203671
vt 0.698418 0.203002
vt 0.701533 0.201891
vt 0.701533 0.202118
vt 0.701755 0.20256
vt 0.698418 0.203671
vt 0.699753 0.203443
vt 0.69953 0.203671
vt 0.701533 0.203443
vt 0.701533 0.203671
vt 0.875377 0.236225
vt 0.874932 0.236225
vt 0.874487 0.236225
vt 0.87382 0.236225
vt 0.873375 0.236225
vt 0.87293 0.236225
vt 0.872485 0.236225
vt 0.871817 0.236225
vt 0.875155 0.296683
vt 0.874932 0.296683
vt 0.874487 0.296683
vt 0.87382 0.296683
vt 0.873375 0.296683
vt 0.87293 0.296683
vt 0.872485 0.296683
vt 0.871817 0.296683

vn -0.3811634 -0.9199952 0.09123147
vn -9.873623E-08 -0.9951192 0.09868053
vn -5.724322E-08 -0.9805138 0.1964506
vn -0.3828044 -0.9058276 0.1814857
vn -0.3828012 -0.8530168 0.354719
vn -3.052555E-08 -0.9233474 0.3839658
vn -0.3828013 -0.768164 0.5132127
vn -2.289416E-08 -0.8314987 0.5555268
vn 0.7054579 -0.7052924 0.06994075
vn 0.9239299 -0.3751078 0.07515086
vn 0.7072383 -0.6931997 0.1388821
vn 0.9232471 -0.3823315 0.0379143
vn 1 1.139696E-08 2.849239E-09
vn 0.9239286 -0.3532404 0.1468915
vn 0.92393 0.3751076 -0.0751508
vn 0.9232472 0.3823313 -0.03791423
vn 0.9239286 -0.3181022 0.2125251
vn 0.9239286 0.3532403 -0.1468917
vn 0.9239286 -0.2709178 0.2701101
vn 0.9239286 0.3181023 -0.212525
vn 0.9239286 -0.2134738 0.3174663
vn 0.9239286 0.2709179 -0.2701101
vn 0.9239286 -0.1479457 0.3528002
vn 0.9239286 0.2134738 -0.3174663
vn 0.9239299 -0.07627041 0.3748816
vn 0.9239286 0.1479457 -0.3528002
vn 0.7072347 0.394499 -0.5866768
vn 0.7072348 0.2734033 -0.6519735
vn 0.9239299 0.07627043 -0.3748817
vn 0.7072383 0.1409509 -0.692782
vn 0.7054579 0.07204612 -0.7050804
vn 0.9232471 0.03905557 -0.3822166
vn 0.9232472 -0.03905551 0.3822165
vn 0.7054579 0.7052925 -0.0699408
vn 0.3811632 0.9199953 -0.09123195
vn 0.3828044 0.9058276 -0.1814856
vn 0.7072383 0.6931997 -0.138882
vn 0.7072349 0.6527869 -0.2714555
vn 0.3828014 0.8530166 -0.3547192
vn 0.7072348 0.5878518 -0.3927456
vn 0.3828014 0.768164 -0.5132126
vn 1.144708E-08 0.9233474 -0.3839656
vn -7.631387E-08 0.8314986 -0.5555269
vn 0.7072349 0.5006552 -0.4991625
vn 0.3828012 0.6542214 -0.6522711
vn 3.052555E-08 0.7081616 -0.7060503
vn 0.3828013 0.5155038 -0.7666283
vn -0.3811632 0.9199953 -0.09123199
vn -0.705458 0.7052923 -0.06994084
vn -0.7072384 0.6931996 -0.1388819
vn -0.3828044 0.9058277 -0.1814855
vn -8.354605E-08 0.9951191 -0.09868151
vn -0.3828015 0.8530166 -0.3547192
vn -0.707235 0.6527867 -0.2714556
vn -4.197836E-08 0.9805137 -0.1964508
vn -0.3828014 0.768164 -0.5132127
vn -0.7072347 0.5878519 -0.3927456
vn -0.3828013 0.6542214 -0.652271
vn -1 -4.558807E-08 4.273881E-08
vn -0.9232471 -0.3823314 0.03791425
vn -0.9239299 -0.3751078 0.07515077
vn -0.9232472 0.3823312 -0.03791426
vn -0.9239287 -0.3532403 0.1468917
vn -0.92393 0.3751075 -0.07515081
vn -0.9239287 0.3532403 -0.1468917
vn -0.9239286 0.3181023 -0.212525
vn -0.9239287 -0.3181022 0.2125249
vn -0.9239286 0.2709177 -0.27011
vn -0.9239287 -0.2709177 0.2701101
vn -0.9239287 0.2134738 -0.3174662
vn -0.9239287 -0.2134738 0.3174662
vn -0.9239286 0.1479457 -0.3528001
vn -0.9239287 -0.1479457 0.3528001
vn -0.92393 0.07627042 -0.3748815
vn -0.9232472 0.03905548 -0.3822164
vn -0.9232472 -0.03905552 0.3822163
vn -0.92393 -0.07627037 0.3748816
vn -0.7072347 -0.2734031 0.6519737
vn -0.705458 -0.07204627 0.7050804
vn -0.7072382 -0.1409508 0.692782
vn -0.7054579 -0.7052924 0.06994066
vn -0.7072383 -0.6931996 0.1388821
vn -0.7072348 -0.652787 0.2714555
vn -0.7072348 -0.5878519 0.3927455
vn -0.7072348 -0.5006551 0.4991627
vn -0.3828013 -0.6542216 0.6522709
vn 0 -0.7081618 0.7060502
vn -0.7072347 -0.394499 0.5866767
vn -0.3828013 -0.5155039 0.7666283
vn 1.144708E-08 -0.558007 0.8298363
vn -0.3828012 -0.3572643 0.8519539
vn -0.3828044 -0.184189 0.9052819
vn 0.3811635 -0.9199952 0.09123178
vn 0.3828045 -0.9058277 0.1814855
vn 0.3828011 -0.8530167 0.3547193
vn 0.3828013 -0.7681642 0.5132124
vn -0.3811634 -0.0939778 0.9197188
vn 5.316567E-08 -0.101651 0.9948201
vn 3.434593E-08 -0.1993771 0.9799229
vn 1.526277E-08 -0.3867207 0.9221969
vn -0.3828046 0.1841893 -0.9052817
vn -0.7054578 0.07204612 -0.7050806
vn -0.3811635 0.09397827 -0.9197187
vn -0.7072381 0.1409509 -0.6927821
vn -0.7072347 0.2734033 -0.6519737
vn -0.3828014 0.3572645 -0.8519537
vn -0.7072347 0.3944991 -0.5866767
vn -0.3828014 0.5155037 -0.7666283
vn -2.289416E-08 0.3867207 -0.9221969
vn 7.631388E-08 0.5580068 -0.8298364
vn -0.7072348 0.5006552 -0.4991626
vn 0.3811634 0.09397824 -0.9197187
vn 0.3828045 0.1841893 -0.9052818
vn 7.595096E-09 0.1016522 -0.99482
vn 0.3828014 0.3572645 -0.8519537
vn 3.816215E-08 0.1993777 -0.9799227
vn 0.3828044 -0.1841891 0.9052818
vn 0.7054579 -0.07204609 0.7050804
vn 0.3811634 -0.09397747 0.9197189
vn 0.7072382 -0.1409508 0.692782
vn 0.7072347 -0.2734031 0.6519737
vn 0.3828011 -0.3572643 0.8519539
vn 0.7072347 -0.394499 0.5866767
vn 0.3828012 -0.5155039 0.7666283
vn 0.7072347 -0.5006552 0.4991627
vn 0.3828012 -0.6542215 0.6522709
vn 0.7072349 -0.5878519 0.3927454
vn 0.7072348 -0.652787 0.2714555
vn 0.3808725 0.9206539 -0.08563007
vn 9.747027E-05 0.9811561 -0.1932168
vn 0.0001942981 0.9957297 -0.09231591
vn 0.3819393 0.9066339 -0.1792691
vn 0.3817442 0.853452 -0.3548114
vn -0.9999958 0.002882976 -0.0001646386
vn -0.9249769 -0.3725669 0.07491052
vn -0.9244855 -0.3792724 0.03845833
vn -0.9999958 0.002851042 -0.0005104319
vn -0.9224406 0.384282 -0.03782357
vn -0.9999958 0.002694619 -0.001112506
vn -0.9249442 -0.3509623 0.1459578
vn -0.9229309 0.377555 -0.07517184
vn -0.7045707 0.7063513 -0.06817593
vn -0.7058592 0.6948593 -0.1375985
vn -0.7057465 0.6541747 -0.2719877
vn -0.9228835 0.3555679 -0.1478427
vn -0.9228853 0.3201893 -0.2139194
vn -0.9999958 0.002418448 -0.001615776
vn -0.9249417 -0.3160601 0.2111607
vn -0.9228854 0.2726953 -0.2718822
vn -0.9999958 0.002059701 -0.002053553
vn -0.9249418 -0.2691786 0.268376
vn -0.9228854 0.2148743 -0.3195491
vn -0.9999958 0.00162295 -0.002413586
vn -0.9249418 -0.2121033 0.3154282
vn -0.9228848 0.1489101 -0.3551189
vn -0.9999958 0.001130099 -0.002684121
vn -0.9249439 -0.1469952 0.35053
vn -0.9228956 0.07663462 -0.3773472
vn -0.9999955 0.0005309231 -0.002961418
vn -0.9999951 0.0001926848 -0.003111889
vn -0.9223742 0.03843966 -0.3843804
vn -0.9245362 -0.03914471 0.3790784
vn -0.9250034 -0.07612399 0.3722551
vn -0.7086614 -0.2728628 0.6506495
vn -0.707453 -0.0729783 0.7029826
vn -0.7087578 -0.1414088 0.6911339
vn -0.7074805 -0.7031035 0.07153202
vn -0.3839191 -0.9051455 0.1825316
vn -0.3827575 -0.9190897 0.09365252
vn -0.7087604 -0.6915595 0.1392984
vn -0.7086605 -0.6514592 0.2709267
vn -0.3838036 -0.8526217 0.3545857
vn -0.7086576 -0.586666 0.3919532
vn -0.3838022 -0.7678187 0.5129818
vn -0.7086576 -0.4996453 0.4981557
vn -0.3838022 -0.6539272 0.6519778
vn -0.7086576 -0.3937031 0.5854933
vn -0.3838023 -0.515272 0.7662836
vn -0.383806 -0.3571258 0.8515598
vn -0.3838584 -0.1851401 0.9046413
vn 0.3826451 -0.9191605 0.09341656
vn 0.7087635 -0.6915172 0.1394925
vn 0.7075043 -0.7031187 0.07114542
vn 0.3838608 -0.9051456 0.1826537
vn -9.187897E-05 -0.9948522 0.101337
vn -4.478317E-05 -0.9802445 0.1977898
vn 0.3838057 -0.8526225 0.3545816
vn 0.3838023 -0.7678186 0.5129818
vn 0.9250069 -0.3724593 0.07507528
vn 0.9245582 -0.3791302 0.03811232
vn 0.9999955 0.002968594 -0.0005184553
vn 0.9999951 0.003122103 -0.00017235
vn 0.9249439 -0.3509672 0.145948
vn 0.9228979 0.3775723 -0.07548966
vn 0.9223937 0.3844561 -0.0371947
vn 0.9999958 0.002687563 -0.001122008
vn 0.9249417 -0.3160601 0.2111606
vn 0.9228848 0.3555618 -0.1478494
vn 0.9999958 0.002418349 -0.001615696
vn 0.9249418 -0.2691785 0.268376
vn 0.9228854 0.3201894 -0.2139193
vn 0.9999958 0.002059602 -0.002053458
vn 0.9249417 -0.2121033 0.3154283
vn 0.9228854 0.2726953 -0.2718822
vn 0.9999958 0.001622899 -0.002413471
vn 0.9249442 -0.1470052 0.3505251
vn 0.9228854 0.2148743 -0.3195492
vn 0.9999958 0.001120303 -0.002691113
vn 0.9249754 -0.0759711 0.3723558
vn 0.9228835 0.1489038 -0.3551249
vn 0.7057477 0.3953272 -0.5879086
vn 0.7057466 0.2739393 -0.6533598
vn 0.9999958 0.0005255153 -0.002853124
vn 0.9229252 0.07634623 -0.3773331
vn 0.7058461 0.1398615 -0.6944207
vn 0.7045125 0.0705614 -0.7061751
vn 0.9224158 0.03901226 -0.3842227
vn 0.9999958 0.0001828728 -0.00289205
vn 0.9244684 -0.03946527 0.3792105
vn 0.7046458 0.7063951 -0.06693515
vn 0.7058698 0.6947271 -0.1382104
vn 0.7057484 0.6541724 -0.2719884
vn 0.7057477 0.5890864 -0.39357
vn 0.3817434 0.7685279 -0.5134557
vn 0.7057477 0.5017065 -0.5002106
vn 0.3817435 0.6545314 -0.6525798
vn 0.3817434 0.515748 -0.7669915
vn -0.3805863 0.9206673 -0.08675115
vn -0.3818132 0.9067957 -0.1787183
vn -0.3817443 0.8534508 -0.354814
vn -0.3817433 0.7685279 -0.5134558
vn -0.7057477 0.5890864 -0.39357
vn -0.3817435 0.6545316 -0.6525797
vn 0.3805421 0.09013763 -0.9203602
vn 0.3818044 0.1817875 -0.9061891
vn -0.00017553 0.09615161 -0.9953667
vn -8.777127E-05 0.1965704 -0.9804897
vn 0.3817443 0.3573601 -0.8523878
vn 0.3839124 -0.185027 0.9046416
vn 0.3827069 -0.09596124 0.9188726
vn 0.7074304 -0.07333524 0.7029681
vn 0.7087549 -0.1412292 0.6911735
vn 0.7086606 -0.2728705 0.6506472
vn 0.3838039 -0.3571298 0.851559
vn 0.7086576 -0.393703 0.5854932
vn 0.3838023 -0.5152721 0.7662836
vn 0.7086576 -0.4996453 0.4981556
vn 0.3838024 -0.6539272 0.6519777
vn 0.7086577 -0.5866659 0.3919533
vn 0.7086615 -0.6514613 0.2709188
vn -0.3826031 -0.09574381 0.9189385
vn 8.5657E-05 -0.1038254 0.9945955
vn 4.158993E-05 -0.2004784 0.9796981
vn -0.3819191 0.1822893 -0.90604
vn -0.3808039 0.08911538 -0.9203515
vn -0.7045848 0.06942968 -0.7062151
vn -0.7058567 0.1404185 -0.6942974
vn -0.7057484 0.2739402 -0.6533574
vn -0.3817443 0.3573577 -0.8523889
vn -0.7057478 0.3953272 -0.5879085
vn -0.3817433 0.515748 -0.7669916
vn -0.7057478 0.5017065 -0.5002106
vn -5.131438E-05 -0.9999194 -0.01269397
vn -0.004632613 -0.9999235 -0.01146917
vn -0.004161053 -0.999929 -0.01116414
vn -0.007553143 -0.9999396 -0.00798492
vn -0.006553035 -0.9999486 -0.007744422
vn -0.00790339 -0.9999617 -0.003766298
vn -0.006577479 -0.9999706 -0.003945703
vn -0.005987508 -0.9999819 -0.0005319523
vn -0.004724736 -0.9999881 -0.001240449
vn -0.003096972 -0.9999949 0.0007144913
vn -0.002247696 -0.9999974 -0.0003282436
vn -0.0007391907 -0.9999997 0.0001174047
vn -0.0004173027 -0.9999995 -0.000869859
vn 0.0001968975 -0.9999992 -0.001236812
vn 0.0001852787 -0.9999983 -0.001805105
vn -0.000103555 -0.9999979 -0.002054248
vn -0.0005847713 -0.9999985 -0.001672384
vn -8.123602E-05 -0.9999999 -0.0004928586
vn 0.000937271 -0.9999995 -0.0002443731
vn 0.001852527 -0.9999983 0.0002894333
vn 0.003201861 -0.9999949 0.0001124461
vn 0.004573913 -0.9999894 -0.0005248922
vn 0.00585558 -0.9999821 -0.001236908
vn 0.006670094 -0.9999722 -0.003332456
vn 0.007528684 -0.9999621 -0.004378491
vn 0.006745748 -0.9999501 -0.007375546
vn 0.007070194 -0.99994 -0.008361215
vn 0.004251757 -0.99993 -0.01103799
vn 0.004241015 -0.9999237 -0.0116026
vn -5.170639E-05 8.638588E-05 1
vn 0.0002482596 0.0003309158 0.9999999
vn 0.0007237719 0.0006384445 0.9999995
vn 0.001446569 0.001036689 0.9999984
vn 0.002459507 0.001279614 0.9999962
vn 0.003833592 0.001123241 0.999992
vn 0.00518505 0.0009394222 0.9999861
vn 0.006710712 -0.0004974888 0.9999774
vn 0.008006982 -0.001226233 0.9999672
vn 0.008652804 -0.004113064 0.9999541
vn 0.009530257 -0.005191873 0.9999411
vn 0.00827866 -0.008857802 0.9999265
vn 0.008612527 -0.009883936 0.9999141
vn 0.005089346 -0.01300923 0.9999024
vn 0.005076934 -0.01360194 0.9998946
vn -0.0001083194 -0.01482239 0.9998901
vn -0.005493395 -0.01346374 0.9998943
vn -0.004993185 -0.01313854 0.9999012
vn -0.009130037 -0.009493192 0.9999133
vn -0.008071608 -0.009234576 0.9999248
vn -0.009938532 -0.00455527 0.9999402
vn -0.008543062 -0.004737557 0.9999523
vn -0.0081625 -0.0004946392 0.9999666
vn -0.00684559 -0.001224856 0.9999758
vn -0.005092044 0.001562297 0.9999858
vn -0.004216152 0.0004966384 0.999991
vn -0.002265786 0.001652119 0.9999961
vn -0.001936686 0.0006542171 0.9999979
vn -0.000632415 0.0007656207 0.9999995
vn -0.0006432456 0.0001963426 0.9999998
vn 0.2568005 -0.29608 -0.9199947
vn 0.08755233 0.04552589 -0.9951191
vn 0.1742948 0.09063397 -0.9805136
vn 0.337631 -0.2558963 -0.9058269
vn 0.4913178 -0.1759721 -0.8530185
vn 0.3406556 0.177145 -0.923349
vn 0.6319387 -0.1028475 -0.768164
vn 0.492866 0.2562984 -0.8315012
vn -0.2634267 0.6581612 -0.7052873
vn -0.3595991 0.8543928 -0.3751019
vn -0.203083 0.6915485 -0.693194
vn -0.3923196 0.8366079 -0.3823253
vn -0.4613672 0.8872093 5.774459E-07
vn -0.2959505 0.8874899 -0.353235
vn -0.4929453 0.7850497 0.3751026
vn -0.4595947 0.8016232 0.3823257
vn -0.2377191 0.9177712 -0.3180969
vn -0.5565928 0.7519501 0.3532356
vn -0.1866288 0.944339 -0.2709125
vn -0.6148232 0.7216692 0.3180975
vn -0.1446192 0.9661857 -0.2134721
vn -0.6659128 0.6951016 0.270913
vn -0.1132698 0.982488 -0.1479436
vn -0.7079256 0.6732548 0.2134701
vn -0.09368069 0.9926769 -0.07626557
vn -0.7392733 0.6569533 0.1479437
vn -0.846798 0.3567998 0.394496
vn -0.904731 0.3266722 0.2733991
vn -0.7588654 0.646766 0.0762694
vn -0.9409375 0.3078463 0.1409514
vn -0.9510264 0.3005953 0.07205066
vn -0.7650565 0.6427778 0.03905391
vn -0.08685744 0.9954551 -0.03904947
vn -0.3875302 0.5936255 0.7052866
vn -0.2567986 0.2960784 0.9199957
vn -0.3376288 0.2558948 0.9058282
vn -0.4495149 0.5633984 0.6931946
vn -0.5671331 0.50223 0.6527826
vn -0.4913214 0.1759689 0.8530172
vn -0.6747428 0.4462706 0.5878475
vn -0.6319396 0.1028441 0.7681637
vn -0.340656 -0.1771514 0.9233477
vn -0.4928681 -0.256305 0.8314979
vn -0.7691559 0.3971741 0.5006515
vn -0.7553124 0.03868775 0.6542221
vn -0.6264133 -0.3257517 0.7081611
vn -0.8567716 -0.01407444 0.5155039
vn 0.0949142 -0.3802646 0.9199947
vn 0.2634226 -0.6581559 0.7052938
vn 0.2030785 -0.6915421 0.6932017
vn 0.0155989 -0.4233606 0.9058269
vn -0.08754998 -0.0455317 0.995119
vn -0.1380964 -0.5032828 0.8530157
vn 0.08545581 -0.752704 0.6527894
vn -0.1742908 -0.09063782 0.9805139
vn -0.2787144 -0.5764059 0.768163
vn -0.02215528 -0.8086643 0.587853
vn -0.4020878 -0.6405626 0.6542208
vn 0.461367 -0.8872094 -1.443623E-07
vn 0.4595932 -0.8016192 -0.3823359
vn 0.4929452 -0.7850452 -0.375112
vn 0.3923172 -0.8366044 0.3823355
vn 0.556595 -0.7519447 -0.3532439
vn 0.3595953 -0.8543901 0.3751117
vn 0.2959445 -0.8874885 0.3532436
vn 0.2377133 -0.9177698 0.3181051
vn 0.614827 -0.7216628 -0.3181047
vn 0.1866229 -0.9443378 0.2709204
vn 0.6659165 -0.6950943 -0.2709228
vn 0.1446087 -0.9661868 0.2134743
vn 0.7079312 -0.6732464 -0.2134777
vn 0.1132593 -0.9824888 0.1479463
vn 0.7392797 -0.6569449 -0.1479488
vn 0.09366688 -0.9926779 0.07627068
vn 0.08684575 -0.9954559 0.03905592
vn 0.7650655 -0.6427673 -0.03905027
vn 0.7588719 -0.6467584 -0.07626867
vn 0.9047322 -0.3266667 -0.2734019
vn 0.9510301 -0.3005848 -0.0720458
vn 0.9409392 -0.3078406 -0.1409521
vn 0.3875273 -0.5936174 -0.705295
vn 0.4495129 -0.5633908 -0.693202
vn 0.5671322 -0.502223 -0.6527887
vn 0.6747406 -0.446263 -0.5878558
vn 0.7691598 -0.3971642 -0.5006534
vn 0.755318 -0.03868664 -0.6542156
vn 0.6264203 0.3257491 -0.7081562
vn 0.846801 -0.3567901 -0.3944983
vn 0.8567747 0.0140734 -0.5154989
vn 0.7362443 0.3828593 -0.5579992
vn 0.9324717 0.05343751 -0.3572688
vn 0.9797861 0.07803959 -0.1841982
vn -0.09491208 0.380264 -0.9199951
vn -0.01559575 0.4233595 -0.9058275
vn 0.1380933 0.5032779 -0.8530191
vn 0.2787149 0.5764036 -0.7681646
vn 0.9918393 0.08615546 -0.0939789
vn 0.882615 0.4589763 -0.1016439
vn 0.8693971 0.4521016 -0.1993809
vn 0.818181 0.425468 -0.3867258
vn -0.6265562 -0.7572986 0.1841903
vn -0.3000794 -0.9511891 0.07205252
vn -0.6401259 -0.7624999 0.09398191
vn -0.2883496 -0.947094 0.1409517
vn -0.2521457 -0.9282641 0.2734015
vn -0.5792475 -0.7326918 0.3572604
vn -0.194212 -0.898138 0.3944995
vn -0.5035466 -0.6933227 0.5155041
vn -0.8181813 -0.4254725 0.3867202
vn -0.7362371 -0.3828611 0.5580075
vn -0.1165693 -0.8577611 0.500657
vn -0.9918378 -0.08616386 0.09398728
vn -0.9797878 -0.07803994 0.1841893
vn -0.8826153 -0.458975 0.1016478
vn -0.9324744 -0.0534399 0.3572613
vn -0.8693975 -0.4521039 0.1993742
vn 0.6265604 0.7572933 -0.1841978
vn 0.3000735 0.9511915 -0.07204594
vn 0.6401285 0.7624987 -0.09397465
vn 0.2883398 0.9470978 -0.1409462
vn 0.2521305 0.9282675 -0.2734038
vn 0.5792473 0.7326863 -0.3572721
vn 0.1942043 0.8981426 -0.3944928
vn 0.5035524 0.6933225 -0.5154986
vn 0.1165634 0.8577675 -0.5006474
vn 0.4020953 0.6405631 -0.6542158
vn 0.02214703 0.8086691 -0.5878466
vn -0.08546443 0.7527093 -0.6527822
vn -0.2517005 0.2984058 0.9206524
vn -0.1714684 -0.08905651 0.9811562
vn -0.08199339 -0.04241882 0.9957297
vn -0.3352637 0.2561538 0.9066331
vn -0.4909117 0.1749932 0.8534536
vn 0.4612157 -0.8872834 0.002876474
vn 0.493209 -0.7860895 -0.3725698
vn 0.4606408 -0.8024704 -0.3792773
vn 0.4609098 -0.8874424 0.002850035
vn 0.3920371 -0.8358429 0.3842831
vn 0.4603788 -0.8877185 0.002690471
vn 0.5562331 -0.7532778 -0.3509661
vn 0.3591109 -0.8535172 0.377555
vn 0.2645839 -0.6565533 0.706352
vn 0.203581 -0.6897313 0.6948565
vn 0.08429071 -0.7516304 0.6541764
vn 0.2946134 -0.8870052 0.3555626
vn 0.2360019 -0.9174884 0.3201844
vn 0.4599329 -0.8879504 0.00241631
vn 0.6140832 -0.7231914 -0.3160632
vn 0.1845785 -0.9442303 0.2726903
vn 0.4595459 -0.8881516 0.002057005
vn 0.6648461 -0.6967933 -0.2691816
vn 0.1422855 -0.9662228 0.2148683
vn 0.4592272 -0.8883174 0.001619679
vn 0.7065898 -0.6750864 -0.2121063
vn 0.1107364 -0.9826292 0.1489202
vn 0.4589874 -0.8884421 0.001133904
vn 0.7377361 -0.6588916 -0.1469938
vn 0.09102012 -0.9928955 0.07664091
vn 0.458733 -0.888574 0.0005352673
vn 0.4586069 -0.8886392 0.0001884752
vn 0.08453604 -0.9956793 0.03842377
vn 0.7628751 -0.6453601 -0.03913942
vn 0.7570375 -0.6489224 -0.07611857
vn 0.904219 -0.3285324 -0.2728636
vn 0.9500864 -0.3033326 -0.07297441
vn 0.9401769 -0.3099529 -0.1414091
vn 0.3898713 -0.5946853 -0.7031001
vn 0.3390726 -0.2564014 -0.9051453
vn 0.25968 -0.2963788 -0.9190897
vn 0.4505855 -0.5645521 -0.6915588
vn 0.5673229 -0.5037255 -0.651464
vn 0.4916681 -0.1769156 -0.8526215
vn 0.6746974 -0.4478835 -0.5866718
vn 0.6321945 -0.1038406 -0.7678198
vn 0.7689191 -0.3988905 -0.4996496
vn 0.7555148 -0.03971171 -0.6539269
vn 0.4928668 0.2563018 -0.8314997
vn 0.8464087 -0.3585909 -0.3937067
vn 0.8569287 0.01303252 -0.5152702
vn 0.7362402 0.3828597 -0.5580044
vn 0.9325857 0.05236601 -0.3571299
vn 0.9797055 0.07680225 -0.1851447
vn -0.09365992 0.382582 -0.919162
vn -0.2032448 0.6931838 -0.6915112
vn -0.2632976 0.66053 -0.7031177
vn -0.01504783 0.4248307 -0.9051477
vn 0.0899491 0.04667483 -0.9948521
vn 0.1755012 0.09121722 -0.9802442
vn 0.1375136 0.504107 -0.8526231
vn 0.2780477 0.5771842 -0.7678202
vn -0.3601603 0.8553158 -0.3724506
vn -0.3927397 0.8378678 -0.3791215
vn -0.461824 0.8869666 0.002962409
vn -0.4615246 0.8871219 0.003126059
vn -0.2972591 0.8879546 -0.350961
vn -0.4927743 0.7839728 0.3775713
vn -0.4585768 0.8011877 0.3844549
vn -0.4623595 0.8866885 0.002684572
vn -0.2393995 0.9180411 -0.3160515
vn -0.5569589 0.7505825 0.3555598
vn -0.4627976 0.8864607 0.002416887
vn -0.1886391 0.944437 -0.2691728
vn -0.6155781 0.7201005 0.3201858
vn -0.4631852 0.8862591 0.002057371
vn -0.1468959 0.966145 -0.2120977
vn -0.6670035 0.6933592 0.272689
vn -0.4635037 0.8860934 0.001620888
vn -0.1157585 0.9823398 -0.1469984
vn -0.7092935 0.6713673 0.214869
vn -0.4637479 0.8859665 0.001119381
vn -0.09641008 0.9924382 -0.07597107
vn -0.740855 0.6549523 0.1489006
vn -0.8472074 0.3549043 0.3953259
vn -0.9052747 0.3247049 0.2739422
vn -0.4638899 0.8858927 0.000527986
vn -0.7605747 0.6447451 0.07635368
vn -0.9417496 0.3058513 0.1398666
vn -0.9515642 0.2992429 0.07056435
vn -0.7664511 0.6411159 0.03902725
vn -0.4639339 0.8858698 0.000181072
vn -0.09009708 0.9951503 -0.03947611
vn -0.3844901 0.5942896 0.7063903
vn -0.448291 0.5624893 0.6947237
vn -0.5669199 0.5006619 0.6541709
vn -0.6747891 0.4445667 0.5890841
vn -0.6316674 0.1017968 0.7685269
vn -0.7694012 0.3953655 0.5017051
vn -0.7551022 0.03761006 0.6545274
vn -0.8566077 -0.0151733 0.515745
vn 0.098618 -0.3776832 0.9206682
vn 0.01759589 -0.4212006 0.9067968
vn -0.1386684 -0.5023811 0.8534544
vn -0.2794229 -0.5755748 0.7685288
vn -0.02357628 -0.8077238 0.5890896
vn -0.4028566 -0.6397635 0.6545298
vn -0.9921203 -0.08699442 0.09016334
vn -0.9801309 -0.07933631 0.1817941
vn -0.8830149 -0.459388 0.09616395
vn -0.8698563 -0.4524461 0.1965768
vn -0.9323732 -0.05457171 0.3573542
vn 0.6254813 0.7579829 -0.1850273
vn 0.6386626 0.7634799 -0.09596116
vn 0.2972955 0.9519652 -0.0733327
vn 0.2862134 0.9477008 -0.1412272
vn 0.2503047 0.9289191 -0.2728677
vn 0.5784394 0.7333927 -0.3571318
vn 0.1925016 0.898855 -0.3937038
vn 0.5027842 0.6940489 -0.5152709
vn 0.1150126 0.8585633 -0.499641
vn 0.4013678 0.6413152 -0.6539257
vn 0.02079067 0.8095637 -0.5866638
vn -0.08659346 0.7537271 -0.6514576
vn 0.9918118 0.08451286 -0.09574357
vn 0.8823735 0.4589523 -0.1038264
vn 0.8691763 0.4520395 -0.2004814
vn -0.6276477 -0.756853 0.1822963
vn -0.6408595 -0.7624648 0.0891431
vn -0.3014888 -0.950938 0.06943628
vn -0.2903217 -0.9465699 0.1404234
vn -0.2540638 -0.927582 0.2739403
vn -0.5801306 -0.7319484 0.3573514
vn -0.1959944 -0.8973855 0.3953295
vn -0.5043607 -0.6925485 0.5157488
vn -0.118189 -0.8569245 0.5017089
vn -0.01123763 -0.005901388 -0.9999194
vn -0.008037605 -0.009400104 -0.9999235
vn -0.007984526 -0.008840992 -0.999929
vn -0.00359934 -0.01038349 -0.9999396
vn -0.003847278 -0.009385524 -0.9999486
vn 0.0003048461 -0.008748661 -0.9999617
vn -0.0004657876 -0.007655483 -0.9999706
vn 0.002290691 -0.005557559 -0.9999819
vn 0.001079502 -0.004764179 -0.9999881
vn 0.002062714 -0.002417681 -0.9999949
vn 0.0007458344 -0.002145215 -0.9999974
vn 0.0004459721 -0.0006011144 -0.9999997
vn -0.0005783916 -0.0007710988 -0.9999995
vn -0.001187793 -0.0003955868 -0.9999992
vn -0.001687002 -0.0006683586 -0.9999983
vn -0.001775143 -0.001039759 -0.9999979
vn -0.001214128 -0.001290262 -0.9999985
vn -0.001158761 -0.0007206021 -0.999999
vn -0.0003996168 -0.0002988068 -0.9999999
vn -0.0006489455 0.0007193456 -0.9999995
vn -0.0005976548 0.001777011 -0.9999983
vn -0.001377324 0.00289243 -0.9999949
vn -0.00257639 0.003816199 -0.9999894
vn -0.003799215 0.004624822 -0.9999821
vn -0.006033068 0.004380406 -0.9999722
vn -0.007356927 0.004659359 -0.9999621
vn -0.00965495 0.002581939 -0.9999501
vn -0.01067912 0.002415077 -0.99994
vn -0.0117534 -0.001320239 -0.9999301
vn -0.0122493 -0.001590264 -0.9999237
vn 0.8872326 0.4613223 8.715114E-05
vn 0.8870964 0.461584 0.0003267859
vn 0.8868764 0.4620064 0.0006334368
vn 0.8865397 0.4626514 0.001035409
vn 0.8860701 0.4635495 0.001279487
vn 0.8854349 0.4647622 0.001123489
vn 0.8848078 0.4659553 0.0009400394
vn 0.8840975 0.4673022 -0.0004959233
vn 0.8834896 0.4684491 -0.001227026
vn 0.8831763 0.469023 -0.004116156
vn 0.8827587 0.4697979 -0.005196671
vn 0.8833237 0.46868 -0.008858403
vn 0.883159 0.4689696 -0.009879398
vn 0.8847755 0.4658362 -0.01299805
vn 0.884775 0.4658202 -0.01359075
vn 0.8871631 0.4612179 -0.01481956
vn 0.8896468 0.456451 -0.01345481
vn 0.8894228 0.4568969 -0.01312841
vn 0.8913446 0.453227 -0.00948939
vn 0.890869 0.4541665 -0.00923294
vn 0.8917442 0.4525169 -0.004556314
vn 0.8911098 0.453763 -0.004740108
vn 0.8909431 0.4541148 -0.0004975085
vn 0.8903424 0.4552899 -0.001227852
vn 0.889544 0.4568469 0.001561943
vn 0.8891455 0.4576244 0.0004990645
vn 0.8882515 0.4593545 0.001654958
vn 0.8881015 0.4596469 0.0006553251
vn 0.8875005 0.460806 0.000760184
vn 0.8875053 0.4607975 0.0001903962
vn -0.858316 -0.343521 -0.3811653
vn -0.9284128 -0.3715505 3.698804E-06
vn -0.9605559 -0.2780871 2.083649E-06
vn -0.8873858 -0.2569159 -0.3828063
vn -0.9204611 -0.07883351 -0.382801
vn -0.9963527 -0.08533082 1.678911E-07
vn -0.9183027 0.1009218 -0.3827988
vn -0.994013 0.1092616 -2.579403E-06
vn -0.6580085 -0.2633432 0.705461
vn -0.3674712 -0.1063867 0.9239301
vn -0.6790881 -0.1966042 0.7072384
vn -0.3567005 -0.1427571 0.9232471
vn -0.3811677 -0.03264947 0.9239292
vn 0.3674668 0.106387 0.9239318
vn 0.3566974 0.1427564 0.9232484
vn -0.3802731 0.04178806 0.9239297
vn 0.381167 0.03264857 0.9239295
vn -0.3649797 0.114648 0.9239295
vn 0.380274 -0.04179123 0.9239292
vn -0.3358611 0.1831759 0.9239285
vn 0.3649828 -0.1146513 0.9239278
vn -0.2940295 0.2447488 0.9239289
vn 0.335866 -0.1831711 0.9239277
vn -0.2406325 0.2974099 0.9239282
vn 0.2940299 -0.2447492 0.9239287
vn 0.6206795 -0.3384957 0.7072324
vn 0.5433649 -0.4522957 0.7072363
vn 0.2406254 -0.2974108 0.9239298
vn 0.4446776 -0.549615 0.7072377
vn 0.3892176 -0.5923149 0.7054592
vn 0.2109889 -0.3210902 0.9232469
vn -0.2109996 0.321086 0.9232458
vn 0.6580107 0.2633526 0.7054554
vn 0.8583189 0.3435166 0.3811628
vn 0.8873909 0.2569045 0.3828023
vn 0.6790901 0.1966034 0.7072366
vn 0.704401 0.06033341 0.7072334
vn 0.9204606 0.0788433 0.3828003
vn 0.7027477 -0.07723421 0.7072344
vn 0.9183016 -0.1009229 0.3828012
vn 0.9963516 0.08534358 -1.488121E-07
vn 0.9940151 -0.1092428 3.663066E-07
vn 0.6744848 -0.2118761 0.7072331
vn 0.8813671 -0.2768663 0.3828014
vn 0.9540359 -0.2996921 1.236285E-06
vn 0.8110598 -0.4423175 0.3828019
vn 0.8583189 0.3435151 -0.3811643
vn 0.6580127 0.2633451 -0.7054563
vn 0.679089 0.1966027 -0.707238
vn 0.8873894 0.2569035 -0.3828063
vn 0.9284065 0.3715662 5.848226E-07
vn 0.9204606 0.07884445 -0.3828
vn 0.7043998 0.06033775 -0.7072343
vn 0.9605568 0.2780838 1.640973E-07
vn 0.9183019 -0.1009222 -0.3828005
vn 0.7027458 -0.07723482 -0.7072363
vn 0.8813659 -0.276867 -0.3828038
vn -1.094113E-06 2.279403E-08 -1
vn -0.3567017 -0.1427566 -0.9232467
vn -0.3674717 -0.1063876 -0.9239298
vn 0.3567011 0.1427564 -0.9232469
vn -0.3811696 -0.03265058 -0.9239284
vn 0.3674714 0.1063879 -0.9239299
vn 0.3811688 0.03264993 -0.9239287
vn 0.3802756 -0.04179213 -0.9239285
vn -0.3802751 0.04178932 -0.9239289
vn 0.3649837 -0.1146492 -0.9239277
vn -0.3649785 0.1146498 -0.9239297
vn 0.3358642 -0.1831699 -0.9239286
vn -0.3358629 0.1831716 -0.9239287
vn 0.294029 -0.2447514 -0.9239284
vn -0.2940258 0.244754 -0.9239287
vn 0.2406274 -0.2974125 -0.9239287
vn 0.2109905 -0.3210915 -0.923246
vn -0.2110016 0.3210826 -0.9232466
vn -0.2406338 0.2974068 -0.9239289
vn -0.5433733 0.4522943 -0.7072307
vn -0.3892244 0.5923111 -0.7054586
vn -0.4446906 0.5496061 -0.7072363
vn -0.6580076 -0.2633485 -0.7054598
vn -0.6790895 -0.1966 -0.7072383
vn -0.7044011 -0.06033344 -0.7072332
vn -0.702746 0.07723788 -0.7072358
vn -0.6744896 0.2118614 -0.707233
vn -0.8813672 0.2768603 -0.3828056
vn -0.954043 0.2996696 2.087187E-06
vn -0.6206698 0.3385059 -0.707236
vn -0.8110554 0.442327 -0.3828003
vn -0.8779289 0.4787911 1.537728E-06
vn -0.7100351 0.5910286 -0.3827994
vn -0.5810773 0.7181951 -0.3828119
vn -0.8583153 -0.3435288 0.3811598
vn -0.8873866 -0.2569164 0.382804
vn -0.920462 -0.07882719 0.3828003
vn -0.9183016 0.100921 0.3828018
vn -0.5077065 0.772622 -0.3811682
vn -0.5491865 0.8356998 -2.324102E-06
vn -0.6289943 0.7774099 -1.553199E-06
vn -0.7685549 0.6397839 -3.418864E-06
vn 0.5810802 -0.7181987 -0.3828007
vn 0.3892185 -0.5923123 -0.7054608
vn 0.507708 -0.7726231 -0.3811641
vn 0.4446763 -0.5496127 -0.7072403
vn 0.5433608 -0.4522972 -0.7072386
vn 0.7100375 -0.5910293 -0.3827938
vn 0.6206817 -0.3384929 -0.7072318
vn 0.8110602 -0.4423192 -0.382799
vn 0.7685726 -0.6397626 -3.457008E-06
vn 0.8779285 -0.4787917 -2.995322E-06
vn 0.6744852 -0.2118756 -0.707233
vn 0.507705 -0.7726234 0.3811674
vn 0.5810816 -0.7181969 0.382802
vn 0.5491714 -0.8357097 -4.093753E-06
vn 0.7100344 -0.5910301 0.3827985
vn 0.6289961 -0.7774084 -1.415811E-06
vn -0.581081 0.7181926 0.382811
vn -0.3892204 0.5923116 0.7054604
vn -0.5077131 0.7726166 0.3811705
vn -0.4446927 0.5495997 0.7072402
vn -0.543367 0.452301 0.7072313
vn -0.7100297 0.5910328 0.382803
vn -0.6206744 0.3384958 0.7072368
vn -0.8110522 0.442334 0.3827989
vn -0.6744848 0.2118708 0.7072347
vn -0.881371 0.2768523 0.3828028
vn -0.7027486 0.07722764 0.7072343
vn -0.7044024 -0.06032589 0.7072327
vn 0.8563172 0.3487927 0.3808732
vn 0.9596303 0.2812642 9.878332E-05
vn 0.9260057 0.3775095 0.0001975641
vn 0.8870835 0.2592437 0.3819366
vn 0.9208909 0.07895719 0.3817402
vn 0.00263481 0.001183939 -0.9999958
vn -0.3651065 -0.1054278 -0.9249769
vn -0.3542358 -0.1408605 -0.9244865
vn 0.002763545 0.0008610645 -0.9999958
vn 0.35839 0.1437311 -0.9224413
vn 0.002902777 0.0002551124 -0.9999958
vn -0.3787192 -0.03242676 -0.9249434
vn 0.3696522 0.107496 -0.9229311
vn 0.6581373 0.2654003 -0.7045695
vn 0.6799731 0.1985048 -0.7058559
vn 0.7058781 0.06050215 -0.7057447
vn 0.3836698 0.03288108 -0.9228848
vn 0.3827713 -0.04206758 -0.9228848
vn -0.3778361 0.041524 -0.9249409
vn 0.3673762 -0.1154065 -0.9228847
vn 0.002772905 -0.0008705172 -0.9999958
vn -0.3626383 0.1139168 -0.9249414
vn 0.3380709 -0.1843704 -0.9228844
vn 0.002553609 -0.001392082 -0.9999958
vn -0.333708 0.1819942 -0.9249417
vn 0.2959585 -0.2463624 -0.9228836
vn 0.002241567 -0.001860692 -0.9999958
vn -0.2921414 0.2431742 -0.9249431
vn 0.2420862 -0.2994351 -0.9228938
vn 0.001837299 -0.002380953 -0.9999955
vn 0.001604834 -0.002669767 -0.9999951
vn 0.2114399 -0.3232959 -0.9223735
vn -0.2096135 0.3182616 -0.9245387
vn -0.2392834 0.2951458 -0.9250039
vn -0.5422767 0.4513696 -0.7086617
vn -0.3890762 0.5900244 -0.7074538
vn -0.4443321 0.5479394 -0.7087534
vn -0.6568019 -0.2609226 -0.7074819
vn -0.8872665 -0.2556595 -0.3839225
vn -0.8586341 -0.3409482 -0.3827557
vn -0.677825 -0.1954726 -0.7087621
vn -0.7029728 -0.06019298 -0.708665
vn -0.9200462 -0.07877931 -0.3838083
vn -0.7013263 0.07707393 -0.7086614
vn -0.9178891 0.100881 -0.3838002
vn -0.6731226 0.2114496 -0.7086572
vn -0.8809714 0.2767391 -0.383803
vn -0.6194221 0.3378138 -0.7086594
vn -0.8106896 0.4421243 -0.3838078
vn -0.7097234 0.5907501 -0.3838059
vn -0.5816348 0.7171895 -0.3838493
vn -0.8585909 -0.3411877 0.382639
vn -0.6778765 -0.1952814 0.7087655
vn -0.656637 -0.2612723 0.707506
vn -0.8873237 -0.2555539 0.3838605
vn -0.9293939 -0.3690894 -8.79058E-05
vn -0.9609346 -0.2767754 -4.247053E-05
vn -0.920045 -0.078782 0.3838107
vn -0.9178873 0.100879 0.3838052
vn -0.3650884 -0.1052322 0.9250063
vn -0.3539507 -0.1411054 0.9245583
vn 0.002871637 0.0009090598 0.9999955
vn 0.002850874 0.001286278 0.9999951
vn -0.3787196 -0.03243804 0.9249429
vn 0.3698169 0.1072239 0.9228968
vn 0.3582568 0.1443727 0.9223929
vn 0.002901104 0.0002451508 0.9999958
vn -0.3778341 0.04152347 0.9249417
vn 0.3836687 0.03286938 0.9228857
vn -0.3626366 0.1139161 0.9249421
vn 0.3827691 -0.04206603 0.9228858
vn 0.002773382 -0.0008716183 0.9999958
vn -0.3337073 0.1819946 0.9249418
vn 0.3673767 -0.1154054 0.9228846
vn 0.002553103 -0.001392794 0.9999958
vn -0.2921478 0.2431644 0.9249436
vn 0.3380715 -0.1843726 0.9228837
vn 0.002236725 -0.001871028 0.9999958
vn -0.2391941 0.2953091 0.924975
vn 0.2959549 -0.2463711 0.9228824
vn 0.6219832 -0.3392052 0.7057455
vn 0.5444845 -0.4532767 0.7057457
vn 0.001782169 -0.002288897 0.9999958
vn 0.2418233 -0.2995544 0.922924
vn 0.4444628 -0.5515746 0.7058458
vn 0.3883952 -0.5939807 0.7045112
vn 0.2118792 -0.3228883 0.9224155
vn 0.00149645 -0.002479828 0.9999958
vn -0.2099639 0.3182337 0.9244688
vn 0.6576002 0.2665229 0.7046471
vn 0.6801353 0.1978994 0.7058696
vn 0.7058771 0.06050401 0.7057455
vn 0.7042255 -0.07738832 0.7057461
vn 0.918734 -0.100982 0.3817467
vn 0.6758971 -0.2123222 0.7057496
vn 0.8817863 -0.2769892 0.3817459
vn 0.8114472 -0.442524 0.3817406
vn 0.8568477 0.347798 -0.3805898
vn 0.8869702 0.2598126 -0.3818131
vn 0.920893 0.07894357 -0.3817382
vn 0.9187362 -0.1009756 -0.3817431
vn 0.7042215 -0.07738531 -0.7057504
vn 0.8817869 -0.2769859 -0.3817467
vn 0.5045869 -0.7749697 0.3805444
vn 0.5793631 -0.7201115 0.3818087
vn 0.544516 -0.8387504 -0.0001792436
vn 0.6267654 -0.779208 -9.359189E-05
vn 0.7103096 -0.5913765 0.3817513
vn -0.5815334 0.7172393 0.3839097
vn -0.5090858 0.7709522 0.3827067
vn -0.389392 0.5898433 0.7074311
vn -0.4441905 0.5480601 0.7087489
vn -0.5422827 0.4513673 0.7086585
vn -0.7097244 0.5907479 0.3838075
vn -0.6194198 0.3378153 0.7086607
vn -0.8106895 0.4421254 0.3838067
vn -0.6731235 0.2114468 0.7086572
vn -0.8809711 0.2767385 0.3838044
vn -0.7013289 0.07707371 0.7086589
vn -0.7029721 -0.0602 0.7086651
vn -0.5089225 0.7711142 -0.3825975
vn -0.5509989 0.8345059 8.485938E-05
vn -0.6298693 0.7767011 4.094878E-05
vn 0.5797384 -0.7197526 -0.3819158
vn 0.5036747 -0.7754369 -0.3808008
vn 0.3874099 -0.5945344 -0.7045867
vn 0.4448981 -0.5512053 -0.70586
vn 0.5444828 -0.4532712 -0.7057504
vn 0.7103167 -0.5913702 -0.3817479
vn 0.6219813 -0.3392094 -0.7057452
vn 0.8114412 -0.4425325 -0.3817436
vn 0.6758983 -0.2123203 -0.705749
vn -0.8812827 -0.4725895 -5.312115E-05
vn -0.881855 -0.4714982 -0.004624919
vn -0.8820012 -0.4712287 -0.004154293
vn -0.8834743 -0.4684188 -0.0075521
vn -0.8835924 -0.468211 -0.006550779
vn -0.885439 -0.4646887 -0.00788818
vn -0.8853647 -0.4648511 -0.006558885
vn -0.8869485 -0.4618298 -0.005972886
vn -0.8866278 -0.4624596 -0.004713352
vn -0.8875337 -0.4607324 -0.003089521
vn -0.8870559 -0.4616564 -0.002242355
vn -0.8872632 -0.461263 -0.0007374494
vn -0.886807 -0.4621397 -0.0004160339
vn -0.8863718 -0.4629741 0.0001868382
vn -0.8862584 -0.4631913 -0.0001023623
vn -0.8864335 -0.4628556 -0.0005889945
vn -0.8865776 -0.4625798 -0.000108543
vn -0.8869806 -0.4618067 -8.149642E-05
vn -0.8870955 -0.4615851 0.0009377302
vn -0.887341 -0.4611102 0.001848283
vn -0.8872566 -0.4612652 0.003194018
vn -0.8869584 -0.4618269 0.004562367
vn -0.8866242 -0.4624537 0.005840726
vn -0.8856511 -0.4643037 0.00665348
vn -0.885158 -0.4652299 0.007512982
vn -0.8837632 -0.4678859 0.006738985
vn -0.8832995 -0.468756 0.007065317
vn -0.882061 -0.4711161 0.004249321
vn -0.8817947 -0.4716144 0.004236834
vn -0.4607924 0.8875077 0.0007320133
vn -0.4604482 0.8876854 0.001435186
vn -0.4602353 0.8877936 0.002443868
vn -0.460372 0.8877178 0.003829953
vn -0.4605315 0.8876283 0.005183876
vn -0.4617976 0.88696 0.00670377
vn -0.4624372 0.886616 0.007995786
vn -0.4649876 0.885275 0.008637941
vn -0.4659415 0.8847643 0.009515727
vn -0.4691915 0.8830577 0.008273373
vn -0.4701036 0.8825693 0.008610072
vn -0.472874 0.8811154 0.005091131
vn -0.4733963 0.8808349 0.005080063
vn -0.4744711 0.8802711 -0.0001059256
vn -0.4732703 0.8809001 -0.005498261
vn -0.4729856 0.881056 -0.004997107
vn -0.4697529 0.8827507 -0.009130234
vn -0.4695271 0.8828812 -0.008063991
vn -0.4653795 0.8850557 -0.009923076
vn -0.4655458 0.8849828 -0.00852462
vn -0.4617901 0.8869519 -0.008148609
vn -0.4624399 0.8866243 -0.006836025
vn -0.4599742 0.8879178 -0.005087592
vn -0.4609247 0.8874293 -0.004211416
vn -0.4599119 0.8879617 -0.0022565
vn -0.4607933 0.8875054 -0.001925744
vn -0.4606788 0.8875667 -0.0006288254
vn -0.4611836 0.8873045 -0.000643688
vn 0.5053996 -0.7741364 0.3811615
vn 0.5467072 -0.8373238 -7.162148E-06
vn 0.5789106 -0.719945 0.3828077
vn 0.708257 -0.5931535 0.3828066
vn 0.7666457 -0.6420704 -1.045502E-06
vn 0.8097361 -0.4447365 0.3828014
vn 0.8765019 -0.4813985 -7.631425E-08
vn 0.3874365 -0.5934803 -0.7054602
vn 0.2397362 -0.298128 -0.9239298
vn 0.4430256 -0.5509461 -0.7072389
vn 0.2100315 -0.3217155 -0.9232475
vn 0.2932974 -0.245628 -0.9239283
vn -0.2397358 0.298125 -0.9239309
vn -0.2100363 0.3217101 -0.9232483
vn 0.3353163 -0.1841698 -0.9239288
vn -0.2932975 0.2456281 -0.9239283
vn 0.3646325 -0.115741 -0.9239303
vn -0.3353167 0.184172 -0.9239283
vn 0.3801473 -0.04292488 -0.9239293
vn -0.3646367 0.1157402 -0.9239287
vn 0.381265 0.03151409 -0.9239285
vn -0.3801488 0.04292754 -0.9239286
vn 0.3677872 0.1052907 -0.9239299
vn -0.3812647 -0.03150984 -0.9239287
vn -0.7025142 0.07932989 -0.7072345
vn -0.7045771 -0.05823464 -0.707234
vn -0.3677882 -0.1052915 -0.9239294
vn -0.6796715 -0.1945752 -0.707239
vn -0.6587905 -0.2613809 -0.7054608
vn -0.3571257 -0.1416931 -0.9232466
vn 0.3571246 0.1416933 -0.923247
vn -0.3874549 0.5934766 -0.7054532
vn -0.5053977 0.7741395 -0.3811576
vn -0.5789366 0.7199277 -0.382801
vn -0.4430411 0.5509379 -0.7072355
vn -0.5420161 0.4539199 -0.7072307
vn -0.7082607 0.5931506 -0.3828044
vn -0.6196622 0.3403503 -0.7072343
vn -0.8097337 0.4447414 -0.3828009
vn -0.7666585 0.6420552 6.486696E-07
vn -0.8764947 0.4814115 -9.92081E-08
vn -0.6738509 0.213886 -0.7072324
vn -0.8805376 0.2794925 -0.3828023
vn -0.9531371 0.3025386 -7.63141E-07
vn -0.9179947 0.1036641 -0.3828046
vn -0.5053976 0.7741385 0.3811598
vn -0.3874555 0.5934745 0.7054546
vn -0.4430391 0.5509368 0.7072377
vn -0.5789347 0.7199282 0.3828028
vn -0.546666 0.8373508 -1.898774E-07
vn -0.7082632 0.5931481 0.3828035
vn -0.5420142 0.4539198 0.7072322
vn -0.6266673 0.779287 -1.637157E-06
vn -0.8097323 0.4447422 0.3828028
vn -0.6196654 0.3403484 0.7072324
vn -0.8805371 0.279492 0.3828037
vn 0.2100307 -0.3217203 0.923246
vn 0.2397387 -0.2981297 0.9239286
vn -0.2100369 0.3217136 0.9232469
vn 0.2932989 -0.2456293 0.9239275
vn -0.2397379 0.2981271 0.9239296
vn -0.2932973 0.24563 0.9239278
vn -0.335316 0.1841689 0.9239292
vn 0.3353171 -0.1841731 0.9239278
vn -0.3646351 0.1157364 0.9239298
vn 0.3646351 -0.1157386 0.9239295
vn -0.3801484 0.04292709 0.9239289
vn 0.3801455 -0.04292313 0.9239302
vn -0.3812646 -0.03151134 0.9239288
vn 0.3812653 0.0315128 0.9239284
vn -0.367788 -0.1052923 0.9239295
vn -0.3571252 -0.1416943 0.9232466
vn 0.3571244 0.1416904 0.9232475
vn 0.367787 0.1052882 0.9239302
vn 0.7045785 0.05823374 0.7072327
vn 0.658796 0.26138 0.7054561
vn 0.6796733 0.194576 0.7072372
vn 0.3874319 -0.5934817 0.7054616
vn 0.4430305 -0.5509397 0.7072406
vn 0.5420116 -0.4539227 0.7072324
vn 0.6196699 -0.3403354 0.7072348
vn 0.6738499 -0.2138865 0.7072332
vn 0.8805403 -0.279483 0.3828028
vn 0.9531434 -0.3025189 1.255362E-06
vn 0.7025145 -0.07933207 0.707234
vn 0.9179951 -0.103662 0.3828044
vn 0.9936821 -0.1122319 -3.029662E-06
vn 0.9206917 0.07609542 0.3828007
vn 0.8881527 0.2542565 0.3828033
vn 0.5053827 -0.7741495 -0.3811574
vn 0.5789188 -0.7199374 -0.3828095
vn 0.7082509 -0.59316 -0.382808
vn 0.8097414 -0.4447258 -0.3828026
vn 0.8593444 0.3409419 0.3811639
vn 0.9295092 0.3687989 -1.92156E-06
vn 0.961381 0.275221 -1.702031E-06
vn 0.996603 0.08235649 -1.862061E-06
vn -0.888152 -0.2542522 0.3828079
vn -0.6587903 -0.261381 0.705461
vn -0.8593397 -0.340949 0.381168
vn -0.6796693 -0.1945769 0.7072408
vn -0.7045756 -0.05823337 0.7072356
vn -0.9206925 -0.07609236 0.3827992
vn -0.702513 0.07932673 0.7072361
vn -0.9179962 0.1036627 0.3828017
vn -0.9966021 -0.08236693 -3.853847E-07
vn -0.9936849 0.1122066 2.213105E-06
vn -0.6738507 0.2138878 0.7072322
vn -0.8593398 -0.3409489 -0.3811678
vn -0.8881525 -0.2542497 -0.3828082
vn -0.9295127 -0.3687901 -2.430431E-07
vn -0.9206918 -0.07609506 -0.3828003
vn -0.9613841 -0.2752103 -1.259352E-06
vn 0.8881536 0.2542567 -0.3828012
vn 0.6587951 0.2613812 -0.7054565
vn 0.8593427 0.3409487 -0.3811615
vn 0.6796727 0.1945769 -0.7072374
vn 0.7045764 0.05823712 -0.7072344
vn 0.9206921 0.07609861 -0.3827989
vn 0.7025114 -0.0793365 -0.7072365
vn 0.9179963 -0.1036657 -0.3828005
vn 0.6738513 -0.2138824 -0.7072331
vn 0.8805377 -0.2794891 -0.3828044
vn 0.6196684 -0.3403407 -0.7072335
vn 0.5420179 -0.4539165 -0.7072315
vn -0.5007222 0.7773084 -0.3808792
vn -0.6240848 0.7813566 -9.958113E-05
vn -0.5412842 0.8408397 -0.0001960679
vn -0.577332 0.7216706 -0.3819414
vn -0.7085454 0.5934926 -0.3817459
vn -0.001476592 0.002483817 0.9999958
vn 0.2383529 -0.2959852 0.924976
vn 0.2091062 -0.3187514 0.9244848
vn -0.001767533 0.002292762 0.9999958
vn -0.2108594 0.3234849 0.9224401
vn 0.2914164 -0.2440353 0.924945
vn -0.2408879 0.300289 0.9229299
vn -0.3863746 0.5952259 0.7045713
vn -0.4426635 0.5530052 0.7058571
vn -0.5431335 0.4549001 0.7057421
vn -0.2952149 0.2472543 0.9228832
vn -0.3375133 0.1853797 0.9228863
vn -0.00254737 0.001398457 0.9999958
vn 0.3331663 -0.1829866 0.9249411
vn -0.3670304 0.1165003 0.9228848
vn -0.002770572 0.0008779743 0.9999958
vn 0.362294 -0.1150009 0.9249421
vn -0.3826432 0.04321127 0.9228852
vn -0.002891437 0.0003250857 0.9999958
vn 0.377708 -0.04265257 0.9249419
vn -0.3837673 -0.031728 0.9228846
vn 0.3788109 0.03130745 0.9249444
vn -0.3701428 -0.1061092 0.922895
vn -0.002870482 -0.0008956764 0.9999955
vn -0.002848187 -0.001266518 0.9999951
vn -0.3587619 -0.1432386 0.9223733
vn 0.3543818 0.1401625 0.9245366
vn 0.3653876 0.1042066 0.9250043
vn 0.7031522 0.05810176 0.7086616
vn 0.6573619 0.2595851 0.7074538
vn 0.6784225 0.1934058 0.7087575
vn 0.3878553 -0.590798 0.7074787
vn 0.5795459 -0.7188376 0.3839259
vn 0.5071248 -0.7722172 0.3827596
vn 0.4426472 -0.5492935 0.7087595
vn 0.5409331 -0.4529831 0.7086591
vn 0.7079658 -0.5928581 0.3838016
vn 0.618413 -0.3396579 0.7086593
vn 0.8093703 -0.4445404 0.3838014
vn 0.672486 -0.21346 0.7086589
vn 0.8801379 -0.279374 0.3838066
vn 0.8764938 -0.4814133 2.457575E-06
vn 0.7010933 -0.07917342 0.7086606
vn 0.9175829 -0.1036152 0.3838038
vn 0.9202793 0.07604142 0.3838017
vn 0.8880256 0.2531109 0.383856
vn 0.506955 -0.7723886 -0.3826388
vn 0.442805 -0.5491613 -0.7087635
vn 0.3875193 -0.5909889 -0.7075033
vn 0.5796552 -0.7187826 -0.3838638
vn 0.5488878 -0.8358961 8.384178E-05
vn 0.6277305 -0.7784308 3.888343E-05
vn 0.7079598 -0.5928597 -0.3838103
vn 0.8093677 -0.444541 -0.3838063
vn 0.2384508 -0.2958139 -0.9250056
vn 0.2087332 -0.3187853 -0.9245574
vn -0.001830566 0.002395173 -0.9999955
vn -0.001595995 0.002692701 -0.9999951
vn 0.2914145 -0.2440463 -0.9249427
vn -0.2411792 0.3001615 -0.9228953
vn -0.2103796 0.323936 -0.9223914
vn -0.002235761 0.00186888 -0.9999958
vn 0.3331648 -0.1829847 -0.9249421
vn -0.2952191 0.2472503 -0.9228829
vn -0.002547247 0.001399945 -0.9999958
vn 0.3622954 -0.1149974 -0.924942
vn -0.3375155 0.1853769 -0.922886
vn -0.002769639 0.0008790678 -0.9999958
vn 0.3777073 -0.04265339 -0.9249421
vn -0.3670298 0.1165034 -0.9228846
vn -0.002890072 0.0003288487 -0.9999958
vn 0.378808 0.03129787 -0.9249459
vn -0.3826436 0.04321226 -0.9228849
vn 0.365405 0.1043896 -0.9249768
vn -0.3837671 -0.03173735 -0.9228843
vn -0.7039897 0.07949392 -0.7057472
vn -0.7060529 -0.05840196 -0.7057468
vn -0.002770777 -0.0008495374 -0.9999958
vn -0.3699959 -0.1063562 -0.9229255
vn -0.6806242 -0.1962993 -0.7058451
vn -0.65908 -0.2632042 -0.704512
vn -0.3588851 -0.142655 -0.9224159
vn -0.002647871 -0.001170586 -0.9999958
vn 0.3546448 0.1399408 -0.9244694
vn -0.3852896 0.5958381 -0.7046481
vn -0.4431464 0.5526013 -0.7058704
vn -0.5431272 0.4548989 -0.7057478
vn -0.620966 0.3410613 -0.7057467
vn -0.8101135 0.4449627 -0.3817384
vn -0.6752632 0.2143493 -0.7057436
vn -0.8809529 0.2796282 -0.3817461
vn -0.9184309 0.1037041 -0.3817462
vn -0.5017303 0.7767964 0.380597
vn -0.5769135 0.7220688 0.3818213
vn -0.7085436 0.5934932 0.3817483
vn -0.810119 0.4449508 0.3817408
vn -0.6209646 0.3410657 0.7057458
vn -0.8809502 0.2796347 0.3817475
vn -0.8581387 -0.344654 -0.3805411
vn -0.8878481 -0.2568078 -0.3818056
vn -0.927462 -0.3739175 0.0001739502
vn -0.9605901 -0.2779687 8.761086E-05
vn -0.921119 -0.07622065 -0.3817462
vn 0.8879732 0.2532118 -0.3839106
vn 0.8595068 0.3387967 -0.3827074
vn 0.6575143 0.2592632 -0.7074302
vn 0.6783746 0.1935855 -0.7087542
vn 0.7031563 0.05809265 -0.7086582
vn 0.9202788 0.0760369 -0.3838037
vn 0.7010942 -0.07917069 -0.7086599
vn 0.9175828 -0.1036155 -0.3838043
vn 0.6724854 -0.2134594 -0.7086596
vn 0.8801386 -0.2793707 -0.3838074
vn 0.6184124 -0.339661 -0.7086582
vn 0.5409256 -0.4529879 -0.7086617
vn 0.8594658 0.3390206 0.3826009
vn 0.9303169 0.3667567 -8.409215E-05
vn 0.9616921 0.274132 -4.084961E-05
vn -0.8879472 -0.256296 0.3819191
vn -0.8576588 -0.3455571 0.3808041
vn -0.6585928 -0.2642275 0.7045846
vn -0.6807702 -0.1957489 0.7058571
vn -0.7060503 -0.05839986 0.7057496
vn -0.9211196 -0.07622335 0.3817445
vn -0.7039897 0.07949575 0.705747
vn -0.9184321 0.1037027 0.3817436
vn -0.6752648 0.2143417 0.7057443
vn 0.4500538 -0.8930014 5.484562E-05
vn 0.4511602 -0.892431 0.004622275
vn 0.4500813 -0.8929875 0.0001095094
vn 0.4514366 -0.8922935 0.004153186
vn 0.4542514 -0.8908414 0.007566891
vn 0.4544648 -0.8907405 0.006572274
vn 0.458002 -0.888916 0.007911758
vn 0.4578478 -0.8890062 0.006583462
vn 0.4608884 -0.8874378 0.005999708
vn 0.4602641 -0.8877694 0.00473993
vn 0.462006 -0.8868713 0.003113085
vn 0.461079 -0.8873562 0.002262603
vn 0.461473 -0.887154 0.0007450313
vn 0.4605909 -0.8876124 0.0004206715
vn 0.4602641 -0.887782 -0.0001980233
vn 0.4597589 -0.8880438 -0.0001871772
vn 0.459877 -0.8879825 0.0005890923
vn 0.4609284 -0.8874373 8.081855E-05
vn 0.4611504 -0.8873215 -0.0009455455
vn 0.4616255 -0.887073 -0.001868851
vn 0.4614681 -0.887151 -0.003220246
vn 0.460898 -0.8874413 -0.004586753
vn 0.4602649 -0.8877622 -0.005863919
vn 0.4583984 -0.8887218 -0.006674507
vn 0.457462 -0.8891972 -0.007534311
vn 0.4547862 -0.890575 -0.006756294
vn 0.4539124 -0.8910182 -0.007082566
vn 0.4515512 -0.892235 -0.004256257
vn 0.4510478 -0.8924897 -0.004241072
vn 0.8869159 0.4619303 -0.0007214598
vn 0.8867295 0.4622863 -0.001449711
vn 0.8866149 0.4625018 -0.002463176
vn 0.8866838 0.4623604 -0.00383238
vn 0.8867632 0.4621951 -0.005179175
vn 0.887418 0.4609169 -0.006700647
vn 0.8877444 0.4602673 -0.007993348
vn 0.8890626 0.4577041 -0.008637659
vn 0.8895503 0.456738 -0.009516135
vn 0.8912306 0.4534751 -0.008272176
vn 0.891693 0.4525588 -0.008607865
vn 0.8931198 0.4497902 -0.005086626
vn 0.8933861 0.4492612 -0.005072725
vn 0.8939484 0.4481699 0.0001109156
vn 0.893323 0.4493817 0.005485544
vn 0.8931788 0.449674 0.004987224
vn 0.8915107 0.4529077 0.009130243
vn 0.8914024 0.4531408 0.00807098
vn 0.889257 0.4573003 0.009926325
vn 0.8893514 0.4571448 0.008526671
vn 0.8874072 0.4609144 0.008149001
vn 0.8877515 0.4602723 0.006834693
vn 0.8864768 0.462745 0.005085692
vn 0.8869713 0.4618053 0.004212671
vn 0.8864421 0.4628339 0.002266365
vn 0.8869049 0.4619481 0.001938201
vn 0.8871217 0.4615352 0.0006424116
vn 0.1765576 -0.3395198 0.9238797
vn 0.3262386 -0.6273566 0.7071012
vn 0.4262489 -0.8196765 0.3826779
vn 0.4262487 -0.819676 -0.3826789
vn -0.4262469 0.8196723 0.3826889
vn -0.3262347 0.6273491 0.7071097
vn -0.1765579 0.3395215 0.923879
vn -0.1765584 0.3395213 -0.923879
vn -0.3262351 0.6273496 -0.707109
vn -0.426247 0.8196726 -0.3826883
vn 0.176557 -0.3395192 -0.92388
vn 0.3262385 -0.6273565 -0.7071013
vn -0.8876754 -0.4604697 -0.0003633266
vn -0.8871964 -0.4613921 -4.848019E-05
vn -0.8876778 -0.4604647 -0.0006224196
vn -0.8879091 -0.4600172 -0.001308962
vn -0.8878403 -0.4601484 -0.001762895
vn -0.8877637 -0.4602935 -0.002342238
vn -0.8875812 -0.4606427 -0.002824515
vn -0.8873269 -0.4611322 -0.00285739
vn -0.887054 -0.4616546 -0.003186269
vn -0.8868508 -0.462049 -0.002543683
vn -0.8865652 -0.4625962 -0.002626777
vn -0.8866163 -0.462503 -0.001595892
vn -0.886402 -0.4629141 -0.00148367
vn -0.8867586 -0.4622325 -0.0005656202
vn -0.8866186 -0.4624988 -0.001591298
vn 0.8877608 0.4603051 0.0004072248
vn 0.8876601 0.4604989 0.0005446613
vn 0.8880165 0.4598093 0.001480921
vn 0.8877993 0.460228 0.001595801
vn 0.8878474 0.4601306 0.002632616
vn 0.8875622 0.460681 0.002550034
vn 0.8873556 0.4610747 0.003178323
vn 0.8870852 0.461597 0.002850106
vn 0.8868282 0.4620906 0.00282352
vn 0.8866474 0.4624402 0.002341536
vn 0.886575 0.4625815 0.001764821
vn 0.8867447 0.4622593 0.0003605761
vn 0.007700206 -0.9287906 0.3705249
vn -0.1362471 -0.9276314 -0.3477594
vn 0.007690863 -0.9264418 -0.3763593
vn 0.1495917 -0.9276043 0.3423047
vn -0.2582892 -0.9286469 -0.2662738
vn 0.2698386 -0.9266095 0.2618817
vn -0.3399189 -0.9293211 -0.1442827
vn 0.3501301 -0.9259383 0.141588
vn -0.36867 -0.9295603 -0.0002920865
vn 0.3782559 -0.925701 -0.0002500254
vn -0.340133 -0.9293205 0.1437816
vn 0.3499658 -0.9259327 -0.1420301
vn -0.2585975 -0.9286385 0.2660035
vn 0.2695928 -0.9266058 -0.2621479
vn -0.1364557 -0.9276198 0.3477089
vn 0.1494148 -0.9276018 -0.3423888
vn 0.007690845 -0.926429 0.3763909
vn 0.007708246 -0.9287722 -0.3705708
vn 0.1518169 -0.925239 0.3476843
vn -0.134008 -0.9299461 -0.3424063
vn 0.2739668 -0.9242255 0.2659876
vn -0.2541921 -0.9309446 -0.2621614
vn 0.3555087 -0.9235473 0.1437841
vn -0.3345395 -0.9316183 -0.1420228
vn 0.3840702 -0.9233039 -0.0002889798
vn -0.3628431 -0.9318503 -0.0002544727
vn 0.355292 -0.923553 -0.1442826
vn -0.3347089 -0.9316245 0.141583
vn 0.2736633 -0.9242345 -0.2662686
vn -0.2544034 -0.9309672 0.261876
vn 0.1516124 -0.9252484 -0.3477487
vn -0.1341679 -0.929965 0.3422924
vn -0.007704021 0.9287707 0.3705746
vn 0.1364588 0.9276202 -0.3477063
vn -0.00768248 0.9264255 -0.3763999
vn -0.1494118 0.9276007 0.342393
vn 0.2586089 0.9286352 -0.2660042
vn -0.2695885 0.9266059 0.2621517
vn 0.3401808 0.9293004 -0.143798
vn -0.34997 0.9259309 0.1420317
vn 0.3687154 0.9295422 0.0002929086
vn -0.3782716 0.9256946 0.0002495612
vn 0.3399323 0.9293163 0.1442818
vn -0.3501545 0.9259266 -0.1416041
vn 0.2583089 0.9286399 0.2662791
vn -0.2698359 0.9266118 -0.2618761
vn 0.1362432 0.9276301 0.3477644
vn -0.1495864 0.9276038 -0.3423084
vn -0.007680114 0.9264395 0.3763652
vn -0.007697768 0.9287845 -0.3705403
vn -0.1516066 0.9252498 0.3477472
vn 0.1341709 0.9299647 -0.3422922
vn -0.2736591 0.9242346 0.2662726
vn 0.2544134 0.930963 -0.2618811
vn -0.3552955 0.9235516 0.144283
vn 0.3347255 0.9316188 -0.1415816
vn -0.3840603 0.923308 0.0002896613
vn 0.3627973 0.9318681 0.0002527253
vn -0.3554978 0.9235503 -0.1437922
vn 0.3345154 0.9316297 0.1420055
vn -0.2739837 0.9242122 -0.2660165
vn 0.2541884 0.9309471 0.2621561
vn -0.1518239 0.9252384 -0.3476829
vn 0.1340094 0.9299468 0.3424039
vn -0.003225086 0.3890671 0.9212037
vn -0.3557066 0.3861465 0.8510956
vn -0.3493384 -0.3919416 0.8510843
vn 0.003232652 -0.3890198 0.9212238
vn 0.3492545 0.3919817 0.8511003
vn 0.3557903 -0.3861137 0.8510755
vn 0.6480967 0.3944398 0.6514506
vn 0.6546574 -0.3836519 0.6513331
vn 0.8478017 0.3960806 0.3526363
vn 0.8543219 -0.3819993 0.3524352
vn 0.9179725 0.3966439 0.0001172476
vn 0.9244153 -0.3813874 -0.0001161501
vn 0.8478889 0.39607 -0.3524385
vn 0.8542457 -0.381987 -0.3526334
vn 0.6482044 0.3944417 -0.6513423
vn 0.6545389 -0.3836577 -0.6514489
vn 0.3493434 0.3919408 -0.8510826
vn 0.355711 -0.3861453 -0.8510943
vn -0.8543271 0.3819842 -0.352439
vn -0.6480819 -0.3944705 -0.6514468
vn -0.847793 -0.3961024 -0.3526329
vn -0.6546655 0.3836025 -0.6513541
vn -0.3492523 -0.3919884 -0.8510981
vn -0.3557959 0.3861089 -0.8510754
vn 0.003231093 -0.3890677 -0.9212035
vn -0.003225894 0.3890283 -0.9212202
vn -0.648209 -0.3944341 0.6513423
vn -0.6545336 0.3836725 0.6514454
vn -0.8478776 -0.3960932 0.3524396
vn -0.8542353 0.382011 0.3526326
vn -0.9179584 -0.3966767 -0.0001117006
vn -0.9244115 0.3813966 0.0001055422
vn -0.852038 0.3879327 -0.3514818
vn -0.8454106 -0.4020225 -0.3516516
vn -0.6462629 -0.4003537 -0.6496624
vn -0.652914 0.3895963 -0.6495521
vn -0.3482435 -0.3978733 -0.8487775
vn -0.3548656 0.3920467 -0.848746
vn 0.003275718 -0.3949643 -0.9186906
vn -0.003276416 0.3950007 -0.918675
vn 0.3547911 -0.3920658 -0.8487684
vn 0.3483061 0.3979147 -0.8487324
vn -0.9219407 0.3873311 9.882231E-05
vn -0.9153818 -0.4025867 -9.942608E-05
vn -0.8519755 0.387915 0.351653
vn -0.8454814 -0.4020298 0.351473
vn -0.6528155 0.38958 0.6496609
vn -0.6463455 -0.4003986 0.6495526
vn -0.3547935 0.3920604 0.8487698
vn -0.3483075 -0.3979112 0.8487335
vn 0.348244 0.3978773 0.8487755
vn 0.003275854 -0.3949942 0.9186777
vn -0.003275798 0.3949686 0.9186887
vn 0.3548644 -0.3920594 0.8487406
vn 0.6462596 0.4003553 0.6496647
vn 0.6529047 -0.389616 0.6495497
vn 0.8454049 0.402036 0.3516499
vn 0.852034 -0.3879465 0.3514762
vn 0.9153507 0.4026576 9.782707E-05
vn 0.9219327 -0.3873501 -9.585959E-05
vn 0.8454797 0.4020265 -0.3514807
vn 0.8519695 -0.3879291 -0.3516517
vn 0.646356 0.4003813 -0.6495528
vn 0.6528128 -0.3895962 -0.649654
vn -0.3287327 -0.1709447 0.9288234
vn 0.3749186 0.03274979 0.9264791
vn 0.3338928 0.1736343 0.9264808
vn -0.3691339 -0.0320364 0.9288239
vn 0.3589479 -0.1131276 0.9264764
vn -0.3532561 0.111735 0.9288301
vn 0.2883789 -0.2418365 0.9264733
vn -0.2835811 0.2384665 0.9288248
vn 0.1739066 -0.3338021 0.9264624
vn -0.170726 0.328851 0.9288216
vn 0.03290862 -0.3749441 0.9264631
vn -0.03190146 0.3691706 0.9288139
vn -0.1131423 -0.3589806 0.9264619
vn 0.1117415 0.3532868 0.9288177
vn -0.241988 -0.2883072 0.926456
vn 0.2383777 0.283695 0.9288128
vn -0.3339388 -0.1736521 0.9264609
vn 0.3287827 0.1709725 0.9288005
vn -0.3749975 -0.03253102 0.9264548
vn 0.3691631 0.03223607 0.9288054
vn -0.358859 0.1135345 0.9264611
vn 0.3533991 -0.1114027 0.9288156
vn -0.2880601 0.2422729 0.9264584
vn 0.2839066 -0.2381294 0.9288118
vn -0.1733983 0.3340665 0.9264625
vn 0.1711837 -0.3286264 0.9288169
vn -0.03237517 0.3749742 0.9264698
vn 0.03236485 -0.3691521 0.9288053
vn 0.11353 0.358857 0.9264625
vn -0.1114014 -0.3533849 0.9288212
vn 0.2421159 0.2881269 0.9264787
vn -0.2382147 -0.2837923 0.9288249
vn -0.3287823 -0.1709746 -0.9288002
vn 0.2419854 0.2883135 -0.9264547
vn 0.3339362 0.1736571 -0.9264609
vn -0.2383942 -0.2837065 -0.9288051
vn 0.1131376 0.3589843 -0.9264611
vn -0.1117498 -0.35329 -0.9288155
vn -0.03291331 0.374955 -0.9264585
vn 0.03190366 -0.3691745 -0.9288123
vn -0.1739081 0.3338039 -0.9264615
vn 0.1707261 -0.3288654 -0.9288166
vn -0.2883833 0.2418451 -0.9264696
vn 0.2836234 -0.2384926 -0.9288052
vn -0.3589855 0.1131451 -0.9264597
vn 0.3532769 -0.1117417 -0.9288214
vn -0.3749393 -0.03274689 -0.9264708
vn 0.3691318 0.03204075 -0.9288246
vn -0.3339021 -0.1736317 -0.9264779
vn 0.3287301 0.1709499 -0.9288233
vn -0.2421321 -0.288137 -0.9264713
vn 0.2382135 0.2837976 -0.9288236
vn -0.1135237 -0.3588216 -0.9264769
vn 0.1113955 0.3533658 -0.9288292
vn 0.03237079 -0.3749663 -0.9264731
vn -0.03236775 0.3691027 -0.9288248
vn 0.1733991 -0.3340665 -0.9264623
vn -0.1711728 0.3286195 -0.9288214
vn 0.2880503 -0.2422637 -0.9264638
vn -0.2839032 0.2381234 -0.9288144
vn 0.3588569 -0.1135317 -0.9264622
vn -0.3533924 0.111408 -0.9288176
vn 0.3749948 0.03253708 -0.9264558
vn -0.3691461 -0.03222912 -0.9288124
vn -0.8172983 -0.4250072 -0.3890919
vn -0.5924744 -0.7054014 -0.3890795
vn -0.5924283 -0.7054707 0.3890241
vn -0.8173158 -0.4250221 0.3890388
vn -0.9177349 -0.07993783 -0.3890664
vn -0.9177621 -0.07984823 0.3890206
vn -0.8784782 0.2773213 -0.3890616
vn -0.8784409 0.2774758 0.3890357
vn -0.7054953 0.5923655 -0.3890752
vn -0.7053753 0.5925298 0.3890424
vn -0.4251199 0.8172629 -0.3890428
vn -0.4249194 0.8173662 0.3890449
vn -0.0799999 0.9177408 -0.3890397
vn -0.07979412 0.9177422 0.3890787
vn 0.2773103 0.878494 -0.3890339
vn 0.2774664 0.878433 0.3890603
vn 0.5924209 0.7054753 -0.3890269
vn 0.5924734 0.7054013 0.3890812
vn 0.705378 -0.5925274 -0.3890412
vn 0.8784708 -0.2773112 0.3890854
vn 0.7055025 -0.5923477 0.3890893
vn 0.8784331 -0.2774769 -0.3890524
vn 0.9177245 0.07993477 0.3890916
vn 0.9177573 0.07985609 -0.3890303
vn 0.8172924 0.4250132 0.3890977
vn 0.8173144 0.4250226 -0.3890412
vn -0.2773108 -0.8784872 0.3890487
vn -0.2774635 -0.8784258 -0.3890785
vn 0.07999099 -0.9177407 0.3890418
vn 0.07977433 -0.9177405 -0.3890867
vn 0.4251152 -0.8172606 0.3890529
vn 0.4249233 -0.817361 -0.3890517
vn 0.7034455 -0.5908957 -0.3949769
vn 0.7035596 -0.5907493 0.3949927
vn 0.8760611 -0.2765635 0.3950059
vn 0.8760087 -0.2766945 -0.3950303
vn 0.9152165 0.07971702 0.3949987
vn 0.9152147 0.07964053 -0.3950184
vn 0.8150733 0.423855 0.3949715
vn 0.8150544 0.4238454 -0.3950209
vn 0.5908545 0.7034727 0.3949899
vn 0.5907852 0.7035092 -0.3950286
vn 0.4237616 -0.8151104 -0.3949951
vn 0.4239391 -0.8150176 0.3949961
vn 0.07958125 -0.9152305 -0.3949937
vn 0.07976688 -0.9152221 0.3949757
vn -0.2766938 -0.8760198 -0.3950062
vn -0.276556 -0.8760525 0.3950301
vn -0.5908523 -0.7034703 -0.3949976
vn -0.5907878 -0.7035125 0.3950188
vn -0.915221 -0.07971733 -0.3949883
vn -0.8150544 -0.4238452 0.3950211
vn -0.8150735 -0.4238551 -0.3949709
vn -0.9152095 -0.07964008 0.3950303
vn -0.8760561 0.2765617 -0.3950182
vn -0.8760046 0.2766931 0.3950404
vn -0.7035539 0.5907444 -0.3950101
vn -0.7034298 0.5908817 0.3950259
vn -0.4239341 0.8150082 -0.3950208
vn -0.4237562 0.8151003 0.3950218
vn -0.07976443 0.9152005 -0.3950261
vn -0.07958069 0.9152237 0.3950095
vn 0.2765553 0.8760492 -0.3950378
vn 0.2766919 0.8760142 0.3950199
vn 0.4285318 -0.8240623 0.3705155
vn 0.299765 -0.888378 -0.3477434
vn 0.4274506 -0.8219801 -0.376344
vn 0.5544102 -0.758602 0.3422752
vn 0.1914768 -0.9446887 -0.2662703
vn 0.661094 -0.7031218 0.2618674
vn 0.1190512 -0.9823502 -0.1442733
vn 0.7323263 -0.6660727 0.1415811
vn 0.09354529 -0.9956149 -0.0002805547
vn 0.7572734 -0.653098 -0.0002440224
vn 0.1188434 -0.9824465 0.1437885
vn 0.7321799 -0.6661395 -0.1420238
vn 0.1911833 -0.944826 0.2659939
vn 0.6608751 -0.7032235 -0.2621465
vn 0.2995626 -0.8884687 0.3476859
vn 0.5542554 -0.7586649 -0.3423865
vn 0.4274416 -0.8219656 0.3763857
vn 0.4285233 -0.824046 -0.3705617
vn 0.555325 -0.7554639 0.3476901
vn 0.3027869 -0.8894293 -0.3423968
vn 0.6636952 -0.6991135 0.265987
vn 0.1961737 -0.9448763 -0.262154
vn 0.7360376 -0.6614946 0.1437833
vn 0.1248572 -0.9819573 -0.1420232
vn 0.7613482 -0.6483431 -0.0002809113
vn 0.09976672 -0.9950109 -0.0002469136
vn 0.7358363 -0.6616129 -0.1442685
vn 0.124719 -0.982038 0.1415859
vn 0.6634198 -0.6992655 -0.2662739
vn 0.1959581 -0.9449983 0.2618754
vn 0.555135 -0.7555792 -0.347743
vn 0.3026519 -0.8895214 0.342277
vn -0.428519 0.8240474 0.3705637
vn -0.2995531 0.8884692 -0.347693
vn -0.4274378 0.8219702 -0.37638
vn -0.5542549 0.7586601 0.342398
vn -0.1911897 0.9448268 -0.2659865
vn -0.6608722 0.7032237 0.2621532
vn -0.1188433 0.9824472 -0.1437839
vn -0.7321846 0.6661344 0.1420234
vn -0.09354546 0.9956149 0.0002809959
vn -0.7572802 0.6530901 0.0002471758
vn -0.1190576 0.9823501 0.1442691
vn -0.7323313 0.6660659 -0.1415878
vn -0.1914713 0.9446893 0.2662722
vn -0.6610965 0.7031159 -0.2618768
vn -0.2997584 0.8883796 0.3477448
vn -0.5544078 0.7586015 -0.3422801
vn -0.4274448 0.8219815 0.3763474
vn -0.4285285 0.8240647 -0.3705139
vn -0.5551292 0.7555831 0.3477438
vn -0.3026495 0.8895232 -0.3422742
vn -0.6634184 0.6992675 0.2662726
vn -0.1959612 0.9449992 -0.2618698
vn -0.7358438 0.6616031 0.1442749
vn -0.124724 0.9820379 -0.1415819
vn -0.7613468 0.6483449 0.0002817959
vn -0.09977759 0.9950097 0.000244724
vn -0.736037 0.6614944 -0.1437873
vn -0.1248664 0.9819561 0.1420236
vn -0.663696 0.6991106 -0.2659924
vn -0.1961743 0.9448789 0.262144
vn -0.5553185 0.7554713 -0.3476845
vn -0.3027876 0.889431 0.3423918
vn -0.1795135 0.3452071 0.9211987
vn -0.4922412 0.1825824 0.8510948
vn -0.133311 -0.5078341 0.8510774
vn 0.1794948 -0.3451666 0.9212175
vn 0.1332187 0.5078304 0.8510941
vn 0.4923045 -0.1824962 0.8510766
vn 0.3983526 0.6457046 0.6514452
vn 0.7574762 -0.04461758 0.6513364
vn 0.5755329 0.7378473 0.3526233
vn 0.9346314 0.04750114 0.3524313
vn 0.6377918 0.7702088 0.0001110933
vn 0.9968094 0.07981864 -0.0001111342
vn 0.5756288 0.7378643 -0.3524311
vn 0.9345626 0.04743314 -0.3526227
vn 0.3984762 0.6457377 -0.6513367
vn 0.7573777 -0.04470105 -0.6514451
vn 0.1333203 0.5078315 -0.8510775
vn 0.4922437 -0.1825765 -0.8510946
vn -0.9346294 -0.0475008 -0.3524365
vn -0.3983521 -0.6457044 -0.6514456
vn -0.5755426 -0.7378382 -0.3526265
vn -0.7574745 0.04460867 -0.6513391
vn -0.1332104 -0.5078318 -0.8510945
vn -0.4922984 0.1825049 -0.8510782
vn 0.1795208 -0.3452089 -0.9211966
vn -0.1794947 0.3451731 -0.9212151
vn -0.3984859 -0.6457278 0.6513407
vn -0.7573766 0.04469976 0.6514466
vn -0.5756288 -0.7378619 0.3524365
vn -0.9345604 -0.04745235 0.3526262
vn -0.6377889 -0.7702112 -0.0001104308
vn -0.9968097 -0.07981446 0.0001106685
vn -0.9352906 -0.04115813 -0.3514792
vn -0.5707644 -0.7420031 -0.3516524
vn -0.3940556 -0.6501263 -0.6496584
vn -0.7586253 0.05073026 -0.6495491
vn -0.1296454 -0.5126218 -0.8487703
vn -0.4941901 0.1882527 -0.8487267
vn 0.1822355 -0.350439 -0.9186853
vn -0.1822543 0.3504747 -0.918668
vn 0.4941165 -0.1882567 -0.8487687
vn 0.1296864 0.5126868 -0.8487247
vn -0.9973022 -0.07340549 9.73231E-05
vn -0.6328242 -0.7742956 -9.768484E-05
vn -0.9352261 -0.04114445 0.3516522
vn -0.5708118 -0.7420493 0.351478
vn -0.7585306 0.05075926 0.6496575
vn -0.3941323 -0.65019 0.6495481
vn -0.4941145 0.1882521 0.8487709
vn -0.1296864 -0.5126849 0.8487259
vn 0.1296467 0.5126192 0.8487717
vn 0.1822527 -0.350472 0.9186693
vn -0.1822354 0.3504388 0.9186854
vn 0.494191 -0.1882586 0.8487249
vn 0.3940452 0.6501363 0.6496547
vn 0.7586272 -0.05073918 0.6495461
vn 0.5707504 0.7420152 0.3516495
vn 0.9352924 0.04114206 0.351476
vn 0.632816 0.7743022 9.715099E-05
vn 0.9973029 0.07339507 -9.715505E-05
vn 0.5708019 0.7420577 -0.3514762
vn 0.9352279 0.04112751 -0.3516495
vn 0.3941297 0.6501925 -0.6495472
vn 0.7585328 -0.05077172 -0.6496539
vn -0.8240532 -0.4285263 0.3705424
vn -0.8883734 -0.2997479 -0.3477699
vn -0.8219685 -0.427444 -0.3763768
vn -0.7585847 -0.554417 0.3423027
vn -0.944688 -0.1914735 -0.2662751
vn -0.7031251 -0.6610905 0.2618673
vn -0.9823498 -0.1190552 -0.1442733
vn -0.6660918 -0.7323103 0.1415747
vn -0.99562 -0.09349209 -0.0002855508
vn -0.6531018 -0.7572701 -0.0002537569
vn -0.9824479 -0.1188237 0.1437952
vn -0.6661367 -0.7321823 -0.1420247
vn -0.9448231 -0.19118 0.2660064
vn -0.7032152 -0.6608836 -0.2621474
vn -0.8884656 -0.2995578 0.347698
vn -0.758661 -0.5542572 -0.3423923
vn -0.8219659 -0.4274421 0.3763846
vn -0.8240466 -0.4285235 -0.3705601
vn -0.755459 -0.5553256 0.3476998
vn -0.8894298 -0.3027871 -0.3423954
vn -0.6991015 -0.6637008 0.2660044
vn -0.9448791 -0.1961614 -0.2621529
vn -0.6614837 -0.7360463 0.1437883
vn -0.9819555 -0.1248741 -0.1420208
vn -0.6483072 -0.7613788 -0.0002857448
vn -0.9950101 -0.09977409 -0.0002547199
vn -0.6616018 -0.7358453 -0.1442733
vn -0.9820386 -0.1247023 0.1415964
vn -0.699234 -0.6634409 -0.2663043
vn -0.9449979 -0.1959554 0.2618786
vn -0.7555616 -0.5551403 -0.3477726
vn -0.8895156 -0.3026389 0.3423037
vn 0.8240386 0.428514 0.3705889
vn 0.8884639 0.2995372 -0.3477202
vn 0.8219574 0.427431 -0.3764155
vn 0.7586448 0.5542596 0.3424243
vn 0.9448243 0.1911762 -0.2660048
vn 0.7032117 0.6608829 0.2621586
vn 0.9824477 0.1188322 -0.1437893
vn 0.6661513 0.7321699 0.14202
vn 0.9956195 0.09349786 0.0002862338
vn 0.6530932 0.7572775 0.0002547648
vn 0.9823514 0.1190425 0.144273
vn 0.6660532 0.732341 -0.1415974
vn 0.9446912 0.1914358 0.2662911
vn 0.7031204 0.6610913 -0.2618782
vn 0.8883834 0.2997519 0.3477409
vn 0.7586021 0.5544037 -0.3422856
vn 0.821983 0.4274445 0.3763445
vn 0.8240639 0.4285288 -0.3705154
vn 0.7555783 0.5551366 0.3477424
vn 0.8895206 0.3026496 -0.3422811
vn 0.6992677 0.6634207 0.2662663
vn 0.9449972 0.195976 -0.2618658
vn 0.6616088 0.7358392 0.1442724
vn 0.9820355 0.1247496 -0.1415761
vn 0.648307 0.7613791 0.0002854128
vn 0.9950089 0.09978491 0.0002530388
vn 0.6614984 0.7360343 -0.1437827
vn 0.9819555 0.1248806 0.1420155
vn 0.6991032 0.6636981 -0.2660067
vn 0.9448802 0.1961678 0.262144
vn 0.7554502 0.5553238 -0.3477219
vn 0.8894264 0.3027756 0.3424143
vn 0.345212 0.1795136 0.9211968
vn 0.1825803 0.492246 0.8510925
vn -0.5078228 0.133317 0.8510832
vn -0.3451649 -0.1794954 0.921218
vn 0.5078258 -0.1332254 0.8510957
vn -0.1824914 -0.4923 0.8510803
vn 0.6456866 -0.3983759 0.6514488
vn -0.04458744 -0.7574748 0.65134
vn 0.7378418 -0.5755421 0.3526199
vn 0.04751328 -0.934627 0.3524414
vn 0.7701804 -0.637826 0.0001145678
vn 0.07986149 -0.996806 -0.0001151375
vn 0.7378522 -0.5756375 -0.3524424
vn 0.04744142 -0.9345632 -0.3526199
vn 0.6457119 -0.398508 -0.6513429
vn -0.0446701 -0.7573755 -0.6514499
vn 0.5078028 -0.1333423 -0.8510911
vn -0.1825441 -0.4922332 -0.8511075
vn -0.04751145 0.9346269 -0.3524416
vn -0.6456894 0.3983712 -0.6514488
vn -0.7378469 0.5755234 -0.3526397
vn 0.04460817 0.7574775 -0.6513355
vn -0.5078061 0.1332371 -0.8511057
vn 0.1824742 0.49229 -0.8510897
vn -0.3451793 -0.1795039 -0.9212109
vn 0.3451401 0.1794776 -0.9212307
vn -0.6457218 0.3984927 0.6513425
vn 0.04469103 0.7573803 0.6514428
vn -0.7378376 0.5756525 0.3524484
vn -0.0474234 0.9345568 0.3526393
vn -0.7701866 0.6378186 -0.0001085149
vn -0.07985575 0.9968064 0.0001047884
vn -0.04117121 0.9352893 -0.351481
vn -0.7420155 0.5707494 -0.3516506
vn -0.6501237 0.3940614 -0.6496575
vn 0.0507416 0.7586259 -0.6495475
vn -0.5126189 0.1296484 -0.8487715
vn 0.1882479 0.4941859 -0.8487303
vn -0.3504414 -0.1822364 -0.9186842
vn 0.3504733 0.1822536 -0.9186687
vn -0.1882536 -0.4941154 -0.84877
vn 0.5126823 -0.129686 -0.8487275
vn -0.07341662 0.9973013 0.0001000229
vn -0.7742898 0.6328312 -9.999035E-05
vn -0.04112026 0.9352278 0.3516505
vn -0.7420364 0.5708256 0.3514827
vn 0.05075861 0.7585303 0.6496578
vn -0.650187 0.3941322 0.6495512
vn 0.1882279 0.4941049 0.8487818
vn -0.5126563 0.1297056 0.8487403
vn 0.512597 -0.1296617 0.8487828
vn -0.350449 -0.1822409 0.9186804
vn 0.3504154 0.1822232 0.9186968
vn -0.1882357 -0.4941821 0.8487352
vn 0.6501258 -0.3940567 0.6496581
vn -0.05075388 -0.7586285 0.6495435
vn 0.7420259 -0.5707376 0.3516477
vn 0.04112452 -0.935294 0.3514739
vn 0.7743059 -0.6328115 9.937493E-05
vn 0.07339603 -0.9973029 -0.0001023295
vn 0.742069 -0.5707877 -0.3514754
vn 0.04112963 -0.9352271 -0.3516513
vn 0.6502044 -0.3941147 -0.6495443
vn -0.05076166 -0.7585341 -0.6496531
vn 0.70314 0.6610772 0.2618608
vn 0.9823511 0.1190368 -0.1442796
vn 0.6660811 0.7323198 0.1415758
vn 0.9956178 0.09351496 -0.0002849337
vn 0.9824476 0.1188303 0.1437916
vn 0.6661442 0.7321755 -0.1420243
vn 0.9448266 0.1911945 0.2659837
vn 0.7032314 0.6608716 -0.262134
vn 0.7554619 0.5553252 0.3476943
vn 0.8894295 0.3027869 -0.3423964
vn 0.699109 0.6636986 0.26599
vn 0.9448768 0.1961863 -0.2621427
vn 0.6614693 0.7360579 0.1437956
vn 0.9819573 0.1248605 -0.1420205
vn 0.6615887 0.7358559 -0.1442792
vn 0.9820387 0.1246886 0.1416074
vn 0.6992468 0.6634364 -0.2662817
vn 0.944998 0.1959703 0.2618671
vn 0.7555686 0.5551382 -0.3477609
vn 0.8895166 0.3026468 0.3422938
vn -0.9448272 -0.1911798 -0.265992
vn -0.703235 -0.6608652 0.262141
vn -0.9824491 -0.1188133 -0.1437958
vn -0.6661388 -0.7321813 0.1420197
vn -0.9956182 -0.09351127 0.0002855776
vn -0.9823523 -0.1190263 0.1442798
vn -0.6660426 -0.7323484 -0.1416082
vn -0.7031261 -0.6610891 -0.2618682
vn -0.7555729 -0.5551334 0.3477594
vn -0.8895207 -0.3026334 -0.3422951
vn -0.6992772 -0.6634144 0.2662569
vn -0.9449959 -0.1959894 -0.2618603
vn -0.6615964 -0.7358491 0.1442787
vn -0.9820374 -0.1247344 -0.1415761
vn -0.6614816 -0.7360475 -0.1437926
vn -0.9819555 -0.1248683 0.1420254
vn -0.6991164 -0.6636924 -0.2659861
vn -0.9448804 -0.1961819 0.262133
vn -0.7554661 -0.5553197 -0.3476937
vn -0.8894325 -0.3027929 0.3423832
vn -0.3452034 -0.1795066 0.9212014
vn -0.1825554 -0.4922413 0.8511004
vn 0.3451651 0.179495 0.921218
vn 0.1824885 0.492302 0.8510798
vn -0.7378305 0.5755519 0.3526276
vn -0.04753282 0.9346266 0.3524395
vn -0.737843 0.5756509 -0.3524396
vn -0.04745779 0.9345597 -0.3526272
vn 0.1825586 0.4922363 -0.8511027
vn 0.04752936 -0.9346227 -0.3524506
vn 0.6457058 -0.3983523 -0.6514441
vn 0.7378364 -0.5755383 -0.3526375
vn 0.3452011 0.1795184 -0.9212
vn -0.3451702 -0.179493 -0.9212165
vn 0.7378407 -0.5756471 0.3524509
vn 0.0474414 -0.934557 0.3526366
vn 0.04119025 -0.9352871 -0.3514847
vn 0.7420055 -0.5707608 -0.3516531
vn 0.04113778 -0.9352265 0.3516519
vn 0.7420266 -0.5708377 0.3514838
vn -0.7420161 0.5707489 0.3516501
vn -0.04113763 0.9352922 0.3514771
vn -0.7420591 0.5707995 -0.3514772
vn -0.04112155 0.9352279 -0.3516501

usemtl Glass
f 4/2/4 3/2/3 2/1/2 1/1/1
f 6/2/6 3/2/3 4/2/4 5/2/5
f 8/3/8 6/2/6 5/2/5 7/3/7
f 12/4/12 9/4/9 11/5/11 10/5/10
f 14/7/13 12/4/12 10/5/10 13/6/13
f 18/6/13 13/6/13 10/5/10 15/5/14
f 17/7/16 14/7/13 13/6/13 16/6/15
f 20/6/18 16/6/15 13/6/13 18/6/13
f 21/9/13 18/6/13 15/5/14 19/8/17
f 23/9/20 20/6/18 18/6/13 21/9/13
f 24/9/13 21/9/13 19/8/17 22/8/19
f 26/9/22 23/9/20 21/9/13 24/9/13
f 27/11/13 24/9/13 22/8/19 25/10/21
f 29/11/24 26/9/22 24/9/13 27/11/13
f 30/11/13 27/11/13 25/10/21 28/10/23
f 32/11/26 29/11/24 27/11/13 30/11/13
f 35/11/13 30/11/13 28/10/23 31/10/25
f 34/12/28 33/12/27 29/11/24 32/11/26
f 36/11/29 32/11/26 30/11/13 35/11/13
f 37/12/30 34/12/28 32/11/26 36/11/29
f 39/14/32 38/13/31 37/12/30 36/11/29
f 40/14/13 39/14/32 36/11/29 35/11/13
f 41/15/33 40/14/13 35/11/13 31/10/25
f 45/17/37 44/17/36 43/16/35 42/16/34
f 16/6/15 45/17/37 42/16/34 17/7/16
f 46/17/38 45/17/37 16/6/15 20/6/18
f 47/17/39 44/17/36 45/17/37 46/17/38
f 48/18/40 46/17/38 20/6/18 23/9/20
f 49/18/41 47/17/39 46/17/38 48/18/40
f 52/18/44 48/18/40 23/9/20 26/9/22
f 51/20/43 50/19/42 47/17/39 49/18/41
f 53/18/45 49/18/41 48/18/40 52/18/44
f 33/12/27 52/18/44 26/9/22 29/11/24
f 54/20/46 51/20/43 49/18/41 53/18/45
f 55/12/47 53/18/45 52/18/44 33/12/27
f 59/19/51 58/19/50 57/21/49 56/21/48
f 63/19/55 59/19/51 56/21/48 60/21/52
f 62/19/54 58/19/50 59/19/51 61/19/53
f 44/17/36 63/19/55 60/21/52 43/16/35
f 50/19/42 63/19/55 44/17/36 47/17/39
f 61/19/53 59/19/51 63/19/55 50/19/42
f 64/20/56 61/19/53 50/19/42 51/20/43
f 65/20/57 62/19/54 61/19/53 64/20/56
f 66/20/58 64/20/56 51/20/43 54/20/46
f 70/25/59 69/24/61 68/23/60 67/22/59
f 74/25/64 70/25/59 67/22/59 71/22/62
f 73/24/63 69/24/61 70/25/59 72/25/59
f 58/19/50 74/25/64 71/22/62 57/21/49
f 75/25/65 74/25/64 58/19/50 62/19/54
f 72/25/59 70/25/59 74/25/64 75/25/65
f 77/26/59 72/25/59 75/25/65 76/26/66
f 78/27/67 73/24/63 72/25/59 77/26/59
f 80/26/59 77/26/59 76/26/66 79/26/68
f 81/27/69 78/27/67 77/26/59 80/26/59
f 83/28/59 80/26/59 79/26/68 82/28/70
f 84/29/71 81/27/69 80/26/59 83/28/59
f 86/28/59 83/28/59 82/28/70 85/28/72
f 87/29/73 84/29/71 83/28/59 86/28/59
f 89/28/59 86/28/59 85/28/72 88/28/74
f 93/29/77 87/29/73 86/28/59 89/28/59
f 91/30/75 90/30/59 89/28/59 88/28/74
f 93/29/77 89/28/59 90/30/59 92/31/76
f 96/29/80 94/29/78 87/29/73 93/29/77
f 96/29/80 93/29/77 92/31/76 95/31/79
f 98/24/82 4/2/4 1/1/1 97/23/81
f 69/24/61 98/24/82 97/23/81 68/23/60
f 99/24/83 98/24/82 69/24/61 73/24/63
f 5/2/5 4/2/4 98/24/82 99/24/83
f 100/27/84 99/24/83 73/24/63 78/27/67
f 7/3/7 5/2/5 99/24/83 100/27/84
f 101/27/85 100/27/84 78/27/67 81/27/69
f 102/3/86 7/3/7 100/27/84 101/27/85
f 104/29/88 101/27/85 81/27/69 84/29/71
f 103/3/87 8/3/8 7/3/7 102/3/86
f 105/32/89 102/3/86 101/27/85 104/29/88
f 94/29/78 104/29/88 84/29/71 87/29/73
f 106/32/90 103/3/87 102/3/86 105/32/89
f 107/32/91 105/32/89 104/29/88 94/29/78
f 108/32/92 107/32/91 94/29/78 96/29/80
f 110/34/94 11/5/11 9/4/9 109/33/93
f 3/34/3 110/34/94 109/33/93 2/33/2
f 111/34/95 110/34/94 3/34/3 6/34/6
f 112/35/96 111/34/95 6/34/6 8/35/8
f 108/32/92 96/29/80 95/31/79 113/36/97
f 115/32/99 108/32/92 113/36/97 114/36/98
f 107/32/91 108/32/92 115/32/99 116/32/100
f 105/32/89 107/32/91 116/32/100 106/32/90
f 120/37/104 117/37/101 119/38/103 118/38/102
f 88/28/74 120/37/104 118/38/102 91/30/75
f 121/37/105 120/37/104 88/28/74 85/28/72
f 122/37/106 117/37/101 120/37/104 121/37/105
f 123/37/107 121/37/105 85/28/72 82/28/70
f 124/37/108 122/37/106 121/37/105 123/37/107
f 127/20/111 123/37/107 82/28/70 79/26/68
f 126/37/110 125/37/109 122/37/106 124/37/108
f 66/20/58 124/37/108 123/37/107 127/20/111
f 65/20/57 127/20/111 79/26/68 76/26/66
f 54/20/46 126/37/110 124/37/108 66/20/58
f 64/20/56 66/20/58 127/20/111 65/20/57
f 62/19/54 65/20/57 76/26/66 75/25/65
f 129/12/113 37/12/30 38/13/31 128/13/112
f 132/37/116 129/12/113 128/13/112 130/38/114
f 34/12/28 37/12/30 129/12/113 131/12/115
f 117/37/101 132/37/116 130/38/114 119/38/103
f 125/37/109 132/37/116 117/37/101 122/37/106
f 131/12/115 129/12/113 132/37/116 125/37/109
f 55/12/47 131/12/115 125/37/109 126/37/110
f 33/12/27 34/12/28 131/12/115 55/12/47
f 53/18/45 55/12/47 126/37/110 54/20/46
f 136/10/120 133/39/117 135/40/119 134/15/118
f 31/10/25 136/10/120 134/15/118 41/15/33
f 137/10/121 136/10/120 31/10/25 28/10/23
f 138/39/122 133/39/117 136/10/120 137/10/121
f 139/10/123 137/10/121 28/10/23 25/10/21
f 140/39/124 138/39/122 137/10/121 139/10/123
f 141/8/125 139/10/123 25/10/21 22/8/19
f 106/39/90 116/39/100 138/39/122 140/39/124
f 142/35/126 140/39/124 139/10/123 141/8/125
f 143/8/127 141/8/125 22/8/19 19/8/17
f 103/35/87 106/39/90 140/39/124 142/35/126
f 112/35/96 142/35/126 141/8/125 143/8/127
f 144/5/128 143/8/127 19/8/17 15/5/14
f 8/35/8 103/35/87 142/35/126 112/35/96
f 111/34/95 112/35/96 143/8/127 144/5/128
f 11/5/11 144/5/128 15/5/14 10/5/10
f 110/34/94 111/34/95 144/5/128 11/5/11
f 133/39/117 115/39/99 114/40/98 135/40/119
f 116/39/100 115/39/99 133/39/117 138/39/122
f 148/2/132 145/1/129 147/1/131 146/2/130
f 150/2/42 149/2/133 148/2/132 146/2/130
f 154/6/137 151/7/134 153/7/136 152/6/135
f 158/5/141 155/4/138 151/7/134 154/6/137
f 157/6/140 156/6/139 154/6/137 152/6/135
f 160/5/143 159/4/142 155/4/138 158/5/141
f 162/5/145 161/5/144 160/5/143 158/5/141
f 156/6/139 162/5/145 158/5/141 154/6/137
f 164/9/147 163/8/146 162/5/145 156/6/139
f 165/9/148 164/9/147 156/6/139 157/6/140
f 167/9/150 166/8/149 163/8/146 164/9/147
f 168/9/151 167/9/150 164/9/147 165/9/148
f 170/11/153 169/10/152 166/8/149 167/9/150
f 171/11/154 170/11/153 167/9/150 168/9/151
f 173/11/156 172/10/155 169/10/152 170/11/153
f 174/11/157 173/11/156 170/11/153 171/11/154
f 176/11/159 175/10/158 172/10/155 173/11/156
f 180/11/163 176/11/159 173/11/156 174/11/157
f 178/15/161 175/10/158 176/11/159 177/14/160
f 180/11/163 179/14/162 177/14/160 176/11/159
f 183/12/166 180/11/163 174/11/157 181/12/164
f 183/12/166 182/13/165 179/14/162 180/11/163
f 187/17/170 184/16/167 186/16/169 185/17/168
f 152/6/135 153/7/136 184/16/167 187/17/170
f 188/17/171 157/6/140 152/6/135 187/17/170
f 189/17/172 188/17/171 187/17/170 185/17/168
f 190/18/173 165/9/148 157/6/140 188/17/171
f 191/18/174 190/18/173 188/17/171 189/17/172
f 192/18/175 168/9/151 165/9/148 190/18/173
f 193/18/176 192/18/175 190/18/173 191/18/174
f 196/12/177 171/11/154 168/9/151 192/18/175
f 195/20/87 193/18/176 191/18/174 194/20/8
f 197/12/178 196/12/177 192/18/175 193/18/176
f 181/12/164 174/11/157 171/11/154 196/12/177
f 198/37/90 197/12/178 193/18/176 195/20/87
f 199/12/179 181/12/164 196/12/177 197/12/178
f 200/12/180 183/12/166 181/12/164 199/12/179
f 204/19/184 201/21/181 203/21/183 202/19/182
f 206/19/186 205/21/185 201/21/181 204/19/184
f 185/17/168 186/16/169 205/21/185 206/19/186
f 207/19/6 189/17/172 185/17/168 206/19/186
f 208/19/187 207/19/6 206/19/186 204/19/184
f 194/20/8 191/18/174 189/17/172 207/19/6
f 209/20/188 194/20/8 207/19/6 208/19/187
f 211/22/190 210/25/189 202/19/182 203/21/183
f 213/22/192 212/25/191 210/25/189 211/22/190
f 217/25/196 214/25/193 210/25/189 212/25/191
f 216/23/195 215/24/194 212/25/191 213/22/192
f 219/24/198 217/25/196 212/25/191 215/24/194
f 220/26/199 218/26/197 214/25/193 217/25/196
f 222/27/201 220/26/199 217/25/196 219/24/198
f 223/26/202 221/26/200 218/26/197 220/26/199
f 225/27/204 223/26/202 220/26/199 222/27/201
f 226/28/205 224/28/203 221/26/200 223/26/202
f 228/29/207 226/28/205 223/26/202 225/27/204
f 229/28/208 227/28/206 224/28/203 226/28/205
f 231/29/210 229/28/208 226/28/205 228/29/207
f 234/28/213 230/28/209 227/28/206 229/28/208
f 233/29/212 231/29/210 228/29/207 232/29/211
f 235/29/214 234/28/213 229/28/208 231/29/210
f 236/29/215 235/29/214 231/29/210 233/29/212
f 238/31/217 235/29/214 236/29/215 237/31/216
f 239/30/218 234/28/213 235/29/214 238/31/217
f 240/30/219 230/28/209 234/28/213 239/30/218
f 242/24/221 241/23/220 145/1/129 148/2/132
f 215/24/194 216/23/195 241/23/220 242/24/221
f 243/24/222 219/24/198 215/24/194 242/24/221
f 149/2/133 243/24/222 242/24/221 148/2/132
f 244/27/223 222/27/201 219/24/198 243/24/222
f 245/3/224 244/27/223 243/24/222 149/2/133
f 247/27/225 225/27/204 222/27/201 244/27/223
f 246/3/43 245/3/224 149/2/133 150/2/42
f 248/3/226 247/27/225 244/27/223 245/3/224
f 232/29/211 228/29/207 225/27/204 247/27/225
f 249/3/46 248/3/226 245/3/224 246/3/43
f 250/32/227 232/29/211 247/27/225 248/3/226
f 252/34/229 251/33/228 159/4/142 160/5/143
f 146/34/130 147/33/131 251/33/228 252/34/229
f 253/34/230 150/34/42 146/34/130 252/34/229
f 161/5/144 253/34/230 252/34/229 160/5/143
f 254/35/231 246/35/43 150/34/42 253/34/230
f 255/8/232 254/35/231 253/34/230 161/5/144
f 256/35/233 249/35/46 246/35/43 254/35/231
f 258/32/235 257/36/234 237/31/216 236/29/215
f 260/32/237 259/36/236 257/36/234 258/32/235
f 262/32/238 261/32/109 260/32/237 258/32/235
f 233/29/212 262/32/238 258/32/235 236/29/215
f 250/32/227 263/32/110 261/32/109 262/32/238
f 232/29/211 250/32/227 262/32/238 233/29/212
f 248/3/226 249/3/46 263/32/110 250/32/227
f 267/37/242 266/38/241 265/38/240 264/37/239
f 230/28/209 240/30/219 266/38/241 267/37/242
f 268/37/243 227/28/206 230/28/209 267/37/242
f 269/37/244 268/37/243 267/37/242 264/37/239
f 270/37/245 224/28/203 227/28/206 268/37/243
f 271/37/246 270/37/245 268/37/243 269/37/244
f 273/20/247 221/26/200 224/28/203 270/37/245
f 198/37/90 271/37/246 269/37/244 272/37/100
f 274/20/248 273/20/247 270/37/245 271/37/246
f 275/20/249 218/26/197 221/26/200 273/20/247
f 195/20/87 274/20/248 271/37/246 198/37/90
f 209/20/188 275/20/249 273/20/247 274/20/248
f 276/19/250 214/25/193 218/26/197 275/20/249
f 194/20/8 209/20/188 274/20/248 195/20/87
f 208/19/187 276/19/250 275/20/249 209/20/188
f 202/19/182 210/25/189 214/25/193 276/19/250
f 204/19/184 202/19/182 276/19/250 208/19/187
f 200/12/180 277/13/251 182/13/165 183/12/166
f 279/37/253 278/38/252 277/13/251 200/12/180
f 264/37/239 265/38/240 278/38/252 279/37/253
f 272/37/100 269/37/244 264/37/239 279/37/253
f 199/12/179 272/37/100 279/37/253 200/12/180
f 197/12/178 198/37/90 272/37/100 199/12/179
f 283/10/257 282/15/256 281/40/255 280/39/254
f 175/10/158 178/15/161 282/15/256 283/10/257
f 284/10/258 172/10/155 175/10/158 283/10/257
f 285/39/259 284/10/258 283/10/257 280/39/254
f 286/10/260 169/10/152 172/10/155 284/10/258
f 287/39/261 286/10/260 284/10/258 285/39/259
f 288/8/262 166/8/149 169/10/152 286/10/260
f 263/39/110 287/39/261 285/39/259 261/39/109
f 256/35/233 288/8/262 286/10/260 287/39/261
f 255/8/232 163/8/146 166/8/149 288/8/262
f 249/35/46 256/35/233 287/39/261 263/39/110
f 254/35/231 255/8/232 288/8/262 256/35/233
f 161/5/144 162/5/145 163/8/146 255/8/232
f 280/39/254 281/40/255 259/40/236 260/39/237
f 261/39/109 285/39/259 280/39/254 260/39/237
f 135/40/265 114/40/263 259/40/263 281/40/264
f 134/15/267 135/40/265 281/40/264 282/15/266
f 41/15/269 134/15/267 282/15/266 178/15/268
f 40/14/271 41/15/269 178/15/268 177/14/270
f 39/14/273 40/14/271 177/14/270 179/14/272
f 38/13/275 39/14/273 179/14/272 182/13/274
f 128/13/277 38/13/275 182/13/274 277/13/276
f 130/38/278 128/13/277 277/13/276 278/38/278
f 119/38/276 130/38/278 278/38/278 265/38/279
f 118/38/281 119/38/276 265/38/279 266/38/280
f 91/30/283 118/38/281 266/38/280 240/30/282
f 90/30/285 91/30/283 240/30/282 239/30/284
f 92/31/287 90/30/285 239/30/284 238/31/286
f 95/31/289 92/31/287 238/31/286 237/31/288
f 113/36/291 95/31/289 237/31/288 257/36/290
f 114/36/263 113/36/291 257/36/290 259/36/263
f 1/1/294 2/1/292 147/1/292 145/1/293
f 97/23/296 1/1/294 145/1/293 241/23/295
f 68/23/298 97/23/296 241/23/295 216/23/297
f 67/22/300 68/23/298 216/23/297 213/22/299
f 71/22/302 67/22/300 213/22/299 211/22/301
f 57/21/304 71/22/302 211/22/301 203/21/303
f 56/21/306 57/21/304 203/21/303 201/21/305
f 60/21/307 56/21/306 201/21/305 205/21/307
f 43/16/309 60/21/307 205/21/307 186/16/308
f 42/16/311 43/16/309 186/16/308 184/16/310
f 17/7/313 42/16/311 184/16/310 153/7/312
f 14/7/315 17/7/313 153/7/312 151/7/314
f 12/4/317 14/7/315 151/7/314 155/4/316
f 9/4/319 12/4/317 155/4/316 159/4/318
f 109/33/321 9/4/319 159/4/318 251/33/320
f 2/33/292 109/33/321 251/33/320 147/33/292
f 292/2/325 291/2/324 290/1/323 289/1/322
f 294/2/327 291/2/324 292/2/325 293/2/326
f 296/3/329 294/2/327 293/2/326 295/3/328
f 300/4/333 297/4/330 299/5/332 298/5/331
f 302/7/334 300/4/333 298/5/331 301/6/334
f 306/6/334 301/6/334 298/5/331 303/5/335
f 305/7/337 302/7/334 301/6/334 304/6/336
f 308/6/339 304/6/336 301/6/334 306/6/334
f 309/9/334 306/6/334 303/5/335 307/8/338
f 311/9/341 308/6/339 306/6/334 309/9/334
f 312/9/334 309/9/334 307/8/338 310/8/340
f 314/9/343 311/9/341 309/9/334 312/9/334
f 315/11/334 312/9/334 310/8/340 313/10/342
f 317/11/345 314/9/343 312/9/334 315/11/334
f 318/11/334 315/11/334 313/10/342 316/10/344
f 320/11/347 317/11/345 315/11/334 318/11/334
f 323/11/334 318/11/334 316/10/344 319/10/346
f 322/12/349 321/12/348 317/11/345 320/11/347
f 324/11/350 320/11/347 318/11/334 323/11/334
f 325/12/351 322/12/349 320/11/347 324/11/350
f 327/14/353 326/13/352 325/12/351 324/11/350
f 328/14/334 327/14/353 324/11/350 323/11/334
f 329/15/354 328/14/334 323/11/334 319/10/346
f 333/17/358 332/17/357 331/16/356 330/16/355
f 304/6/336 333/17/358 330/16/355 305/7/337
f 334/17/359 333/17/358 304/6/336 308/6/339
f 335/17/360 332/17/357 333/17/358 334/17/359
f 336/18/361 334/17/359 308/6/339 311/9/341
f 337/18/362 335/17/360 334/17/359 336/18/361
f 340/18/365 336/18/361 311/9/341 314/9/343
f 339/20/364 338/19/363 335/17/360 337/18/362
f 341/18/366 337/18/362 336/18/361 340/18/365
f 321/12/348 340/18/365 314/9/343 317/11/345
f 342/20/367 339/20/364 337/18/362 341/18/366
f 343/12/368 341/18/366 340/18/365 321/12/348
f 347/19/372 346/19/371 345/21/370 344/21/369
f 351/19/376 347/19/372 344/21/369 348/21/373
f 350/19/375 346/19/371 347/19/372 349/19/374
f 332/17/357 351/19/376 348/21/373 331/16/356
f 338/19/363 351/19/376 332/17/357 335/17/360
f 349/19/374 347/19/372 351/19/376 338/19/363
f 352/20/377 349/19/374 338/19/363 339/20/364
f 353/20/378 350/19/375 349/19/374 352/20/377
f 354/20/379 352/20/377 339/20/364 342/20/367
f 358/25/380 357/24/382 356/23/381 355/22/380
f 362/25/385 358/25/380 355/22/380 359/22/383
f 361/24/384 357/24/382 358/25/380 360/25/380
f 346/19/371 362/25/385 359/22/383 345/21/370
f 363/25/386 362/25/385 346/19/371 350/19/375
f 360/25/380 358/25/380 362/25/385 363/25/386
f 365/26/380 360/25/380 363/25/386 364/26/387
f 366/27/388 361/24/384 360/25/380 365/26/380
f 368/26/380 365/26/380 364/26/387 367/26/389
f 369/27/390 366/27/388 365/26/380 368/26/380
f 371/28/380 368/26/380 367/26/389 370/28/391
f 372/29/392 369/27/390 368/26/380 371/28/380
f 374/28/380 371/28/380 370/28/391 373/28/393
f 375/29/394 372/29/392 371/28/380 374/28/380
f 377/28/380 374/28/380 373/28/393 376/28/395
f 381/29/398 375/29/394 374/28/380 377/28/380
f 379/30/396 378/30/380 377/28/380 376/28/395
f 381/29/398 377/28/380 378/30/380 380/31/397
f 384/29/401 382/29/399 375/29/394 381/29/398
f 384/29/401 381/29/398 380/31/397 383/31/400
f 386/24/403 292/2/325 289/1/322 385/23/402
f 357/24/382 386/24/403 385/23/402 356/23/381
f 387/24/404 386/24/403 357/24/382 361/24/384
f 293/2/326 292/2/325 386/24/403 387/24/404
f 388/27/405 387/24/404 361/24/384 366/27/388
f 295/3/328 293/2/326 387/24/404 388/27/405
f 389/27/406 388/27/405 366/27/388 369/27/390
f 390/3/407 295/3/328 388/27/405 389/27/406
f 392/29/409 389/27/406 369/27/390 372/29/392
f 391/3/408 296/3/329 295/3/328 390/3/407
f 393/32/410 390/3/407 389/27/406 392/29/409
f 382/29/399 392/29/409 372/29/392 375/29/394
f 394/32/411 391/3/408 390/3/407 393/32/410
f 395/32/412 393/32/410 392/29/409 382/29/399
f 396/32/413 395/32/412 382/29/399 384/29/401
f 398/34/415 299/5/332 297/4/330 397/33/414
f 291/34/324 398/34/415 397/33/414 290/33/323
f 399/34/416 398/34/415 291/34/324 294/34/327
f 400/35/417 399/34/416 294/34/327 296/35/329
f 396/32/413 384/29/401 383/31/400 401/36/418
f 403/32/420 396/32/413 401/36/418 402/36/419
f 395/32/412 396/32/413 403/32/420 404/32/421
f 393/32/410 395/32/412 404/32/421 394/32/411
f 408/37/425 405/37/422 407/38/424 406/38/423
f 376/28/395 408/37/425 406/38/423 379/30/396
f 409/37/426 408/37/425 376/28/395 373/28/393
f 410/37/427 405/37/422 408/37/425 409/37/426
f 411/37/428 409/37/426 373/28/393 370/28/391
f 412/37/429 410/37/427 409/37/426 411/37/428
f 415/20/432 411/37/428 370/28/391 367/26/389
f 414/37/431 413/37/430 410/37/427 412/37/429
f 354/20/379 412/37/429 411/37/428 415/20/432
f 353/20/378 415/20/432 367/26/389 364/26/387
f 342/20/367 414/37/431 412/37/429 354/20/379
f 352/20/377 354/20/379 415/20/432 353/20/378
f 350/19/375 353/20/378 364/26/387 363/25/386
f 417/12/434 325/12/351 326/13/352 416/13/433
f 420/37/437 417/12/434 416/13/433 418/38/435
f 322/12/349 325/12/351 417/12/434 419/12/436
f 405/37/422 420/37/437 418/38/435 407/38/424
f 413/37/430 420/37/437 405/37/422 410/37/427
f 419/12/436 417/12/434 420/37/437 413/37/430
f 343/12/368 419/12/436 413/37/430 414/37/431
f 321/12/348 322/12/349 419/12/436 343/12/368
f 341/18/366 343/12/368 414/37/431 342/20/367
f 424/10/441 421/39/438 423/40/440 422/15/439
f 319/10/346 424/10/441 422/15/439 329/15/354
f 425/10/442 424/10/441 319/10/346 316/10/344
f 426/39/443 421/39/438 424/10/441 425/10/442
f 427/10/444 425/10/442 316/10/344 313/10/342
f 428/39/445 426/39/443 425/10/442 427/10/444
f 429/8/446 427/10/444 313/10/342 310/8/340
f 394/39/411 404/39/421 426/39/443 428/39/445
f 430/35/447 428/39/445 427/10/444 429/8/446
f 431/8/448 429/8/446 310/8/340 307/8/338
f 391/35/408 394/39/411 428/39/445 430/35/447
f 400/35/417 430/35/447 429/8/446 431/8/448
f 432/5/449 431/8/448 307/8/338 303/5/335
f 296/35/329 391/35/408 430/35/447 400/35/417
f 399/34/416 400/35/417 431/8/448 432/5/449
f 299/5/332 432/5/449 303/5/335 298/5/331
f 398/34/415 399/34/416 432/5/449 299/5/332
f 421/39/438 403/39/420 402/40/419 423/40/440
f 404/39/421 403/39/420 421/39/438 426/39/443
f 436/2/453 433/1/450 435/1/452 434/2/451
f 438/2/363 437/2/454 436/2/453 434/2/451
f 442/6/458 439/7/455 441/7/457 440/6/456
f 446/5/462 443/4/459 439/7/455 442/6/458
f 445/6/461 444/6/460 442/6/458 440/6/456
f 448/5/464 447/4/463 443/4/459 446/5/462
f 450/5/466 449/5/465 448/5/464 446/5/462
f 444/6/460 450/5/466 446/5/462 442/6/458
f 452/9/468 451/8/467 450/5/466 444/6/460
f 453/9/469 452/9/468 444/6/460 445/6/461
f 455/9/471 454/8/470 451/8/467 452/9/468
f 456/9/472 455/9/471 452/9/468 453/9/469
f 458/11/474 457/10/473 454/8/470 455/9/471
f 459/11/475 458/11/474 455/9/471 456/9/472
f 461/11/477 460/10/476 457/10/473 458/11/474
f 462/11/478 461/11/477 458/11/474 459/11/475
f 464/11/480 463/10/479 460/10/476 461/11/477
f 468/11/484 464/11/480 461/11/477 462/11/478
f 466/15/482 463/10/479 464/11/480 465/14/481
f 468/11/484 467/14/483 465/14/481 464/11/480
f 471/12/487 468/11/484 462/11/478 469/12/485
f 471/12/487 470/13/486 467/14/483 468/11/484
f 475/17/491 472/16/488 474/16/490 473/17/489
f 440/6/456 441/7/457 472/16/488 475/17/491
f 476/17/492 445/6/461 440/6/456 475/17/491
f 477/17/493 476/17/492 475/17/491 473/17/489
f 478/18/494 453/9/469 445/6/461 476/17/492
f 479/18/495 478/18/494 476/17/492 477/17/493
f 480/18/496 456/9/472 453/9/469 478/18/494
f 481/18/497 480/18/496 478/18/494 479/18/495
f 484/12/499 459/11/475 456/9/472 480/18/496
f 483/20/408 481/18/497 479/18/495 482/20/498
f 485/12/500 484/12/499 480/18/496 481/18/497
f 469/12/485 462/11/478 459/11/475 484/12/499
f 486/37/501 485/12/500 481/18/497 483/20/408
f 487/12/502 469/12/485 484/12/499 485/12/500
f 488/12/503 471/12/487 469/12/485 487/12/502
f 492/19/507 489/21/504 491/21/506 490/19/505
f 494/19/509 493/21/508 489/21/504 492/19/507
f 473/17/489 474/16/490 493/21/508 494/19/509
f 495/19/327 477/17/493 473/17/489 494/19/509
f 496/19/510 495/19/327 494/19/509 492/19/507
f 482/20/498 479/18/495 477/17/493 495/19/327
f 497/20/511 482/20/498 495/19/327 496/19/510
f 499/22/513 498/25/512 490/19/505 491/21/506
f 501/22/515 500/25/514 498/25/512 499/22/513
f 505/25/519 502/25/516 498/25/512 500/25/514
f 504/23/518 503/24/517 500/25/514 501/22/515
f 507/24/521 505/25/519 500/25/514 503/24/517
f 508/26/522 506/26/520 502/25/516 505/25/519
f 510/27/524 508/26/522 505/25/519 507/24/521
f 511/26/525 509/26/523 506/26/520 508/26/522
f 513/27/527 511/26/525 508/26/522 510/27/524
f 514/28/528 512/28/526 509/26/523 511/26/525
f 516/29/530 514/28/528 511/26/525 513/27/527
f 517/28/531 515/28/529 512/28/526 514/28/528
f 519/29/533 517/28/531 514/28/528 516/29/530
f 522/28/536 518/28/532 515/28/529 517/28/531
f 521/29/535 519/29/533 516/29/530 520/29/534
f 523/29/537 522/28/536 517/28/531 519/29/533
f 524/29/538 523/29/537 519/29/533 521/29/535
f 526/31/540 523/29/537 524/29/538 525/31/539
f 527/30/541 522/28/536 523/29/537 526/31/540
f 528/30/542 518/28/532 522/28/536 527/30/541
f 530/24/544 529/23/543 433/1/450 436/2/453
f 503/24/517 504/23/518 529/23/543 530/24/544
f 531/24/545 507/24/521 503/24/517 530/24/544
f 437/2/454 531/24/545 530/24/544 436/2/453
f 532/27/546 510/27/524 507/24/521 531/24/545
f 533/3/547 532/27/546 531/24/545 437/2/454
f 535/27/548 513/27/527 510/27/524 532/27/546
f 534/3/364 533/3/547 437/2/454 438/2/363
f 536/3/549 535/27/548 532/27/546 533/3/547
f 520/29/534 516/29/530 513/27/527 535/27/548
f 537/3/367 536/3/549 533/3/547 534/3/364
f 538/32/550 520/29/534 535/27/548 536/3/549
f 540/34/552 539/33/551 447/4/463 448/5/464
f 434/34/451 435/33/452 539/33/551 540/34/552
f 541/34/553 438/34/363 434/34/451 540/34/552
f 449/5/465 541/34/553 540/34/552 448/5/464
f 542/35/554 534/35/364 438/34/363 541/34/553
f 543/8/555 542/35/554 541/34/553 449/5/465
f 544/35/556 537/35/367 534/35/364 542/35/554
f 546/32/558 545/36/557 525/31/539 524/29/538
f 548/32/560 547/36/559 545/36/557 546/32/558
f 550/32/561 549/32/430 548/32/560 546/32/558
f 521/29/535 550/32/561 546/32/558 524/29/538
f 538/32/550 551/32/431 549/32/430 550/32/561
f 520/29/534 538/32/550 550/32/561 521/29/535
f 536/3/549 537/3/367 551/32/431 538/32/550
f 555/37/565 554/38/564 553/38/563 552/37/562
f 518/28/532 528/30/542 554/38/564 555/37/565
f 556/37/566 515/28/529 518/28/532 555/37/565
f 557/37/567 556/37/566 555/37/565 552/37/562
f 558/37/568 512/28/526 515/28/529 556/37/566
f 559/37/569 558/37/568 556/37/566 557/37/567
f 561/20/570 509/26/523 512/28/526 558/37/568
f 486/37/501 559/37/569 557/37/567 560/37/421
f 562/20/571 561/20/570 558/37/568 559/37/569
f 563/20/572 506/26/520 509/26/523 561/20/570
f 483/20/408 562/20/571 559/37/569 486/37/501
f 497/20/511 563/20/572 561/20/570 562/20/571
f 564/19/573 502/25/516 506/26/520 563/20/572
f 482/20/498 497/20/511 562/20/571 483/20/408
f 496/19/510 564/19/573 563/20/572 497/20/511
f 490/19/505 498/25/512 502/25/516 564/19/573
f 492/19/507 490/19/505 564/19/573 496/19/510
f 488/12/503 565/13/574 470/13/486 471/12/487
f 567/37/576 566/38/575 565/13/574 488/12/503
f 552/37/562 553/38/563 566/38/575 567/37/576
f 560/37/421 557/37/567 552/37/562 567/37/576
f 487/12/502 560/37/421 567/37/576 488/12/503
f 485/12/500 486/37/501 560/37/421 487/12/502
f 571/10/580 570/15/579 569/40/578 568/39/577
f 463/10/479 466/15/482 570/15/579 571/10/580
f 572/10/581 460/10/476 463/10/479 571/10/580
f 573/39/582 572/10/581 571/10/580 568/39/577
f 574/10/583 457/10/473 460/10/476 572/10/581
f 575/39/584 574/10/583 572/10/581 573/39/582
f 576/8/585 454/8/470 457/10/473 574/10/583
f 551/39/431 575/39/584 573/39/582 549/39/430
f 544/35/556 576/8/585 574/10/583 575/39/584
f 543/8/555 451/8/467 454/8/470 576/8/585
f 537/35/367 544/35/556 575/39/584 551/39/431
f 542/35/554 543/8/555 576/8/585 544/35/556
f 449/5/465 450/5/466 451/8/467 543/8/555
f 568/39/577 569/40/578 547/40/559 548/39/560
f 549/39/430 573/39/582 568/39/577 548/39/560
f 423/40/588 402/40/586 547/40/586 569/40/587
f 422/15/590 423/40/588 569/40/587 570/15/589
f 329/15/592 422/15/590 570/15/589 466/15/591
f 328/14/594 329/15/592 466/15/591 465/14/593
f 327/14/596 328/14/594 465/14/593 467/14/595
f 326/13/598 327/14/596 467/14/595 470/13/597
f 416/13/600 326/13/598 470/13/597 565/13/599
f 418/38/601 416/13/600 565/13/599 566/38/601
f 407/38/603 418/38/601 566/38/601 553/38/602
f 406/38/605 407/38/603 553/38/602 554/38/604
f 379/30/607 406/38/605 554/38/604 528/30/606
f 378/30/609 379/30/607 528/30/606 527/30/608
f 380/31/611 378/30/609 527/30/608 526/31/610
f 383/31/613 380/31/611 526/31/610 525/31/612
f 401/36/615 383/31/613 525/31/612 545/36/614
f 402/36/586 401/36/615 545/36/614 547/36/586
f 289/1/618 290/1/616 435/1/616 433/1/617
f 385/23/620 289/1/618 433/1/617 529/23/619
f 356/23/622 385/23/620 529/23/619 504/23/621
f 355/22/624 356/23/622 504/23/621 501/22/623
f 359/22/626 355/22/624 501/22/623 499/22/625
f 345/21/628 359/22/626 499/22/625 491/21/627
f 344/21/630 345/21/628 491/21/627 489/21/629
f 348/21/631 344/21/630 489/21/629 493/21/631
f 331/16/633 348/21/631 493/21/631 474/16/632
f 330/16/635 331/16/633 474/16/632 472/16/634
f 305/7/637 330/16/635 472/16/634 441/7/636
f 302/7/639 305/7/637 441/7/636 439/7/638
f 300/4/641 302/7/639 439/7/638 443/4/640
f 297/4/643 300/4/641 443/4/640 447/4/642
f 397/33/645 297/4/643 447/4/642 539/33/644
f 290/33/616 397/33/645 539/33/644 435/33/616
f 580/2/649 579/2/648 578/1/647 577/1/646
f 582/2/651 579/2/648 580/2/649 581/2/650
f 584/3/653 582/2/651 581/2/650 583/3/652
f 588/4/657 585/4/654 587/5/656 586/5/655
f 590/7/292 588/4/657 586/5/655 589/6/292
f 594/6/292 589/6/292 586/5/655 591/5/658
f 593/7/660 590/7/292 589/6/292 592/6/659
f 596/6/662 592/6/659 589/6/292 594/6/292
f 597/9/292 594/6/292 591/5/658 595/8/661
f 599/9/664 596/6/662 594/6/292 597/9/292
f 600/9/292 597/9/292 595/8/661 598/8/663
f 602/9/666 599/9/664 597/9/292 600/9/292
f 603/11/292 600/9/292 598/8/663 601/10/665
f 605/11/668 602/9/666 600/9/292 603/11/292
f 606/11/292 603/11/292 601/10/665 604/10/667
f 608/11/670 605/11/668 603/11/292 606/11/292
f 611/11/292 606/11/292 604/10/667 607/10/669
f 610/12/672 609/12/671 605/11/668 608/11/670
f 612/11/673 608/11/670 606/11/292 611/11/292
f 613/12/674 610/12/672 608/11/670 612/11/673
f 615/14/676 614/13/675 613/12/674 612/11/673
f 616/14/292 615/14/676 612/11/673 611/11/292
f 617/15/677 616/14/292 611/11/292 607/10/669
f 621/17/681 620/17/680 619/16/679 618/16/678
f 592/6/659 621/17/681 618/16/678 593/7/660
f 622/17/682 621/17/681 592/6/659 596/6/662
f 623/17/683 620/17/680 621/17/681 622/17/682
f 624/18/684 622/17/682 596/6/662 599/9/664
f 625/18/685 623/17/683 622/17/682 624/18/684
f 628/18/688 624/18/684 599/9/664 602/9/666
f 627/20/687 626/19/686 623/17/683 625/18/685
f 629/18/689 625/18/685 624/18/684 628/18/688
f 609/12/671 628/18/688 602/9/666 605/11/668
f 630/20/690 627/20/687 625/18/685 629/18/689
f 631/12/691 629/18/689 628/18/688 609/12/671
f 635/19/695 634/19/694 633/21/693 632/21/692
f 639/19/699 635/19/695 632/21/692 636/21/696
f 638/19/698 634/19/694 635/19/695 637/19/697
f 620/17/680 639/19/699 636/21/696 619/16/679
f 626/19/686 639/19/699 620/17/680 623/17/683
f 637/19/697 635/19/695 639/19/699 626/19/686
f 640/20/700 637/19/697 626/19/686 627/20/687
f 641/20/701 638/19/698 637/19/697 640/20/700
f 642/20/702 640/20/700 627/20/687 630/20/690
f 646/25/703 645/24/705 644/23/704 643/22/703
f 650/25/708 646/25/703 643/22/703 647/22/706
f 649/24/707 645/24/705 646/25/703 648/25/703
f 634/19/694 650/25/708 647/22/706 633/21/693
f 651/25/709 650/25/708 634/19/694 638/19/698
f 648/25/703 646/25/703 650/25/708 651/25/709
f 653/26/703 648/25/703 651/25/709 652/26/710
f 654/27/711 649/24/707 648/25/703 653/26/703
f 656/26/703 653/26/703 652/26/710 655/26/712
f 657/27/713 654/27/711 653/26/703 656/26/703
f 659/28/703 656/26/703 655/26/712 658/28/714
f 660/29/715 657/27/713 656/26/703 659/28/703
f 662/28/703 659/28/703 658/28/714 661/28/716
f 663/29/717 660/29/715 659/28/703 662/28/703
f 665/28/703 662/28/703 661/28/716 664/28/718
f 669/29/721 663/29/717 662/28/703 665/28/703
f 667/30/719 666/30/703 665/28/703 664/28/718
f 669/29/721 665/28/703 666/30/703 668/31/720
f 672/29/724 670/29/722 663/29/717 669/29/721
f 672/29/724 669/29/721 668/31/720 671/31/723
f 674/24/726 580/2/649 577/1/646 673/23/725
f 645/24/705 674/24/726 673/23/725 644/23/704
f 675/24/727 674/24/726 645/24/705 649/24/707
f 581/2/650 580/2/649 674/24/726 675/24/727
f 676/27/728 675/24/727 649/24/707 654/27/711
f 583/3/652 581/2/650 675/24/727 676/27/728
f 677/27/729 676/27/728 654/27/711 657/27/713
f 678/3/730 583/3/652 676/27/728 677/27/729
f 680/29/732 677/27/729 657/27/713 660/29/715
f 679/3/731 584/3/653 583/3/652 678/3/730
f 681/32/733 678/3/730 677/27/729 680/29/732
f 670/29/722 680/29/732 660/29/715 663/29/717
f 682/32/734 679/3/731 678/3/730 681/32/733
f 683/32/735 681/32/733 680/29/732 670/29/722
f 684/32/736 683/32/735 670/29/722 672/29/724
f 686/34/738 587/5/656 585/4/654 685/33/737
f 579/34/648 686/34/738 685/33/737 578/33/647
f 687/34/739 686/34/738 579/34/648 582/34/651
f 688/35/740 687/34/739 582/34/651 584/35/653
f 684/32/736 672/29/724 671/31/723 689/36/741
f 691/32/743 684/32/736 689/36/741 690/36/742
f 683/32/735 684/32/736 691/32/743 692/32/744
f 681/32/733 683/32/735 692/32/744 682/32/734
f 696/37/748 693/37/745 695/38/747 694/38/746
f 664/28/718 696/37/748 694/38/746 667/30/719
f 697/37/749 696/37/748 664/28/718 661/28/716
f 698/37/750 693/37/745 696/37/748 697/37/749
f 699/37/751 697/37/749 661/28/716 658/28/714
f 700/37/752 698/37/750 697/37/749 699/37/751
f 703/20/755 699/37/751 658/28/714 655/26/712
f 702/37/754 701/37/753 698/37/750 700/37/752
f 642/20/702 700/37/752 699/37/751 703/20/755
f 641/20/701 703/20/755 655/26/712 652/26/710
f 630/20/690 702/37/754 700/37/752 642/20/702
f 640/20/700 642/20/702 703/20/755 641/20/701
f 638/19/698 641/20/701 652/26/710 651/25/709
f 705/12/757 613/12/674 614/13/675 704/13/756
f 708/37/760 705/12/757 704/13/756 706/38/758
f 610/12/672 613/12/674 705/12/757 707/12/759
f 693/37/745 708/37/760 706/38/758 695/38/747
f 701/37/753 708/37/760 693/37/745 698/37/750
f 707/12/759 705/12/757 708/37/760 701/37/753
f 631/12/691 707/12/759 701/37/753 702/37/754
f 609/12/671 610/12/672 707/12/759 631/12/691
f 629/18/689 631/12/691 702/37/754 630/20/690
f 712/10/764 709/39/761 711/40/763 710/15/762
f 607/10/669 712/10/764 710/15/762 617/15/677
f 713/10/765 712/10/764 607/10/669 604/10/667
f 714/39/766 709/39/761 712/10/764 713/10/765
f 715/10/767 713/10/765 604/10/667 601/10/665
f 716/39/768 714/39/766 713/10/765 715/10/767
f 717/8/769 715/10/767 601/10/665 598/8/663
f 682/39/734 692/39/744 714/39/766 716/39/768
f 718/35/770 716/39/768 715/10/767 717/8/769
f 719/8/771 717/8/769 598/8/663 595/8/661
f 679/35/731 682/39/734 716/39/768 718/35/770
f 688/35/740 718/35/770 717/8/769 719/8/771
f 720/5/772 719/8/771 595/8/661 591/5/658
f 584/35/653 679/35/731 718/35/770 688/35/740
f 687/34/739 688/35/740 719/8/771 720/5/772
f 587/5/656 720/5/772 591/5/658 586/5/655
f 686/34/738 687/34/739 720/5/772 587/5/656
f 709/39/761 691/39/743 690/40/742 711/40/763
f 692/39/744 691/39/743 709/39/761 714/39/766
f 724/2/776 721/1/773 723/1/775 722/2/774
f 726/2/686 725/2/777 724/2/776 722/2/774
f 730/6/781 727/7/778 729/7/780 728/6/779
f 734/5/785 731/4/782 727/7/778 730/6/781
f 733/6/784 732/6/783 730/6/781 728/6/779
f 736/5/787 735/4/786 731/4/782 734/5/785
f 738/5/789 737/5/788 736/5/787 734/5/785
f 732/6/783 738/5/789 734/5/785 730/6/781
f 740/9/783 739/8/790 738/5/789 732/6/783
f 741/9/791 740/9/783 732/6/783 733/6/784
f 743/9/793 742/8/792 739/8/790 740/9/783
f 744/9/794 743/9/793 740/9/783 741/9/791
f 746/11/796 745/10/795 742/8/792 743/9/793
f 747/11/797 746/11/796 743/9/793 744/9/794
f 749/11/799 748/10/798 745/10/795 746/11/796
f 750/11/800 749/11/799 746/11/796 747/11/797
f 752/11/802 751/10/801 748/10/798 749/11/799
f 756/11/806 752/11/802 749/11/799 750/11/800
f 754/15/804 751/10/801 752/11/802 753/14/803
f 756/11/806 755/14/805 753/14/803 752/11/802
f 759/12/809 756/11/806 750/11/800 757/12/807
f 759/12/809 758/13/808 755/14/805 756/11/806
f 763/17/813 760/16/810 762/16/812 761/17/811
f 728/6/779 729/7/780 760/16/810 763/17/813
f 764/17/814 733/6/784 728/6/779 763/17/813
f 765/17/815 764/17/814 763/17/813 761/17/811
f 766/18/816 741/9/791 733/6/784 764/17/814
f 767/18/817 766/18/816 764/17/814 765/17/815
f 768/18/818 744/9/794 741/9/791 766/18/816
f 769/18/819 768/18/818 766/18/816 767/18/817
f 772/12/820 747/11/797 744/9/794 768/18/818
f 771/20/731 769/18/819 767/18/817 770/20/653
f 773/12/821 772/12/820 768/18/818 769/18/819
f 757/12/807 750/11/800 747/11/797 772/12/820
f 774/37/734 773/12/821 769/18/819 771/20/731
f 775/12/822 757/12/807 772/12/820 773/12/821
f 776/12/823 759/12/809 757/12/807 775/12/822
f 780/19/827 777/21/824 779/21/826 778/19/825
f 782/19/829 781/21/828 777/21/824 780/19/827
f 761/17/811 762/16/812 781/21/828 782/19/829
f 783/19/651 765/17/815 761/17/811 782/19/829
f 784/19/830 783/19/651 782/19/829 780/19/827
f 770/20/653 767/18/817 765/17/815 783/19/651
f 785/20/831 770/20/653 783/19/651 784/19/830
f 787/22/833 786/25/832 778/19/825 779/21/826
f 789/22/835 788/25/834 786/25/832 787/22/833
f 793/25/839 790/25/836 786/25/832 788/25/834
f 792/23/838 791/24/837 788/25/834 789/22/835
f 795/24/841 793/25/839 788/25/834 791/24/837
f 796/26/839 794/26/840 790/25/836 793/25/839
f 798/27/843 796/26/839 793/25/839 795/24/841
f 799/26/844 797/26/842 794/26/840 796/26/839
f 801/27/846 799/26/844 796/26/839 798/27/843
f 802/28/847 800/28/845 797/26/842 799/26/844
f 804/29/849 802/28/847 799/26/844 801/27/846
f 805/28/850 803/28/848 800/28/845 802/28/847
f 807/29/852 805/28/850 802/28/847 804/29/849
f 810/28/855 806/28/851 803/28/848 805/28/850
f 809/29/854 807/29/852 804/29/849 808/29/853
f 811/29/856 810/28/855 805/28/850 807/29/852
f 812/29/857 811/29/856 807/29/852 809/29/854
f 814/31/859 811/29/856 812/29/857 813/31/858
f 815/30/860 810/28/855 811/29/856 814/31/859
f 816/30/861 806/28/851 810/28/855 815/30/860
f 818/24/863 817/23/862 721/1/773 724/2/776
f 791/24/837 792/23/838 817/23/862 818/24/863
f 819/24/864 795/24/841 791/24/837 818/24/863
f 725/2/777 819/24/864 818/24/863 724/2/776
f 820/27/865 798/27/843 795/24/841 819/24/864
f 821/3/866 820/27/865 819/24/864 725/2/777
f 823/27/867 801/27/846 798/27/843 820/27/865
f 822/3/687 821/3/866 725/2/777 726/2/686
f 824/3/868 823/27/867 820/27/865 821/3/866
f 808/29/853 804/29/849 801/27/846 823/27/867
f 825/3/690 824/3/868 821/3/866 822/3/687
f 826/32/869 808/29/853 823/27/867 824/3/868
f 828/34/871 827/33/870 735/4/786 736/5/787
f 722/34/774 723/33/775 827/33/870 828/34/871
f 829/34/872 726/34/686 722/34/774 828/34/871
f 737/5/788 829/34/872 828/34/871 736/5/787
f 830/35/873 822/35/687 726/34/686 829/34/872
f 831/8/874 830/35/873 829/34/872 737/5/788
f 832/35/875 825/35/690 822/35/687 830/35/873
f 834/32/877 833/36/876 813/31/858 812/29/857
f 836/32/879 835/36/878 833/36/876 834/32/877
f 838/32/880 837/32/753 836/32/879 834/32/877
f 809/29/854 838/32/880 834/32/877 812/29/857
f 826/32/869 839/32/754 837/32/753 838/32/880
f 808/29/853 826/32/869 838/32/880 809/29/854
f 824/3/868 825/3/690 839/32/754 826/32/869
f 843/37/884 842/38/883 841/38/882 840/37/881
f 806/28/851 816/30/861 842/38/883 843/37/884
f 844/37/885 803/28/848 806/28/851 843/37/884
f 845/37/886 844/37/885 843/37/884 840/37/881
f 846/37/887 800/28/845 803/28/848 844/37/885
f 847/37/888 846/37/887 844/37/885 845/37/886
f 849/20/889 797/26/842 800/28/845 846/37/887
f 774/37/734 847/37/888 845/37/886 848/37/744
f 850/20/890 849/20/889 846/37/887 847/37/888
f 851/20/891 794/26/840 797/26/842 849/20/889
f 771/20/731 850/20/890 847/37/888 774/37/734
f 785/20/831 851/20/891 849/20/889 850/20/890
f 852/19/892 790/25/836 794/26/840 851/20/891
f 770/20/653 785/20/831 850/20/890 771/20/731
f 784/19/830 852/19/892 851/20/891 785/20/831
f 778/19/825 786/25/832 790/25/836 852/19/892
f 780/19/827 778/19/825 852/19/892 784/19/830
f 776/12/823 853/13/893 758/13/808 759/12/809
f 855/37/895 854/38/894 853/13/893 776/12/823
f 840/37/881 841/38/882 854/38/894 855/37/895
f 848/37/744 845/37/886 840/37/881 855/37/895
f 775/12/822 848/37/744 855/37/895 776/12/823
f 773/12/821 774/37/734 848/37/744 775/12/822
f 859/10/899 858/15/898 857/40/897 856/39/896
f 751/10/801 754/15/804 858/15/898 859/10/899
f 860/10/900 748/10/798 751/10/801 859/10/899
f 861/39/901 860/10/900 859/10/899 856/39/896
f 862/10/902 745/10/795 748/10/798 860/10/900
f 863/39/903 862/10/902 860/10/900 861/39/901
f 864/8/904 742/8/792 745/10/795 862/10/902
f 839/39/754 863/39/903 861/39/901 837/39/753
f 832/35/875 864/8/904 862/10/902 863/39/903
f 831/8/874 739/8/790 742/8/792 864/8/904
f 825/35/690 832/35/875 863/39/903 839/39/754
f 830/35/873 831/8/874 864/8/904 832/35/875
f 737/5/788 738/5/789 739/8/790 831/8/874
f 856/39/896 857/40/897 835/40/878 836/39/879
f 837/39/753 861/39/901 856/39/896 836/39/879
f 711/40/907 690/40/905 835/40/905 857/40/906
f 710/15/909 711/40/907 857/40/906 858/15/908
f 617/15/911 710/15/909 858/15/908 754/15/910
f 616/14/913 617/15/911 754/15/910 753/14/912
f 615/14/915 616/14/913 753/14/912 755/14/914
f 614/13/917 615/14/915 755/14/914 758/13/916
f 704/13/918 614/13/917 758/13/916 853/13/917
f 706/38/919 704/13/918 853/13/917 854/38/919
f 695/38/921 706/38/919 854/38/919 841/38/920
f 694/38/923 695/38/921 841/38/920 842/38/922
f 667/30/925 694/38/923 842/38/922 816/30/924
f 666/30/927 667/30/925 816/30/924 815/30/926
f 668/31/929 666/30/927 815/30/926 814/31/928
f 671/31/931 668/31/929 814/31/928 813/31/930
f 689/36/933 671/31/931 813/31/930 833/36/932
f 690/36/905 689/36/933 833/36/932 835/36/905
f 577/1/934 578/1/334 723/1/334 721/1/334
f 673/23/936 577/1/934 721/1/334 817/23/935
f 644/23/938 673/23/936 817/23/935 792/23/937
f 643/22/940 644/23/938 792/23/937 789/22/939
f 647/22/942 643/22/940 789/22/939 787/22/941
f 633/21/944 647/22/942 787/22/941 779/21/943
f 632/21/946 633/21/944 779/21/943 777/21/945
f 636/21/947 632/21/946 777/21/945 781/21/947
f 619/16/949 636/21/947 781/21/947 762/16/948
f 618/16/951 619/16/949 762/16/948 760/16/950
f 593/7/953 618/16/951 760/16/950 729/7/952
f 590/7/955 593/7/953 729/7/952 727/7/954
f 588/4/957 590/7/955 727/7/954 731/4/956
f 585/4/959 588/4/957 731/4/956 735/4/958
f 685/33/961 585/4/959 735/4/958 827/33/960
f 578/33/334 685/33/961 827/33/960 723/33/334
f 868/2/964 867/2/879 866/1/963 865/1/962
f 870/2/966 867/2/879 868/2/964 869/2/965
f 872/3/968 870/2/966 869/2/965 871/3/967
f 876/4/972 873/4/969 875/5/971 874/5/970
f 878/7/703 876/4/972 874/5/970 877/6/703
f 882/6/703 877/6/703 874/5/970 879/5/973
f 881/7/975 878/7/703 877/6/703 880/6/974
f 884/6/977 880/6/974 877/6/703 882/6/703
f 885/9/703 882/6/703 879/5/973 883/8/976
f 887/9/979 884/6/977 882/6/703 885/9/703
f 888/9/703 885/9/703 883/8/976 886/8/978
f 890/9/981 887/9/979 885/9/703 888/9/703
f 891/11/703 888/9/703 886/8/978 889/10/980
f 893/11/983 890/9/981 888/9/703 891/11/703
f 894/11/703 891/11/703 889/10/980 892/10/982
f 896/11/985 893/11/983 891/11/703 894/11/703
f 899/11/703 894/11/703 892/10/982 895/10/984
f 898/12/987 897/12/986 893/11/983 896/11/985
f 900/11/988 896/11/985 894/11/703 899/11/703
f 901/12/989 898/12/987 896/11/985 900/11/988
f 903/14/991 902/13/990 901/12/989 900/11/988
f 904/14/703 903/14/991 900/11/988 899/11/703
f 905/15/992 904/14/703 899/11/703 895/10/984
f 909/17/996 908/17/995 907/16/994 906/16/993
f 880/6/974 909/17/996 906/16/993 881/7/975
f 910/17/997 909/17/996 880/6/974 884/6/977
f 911/17/998 908/17/995 909/17/996 910/17/997
f 912/18/999 910/17/997 884/6/977 887/9/979
f 913/18/1000 911/17/998 910/17/997 912/18/999
f 916/18/1003 912/18/999 887/9/979 890/9/981
f 915/20/1002 914/19/1001 911/17/998 913/18/1000
f 917/18/1004 913/18/1000 912/18/999 916/18/1003
f 897/12/986 916/18/1003 890/9/981 893/11/983
f 918/20/1005 915/20/1002 913/18/1000 917/18/1004
f 919/12/1006 917/18/1004 916/18/1003 897/12/986
f 923/19/1010 922/19/1009 921/21/1008 920/21/1007
f 927/19/1014 923/19/1010 920/21/1007 924/21/1011
f 926/19/1013 922/19/1009 923/19/1010 925/19/1012
f 908/17/995 927/19/1014 924/21/1011 907/16/994
f 914/19/1001 927/19/1014 908/17/995 911/17/998
f 925/19/1012 923/19/1010 927/19/1014 914/19/1001
f 928/20/1015 925/19/1012 914/19/1001 915/20/1002
f 929/20/1016 926/19/1013 925/19/1012 928/20/1015
f 930/20/1017 928/20/1015 915/20/1002 918/20/1005
f 934/25/292 933/24/1019 932/23/1018 931/22/292
f 938/25/1022 934/25/292 931/22/292 935/22/1020
f 937/24/1021 933/24/1019 934/25/292 936/25/292
f 922/19/1009 938/25/1022 935/22/1020 921/21/1008
f 939/25/1023 938/25/1022 922/19/1009 926/19/1013
f 936/25/292 934/25/292 938/25/1022 939/25/1023
f 941/26/292 936/25/292 939/25/1023 940/26/1024
f 942/27/1025 937/24/1021 936/25/292 941/26/292
f 944/26/292 941/26/292 940/26/1024 943/26/1026
f 945/27/1027 942/27/1025 941/26/292 944/26/292
f 947/28/292 944/26/292 943/26/1026 946/28/1028
f 948/29/1029 945/27/1027 944/26/292 947/28/292
f 950/28/292 947/28/292 946/28/1028 949/28/1030
f 951/29/1031 948/29/1029 947/28/292 950/28/292
f 953/28/292 950/28/292 949/28/1030 952/28/1032
f 957/29/1035 951/29/1031 950/28/292 953/28/292
f 955/30/1033 954/30/292 953/28/292 952/28/1032
f 957/29/1035 953/28/292 954/30/292 956/31/1034
f 960/29/1038 958/29/1036 951/29/1031 957/29/1035
f 960/29/1038 957/29/1035 956/31/1034 959/31/1037
f 962/24/1040 868/2/964 865/1/962 961/23/1039
f 933/24/1019 962/24/1040 961/23/1039 932/23/1018
f 963/24/1041 962/24/1040 933/24/1019 937/24/1021
f 869/2/965 868/2/964 962/24/1040 963/24/1041
f 964/27/1042 963/24/1041 937/24/1021 942/27/1025
f 871/3/967 869/2/965 963/24/1041 964/27/1042
f 965/27/1043 964/27/1042 942/27/1025 945/27/1027
f 966/3/1044 871/3/967 964/27/1042 965/27/1043
f 968/29/1046 965/27/1043 945/27/1027 948/29/1029
f 967/3/1045 872/3/968 871/3/967 966/3/1044
f 969/32/1047 966/3/1044 965/27/1043 968/29/1046
f 958/29/1036 968/29/1046 948/29/1029 951/29/1031
f 970/32/1048 967/3/1045 966/3/1044 969/32/1047
f 971/32/1049 969/32/1047 968/29/1046 958/29/1036
f 972/32/1050 971/32/1049 958/29/1036 960/29/1038
f 974/34/1052 875/5/971 873/4/969 973/33/1051
f 867/34/879 974/34/1052 973/33/1051 866/33/963
f 975/34/1053 974/34/1052 867/34/879 870/34/966
f 976/35/1054 975/34/1053 870/34/966 872/35/968
f 972/32/1050 960/29/1038 959/31/1037 977/36/1055
f 979/32/1057 972/32/1050 977/36/1055 978/36/1056
f 971/32/1049 972/32/1050 979/32/1057 980/32/1058
f 969/32/1047 971/32/1049 980/32/1058 970/32/1048
f 984/37/1062 981/37/1059 983/38/1061 982/38/1060
f 952/28/1032 984/37/1062 982/38/1060 955/30/1033
f 985/37/1063 984/37/1062 952/28/1032 949/28/1030
f 986/37/1064 981/37/1059 984/37/1062 985/37/1063
f 987/37/1065 985/37/1063 949/28/1030 946/28/1028
f 988/37/1066 986/37/1064 985/37/1063 987/37/1065
f 991/20/1069 987/37/1065 946/28/1028 943/26/1026
f 990/37/1068 989/37/1067 986/37/1064 988/37/1066
f 930/20/1017 988/37/1066 987/37/1065 991/20/1069
f 929/20/1016 991/20/1069 943/26/1026 940/26/1024
f 918/20/1005 990/37/1068 988/37/1066 930/20/1017
f 928/20/1015 930/20/1017 991/20/1069 929/20/1016
f 926/19/1013 929/20/1016 940/26/1024 939/25/1023
f 993/12/1071 901/12/989 902/13/990 992/13/1070
f 996/37/1074 993/12/1071 992/13/1070 994/38/1072
f 898/12/987 901/12/989 993/12/1071 995/12/1073
f 981/37/1059 996/37/1074 994/38/1072 983/38/1061
f 989/37/1067 996/37/1074 981/37/1059 986/37/1064
f 995/12/1073 993/12/1071 996/37/1074 989/37/1067
f 919/12/1006 995/12/1073 989/37/1067 990/37/1068
f 897/12/986 898/12/987 995/12/1073 919/12/1006
f 917/18/1004 919/12/1006 990/37/1068 918/20/1005
f 1000/10/1078 997/39/1075 999/40/1077 998/15/1076
f 895/10/984 1000/10/1078 998/15/1076 905/15/992
f 1001/10/1079 1000/10/1078 895/10/984 892/10/982
f 1002/39/1080 997/39/1075 1000/10/1078 1001/10/1079
f 1003/10/1081 1001/10/1079 892/10/982 889/10/980
f 1004/39/1082 1002/39/1080 1001/10/1079 1003/10/1081
f 1005/8/1083 1003/10/1081 889/10/980 886/8/978
f 970/39/1048 980/39/1058 1002/39/1080 1004/39/1082
f 1006/35/1084 1004/39/1082 1003/10/1081 1005/8/1083
f 1007/8/1085 1005/8/1083 886/8/978 883/8/976
f 967/35/1045 970/39/1048 1004/39/1082 1006/35/1084
f 976/35/1054 1006/35/1084 1005/8/1083 1007/8/1085
f 1008/5/1086 1007/8/1085 883/8/976 879/5/973
f 872/35/968 967/35/1045 1006/35/1084 976/35/1054
f 975/34/1053 976/35/1054 1007/8/1085 1008/5/1086
f 875/5/971 1008/5/1086 879/5/973 874/5/970
f 974/34/1052 975/34/1053 1008/5/1086 875/5/971
f 997/39/1075 979/39/1057 978/40/1056 999/40/1077
f 980/39/1058 979/39/1057 997/39/1075 1002/39/1080
f 1012/2/1090 1009/1/1087 1011/1/1089 1010/2/1088
f 1014/2/1001 1013/2/1091 1012/2/1090 1010/2/1088
f 1018/6/1095 1015/7/1092 1017/7/1094 1016/6/1093
f 1022/5/1098 1019/4/1096 1015/7/1092 1018/6/1095
f 1021/6/1097 1020/6/318 1018/6/1095 1016/6/1093
f 1024/5/1100 1023/4/1099 1019/4/1096 1022/5/1098
f 1026/5/1102 1025/5/1101 1024/5/1100 1022/5/1098
f 1020/6/318 1026/5/1102 1022/5/1098 1018/6/1095
f 1028/9/1104 1027/8/1103 1026/5/1102 1020/6/318
f 1029/9/1105 1028/9/1104 1020/6/318 1021/6/1097
f 1031/9/1107 1030/8/1106 1027/8/1103 1028/9/1104
f 1032/9/1108 1031/9/1107 1028/9/1104 1029/9/1105
f 1034/11/1110 1033/10/1109 1030/8/1106 1031/9/1107
f 1035/11/1111 1034/11/1110 1031/9/1107 1032/9/1108
f 1037/11/1110 1036/10/1112 1033/10/1109 1034/11/1110
f 1038/11/1113 1037/11/1110 1034/11/1110 1035/11/1111
f 1040/11/1115 1039/10/1114 1036/10/1112 1037/11/1110
f 1044/11/1119 1040/11/1115 1037/11/1110 1038/11/1113
f 1042/15/1117 1039/10/1114 1040/11/1115 1041/14/1116
f 1044/11/1119 1043/14/1118 1041/14/1116 1040/11/1115
f 1047/12/1122 1044/11/1119 1038/11/1113 1045/12/1120
f 1047/12/1122 1046/13/1121 1043/14/1118 1044/11/1119
f 1051/17/1126 1048/16/1123 1050/16/1125 1049/17/1124
f 1016/6/1093 1017/7/1094 1048/16/1123 1051/17/1126
f 1052/17/1127 1021/6/1097 1016/6/1093 1051/17/1126
f 1053/17/1128 1052/17/1127 1051/17/1126 1049/17/1124
f 1054/18/1129 1029/9/1105 1021/6/1097 1052/17/1127
f 1055/18/1130 1054/18/1129 1052/17/1127 1053/17/1128
f 1056/18/1131 1032/9/1108 1029/9/1105 1054/18/1129
f 1057/18/1132 1056/18/1131 1054/18/1129 1055/18/1130
f 1060/12/1134 1035/11/1111 1032/9/1108 1056/18/1131
f 1059/20/1045 1057/18/1132 1055/18/1130 1058/20/1133
f 1061/12/1135 1060/12/1134 1056/18/1131 1057/18/1132
f 1045/12/1120 1038/11/1113 1035/11/1111 1060/12/1134
f 1062/37/1048 1061/12/1135 1057/18/1132 1059/20/1045
f 1063/12/1136 1045/12/1120 1060/12/1134 1061/12/1135
f 1064/12/1137 1047/12/1122 1045/12/1120 1063/12/1136
f 1068/19/1141 1065/21/1138 1067/21/1140 1066/19/1139
f 1070/19/1143 1069/21/1142 1065/21/1138 1068/19/1141
f 1049/17/1124 1050/16/1125 1069/21/1142 1070/19/1143
f 1071/19/966 1053/17/1128 1049/17/1124 1070/19/1143
f 1072/19/1144 1071/19/966 1070/19/1143 1068/19/1141
f 1058/20/1133 1055/18/1130 1053/17/1128 1071/19/966
f 1073/20/1145 1058/20/1133 1071/19/966 1072/19/1144
f 1075/22/1147 1074/25/1146 1066/19/1139 1067/21/1140
f 1077/22/1149 1076/25/1148 1074/25/1146 1075/22/1147
f 1081/25/1153 1078/25/1150 1074/25/1146 1076/25/1148
f 1080/23/1152 1079/24/1151 1076/25/1148 1077/22/1149
f 1083/24/1155 1081/25/1153 1076/25/1148 1079/24/1151
f 1084/26/1156 1082/26/1154 1078/25/1150 1081/25/1153
f 1086/27/1158 1084/26/1156 1081/25/1153 1083/24/1155
f 1087/26/1159 1085/26/1157 1082/26/1154 1084/26/1156
f 1089/27/1161 1087/26/1159 1084/26/1156 1086/27/1158
f 1090/28/1162 1088/28/1160 1085/26/1157 1087/26/1159
f 1092/29/1164 1090/28/1162 1087/26/1159 1089/27/1161
f 1093/28/1162 1091/28/1163 1088/28/1160 1090/28/1162
f 1095/29/1166 1093/28/1162 1090/28/1162 1092/29/1164
f 1098/28/1169 1094/28/1165 1091/28/1163 1093/28/1162
f 1097/29/1168 1095/29/1166 1092/29/1164 1096/29/1167
f 1099/29/1170 1098/28/1169 1093/28/1162 1095/29/1166
f 1100/29/1171 1099/29/1170 1095/29/1166 1097/29/1168
f 1102/31/1173 1099/29/1170 1100/29/1171 1101/31/1172
f 1103/30/1174 1098/28/1169 1099/29/1170 1102/31/1173
f 1104/30/1175 1094/28/1165 1098/28/1169 1103/30/1174
f 1106/24/1177 1105/23/1176 1009/1/1087 1012/2/1090
f 1079/24/1151 1080/23/1152 1105/23/1176 1106/24/1177
f 1107/24/1178 1083/24/1155 1079/24/1151 1106/24/1177
f 1013/2/1091 1107/24/1178 1106/24/1177 1012/2/1090
f 1108/27/1179 1086/27/1158 1083/24/1155 1107/24/1178
f 1109/3/1180 1108/27/1179 1107/24/1178 1013/2/1091
f 1111/27/1181 1089/27/1161 1086/27/1158 1108/27/1179
f 1110/3/1002 1109/3/1180 1013/2/1091 1014/2/1001
f 1112/3/1182 1111/27/1181 1108/27/1179 1109/3/1180
f 1096/29/1167 1092/29/1164 1089/27/1161 1111/27/1181
f 1113/3/1005 1112/3/1182 1109/3/1180 1110/3/1002
f 1114/32/1183 1096/29/1167 1111/27/1181 1112/3/1182
f 1116/34/1185 1115/33/1184 1023/4/1099 1024/5/1100
f 1010/34/1088 1011/33/1089 1115/33/1184 1116/34/1185
f 1117/34/1186 1014/34/1001 1010/34/1088 1116/34/1185
f 1025/5/1101 1117/34/1186 1116/34/1185 1024/5/1100
f 1118/35/1187 1110/35/1002 1014/34/1001 1117/34/1186
f 1119/8/1188 1118/35/1187 1117/34/1186 1025/5/1101
f 1120/35/1189 1113/35/1005 1110/35/1002 1118/35/1187
f 1122/32/1191 1121/36/1190 1101/31/1172 1100/29/1171
f 1124/32/1193 1123/36/1192 1121/36/1190 1122/32/1191
f 1126/32/1194 1125/32/1067 1124/32/1193 1122/32/1191
f 1097/29/1168 1126/32/1194 1122/32/1191 1100/29/1171
f 1114/32/1183 1127/32/1068 1125/32/1067 1126/32/1194
f 1096/29/1167 1114/32/1183 1126/32/1194 1097/29/1168
f 1112/3/1182 1113/3/1005 1127/32/1068 1114/32/1183
f 1131/37/1198 1130/38/1197 1129/38/1196 1128/37/1195
f 1094/28/1165 1104/30/1175 1130/38/1197 1131/37/1198
f 1132/37/1199 1091/28/1163 1094/28/1165 1131/37/1198
f 1133/37/1200 1132/37/1199 1131/37/1198 1128/37/1195
f 1134/37/1201 1088/28/1160 1091/28/1163 1132/37/1199
f 1135/37/1202 1134/37/1201 1132/37/1199 1133/37/1200
f 1137/20/1203 1085/26/1157 1088/28/1160 1134/37/1201
f 1062/37/1048 1135/37/1202 1133/37/1200 1136/37/1058
f 1138/20/1204 1137/20/1203 1134/37/1201 1135/37/1202
f 1139/20/1205 1082/26/1154 1085/26/1157 1137/20/1203
f 1059/20/1045 1138/20/1204 1135/37/1202 1062/37/1048
f 1073/20/1145 1139/20/1205 1137/20/1203 1138/20/1204
f 1140/19/1206 1078/25/1150 1082/26/1154 1139/20/1205
f 1058/20/1133 1073/20/1145 1138/20/1204 1059/20/1045
f 1072/19/1144 1140/19/1206 1139/20/1205 1073/20/1145
f 1066/19/1139 1074/25/1146 1078/25/1150 1140/19/1206
f 1068/19/1141 1066/19/1139 1140/19/1206 1072/19/1144
f 1064/12/1137 1141/13/1207 1046/13/1121 1047/12/1122
f 1143/37/1209 1142/38/1208 1141/13/1207 1064/12/1137
f 1128/37/1195 1129/38/1196 1142/38/1208 1143/37/1209
f 1136/37/1058 1133/37/1200 1128/37/1195 1143/37/1209
f 1063/12/1136 1136/37/1058 1143/37/1209 1064/12/1137
f 1061/12/1135 1062/37/1048 1136/37/1058 1063/12/1136
f 1147/10/1213 1146/15/1212 1145/40/1211 1144/39/1210
f 1039/10/1114 1042/15/1117 1146/15/1212 1147/10/1213
f 1148/10/1214 1036/10/1112 1039/10/1114 1147/10/1213
f 1149/39/1215 1148/10/1214 1147/10/1213 1144/39/1210
f 1150/10/1216 1033/10/1109 1036/10/1112 1148/10/1214
f 1151/39/1217 1150/10/1216 1148/10/1214 1149/39/1215
f 1152/8/1218 1030/8/1106 1033/10/1109 1150/10/1216
f 1127/39/1068 1151/39/1217 1149/39/1215 1125/39/1067
f 1120/35/1189 1152/8/1218 1150/10/1216 1151/39/1217
f 1119/8/1188 1027/8/1103 1030/8/1106 1152/8/1218
f 1113/35/1005 1120/35/1189 1151/39/1217 1127/39/1068
f 1118/35/1187 1119/8/1188 1152/8/1218 1120/35/1189
f 1025/5/1101 1026/5/1102 1027/8/1103 1119/8/1188
f 1144/39/1210 1145/40/1211 1123/40/1192 1124/39/1193
f 1125/39/1067 1149/39/1215 1144/39/1210 1124/39/1193
f 999/40/1222 978/40/1219 1123/40/1221 1145/40/1220
f 998/15/1224 999/40/1222 1145/40/1220 1146/15/1223
f 905/15/1226 998/15/1224 1146/15/1223 1042/15/1225
f 904/14/1228 905/15/1226 1042/15/1225 1041/14/1227
f 903/14/1230 904/14/1228 1041/14/1227 1043/14/1229
f 902/13/1232 903/14/1230 1043/14/1229 1046/13/1231
f 992/13/1234 902/13/1232 1046/13/1231 1141/13/1233
f 994/38/1234 992/13/1234 1141/13/1233 1142/38/1234
f 983/38/1233 994/38/1234 1142/38/1234 1129/38/1235
f 982/38/1237 983/38/1233 1129/38/1235 1130/38/1236
f 955/30/1239 982/38/1237 1130/38/1236 1104/30/1238
f 954/30/1241 955/30/1239 1104/30/1238 1103/30/1240
f 956/31/1243 954/30/1241 1103/30/1240 1102/31/1242
f 959/31/1245 956/31/1243 1102/31/1242 1101/31/1244
f 977/36/1247 959/31/1245 1101/31/1244 1121/36/1246
f 978/36/1219 977/36/1247 1121/36/1246 1123/36/1221
f 865/1/1248 866/1/616 1011/1/616 1009/1/617
f 961/23/1250 865/1/1248 1009/1/617 1105/23/1249
f 932/23/1252 961/23/1250 1105/23/1249 1080/23/1251
f 931/22/1254 932/23/1252 1080/23/1251 1077/22/1253
f 935/22/1256 931/22/1254 1077/22/1253 1075/22/1255
f 921/21/1258 935/22/1256 1075/22/1255 1067/21/1257
f 920/21/1260 921/21/1258 1067/21/1257 1065/21/1259
f 924/21/1261 920/21/1260 1065/21/1259 1069/21/1261
f 907/16/1263 924/21/1261 1069/21/1261 1050/16/1262
f 906/16/1265 907/16/1263 1050/16/1262 1048/16/1264
f 881/7/1267 906/16/1265 1048/16/1264 1017/7/1266
f 878/7/1269 881/7/1267 1017/7/1266 1015/7/1268
f 876/4/1271 878/7/1269 1015/7/1268 1019/4/1270
f 873/4/1273 876/4/1271 1019/4/1270 1023/4/1272
f 973/33/1274 873/4/1273 1023/4/1272 1115/33/618
f 866/33/616 973/33/1274 1115/33/618 1011/33/616
f 1156/13/1276 1155/13/1276 1154/13/1275 1153/13/1275
f 1158/14/1277 1157/14/1277 1155/13/1276 1156/13/1276
f 1160/14/380 1159/14/380 1157/14/1277 1158/14/1277
f 1162/15/1278 1161/15/1278 1159/14/380 1160/14/380
f 1166/38/1280 1165/38/1280 1164/30/1279 1163/30/1279
f 1168/38/1281 1167/38/1281 1165/38/1280 1166/38/1280
f 1170/38/292 1169/38/292 1167/38/1281 1168/38/1281
f 1153/13/1275 1154/13/1275 1169/38/292 1170/38/292
f 1174/31/1283 1173/31/1283 1172/36/1282 1171/36/1282
f 1176/31/1284 1175/31/1284 1173/31/1283 1174/31/1283
f 1178/30/334 1177/30/334 1175/31/1284 1176/31/1284
f 1163/30/1279 1164/30/1279 1177/30/334 1178/30/334
f 1182/40/1285 1179/40/1285 1181/40/703 1180/40/703
f 1184/15/1286 1183/15/1286 1179/40/1285 1182/40/1285
f 1161/15/1278 1162/15/1278 1183/15/1286 1184/15/1286
f 1171/36/1282 1172/36/1282 1180/36/703 1181/36/703
f 1188/13/1283 1185/13/1282 1187/13/1282 1186/13/1283
f 1190/14/1284 1188/13/1283 1186/13/1283 1189/14/1284
f 1192/14/334 1190/14/1284 1189/14/1284 1191/14/334
f 1194/15/1279 1192/14/334 1191/14/334 1193/15/1279
f 1198/38/1286 1195/30/1278 1197/30/1278 1196/38/1286
f 1200/38/1285 1198/38/1286 1196/38/1286 1199/38/1285
f 1202/38/703 1200/38/1285 1199/38/1285 1201/38/703
f 1185/13/1282 1202/38/703 1201/38/703 1187/13/1282
f 1206/31/1276 1203/36/1275 1205/36/1275 1204/31/1276
f 1208/31/1277 1206/31/1276 1204/31/1276 1207/31/1277
f 1210/30/380 1208/31/1277 1207/31/1277 1209/30/380
f 1195/30/1278 1210/30/380 1209/30/380 1197/30/1278
f 1214/40/1281 1213/40/292 1212/40/292 1211/40/1281
f 1216/15/1280 1214/40/1281 1211/40/1281 1215/15/1280
f 1193/15/1279 1216/15/1280 1215/15/1280 1194/15/1279
f 1213/36/292 1205/36/1275 1203/36/1275 1212/36/292
f 1211/40/1289 1212/40/1288 1181/40/1288 1179/40/1287
f 1215/15/1291 1211/40/1289 1179/40/1287 1183/15/1290
f 1194/15/1293 1215/15/1291 1183/15/1290 1162/15/1292
f 1192/14/1295 1194/15/1293 1162/15/1292 1160/14/1294
f 1190/14/1297 1192/14/1295 1160/14/1294 1158/14/1296
f 1188/13/1299 1190/14/1297 1158/14/1296 1156/13/1298
f 1185/13/917 1188/13/1299 1156/13/1298 1153/13/1300
f 1202/38/1288 1185/13/917 1153/13/1300 1170/38/1288
f 1200/38/1289 1202/38/1288 1170/38/1288 1168/38/1287
f 1198/38/1291 1200/38/1289 1168/38/1287 1166/38/1290
f 1195/30/1293 1198/38/1291 1166/38/1290 1163/30/1292
f 1210/30/1295 1195/30/1293 1163/30/1292 1178/30/1294
f 1208/31/1297 1210/30/1295 1178/30/1294 1176/31/1296
f 1206/31/1299 1208/31/1297 1176/31/1296 1174/31/1301
f 1203/36/917 1206/31/1299 1174/31/1301 1171/36/1300
f 1212/36/1288 1203/36/917 1171/36/1300 1181/36/1288
f 1182/40/1303 1180/40/616 1213/40/616 1214/40/1302
f 1184/15/1305 1182/40/1303 1214/40/1302 1216/15/1304
f 1161/15/1307 1184/15/1305 1216/15/1304 1193/15/1306
f 1159/14/1309 1161/15/1307 1193/15/1306 1191/14/1308
f 1157/14/1311 1159/14/1309 1191/14/1308 1189/14/1310
f 1155/13/619 1157/14/1311 1189/14/1310 1186/13/1312
f 1154/13/1313 1155/13/619 1186/13/1312 1187/13/618
f 1169/38/616 1154/13/1313 1187/13/618 1201/38/616
f 1167/38/644 1169/38/616 1201/38/616 1199/38/1302
f 1165/38/1305 1167/38/644 1199/38/1302 1196/38/1304
f 1164/30/1307 1165/38/1305 1196/38/1304 1197/30/1306
f 1177/30/1309 1164/30/1307 1197/30/1306 1209/30/1308
f 1175/31/1311 1177/30/1309 1209/30/1308 1207/31/1310
f 1173/31/619 1175/31/1311 1207/31/1310 1204/31/1312
f 1172/36/1313 1173/31/619 1204/31/1312 1205/36/618
f 1180/36/616 1172/36/1313 1205/36/618 1213/36/616

usemtl Color
f 1220/41/1317 1217/41/1314 1219/41/1316 1218/41/1315
f 1222/42/1319 1220/41/1317 1218/41/1315 1221/42/1318
f 1224/42/1321 1222/42/1319 1221/42/1318 1223/42/1320
f 1226/43/1323 1224/42/1321 1223/42/1320 1225/43/1322
f 1228/43/1325 1226/43/1323 1225/43/1322 1227/43/1324
f 1230/43/1327 1228/43/1325 1227/43/1324 1229/43/1326
f 1232/44/1329 1230/43/1327 1229/43/1326 1231/44/1328
f 1234/44/1331 1232/44/1329 1231/44/1328 1233/44/1330
f 1236/45/1333 1234/44/1331 1233/44/1330 1235/45/1332
f 1238/45/1335 1236/45/1333 1235/45/1332 1237/45/1334
f 1240/46/1337 1238/45/1335 1237/45/1334 1239/46/1336
f 1242/46/1339 1240/46/1337 1239/46/1336 1241/46/1338
f 1244/47/1341 1242/46/1339 1241/46/1338 1243/47/1340
f 1246/47/1343 1244/47/1341 1243/47/1340 1245/47/1342
f 1248/47/1345 1246/47/1343 1245/47/1342 1247/47/1344
f 1217/48/1314 1248/47/1345 1247/47/1344 1219/48/1316
f 1252/47/1349 1249/48/1346 1251/48/1348 1250/47/1347
f 1254/47/1351 1252/47/1349 1250/47/1347 1253/47/1350
f 1256/47/1353 1254/47/1351 1253/47/1350 1255/47/1352
f 1258/46/1355 1256/47/1353 1255/47/1352 1257/46/1354
f 1260/46/1357 1258/46/1355 1257/46/1354 1259/46/1356
f 1262/45/1359 1260/46/1357 1259/46/1356 1261/45/1358
f 1264/45/1361 1262/45/1359 1261/45/1358 1263/45/1360
f 1266/44/1363 1264/45/1361 1263/45/1360 1265/44/1362
f 1268/44/1365 1266/44/1363 1265/44/1362 1267/44/1364
f 1270/43/1367 1268/44/1365 1267/44/1364 1269/43/1366
f 1272/43/1369 1270/43/1367 1269/43/1366 1271/43/1368
f 1274/43/1371 1272/43/1369 1271/43/1368 1273/43/1370
f 1276/42/1373 1274/43/1371 1273/43/1370 1275/42/1372
f 1278/42/1375 1276/42/1373 1275/42/1372 1277/42/1374
f 1280/41/1377 1278/42/1375 1277/42/1374 1279/41/1376
f 1249/41/1346 1280/41/1377 1279/41/1376 1251/41/1348
f 1284/44/1381 1283/44/1380 1282/44/1379 1281/44/1378
f 1286/45/1383 1284/44/1381 1281/44/1378 1285/45/1382
f 1288/45/1385 1286/45/1383 1285/45/1382 1287/45/1384
f 1290/46/1387 1288/45/1385 1287/45/1384 1289/46/1386
f 1292/46/1389 1290/46/1387 1289/46/1386 1291/46/1388
f 1294/47/1391 1292/46/1389 1291/46/1388 1293/47/1390
f 1296/47/1393 1294/47/1391 1293/47/1390 1295/47/1392
f 1298/47/1395 1296/47/1393 1295/47/1392 1297/47/1394
f 1302/42/1399 1299/42/1396 1301/42/1398 1300/42/1397
f 1304/41/1401 1302/42/1399 1300/42/1397 1303/41/1400
f 1306/41/1403 1304/41/1401 1303/41/1400 1305/41/1402
f 1305/48/1402 1298/47/1395 1297/47/1394 1306/48/1403
f 1308/43/1405 1282/44/1379 1283/44/1380 1307/43/1404
f 1310/43/1407 1308/43/1405 1307/43/1404 1309/43/1406
f 1312/43/1409 1310/43/1407 1309/43/1406 1311/43/1408
f 1299/42/1396 1312/43/1409 1311/43/1408 1301/42/1398
f 1316/45/1413 1315/45/1412 1314/46/1411 1313/46/1410
f 1318/45/1415 1317/45/1414 1315/45/1412 1316/45/1413
f 1320/44/1417 1319/44/1416 1317/45/1414 1318/45/1415
f 1322/44/1419 1321/44/1418 1319/44/1416 1320/44/1417
f 1324/46/1421 1323/46/1420 1313/46/1410 1314/46/1411
f 1326/47/1423 1325/47/1422 1323/46/1420 1324/46/1421
f 1328/47/1425 1327/47/1424 1325/47/1422 1326/47/1423
f 1330/47/1427 1329/47/1426 1327/47/1424 1328/47/1425
f 1334/41/1431 1331/41/1428 1333/41/1430 1332/41/1429
f 1336/42/1433 1335/42/1432 1331/41/1428 1334/41/1431
f 1338/42/1435 1337/42/1434 1335/42/1432 1336/42/1433
f 1329/47/1426 1330/47/1427 1332/48/1429 1333/48/1430
f 1340/43/1437 1339/43/1436 1337/42/1434 1338/42/1435
f 1342/43/1439 1341/43/1438 1339/43/1436 1340/43/1437
f 1344/43/1441 1343/43/1440 1341/43/1438 1342/43/1439
f 1321/44/1418 1322/44/1419 1343/43/1440 1344/43/1441
f 1280/49/1377 1249/49/1346 1333/49/1430 1331/49/1428
f 1278/50/1375 1280/49/1377 1331/49/1428 1335/50/1432
f 1276/50/1373 1278/50/1375 1335/50/1432 1337/50/1434
f 1274/51/1371 1276/50/1373 1337/50/1434 1339/51/1436
f 1272/51/1369 1274/51/1371 1339/51/1436 1341/51/1438
f 1270/51/1367 1272/51/1369 1341/51/1438 1343/51/1440
f 1268/52/1365 1270/51/1367 1343/51/1440 1322/52/1419
f 1266/52/1363 1268/52/1365 1322/52/1419 1320/52/1417
f 1264/53/1361 1266/52/1363 1320/52/1417 1318/53/1415
f 1262/53/1359 1264/53/1361 1318/53/1415 1316/53/1413
f 1260/54/1357 1262/53/1359 1316/53/1413 1313/54/1410
f 1258/54/1355 1260/54/1357 1313/54/1410 1323/54/1420
f 1256/55/1353 1258/54/1355 1323/54/1420 1325/55/1422
f 1254/55/1351 1256/55/1353 1325/55/1422 1327/55/1424
f 1252/55/1349 1254/55/1351 1327/55/1424 1329/55/1426
f 1249/56/1346 1252/55/1349 1329/55/1426 1333/56/1430
f 1334/49/1431 1332/49/1429 1217/49/1314 1220/49/1317
f 1336/50/1433 1334/49/1431 1220/49/1317 1222/50/1319
f 1338/50/1435 1336/50/1433 1222/50/1319 1224/50/1321
f 1340/51/1437 1338/50/1435 1224/50/1321 1226/51/1323
f 1342/51/1439 1340/51/1437 1226/51/1323 1228/51/1325
f 1344/51/1441 1342/51/1439 1228/51/1325 1230/51/1327
f 1321/52/1418 1344/51/1441 1230/51/1327 1232/52/1329
f 1319/52/1416 1321/52/1418 1232/52/1329 1234/52/1331
f 1317/53/1414 1319/52/1416 1234/52/1331 1236/53/1333
f 1315/53/1412 1317/53/1414 1236/53/1333 1238/53/1335
f 1314/54/1411 1315/53/1412 1238/53/1335 1240/54/1337
f 1324/54/1421 1314/54/1411 1240/54/1337 1242/54/1339
f 1326/55/1423 1324/54/1421 1242/54/1339 1244/55/1341
f 1328/55/1425 1326/55/1423 1244/55/1341 1246/55/1343
f 1330/55/1427 1328/55/1425 1246/55/1343 1248/55/1345
f 1332/56/1429 1330/55/1427 1248/55/1345 1217/56/1314
f 1304/49/1401 1306/49/1403 1251/49/1348 1279/49/1376
f 1302/50/1399 1304/49/1401 1279/49/1376 1277/50/1374
f 1299/50/1396 1302/50/1399 1277/50/1374 1275/50/1372
f 1312/51/1409 1299/50/1396 1275/50/1372 1273/51/1370
f 1310/51/1407 1312/51/1409 1273/51/1370 1271/51/1368
f 1308/51/1405 1310/51/1407 1271/51/1368 1269/51/1366
f 1282/52/1379 1308/51/1405 1269/51/1366 1267/52/1364
f 1281/52/1378 1282/52/1379 1267/52/1364 1265/52/1362
f 1285/53/1382 1281/52/1378 1265/52/1362 1263/53/1360
f 1287/53/1384 1285/53/1382 1263/53/1360 1261/53/1358
f 1289/54/1386 1287/53/1384 1261/53/1358 1259/54/1356
f 1291/54/1388 1289/54/1386 1259/54/1356 1257/54/1354
f 1293/55/1390 1291/54/1388 1257/54/1354 1255/55/1352
f 1295/55/1392 1293/55/1390 1255/55/1352 1253/55/1350
f 1297/55/1394 1295/55/1392 1253/55/1350 1250/55/1347
f 1306/56/1403 1297/55/1394 1250/55/1347 1251/56/1348
f 1218/49/1315 1219/49/1316 1305/49/1402 1303/49/1400
f 1221/50/1318 1218/49/1315 1303/49/1400 1300/50/1397
f 1223/50/1320 1221/50/1318 1300/50/1397 1301/50/1398
f 1225/51/1322 1223/50/1320 1301/50/1398 1311/51/1408
f 1227/51/1324 1225/51/1322 1311/51/1408 1309/51/1406
f 1229/51/1326 1227/51/1324 1309/51/1406 1307/51/1404
f 1231/52/1328 1229/51/1326 1307/51/1404 1283/52/1380
f 1233/52/1330 1231/52/1328 1283/52/1380 1284/52/1381
f 1235/53/1332 1233/52/1330 1284/52/1381 1286/53/1383
f 1237/53/1334 1235/53/1332 1286/53/1383 1288/53/1385
f 1239/54/1336 1237/53/1334 1288/53/1385 1290/54/1387
f 1241/54/1338 1239/54/1336 1290/54/1387 1292/54/1389
f 1243/55/1340 1241/54/1338 1292/54/1389 1294/55/1391
f 1245/55/1342 1243/55/1340 1294/55/1391 1296/55/1393
f 1247/55/1344 1245/55/1342 1296/55/1393 1298/55/1395
f 1219/56/1316 1247/55/1344 1298/55/1395 1305/56/1402
f 1348/41/1445 1345/41/1442 1347/41/1444 1346/41/1443
f 1350/42/1447 1348/41/1445 1346/41/1443 1349/42/1446
f 1352/42/1449 1350/42/1447 1349/42/1446 1351/42/1448
f 1354/43/1451 1352/42/1449 1351/42/1448 1353/43/1450
f 1356/43/1453 1354/43/1451 1353/43/1450 1355/43/1452
f 1358/43/1455 1356/43/1453 1355/43/1452 1357/43/1454
f 1360/44/1457 1358/43/1455 1357/43/1454 1359/44/1456
f 1362/44/1459 1360/44/1457 1359/44/1456 1361/44/1458
f 1364/45/1461 1362/44/1459 1361/44/1458 1363/45/1460
f 1366/45/1463 1364/45/1461 1363/45/1460 1365/45/1462
f 1368/46/1465 1366/45/1463 1365/45/1462 1367/46/1464
f 1370/46/1467 1368/46/1465 1367/46/1464 1369/46/1466
f 1372/47/1469 1370/46/1467 1369/46/1466 1371/47/1468
f 1374/47/1471 1372/47/1469 1371/47/1468 1373/47/1470
f 1376/47/1473 1374/47/1471 1373/47/1470 1375/47/1472
f 1345/48/1442 1376/47/1473 1375/47/1472 1347/48/1444
f 1380/47/1477 1377/48/1474 1379/48/1476 1378/47/1475
f 1382/47/1479 1380/47/1477 1378/47/1475 1381/47/1478
f 1384/47/1481 1382/47/1479 1381/47/1478 1383/47/1480
f 1386/46/1483 1384/47/1481 1383/47/1480 1385/46/1482
f 1388/46/1485 1386/46/1483 1385/46/1482 1387/46/1484
f 1390/45/1487 1388/46/1485 1387/46/1484 1389/45/1486
f 1392/45/1489 1390/45/1487 1389/45/1486 1391/45/1488
f 1394/44/1491 1392/45/1489 1391/45/1488 1393/44/1490
f 1396/44/1493 1394/44/1491 1393/44/1490 1395/44/1492
f 1398/43/1495 1396/44/1493 1395/44/1492 1397/43/1494
f 1400/43/1497 1398/43/1495 1397/43/1494 1399/43/1496
f 1402/43/1499 1400/43/1497 1399/43/1496 1401/43/1498
f 1404/42/1501 1402/43/1499 1401/43/1498 1403/42/1500
f 1406/42/1503 1404/42/1501 1403/42/1500 1405/42/1502
f 1408/41/1505 1406/42/1503 1405/42/1502 1407/41/1504
f 1377/41/1474 1408/41/1505 1407/41/1504 1379/41/1476
f 1412/44/1509 1411/44/1508 1410/44/1507 1409/44/1506
f 1414/45/1511 1412/44/1509 1409/44/1506 1413/45/1510
f 1416/45/1513 1414/45/1511 1413/45/1510 1415/45/1512
f 1418/46/1515 1416/45/1513 1415/45/1512 1417/46/1514
f 1420/46/1517 1418/46/1515 1417/46/1514 1419/46/1516
f 1422/47/1519 1420/46/1517 1419/46/1516 1421/47/1518
f 1424/47/1521 1422/47/1519 1421/47/1518 1423/47/1520
f 1426/47/1523 1424/47/1521 1423/47/1520 1425/47/1522
f 1430/42/1527 1427/42/1524 1429/42/1526 1428/42/1525
f 1432/41/1529 1430/42/1527 1428/42/1525 1431/41/1528
f 1434/41/1531 1432/41/1529 1431/41/1528 1433/41/1530
f 1433/48/1530 1426/47/1523 1425/47/1522 1434/48/1531
f 1436/43/1533 1410/44/1507 1411/44/1508 1435/43/1532
f 1438/43/1535 1436/43/1533 1435/43/1532 1437/43/1534
f 1440/43/1537 1438/43/1535 1437/43/1534 1439/43/1536
f 1427/42/1524 1440/43/1537 1439/43/1536 1429/42/1526
f 1444/45/1541 1443/45/1540 1442/46/1539 1441/46/1538
f 1446/45/1543 1445/45/1542 1443/45/1540 1444/45/1541
f 1448/44/1545 1447/44/1544 1445/45/1542 1446/45/1543
f 1450/44/1547 1449/44/1546 1447/44/1544 1448/44/1545
f 1452/46/1549 1451/46/1548 1441/46/1538 1442/46/1539
f 1454/47/1551 1453/47/1550 1451/46/1548 1452/46/1549
f 1456/47/1553 1455/47/1552 1453/47/1550 1454/47/1551
f 1458/47/1555 1457/47/1554 1455/47/1552 1456/47/1553
f 1462/41/1559 1459/41/1556 1461/41/1558 1460/41/1557
f 1464/42/1561 1463/42/1560 1459/41/1556 1462/41/1559
f 1466/42/1563 1465/42/1562 1463/42/1560 1464/42/1561
f 1457/47/1554 1458/47/1555 1460/48/1557 1461/48/1558
f 1468/43/1565 1467/43/1564 1465/42/1562 1466/42/1563
f 1470/43/1567 1469/43/1566 1467/43/1564 1468/43/1565
f 1472/43/1569 1471/43/1568 1469/43/1566 1470/43/1567
f 1449/44/1546 1450/44/1547 1471/43/1568 1472/43/1569
f 1408/49/1505 1377/49/1474 1461/49/1558 1459/49/1556
f 1406/50/1503 1408/49/1505 1459/49/1556 1463/50/1560
f 1404/50/1501 1406/50/1503 1463/50/1560 1465/50/1562
f 1402/51/1499 1404/50/1501 1465/50/1562 1467/51/1564
f 1400/51/1497 1402/51/1499 1467/51/1564 1469/51/1566
f 1398/51/1495 1400/51/1497 1469/51/1566 1471/51/1568
f 1396/52/1493 1398/51/1495 1471/51/1568 1450/52/1547
f 1394/52/1491 1396/52/1493 1450/52/1547 1448/52/1545
f 1392/53/1489 1394/52/1491 1448/52/1545 1446/53/1543
f 1390/53/1487 1392/53/1489 1446/53/1543 1444/53/1541
f 1388/54/1485 1390/53/1487 1444/53/1541 1441/54/1538
f 1386/54/1483 1388/54/1485 1441/54/1538 1451/54/1548
f 1384/55/1481 1386/54/1483 1451/54/1548 1453/55/1550
f 1382/55/1479 1384/55/1481 1453/55/1550 1455/55/1552
f 1380/55/1477 1382/55/1479 1455/55/1552 1457/55/1554
f 1377/56/1474 1380/55/1477 1457/55/1554 1461/56/1558
f 1462/49/1559 1460/49/1557 1345/49/1442 1348/49/1445
f 1464/50/1561 1462/49/1559 1348/49/1445 1350/50/1447
f 1466/50/1563 1464/50/1561 1350/50/1447 1352/50/1449
f 1468/51/1565 1466/50/1563 1352/50/1449 1354/51/1451
f 1470/51/1567 1468/51/1565 1354/51/1451 1356/51/1453
f 1472/51/1569 1470/51/1567 1356/51/1453 1358/51/1455
f 1449/52/1546 1472/51/1569 1358/51/1455 1360/52/1457
f 1447/52/1544 1449/52/1546 1360/52/1457 1362/52/1459
f 1445/53/1542 1447/52/1544 1362/52/1459 1364/53/1461
f 1443/53/1540 1445/53/1542 1364/53/1461 1366/53/1463
f 1442/54/1539 1443/53/1540 1366/53/1463 1368/54/1465
f 1452/54/1549 1442/54/1539 1368/54/1465 1370/54/1467
f 1454/55/1551 1452/54/1549 1370/54/1467 1372/55/1469
f 1456/55/1553 1454/55/1551 1372/55/1469 1374/55/1471
f 1458/55/1555 1456/55/1553 1374/55/1471 1376/55/1473
f 1460/56/1557 1458/55/1555 1376/55/1473 1345/56/1442
f 1432/49/1529 1434/49/1531 1379/49/1476 1407/49/1504
f 1430/50/1527 1432/49/1529 1407/49/1504 1405/50/1502
f 1427/50/1524 1430/50/1527 1405/50/1502 1403/50/1500
f 1440/51/1537 1427/50/1524 1403/50/1500 1401/51/1498
f 1438/51/1535 1440/51/1537 1401/51/1498 1399/51/1496
f 1436/51/1533 1438/51/1535 1399/51/1496 1397/51/1494
f 1410/52/1507 1436/51/1533 1397/51/1494 1395/52/1492
f 1409/52/1506 1410/52/1507 1395/52/1492 1393/52/1490
f 1413/53/1510 1409/52/1506 1393/52/1490 1391/53/1488
f 1415/53/1512 1413/53/1510 1391/53/1488 1389/53/1486
f 1417/54/1514 1415/53/1512 1389/53/1486 1387/54/1484
f 1419/54/1516 1417/54/1514 1387/54/1484 1385/54/1482
f 1421/55/1518 1419/54/1516 1385/54/1482 1383/55/1480
f 1423/55/1520 1421/55/1518 1383/55/1480 1381/55/1478
f 1425/55/1522 1423/55/1520 1381/55/1478 1378/55/1475
f 1434/56/1531 1425/55/1522 1378/55/1475 1379/56/1476
f 1346/49/1443 1347/49/1444 1433/49/1530 1431/49/1528
f 1349/50/1446 1346/49/1443 1431/49/1528 1428/50/1525
f 1351/50/1448 1349/50/1446 1428/50/1525 1429/50/1526
f 1353/51/1450 1351/50/1448 1429/50/1526 1439/51/1536
f 1355/51/1452 1353/51/1450 1439/51/1536 1437/51/1534
f 1357/51/1454 1355/51/1452 1437/51/1534 1435/51/1532
f 1359/52/1456 1357/51/1454 1435/51/1532 1411/52/1508
f 1361/52/1458 1359/52/1456 1411/52/1508 1412/52/1509
f 1363/53/1460 1361/52/1458 1412/52/1509 1414/53/1511
f 1365/53/1462 1363/53/1460 1414/53/1511 1416/53/1513
f 1367/54/1464 1365/53/1462 1416/53/1513 1418/54/1515
f 1369/54/1466 1367/54/1464 1418/54/1515 1420/54/1517
f 1371/55/1468 1369/54/1466 1420/54/1517 1422/55/1519
f 1373/55/1470 1371/55/1468 1422/55/1519 1424/55/1521
f 1375/55/1472 1373/55/1470 1424/55/1521 1426/55/1523
f 1347/56/1444 1375/55/1472 1426/55/1523 1433/56/1530
f 1476/41/1573 1473/41/1570 1475/41/1572 1474/41/1571
f 1478/42/1575 1476/41/1573 1474/41/1571 1477/42/1574
f 1480/42/1577 1478/42/1575 1477/42/1574 1479/42/1576
f 1482/43/1579 1480/42/1577 1479/42/1576 1481/43/1578
f 1484/43/1581 1482/43/1579 1481/43/1578 1483/43/1580
f 1486/43/1583 1484/43/1581 1483/43/1580 1485/43/1582
f 1488/44/1585 1486/43/1583 1485/43/1582 1487/44/1584
f 1490/44/1587 1488/44/1585 1487/44/1584 1489/44/1586
f 1492/45/1589 1490/44/1587 1489/44/1586 1491/45/1588
f 1494/45/1591 1492/45/1589 1491/45/1588 1493/45/1590
f 1496/46/1593 1494/45/1591 1493/45/1590 1495/46/1592
f 1498/46/1595 1496/46/1593 1495/46/1592 1497/46/1594
f 1500/47/1597 1498/46/1595 1497/46/1594 1499/47/1596
f 1502/47/1599 1500/47/1597 1499/47/1596 1501/47/1598
f 1504/47/1601 1502/47/1599 1501/47/1598 1503/47/1600
f 1473/48/1570 1504/47/1601 1503/47/1600 1475/48/1572
f 1508/47/1605 1505/48/1602 1507/48/1604 1506/47/1603
f 1510/47/1607 1508/47/1605 1506/47/1603 1509/47/1606
f 1512/47/1609 1510/47/1607 1509/47/1606 1511/47/1608
f 1514/46/1611 1512/47/1609 1511/47/1608 1513/46/1610
f 1516/46/1613 1514/46/1611 1513/46/1610 1515/46/1612
f 1518/45/1615 1516/46/1613 1515/46/1612 1517/45/1614
f 1520/45/1617 1518/45/1615 1517/45/1614 1519/45/1616
f 1522/44/1619 1520/45/1617 1519/45/1616 1521/44/1618
f 1524/44/1621 1522/44/1619 1521/44/1618 1523/44/1620
f 1526/43/1623 1524/44/1621 1523/44/1620 1525/43/1622
f 1528/43/1625 1526/43/1623 1525/43/1622 1527/43/1624
f 1530/43/1627 1528/43/1625 1527/43/1624 1529/43/1626
f 1532/42/1629 1530/43/1627 1529/43/1626 1531/42/1628
f 1534/42/1631 1532/42/1629 1531/42/1628 1533/42/1630
f 1536/41/1633 1534/42/1631 1533/42/1630 1535/41/1632
f 1505/41/1602 1536/41/1633 1535/41/1632 1507/41/1604
f 1540/44/1637 1539/44/1636 1538/44/1635 1537/44/1634
f 1542/45/1639 1540/44/1637 1537/44/1634 1541/45/1638
f 1544/45/1641 1542/45/1639 1541/45/1638 1543/45/1640
f 1546/46/1643 1544/45/1641 1543/45/1640 1545/46/1642
f 1548/46/1645 1546/46/1643 1545/46/1642 1547/46/1644
f 1550/47/1647 1548/46/1645 1547/46/1644 1549/47/1646
f 1552/47/1649 1550/47/1647 1549/47/1646 1551/47/1648
f 1554/47/1651 1552/47/1649 1551/47/1648 1553/47/1650
f 1558/42/1655 1555/42/1652 1557/42/1654 1556/42/1653
f 1560/41/1657 1558/42/1655 1556/42/1653 1559/41/1656
f 1562/41/1659 1560/41/1657 1559/41/1656 1561/41/1658
f 1561/48/1658 1554/47/1651 1553/47/1650 1562/48/1659
f 1564/43/1661 1538/44/1635 1539/44/1636 1563/43/1660
f 1566/43/1663 1564/43/1661 1563/43/1660 1565/43/1662
f 1568/43/1665 1566/43/1663 1565/43/1662 1567/43/1664
f 1555/42/1652 1568/43/1665 1567/43/1664 1557/42/1654
f 1572/45/1669 1571/45/1668 1570/46/1667 1569/46/1666
f 1574/45/1671 1573/45/1670 1571/45/1668 1572/45/1669
f 1576/44/1673 1575/44/1672 1573/45/1670 1574/45/1671
f 1578/44/1675 1577/44/1674 1575/44/1672 1576/44/1673
f 1580/46/1677 1579/46/1676 1569/46/1666 1570/46/1667
f 1582/47/1679 1581/47/1678 1579/46/1676 1580/46/1677
f 1584/47/1681 1583/47/1680 1581/47/1678 1582/47/1679
f 1586/47/1683 1585/47/1682 1583/47/1680 1584/47/1681
f 1590/41/1687 1587/41/1684 1589/41/1686 1588/41/1685
f 1592/42/1689 1591/42/1688 1587/41/1684 1590/41/1687
f 1594/42/1691 1593/42/1690 1591/42/1688 1592/42/1689
f 1585/47/1682 1586/47/1683 1588/48/1685 1589/48/1686
f 1596/43/1693 1595/43/1692 1593/42/1690 1594/42/1691
f 1598/43/1695 1597/43/1694 1595/43/1692 1596/43/1693
f 1600/43/1697 1599/43/1696 1597/43/1694 1598/43/1695
f 1577/44/1674 1578/44/1675 1599/43/1696 1600/43/1697
f 1536/49/1633 1505/49/1602 1589/49/1686 1587/49/1684
f 1534/50/1631 1536/49/1633 1587/49/1684 1591/50/1688
f 1532/50/1629 1534/50/1631 1591/50/1688 1593/50/1690
f 1530/51/1627 1532/50/1629 1593/50/1690 1595/51/1692
f 1528/51/1625 1530/51/1627 1595/51/1692 1597/51/1694
f 1526/51/1623 1528/51/1625 1597/51/1694 1599/51/1696
f 1524/52/1621 1526/51/1623 1599/51/1696 1578/52/1675
f 1522/52/1619 1524/52/1621 1578/52/1675 1576/52/1673
f 1520/53/1617 1522/52/1619 1576/52/1673 1574/53/1671
f 1518/53/1615 1520/53/1617 1574/53/1671 1572/53/1669
f 1516/54/1613 1518/53/1615 1572/53/1669 1569/54/1666
f 1514/54/1611 1516/54/1613 1569/54/1666 1579/54/1676
f 1512/55/1609 1514/54/1611 1579/54/1676 1581/55/1678
f 1510/55/1607 1512/55/1609 1581/55/1678 1583/55/1680
f 1508/55/1605 1510/55/1607 1583/55/1680 1585/55/1682
f 1505/56/1602 1508/55/1605 1585/55/1682 1589/56/1686
f 1590/49/1687 1588/49/1685 1473/49/1570 1476/49/1573
f 1592/50/1689 1590/49/1687 1476/49/1573 1478/50/1575
f 1594/50/1691 1592/50/1689 1478/50/1575 1480/50/1577
f 1596/51/1693 1594/50/1691 1480/50/1577 1482/51/1579
f 1598/51/1695 1596/51/1693 1482/51/1579 1484/51/1581
f 1600/51/1697 1598/51/1695 1484/51/1581 1486/51/1583
f 1577/52/1674 1600/51/1697 1486/51/1583 1488/52/1585
f 1575/52/1672 1577/52/1674 1488/52/1585 1490/52/1587
f 1573/53/1670 1575/52/1672 1490/52/1587 1492/53/1589
f 1571/53/1668 1573/53/1670 1492/53/1589 1494/53/1591
f 1570/54/1667 1571/53/1668 1494/53/1591 1496/54/1593
f 1580/54/1677 1570/54/1667 1496/54/1593 1498/54/1595
f 1582/55/1679 1580/54/1677 1498/54/1595 1500/55/1597
f 1584/55/1681 1582/55/1679 1500/55/1597 1502/55/1599
f 1586/55/1683 1584/55/1681 1502/55/1599 1504/55/1601
f 1588/56/1685 1586/55/1683 1504/55/1601 1473/56/1570
f 1560/49/1657 1562/49/1659 1507/49/1604 1535/49/1632
f 1558/50/1655 1560/49/1657 1535/49/1632 1533/50/1630
f 1555/50/1652 1558/50/1655 1533/50/1630 1531/50/1628
f 1568/51/1665 1555/50/1652 1531/50/1628 1529/51/1626
f 1566/51/1663 1568/51/1665 1529/51/1626 1527/51/1624
f 1564/51/1661 1566/51/1663 1527/51/1624 1525/51/1622
f 1538/52/1635 1564/51/1661 1525/51/1622 1523/52/1620
f 1537/52/1634 1538/52/1635 1523/52/1620 1521/52/1618
f 1541/53/1638 1537/52/1634 1521/52/1618 1519/53/1616
f 1543/53/1640 1541/53/1638 1519/53/1616 1517/53/1614
f 1545/54/1642 1543/53/1640 1517/53/1614 1515/54/1612
f 1547/54/1644 1545/54/1642 1515/54/1612 1513/54/1610
f 1549/55/1646 1547/54/1644 1513/54/1610 1511/55/1608
f 1551/55/1648 1549/55/1646 1511/55/1608 1509/55/1606
f 1553/55/1650 1551/55/1648 1509/55/1606 1506/55/1603
f 1562/56/1659 1553/55/1650 1506/55/1603 1507/56/1604
f 1474/49/1571 1475/49/1572 1561/49/1658 1559/49/1656
f 1477/50/1574 1474/49/1571 1559/49/1656 1556/50/1653
f 1479/50/1576 1477/50/1574 1556/50/1653 1557/50/1654
f 1481/51/1578 1479/50/1576 1557/50/1654 1567/51/1664
f 1483/51/1580 1481/51/1578 1567/51/1664 1565/51/1662
f 1485/51/1582 1483/51/1580 1565/51/1662 1563/51/1660
f 1487/52/1584 1485/51/1582 1563/51/1660 1539/52/1636
f 1489/52/1586 1487/52/1584 1539/52/1636 1540/52/1637
f 1491/53/1588 1489/52/1586 1540/52/1637 1542/53/1639
f 1493/53/1590 1491/53/1588 1542/53/1639 1544/53/1641
f 1495/54/1592 1493/53/1590 1544/53/1641 1546/54/1643
f 1497/54/1594 1495/54/1592 1546/54/1643 1548/54/1645
f 1499/55/1596 1497/54/1594 1548/54/1645 1550/55/1647
f 1501/55/1598 1499/55/1596 1550/55/1647 1552/55/1649
f 1503/55/1600 1501/55/1598 1552/55/1649 1554/55/1651
f 1475/56/1572 1503/55/1600 1554/55/1651 1561/56/1658
f 1604/41/1701 1601/41/1698 1603/41/1700 1602/41/1699
f 1606/42/1703 1604/41/1701 1602/41/1699 1605/42/1702
f 1608/42/1705 1606/42/1703 1605/42/1702 1607/42/1704
f 1610/43/1707 1608/42/1705 1607/42/1704 1609/43/1706
f 1612/43/1709 1610/43/1707 1609/43/1706 1611/43/1708
f 1614/43/1711 1612/43/1709 1611/43/1708 1613/43/1710
f 1616/44/1713 1614/43/1711 1613/43/1710 1615/44/1712
f 1618/44/1715 1616/44/1713 1615/44/1712 1617/44/1714
f 1620/45/1717 1618/44/1715 1617/44/1714 1619/45/1716
f 1622/45/1719 1620/45/1717 1619/45/1716 1621/45/1718
f 1624/46/1721 1622/45/1719 1621/45/1718 1623/46/1720
f 1626/46/1723 1624/46/1721 1623/46/1720 1625/46/1722
f 1628/47/1725 1626/46/1723 1625/46/1722 1627/47/1724
f 1630/47/1727 1628/47/1725 1627/47/1724 1629/47/1726
f 1632/47/1729 1630/47/1727 1629/47/1726 1631/47/1728
f 1601/48/1698 1632/47/1729 1631/47/1728 1603/48/1700
f 1636/47/1733 1633/48/1730 1635/48/1732 1634/47/1731
f 1638/47/1735 1636/47/1733 1634/47/1731 1637/47/1734
f 1640/47/1737 1638/47/1735 1637/47/1734 1639/47/1736
f 1642/46/1739 1640/47/1737 1639/47/1736 1641/46/1738
f 1644/46/1741 1642/46/1739 1641/46/1738 1643/46/1740
f 1646/45/1743 1644/46/1741 1643/46/1740 1645/45/1742
f 1648/45/1745 1646/45/1743 1645/45/1742 1647/45/1744
f 1650/44/1747 1648/45/1745 1647/45/1744 1649/44/1746
f 1652/44/1749 1650/44/1747 1649/44/1746 1651/44/1748
f 1654/43/1751 1652/44/1749 1651/44/1748 1653/43/1750
f 1656/43/1753 1654/43/1751 1653/43/1750 1655/43/1752
f 1658/43/1755 1656/43/1753 1655/43/1752 1657/43/1754
f 1660/42/1757 1658/43/1755 1657/43/1754 1659/42/1756
f 1662/42/1759 1660/42/1757 1659/42/1756 1661/42/1758
f 1664/41/1761 1662/42/1759 1661/42/1758 1663/41/1760
f 1633/41/1730 1664/41/1761 1663/41/1760 1635/41/1732
f 1668/44/1765 1667/44/1764 1666/44/1763 1665/44/1762
f 1670/45/1767 1668/44/1765 1665/44/1762 1669/45/1766
f 1672/45/1769 1670/45/1767 1669/45/1766 1671/45/1768
f 1674/46/1771 1672/45/1769 1671/45/1768 1673/46/1770
f 1676/46/1773 1674/46/1771 1673/46/1770 1675/46/1772
f 1678/47/1775 1676/46/1773 1675/46/1772 1677/47/1774
f 1680/47/1777 1678/47/1775 1677/47/1774 1679/47/1776
f 1682/47/1779 1680/47/1777 1679/47/1776 1681/47/1778
f 1686/42/1783 1683/42/1780 1685/42/1782 1684/42/1781
f 1688/41/1785 1686/42/1783 1684/42/1781 1687/41/1784
f 1690/41/1787 1688/41/1785 1687/41/1784 1689/41/1786
f 1689/48/1786 1682/47/1779 1681/47/1778 1690/48/1787
f 1692/43/1789 1666/44/1763 1667/44/1764 1691/43/1788
f 1694/43/1791 1692/43/1789 1691/43/1788 1693/43/1790
f 1696/43/1793 1694/43/1791 1693/43/1790 1695/43/1792
f 1683/42/1780 1696/43/1793 1695/43/1792 1685/42/1782
f 1700/45/1797 1699/45/1796 1698/46/1795 1697/46/1794
f 1702/45/1799 1701/45/1798 1699/45/1796 1700/45/1797
f 1704/44/1801 1703/44/1800 1701/45/1798 1702/45/1799
f 1706/44/1803 1705/44/1802 1703/44/1800 1704/44/1801
f 1708/46/1805 1707/46/1804 1697/46/1794 1698/46/1795
f 1710/47/1807 1709/47/1806 1707/46/1804 1708/46/1805
f 1712/47/1809 1711/47/1808 1709/47/1806 1710/47/1807
f 1714/47/1811 1713/47/1810 1711/47/1808 1712/47/1809
f 1718/41/1815 1715/41/1812 1717/41/1814 1716/41/1813
f 1720/42/1817 1719/42/1816 1715/41/1812 1718/41/1815
f 1722/42/1819 1721/42/1818 1719/42/1816 1720/42/1817
f 1713/47/1810 1714/47/1811 1716/48/1813 1717/48/1814
f 1724/43/1821 1723/43/1820 1721/42/1818 1722/42/1819
f 1726/43/1823 1725/43/1822 1723/43/1820 1724/43/1821
f 1728/43/1825 1727/43/1824 1725/43/1822 1726/43/1823
f 1705/44/1802 1706/44/1803 1727/43/1824 1728/43/1825
f 1664/49/1761 1633/49/1730 1717/49/1814 1715/49/1812
f 1662/50/1759 1664/49/1761 1715/49/1812 1719/50/1816
f 1660/50/1757 1662/50/1759 1719/50/1816 1721/50/1818
f 1658/51/1755 1660/50/1757 1721/50/1818 1723/51/1820
f 1656/51/1753 1658/51/1755 1723/51/1820 1725/51/1822
f 1654/51/1751 1656/51/1753 1725/51/1822 1727/51/1824
f 1652/52/1749 1654/51/1751 1727/51/1824 1706/52/1803
f 1650/52/1747 1652/52/1749 1706/52/1803 1704/52/1801
f 1648/53/1745 1650/52/1747 1704/52/1801 1702/53/1799
f 1646/53/1743 1648/53/1745 1702/53/1799 1700/53/1797
f 1644/54/1741 1646/53/1743 1700/53/1797 1697/54/1794
f 1642/54/1739 1644/54/1741 1697/54/1794 1707/54/1804
f 1640/55/1737 1642/54/1739 1707/54/1804 1709/55/1806
f 1638/55/1735 1640/55/1737 1709/55/1806 1711/55/1808
f 1636/55/1733 1638/55/1735 1711/55/1808 1713/55/1810
f 1633/56/1730 1636/55/1733 1713/55/1810 1717/56/1814
f 1718/49/1815 1716/49/1813 1601/49/1698 1604/49/1701
f 1720/50/1817 1718/49/1815 1604/49/1701 1606/50/1703
f 1722/50/1819 1720/50/1817 1606/50/1703 1608/50/1705
f 1724/51/1821 1722/50/1819 1608/50/1705 1610/51/1707
f 1726/51/1823 1724/51/1821 1610/51/1707 1612/51/1709
f 1728/51/1825 1726/51/1823 1612/51/1709 1614/51/1711
f 1705/52/1802 1728/51/1825 1614/51/1711 1616/52/1713
f 1703/52/1800 1705/52/1802 1616/52/1713 1618/52/1715
f 1701/53/1798 1703/52/1800 1618/52/1715 1620/53/1717
f 1699/53/1796 1701/53/1798 1620/53/1717 1622/53/1719
f 1698/54/1795 1699/53/1796 1622/53/1719 1624/54/1721
f 1708/54/1805 1698/54/1795 1624/54/1721 1626/54/1723
f 1710/55/1807 1708/54/1805 1626/54/1723 1628/55/1725
f 1712/55/1809 1710/55/1807 1628/55/1725 1630/55/1727
f 1714/55/1811 1712/55/1809 1630/55/1727 1632/55/1729
f 1716/56/1813 1714/55/1811 1632/55/1729 1601/56/1698
f 1688/49/1785 1690/49/1787 1635/49/1732 1663/49/1760
f 1686/50/1783 1688/49/1785 1663/49/1760 1661/50/1758
f 1683/50/1780 1686/50/1783 1661/50/1758 1659/50/1756
f 1696/51/1793 1683/50/1780 1659/50/1756 1657/51/1754
f 1694/51/1791 1696/51/1793 1657/51/1754 1655/51/1752
f 1692/51/1789 1694/51/1791 1655/51/1752 1653/51/1750
f 1666/52/1763 1692/51/1789 1653/51/1750 1651/52/1748
f 1665/52/1762 1666/52/1763 1651/52/1748 1649/52/1746
f 1669/53/1766 1665/52/1762 1649/52/1746 1647/53/1744
f 1671/53/1768 1669/53/1766 1647/53/1744 1645/53/1742
f 1673/54/1770 1671/53/1768 1645/53/1742 1643/54/1740
f 1675/54/1772 1673/54/1770 1643/54/1740 1641/54/1738
f 1677/55/1774 1675/54/1772 1641/54/1738 1639/55/1736
f 1679/55/1776 1677/55/1774 1639/55/1736 1637/55/1734
f 1681/55/1778 1679/55/1776 1637/55/1734 1634/55/1731
f 1690/56/1787 1681/55/1778 1634/55/1731 1635/56/1732
f 1602/49/1699 1603/49/1700 1689/49/1786 1687/49/1784
f 1605/50/1702 1602/49/1699 1687/49/1784 1684/50/1781
f 1607/50/1704 1605/50/1702 1684/50/1781 1685/50/1782
f 1609/51/1706 1607/50/1704 1685/50/1782 1695/51/1792
f 1611/51/1708 1609/51/1706 1695/51/1792 1693/51/1790
f 1613/51/1710 1611/51/1708 1693/51/1790 1691/51/1788
f 1615/52/1712 1613/51/1710 1691/51/1788 1667/52/1764
f 1617/52/1714 1615/52/1712 1667/52/1764 1668/52/1765
f 1619/53/1716 1617/52/1714 1668/52/1765 1670/53/1767
f 1621/53/1718 1619/53/1716 1670/53/1767 1672/53/1769
f 1623/54/1720 1621/53/1718 1672/53/1769 1674/54/1771
f 1625/54/1722 1623/54/1720 1674/54/1771 1676/54/1773
f 1627/55/1724 1625/54/1722 1676/54/1773 1678/55/1775
f 1629/55/1726 1627/55/1724 1678/55/1775 1680/55/1777
f 1631/55/1728 1629/55/1726 1680/55/1777 1682/55/1779
f 1603/56/1700 1631/55/1728 1682/55/1779 1689/56/1786
f 1732/41/1733 1729/41/1730 1731/41/1732 1730/41/1731
f 1734/42/1826 1732/41/1733 1730/41/1731 1733/42/1734
f 1736/42/1828 1734/42/1826 1733/42/1734 1735/42/1827
f 1738/43/1739 1736/42/1828 1735/42/1827 1737/43/1829
f 1740/43/1831 1738/43/1739 1737/43/1829 1739/43/1830
f 1742/43/1833 1740/43/1831 1739/43/1830 1741/43/1832
f 1744/44/1745 1742/43/1833 1741/43/1832 1743/44/1744
f 1746/44/1747 1744/44/1745 1743/44/1744 1745/44/1746
f 1748/45/1835 1746/44/1747 1745/44/1746 1747/45/1834
f 1750/45/1837 1748/45/1835 1747/45/1834 1749/45/1836
f 1752/46/1839 1750/45/1837 1749/45/1836 1751/46/1838
f 1754/46/1755 1752/46/1839 1751/46/1838 1753/46/1754
f 1756/47/1841 1754/46/1755 1753/46/1754 1755/47/1840
f 1758/47/1843 1756/47/1841 1755/47/1840 1757/47/1842
f 1760/47/1845 1758/47/1843 1757/47/1842 1759/47/1844
f 1729/48/1730 1760/47/1845 1759/47/1844 1731/48/1732
f 1764/47/1701 1761/48/1698 1763/48/1700 1762/47/1699
f 1766/47/1847 1764/47/1701 1762/47/1699 1765/47/1846
f 1768/47/1849 1766/47/1847 1765/47/1846 1767/47/1848
f 1770/46/1707 1768/47/1849 1767/47/1848 1769/46/1850
f 1772/46/1852 1770/46/1707 1769/46/1850 1771/46/1851
f 1774/45/1853 1772/46/1852 1771/46/1851 1773/45/1710
f 1776/45/1713 1774/45/1853 1773/45/1710 1775/45/1712
f 1778/44/1715 1776/45/1713 1775/45/1712 1777/44/1714
f 1780/44/1855 1778/44/1715 1777/44/1714 1779/44/1854
f 1782/43/1857 1780/44/1855 1779/44/1854 1781/43/1856
f 1784/43/1859 1782/43/1857 1781/43/1856 1783/43/1858
f 1786/43/1723 1784/43/1859 1783/43/1858 1785/43/1722
f 1788/42/1861 1786/43/1723 1785/43/1722 1787/42/1860
f 1790/42/1863 1788/42/1861 1787/42/1860 1789/42/1862
f 1792/41/1865 1790/42/1863 1789/42/1862 1791/41/1864
f 1761/41/1698 1792/41/1865 1791/41/1864 1763/41/1700
f 1796/44/1868 1795/44/1766 1794/44/1867 1793/44/1866
f 1798/45/1869 1796/44/1868 1793/44/1866 1797/45/1764
f 1800/45/1789 1798/45/1869 1797/45/1764 1799/45/1788
f 1802/46/1871 1800/45/1789 1799/45/1788 1801/46/1870
f 1804/46/1793 1802/46/1871 1801/46/1870 1803/46/1792
f 1806/47/1873 1804/46/1793 1803/46/1792 1805/47/1872
f 1808/47/1783 1806/47/1873 1805/47/1872 1807/47/1781
f 1810/47/1874 1808/47/1783 1807/47/1781 1809/47/1784
f 1814/42/1777 1811/42/1875 1813/42/1877 1812/42/1876
f 1816/41/1779 1814/42/1777 1812/42/1876 1815/41/1778
f 1818/41/1879 1816/41/1779 1815/41/1778 1817/41/1878
f 1817/48/1878 1810/47/1874 1809/47/1784 1818/48/1879
f 1820/43/1769 1794/44/1867 1795/44/1766 1819/43/1768
f 1822/43/1881 1820/43/1769 1819/43/1768 1821/43/1880
f 1824/43/1773 1822/43/1881 1821/43/1880 1823/43/1772
f 1811/42/1875 1824/43/1773 1823/43/1772 1813/42/1877
f 1828/45/1825 1827/45/1824 1826/46/1883 1825/46/1882
f 1830/45/1802 1829/45/1803 1827/45/1824 1828/45/1825
f 1832/44/1800 1831/44/1801 1829/45/1803 1830/45/1802
f 1834/44/1798 1833/44/1799 1831/44/1801 1832/44/1800
f 1836/46/1820 1835/46/1821 1825/46/1882 1826/46/1883
f 1838/47/1885 1837/47/1884 1835/46/1821 1836/46/1820
f 1840/47/1816 1839/47/1817 1837/47/1884 1838/47/1885
f 1842/47/1812 1841/47/1815 1839/47/1817 1840/47/1816
f 1846/41/1810 1843/41/1811 1845/41/1813 1844/41/1814
f 1848/42/1808 1847/42/1809 1843/41/1811 1846/41/1810
f 1850/42/1887 1849/42/1886 1847/42/1809 1848/42/1808
f 1841/47/1815 1842/47/1812 1844/48/1814 1845/48/1813
f 1852/43/1804 1851/43/1805 1849/42/1886 1850/42/1887
f 1854/43/1889 1853/43/1888 1851/43/1805 1852/43/1804
f 1856/43/1797 1855/43/1796 1853/43/1888 1854/43/1889
f 1833/44/1799 1834/44/1798 1855/43/1796 1856/43/1797
f 1792/49/1865 1761/49/1698 1845/49/1813 1843/49/1811
f 1790/50/1863 1792/49/1865 1843/49/1811 1847/50/1809
f 1788/50/1861 1790/50/1863 1847/50/1809 1849/50/1886
f 1786/51/1723 1788/50/1861 1849/50/1886 1851/51/1805
f 1784/51/1859 1786/51/1723 1851/51/1805 1853/51/1888
f 1782/51/1857 1784/51/1859 1853/51/1888 1855/51/1796
f 1780/52/1855 1782/51/1857 1855/51/1796 1834/52/1798
f 1778/52/1715 1780/52/1855 1834/52/1798 1832/52/1800
f 1776/53/1713 1778/52/1715 1832/52/1800 1830/53/1802
f 1774/53/1853 1776/53/1713 1830/53/1802 1828/53/1825
f 1772/54/1852 1774/53/1853 1828/53/1825 1825/54/1882
f 1770/54/1707 1772/54/1852 1825/54/1882 1835/54/1821
f 1768/55/1849 1770/54/1707 1835/54/1821 1837/55/1884
f 1766/55/1847 1768/55/1849 1837/55/1884 1839/55/1817
f 1764/55/1701 1766/55/1847 1839/55/1817 1841/55/1815
f 1761/56/1698 1764/55/1701 1841/55/1815 1845/56/1813
f 1846/49/1810 1844/49/1814 1729/49/1730 1732/49/1733
f 1848/50/1808 1846/49/1810 1732/49/1733 1734/50/1826
f 1850/50/1887 1848/50/1808 1734/50/1826 1736/50/1828
f 1852/51/1804 1850/50/1887 1736/50/1828 1738/51/1739
f 1854/51/1889 1852/51/1804 1738/51/1739 1740/51/1831
f 1856/51/1797 1854/51/1889 1740/51/1831 1742/51/1833
f 1833/52/1799 1856/51/1797 1742/51/1833 1744/52/1745
f 1831/52/1801 1833/52/1799 1744/52/1745 1746/52/1747
f 1829/53/1803 1831/52/1801 1746/52/1747 1748/53/1835
f 1827/53/1824 1829/53/1803 1748/53/1835 1750/53/1837
f 1826/54/1883 1827/53/1824 1750/53/1837 1752/54/1839
f 1836/54/1820 1826/54/1883 1752/54/1839 1754/54/1755
f 1838/55/1885 1836/54/1820 1754/54/1755 1756/55/1841
f 1840/55/1816 1838/55/1885 1756/55/1841 1758/55/1843
f 1842/55/1812 1840/55/1816 1758/55/1843 1760/55/1845
f 1844/56/1814 1842/55/1812 1760/55/1845 1729/56/1730
f 1816/49/1779 1818/49/1879 1763/49/1700 1791/49/1864
f 1814/50/1777 1816/49/1779 1791/49/1864 1789/50/1862
f 1811/50/1875 1814/50/1777 1789/50/1862 1787/50/1860
f 1824/51/1773 1811/50/1875 1787/50/1860 1785/51/1722
f 1822/51/1881 1824/51/1773 1785/51/1722 1783/51/1858
f 1820/51/1769 1822/51/1881 1783/51/1858 1781/51/1856
f 1794/52/1867 1820/51/1769 1781/51/1856 1779/52/1854
f 1793/52/1866 1794/52/1867 1779/52/1854 1777/52/1714
f 1797/53/1764 1793/52/1866 1777/52/1714 1775/53/1712
f 1799/53/1788 1797/53/1764 1775/53/1712 1773/53/1710
f 1801/54/1870 1799/53/1788 1773/53/1710 1771/54/1851
f 1803/54/1792 1801/54/1870 1771/54/1851 1769/54/1850
f 1805/55/1872 1803/54/1792 1769/54/1850 1767/55/1848
f 1807/55/1781 1805/55/1872 1767/55/1848 1765/55/1846
f 1809/55/1784 1807/55/1781 1765/55/1846 1762/55/1699
f 1818/56/1879 1809/55/1784 1762/55/1699 1763/56/1700
f 1730/49/1731 1731/49/1732 1817/49/1878 1815/49/1778
f 1733/50/1734 1730/49/1731 1815/49/1778 1812/50/1876
f 1735/50/1827 1733/50/1734 1812/50/1876 1813/50/1877
f 1737/51/1829 1735/50/1827 1813/50/1877 1823/51/1772
f 1739/51/1830 1737/51/1829 1823/51/1772 1821/51/1880
f 1741/51/1832 1739/51/1830 1821/51/1880 1819/51/1768
f 1743/52/1744 1741/51/1832 1819/51/1768 1795/52/1766
f 1745/52/1746 1743/52/1744 1795/52/1766 1796/52/1868
f 1747/53/1834 1745/52/1746 1796/52/1868 1798/53/1869
f 1749/53/1836 1747/53/1834 1798/53/1869 1800/53/1789
f 1751/54/1838 1749/53/1836 1800/53/1789 1802/54/1871
f 1753/54/1754 1751/54/1838 1802/54/1871 1804/54/1793
f 1755/55/1840 1753/54/1754 1804/54/1793 1806/55/1873
f 1757/55/1842 1755/55/1840 1806/55/1873 1808/55/1783
f 1759/55/1844 1757/55/1842 1808/55/1783 1810/55/1874
f 1731/56/1732 1759/55/1844 1810/55/1874 1817/56/1878
f 1860/41/1733 1857/41/1730 1859/41/1732 1858/41/1731
f 1862/42/1826 1860/41/1733 1858/41/1731 1861/42/1734
f 1864/42/1828 1862/42/1826 1861/42/1734 1863/42/1827
f 1866/43/1739 1864/42/1828 1863/42/1827 1865/43/1829
f 1868/43/1831 1866/43/1739 1865/43/1829 1867/43/1830
f 1870/43/1833 1868/43/1831 1867/43/1830 1869/43/1832
f 1872/44/1745 1870/43/1833 1869/43/1832 1871/44/1744
f 1874/44/1747 1872/44/1745 1871/44/1744 1873/44/1746
f 1876/45/1835 1874/44/1747 1873/44/1746 1875/45/1834
f 1878/45/1837 1876/45/1835 1875/45/1834 1877/45/1836
f 1880/46/1839 1878/45/1837 1877/45/1836 1879/46/1838
f 1882/46/1755 1880/46/1839 1879/46/1838 1881/46/1754
f 1884/47/1841 1882/46/1755 1881/46/1754 1883/47/1840
f 1886/47/1843 1884/47/1841 1883/47/1840 1885/47/1842
f 1888/47/1845 1886/47/1843 1885/47/1842 1887/47/1844
f 1857/48/1730 1888/47/1845 1887/47/1844 1859/48/1732
f 1892/47/1701 1889/48/1698 1891/48/1700 1890/47/1699
f 1894/47/1847 1892/47/1701 1890/47/1699 1893/47/1846
f 1896/47/1849 1894/47/1847 1893/47/1846 1895/47/1848
f 1898/46/1707 1896/47/1849 1895/47/1848 1897/46/1850
f 1900/46/1852 1898/46/1707 1897/46/1850 1899/46/1851
f 1902/45/1853 1900/46/1852 1899/46/1851 1901/45/1710
f 1904/45/1713 1902/45/1853 1901/45/1710 1903/45/1712
f 1906/44/1715 1904/45/1713 1903/45/1712 1905/44/1714
f 1908/44/1855 1906/44/1715 1905/44/1714 1907/44/1854
f 1910/43/1857 1908/44/1855 1907/44/1854 1909/43/1856
f 1912/43/1859 1910/43/1857 1909/43/1856 1911/43/1858
f 1914/43/1723 1912/43/1859 1911/43/1858 1913/43/1722
f 1916/42/1861 1914/43/1723 1913/43/1722 1915/42/1860
f 1918/42/1863 1916/42/1861 1915/42/1860 1917/42/1862
f 1920/41/1865 1918/42/1863 1917/42/1862 1919/41/1864
f 1889/41/1698 1920/41/1865 1919/41/1864 1891/41/1700
f 1924/44/1868 1923/44/1766 1922/44/1867 1921/44/1765
f 1926/45/1869 1924/44/1868 1921/44/1765 1925/45/1764
f 1928/45/1789 1926/45/1869 1925/45/1764 1927/45/1788
f 1930/46/1871 1928/45/1789 1927/45/1788 1929/46/1870
f 1932/46/1793 1930/46/1871 1929/46/1870 1931/46/1792
f 1934/47/1873 1932/46/1793 1931/46/1792 1933/47/1872
f 1936/47/1783 1934/47/1873 1933/47/1872 1935/47/1781
f 1938/47/1874 1936/47/1783 1935/47/1781 1937/47/1784
f 1942/42/1777 1939/42/1875 1941/42/1877 1940/42/1876
f 1944/41/1779 1942/42/1777 1940/42/1876 1943/41/1778
f 1946/41/1879 1944/41/1779 1943/41/1778 1945/41/1878
f 1945/48/1878 1938/47/1874 1937/47/1784 1946/48/1879
f 1948/43/1769 1922/44/1867 1923/44/1766 1947/43/1768
f 1950/43/1881 1948/43/1769 1947/43/1768 1949/43/1880
f 1952/43/1773 1950/43/1881 1949/43/1880 1951/43/1772
f 1939/42/1875 1952/43/1773 1951/43/1772 1941/42/1877
f 1956/45/1825 1955/45/1824 1954/46/1883 1953/46/1882
f 1958/45/1802 1957/45/1803 1955/45/1824 1956/45/1825
f 1960/44/1800 1959/44/1801 1957/45/1803 1958/45/1802
f 1962/44/1798 1961/44/1799 1959/44/1801 1960/44/1800
f 1964/46/1820 1963/46/1821 1953/46/1882 1954/46/1883
f 1966/47/1885 1965/47/1884 1963/46/1821 1964/46/1820
f 1968/47/1816 1967/47/1817 1965/47/1884 1966/47/1885
f 1970/47/1812 1969/47/1815 1967/47/1817 1968/47/1816
f 1974/41/1810 1971/41/1811 1973/41/1813 1972/41/1814
f 1976/42/1808 1975/42/1809 1971/41/1811 1974/41/1810
f 1978/42/1887 1977/42/1886 1975/42/1809 1976/42/1808
f 1969/47/1815 1970/47/1812 1972/48/1814 1973/48/1813
f 1980/43/1804 1979/43/1805 1977/42/1886 1978/42/1887
f 1982/43/1889 1981/43/1888 1979/43/1805 1980/43/1804
f 1984/43/1797 1983/43/1796 1981/43/1888 1982/43/1889
f 1961/44/1799 1962/44/1798 1983/43/1796 1984/43/1797
f 1920/49/1865 1889/49/1698 1973/49/1813 1971/49/1811
f 1918/50/1863 1920/49/1865 1971/49/1811 1975/50/1809
f 1916/50/1861 1918/50/1863 1975/50/1809 1977/50/1886
f 1914/51/1723 1916/50/1861 1977/50/1886 1979/51/1805
f 1912/51/1859 1914/51/1723 1979/51/1805 1981/51/1888
f 1910/51/1857 1912/51/1859 1981/51/1888 1983/51/1796
f 1908/52/1855 1910/51/1857 1983/51/1796 1962/52/1798
f 1906/52/1715 1908/52/1855 1962/52/1798 1960/52/1800
f 1904/53/1713 1906/52/1715 1960/52/1800 1958/53/1802
f 1902/53/1853 1904/53/1713 1958/53/1802 1956/53/1825
f 1900/54/1852 1902/53/1853 1956/53/1825 1953/54/1882
f 1898/54/1707 1900/54/1852 1953/54/1882 1963/54/1821
f 1896/55/1849 1898/54/1707 1963/54/1821 1965/55/1884
f 1894/55/1847 1896/55/1849 1965/55/1884 1967/55/1817
f 1892/55/1701 1894/55/1847 1967/55/1817 1969/55/1815
f 1889/56/1698 1892/55/1701 1969/55/1815 1973/56/1813
f 1974/49/1810 1972/49/1814 1857/49/1730 1860/49/1733
f 1976/50/1808 1974/49/1810 1860/49/1733 1862/50/1826
f 1978/50/1887 1976/50/1808 1862/50/1826 1864/50/1828
f 1980/51/1804 1978/50/1887 1864/50/1828 1866/51/1739
f 1982/51/1889 1980/51/1804 1866/51/1739 1868/51/1831
f 1984/51/1797 1982/51/1889 1868/51/1831 1870/51/1833
f 1961/52/1799 1984/51/1797 1870/51/1833 1872/52/1745
f 1959/52/1801 1961/52/1799 1872/52/1745 1874/52/1747
f 1957/53/1803 1959/52/1801 1874/52/1747 1876/53/1835
f 1955/53/1824 1957/53/1803 1876/53/1835 1878/53/1837
f 1954/54/1883 1955/53/1824 1878/53/1837 1880/54/1839
f 1964/54/1820 1954/54/1883 1880/54/1839 1882/54/1755
f 1966/55/1885 1964/54/1820 1882/54/1755 1884/55/1841
f 1968/55/1816 1966/55/1885 1884/55/1841 1886/55/1843
f 1970/55/1812 1968/55/1816 1886/55/1843 1888/55/1845
f 1972/56/1814 1970/55/1812 1888/55/1845 1857/56/1730
f 1944/49/1779 1946/49/1879 1891/49/1700 1919/49/1864
f 1942/50/1777 1944/49/1779 1919/49/1864 1917/50/1862
f 1939/50/1875 1942/50/1777 1917/50/1862 1915/50/1860
f 1952/51/1773 1939/50/1875 1915/50/1860 1913/51/1722
f 1950/51/1881 1952/51/1773 1913/51/1722 1911/51/1858
f 1948/51/1769 1950/51/1881 1911/51/1858 1909/51/1856
f 1922/52/1867 1948/51/1769 1909/51/1856 1907/52/1854
f 1921/52/1765 1922/52/1867 1907/52/1854 1905/52/1714
f 1925/53/1764 1921/52/1765 1905/52/1714 1903/53/1712
f 1927/53/1788 1925/53/1764 1903/53/1712 1901/53/1710
f 1929/54/1870 1927/53/1788 1901/53/1710 1899/54/1851
f 1931/54/1792 1929/54/1870 1899/54/1851 1897/54/1850
f 1933/55/1872 1931/54/1792 1897/54/1850 1895/55/1848
f 1935/55/1781 1933/55/1872 1895/55/1848 1893/55/1846
f 1937/55/1784 1935/55/1781 1893/55/1846 1890/55/1699
f 1946/56/1879 1937/55/1784 1890/55/1699 1891/56/1700
f 1858/49/1731 1859/49/1732 1945/49/1878 1943/49/1778
f 1861/50/1734 1858/49/1731 1943/49/1778 1940/50/1876
f 1863/50/1827 1861/50/1734 1940/50/1876 1941/50/1877
f 1865/51/1829 1863/50/1827 1941/50/1877 1951/51/1772
f 1867/51/1830 1865/51/1829 1951/51/1772 1949/51/1880
f 1869/51/1832 1867/51/1830 1949/51/1880 1947/51/1768
f 1871/52/1744 1869/51/1832 1947/51/1768 1923/52/1766
f 1873/52/1746 1871/52/1744 1923/52/1766 1924/52/1868
f 1875/53/1834 1873/52/1746 1924/52/1868 1926/53/1869
f 1877/53/1836 1875/53/1834 1926/53/1869 1928/53/1789
f 1879/54/1838 1877/53/1836 1928/53/1789 1930/54/1871
f 1881/54/1754 1879/54/1838 1930/54/1871 1932/54/1793
f 1883/55/1840 1881/54/1754 1932/54/1793 1934/55/1873
f 1885/55/1842 1883/55/1840 1934/55/1873 1936/55/1783
f 1887/55/1844 1885/55/1842 1936/55/1783 1938/55/1874
f 1859/56/1732 1887/55/1844 1938/55/1874 1945/56/1878

