# ProBuilder 6.1.2
# https://unity3d.com/unity/features/worldbuilding/probuilder
# 22.09.2026 2:26:47

mtllib ./Towers.mtl
o Towers

g View
v 0.5 0.1487163 -2.8E-07
v 0.4555887 0.04355812 -2.7E-07
v 0.420909 0.04355812 0.174346
v 0.4619397 0.1487163 0.1913415
v 0.3221499 0.04355812 0.3221496
v 0.5303472 0.8834774 -2.6E-07
v 0.3535534 0.1487163 0.3535531
v 0.4899769 0.8834774 0.2029549
v 0.5303472 2.116523 -2.6E-07
v 0.4899769 2.116523 0.2029549
v 0.5 2.851284 -2.8E-07
v 0.3750121 0.8834774 0.3750119
v 0.4619397 2.851284 0.1913415
v 0.4555887 2.956442 -2.7E-07
v 0.420909 2.956442 0.174346
v 0.2029551 0.8834774 0.4899767
v 0.1913418 0.1487163 0.4619395
v 0.3750121 2.116523 0.3750119
v 0.2029551 2.116523 0.4899767
v 0.1913418 2.851284 0.4619395
v 0.3535534 2.851284 0.3535531
v 0.3221499 2.956442 0.3221496
v 0.1743463 2.956442 0.4209087
v 0.1743463 0.04355812 0.4209087
v 3E-08 0.04355812 0.4555884
v 4E-08 0.1487163 0.4999998
v -0.1743462 0.04355812 0.4209087
v -0.1913417 0.1487163 0.4619395
v -0.2029551 0.8834774 0.4899768
v -2E-08 0.8834774 0.530347
v -2E-08 2.116523 0.530347
v 4E-08 2.851284 0.4999998
v 3E-08 2.956442 0.4555884
v -0.3221498 0.04355812 0.3221496
v -0.3535534 0.1487163 0.3535531
v -0.420909 0.04355812 0.174346
v -0.4619397 0.1487163 0.1913415
v -0.489977 0.8834774 0.2029549
v -0.3750122 0.8834774 0.3750119
v -0.3750122 2.116523 0.3750119
v -0.489977 2.116523 0.2029549
v -0.4619397 2.851284 0.1913415
v -0.2029551 2.116523 0.4899768
v -0.3535534 2.851284 0.3535531
v -0.1913417 2.851284 0.4619395
v -0.1743462 2.956442 0.4209087
v -0.3221498 2.956442 0.3221496
v -0.420909 2.956442 0.174346
v -0.5 2.851284 -2E-07
v -0.4555887 2.956442 -2E-07
v -0.4555887 0.04355812 -2E-07
v -0.5 0.1487163 -2E-07
v -0.420909 0.04355812 -0.1743464
v -0.5303473 0.8834774 -1.8E-07
v -0.4619397 0.1487163 -0.1913419
v -0.3221499 0.04355812 -0.32215
v -0.3535534 0.1487163 -0.3535536
v -0.3750122 0.8834774 -0.3750123
v -0.4899771 0.8834774 -0.2029553
v -0.5303473 2.116523 -1.8E-07
v -0.4899771 2.116523 -0.2029553
v -0.3750122 2.116523 -0.3750123
v -0.3535534 2.851284 -0.3535536
v -0.4619397 2.851284 -0.1913419
v -0.420909 2.956442 -0.1743464
v -0.3221499 2.956442 -0.32215
v -0.1913418 2.851284 -0.46194
v -0.1743463 2.956442 -0.4209092
v -4E-08 2.851284 -0.5000002
v -3E-08 2.956442 -0.4555889
v -0.2029552 2.116523 -0.4899772
v 0.1913417 2.851284 -0.46194
v 0.1743462 2.956442 -0.4209092
v -9.999999E-08 2.116523 -0.5303475
v 0.2029551 2.116523 -0.4899772
v 0.2029551 0.8834774 -0.4899772
v -0.2029552 0.8834774 -0.4899772
v -9.999999E-08 0.8834774 -0.5303475
v -0.1913418 0.1487163 -0.46194
v -4E-08 0.1487163 -0.5000002
v 0.1913417 0.1487163 -0.46194
v 0.1743462 0.04355812 -0.4209092
v -3E-08 0.04355812 -0.4555889
v -0.1743463 0.04355812 -0.4209092
v 0.3221498 0.04355812 -0.3221501
v 0.3535534 0.1487163 -0.3535537
v 0.420909 0.04355812 -0.1743465
v 0.375012 0.8834773 -0.3750124
v 0.4619397 0.1487163 -0.191342
v 0.4899769 0.8834773 -0.2029554
v 0.375012 2.116522 -0.3750124
v 0.4899769 2.116522 -0.2029554
v 0.3535534 2.851284 -0.3535537
v 0.3221498 2.956442 -0.3221501
v 0.4619397 2.851284 -0.191342
v 0.420909 2.956442 -0.1743465
v 0.3218521 3 -0.1333158
v 0.2463349 3 -0.2463352
v 0.1333155 3 -0.3218523
v 0.3483702 3 -2.6E-07
v -0.2463349 3 -0.2463351
v -3E-08 3 -0.3483704
v -0.1333155 3 -0.3218523
v -0.3218521 3 -0.1333157
v -0.3483702 3 -2.1E-07
v 0.3218521 3 0.1333153
v -0.3218521 3 0.1333153
v 0.2463349 3 0.2463347
v -0.2463349 3 0.2463347
v 0.1333155 3 0.3218518
v -0.1333155 3 0.3218518
v 3E-08 3 0.3483699
v 0.3218521 8.163238E-18 -0.1333158
v 0.2463349 1.508368E-17 -0.2463352
v 0.3483702 1.592041E-23 -2.6E-07
v 0.1333155 1.970777E-17 -0.3218523
v -3E-08 2.133153E-17 -0.3483704
v -0.1333155 1.970777E-17 -0.3218523
v -0.2463349 1.508367E-17 -0.2463351
v -0.3218521 8.163234E-18 -0.1333157
v -0.3483702 1.285879E-23 -2.1E-07
v 0.3218521 -8.163205E-18 0.1333153
v -0.3218521 -8.163208E-18 0.1333153
v 0.2463349 -1.508365E-17 0.2463347
v -0.2463349 -1.508365E-17 0.2463347
v 0.1333155 -1.970774E-17 0.3218518
v -0.1333155 -1.970774E-17 0.3218518
v 3E-08 -2.133151E-17 0.3483699
v 5.987459 0.1487163 -6.500595E-09
v 5.943048 0.04355812 -1.903986E-09
v 5.908368 0.04355813 0.1743476
v 5.949399 0.1487163 0.1913408
v 5.809609 0.04355814 0.3221478
v 6.017807 0.8834774 -3.861803E-08
v 5.841012 0.1487163 0.3535517
v 5.977437 0.8834774 0.2029575
v 6.017807 2.116523 -9.251615E-08
v 5.977437 2.116523 0.2029574
v 5.987459 2.851283 -1.246336E-07
v 5.862472 0.8834774 0.3750135
v 5.949399 2.851283 0.1913407
v 5.943048 2.956442 -1.292302E-07
v 5.908368 2.956442 0.1743475
v 5.690415 0.8834774 0.4899731
v 5.678801 0.1487163 0.4619361
v 5.862472 2.116523 0.3750134
v 5.690415 2.116523 0.489973
v 5.678801 2.851283 0.461936
v 5.841012 2.851283 0.3535516
v 5.809609 2.956442 0.3221477
v 5.661806 2.956442 0.4209073
v 5.661806 0.04355814 0.4209075
v 5.487459 0.04355814 0.4555901
v 5.487459 0.1487163 0.5000033
v 5.313113 0.04355814 0.4209075
v 5.296117 0.1487163 0.4619361
v 5.284504 0.8834774 0.4899731
v 5.487459 0.8834774 0.5303496
v 5.487459 2.116523 0.5303495
v 5.487459 2.851283 0.5000032
v 5.487459 2.956442 0.45559
v 5.165309 0.04355814 0.3221478
v 5.133906 0.1487163 0.3535517
v 5.066551 0.04355813 0.1743476
v 5.02552 0.1487163 0.1913408
v 4.997482 0.8834774 0.2029575
v 5.112447 0.8834774 0.3750135
v 5.112447 2.116523 0.3750134
v 4.997482 2.116523 0.2029574
v 5.02552 2.851283 0.1913407
v 5.284504 2.116523 0.489973
v 5.133906 2.851283 0.3535516
v 5.296117 2.851283 0.461936
v 5.313113 2.956442 0.4209073
v 5.165309 2.956442 0.3221477
v 5.066551 2.956442 0.1743475
v 4.987459 2.851283 -1.246336E-07
v 5.03187 2.956442 -1.292302E-07
v 5.03187 0.04355812 -1.903986E-09
v 4.987459 0.1487163 -6.500595E-09
v 5.066551 0.04355811 -0.1743476
v 4.957112 0.8834774 -3.861803E-08
v 5.02552 0.1487163 -0.1913408
v 5.165309 0.04355811 -0.3221478
v 5.133906 0.1487163 -0.3535517
v 5.112447 0.8834774 -0.3750136
v 4.997482 0.8834774 -0.2029576
v 4.957112 2.116523 -9.251615E-08
v 4.997482 2.116523 -0.2029576
v 5.112447 2.116523 -0.3750136
v 5.133906 2.851283 -0.3535518
v 5.02552 2.851283 -0.1913409
v 5.066551 2.956442 -0.1743478
v 5.165309 2.956442 -0.3221479
v 5.296117 2.851283 -0.4619363
v 5.313113 2.956442 -0.4209076
v 5.487459 2.851283 -0.5000035
v 5.487459 2.956442 -0.4555903
v 5.284504 2.116523 -0.4899732
v 5.678801 2.851283 -0.4619363
v 5.661806 2.956442 -0.4209076
v 5.487459 2.116523 -0.5303497
v 5.690415 2.116523 -0.4899732
v 5.690415 0.8834774 -0.4899732
v 5.284504 0.8834774 -0.4899732
v 5.487459 0.8834774 -0.5303496
v 5.296117 0.1487163 -0.4619361
v 5.487459 0.1487163 -0.5000033
v 5.678801 0.1487163 -0.4619361
v 5.661806 0.04355811 -0.4209075
v 5.487459 0.0435581 -0.4555901
v 5.313113 0.04355811 -0.4209075
v 5.809609 0.04355811 -0.3221478
v 5.841012 0.1487163 -0.3535517
v 5.908368 0.04355811 -0.1743476
v 5.862471 0.8834773 -0.3750136
v 5.949399 0.1487163 -0.1913408
v 5.977437 0.8834773 -0.2029576
v 5.862471 2.116522 -0.3750136
v 5.977437 2.116522 -0.2029576
v 5.841012 2.851283 -0.3535518
v 5.809609 2.956442 -0.3221479
v 5.949399 2.851283 -0.1913409
v 5.908368 2.956442 -0.1743478
v 5.809311 3 -0.1333191
v 5.733795 3 -0.2463308
v 5.620775 3 -0.3218483
v 5.83583 3 -1.311342E-07
v 5.241124 3 -0.2463308
v 5.487459 3 -0.3483693
v 5.354144 3 -0.3218483
v 5.165607 3 -0.1333191
v 5.139089 3 -1.311342E-07
v 5.809311 3 0.1333188
v 5.165607 3 0.1333188
v 5.733795 3 0.2463305
v 5.241124 3 0.2463305
v 5.620775 3 0.321848
v 5.354144 3 0.321848
v 5.487459 3 0.348369
v 5.809311 -5.827557E-09 -0.1333189
v 5.733795 -1.076784E-08 -0.2463395
v 5.83583 0 0
v 5.620775 -1.406843E-08 -0.3218481
v 5.487459 -1.52277E-08 -0.3483691
v 5.354144 -1.406843E-08 -0.3218481
v 5.241124 -1.076784E-08 -0.2463395
v 5.165607 -5.827557E-09 -0.1333189
v 5.139089 0 0
v 5.809311 5.827557E-09 0.1333189
v 5.165607 5.827557E-09 0.1333189
v 5.733795 1.076746E-08 0.2463307
v 5.241124 1.076746E-08 0.2463307
v 5.620775 1.406843E-08 0.3218481
v 5.354144 1.406843E-08 0.3218481
v 5.487459 1.52277E-08 0.3483691
v 3.259295 0.1487161 -3.135816
v 3.214884 0.04355798 -3.135816
v 3.180204 0.04355799 -2.961468
v 3.221235 0.1487162 -2.944475
v 3.081445 0.043558 -2.813668
v 3.289642 0.8834773 -3.135816
v 3.112848 0.1487162 -2.782264
v 3.249272 0.8834773 -2.932858
v 3.289642 2.116522 -3.135816
v 3.249272 2.116522 -2.932858
v 3.259295 2.851283 -3.135816
v 3.134307 0.8834773 -2.760802
v 3.221235 2.851283 -2.944475
v 3.214884 2.956442 -3.135816
v 3.180204 2.956442 -2.961468
v 2.96225 0.8834773 -2.645843
v 2.950637 0.1487162 -2.67388
v 3.134307 2.116522 -2.760802
v 2.96225 2.116522 -2.645843
v 2.950637 2.851283 -2.67388
v 3.112848 2.851283 -2.782264
v 3.081445 2.956442 -2.813668
v 2.933641 2.956442 -2.714908
v 2.933641 0.043558 -2.714908
v 2.759295 0.04355801 -2.680226
v 2.759295 0.1487162 -2.635812
v 2.584949 0.043558 -2.714908
v 2.567953 0.1487162 -2.67388
v 2.55634 0.8834773 -2.645843
v 2.759295 0.8834773 -2.605466
v 2.759295 2.116522 -2.605466
v 2.759295 2.851283 -2.635812
v 2.759295 2.956442 -2.680226
v 2.437145 0.043558 -2.813668
v 2.405742 0.1487162 -2.782264
v 2.338386 0.04355799 -2.961468
v 2.297355 0.1487162 -2.944475
v 2.269318 0.8834773 -2.932858
v 2.384283 0.8834773 -2.760802
v 2.384283 2.116522 -2.760802
v 2.269318 2.116522 -2.932858
v 2.297355 2.851283 -2.944475
v 2.55634 2.116522 -2.645843
v 2.405742 2.851283 -2.782264
v 2.567953 2.851283 -2.67388
v 2.584949 2.956442 -2.714908
v 2.437145 2.956442 -2.813668
v 2.338386 2.956442 -2.961468
v 2.259295 2.851283 -3.135816
v 2.303706 2.956442 -3.135816
v 2.303706 0.04355798 -3.135816
v 2.259295 0.1487161 -3.135816
v 2.338386 0.04355798 -3.310163
v 2.228948 0.8834773 -3.135816
v 2.297355 0.1487161 -3.327157
v 2.437145 0.04355797 -3.457963
v 2.405742 0.1487161 -3.489367
v 2.384283 0.8834773 -3.510829
v 2.269318 0.8834773 -3.338773
v 2.228948 2.116522 -3.135816
v 2.269318 2.116522 -3.338773
v 2.384283 2.116522 -3.510829
v 2.405742 2.851283 -3.489367
v 2.297355 2.851283 -3.327157
v 2.338386 2.956441 -3.310163
v 2.437145 2.956441 -3.457963
v 2.567953 2.851283 -3.597752
v 2.584949 2.956441 -3.556723
v 2.759295 2.851283 -3.635819
v 2.759295 2.956441 -3.591406
v 2.55634 2.116522 -3.625789
v 2.950637 2.851283 -3.597752
v 2.933641 2.956441 -3.556723
v 2.759295 2.116522 -3.666165
v 2.96225 2.116522 -3.625789
v 2.96225 0.8834773 -3.625789
v 2.55634 0.8834773 -3.625789
v 2.759295 0.8834773 -3.666165
v 2.567953 0.1487161 -3.597752
v 2.759295 0.1487161 -3.635819
v 2.950637 0.1487161 -3.597752
v 2.933641 0.04355797 -3.556723
v 2.759295 0.04355797 -3.591406
v 2.584949 0.04355797 -3.556723
v 3.081445 0.04355797 -3.457963
v 3.112848 0.1487161 -3.489367
v 3.180204 0.04355798 -3.310163
v 3.134307 0.8834771 -3.510829
v 3.221235 0.1487161 -3.327157
v 3.249272 0.8834771 -3.338773
v 3.134307 2.116522 -3.510829
v 3.249272 2.116522 -3.338773
v 3.112848 2.851283 -3.489367
v 3.081445 2.956441 -3.457963
v 3.221235 2.851283 -3.327157
v 3.180204 2.956441 -3.310163
v 3.081147 3 -3.269135
v 3.00563 3 -3.382146
v 2.89261 3 -3.457664
v 3.107665 3 -3.135816
v 2.51296 3 -3.382146
v 2.759295 3 -3.484185
v 2.625979 3 -3.457664
v 2.437443 3 -3.269135
v 2.410925 3 -3.135816
v 3.081147 3 -3.002497
v 2.437443 3 -3.002497
v 3.00563 3 -2.889485
v 2.51296 3 -2.889485
v 2.892611 3 -2.813968
v 2.62598 3 -2.813968
v 2.759295 3 -2.787446
v 3.081147 -1.428984E-07 -3.269135
v 3.00563 -1.478387E-07 -3.382155
v 3.107665 -1.370709E-07 -3.135816
v 2.89261 -1.511393E-07 -3.457664
v 2.759295 -1.522986E-07 -3.484185
v 2.625979 -1.511393E-07 -3.457664
v 2.51296 -1.478387E-07 -3.382155
v 2.437443 -1.428984E-07 -3.269135
v 2.410925 -1.370709E-07 -3.135816
v 3.081147 -1.312433E-07 -3.002497
v 2.437443 -1.312433E-07 -3.002497
v 3.00563 -1.263034E-07 -2.889485
v 2.51296 -1.263034E-07 -2.889485
v 2.892611 -1.230024E-07 -2.813968
v 2.62598 -1.230024E-07 -2.813968
v 2.759295 -1.218432E-07 -2.787446
v 4.896423 0.148716 -6.271517
v 4.852011 0.04355785 -6.271517
v 4.817332 0.04355786 -6.097169
v 4.858362 0.148716 -6.080176
v 4.718573 0.04355786 -5.949369
v 4.92677 0.8834771 -6.271517
v 4.749976 0.148716 -5.917965
v 4.8864 0.8834771 -6.068559
v 4.92677 2.116522 -6.271517
v 4.8864 2.116522 -6.068559
v 4.896423 2.851283 -6.271517
v 4.771435 0.8834771 -5.896503
v 4.858362 2.851283 -6.080176
v 4.852011 2.956441 -6.271517
v 4.817332 2.956441 -6.097169
v 4.599378 0.8834771 -5.781544
v 4.587765 0.148716 -5.809581
v 4.771435 2.116522 -5.896503
v 4.599378 2.116522 -5.781544
v 4.587765 2.851283 -5.809581
v 4.749976 2.851283 -5.917965
v 4.718573 2.956441 -5.949369
v 4.570769 2.956441 -5.850609
v 4.570769 0.04355787 -5.850609
v 4.396423 0.04355787 -5.815927
v 4.396423 0.148716 -5.771513
v 4.222076 0.04355787 -5.850609
v 4.205081 0.148716 -5.809581
v 4.193468 0.8834771 -5.781544
v 4.396423 0.8834771 -5.741167
v 4.396423 2.116522 -5.741167
v 4.396423 2.851283 -5.771513
v 4.396423 2.956441 -5.815927
v 4.074273 0.04355786 -5.949369
v 4.04287 0.148716 -5.917965
v 3.975514 0.04355786 -6.097169
v 3.934483 0.148716 -6.080176
v 3.906446 0.8834771 -6.068559
v 4.02141 0.8834771 -5.896503
v 4.02141 2.116522 -5.896503
v 3.906446 2.116522 -6.068559
v 3.934483 2.851283 -6.080176
v 4.193468 2.116522 -5.781544
v 4.04287 2.851283 -5.917965
v 4.205081 2.851283 -5.809581
v 4.222076 2.956441 -5.850609
v 4.074273 2.956441 -5.949369
v 3.975514 2.956441 -6.097169
v 3.896423 2.851283 -6.271517
v 3.940834 2.956441 -6.271517
v 3.940834 0.04355785 -6.271517
v 3.896423 0.148716 -6.271517
v 3.975514 0.04355784 -6.445865
v 3.866076 0.8834771 -6.271517
v 3.934483 0.148716 -6.462858
v 4.074273 0.04355783 -6.593665
v 4.04287 0.148716 -6.625069
v 4.02141 0.8834771 -6.64653
v 3.906446 0.8834771 -6.474474
v 3.866076 2.116522 -6.271517
v 3.906446 2.116522 -6.474474
v 4.02141 2.116522 -6.64653
v 4.04287 2.851283 -6.625069
v 3.934483 2.851283 -6.462858
v 3.975514 2.956441 -6.445865
v 4.074273 2.956441 -6.593665
v 4.205081 2.851283 -6.733453
v 4.222076 2.956441 -6.692424
v 4.396423 2.851283 -6.77152
v 4.396423 2.956441 -6.727107
v 4.193468 2.116522 -6.76149
v 4.587764 2.851283 -6.733453
v 4.570769 2.956441 -6.692424
v 4.396423 2.116522 -6.801867
v 4.599378 2.116522 -6.76149
v 4.599378 0.8834771 -6.76149
v 4.193468 0.8834771 -6.76149
v 4.396423 0.8834771 -6.801867
v 4.205081 0.148716 -6.733453
v 4.396423 0.148716 -6.77152
v 4.587764 0.148716 -6.733453
v 4.570769 0.04355783 -6.692424
v 4.396423 0.04355783 -6.727107
v 4.222076 0.04355783 -6.692424
v 4.718573 0.04355783 -6.593665
v 4.749976 0.148716 -6.625069
v 4.817332 0.04355784 -6.445865
v 4.771435 0.883477 -6.64653
v 4.858362 0.148716 -6.462858
v 4.8864 0.883477 -6.474474
v 4.771435 2.116522 -6.64653
v 4.8864 2.116522 -6.474474
v 4.749976 2.851283 -6.625069
v 4.718573 2.956441 -6.593665
v 4.858362 2.851283 -6.462858
v 4.817332 2.956441 -6.445865
v 4.718275 3 -6.404836
v 4.642758 3 -6.517848
v 4.529738 3 -6.593365
v 4.744793 3 -6.271517
v 4.150088 3 -6.517848
v 4.396423 3 -6.619886
v 4.263107 3 -6.593365
v 4.074571 3 -6.404836
v 4.048053 3 -6.271517
v 4.718275 3 -6.138198
v 4.074571 3 -6.138198
v 4.642758 3 -6.025186
v 4.150088 3 -6.025186
v 4.529738 3 -5.949669
v 4.263107 3 -5.949669
v 4.396423 3 -5.923148
v 4.718275 -2.799643E-07 -6.404836
v 4.642758 -2.849046E-07 -6.517856
v 4.744793 -2.741367E-07 -6.271517
v 4.529738 -2.882052E-07 -6.593365
v 4.396423 -2.893644E-07 -6.619886
v 4.263107 -2.882052E-07 -6.593365
v 4.150088 -2.849046E-07 -6.517856
v 4.074571 -2.799643E-07 -6.404836
v 4.048053 -2.741367E-07 -6.271517
v 4.718275 -2.683092E-07 -6.138198
v 4.074571 -2.683092E-07 -6.138198
v 4.642758 -2.633693E-07 -6.025186
v 4.150088 -2.633693E-07 -6.025186
v 4.529738 -2.600683E-07 -5.949669
v 4.263107 -2.600683E-07 -5.949669
v 4.396423 -2.58909E-07 -5.923148
v 1.622097 0.148716 -6.271517
v 1.577685 0.04355785 -6.271517
v 1.543006 0.04355786 -6.097169
v 1.584036 0.148716 -6.080176
v 1.444247 0.04355786 -5.949369
v 1.652444 0.8834771 -6.271517
v 1.47565 0.148716 -5.917965
v 1.612074 0.8834771 -6.068559
v 1.652444 2.116522 -6.271517
v 1.612074 2.116522 -6.068559
v 1.622097 2.851283 -6.271517
v 1.497109 0.8834771 -5.896503
v 1.584036 2.851283 -6.080176
v 1.577685 2.956441 -6.271517
v 1.543006 2.956441 -6.097169
v 1.325052 0.8834771 -5.781544
v 1.313439 0.148716 -5.809581
v 1.497109 2.116522 -5.896503
v 1.325052 2.116522 -5.781544
v 1.313439 2.851283 -5.809581
v 1.47565 2.851283 -5.917965
v 1.444247 2.956441 -5.949369
v 1.296443 2.956441 -5.850609
v 1.296443 0.04355787 -5.850609
v 1.122097 0.04355787 -5.815927
v 1.122097 0.148716 -5.771513
v 0.9477505 0.04355787 -5.850609
v 0.9307551 0.148716 -5.809581
v 0.9191415 0.8834771 -5.781544
v 1.122097 0.8834771 -5.741167
v 1.122097 2.116522 -5.741167
v 1.122097 2.851283 -5.771513
v 1.122097 2.956441 -5.815927
v 0.799947 0.04355786 -5.949369
v 0.7685434 0.148716 -5.917965
v 0.7011877 0.04355786 -6.097169
v 0.660157 0.148716 -6.080176
v 0.6321198 0.8834771 -6.068559
v 0.7470846 0.8834771 -5.896503
v 0.7470846 2.116522 -5.896503
v 0.6321198 2.116522 -6.068559
v 0.660157 2.851283 -6.080176
v 0.9191415 2.116522 -5.781544
v 0.7685434 2.851283 -5.917965
v 0.9307551 2.851283 -5.809581
v 0.9477505 2.956441 -5.850609
v 0.799947 2.956441 -5.949369
v 0.7011877 2.956441 -6.097169
v 0.6220967 2.851283 -6.271517
v 0.6665081 2.956441 -6.271517
v 0.6665081 0.04355785 -6.271517
v 0.6220967 0.148716 -6.271517
v 0.7011877 0.04355784 -6.445865
v 0.5917494 0.8834771 -6.271517
v 0.660157 0.148716 -6.462858
v 0.7999469 0.04355783 -6.593665
v 0.7685434 0.148716 -6.625069
v 0.7470846 0.8834771 -6.64653
v 0.6321198 0.8834771 -6.474474
v 0.5917494 2.116522 -6.271517
v 0.6321198 2.116522 -6.474474
v 0.7470846 2.116522 -6.64653
v 0.7685434 2.851283 -6.625069
v 0.660157 2.851283 -6.462858
v 0.7011877 2.956441 -6.445865
v 0.7999469 2.956441 -6.593665
v 0.930755 2.851283 -6.733453
v 0.9477505 2.956441 -6.692424
v 1.122097 2.851283 -6.77152
v 1.122097 2.956441 -6.727107
v 0.9191415 2.116522 -6.76149
v 1.313438 2.851283 -6.733453
v 1.296443 2.956441 -6.692424
v 1.122097 2.116522 -6.801867
v 1.325052 2.116522 -6.76149
v 1.325052 0.8834771 -6.76149
v 0.9191415 0.8834771 -6.76149
v 1.122097 0.8834771 -6.801867
v 0.930755 0.148716 -6.733453
v 1.122097 0.148716 -6.77152
v 1.313438 0.148716 -6.733453
v 1.296443 0.04355783 -6.692424
v 1.122097 0.04355783 -6.727107
v 0.9477505 0.04355783 -6.692424
v 1.444246 0.04355783 -6.593665
v 1.47565 0.148716 -6.625069
v 1.543006 0.04355784 -6.445865
v 1.497109 0.883477 -6.64653
v 1.584036 0.148716 -6.462858
v 1.612074 0.883477 -6.474474
v 1.497109 2.116522 -6.64653
v 1.612074 2.116522 -6.474474
v 1.47565 2.851283 -6.625069
v 1.444246 2.956441 -6.593665
v 1.584036 2.851283 -6.462858
v 1.543006 2.956441 -6.445865
v 1.443949 3 -6.404836
v 1.368432 3 -6.517848
v 1.255412 3 -6.593365
v 1.470467 3 -6.271517
v 0.8757618 3 -6.517848
v 1.122097 3 -6.619886
v 0.9887812 3 -6.593365
v 0.8002447 3 -6.404836
v 0.7737265 3 -6.271517
v 1.443949 3 -6.138198
v 0.8002447 3 -6.138198
v 1.368432 3 -6.025186
v 0.8757619 3 -6.025186
v 1.255412 3 -5.949669
v 0.9887812 3 -5.949669
v 1.122097 3 -5.923148
v 1.443949 -2.799643E-07 -6.404836
v 1.368432 -2.849046E-07 -6.517856
v 1.470467 -2.741367E-07 -6.271517
v 1.255412 -2.882052E-07 -6.593365
v 1.122097 -2.893644E-07 -6.619886
v 0.9887812 -2.882052E-07 -6.593365
v 0.8757618 -2.849046E-07 -6.517856
v 0.8002447 -2.799643E-07 -6.404836
v 0.7737265 -2.741367E-07 -6.271517
v 1.443949 -2.683092E-07 -6.138198
v 0.8002447 -2.683092E-07 -6.138198
v 1.368432 -2.633693E-07 -6.025186
v 0.8757619 -2.633693E-07 -6.025186
v 1.255412 -2.600683E-07 -5.949669
v 0.9887812 -2.600683E-07 -5.949669
v 1.122097 -2.58909E-07 -5.923148
v 5.698646 0.1487157 -12.54303
v 5.654235 0.04355758 -12.54303
v 5.619554 0.04355758 -12.36869
v 5.660585 0.1487157 -12.35169
v 5.520796 0.04355759 -12.22089
v 5.728993 0.8834769 -12.54303
v 5.552199 0.1487157 -12.18948
v 5.688622 0.8834769 -12.34008
v 5.728993 2.116522 -12.54303
v 5.688622 2.116522 -12.34008
v 5.698646 2.851283 -12.54303
v 5.573658 0.8834769 -12.16802
v 5.660585 2.851283 -12.35169
v 5.654235 2.956441 -12.54303
v 5.619554 2.956441 -12.36869
v 5.401601 0.8834769 -12.05306
v 5.389987 0.1487157 -12.0811
v 5.573658 2.116522 -12.16802
v 5.401601 2.116522 -12.05306
v 5.389987 2.851283 -12.0811
v 5.552199 2.851283 -12.18948
v 5.520796 2.956441 -12.22089
v 5.372992 2.956441 -12.12213
v 5.372992 0.04355759 -12.12213
v 5.198646 0.04355759 -12.08744
v 5.198646 0.1487157 -12.04303
v 5.024299 0.04355759 -12.12213
v 5.007304 0.1487157 -12.0811
v 4.99569 0.8834769 -12.05306
v 5.198646 0.8834769 -12.01268
v 5.198646 2.116522 -12.01268
v 5.198646 2.851283 -12.04303
v 5.198646 2.956441 -12.08744
v 4.876496 0.04355759 -12.22089
v 4.845092 0.1487157 -12.18948
v 4.777737 0.04355758 -12.36869
v 4.736706 0.1487157 -12.35169
v 4.708669 0.8834769 -12.34008
v 4.823633 0.8834769 -12.16802
v 4.823633 2.116522 -12.16802
v 4.708669 2.116522 -12.34008
v 4.736706 2.851283 -12.35169
v 4.99569 2.116522 -12.05306
v 4.845092 2.851283 -12.18948
v 5.007304 2.851283 -12.0811
v 5.024299 2.956441 -12.12213
v 4.876496 2.956441 -12.22089
v 4.777737 2.956441 -12.36869
v 4.698646 2.851283 -12.54303
v 4.743057 2.956441 -12.54303
v 4.743057 0.04355758 -12.54303
v 4.698646 0.1487157 -12.54303
v 4.777737 0.04355757 -12.71738
v 4.668298 0.8834769 -12.54303
v 4.736706 0.1487157 -12.73437
v 4.876496 0.04355756 -12.86518
v 4.845092 0.1487157 -12.89659
v 4.823633 0.8834769 -12.91805
v 4.708669 0.8834769 -12.74599
v 4.668298 2.116522 -12.54303
v 4.708669 2.116522 -12.74599
v 4.823633 2.116522 -12.91805
v 4.845092 2.851283 -12.89659
v 4.736706 2.851283 -12.73437
v 4.777737 2.956441 -12.71738
v 4.876496 2.956441 -12.86518
v 5.007304 2.851283 -13.00497
v 5.024299 2.956441 -12.96394
v 5.198646 2.851283 -13.04304
v 5.198646 2.956441 -12.99862
v 4.99569 2.116522 -13.03301
v 5.389987 2.851283 -13.00497
v 5.372992 2.956441 -12.96394
v 5.198646 2.116522 -13.07338
v 5.401601 2.116522 -13.03301
v 5.401601 0.8834769 -13.03301
v 4.99569 0.8834769 -13.03301
v 5.198646 0.8834769 -13.07338
v 5.007304 0.1487157 -13.00497
v 5.198646 0.1487157 -13.04304
v 5.389987 0.1487157 -13.00497
v 5.372992 0.04355755 -12.96394
v 5.198646 0.04355755 -12.99862
v 5.024299 0.04355755 -12.96394
v 5.520796 0.04355756 -12.86518
v 5.552199 0.1487157 -12.89659
v 5.619554 0.04355757 -12.71738
v 5.573658 0.8834767 -12.91805
v 5.660585 0.1487157 -12.73437
v 5.688622 0.8834767 -12.74599
v 5.573658 2.116522 -12.91805
v 5.688622 2.116522 -12.74599
v 5.552199 2.851283 -12.89659
v 5.520796 2.956441 -12.86518
v 5.660585 2.851283 -12.73437
v 5.619554 2.956441 -12.71738
v 5.520498 2.999999 -12.67635
v 5.444981 2.999999 -12.78936
v 5.331961 2.999999 -12.86488
v 5.547016 2.999999 -12.54303
v 4.952311 2.999999 -12.78936
v 5.198646 2.999999 -12.8914
v 5.06533 2.999999 -12.86488
v 4.876794 2.999999 -12.67635
v 4.850276 2.999999 -12.54303
v 5.520498 2.999999 -12.40971
v 4.876794 2.999999 -12.40971
v 5.444981 2.999999 -12.2967
v 4.952311 2.999999 -12.2967
v 5.331961 2.999999 -12.22119
v 5.06533 2.999999 -12.22119
v 5.198646 2.999999 -12.19466
v 5.520498 -5.54101E-07 -12.67635
v 5.444981 -5.590413E-07 -12.78937
v 5.547016 -5.482735E-07 -12.54303
v 5.331961 -5.623419E-07 -12.86488
v 5.198646 -5.635012E-07 -12.8914
v 5.06533 -5.623419E-07 -12.86488
v 4.952311 -5.590413E-07 -12.78937
v 4.876794 -5.54101E-07 -12.67635
v 4.850276 -5.482735E-07 -12.54303
v 5.520498 -5.424459E-07 -12.40971
v 4.876794 -5.424459E-07 -12.40971
v 5.444981 -5.37506E-07 -12.2967
v 4.952311 -5.37506E-07 -12.2967
v 5.331961 -5.34205E-07 -12.22119
v 5.06533 -5.34205E-07 -12.22119
v 5.198646 -5.330457E-07 -12.19466
v 0.2111864 0.1487157 -12.54303
v 0.1667751 0.04355758 -12.54303
v 0.1320952 0.04355758 -12.36869
v 0.1731261 0.1487157 -12.35169
v 0.03333635 0.04355759 -12.22089
v 0.2415334 0.8834769 -12.54303
v 0.0647397 0.1487157 -12.18948
v 0.2011633 0.8834769 -12.34008
v 0.2415334 2.116522 -12.54303
v 0.2011633 2.116522 -12.34008
v 0.2111864 2.851283 -12.54303
v 0.0861985 0.8834769 -12.16802
v 0.1731261 2.851283 -12.35169
v 0.1667751 2.956441 -12.54303
v 0.1320952 2.956441 -12.36869
v -0.08585861 0.8834769 -12.05306
v -0.09747202 0.1487157 -12.0811
v 0.0861985 2.116522 -12.16802
v -0.08585861 2.116522 -12.05306
v -0.09747202 2.851283 -12.0811
v 0.0647397 2.851283 -12.18948
v 0.03333635 2.956441 -12.22089
v -0.1144674 2.956441 -12.12213
v -0.1144674 0.04355759 -12.12213
v -0.2888137 0.04355759 -12.08744
v -0.2888137 0.1487157 -12.04303
v -0.4631599 0.04355759 -12.12213
v -0.4801553 0.1487157 -12.0811
v -0.4917687 0.8834769 -12.05306
v -0.2888137 0.8834769 -12.01268
v -0.2888137 2.116522 -12.01268
v -0.2888137 2.851283 -12.04303
v -0.2888137 2.956441 -12.08744
v -0.6109633 0.04355759 -12.22089
v -0.642367 0.1487157 -12.18948
v -0.7097225 0.04355758 -12.36869
v -0.7507533 0.1487157 -12.35169
v -0.7787907 0.8834769 -12.34008
v -0.6638258 0.8834769 -12.16802
v -0.6638258 2.116522 -12.16802
v -0.7787907 2.116522 -12.34008
v -0.7507533 2.851283 -12.35169
v -0.4917687 2.116522 -12.05306
v -0.642367 2.851283 -12.18948
v -0.4801553 2.851283 -12.0811
v -0.4631599 2.956441 -12.12213
v -0.6109633 2.956441 -12.22089
v -0.7097225 2.956441 -12.36869
v -0.7888137 2.851283 -12.54303
v -0.7444024 2.956441 -12.54303
v -0.7444024 0.04355758 -12.54303
v -0.7888137 0.1487157 -12.54303
v -0.7097225 0.04355757 -12.71738
v -0.819161 0.8834769 -12.54303
v -0.7507533 0.1487157 -12.73437
v -0.6109636 0.04355756 -12.86518
v -0.642367 0.1487157 -12.89659
v -0.6638258 0.8834769 -12.91805
v -0.7787907 0.8834769 -12.74599
v -0.819161 2.116522 -12.54303
v -0.7787907 2.116522 -12.74599
v -0.6638258 2.116522 -12.91805
v -0.642367 2.851283 -12.89659
v -0.7507533 2.851283 -12.73437
v -0.7097225 2.956441 -12.71738
v -0.6109636 2.956441 -12.86518
v -0.4801553 2.851283 -13.00497
v -0.4631599 2.956441 -12.96394
v -0.2888137 2.851283 -13.04304
v -0.2888137 2.956441 -12.99862
v -0.491769 2.116522 -13.03301
v -0.09747202 2.851283 -13.00497
v -0.1144674 2.956441 -12.96394
v -0.2888137 2.116522 -13.07338
v -0.08585861 2.116522 -13.03301
v -0.08585861 0.8834769 -13.03301
v -0.491769 0.8834769 -13.03301
v -0.2888137 0.8834769 -13.07338
v -0.4801553 0.1487157 -13.00497
v -0.2888137 0.1487157 -13.04304
v -0.09747202 0.1487157 -13.00497
v -0.1144674 0.04355755 -12.96394
v -0.2888137 0.04355755 -12.99862
v -0.4631599 0.04355755 -12.96394
v 0.03333607 0.04355756 -12.86518
v 0.0647397 0.1487157 -12.89659
v 0.1320952 0.04355757 -12.71738
v 0.08619823 0.8834767 -12.91805
v 0.1731261 0.1487157 -12.73437
v 0.2011633 0.8834767 -12.74599
v 0.08619823 2.116522 -12.91805
v 0.2011633 2.116522 -12.74599
v 0.0647397 2.851283 -12.89659
v 0.03333607 2.956441 -12.86518
v 0.1731261 2.851283 -12.73437
v 0.1320952 2.956441 -12.71738
v 0.03303833 2.999999 -12.67635
v -0.04247883 2.999999 -12.78936
v -0.1554983 2.999999 -12.86488
v 0.05955658 2.999999 -12.54303
v -0.5351484 2.999999 -12.78936
v -0.2888137 2.999999 -12.8914
v -0.4221293 2.999999 -12.86488
v -0.6106656 2.999999 -12.67635
v -0.6371839 2.999999 -12.54303
v 0.03303833 2.999999 -12.40971
v -0.6106656 2.999999 -12.40971
v -0.04247883 2.999999 -12.2967
v -0.5351484 2.999999 -12.2967
v -0.155498 2.999999 -12.22119
v -0.422129 2.999999 -12.22119
v -0.2888137 2.999999 -12.19466
v 0.03303833 -5.54101E-07 -12.67635
v -0.04247883 -5.590413E-07 -12.78937
v 0.05955658 -5.482735E-07 -12.54303
v -0.1554983 -5.623419E-07 -12.86488
v -0.2888137 -5.635012E-07 -12.8914
v -0.4221293 -5.623419E-07 -12.86488
v -0.5351484 -5.590413E-07 -12.78937
v -0.6106656 -5.54101E-07 -12.67635
v -0.6371839 -5.482735E-07 -12.54303
v 0.03303833 -5.424459E-07 -12.40971
v -0.6106656 -5.424459E-07 -12.40971
v -0.04247883 -5.37506E-07 -12.2967
v -0.5351484 -5.37506E-07 -12.2967
v -0.155498 -5.34205E-07 -12.22119
v -0.422129 -5.34205E-07 -12.22119
v -0.2888137 -5.330457E-07 -12.19466
v 3.259295 0.1487159 -9.407791
v 3.214884 0.04355771 -9.407791
v 3.180204 0.04355772 -9.233443
v 3.221235 0.1487159 -9.21645
v 3.081445 0.04355773 -9.085643
v 3.289642 0.883477 -9.407791
v 3.112848 0.1487159 -9.054239
v 3.249272 0.883477 -9.204833
v 3.289642 2.116522 -9.407791
v 3.249272 2.116522 -9.204833
v 3.259295 2.851283 -9.407791
v 3.134307 0.883477 -9.032778
v 3.221235 2.851283 -9.21645
v 3.214884 2.956441 -9.407791
v 3.180204 2.956441 -9.233443
v 2.96225 0.883477 -8.917818
v 2.950637 0.1487159 -8.945855
v 3.134307 2.116522 -9.032778
v 2.96225 2.116522 -8.917818
v 2.950637 2.851283 -8.945855
v 3.112848 2.851283 -9.054239
v 3.081445 2.956441 -9.085643
v 2.933641 2.956441 -8.986883
v 2.933641 0.04355773 -8.986883
v 2.759295 0.04355773 -8.952201
v 2.759295 0.1487159 -8.907787
v 2.584949 0.04355773 -8.986883
v 2.567953 0.1487159 -8.945855
v 2.55634 0.883477 -8.917818
v 2.759295 0.883477 -8.877441
v 2.759295 2.116522 -8.877441
v 2.759295 2.851283 -8.907787
v 2.759295 2.956441 -8.952201
v 2.437145 0.04355773 -9.085643
v 2.405742 0.1487159 -9.054239
v 2.338386 0.04355772 -9.233443
v 2.297355 0.1487159 -9.21645
v 2.269318 0.883477 -9.204833
v 2.384283 0.883477 -9.032778
v 2.384283 2.116522 -9.032778
v 2.269318 2.116522 -9.204833
v 2.297355 2.851283 -9.21645
v 2.55634 2.116522 -8.917818
v 2.405742 2.851283 -9.054239
v 2.567953 2.851283 -8.945855
v 2.584949 2.956441 -8.986883
v 2.437145 2.956441 -9.085643
v 2.338386 2.956441 -9.233443
v 2.259295 2.851283 -9.407791
v 2.303706 2.956441 -9.407791
v 2.303706 0.04355771 -9.407791
v 2.259295 0.1487159 -9.407791
v 2.338386 0.0435577 -9.582138
v 2.228948 0.883477 -9.407791
v 2.297355 0.1487159 -9.599132
v 2.437145 0.0435577 -9.729939
v 2.405742 0.1487158 -9.761343
v 2.384283 0.883477 -9.782804
v 2.269318 0.883477 -9.610748
v 2.228948 2.116522 -9.407791
v 2.269318 2.116522 -9.610748
v 2.384283 2.116522 -9.782804
v 2.405742 2.851283 -9.761343
v 2.297355 2.851283 -9.599132
v 2.338386 2.956441 -9.582138
v 2.437145 2.956441 -9.729939
v 2.567953 2.851283 -9.869727
v 2.584949 2.956441 -9.828698
v 2.759295 2.851283 -9.907794
v 2.759295 2.956441 -9.863381
v 2.55634 2.116522 -9.897764
v 2.950637 2.851283 -9.869727
v 2.933641 2.956441 -9.828698
v 2.759295 2.116522 -9.938141
v 2.96225 2.116522 -9.897764
v 2.96225 0.883477 -9.897764
v 2.55634 0.883477 -9.897764
v 2.759295 0.883477 -9.938141
v 2.567953 0.1487158 -9.869727
v 2.759295 0.1487158 -9.907794
v 2.950637 0.1487158 -9.869727
v 2.933641 0.04355769 -9.828698
v 2.759295 0.04355769 -9.863381
v 2.584949 0.04355769 -9.828698
v 3.081445 0.0435577 -9.729939
v 3.112848 0.1487158 -9.761343
v 3.180204 0.0435577 -9.582138
v 3.134307 0.8834769 -9.782804
v 3.221235 0.1487159 -9.599132
v 3.249272 0.8834769 -9.610748
v 3.134307 2.116522 -9.782804
v 3.249272 2.116522 -9.610748
v 3.112848 2.851283 -9.761343
v 3.081445 2.956441 -9.729939
v 3.221235 2.851283 -9.599132
v 3.180204 2.956441 -9.582138
v 3.081147 2.999999 -9.54111
v 3.00563 2.999999 -9.654121
v 2.89261 2.999999 -9.729639
v 3.107665 3 -9.407791
v 2.51296 2.999999 -9.654121
v 2.759295 2.999999 -9.75616
v 2.625979 2.999999 -9.729639
v 2.437443 2.999999 -9.54111
v 2.410925 3 -9.407791
v 3.081147 3 -9.274472
v 2.437443 3 -9.274472
v 3.00563 3 -9.16146
v 2.51296 3 -9.16146
v 2.892611 3 -9.085943
v 2.62598 3 -9.085943
v 2.759295 3 -9.059422
v 3.081147 -4.170552E-07 -9.54111
v 3.00563 -4.219955E-07 -9.65413
v 3.107665 -4.112276E-07 -9.407791
v 2.89261 -4.252961E-07 -9.729639
v 2.759295 -4.264553E-07 -9.75616
v 2.625979 -4.252961E-07 -9.729639
v 2.51296 -4.219955E-07 -9.65413
v 2.437443 -4.170552E-07 -9.54111
v 2.410925 -4.112276E-07 -9.407791
v 3.081147 -4.054001E-07 -9.274472
v 2.437443 -4.054001E-07 -9.274472
v 3.00563 -4.004602E-07 -9.16146
v 2.51296 -4.004602E-07 -9.16146
v 2.892611 -3.971592E-07 -9.085943
v 2.62598 -3.971592E-07 -9.085943
v 2.759295 -3.959999E-07 -9.059422
v 3.259295 0.1487156 -15.67976
v 3.214884 0.04355744 -15.67976
v 3.180204 0.04355745 -15.50541
v 3.221235 0.1487156 -15.48842
v 3.081445 0.04355745 -15.35761
v 3.289642 0.8834767 -15.67976
v 3.112848 0.1487156 -15.32621
v 3.249272 0.8834767 -15.4768
v 3.289642 2.116522 -15.67976
v 3.249272 2.116522 -15.4768
v 3.259295 2.851283 -15.67976
v 3.134307 0.8834767 -15.30474
v 3.221235 2.851283 -15.48842
v 3.214884 2.956441 -15.67976
v 3.180204 2.956441 -15.50541
v 2.96225 0.8834767 -15.18978
v 2.950637 0.1487156 -15.21782
v 3.134307 2.116522 -15.30474
v 2.96225 2.116522 -15.18978
v 2.950637 2.851283 -15.21782
v 3.112848 2.851283 -15.32621
v 3.081445 2.956441 -15.35761
v 2.933641 2.956441 -15.25885
v 2.933641 0.04355745 -15.25885
v 2.759295 0.04355745 -15.22417
v 2.759295 0.1487156 -15.17975
v 2.584949 0.04355745 -15.25885
v 2.567953 0.1487156 -15.21782
v 2.55634 0.8834767 -15.18978
v 2.759295 0.8834767 -15.14941
v 2.759295 2.116522 -15.14941
v 2.759295 2.851283 -15.17975
v 2.759295 2.956441 -15.22417
v 2.437145 0.04355745 -15.35761
v 2.405742 0.1487156 -15.32621
v 2.338386 0.04355745 -15.50541
v 2.297355 0.1487156 -15.48842
v 2.269318 0.8834767 -15.4768
v 2.384283 0.8834767 -15.30474
v 2.384283 2.116522 -15.30474
v 2.269318 2.116522 -15.4768
v 2.297355 2.851283 -15.48842
v 2.55634 2.116522 -15.18978
v 2.405742 2.851283 -15.32621
v 2.567953 2.851283 -15.21782
v 2.584949 2.956441 -15.25885
v 2.437145 2.956441 -15.35761
v 2.338386 2.956441 -15.50541
v 2.259295 2.851283 -15.67976
v 2.303706 2.956441 -15.67976
v 2.303706 0.04355744 -15.67976
v 2.259295 0.1487156 -15.67976
v 2.338386 0.04355743 -15.8541
v 2.228948 0.8834767 -15.67976
v 2.297355 0.1487156 -15.8711
v 2.437145 0.04355742 -16.00191
v 2.405742 0.1487156 -16.03331
v 2.384283 0.8834767 -16.05477
v 2.269318 0.8834767 -15.88272
v 2.228948 2.116522 -15.67976
v 2.269318 2.116522 -15.88272
v 2.384283 2.116522 -16.05477
v 2.405742 2.851283 -16.03331
v 2.297355 2.851283 -15.8711
v 2.338386 2.956441 -15.8541
v 2.437145 2.956441 -16.00191
v 2.567953 2.851283 -16.14169
v 2.584949 2.956441 -16.10066
v 2.759295 2.851283 -16.17976
v 2.759295 2.956441 -16.13535
v 2.55634 2.116522 -16.16973
v 2.950637 2.851283 -16.14169
v 2.933641 2.956441 -16.10066
v 2.759295 2.116522 -16.21011
v 2.96225 2.116522 -16.16973
v 2.96225 0.8834767 -16.16973
v 2.55634 0.8834767 -16.16973
v 2.759295 0.8834767 -16.21011
v 2.567953 0.1487156 -16.14169
v 2.759295 0.1487156 -16.17976
v 2.950637 0.1487156 -16.14169
v 2.933641 0.04355742 -16.10066
v 2.759295 0.04355742 -16.13535
v 2.584949 0.04355742 -16.10066
v 3.081445 0.04355742 -16.00191
v 3.112848 0.1487156 -16.03331
v 3.180204 0.04355743 -15.8541
v 3.134307 0.8834766 -16.05477
v 3.221235 0.1487156 -15.8711
v 3.249272 0.8834766 -15.88272
v 3.134307 2.116521 -16.05477
v 3.249272 2.116521 -15.88272
v 3.112848 2.851283 -16.03331
v 3.081445 2.956441 -16.00191
v 3.221235 2.851283 -15.8711
v 3.180204 2.956441 -15.8541
v 3.081147 2.999999 -15.81308
v 3.00563 2.999999 -15.92609
v 2.89261 2.999999 -16.00161
v 3.107665 2.999999 -15.67976
v 2.51296 2.999999 -15.92609
v 2.759295 2.999999 -16.02813
v 2.625979 2.999999 -16.00161
v 2.437443 2.999999 -15.81308
v 2.410925 2.999999 -15.67976
v 3.081147 2.999999 -15.54644
v 2.437443 2.999999 -15.54644
v 3.00563 2.999999 -15.43343
v 2.51296 2.999999 -15.43343
v 2.892611 2.999999 -15.35791
v 2.62598 2.999999 -15.35791
v 2.759295 2.999999 -15.33139
v 3.081147 -6.912115E-07 -15.81308
v 3.00563 -6.961519E-07 -15.9261
v 3.107665 -6.85384E-07 -15.67976
v 2.89261 -6.994524E-07 -16.00161
v 2.759295 -7.006117E-07 -16.02813
v 2.625979 -6.994524E-07 -16.00161
v 2.51296 -6.961519E-07 -15.9261
v 2.437443 -6.912115E-07 -15.81308
v 2.410925 -6.85384E-07 -15.67976
v 3.081147 -6.795564E-07 -15.54644
v 2.437443 -6.795564E-07 -15.54644
v 3.00563 -6.746166E-07 -15.43343
v 2.51296 -6.746166E-07 -15.43343
v 2.892611 -6.713156E-07 -15.35791
v 2.62598 -6.713156E-07 -15.35791
v 2.759295 -6.701563E-07 -15.33139

vt 0.021678 0.133004
vt 0.021678 0.264824
vt 0.021678 0.164689
vt 0.021678 0.237293
vt 0.021678 0.268978
vt 0.021678 0.343171
vt 0.021678 0.27646
vt 0.021678 0.125522

vn 0.9757442 -0.2189137 -3.854423E-09
vn 0.7002147 -0.7139323 0
vn 0.6469142 -0.7139323 0.2679605
vn 0.9014702 -0.2189137 0.3734011
vn 0.4951266 -0.7139323 0.4951266
vn 0.999787 -0.02063823 -4.558825E-08
vn 0.6899554 -0.2189136 0.6899553
vn 0.9236828 -0.02063825 0.3826019
vn 0.999787 0.02063823 -8.737748E-08
vn 0.9236828 0.02063825 0.3826019
vn 0.9757442 0.2189134 -4.625307E-08
vn 0.7069562 -0.02063824 0.7069561
vn 0.9014702 0.2189135 0.3734012
vn 0.7002149 0.7139322 -1.017787E-08
vn 0.6469142 0.713932 0.2679606
vn 0.3826021 -0.02063826 0.9236827
vn 0.3734013 -0.2189138 0.9014701
vn 0.7069562 0.02063825 0.7069561
vn 0.3826021 0.02063826 0.9236827
vn 0.3734013 0.2189136 0.9014701
vn 0.6899555 0.2189134 0.6899553
vn 0.4951268 0.7139322 0.4951267
vn 0.2679606 0.7139322 0.6469142
vn 0.2679606 -0.7139323 0.6469141
vn -6.106721E-09 -0.7139323 0.7002147
vn 4.239865E-08 -0.2189139 0.9757442
vn -0.2679605 -0.7139323 0.6469141
vn -0.3734012 -0.2189139 0.9014701
vn -0.3826019 -0.02063831 0.9236827
vn 1.481618E-07 -0.02063827 0.999787
vn 9.497552E-08 0.02063828 0.999787
vn 7.708846E-09 0.2189136 0.9757442
vn 1.017787E-08 0.7139322 0.7002148
vn -0.4951265 -0.7139323 0.4951267
vn -0.6899553 -0.2189137 0.6899554
vn -0.6469141 -0.7139322 0.2679607
vn -0.9014701 -0.2189138 0.3734013
vn -0.9236827 -0.02063831 0.382602
vn -0.7069561 -0.0206383 0.7069562
vn -0.7069562 0.0206383 0.7069562
vn -0.9236827 0.02063831 0.3826021
vn -0.9014701 0.2189135 0.3734013
vn -0.3826019 0.02063832 0.9236828
vn -0.6899553 0.2189135 0.6899555
vn -0.3734012 0.2189137 0.9014701
vn -0.2679606 0.7139322 0.6469142
vn -0.4951267 0.7139321 0.4951268
vn -0.6469142 0.7139321 0.2679608
vn -0.9757442 0.2189135 1.927211E-08
vn -0.7002149 0.7139322 1.628459E-08
vn -0.7002147 -0.7139323 1.017787E-08
vn -0.9757442 -0.2189137 3.083538E-08
vn -0.6469141 -0.7139323 -0.2679606
vn -0.999787 -0.02063831 9.877454E-08
vn -0.9014701 -0.2189138 -0.3734012
vn -0.4951267 -0.7139322 -0.4951265
vn -0.6899555 -0.2189137 -0.6899552
vn -0.7069563 -0.02063829 -0.7069561
vn -0.9236827 -0.02063831 -0.382602
vn -0.999787 0.02063832 6.458335E-08
vn -0.9236827 0.02063832 -0.3826019
vn -0.7069562 0.02063828 -0.7069561
vn -0.6899555 0.2189135 -0.6899552
vn -0.9014701 0.2189136 -0.3734012
vn -0.6469142 0.713932 -0.2679607
vn -0.4951268 0.7139321 -0.4951266
vn -0.3734013 0.2189136 -0.9014701
vn -0.2679607 0.7139322 -0.6469141
vn -6.93796E-08 0.2189135 -0.9757442
vn -2.646246E-08 0.7139322 -0.7002149
vn -0.3826021 0.02063826 -0.9236827
vn 0.3734012 0.2189136 -0.9014702
vn 0.2679606 0.7139322 -0.6469142
vn -9.877454E-08 0.02063826 -0.999787
vn 0.382602 0.02063824 -0.9236827
vn 0.382602 -0.02063824 -0.9236827
vn -0.3826022 -0.02063825 -0.9236827
vn -6.838237E-08 -0.02063826 -0.999787
vn -0.3734013 -0.2189138 -0.90147
vn 1.927211E-08 -0.2189137 -0.9757442
vn 0.3734011 -0.2189138 -0.9014701
vn 0.2679605 -0.7139323 -0.6469141
vn 2.239131E-08 -0.7139323 -0.7002147
vn -0.2679607 -0.7139323 -0.6469141
vn 0.4951265 -0.7139323 -0.4951266
vn 0.6899554 -0.2189136 -0.6899554
vn 0.6469141 -0.7139322 -0.2679606
vn 0.7069561 -0.02063822 -0.7069562
vn 0.9014701 -0.2189137 -0.3734013
vn 0.9236827 -0.02063824 -0.3826021
vn 0.7069561 0.02063821 -0.7069562
vn 0.9236827 0.02063822 -0.3826021
vn 0.6899554 0.2189134 -0.6899555
vn 0.4951267 0.7139321 -0.4951268
vn 0.9014701 0.2189134 -0.3734013
vn 0.6469142 0.7139321 -0.2679607
vn 0.1413754 0.9882225 -0.05855964
vn 0.1353974 0.9814963 -0.1353975
vn 0.07327656 0.9814963 -0.1769054
vn 0.1914809 0.9814963 2.090565E-08
vn -0.09003082 0.9918613 -0.09003081
vn 2.782868E-08 0.9669698 -0.2548909
vn -0.09754262 0.9669698 -0.2354885
vn -0.1413754 0.9882225 -0.05855959
vn -0.1914809 0.9814963 -1.900514E-08
vn 0.1769054 0.9814963 0.07327656
vn -0.1769053 0.9814963 0.07327664
vn 0.108204 0.9882225 0.108204
vn -0.108204 0.9882225 0.108204
vn 0.07327662 0.9814963 0.1769053
vn -0.09754255 0.9669698 0.2354886
vn -1.011952E-08 0.9669698 0.254891
vn 0.1413754 -0.9882225 -0.0585596
vn 0.108204 -0.9882225 -0.108204
vn 0.1914809 -0.9814963 -1.710462E-08
vn 0.09754257 -0.9669698 -0.2354886
vn -2.782868E-08 -0.9669698 -0.2548909
vn -0.0732766 -0.9814963 -0.1769054
vn -0.1082041 -0.9882225 -0.108204
vn -0.1413754 -0.9882225 -0.05855962
vn -0.1914809 -0.9814963 2.090565E-08
vn 0.1769054 -0.9814963 0.0732766
vn -0.1769054 -0.9814963 0.07327659
vn 0.108204 -0.9882225 0.108204
vn -0.108204 -0.9882225 0.1082041
vn 0.07327659 -0.9814963 0.1769054
vn -0.09754256 -0.9669698 0.2354886
vn 1.011952E-08 -0.9669698 0.254891

usemtl Color
f 101/7/101 97/7/97 98/7/98
f 101/7/101 98/7/98 99/7/99
f 101/7/101 104/7/104 97/7/97
f 104/7/104 100/7/100 97/7/97
f 107/7/107 109/7/109 108/7/108
f 109/7/109 110/7/110 108/7/108
f 114/8/114 119/8/119 118/8/118
f 114/8/114 113/8/113 119/8/119
f 113/8/113 120/8/120 119/8/119
f 113/8/113 115/8/115 120/8/120
f 124/8/124 125/8/125 123/8/123
f 124/8/124 126/8/126 125/8/125
f 229/7/101 225/7/97 226/7/98
f 229/7/101 226/7/98 227/7/99
f 229/7/101 232/7/104 225/7/97
f 232/7/104 228/7/100 225/7/97
f 235/7/107 237/7/109 236/7/108
f 237/7/109 238/7/110 236/7/108
f 242/8/114 247/8/119 246/8/118
f 242/8/114 241/8/113 247/8/119
f 241/8/113 248/8/120 247/8/119
f 241/8/113 243/8/115 248/8/120
f 252/8/124 253/8/125 251/8/123
f 252/8/124 254/8/126 253/8/125
f 357/7/101 353/7/97 354/7/98
f 357/7/101 354/7/98 355/7/99
f 357/7/101 360/7/104 353/7/97
f 360/7/104 356/7/100 353/7/97
f 363/7/107 365/7/109 364/7/108
f 365/7/109 366/7/110 364/7/108
f 370/8/114 375/8/119 374/8/118
f 370/8/114 369/8/113 375/8/119
f 369/8/113 376/8/120 375/8/119
f 369/8/113 371/8/115 376/8/120
f 380/8/124 381/8/125 379/8/123
f 380/8/124 382/8/126 381/8/125
f 485/7/101 481/7/97 482/7/98
f 485/7/101 482/7/98 483/7/99
f 485/7/101 488/7/104 481/7/97
f 488/7/104 484/7/100 481/7/97
f 491/7/107 493/7/109 492/7/108
f 493/7/109 494/7/110 492/7/108
f 498/8/114 503/8/119 502/8/118
f 498/8/114 497/8/113 503/8/119
f 497/8/113 504/8/120 503/8/119
f 497/8/113 499/8/115 504/8/120
f 508/8/124 509/8/125 507/8/123
f 508/8/124 510/8/126 509/8/125
f 613/7/101 609/7/97 610/7/98
f 613/7/101 610/7/98 611/7/99
f 613/7/101 616/7/104 609/7/97
f 616/7/104 612/7/100 609/7/97
f 619/7/107 621/7/109 620/7/108
f 621/7/109 622/7/110 620/7/108
f 626/8/114 631/8/119 630/8/118
f 626/8/114 625/8/113 631/8/119
f 625/8/113 632/8/120 631/8/119
f 625/8/113 627/8/115 632/8/120
f 636/8/124 637/8/125 635/8/123
f 636/8/124 638/8/126 637/8/125
f 741/7/101 737/7/97 738/7/98
f 741/7/101 738/7/98 739/7/99
f 741/7/101 744/7/104 737/7/97
f 744/7/104 740/7/100 737/7/97
f 747/7/107 749/7/109 748/7/108
f 749/7/109 750/7/110 748/7/108
f 754/8/114 759/8/119 758/8/118
f 754/8/114 753/8/113 759/8/119
f 753/8/113 760/8/120 759/8/119
f 753/8/113 755/8/115 760/8/120
f 764/8/124 765/8/125 763/8/123
f 764/8/124 766/8/126 765/8/125
f 869/7/101 865/7/97 866/7/98
f 869/7/101 866/7/98 867/7/99
f 869/7/101 872/7/104 865/7/97
f 872/7/104 868/7/100 865/7/97
f 875/7/107 877/7/109 876/7/108
f 877/7/109 878/7/110 876/7/108
f 882/8/114 887/8/119 886/8/118
f 882/8/114 881/8/113 887/8/119
f 881/8/113 888/8/120 887/8/119
f 881/8/113 883/8/115 888/8/120
f 892/8/124 893/8/125 891/8/123
f 892/8/124 894/8/126 893/8/125
f 997/7/101 993/7/97 994/7/98
f 997/7/101 994/7/98 995/7/99
f 997/7/101 1000/7/104 993/7/97
f 1000/7/104 996/7/100 993/7/97
f 1003/7/107 1005/7/109 1004/7/108
f 1005/7/109 1006/7/110 1004/7/108
f 1010/8/114 1015/8/119 1014/8/118
f 1010/8/114 1009/8/113 1015/8/119
f 1009/8/113 1016/8/120 1015/8/119
f 1009/8/113 1011/8/115 1016/8/120
f 1020/8/124 1021/8/125 1019/8/123
f 1020/8/124 1022/8/126 1021/8/125
f 1125/7/101 1121/7/97 1122/7/98
f 1125/7/101 1122/7/98 1123/7/99
f 1125/7/101 1128/7/104 1121/7/97
f 1128/7/104 1124/7/100 1121/7/97
f 1131/7/107 1133/7/109 1132/7/108
f 1133/7/109 1134/7/110 1132/7/108
f 1138/8/114 1143/8/119 1142/8/118
f 1138/8/114 1137/8/113 1143/8/119
f 1137/8/113 1144/8/120 1143/8/119
f 1137/8/113 1139/8/115 1144/8/120
f 1148/8/124 1149/8/125 1147/8/123
f 1148/8/124 1150/8/126 1149/8/125
f 3/2/3 2/2/2 1/1/1
f 1/1/1 4/1/4 3/2/3
f 5/2/5 3/2/3 4/1/4
f 4/1/4 7/1/7 5/2/5
f 4/1/4 1/1/1 6/3/6
f 6/3/6 8/3/8 4/1/4
f 7/1/7 4/1/4 8/3/8
f 8/3/8 12/3/12 7/1/7
f 8/3/8 6/3/6 9/4/9
f 9/4/9 10/4/10 8/3/8
f 10/4/10 9/4/9 11/5/11
f 11/5/11 13/5/13 10/4/10
f 12/3/12 8/3/8 10/4/10
f 10/4/10 18/4/18 12/3/12
f 13/5/13 11/5/11 14/6/14
f 14/6/14 15/6/15 13/5/13
f 7/1/7 12/3/12 16/3/16
f 16/3/16 17/1/17 7/1/7
f 16/3/16 12/3/12 18/4/18
f 18/4/18 19/4/19 16/3/16
f 18/4/18 10/4/10 13/5/13
f 13/5/13 21/5/21 18/4/18
f 20/5/20 19/4/19 18/4/18
f 18/4/18 21/5/21 20/5/20
f 21/5/21 13/5/13 15/6/15
f 15/6/15 22/6/22 21/5/21
f 20/5/20 21/5/21 22/6/22
f 22/6/22 23/6/23 20/5/20
f 24/2/24 5/2/5 7/1/7
f 7/1/7 17/1/17 24/2/24
f 25/2/25 24/2/24 17/1/17
f 17/1/17 26/1/26 25/2/25
f 27/2/27 25/2/25 26/1/26
f 26/1/26 28/1/28 27/2/27
f 29/3/29 28/1/28 26/1/26
f 26/1/26 30/3/30 29/3/29
f 30/3/30 26/1/26 17/1/17
f 17/1/17 16/3/16 30/3/30
f 30/3/30 16/3/16 19/4/19
f 19/4/19 31/4/31 30/3/30
f 32/5/32 31/4/31 19/4/19
f 19/4/19 20/5/20 32/5/32
f 32/5/32 20/5/20 23/6/23
f 23/6/23 33/6/33 32/5/32
f 34/2/34 27/2/27 28/1/28
f 28/1/28 35/1/35 34/2/34
f 36/2/36 34/2/34 35/1/35
f 35/1/35 37/1/37 36/2/36
f 38/3/38 37/1/37 35/1/35
f 35/1/35 39/3/39 38/3/38
f 39/3/39 35/1/35 28/1/28
f 28/1/28 29/3/29 39/3/39
f 38/3/38 39/3/39 40/4/40
f 40/4/40 41/4/41 38/3/38
f 42/5/42 41/4/41 40/4/40
f 40/4/40 44/5/44 42/5/42
f 39/3/39 29/3/29 43/4/43
f 43/4/43 40/4/40 39/3/39
f 44/5/44 40/4/40 43/4/43
f 43/4/43 45/5/45 44/5/44
f 31/4/31 43/4/43 29/3/29
f 29/3/29 30/3/30 31/4/31
f 45/5/45 43/4/43 31/4/31
f 31/4/31 32/5/32 45/5/45
f 45/5/45 32/5/32 33/6/33
f 33/6/33 46/6/46 45/5/45
f 44/5/44 45/5/45 46/6/46
f 46/6/46 47/6/47 44/5/44
f 42/5/42 44/5/44 47/6/47
f 47/6/47 48/6/48 42/5/42
f 49/5/49 42/5/42 48/6/48
f 48/6/48 50/6/50 49/5/49
f 51/2/51 36/2/36 37/1/37
f 37/1/37 52/1/52 51/2/51
f 53/2/53 51/2/51 52/1/52
f 52/1/52 55/1/55 53/2/53
f 54/3/54 52/1/52 37/1/37
f 37/1/37 38/3/38 54/3/54
f 54/3/54 38/3/38 41/4/41
f 41/4/41 60/4/60 54/3/54
f 56/2/56 53/2/53 55/1/55
f 55/1/55 57/1/57 56/2/56
f 58/3/58 57/1/57 55/1/55
f 55/1/55 59/3/59 58/3/58
f 59/3/59 55/1/55 52/1/52
f 52/1/52 54/3/54 59/3/59
f 59/3/59 54/3/54 60/4/60
f 60/4/60 61/4/61 59/3/59
f 58/3/58 59/3/59 61/4/61
f 61/4/61 62/4/62 58/3/58
f 63/5/63 62/4/62 61/4/61
f 61/4/61 64/5/64 63/5/63
f 64/5/64 61/4/61 60/4/60
f 60/4/60 49/5/49 64/5/64
f 49/5/49 60/4/60 41/4/41
f 41/4/41 42/5/42 49/5/49
f 64/5/64 49/5/49 50/6/50
f 50/6/50 65/6/65 64/5/64
f 63/5/63 64/5/64 65/6/65
f 65/6/65 66/6/66 63/5/63
f 67/5/67 63/5/63 66/6/66
f 66/6/66 68/6/68 67/5/67
f 62/4/62 63/5/63 67/5/67
f 67/5/67 71/4/71 62/4/62
f 69/5/69 67/5/67 68/6/68
f 68/6/68 70/6/70 69/5/69
f 71/4/71 67/5/67 69/5/69
f 69/5/69 74/4/74 71/4/71
f 72/5/72 69/5/69 70/6/70
f 70/6/70 73/6/73 72/5/72
f 74/4/74 69/5/69 72/5/72
f 72/5/72 75/4/75 74/4/74
f 74/4/74 75/4/75 76/3/76
f 76/3/76 78/3/78 74/4/74
f 62/4/62 71/4/71 77/3/77
f 77/3/77 58/3/58 62/4/62
f 57/1/57 58/3/58 77/3/77
f 77/3/77 79/1/79 57/1/57
f 71/4/71 74/4/74 78/3/78
f 78/3/78 77/3/77 71/4/71
f 79/1/79 77/3/77 78/3/78
f 78/3/78 80/1/80 79/1/79
f 80/1/80 78/3/78 76/3/76
f 76/3/76 81/1/81 80/1/80
f 80/1/80 81/1/81 82/2/82
f 82/2/82 83/2/83 80/1/80
f 79/1/79 80/1/80 83/2/83
f 83/2/83 84/2/84 79/1/79
f 57/1/57 79/1/79 84/2/84
f 84/2/84 56/2/56 57/1/57
f 85/2/85 82/2/82 81/1/81
f 81/1/81 86/1/86 85/2/85
f 87/2/87 85/2/85 86/1/86
f 86/1/86 89/1/89 87/2/87
f 88/3/88 86/1/86 81/1/81
f 81/1/81 76/3/76 88/3/88
f 88/3/88 76/3/76 75/4/75
f 75/4/75 91/4/91 88/3/88
f 89/1/89 86/1/86 88/3/88
f 88/3/88 90/3/90 89/1/89
f 2/2/2 87/2/87 89/1/89
f 89/1/89 1/1/1 2/2/2
f 6/3/6 1/1/1 89/1/89
f 89/1/89 90/3/90 6/3/6
f 90/3/90 88/3/88 91/4/91
f 91/4/91 92/4/92 90/3/90
f 6/3/6 90/3/90 92/4/92
f 92/4/92 9/4/9 6/3/6
f 11/5/11 9/4/9 92/4/92
f 92/4/92 95/5/95 11/5/11
f 93/5/93 91/4/91 75/4/75
f 75/4/75 72/5/72 93/5/93
f 92/4/92 91/4/91 93/5/93
f 93/5/93 95/5/95 92/4/92
f 93/5/93 72/5/72 73/6/73
f 73/6/73 94/6/94 93/5/93
f 95/5/95 93/5/93 94/6/94
f 94/6/94 96/6/96 95/5/95
f 11/5/11 95/5/95 96/6/96
f 96/6/96 14/6/14 11/5/11
f 98/7/98 97/7/97 96/6/96
f 96/6/96 94/6/94 98/7/98
f 14/6/14 96/6/96 97/7/97
f 97/7/97 100/7/100 14/6/14
f 99/7/99 98/7/98 94/6/94
f 94/6/94 73/6/73 99/7/99
f 15/6/15 14/6/14 100/7/100
f 100/7/100 106/7/106 15/6/15
f 102/7/102 99/7/99 73/6/73
f 73/6/73 70/6/70 102/7/102
f 99/7/99 102/7/102 103/7/103
f 103/7/103 101/7/101 99/7/99
f 103/7/103 102/7/102 70/6/70
f 70/6/70 68/6/68 103/7/103
f 101/7/101 103/7/103 68/6/68
f 68/6/68 66/6/66 101/7/101
f 104/7/104 101/7/101 66/6/66
f 66/6/66 65/6/65 104/7/104
f 105/7/105 104/7/104 65/6/65
f 65/6/65 50/6/50 105/7/105
f 100/7/100 104/7/104 105/7/105
f 105/7/105 106/7/106 100/7/100
f 22/6/22 15/6/15 106/7/106
f 106/7/106 108/7/108 22/6/22
f 107/7/107 105/7/105 50/6/50
f 50/6/50 48/6/48 107/7/107
f 106/7/106 105/7/105 107/7/107
f 107/7/107 108/7/108 106/7/106
f 23/6/23 22/6/22 108/7/108
f 108/7/108 110/7/110 23/6/23
f 109/7/109 107/7/107 48/6/48
f 48/6/48 47/6/47 109/7/109
f 33/6/33 23/6/23 110/7/110
f 110/7/110 112/7/112 33/6/33
f 111/7/111 109/7/109 47/6/47
f 47/6/47 46/6/46 111/7/111
f 110/7/110 109/7/109 111/7/111
f 111/7/111 112/7/112 110/7/110
f 112/7/112 111/7/111 46/6/46
f 46/6/46 33/6/33 112/7/112
f 85/2/85 87/2/87 113/8/113
f 113/8/113 114/8/114 85/2/85
f 82/2/82 85/2/85 114/8/114
f 114/8/114 116/8/116 82/2/82
f 115/8/115 113/8/113 87/2/87
f 87/2/87 2/2/2 115/8/115
f 83/2/83 82/2/82 116/8/116
f 116/8/116 117/8/117 83/2/83
f 84/2/84 83/2/83 117/8/117
f 117/8/117 118/8/118 84/2/84
f 118/8/118 117/8/117 116/8/116
f 116/8/116 114/8/114 118/8/118
f 56/2/56 84/2/84 118/8/118
f 118/8/118 119/8/119 56/2/56
f 53/2/53 56/2/56 119/8/119
f 119/8/119 120/8/120 53/2/53
f 51/2/51 53/2/53 120/8/120
f 120/8/120 121/8/121 51/2/51
f 122/8/122 121/8/121 120/8/120
f 120/8/120 115/8/115 122/8/122
f 36/2/36 51/2/51 121/8/121
f 121/8/121 123/8/123 36/2/36
f 122/8/122 115/8/115 2/2/2
f 2/2/2 3/2/3 122/8/122
f 124/8/124 123/8/123 121/8/121
f 121/8/121 122/8/122 124/8/124
f 34/2/34 36/2/36 123/8/123
f 123/8/123 125/8/125 34/2/34
f 124/8/124 122/8/122 3/2/3
f 3/2/3 5/2/5 124/8/124
f 27/2/27 34/2/34 125/8/125
f 125/8/125 127/8/127 27/2/27
f 126/8/126 124/8/124 5/2/5
f 5/2/5 24/2/24 126/8/126
f 128/8/128 127/8/127 125/8/125
f 125/8/125 126/8/126 128/8/128
f 25/2/25 27/2/27 127/8/127
f 127/8/127 128/8/128 25/2/25
f 128/8/128 126/8/126 24/2/24
f 24/2/24 25/2/25 128/8/128
f 131/2/3 130/2/2 129/1/1
f 129/1/1 132/1/4 131/2/3
f 133/2/5 131/2/3 132/1/4
f 132/1/4 135/1/7 133/2/5
f 132/1/4 129/1/1 134/3/6
f 134/3/6 136/3/8 132/1/4
f 135/1/7 132/1/4 136/3/8
f 136/3/8 140/3/12 135/1/7
f 136/3/8 134/3/6 137/4/9
f 137/4/9 138/4/10 136/3/8
f 138/4/10 137/4/9 139/5/11
f 139/5/11 141/5/13 138/4/10
f 140/3/12 136/3/8 138/4/10
f 138/4/10 146/4/18 140/3/12
f 141/5/13 139/5/11 142/6/14
f 142/6/14 143/6/15 141/5/13
f 135/1/7 140/3/12 144/3/16
f 144/3/16 145/1/17 135/1/7
f 144/3/16 140/3/12 146/4/18
f 146/4/18 147/4/19 144/3/16
f 146/4/18 138/4/10 141/5/13
f 141/5/13 149/5/21 146/4/18
f 148/5/20 147/4/19 146/4/18
f 146/4/18 149/5/21 148/5/20
f 149/5/21 141/5/13 143/6/15
f 143/6/15 150/6/22 149/5/21
f 148/5/20 149/5/21 150/6/22
f 150/6/22 151/6/23 148/5/20
f 152/2/24 133/2/5 135/1/7
f 135/1/7 145/1/17 152/2/24
f 153/2/25 152/2/24 145/1/17
f 145/1/17 154/1/26 153/2/25
f 155/2/27 153/2/25 154/1/26
f 154/1/26 156/1/28 155/2/27
f 157/3/29 156/1/28 154/1/26
f 154/1/26 158/3/30 157/3/29
f 158/3/30 154/1/26 145/1/17
f 145/1/17 144/3/16 158/3/30
f 158/3/30 144/3/16 147/4/19
f 147/4/19 159/4/31 158/3/30
f 160/5/32 159/4/31 147/4/19
f 147/4/19 148/5/20 160/5/32
f 160/5/32 148/5/20 151/6/23
f 151/6/23 161/6/33 160/5/32
f 162/2/34 155/2/27 156/1/28
f 156/1/28 163/1/35 162/2/34
f 164/2/36 162/2/34 163/1/35
f 163/1/35 165/1/37 164/2/36
f 166/3/38 165/1/37 163/1/35
f 163/1/35 167/3/39 166/3/38
f 167/3/39 163/1/35 156/1/28
f 156/1/28 157/3/29 167/3/39
f 166/3/38 167/3/39 168/4/40
f 168/4/40 169/4/41 166/3/38
f 170/5/42 169/4/41 168/4/40
f 168/4/40 172/5/44 170/5/42
f 167/3/39 157/3/29 171/4/43
f 171/4/43 168/4/40 167/3/39
f 172/5/44 168/4/40 171/4/43
f 171/4/43 173/5/45 172/5/44
f 159/4/31 171/4/43 157/3/29
f 157/3/29 158/3/30 159/4/31
f 173/5/45 171/4/43 159/4/31
f 159/4/31 160/5/32 173/5/45
f 173/5/45 160/5/32 161/6/33
f 161/6/33 174/6/46 173/5/45
f 172/5/44 173/5/45 174/6/46
f 174/6/46 175/6/47 172/5/44
f 170/5/42 172/5/44 175/6/47
f 175/6/47 176/6/48 170/5/42
f 177/5/49 170/5/42 176/6/48
f 176/6/48 178/6/50 177/5/49
f 179/2/51 164/2/36 165/1/37
f 165/1/37 180/1/52 179/2/51
f 181/2/53 179/2/51 180/1/52
f 180/1/52 183/1/55 181/2/53
f 182/3/54 180/1/52 165/1/37
f 165/1/37 166/3/38 182/3/54
f 182/3/54 166/3/38 169/4/41
f 169/4/41 188/4/60 182/3/54
f 184/2/56 181/2/53 183/1/55
f 183/1/55 185/1/57 184/2/56
f 186/3/58 185/1/57 183/1/55
f 183/1/55 187/3/59 186/3/58
f 187/3/59 183/1/55 180/1/52
f 180/1/52 182/3/54 187/3/59
f 187/3/59 182/3/54 188/4/60
f 188/4/60 189/4/61 187/3/59
f 186/3/58 187/3/59 189/4/61
f 189/4/61 190/4/62 186/3/58
f 191/5/63 190/4/62 189/4/61
f 189/4/61 192/5/64 191/5/63
f 192/5/64 189/4/61 188/4/60
f 188/4/60 177/5/49 192/5/64
f 177/5/49 188/4/60 169/4/41
f 169/4/41 170/5/42 177/5/49
f 192/5/64 177/5/49 178/6/50
f 178/6/50 193/6/65 192/5/64
f 191/5/63 192/5/64 193/6/65
f 193/6/65 194/6/66 191/5/63
f 195/5/67 191/5/63 194/6/66
f 194/6/66 196/6/68 195/5/67
f 190/4/62 191/5/63 195/5/67
f 195/5/67 199/4/71 190/4/62
f 197/5/69 195/5/67 196/6/68
f 196/6/68 198/6/70 197/5/69
f 199/4/71 195/5/67 197/5/69
f 197/5/69 202/4/74 199/4/71
f 200/5/72 197/5/69 198/6/70
f 198/6/70 201/6/73 200/5/72
f 202/4/74 197/5/69 200/5/72
f 200/5/72 203/4/75 202/4/74
f 202/4/74 203/4/75 204/3/76
f 204/3/76 206/3/78 202/4/74
f 190/4/62 199/4/71 205/3/77
f 205/3/77 186/3/58 190/4/62
f 185/1/57 186/3/58 205/3/77
f 205/3/77 207/1/79 185/1/57
f 199/4/71 202/4/74 206/3/78
f 206/3/78 205/3/77 199/4/71
f 207/1/79 205/3/77 206/3/78
f 206/3/78 208/1/80 207/1/79
f 208/1/80 206/3/78 204/3/76
f 204/3/76 209/1/81 208/1/80
f 208/1/80 209/1/81 210/2/82
f 210/2/82 211/2/83 208/1/80
f 207/1/79 208/1/80 211/2/83
f 211/2/83 212/2/84 207/1/79
f 185/1/57 207/1/79 212/2/84
f 212/2/84 184/2/56 185/1/57
f 213/2/85 210/2/82 209/1/81
f 209/1/81 214/1/86 213/2/85
f 215/2/87 213/2/85 214/1/86
f 214/1/86 217/1/89 215/2/87
f 216/3/88 214/1/86 209/1/81
f 209/1/81 204/3/76 216/3/88
f 216/3/88 204/3/76 203/4/75
f 203/4/75 219/4/91 216/3/88
f 217/1/89 214/1/86 216/3/88
f 216/3/88 218/3/90 217/1/89
f 130/2/2 215/2/87 217/1/89
f 217/1/89 129/1/1 130/2/2
f 134/3/6 129/1/1 217/1/89
f 217/1/89 218/3/90 134/3/6
f 218/3/90 216/3/88 219/4/91
f 219/4/91 220/4/92 218/3/90
f 134/3/6 218/3/90 220/4/92
f 220/4/92 137/4/9 134/3/6
f 139/5/11 137/4/9 220/4/92
f 220/4/92 223/5/95 139/5/11
f 221/5/93 219/4/91 203/4/75
f 203/4/75 200/5/72 221/5/93
f 220/4/92 219/4/91 221/5/93
f 221/5/93 223/5/95 220/4/92
f 221/5/93 200/5/72 201/6/73
f 201/6/73 222/6/94 221/5/93
f 223/5/95 221/5/93 222/6/94
f 222/6/94 224/6/96 223/5/95
f 139/5/11 223/5/95 224/6/96
f 224/6/96 142/6/14 139/5/11
f 226/7/98 225/7/97 224/6/96
f 224/6/96 222/6/94 226/7/98
f 142/6/14 224/6/96 225/7/97
f 225/7/97 228/7/100 142/6/14
f 227/7/99 226/7/98 222/6/94
f 222/6/94 201/6/73 227/7/99
f 143/6/15 142/6/14 228/7/100
f 228/7/100 234/7/106 143/6/15
f 230/7/102 227/7/99 201/6/73
f 201/6/73 198/6/70 230/7/102
f 227/7/99 230/7/102 231/7/103
f 231/7/103 229/7/101 227/7/99
f 231/7/103 230/7/102 198/6/70
f 198/6/70 196/6/68 231/7/103
f 229/7/101 231/7/103 196/6/68
f 196/6/68 194/6/66 229/7/101
f 232/7/104 229/7/101 194/6/66
f 194/6/66 193/6/65 232/7/104
f 233/7/105 232/7/104 193/6/65
f 193/6/65 178/6/50 233/7/105
f 228/7/100 232/7/104 233/7/105
f 233/7/105 234/7/106 228/7/100
f 150/6/22 143/6/15 234/7/106
f 234/7/106 236/7/108 150/6/22
f 235/7/107 233/7/105 178/6/50
f 178/6/50 176/6/48 235/7/107
f 234/7/106 233/7/105 235/7/107
f 235/7/107 236/7/108 234/7/106
f 151/6/23 150/6/22 236/7/108
f 236/7/108 238/7/110 151/6/23
f 237/7/109 235/7/107 176/6/48
f 176/6/48 175/6/47 237/7/109
f 161/6/33 151/6/23 238/7/110
f 238/7/110 240/7/112 161/6/33
f 239/7/111 237/7/109 175/6/47
f 175/6/47 174/6/46 239/7/111
f 238/7/110 237/7/109 239/7/111
f 239/7/111 240/7/112 238/7/110
f 240/7/112 239/7/111 174/6/46
f 174/6/46 161/6/33 240/7/112
f 213/2/85 215/2/87 241/8/113
f 241/8/113 242/8/114 213/2/85
f 210/2/82 213/2/85 242/8/114
f 242/8/114 244/8/116 210/2/82
f 243/8/115 241/8/113 215/2/87
f 215/2/87 130/2/2 243/8/115
f 211/2/83 210/2/82 244/8/116
f 244/8/116 245/8/117 211/2/83
f 212/2/84 211/2/83 245/8/117
f 245/8/117 246/8/118 212/2/84
f 246/8/118 245/8/117 244/8/116
f 244/8/116 242/8/114 246/8/118
f 184/2/56 212/2/84 246/8/118
f 246/8/118 247/8/119 184/2/56
f 181/2/53 184/2/56 247/8/119
f 247/8/119 248/8/120 181/2/53
f 179/2/51 181/2/53 248/8/120
f 248/8/120 249/8/121 179/2/51
f 250/8/122 249/8/121 248/8/120
f 248/8/120 243/8/115 250/8/122
f 164/2/36 179/2/51 249/8/121
f 249/8/121 251/8/123 164/2/36
f 250/8/122 243/8/115 130/2/2
f 130/2/2 131/2/3 250/8/122
f 252/8/124 251/8/123 249/8/121
f 249/8/121 250/8/122 252/8/124
f 162/2/34 164/2/36 251/8/123
f 251/8/123 253/8/125 162/2/34
f 252/8/124 250/8/122 131/2/3
f 131/2/3 133/2/5 252/8/124
f 155/2/27 162/2/34 253/8/125
f 253/8/125 255/8/127 155/2/27
f 254/8/126 252/8/124 133/2/5
f 133/2/5 152/2/24 254/8/126
f 256/8/128 255/8/127 253/8/125
f 253/8/125 254/8/126 256/8/128
f 153/2/25 155/2/27 255/8/127
f 255/8/127 256/8/128 153/2/25
f 256/8/128 254/8/126 152/2/24
f 152/2/24 153/2/25 256/8/128
f 259/2/3 258/2/2 257/1/1
f 257/1/1 260/1/4 259/2/3
f 261/2/5 259/2/3 260/1/4
f 260/1/4 263/1/7 261/2/5
f 260/1/4 257/1/1 262/3/6
f 262/3/6 264/3/8 260/1/4
f 263/1/7 260/1/4 264/3/8
f 264/3/8 268/3/12 263/1/7
f 264/3/8 262/3/6 265/4/9
f 265/4/9 266/4/10 264/3/8
f 266/4/10 265/4/9 267/5/11
f 267/5/11 269/5/13 266/4/10
f 268/3/12 264/3/8 266/4/10
f 266/4/10 274/4/18 268/3/12
f 269/5/13 267/5/11 270/6/14
f 270/6/14 271/6/15 269/5/13
f 263/1/7 268/3/12 272/3/16
f 272/3/16 273/1/17 263/1/7
f 272/3/16 268/3/12 274/4/18
f 274/4/18 275/4/19 272/3/16
f 274/4/18 266/4/10 269/5/13
f 269/5/13 277/5/21 274/4/18
f 276/5/20 275/4/19 274/4/18
f 274/4/18 277/5/21 276/5/20
f 277/5/21 269/5/13 271/6/15
f 271/6/15 278/6/22 277/5/21
f 276/5/20 277/5/21 278/6/22
f 278/6/22 279/6/23 276/5/20
f 280/2/24 261/2/5 263/1/7
f 263/1/7 273/1/17 280/2/24
f 281/2/25 280/2/24 273/1/17
f 273/1/17 282/1/26 281/2/25
f 283/2/27 281/2/25 282/1/26
f 282/1/26 284/1/28 283/2/27
f 285/3/29 284/1/28 282/1/26
f 282/1/26 286/3/30 285/3/29
f 286/3/30 282/1/26 273/1/17
f 273/1/17 272/3/16 286/3/30
f 286/3/30 272/3/16 275/4/19
f 275/4/19 287/4/31 286/3/30
f 288/5/32 287/4/31 275/4/19
f 275/4/19 276/5/20 288/5/32
f 288/5/32 276/5/20 279/6/23
f 279/6/23 289/6/33 288/5/32
f 290/2/34 283/2/27 284/1/28
f 284/1/28 291/1/35 290/2/34
f 292/2/36 290/2/34 291/1/35
f 291/1/35 293/1/37 292/2/36
f 294/3/38 293/1/37 291/1/35
f 291/1/35 295/3/39 294/3/38
f 295/3/39 291/1/35 284/1/28
f 284/1/28 285/3/29 295/3/39
f 294/3/38 295/3/39 296/4/40
f 296/4/40 297/4/41 294/3/38
f 298/5/42 297/4/41 296/4/40
f 296/4/40 300/5/44 298/5/42
f 295/3/39 285/3/29 299/4/43
f 299/4/43 296/4/40 295/3/39
f 300/5/44 296/4/40 299/4/43
f 299/4/43 301/5/45 300/5/44
f 287/4/31 299/4/43 285/3/29
f 285/3/29 286/3/30 287/4/31
f 301/5/45 299/4/43 287/4/31
f 287/4/31 288/5/32 301/5/45
f 301/5/45 288/5/32 289/6/33
f 289/6/33 302/6/46 301/5/45
f 300/5/44 301/5/45 302/6/46
f 302/6/46 303/6/47 300/5/44
f 298/5/42 300/5/44 303/6/47
f 303/6/47 304/6/48 298/5/42
f 305/5/49 298/5/42 304/6/48
f 304/6/48 306/6/50 305/5/49
f 307/2/51 292/2/36 293/1/37
f 293/1/37 308/1/52 307/2/51
f 309/2/53 307/2/51 308/1/52
f 308/1/52 311/1/55 309/2/53
f 310/3/54 308/1/52 293/1/37
f 293/1/37 294/3/38 310/3/54
f 310/3/54 294/3/38 297/4/41
f 297/4/41 316/4/60 310/3/54
f 312/2/56 309/2/53 311/1/55
f 311/1/55 313/1/57 312/2/56
f 314/3/58 313/1/57 311/1/55
f 311/1/55 315/3/59 314/3/58
f 315/3/59 311/1/55 308/1/52
f 308/1/52 310/3/54 315/3/59
f 315/3/59 310/3/54 316/4/60
f 316/4/60 317/4/61 315/3/59
f 314/3/58 315/3/59 317/4/61
f 317/4/61 318/4/62 314/3/58
f 319/5/63 318/4/62 317/4/61
f 317/4/61 320/5/64 319/5/63
f 320/5/64 317/4/61 316/4/60
f 316/4/60 305/5/49 320/5/64
f 305/5/49 316/4/60 297/4/41
f 297/4/41 298/5/42 305/5/49
f 320/5/64 305/5/49 306/6/50
f 306/6/50 321/6/65 320/5/64
f 319/5/63 320/5/64 321/6/65
f 321/6/65 322/6/66 319/5/63
f 323/5/67 319/5/63 322/6/66
f 322/6/66 324/6/68 323/5/67
f 318/4/62 319/5/63 323/5/67
f 323/5/67 327/4/71 318/4/62
f 325/5/69 323/5/67 324/6/68
f 324/6/68 326/6/70 325/5/69
f 327/4/71 323/5/67 325/5/69
f 325/5/69 330/4/74 327/4/71
f 328/5/72 325/5/69 326/6/70
f 326/6/70 329/6/73 328/5/72
f 330/4/74 325/5/69 328/5/72
f 328/5/72 331/4/75 330/4/74
f 330/4/74 331/4/75 332/3/76
f 332/3/76 334/3/78 330/4/74
f 318/4/62 327/4/71 333/3/77
f 333/3/77 314/3/58 318/4/62
f 313/1/57 314/3/58 333/3/77
f 333/3/77 335/1/79 313/1/57
f 327/4/71 330/4/74 334/3/78
f 334/3/78 333/3/77 327/4/71
f 335/1/79 333/3/77 334/3/78
f 334/3/78 336/1/80 335/1/79
f 336/1/80 334/3/78 332/3/76
f 332/3/76 337/1/81 336/1/80
f 336/1/80 337/1/81 338/2/82
f 338/2/82 339/2/83 336/1/80
f 335/1/79 336/1/80 339/2/83
f 339/2/83 340/2/84 335/1/79
f 313/1/57 335/1/79 340/2/84
f 340/2/84 312/2/56 313/1/57
f 341/2/85 338/2/82 337/1/81
f 337/1/81 342/1/86 341/2/85
f 343/2/87 341/2/85 342/1/86
f 342/1/86 345/1/89 343/2/87
f 344/3/88 342/1/86 337/1/81
f 337/1/81 332/3/76 344/3/88
f 344/3/88 332/3/76 331/4/75
f 331/4/75 347/4/91 344/3/88
f 345/1/89 342/1/86 344/3/88
f 344/3/88 346/3/90 345/1/89
f 258/2/2 343/2/87 345/1/89
f 345/1/89 257/1/1 258/2/2
f 262/3/6 257/1/1 345/1/89
f 345/1/89 346/3/90 262/3/6
f 346/3/90 344/3/88 347/4/91
f 347/4/91 348/4/92 346/3/90
f 262/3/6 346/3/90 348/4/92
f 348/4/92 265/4/9 262/3/6
f 267/5/11 265/4/9 348/4/92
f 348/4/92 351/5/95 267/5/11
f 349/5/93 347/4/91 331/4/75
f 331/4/75 328/5/72 349/5/93
f 348/4/92 347/4/91 349/5/93
f 349/5/93 351/5/95 348/4/92
f 349/5/93 328/5/72 329/6/73
f 329/6/73 350/6/94 349/5/93
f 351/5/95 349/5/93 350/6/94
f 350/6/94 352/6/96 351/5/95
f 267/5/11 351/5/95 352/6/96
f 352/6/96 270/6/14 267/5/11
f 354/7/98 353/7/97 352/6/96
f 352/6/96 350/6/94 354/7/98
f 270/6/14 352/6/96 353/7/97
f 353/7/97 356/7/100 270/6/14
f 355/7/99 354/7/98 350/6/94
f 350/6/94 329/6/73 355/7/99
f 271/6/15 270/6/14 356/7/100
f 356/7/100 362/7/106 271/6/15
f 358/7/102 355/7/99 329/6/73
f 329/6/73 326/6/70 358/7/102
f 355/7/99 358/7/102 359/7/103
f 359/7/103 357/7/101 355/7/99
f 359/7/103 358/7/102 326/6/70
f 326/6/70 324/6/68 359/7/103
f 357/7/101 359/7/103 324/6/68
f 324/6/68 322/6/66 357/7/101
f 360/7/104 357/7/101 322/6/66
f 322/6/66 321/6/65 360/7/104
f 361/7/105 360/7/104 321/6/65
f 321/6/65 306/6/50 361/7/105
f 356/7/100 360/7/104 361/7/105
f 361/7/105 362/7/106 356/7/100
f 278/6/22 271/6/15 362/7/106
f 362/7/106 364/7/108 278/6/22
f 363/7/107 361/7/105 306/6/50
f 306/6/50 304/6/48 363/7/107
f 362/7/106 361/7/105 363/7/107
f 363/7/107 364/7/108 362/7/106
f 279/6/23 278/6/22 364/7/108
f 364/7/108 366/7/110 279/6/23
f 365/7/109 363/7/107 304/6/48
f 304/6/48 303/6/47 365/7/109
f 289/6/33 279/6/23 366/7/110
f 366/7/110 368/7/112 289/6/33
f 367/7/111 365/7/109 303/6/47
f 303/6/47 302/6/46 367/7/111
f 366/7/110 365/7/109 367/7/111
f 367/7/111 368/7/112 366/7/110
f 368/7/112 367/7/111 302/6/46
f 302/6/46 289/6/33 368/7/112
f 341/2/85 343/2/87 369/8/113
f 369/8/113 370/8/114 341/2/85
f 338/2/82 341/2/85 370/8/114
f 370/8/114 372/8/116 338/2/82
f 371/8/115 369/8/113 343/2/87
f 343/2/87 258/2/2 371/8/115
f 339/2/83 338/2/82 372/8/116
f 372/8/116 373/8/117 339/2/83
f 340/2/84 339/2/83 373/8/117
f 373/8/117 374/8/118 340/2/84
f 374/8/118 373/8/117 372/8/116
f 372/8/116 370/8/114 374/8/118
f 312/2/56 340/2/84 374/8/118
f 374/8/118 375/8/119 312/2/56
f 309/2/53 312/2/56 375/8/119
f 375/8/119 376/8/120 309/2/53
f 307/2/51 309/2/53 376/8/120
f 376/8/120 377/8/121 307/2/51
f 378/8/122 377/8/121 376/8/120
f 376/8/120 371/8/115 378/8/122
f 292/2/36 307/2/51 377/8/121
f 377/8/121 379/8/123 292/2/36
f 378/8/122 371/8/115 258/2/2
f 258/2/2 259/2/3 378/8/122
f 380/8/124 379/8/123 377/8/121
f 377/8/121 378/8/122 380/8/124
f 290/2/34 292/2/36 379/8/123
f 379/8/123 381/8/125 290/2/34
f 380/8/124 378/8/122 259/2/3
f 259/2/3 261/2/5 380/8/124
f 283/2/27 290/2/34 381/8/125
f 381/8/125 383/8/127 283/2/27
f 382/8/126 380/8/124 261/2/5
f 261/2/5 280/2/24 382/8/126
f 384/8/128 383/8/127 381/8/125
f 381/8/125 382/8/126 384/8/128
f 281/2/25 283/2/27 383/8/127
f 383/8/127 384/8/128 281/2/25
f 384/8/128 382/8/126 280/2/24
f 280/2/24 281/2/25 384/8/128
f 387/2/3 386/2/2 385/1/1
f 385/1/1 388/1/4 387/2/3
f 389/2/5 387/2/3 388/1/4
f 388/1/4 391/1/7 389/2/5
f 388/1/4 385/1/1 390/3/6
f 390/3/6 392/3/8 388/1/4
f 391/1/7 388/1/4 392/3/8
f 392/3/8 396/3/12 391/1/7
f 392/3/8 390/3/6 393/4/9
f 393/4/9 394/4/10 392/3/8
f 394/4/10 393/4/9 395/5/11
f 395/5/11 397/5/13 394/4/10
f 396/3/12 392/3/8 394/4/10
f 394/4/10 402/4/18 396/3/12
f 397/5/13 395/5/11 398/6/14
f 398/6/14 399/6/15 397/5/13
f 391/1/7 396/3/12 400/3/16
f 400/3/16 401/1/17 391/1/7
f 400/3/16 396/3/12 402/4/18
f 402/4/18 403/4/19 400/3/16
f 402/4/18 394/4/10 397/5/13
f 397/5/13 405/5/21 402/4/18
f 404/5/20 403/4/19 402/4/18
f 402/4/18 405/5/21 404/5/20
f 405/5/21 397/5/13 399/6/15
f 399/6/15 406/6/22 405/5/21
f 404/5/20 405/5/21 406/6/22
f 406/6/22 407/6/23 404/5/20
f 408/2/24 389/2/5 391/1/7
f 391/1/7 401/1/17 408/2/24
f 409/2/25 408/2/24 401/1/17
f 401/1/17 410/1/26 409/2/25
f 411/2/27 409/2/25 410/1/26
f 410/1/26 412/1/28 411/2/27
f 413/3/29 412/1/28 410/1/26
f 410/1/26 414/3/30 413/3/29
f 414/3/30 410/1/26 401/1/17
f 401/1/17 400/3/16 414/3/30
f 414/3/30 400/3/16 403/4/19
f 403/4/19 415/4/31 414/3/30
f 416/5/32 415/4/31 403/4/19
f 403/4/19 404/5/20 416/5/32
f 416/5/32 404/5/20 407/6/23
f 407/6/23 417/6/33 416/5/32
f 418/2/34 411/2/27 412/1/28
f 412/1/28 419/1/35 418/2/34
f 420/2/36 418/2/34 419/1/35
f 419/1/35 421/1/37 420/2/36
f 422/3/38 421/1/37 419/1/35
f 419/1/35 423/3/39 422/3/38
f 423/3/39 419/1/35 412/1/28
f 412/1/28 413/3/29 423/3/39
f 422/3/38 423/3/39 424/4/40
f 424/4/40 425/4/41 422/3/38
f 426/5/42 425/4/41 424/4/40
f 424/4/40 428/5/44 426/5/42
f 423/3/39 413/3/29 427/4/43
f 427/4/43 424/4/40 423/3/39
f 428/5/44 424/4/40 427/4/43
f 427/4/43 429/5/45 428/5/44
f 415/4/31 427/4/43 413/3/29
f 413/3/29 414/3/30 415/4/31
f 429/5/45 427/4/43 415/4/31
f 415/4/31 416/5/32 429/5/45
f 429/5/45 416/5/32 417/6/33
f 417/6/33 430/6/46 429/5/45
f 428/5/44 429/5/45 430/6/46
f 430/6/46 431/6/47 428/5/44
f 426/5/42 428/5/44 431/6/47
f 431/6/47 432/6/48 426/5/42
f 433/5/49 426/5/42 432/6/48
f 432/6/48 434/6/50 433/5/49
f 435/2/51 420/2/36 421/1/37
f 421/1/37 436/1/52 435/2/51
f 437/2/53 435/2/51 436/1/52
f 436/1/52 439/1/55 437/2/53
f 438/3/54 436/1/52 421/1/37
f 421/1/37 422/3/38 438/3/54
f 438/3/54 422/3/38 425/4/41
f 425/4/41 444/4/60 438/3/54
f 440/2/56 437/2/53 439/1/55
f 439/1/55 441/1/57 440/2/56
f 442/3/58 441/1/57 439/1/55
f 439/1/55 443/3/59 442/3/58
f 443/3/59 439/1/55 436/1/52
f 436/1/52 438/3/54 443/3/59
f 443/3/59 438/3/54 444/4/60
f 444/4/60 445/4/61 443/3/59
f 442/3/58 443/3/59 445/4/61
f 445/4/61 446/4/62 442/3/58
f 447/5/63 446/4/62 445/4/61
f 445/4/61 448/5/64 447/5/63
f 448/5/64 445/4/61 444/4/60
f 444/4/60 433/5/49 448/5/64
f 433/5/49 444/4/60 425/4/41
f 425/4/41 426/5/42 433/5/49
f 448/5/64 433/5/49 434/6/50
f 434/6/50 449/6/65 448/5/64
f 447/5/63 448/5/64 449/6/65
f 449/6/65 450/6/66 447/5/63
f 451/5/67 447/5/63 450/6/66
f 450/6/66 452/6/68 451/5/67
f 446/4/62 447/5/63 451/5/67
f 451/5/67 455/4/71 446/4/62
f 453/5/69 451/5/67 452/6/68
f 452/6/68 454/6/70 453/5/69
f 455/4/71 451/5/67 453/5/69
f 453/5/69 458/4/74 455/4/71
f 456/5/72 453/5/69 454/6/70
f 454/6/70 457/6/73 456/5/72
f 458/4/74 453/5/69 456/5/72
f 456/5/72 459/4/75 458/4/74
f 458/4/74 459/4/75 460/3/76
f 460/3/76 462/3/78 458/4/74
f 446/4/62 455/4/71 461/3/77
f 461/3/77 442/3/58 446/4/62
f 441/1/57 442/3/58 461/3/77
f 461/3/77 463/1/79 441/1/57
f 455/4/71 458/4/74 462/3/78
f 462/3/78 461/3/77 455/4/71
f 463/1/79 461/3/77 462/3/78
f 462/3/78 464/1/80 463/1/79
f 464/1/80 462/3/78 460/3/76
f 460/3/76 465/1/81 464/1/80
f 464/1/80 465/1/81 466/2/82
f 466/2/82 467/2/83 464/1/80
f 463/1/79 464/1/80 467/2/83
f 467/2/83 468/2/84 463/1/79
f 441/1/57 463/1/79 468/2/84
f 468/2/84 440/2/56 441/1/57
f 469/2/85 466/2/82 465/1/81
f 465/1/81 470/1/86 469/2/85
f 471/2/87 469/2/85 470/1/86
f 470/1/86 473/1/89 471/2/87
f 472/3/88 470/1/86 465/1/81
f 465/1/81 460/3/76 472/3/88
f 472/3/88 460/3/76 459/4/75
f 459/4/75 475/4/91 472/3/88
f 473/1/89 470/1/86 472/3/88
f 472/3/88 474/3/90 473/1/89
f 386/2/2 471/2/87 473/1/89
f 473/1/89 385/1/1 386/2/2
f 390/3/6 385/1/1 473/1/89
f 473/1/89 474/3/90 390/3/6
f 474/3/90 472/3/88 475/4/91
f 475/4/91 476/4/92 474/3/90
f 390/3/6 474/3/90 476/4/92
f 476/4/92 393/4/9 390/3/6
f 395/5/11 393/4/9 476/4/92
f 476/4/92 479/5/95 395/5/11
f 477/5/93 475/4/91 459/4/75
f 459/4/75 456/5/72 477/5/93
f 476/4/92 475/4/91 477/5/93
f 477/5/93 479/5/95 476/4/92
f 477/5/93 456/5/72 457/6/73
f 457/6/73 478/6/94 477/5/93
f 479/5/95 477/5/93 478/6/94
f 478/6/94 480/6/96 479/5/95
f 395/5/11 479/5/95 480/6/96
f 480/6/96 398/6/14 395/5/11
f 482/7/98 481/7/97 480/6/96
f 480/6/96 478/6/94 482/7/98
f 398/6/14 480/6/96 481/7/97
f 481/7/97 484/7/100 398/6/14
f 483/7/99 482/7/98 478/6/94
f 478/6/94 457/6/73 483/7/99
f 399/6/15 398/6/14 484/7/100
f 484/7/100 490/7/106 399/6/15
f 486/7/102 483/7/99 457/6/73
f 457/6/73 454/6/70 486/7/102
f 483/7/99 486/7/102 487/7/103
f 487/7/103 485/7/101 483/7/99
f 487/7/103 486/7/102 454/6/70
f 454/6/70 452/6/68 487/7/103
f 485/7/101 487/7/103 452/6/68
f 452/6/68 450/6/66 485/7/101
f 488/7/104 485/7/101 450/6/66
f 450/6/66 449/6/65 488/7/104
f 489/7/105 488/7/104 449/6/65
f 449/6/65 434/6/50 489/7/105
f 484/7/100 488/7/104 489/7/105
f 489/7/105 490/7/106 484/7/100
f 406/6/22 399/6/15 490/7/106
f 490/7/106 492/7/108 406/6/22
f 491/7/107 489/7/105 434/6/50
f 434/6/50 432/6/48 491/7/107
f 490/7/106 489/7/105 491/7/107
f 491/7/107 492/7/108 490/7/106
f 407/6/23 406/6/22 492/7/108
f 492/7/108 494/7/110 407/6/23
f 493/7/109 491/7/107 432/6/48
f 432/6/48 431/6/47 493/7/109
f 417/6/33 407/6/23 494/7/110
f 494/7/110 496/7/112 417/6/33
f 495/7/111 493/7/109 431/6/47
f 431/6/47 430/6/46 495/7/111
f 494/7/110 493/7/109 495/7/111
f 495/7/111 496/7/112 494/7/110
f 496/7/112 495/7/111 430/6/46
f 430/6/46 417/6/33 496/7/112
f 469/2/85 471/2/87 497/8/113
f 497/8/113 498/8/114 469/2/85
f 466/2/82 469/2/85 498/8/114
f 498/8/114 500/8/116 466/2/82
f 499/8/115 497/8/113 471/2/87
f 471/2/87 386/2/2 499/8/115
f 467/2/83 466/2/82 500/8/116
f 500/8/116 501/8/117 467/2/83
f 468/2/84 467/2/83 501/8/117
f 501/8/117 502/8/118 468/2/84
f 502/8/118 501/8/117 500/8/116
f 500/8/116 498/8/114 502/8/118
f 440/2/56 468/2/84 502/8/118
f 502/8/118 503/8/119 440/2/56
f 437/2/53 440/2/56 503/8/119
f 503/8/119 504/8/120 437/2/53
f 435/2/51 437/2/53 504/8/120
f 504/8/120 505/8/121 435/2/51
f 506/8/122 505/8/121 504/8/120
f 504/8/120 499/8/115 506/8/122
f 420/2/36 435/2/51 505/8/121
f 505/8/121 507/8/123 420/2/36
f 506/8/122 499/8/115 386/2/2
f 386/2/2 387/2/3 506/8/122
f 508/8/124 507/8/123 505/8/121
f 505/8/121 506/8/122 508/8/124
f 418/2/34 420/2/36 507/8/123
f 507/8/123 509/8/125 418/2/34
f 508/8/124 506/8/122 387/2/3
f 387/2/3 389/2/5 508/8/124
f 411/2/27 418/2/34 509/8/125
f 509/8/125 511/8/127 411/2/27
f 510/8/126 508/8/124 389/2/5
f 389/2/5 408/2/24 510/8/126
f 512/8/128 511/8/127 509/8/125
f 509/8/125 510/8/126 512/8/128
f 409/2/25 411/2/27 511/8/127
f 511/8/127 512/8/128 409/2/25
f 512/8/128 510/8/126 408/2/24
f 408/2/24 409/2/25 512/8/128
f 515/2/3 514/2/2 513/1/1
f 513/1/1 516/1/4 515/2/3
f 517/2/5 515/2/3 516/1/4
f 516/1/4 519/1/7 517/2/5
f 516/1/4 513/1/1 518/3/6
f 518/3/6 520/3/8 516/1/4
f 519/1/7 516/1/4 520/3/8
f 520/3/8 524/3/12 519/1/7
f 520/3/8 518/3/6 521/4/9
f 521/4/9 522/4/10 520/3/8
f 522/4/10 521/4/9 523/5/11
f 523/5/11 525/5/13 522/4/10
f 524/3/12 520/3/8 522/4/10
f 522/4/10 530/4/18 524/3/12
f 525/5/13 523/5/11 526/6/14
f 526/6/14 527/6/15 525/5/13
f 519/1/7 524/3/12 528/3/16
f 528/3/16 529/1/17 519/1/7
f 528/3/16 524/3/12 530/4/18
f 530/4/18 531/4/19 528/3/16
f 530/4/18 522/4/10 525/5/13
f 525/5/13 533/5/21 530/4/18
f 532/5/20 531/4/19 530/4/18
f 530/4/18 533/5/21 532/5/20
f 533/5/21 525/5/13 527/6/15
f 527/6/15 534/6/22 533/5/21
f 532/5/20 533/5/21 534/6/22
f 534/6/22 535/6/23 532/5/20
f 536/2/24 517/2/5 519/1/7
f 519/1/7 529/1/17 536/2/24
f 537/2/25 536/2/24 529/1/17
f 529/1/17 538/1/26 537/2/25
f 539/2/27 537/2/25 538/1/26
f 538/1/26 540/1/28 539/2/27
f 541/3/29 540/1/28 538/1/26
f 538/1/26 542/3/30 541/3/29
f 542/3/30 538/1/26 529/1/17
f 529/1/17 528/3/16 542/3/30
f 542/3/30 528/3/16 531/4/19
f 531/4/19 543/4/31 542/3/30
f 544/5/32 543/4/31 531/4/19
f 531/4/19 532/5/20 544/5/32
f 544/5/32 532/5/20 535/6/23
f 535/6/23 545/6/33 544/5/32
f 546/2/34 539/2/27 540/1/28
f 540/1/28 547/1/35 546/2/34
f 548/2/36 546/2/34 547/1/35
f 547/1/35 549/1/37 548/2/36
f 550/3/38 549/1/37 547/1/35
f 547/1/35 551/3/39 550/3/38
f 551/3/39 547/1/35 540/1/28
f 540/1/28 541/3/29 551/3/39
f 550/3/38 551/3/39 552/4/40
f 552/4/40 553/4/41 550/3/38
f 554/5/42 553/4/41 552/4/40
f 552/4/40 556/5/44 554/5/42
f 551/3/39 541/3/29 555/4/43
f 555/4/43 552/4/40 551/3/39
f 556/5/44 552/4/40 555/4/43
f 555/4/43 557/5/45 556/5/44
f 543/4/31 555/4/43 541/3/29
f 541/3/29 542/3/30 543/4/31
f 557/5/45 555/4/43 543/4/31
f 543/4/31 544/5/32 557/5/45
f 557/5/45 544/5/32 545/6/33
f 545/6/33 558/6/46 557/5/45
f 556/5/44 557/5/45 558/6/46
f 558/6/46 559/6/47 556/5/44
f 554/5/42 556/5/44 559/6/47
f 559/6/47 560/6/48 554/5/42
f 561/5/49 554/5/42 560/6/48
f 560/6/48 562/6/50 561/5/49
f 563/2/51 548/2/36 549/1/37
f 549/1/37 564/1/52 563/2/51
f 565/2/53 563/2/51 564/1/52
f 564/1/52 567/1/55 565/2/53
f 566/3/54 564/1/52 549/1/37
f 549/1/37 550/3/38 566/3/54
f 566/3/54 550/3/38 553/4/41
f 553/4/41 572/4/60 566/3/54
f 568/2/56 565/2/53 567/1/55
f 567/1/55 569/1/57 568/2/56
f 570/3/58 569/1/57 567/1/55
f 567/1/55 571/3/59 570/3/58
f 571/3/59 567/1/55 564/1/52
f 564/1/52 566/3/54 571/3/59
f 571/3/59 566/3/54 572/4/60
f 572/4/60 573/4/61 571/3/59
f 570/3/58 571/3/59 573/4/61
f 573/4/61 574/4/62 570/3/58
f 575/5/63 574/4/62 573/4/61
f 573/4/61 576/5/64 575/5/63
f 576/5/64 573/4/61 572/4/60
f 572/4/60 561/5/49 576/5/64
f 561/5/49 572/4/60 553/4/41
f 553/4/41 554/5/42 561/5/49
f 576/5/64 561/5/49 562/6/50
f 562/6/50 577/6/65 576/5/64
f 575/5/63 576/5/64 577/6/65
f 577/6/65 578/6/66 575/5/63
f 579/5/67 575/5/63 578/6/66
f 578/6/66 580/6/68 579/5/67
f 574/4/62 575/5/63 579/5/67
f 579/5/67 583/4/71 574/4/62
f 581/5/69 579/5/67 580/6/68
f 580/6/68 582/6/70 581/5/69
f 583/4/71 579/5/67 581/5/69
f 581/5/69 586/4/74 583/4/71
f 584/5/72 581/5/69 582/6/70
f 582/6/70 585/6/73 584/5/72
f 586/4/74 581/5/69 584/5/72
f 584/5/72 587/4/75 586/4/74
f 586/4/74 587/4/75 588/3/76
f 588/3/76 590/3/78 586/4/74
f 574/4/62 583/4/71 589/3/77
f 589/3/77 570/3/58 574/4/62
f 569/1/57 570/3/58 589/3/77
f 589/3/77 591/1/79 569/1/57
f 583/4/71 586/4/74 590/3/78
f 590/3/78 589/3/77 583/4/71
f 591/1/79 589/3/77 590/3/78
f 590/3/78 592/1/80 591/1/79
f 592/1/80 590/3/78 588/3/76
f 588/3/76 593/1/81 592/1/80
f 592/1/80 593/1/81 594/2/82
f 594/2/82 595/2/83 592/1/80
f 591/1/79 592/1/80 595/2/83
f 595/2/83 596/2/84 591/1/79
f 569/1/57 591/1/79 596/2/84
f 596/2/84 568/2/56 569/1/57
f 597/2/85 594/2/82 593/1/81
f 593/1/81 598/1/86 597/2/85
f 599/2/87 597/2/85 598/1/86
f 598/1/86 601/1/89 599/2/87
f 600/3/88 598/1/86 593/1/81
f 593/1/81 588/3/76 600/3/88
f 600/3/88 588/3/76 587/4/75
f 587/4/75 603/4/91 600/3/88
f 601/1/89 598/1/86 600/3/88
f 600/3/88 602/3/90 601/1/89
f 514/2/2 599/2/87 601/1/89
f 601/1/89 513/1/1 514/2/2
f 518/3/6 513/1/1 601/1/89
f 601/1/89 602/3/90 518/3/6
f 602/3/90 600/3/88 603/4/91
f 603/4/91 604/4/92 602/3/90
f 518/3/6 602/3/90 604/4/92
f 604/4/92 521/4/9 518/3/6
f 523/5/11 521/4/9 604/4/92
f 604/4/92 607/5/95 523/5/11
f 605/5/93 603/4/91 587/4/75
f 587/4/75 584/5/72 605/5/93
f 604/4/92 603/4/91 605/5/93
f 605/5/93 607/5/95 604/4/92
f 605/5/93 584/5/72 585/6/73
f 585/6/73 606/6/94 605/5/93
f 607/5/95 605/5/93 606/6/94
f 606/6/94 608/6/96 607/5/95
f 523/5/11 607/5/95 608/6/96
f 608/6/96 526/6/14 523/5/11
f 610/7/98 609/7/97 608/6/96
f 608/6/96 606/6/94 610/7/98
f 526/6/14 608/6/96 609/7/97
f 609/7/97 612/7/100 526/6/14
f 611/7/99 610/7/98 606/6/94
f 606/6/94 585/6/73 611/7/99
f 527/6/15 526/6/14 612/7/100
f 612/7/100 618/7/106 527/6/15
f 614/7/102 611/7/99 585/6/73
f 585/6/73 582/6/70 614/7/102
f 611/7/99 614/7/102 615/7/103
f 615/7/103 613/7/101 611/7/99
f 615/7/103 614/7/102 582/6/70
f 582/6/70 580/6/68 615/7/103
f 613/7/101 615/7/103 580/6/68
f 580/6/68 578/6/66 613/7/101
f 616/7/104 613/7/101 578/6/66
f 578/6/66 577/6/65 616/7/104
f 617/7/105 616/7/104 577/6/65
f 577/6/65 562/6/50 617/7/105
f 612/7/100 616/7/104 617/7/105
f 617/7/105 618/7/106 612/7/100
f 534/6/22 527/6/15 618/7/106
f 618/7/106 620/7/108 534/6/22
f 619/7/107 617/7/105 562/6/50
f 562/6/50 560/6/48 619/7/107
f 618/7/106 617/7/105 619/7/107
f 619/7/107 620/7/108 618/7/106
f 535/6/23 534/6/22 620/7/108
f 620/7/108 622/7/110 535/6/23
f 621/7/109 619/7/107 560/6/48
f 560/6/48 559/6/47 621/7/109
f 545/6/33 535/6/23 622/7/110
f 622/7/110 624/7/112 545/6/33
f 623/7/111 621/7/109 559/6/47
f 559/6/47 558/6/46 623/7/111
f 622/7/110 621/7/109 623/7/111
f 623/7/111 624/7/112 622/7/110
f 624/7/112 623/7/111 558/6/46
f 558/6/46 545/6/33 624/7/112
f 597/2/85 599/2/87 625/8/113
f 625/8/113 626/8/114 597/2/85
f 594/2/82 597/2/85 626/8/114
f 626/8/114 628/8/116 594/2/82
f 627/8/115 625/8/113 599/2/87
f 599/2/87 514/2/2 627/8/115
f 595/2/83 594/2/82 628/8/116
f 628/8/116 629/8/117 595/2/83
f 596/2/84 595/2/83 629/8/117
f 629/8/117 630/8/118 596/2/84
f 630/8/118 629/8/117 628/8/116
f 628/8/116 626/8/114 630/8/118
f 568/2/56 596/2/84 630/8/118
f 630/8/118 631/8/119 568/2/56
f 565/2/53 568/2/56 631/8/119
f 631/8/119 632/8/120 565/2/53
f 563/2/51 565/2/53 632/8/120
f 632/8/120 633/8/121 563/2/51
f 634/8/122 633/8/121 632/8/120
f 632/8/120 627/8/115 634/8/122
f 548/2/36 563/2/51 633/8/121
f 633/8/121 635/8/123 548/2/36
f 634/8/122 627/8/115 514/2/2
f 514/2/2 515/2/3 634/8/122
f 636/8/124 635/8/123 633/8/121
f 633/8/121 634/8/122 636/8/124
f 546/2/34 548/2/36 635/8/123
f 635/8/123 637/8/125 546/2/34
f 636/8/124 634/8/122 515/2/3
f 515/2/3 517/2/5 636/8/124
f 539/2/27 546/2/34 637/8/125
f 637/8/125 639/8/127 539/2/27
f 638/8/126 636/8/124 517/2/5
f 517/2/5 536/2/24 638/8/126
f 640/8/128 639/8/127 637/8/125
f 637/8/125 638/8/126 640/8/128
f 537/2/25 539/2/27 639/8/127
f 639/8/127 640/8/128 537/2/25
f 640/8/128 638/8/126 536/2/24
f 536/2/24 537/2/25 640/8/128
f 643/2/3 642/2/2 641/1/1
f 641/1/1 644/1/4 643/2/3
f 645/2/5 643/2/3 644/1/4
f 644/1/4 647/1/7 645/2/5
f 644/1/4 641/1/1 646/3/6
f 646/3/6 648/3/8 644/1/4
f 647/1/7 644/1/4 648/3/8
f 648/3/8 652/3/12 647/1/7
f 648/3/8 646/3/6 649/4/9
f 649/4/9 650/4/10 648/3/8
f 650/4/10 649/4/9 651/5/11
f 651/5/11 653/5/13 650/4/10
f 652/3/12 648/3/8 650/4/10
f 650/4/10 658/4/18 652/3/12
f 653/5/13 651/5/11 654/6/14
f 654/6/14 655/6/15 653/5/13
f 647/1/7 652/3/12 656/3/16
f 656/3/16 657/1/17 647/1/7
f 656/3/16 652/3/12 658/4/18
f 658/4/18 659/4/19 656/3/16
f 658/4/18 650/4/10 653/5/13
f 653/5/13 661/5/21 658/4/18
f 660/5/20 659/4/19 658/4/18
f 658/4/18 661/5/21 660/5/20
f 661/5/21 653/5/13 655/6/15
f 655/6/15 662/6/22 661/5/21
f 660/5/20 661/5/21 662/6/22
f 662/6/22 663/6/23 660/5/20
f 664/2/24 645/2/5 647/1/7
f 647/1/7 657/1/17 664/2/24
f 665/2/25 664/2/24 657/1/17
f 657/1/17 666/1/26 665/2/25
f 667/2/27 665/2/25 666/1/26
f 666/1/26 668/1/28 667/2/27
f 669/3/29 668/1/28 666/1/26
f 666/1/26 670/3/30 669/3/29
f 670/3/30 666/1/26 657/1/17
f 657/1/17 656/3/16 670/3/30
f 670/3/30 656/3/16 659/4/19
f 659/4/19 671/4/31 670/3/30
f 672/5/32 671/4/31 659/4/19
f 659/4/19 660/5/20 672/5/32
f 672/5/32 660/5/20 663/6/23
f 663/6/23 673/6/33 672/5/32
f 674/2/34 667/2/27 668/1/28
f 668/1/28 675/1/35 674/2/34
f 676/2/36 674/2/34 675/1/35
f 675/1/35 677/1/37 676/2/36
f 678/3/38 677/1/37 675/1/35
f 675/1/35 679/3/39 678/3/38
f 679/3/39 675/1/35 668/1/28
f 668/1/28 669/3/29 679/3/39
f 678/3/38 679/3/39 680/4/40
f 680/4/40 681/4/41 678/3/38
f 682/5/42 681/4/41 680/4/40
f 680/4/40 684/5/44 682/5/42
f 679/3/39 669/3/29 683/4/43
f 683/4/43 680/4/40 679/3/39
f 684/5/44 680/4/40 683/4/43
f 683/4/43 685/5/45 684/5/44
f 671/4/31 683/4/43 669/3/29
f 669/3/29 670/3/30 671/4/31
f 685/5/45 683/4/43 671/4/31
f 671/4/31 672/5/32 685/5/45
f 685/5/45 672/5/32 673/6/33
f 673/6/33 686/6/46 685/5/45
f 684/5/44 685/5/45 686/6/46
f 686/6/46 687/6/47 684/5/44
f 682/5/42 684/5/44 687/6/47
f 687/6/47 688/6/48 682/5/42
f 689/5/49 682/5/42 688/6/48
f 688/6/48 690/6/50 689/5/49
f 691/2/51 676/2/36 677/1/37
f 677/1/37 692/1/52 691/2/51
f 693/2/53 691/2/51 692/1/52
f 692/1/52 695/1/55 693/2/53
f 694/3/54 692/1/52 677/1/37
f 677/1/37 678/3/38 694/3/54
f 694/3/54 678/3/38 681/4/41
f 681/4/41 700/4/60 694/3/54
f 696/2/56 693/2/53 695/1/55
f 695/1/55 697/1/57 696/2/56
f 698/3/58 697/1/57 695/1/55
f 695/1/55 699/3/59 698/3/58
f 699/3/59 695/1/55 692/1/52
f 692/1/52 694/3/54 699/3/59
f 699/3/59 694/3/54 700/4/60
f 700/4/60 701/4/61 699/3/59
f 698/3/58 699/3/59 701/4/61
f 701/4/61 702/4/62 698/3/58
f 703/5/63 702/4/62 701/4/61
f 701/4/61 704/5/64 703/5/63
f 704/5/64 701/4/61 700/4/60
f 700/4/60 689/5/49 704/5/64
f 689/5/49 700/4/60 681/4/41
f 681/4/41 682/5/42 689/5/49
f 704/5/64 689/5/49 690/6/50
f 690/6/50 705/6/65 704/5/64
f 703/5/63 704/5/64 705/6/65
f 705/6/65 706/6/66 703/5/63
f 707/5/67 703/5/63 706/6/66
f 706/6/66 708/6/68 707/5/67
f 702/4/62 703/5/63 707/5/67
f 707/5/67 711/4/71 702/4/62
f 709/5/69 707/5/67 708/6/68
f 708/6/68 710/6/70 709/5/69
f 711/4/71 707/5/67 709/5/69
f 709/5/69 714/4/74 711/4/71
f 712/5/72 709/5/69 710/6/70
f 710/6/70 713/6/73 712/5/72
f 714/4/74 709/5/69 712/5/72
f 712/5/72 715/4/75 714/4/74
f 714/4/74 715/4/75 716/3/76
f 716/3/76 718/3/78 714/4/74
f 702/4/62 711/4/71 717/3/77
f 717/3/77 698/3/58 702/4/62
f 697/1/57 698/3/58 717/3/77
f 717/3/77 719/1/79 697/1/57
f 711/4/71 714/4/74 718/3/78
f 718/3/78 717/3/77 711/4/71
f 719/1/79 717/3/77 718/3/78
f 718/3/78 720/1/80 719/1/79
f 720/1/80 718/3/78 716/3/76
f 716/3/76 721/1/81 720/1/80
f 720/1/80 721/1/81 722/2/82
f 722/2/82 723/2/83 720/1/80
f 719/1/79 720/1/80 723/2/83
f 723/2/83 724/2/84 719/1/79
f 697/1/57 719/1/79 724/2/84
f 724/2/84 696/2/56 697/1/57
f 725/2/85 722/2/82 721/1/81
f 721/1/81 726/1/86 725/2/85
f 727/2/87 725/2/85 726/1/86
f 726/1/86 729/1/89 727/2/87
f 728/3/88 726/1/86 721/1/81
f 721/1/81 716/3/76 728/3/88
f 728/3/88 716/3/76 715/4/75
f 715/4/75 731/4/91 728/3/88
f 729/1/89 726/1/86 728/3/88
f 728/3/88 730/3/90 729/1/89
f 642/2/2 727/2/87 729/1/89
f 729/1/89 641/1/1 642/2/2
f 646/3/6 641/1/1 729/1/89
f 729/1/89 730/3/90 646/3/6
f 730/3/90 728/3/88 731/4/91
f 731/4/91 732/4/92 730/3/90
f 646/3/6 730/3/90 732/4/92
f 732/4/92 649/4/9 646/3/6
f 651/5/11 649/4/9 732/4/92
f 732/4/92 735/5/95 651/5/11
f 733/5/93 731/4/91 715/4/75
f 715/4/75 712/5/72 733/5/93
f 732/4/92 731/4/91 733/5/93
f 733/5/93 735/5/95 732/4/92
f 733/5/93 712/5/72 713/6/73
f 713/6/73 734/6/94 733/5/93
f 735/5/95 733/5/93 734/6/94
f 734/6/94 736/6/96 735/5/95
f 651/5/11 735/5/95 736/6/96
f 736/6/96 654/6/14 651/5/11
f 738/7/98 737/7/97 736/6/96
f 736/6/96 734/6/94 738/7/98
f 654/6/14 736/6/96 737/7/97
f 737/7/97 740/7/100 654/6/14
f 739/7/99 738/7/98 734/6/94
f 734/6/94 713/6/73 739/7/99
f 655/6/15 654/6/14 740/7/100
f 740/7/100 746/7/106 655/6/15
f 742/7/102 739/7/99 713/6/73
f 713/6/73 710/6/70 742/7/102
f 739/7/99 742/7/102 743/7/103
f 743/7/103 741/7/101 739/7/99
f 743/7/103 742/7/102 710/6/70
f 710/6/70 708/6/68 743/7/103
f 741/7/101 743/7/103 708/6/68
f 708/6/68 706/6/66 741/7/101
f 744/7/104 741/7/101 706/6/66
f 706/6/66 705/6/65 744/7/104
f 745/7/105 744/7/104 705/6/65
f 705/6/65 690/6/50 745/7/105
f 740/7/100 744/7/104 745/7/105
f 745/7/105 746/7/106 740/7/100
f 662/6/22 655/6/15 746/7/106
f 746/7/106 748/7/108 662/6/22
f 747/7/107 745/7/105 690/6/50
f 690/6/50 688/6/48 747/7/107
f 746/7/106 745/7/105 747/7/107
f 747/7/107 748/7/108 746/7/106
f 663/6/23 662/6/22 748/7/108
f 748/7/108 750/7/110 663/6/23
f 749/7/109 747/7/107 688/6/48
f 688/6/48 687/6/47 749/7/109
f 673/6/33 663/6/23 750/7/110
f 750/7/110 752/7/112 673/6/33
f 751/7/111 749/7/109 687/6/47
f 687/6/47 686/6/46 751/7/111
f 750/7/110 749/7/109 751/7/111
f 751/7/111 752/7/112 750/7/110
f 752/7/112 751/7/111 686/6/46
f 686/6/46 673/6/33 752/7/112
f 725/2/85 727/2/87 753/8/113
f 753/8/113 754/8/114 725/2/85
f 722/2/82 725/2/85 754/8/114
f 754/8/114 756/8/116 722/2/82
f 755/8/115 753/8/113 727/2/87
f 727/2/87 642/2/2 755/8/115
f 723/2/83 722/2/82 756/8/116
f 756/8/116 757/8/117 723/2/83
f 724/2/84 723/2/83 757/8/117
f 757/8/117 758/8/118 724/2/84
f 758/8/118 757/8/117 756/8/116
f 756/8/116 754/8/114 758/8/118
f 696/2/56 724/2/84 758/8/118
f 758/8/118 759/8/119 696/2/56
f 693/2/53 696/2/56 759/8/119
f 759/8/119 760/8/120 693/2/53
f 691/2/51 693/2/53 760/8/120
f 760/8/120 761/8/121 691/2/51
f 762/8/122 761/8/121 760/8/120
f 760/8/120 755/8/115 762/8/122
f 676/2/36 691/2/51 761/8/121
f 761/8/121 763/8/123 676/2/36
f 762/8/122 755/8/115 642/2/2
f 642/2/2 643/2/3 762/8/122
f 764/8/124 763/8/123 761/8/121
f 761/8/121 762/8/122 764/8/124
f 674/2/34 676/2/36 763/8/123
f 763/8/123 765/8/125 674/2/34
f 764/8/124 762/8/122 643/2/3
f 643/2/3 645/2/5 764/8/124
f 667/2/27 674/2/34 765/8/125
f 765/8/125 767/8/127 667/2/27
f 766/8/126 764/8/124 645/2/5
f 645/2/5 664/2/24 766/8/126
f 768/8/128 767/8/127 765/8/125
f 765/8/125 766/8/126 768/8/128
f 665/2/25 667/2/27 767/8/127
f 767/8/127 768/8/128 665/2/25
f 768/8/128 766/8/126 664/2/24
f 664/2/24 665/2/25 768/8/128
f 771/2/3 770/2/2 769/1/1
f 769/1/1 772/1/4 771/2/3
f 773/2/5 771/2/3 772/1/4
f 772/1/4 775/1/7 773/2/5
f 772/1/4 769/1/1 774/3/6
f 774/3/6 776/3/8 772/1/4
f 775/1/7 772/1/4 776/3/8
f 776/3/8 780/3/12 775/1/7
f 776/3/8 774/3/6 777/4/9
f 777/4/9 778/4/10 776/3/8
f 778/4/10 777/4/9 779/5/11
f 779/5/11 781/5/13 778/4/10
f 780/3/12 776/3/8 778/4/10
f 778/4/10 786/4/18 780/3/12
f 781/5/13 779/5/11 782/6/14
f 782/6/14 783/6/15 781/5/13
f 775/1/7 780/3/12 784/3/16
f 784/3/16 785/1/17 775/1/7
f 784/3/16 780/3/12 786/4/18
f 786/4/18 787/4/19 784/3/16
f 786/4/18 778/4/10 781/5/13
f 781/5/13 789/5/21 786/4/18
f 788/5/20 787/4/19 786/4/18
f 786/4/18 789/5/21 788/5/20
f 789/5/21 781/5/13 783/6/15
f 783/6/15 790/6/22 789/5/21
f 788/5/20 789/5/21 790/6/22
f 790/6/22 791/6/23 788/5/20
f 792/2/24 773/2/5 775/1/7
f 775/1/7 785/1/17 792/2/24
f 793/2/25 792/2/24 785/1/17
f 785/1/17 794/1/26 793/2/25
f 795/2/27 793/2/25 794/1/26
f 794/1/26 796/1/28 795/2/27
f 797/3/29 796/1/28 794/1/26
f 794/1/26 798/3/30 797/3/29
f 798/3/30 794/1/26 785/1/17
f 785/1/17 784/3/16 798/3/30
f 798/3/30 784/3/16 787/4/19
f 787/4/19 799/4/31 798/3/30
f 800/5/32 799/4/31 787/4/19
f 787/4/19 788/5/20 800/5/32
f 800/5/32 788/5/20 791/6/23
f 791/6/23 801/6/33 800/5/32
f 802/2/34 795/2/27 796/1/28
f 796/1/28 803/1/35 802/2/34
f 804/2/36 802/2/34 803/1/35
f 803/1/35 805/1/37 804/2/36
f 806/3/38 805/1/37 803/1/35
f 803/1/35 807/3/39 806/3/38
f 807/3/39 803/1/35 796/1/28
f 796/1/28 797/3/29 807/3/39
f 806/3/38 807/3/39 808/4/40
f 808/4/40 809/4/41 806/3/38
f 810/5/42 809/4/41 808/4/40
f 808/4/40 812/5/44 810/5/42
f 807/3/39 797/3/29 811/4/43
f 811/4/43 808/4/40 807/3/39
f 812/5/44 808/4/40 811/4/43
f 811/4/43 813/5/45 812/5/44
f 799/4/31 811/4/43 797/3/29
f 797/3/29 798/3/30 799/4/31
f 813/5/45 811/4/43 799/4/31
f 799/4/31 800/5/32 813/5/45
f 813/5/45 800/5/32 801/6/33
f 801/6/33 814/6/46 813/5/45
f 812/5/44 813/5/45 814/6/46
f 814/6/46 815/6/47 812/5/44
f 810/5/42 812/5/44 815/6/47
f 815/6/47 816/6/48 810/5/42
f 817/5/49 810/5/42 816/6/48
f 816/6/48 818/6/50 817/5/49
f 819/2/51 804/2/36 805/1/37
f 805/1/37 820/1/52 819/2/51
f 821/2/53 819/2/51 820/1/52
f 820/1/52 823/1/55 821/2/53
f 822/3/54 820/1/52 805/1/37
f 805/1/37 806/3/38 822/3/54
f 822/3/54 806/3/38 809/4/41
f 809/4/41 828/4/60 822/3/54
f 824/2/56 821/2/53 823/1/55
f 823/1/55 825/1/57 824/2/56
f 826/3/58 825/1/57 823/1/55
f 823/1/55 827/3/59 826/3/58
f 827/3/59 823/1/55 820/1/52
f 820/1/52 822/3/54 827/3/59
f 827/3/59 822/3/54 828/4/60
f 828/4/60 829/4/61 827/3/59
f 826/3/58 827/3/59 829/4/61
f 829/4/61 830/4/62 826/3/58
f 831/5/63 830/4/62 829/4/61
f 829/4/61 832/5/64 831/5/63
f 832/5/64 829/4/61 828/4/60
f 828/4/60 817/5/49 832/5/64
f 817/5/49 828/4/60 809/4/41
f 809/4/41 810/5/42 817/5/49
f 832/5/64 817/5/49 818/6/50
f 818/6/50 833/6/65 832/5/64
f 831/5/63 832/5/64 833/6/65
f 833/6/65 834/6/66 831/5/63
f 835/5/67 831/5/63 834/6/66
f 834/6/66 836/6/68 835/5/67
f 830/4/62 831/5/63 835/5/67
f 835/5/67 839/4/71 830/4/62
f 837/5/69 835/5/67 836/6/68
f 836/6/68 838/6/70 837/5/69
f 839/4/71 835/5/67 837/5/69
f 837/5/69 842/4/74 839/4/71
f 840/5/72 837/5/69 838/6/70
f 838/6/70 841/6/73 840/5/72
f 842/4/74 837/5/69 840/5/72
f 840/5/72 843/4/75 842/4/74
f 842/4/74 843/4/75 844/3/76
f 844/3/76 846/3/78 842/4/74
f 830/4/62 839/4/71 845/3/77
f 845/3/77 826/3/58 830/4/62
f 825/1/57 826/3/58 845/3/77
f 845/3/77 847/1/79 825/1/57
f 839/4/71 842/4/74 846/3/78
f 846/3/78 845/3/77 839/4/71
f 847/1/79 845/3/77 846/3/78
f 846/3/78 848/1/80 847/1/79
f 848/1/80 846/3/78 844/3/76
f 844/3/76 849/1/81 848/1/80
f 848/1/80 849/1/81 850/2/82
f 850/2/82 851/2/83 848/1/80
f 847/1/79 848/1/80 851/2/83
f 851/2/83 852/2/84 847/1/79
f 825/1/57 847/1/79 852/2/84
f 852/2/84 824/2/56 825/1/57
f 853/2/85 850/2/82 849/1/81
f 849/1/81 854/1/86 853/2/85
f 855/2/87 853/2/85 854/1/86
f 854/1/86 857/1/89 855/2/87
f 856/3/88 854/1/86 849/1/81
f 849/1/81 844/3/76 856/3/88
f 856/3/88 844/3/76 843/4/75
f 843/4/75 859/4/91 856/3/88
f 857/1/89 854/1/86 856/3/88
f 856/3/88 858/3/90 857/1/89
f 770/2/2 855/2/87 857/1/89
f 857/1/89 769/1/1 770/2/2
f 774/3/6 769/1/1 857/1/89
f 857/1/89 858/3/90 774/3/6
f 858/3/90 856/3/88 859/4/91
f 859/4/91 860/4/92 858/3/90
f 774/3/6 858/3/90 860/4/92
f 860/4/92 777/4/9 774/3/6
f 779/5/11 777/4/9 860/4/92
f 860/4/92 863/5/95 779/5/11
f 861/5/93 859/4/91 843/4/75
f 843/4/75 840/5/72 861/5/93
f 860/4/92 859/4/91 861/5/93
f 861/5/93 863/5/95 860/4/92
f 861/5/93 840/5/72 841/6/73
f 841/6/73 862/6/94 861/5/93
f 863/5/95 861/5/93 862/6/94
f 862/6/94 864/6/96 863/5/95
f 779/5/11 863/5/95 864/6/96
f 864/6/96 782/6/14 779/5/11
f 866/7/98 865/7/97 864/6/96
f 864/6/96 862/6/94 866/7/98
f 782/6/14 864/6/96 865/7/97
f 865/7/97 868/7/100 782/6/14
f 867/7/99 866/7/98 862/6/94
f 862/6/94 841/6/73 867/7/99
f 783/6/15 782/6/14 868/7/100
f 868/7/100 874/7/106 783/6/15
f 870/7/102 867/7/99 841/6/73
f 841/6/73 838/6/70 870/7/102
f 867/7/99 870/7/102 871/7/103
f 871/7/103 869/7/101 867/7/99
f 871/7/103 870/7/102 838/6/70
f 838/6/70 836/6/68 871/7/103
f 869/7/101 871/7/103 836/6/68
f 836/6/68 834/6/66 869/7/101
f 872/7/104 869/7/101 834/6/66
f 834/6/66 833/6/65 872/7/104
f 873/7/105 872/7/104 833/6/65
f 833/6/65 818/6/50 873/7/105
f 868/7/100 872/7/104 873/7/105
f 873/7/105 874/7/106 868/7/100
f 790/6/22 783/6/15 874/7/106
f 874/7/106 876/7/108 790/6/22
f 875/7/107 873/7/105 818/6/50
f 818/6/50 816/6/48 875/7/107
f 874/7/106 873/7/105 875/7/107
f 875/7/107 876/7/108 874/7/106
f 791/6/23 790/6/22 876/7/108
f 876/7/108 878/7/110 791/6/23
f 877/7/109 875/7/107 816/6/48
f 816/6/48 815/6/47 877/7/109
f 801/6/33 791/6/23 878/7/110
f 878/7/110 880/7/112 801/6/33
f 879/7/111 877/7/109 815/6/47
f 815/6/47 814/6/46 879/7/111
f 878/7/110 877/7/109 879/7/111
f 879/7/111 880/7/112 878/7/110
f 880/7/112 879/7/111 814/6/46
f 814/6/46 801/6/33 880/7/112
f 853/2/85 855/2/87 881/8/113
f 881/8/113 882/8/114 853/2/85
f 850/2/82 853/2/85 882/8/114
f 882/8/114 884/8/116 850/2/82
f 883/8/115 881/8/113 855/2/87
f 855/2/87 770/2/2 883/8/115
f 851/2/83 850/2/82 884/8/116
f 884/8/116 885/8/117 851/2/83
f 852/2/84 851/2/83 885/8/117
f 885/8/117 886/8/118 852/2/84
f 886/8/118 885/8/117 884/8/116
f 884/8/116 882/8/114 886/8/118
f 824/2/56 852/2/84 886/8/118
f 886/8/118 887/8/119 824/2/56
f 821/2/53 824/2/56 887/8/119
f 887/8/119 888/8/120 821/2/53
f 819/2/51 821/2/53 888/8/120
f 888/8/120 889/8/121 819/2/51
f 890/8/122 889/8/121 888/8/120
f 888/8/120 883/8/115 890/8/122
f 804/2/36 819/2/51 889/8/121
f 889/8/121 891/8/123 804/2/36
f 890/8/122 883/8/115 770/2/2
f 770/2/2 771/2/3 890/8/122
f 892/8/124 891/8/123 889/8/121
f 889/8/121 890/8/122 892/8/124
f 802/2/34 804/2/36 891/8/123
f 891/8/123 893/8/125 802/2/34
f 892/8/124 890/8/122 771/2/3
f 771/2/3 773/2/5 892/8/124
f 795/2/27 802/2/34 893/8/125
f 893/8/125 895/8/127 795/2/27
f 894/8/126 892/8/124 773/2/5
f 773/2/5 792/2/24 894/8/126
f 896/8/128 895/8/127 893/8/125
f 893/8/125 894/8/126 896/8/128
f 793/2/25 795/2/27 895/8/127
f 895/8/127 896/8/128 793/2/25
f 896/8/128 894/8/126 792/2/24
f 792/2/24 793/2/25 896/8/128
f 899/2/3 898/2/2 897/1/1
f 897/1/1 900/1/4 899/2/3
f 901/2/5 899/2/3 900/1/4
f 900/1/4 903/1/7 901/2/5
f 900/1/4 897/1/1 902/3/6
f 902/3/6 904/3/8 900/1/4
f 903/1/7 900/1/4 904/3/8
f 904/3/8 908/3/12 903/1/7
f 904/3/8 902/3/6 905/4/9
f 905/4/9 906/4/10 904/3/8
f 906/4/10 905/4/9 907/5/11
f 907/5/11 909/5/13 906/4/10
f 908/3/12 904/3/8 906/4/10
f 906/4/10 914/4/18 908/3/12
f 909/5/13 907/5/11 910/6/14
f 910/6/14 911/6/15 909/5/13
f 903/1/7 908/3/12 912/3/16
f 912/3/16 913/1/17 903/1/7
f 912/3/16 908/3/12 914/4/18
f 914/4/18 915/4/19 912/3/16
f 914/4/18 906/4/10 909/5/13
f 909/5/13 917/5/21 914/4/18
f 916/5/20 915/4/19 914/4/18
f 914/4/18 917/5/21 916/5/20
f 917/5/21 909/5/13 911/6/15
f 911/6/15 918/6/22 917/5/21
f 916/5/20 917/5/21 918/6/22
f 918/6/22 919/6/23 916/5/20
f 920/2/24 901/2/5 903/1/7
f 903/1/7 913/1/17 920/2/24
f 921/2/25 920/2/24 913/1/17
f 913/1/17 922/1/26 921/2/25
f 923/2/27 921/2/25 922/1/26
f 922/1/26 924/1/28 923/2/27
f 925/3/29 924/1/28 922/1/26
f 922/1/26 926/3/30 925/3/29
f 926/3/30 922/1/26 913/1/17
f 913/1/17 912/3/16 926/3/30
f 926/3/30 912/3/16 915/4/19
f 915/4/19 927/4/31 926/3/30
f 928/5/32 927/4/31 915/4/19
f 915/4/19 916/5/20 928/5/32
f 928/5/32 916/5/20 919/6/23
f 919/6/23 929/6/33 928/5/32
f 930/2/34 923/2/27 924/1/28
f 924/1/28 931/1/35 930/2/34
f 932/2/36 930/2/34 931/1/35
f 931/1/35 933/1/37 932/2/36
f 934/3/38 933/1/37 931/1/35
f 931/1/35 935/3/39 934/3/38
f 935/3/39 931/1/35 924/1/28
f 924/1/28 925/3/29 935/3/39
f 934/3/38 935/3/39 936/4/40
f 936/4/40 937/4/41 934/3/38
f 938/5/42 937/4/41 936/4/40
f 936/4/40 940/5/44 938/5/42
f 935/3/39 925/3/29 939/4/43
f 939/4/43 936/4/40 935/3/39
f 940/5/44 936/4/40 939/4/43
f 939/4/43 941/5/45 940/5/44
f 927/4/31 939/4/43 925/3/29
f 925/3/29 926/3/30 927/4/31
f 941/5/45 939/4/43 927/4/31
f 927/4/31 928/5/32 941/5/45
f 941/5/45 928/5/32 929/6/33
f 929/6/33 942/6/46 941/5/45
f 940/5/44 941/5/45 942/6/46
f 942/6/46 943/6/47 940/5/44
f 938/5/42 940/5/44 943/6/47
f 943/6/47 944/6/48 938/5/42
f 945/5/49 938/5/42 944/6/48
f 944/6/48 946/6/50 945/5/49
f 947/2/51 932/2/36 933/1/37
f 933/1/37 948/1/52 947/2/51
f 949/2/53 947/2/51 948/1/52
f 948/1/52 951/1/55 949/2/53
f 950/3/54 948/1/52 933/1/37
f 933/1/37 934/3/38 950/3/54
f 950/3/54 934/3/38 937/4/41
f 937/4/41 956/4/60 950/3/54
f 952/2/56 949/2/53 951/1/55
f 951/1/55 953/1/57 952/2/56
f 954/3/58 953/1/57 951/1/55
f 951/1/55 955/3/59 954/3/58
f 955/3/59 951/1/55 948/1/52
f 948/1/52 950/3/54 955/3/59
f 955/3/59 950/3/54 956/4/60
f 956/4/60 957/4/61 955/3/59
f 954/3/58 955/3/59 957/4/61
f 957/4/61 958/4/62 954/3/58
f 959/5/63 958/4/62 957/4/61
f 957/4/61 960/5/64 959/5/63
f 960/5/64 957/4/61 956/4/60
f 956/4/60 945/5/49 960/5/64
f 945/5/49 956/4/60 937/4/41
f 937/4/41 938/5/42 945/5/49
f 960/5/64 945/5/49 946/6/50
f 946/6/50 961/6/65 960/5/64
f 959/5/63 960/5/64 961/6/65
f 961/6/65 962/6/66 959/5/63
f 963/5/67 959/5/63 962/6/66
f 962/6/66 964/6/68 963/5/67
f 958/4/62 959/5/63 963/5/67
f 963/5/67 967/4/71 958/4/62
f 965/5/69 963/5/67 964/6/68
f 964/6/68 966/6/70 965/5/69
f 967/4/71 963/5/67 965/5/69
f 965/5/69 970/4/74 967/4/71
f 968/5/72 965/5/69 966/6/70
f 966/6/70 969/6/73 968/5/72
f 970/4/74 965/5/69 968/5/72
f 968/5/72 971/4/75 970/4/74
f 970/4/74 971/4/75 972/3/76
f 972/3/76 974/3/78 970/4/74
f 958/4/62 967/4/71 973/3/77
f 973/3/77 954/3/58 958/4/62
f 953/1/57 954/3/58 973/3/77
f 973/3/77 975/1/79 953/1/57
f 967/4/71 970/4/74 974/3/78
f 974/3/78 973/3/77 967/4/71
f 975/1/79 973/3/77 974/3/78
f 974/3/78 976/1/80 975/1/79
f 976/1/80 974/3/78 972/3/76
f 972/3/76 977/1/81 976/1/80
f 976/1/80 977/1/81 978/2/82
f 978/2/82 979/2/83 976/1/80
f 975/1/79 976/1/80 979/2/83
f 979/2/83 980/2/84 975/1/79
f 953/1/57 975/1/79 980/2/84
f 980/2/84 952/2/56 953/1/57
f 981/2/85 978/2/82 977/1/81
f 977/1/81 982/1/86 981/2/85
f 983/2/87 981/2/85 982/1/86
f 982/1/86 985/1/89 983/2/87
f 984/3/88 982/1/86 977/1/81
f 977/1/81 972/3/76 984/3/88
f 984/3/88 972/3/76 971/4/75
f 971/4/75 987/4/91 984/3/88
f 985/1/89 982/1/86 984/3/88
f 984/3/88 986/3/90 985/1/89
f 898/2/2 983/2/87 985/1/89
f 985/1/89 897/1/1 898/2/2
f 902/3/6 897/1/1 985/1/89
f 985/1/89 986/3/90 902/3/6
f 986/3/90 984/3/88 987/4/91
f 987/4/91 988/4/92 986/3/90
f 902/3/6 986/3/90 988/4/92
f 988/4/92 905/4/9 902/3/6
f 907/5/11 905/4/9 988/4/92
f 988/4/92 991/5/95 907/5/11
f 989/5/93 987/4/91 971/4/75
f 971/4/75 968/5/72 989/5/93
f 988/4/92 987/4/91 989/5/93
f 989/5/93 991/5/95 988/4/92
f 989/5/93 968/5/72 969/6/73
f 969/6/73 990/6/94 989/5/93
f 991/5/95 989/5/93 990/6/94
f 990/6/94 992/6/96 991/5/95
f 907/5/11 991/5/95 992/6/96
f 992/6/96 910/6/14 907/5/11
f 994/7/98 993/7/97 992/6/96
f 992/6/96 990/6/94 994/7/98
f 910/6/14 992/6/96 993/7/97
f 993/7/97 996/7/100 910/6/14
f 995/7/99 994/7/98 990/6/94
f 990/6/94 969/6/73 995/7/99
f 911/6/15 910/6/14 996/7/100
f 996/7/100 1002/7/106 911/6/15
f 998/7/102 995/7/99 969/6/73
f 969/6/73 966/6/70 998/7/102
f 995/7/99 998/7/102 999/7/103
f 999/7/103 997/7/101 995/7/99
f 999/7/103 998/7/102 966/6/70
f 966/6/70 964/6/68 999/7/103
f 997/7/101 999/7/103 964/6/68
f 964/6/68 962/6/66 997/7/101
f 1000/7/104 997/7/101 962/6/66
f 962/6/66 961/6/65 1000/7/104
f 1001/7/105 1000/7/104 961/6/65
f 961/6/65 946/6/50 1001/7/105
f 996/7/100 1000/7/104 1001/7/105
f 1001/7/105 1002/7/106 996/7/100
f 918/6/22 911/6/15 1002/7/106
f 1002/7/106 1004/7/108 918/6/22
f 1003/7/107 1001/7/105 946/6/50
f 946/6/50 944/6/48 1003/7/107
f 1002/7/106 1001/7/105 1003/7/107
f 1003/7/107 1004/7/108 1002/7/106
f 919/6/23 918/6/22 1004/7/108
f 1004/7/108 1006/7/110 919/6/23
f 1005/7/109 1003/7/107 944/6/48
f 944/6/48 943/6/47 1005/7/109
f 929/6/33 919/6/23 1006/7/110
f 1006/7/110 1008/7/112 929/6/33
f 1007/7/111 1005/7/109 943/6/47
f 943/6/47 942/6/46 1007/7/111
f 1006/7/110 1005/7/109 1007/7/111
f 1007/7/111 1008/7/112 1006/7/110
f 1008/7/112 1007/7/111 942/6/46
f 942/6/46 929/6/33 1008/7/112
f 981/2/85 983/2/87 1009/8/113
f 1009/8/113 1010/8/114 981/2/85
f 978/2/82 981/2/85 1010/8/114
f 1010/8/114 1012/8/116 978/2/82
f 1011/8/115 1009/8/113 983/2/87
f 983/2/87 898/2/2 1011/8/115
f 979/2/83 978/2/82 1012/8/116
f 1012/8/116 1013/8/117 979/2/83
f 980/2/84 979/2/83 1013/8/117
f 1013/8/117 1014/8/118 980/2/84
f 1014/8/118 1013/8/117 1012/8/116
f 1012/8/116 1010/8/114 1014/8/118
f 952/2/56 980/2/84 1014/8/118
f 1014/8/118 1015/8/119 952/2/56
f 949/2/53 952/2/56 1015/8/119
f 1015/8/119 1016/8/120 949/2/53
f 947/2/51 949/2/53 1016/8/120
f 1016/8/120 1017/8/121 947/2/51
f 1018/8/122 1017/8/121 1016/8/120
f 1016/8/120 1011/8/115 1018/8/122
f 932/2/36 947/2/51 1017/8/121
f 1017/8/121 1019/8/123 932/2/36
f 1018/8/122 1011/8/115 898/2/2
f 898/2/2 899/2/3 1018/8/122
f 1020/8/124 1019/8/123 1017/8/121
f 1017/8/121 1018/8/122 1020/8/124
f 930/2/34 932/2/36 1019/8/123
f 1019/8/123 1021/8/125 930/2/34
f 1020/8/124 1018/8/122 899/2/3
f 899/2/3 901/2/5 1020/8/124
f 923/2/27 930/2/34 1021/8/125
f 1021/8/125 1023/8/127 923/2/27
f 1022/8/126 1020/8/124 901/2/5
f 901/2/5 920/2/24 1022/8/126
f 1024/8/128 1023/8/127 1021/8/125
f 1021/8/125 1022/8/126 1024/8/128
f 921/2/25 923/2/27 1023/8/127
f 1023/8/127 1024/8/128 921/2/25
f 1024/8/128 1022/8/126 920/2/24
f 920/2/24 921/2/25 1024/8/128
f 1027/2/3 1026/2/2 1025/1/1
f 1025/1/1 1028/1/4 1027/2/3
f 1029/2/5 1027/2/3 1028/1/4
f 1028/1/4 1031/1/7 1029/2/5
f 1028/1/4 1025/1/1 1030/3/6
f 1030/3/6 1032/3/8 1028/1/4
f 1031/1/7 1028/1/4 1032/3/8
f 1032/3/8 1036/3/12 1031/1/7
f 1032/3/8 1030/3/6 1033/4/9
f 1033/4/9 1034/4/10 1032/3/8
f 1034/4/10 1033/4/9 1035/5/11
f 1035/5/11 1037/5/13 1034/4/10
f 1036/3/12 1032/3/8 1034/4/10
f 1034/4/10 1042/4/18 1036/3/12
f 1037/5/13 1035/5/11 1038/6/14
f 1038/6/14 1039/6/15 1037/5/13
f 1031/1/7 1036/3/12 1040/3/16
f 1040/3/16 1041/1/17 1031/1/7
f 1040/3/16 1036/3/12 1042/4/18
f 1042/4/18 1043/4/19 1040/3/16
f 1042/4/18 1034/4/10 1037/5/13
f 1037/5/13 1045/5/21 1042/4/18
f 1044/5/20 1043/4/19 1042/4/18
f 1042/4/18 1045/5/21 1044/5/20
f 1045/5/21 1037/5/13 1039/6/15
f 1039/6/15 1046/6/22 1045/5/21
f 1044/5/20 1045/5/21 1046/6/22
f 1046/6/22 1047/6/23 1044/5/20
f 1048/2/24 1029/2/5 1031/1/7
f 1031/1/7 1041/1/17 1048/2/24
f 1049/2/25 1048/2/24 1041/1/17
f 1041/1/17 1050/1/26 1049/2/25
f 1051/2/27 1049/2/25 1050/1/26
f 1050/1/26 1052/1/28 1051/2/27
f 1053/3/29 1052/1/28 1050/1/26
f 1050/1/26 1054/3/30 1053/3/29
f 1054/3/30 1050/1/26 1041/1/17
f 1041/1/17 1040/3/16 1054/3/30
f 1054/3/30 1040/3/16 1043/4/19
f 1043/4/19 1055/4/31 1054/3/30
f 1056/5/32 1055/4/31 1043/4/19
f 1043/4/19 1044/5/20 1056/5/32
f 1056/5/32 1044/5/20 1047/6/23
f 1047/6/23 1057/6/33 1056/5/32
f 1058/2/34 1051/2/27 1052/1/28
f 1052/1/28 1059/1/35 1058/2/34
f 1060/2/36 1058/2/34 1059/1/35
f 1059/1/35 1061/1/37 1060/2/36
f 1062/3/38 1061/1/37 1059/1/35
f 1059/1/35 1063/3/39 1062/3/38
f 1063/3/39 1059/1/35 1052/1/28
f 1052/1/28 1053/3/29 1063/3/39
f 1062/3/38 1063/3/39 1064/4/40
f 1064/4/40 1065/4/41 1062/3/38
f 1066/5/42 1065/4/41 1064/4/40
f 1064/4/40 1068/5/44 1066/5/42
f 1063/3/39 1053/3/29 1067/4/43
f 1067/4/43 1064/4/40 1063/3/39
f 1068/5/44 1064/4/40 1067/4/43
f 1067/4/43 1069/5/45 1068/5/44
f 1055/4/31 1067/4/43 1053/3/29
f 1053/3/29 1054/3/30 1055/4/31
f 1069/5/45 1067/4/43 1055/4/31
f 1055/4/31 1056/5/32 1069/5/45
f 1069/5/45 1056/5/32 1057/6/33
f 1057/6/33 1070/6/46 1069/5/45
f 1068/5/44 1069/5/45 1070/6/46
f 1070/6/46 1071/6/47 1068/5/44
f 1066/5/42 1068/5/44 1071/6/47
f 1071/6/47 1072/6/48 1066/5/42
f 1073/5/49 1066/5/42 1072/6/48
f 1072/6/48 1074/6/50 1073/5/49
f 1075/2/51 1060/2/36 1061/1/37
f 1061/1/37 1076/1/52 1075/2/51
f 1077/2/53 1075/2/51 1076/1/52
f 1076/1/52 1079/1/55 1077/2/53
f 1078/3/54 1076/1/52 1061/1/37
f 1061/1/37 1062/3/38 1078/3/54
f 1078/3/54 1062/3/38 1065/4/41
f 1065/4/41 1084/4/60 1078/3/54
f 1080/2/56 1077/2/53 1079/1/55
f 1079/1/55 1081/1/57 1080/2/56
f 1082/3/58 1081/1/57 1079/1/55
f 1079/1/55 1083/3/59 1082/3/58
f 1083/3/59 1079/1/55 1076/1/52
f 1076/1/52 1078/3/54 1083/3/59
f 1083/3/59 1078/3/54 1084/4/60
f 1084/4/60 1085/4/61 1083/3/59
f 1082/3/58 1083/3/59 1085/4/61
f 1085/4/61 1086/4/62 1082/3/58
f 1087/5/63 1086/4/62 1085/4/61
f 1085/4/61 1088/5/64 1087/5/63
f 1088/5/64 1085/4/61 1084/4/60
f 1084/4/60 1073/5/49 1088/5/64
f 1073/5/49 1084/4/60 1065/4/41
f 1065/4/41 1066/5/42 1073/5/49
f 1088/5/64 1073/5/49 1074/6/50
f 1074/6/50 1089/6/65 1088/5/64
f 1087/5/63 1088/5/64 1089/6/65
f 1089/6/65 1090/6/66 1087/5/63
f 1091/5/67 1087/5/63 1090/6/66
f 1090/6/66 1092/6/68 1091/5/67
f 1086/4/62 1087/5/63 1091/5/67
f 1091/5/67 1095/4/71 1086/4/62
f 1093/5/69 1091/5/67 1092/6/68
f 1092/6/68 1094/6/70 1093/5/69
f 1095/4/71 1091/5/67 1093/5/69
f 1093/5/69 1098/4/74 1095/4/71
f 1096/5/72 1093/5/69 1094/6/70
f 1094/6/70 1097/6/73 1096/5/72
f 1098/4/74 1093/5/69 1096/5/72
f 1096/5/72 1099/4/75 1098/4/74
f 1098/4/74 1099/4/75 1100/3/76
f 1100/3/76 1102/3/78 1098/4/74
f 1086/4/62 1095/4/71 1101/3/77
f 1101/3/77 1082/3/58 1086/4/62
f 1081/1/57 1082/3/58 1101/3/77
f 1101/3/77 1103/1/79 1081/1/57
f 1095/4/71 1098/4/74 1102/3/78
f 1102/3/78 1101/3/77 1095/4/71
f 1103/1/79 1101/3/77 1102/3/78
f 1102/3/78 1104/1/80 1103/1/79
f 1104/1/80 1102/3/78 1100/3/76
f 1100/3/76 1105/1/81 1104/1/80
f 1104/1/80 1105/1/81 1106/2/82
f 1106/2/82 1107/2/83 1104/1/80
f 1103/1/79 1104/1/80 1107/2/83
f 1107/2/83 1108/2/84 1103/1/79
f 1081/1/57 1103/1/79 1108/2/84
f 1108/2/84 1080/2/56 1081/1/57
f 1109/2/85 1106/2/82 1105/1/81
f 1105/1/81 1110/1/86 1109/2/85
f 1111/2/87 1109/2/85 1110/1/86
f 1110/1/86 1113/1/89 1111/2/87
f 1112/3/88 1110/1/86 1105/1/81
f 1105/1/81 1100/3/76 1112/3/88
f 1112/3/88 1100/3/76 1099/4/75
f 1099/4/75 1115/4/91 1112/3/88
f 1113/1/89 1110/1/86 1112/3/88
f 1112/3/88 1114/3/90 1113/1/89
f 1026/2/2 1111/2/87 1113/1/89
f 1113/1/89 1025/1/1 1026/2/2
f 1030/3/6 1025/1/1 1113/1/89
f 1113/1/89 1114/3/90 1030/3/6
f 1114/3/90 1112/3/88 1115/4/91
f 1115/4/91 1116/4/92 1114/3/90
f 1030/3/6 1114/3/90 1116/4/92
f 1116/4/92 1033/4/9 1030/3/6
f 1035/5/11 1033/4/9 1116/4/92
f 1116/4/92 1119/5/95 1035/5/11
f 1117/5/93 1115/4/91 1099/4/75
f 1099/4/75 1096/5/72 1117/5/93
f 1116/4/92 1115/4/91 1117/5/93
f 1117/5/93 1119/5/95 1116/4/92
f 1117/5/93 1096/5/72 1097/6/73
f 1097/6/73 1118/6/94 1117/5/93
f 1119/5/95 1117/5/93 1118/6/94
f 1118/6/94 1120/6/96 1119/5/95
f 1035/5/11 1119/5/95 1120/6/96
f 1120/6/96 1038/6/14 1035/5/11
f 1122/7/98 1121/7/97 1120/6/96
f 1120/6/96 1118/6/94 1122/7/98
f 1038/6/14 1120/6/96 1121/7/97
f 1121/7/97 1124/7/100 1038/6/14
f 1123/7/99 1122/7/98 1118/6/94
f 1118/6/94 1097/6/73 1123/7/99
f 1039/6/15 1038/6/14 1124/7/100
f 1124/7/100 1130/7/106 1039/6/15
f 1126/7/102 1123/7/99 1097/6/73
f 1097/6/73 1094/6/70 1126/7/102
f 1123/7/99 1126/7/102 1127/7/103
f 1127/7/103 1125/7/101 1123/7/99
f 1127/7/103 1126/7/102 1094/6/70
f 1094/6/70 1092/6/68 1127/7/103
f 1125/7/101 1127/7/103 1092/6/68
f 1092/6/68 1090/6/66 1125/7/101
f 1128/7/104 1125/7/101 1090/6/66
f 1090/6/66 1089/6/65 1128/7/104
f 1129/7/105 1128/7/104 1089/6/65
f 1089/6/65 1074/6/50 1129/7/105
f 1124/7/100 1128/7/104 1129/7/105
f 1129/7/105 1130/7/106 1124/7/100
f 1046/6/22 1039/6/15 1130/7/106
f 1130/7/106 1132/7/108 1046/6/22
f 1131/7/107 1129/7/105 1074/6/50
f 1074/6/50 1072/6/48 1131/7/107
f 1130/7/106 1129/7/105 1131/7/107
f 1131/7/107 1132/7/108 1130/7/106
f 1047/6/23 1046/6/22 1132/7/108
f 1132/7/108 1134/7/110 1047/6/23
f 1133/7/109 1131/7/107 1072/6/48
f 1072/6/48 1071/6/47 1133/7/109
f 1057/6/33 1047/6/23 1134/7/110
f 1134/7/110 1136/7/112 1057/6/33
f 1135/7/111 1133/7/109 1071/6/47
f 1071/6/47 1070/6/46 1135/7/111
f 1134/7/110 1133/7/109 1135/7/111
f 1135/7/111 1136/7/112 1134/7/110
f 1136/7/112 1135/7/111 1070/6/46
f 1070/6/46 1057/6/33 1136/7/112
f 1109/2/85 1111/2/87 1137/8/113
f 1137/8/113 1138/8/114 1109/2/85
f 1106/2/82 1109/2/85 1138/8/114
f 1138/8/114 1140/8/116 1106/2/82
f 1139/8/115 1137/8/113 1111/2/87
f 1111/2/87 1026/2/2 1139/8/115
f 1107/2/83 1106/2/82 1140/8/116
f 1140/8/116 1141/8/117 1107/2/83
f 1108/2/84 1107/2/83 1141/8/117
f 1141/8/117 1142/8/118 1108/2/84
f 1142/8/118 1141/8/117 1140/8/116
f 1140/8/116 1138/8/114 1142/8/118
f 1080/2/56 1108/2/84 1142/8/118
f 1142/8/118 1143/8/119 1080/2/56
f 1077/2/53 1080/2/56 1143/8/119
f 1143/8/119 1144/8/120 1077/2/53
f 1075/2/51 1077/2/53 1144/8/120
f 1144/8/120 1145/8/121 1075/2/51
f 1146/8/122 1145/8/121 1144/8/120
f 1144/8/120 1139/8/115 1146/8/122
f 1060/2/36 1075/2/51 1145/8/121
f 1145/8/121 1147/8/123 1060/2/36
f 1146/8/122 1139/8/115 1026/2/2
f 1026/2/2 1027/2/3 1146/8/122
f 1148/8/124 1147/8/123 1145/8/121
f 1145/8/121 1146/8/122 1148/8/124
f 1058/2/34 1060/2/36 1147/8/123
f 1147/8/123 1149/8/125 1058/2/34
f 1148/8/124 1146/8/122 1027/2/3
f 1027/2/3 1029/2/5 1148/8/124
f 1051/2/27 1058/2/34 1149/8/125
f 1149/8/125 1151/8/127 1051/2/27
f 1150/8/126 1148/8/124 1029/2/5
f 1029/2/5 1048/2/24 1150/8/126
f 1152/8/128 1151/8/127 1149/8/125
f 1149/8/125 1150/8/126 1152/8/128
f 1049/2/25 1051/2/27 1151/8/127
f 1151/8/127 1152/8/128 1049/2/25
f 1152/8/128 1150/8/126 1048/2/24
f 1048/2/24 1049/2/25 1152/8/128

