# ProBuilder 6.1.2
# https://unity3d.com/unity/features/worldbuilding/probuilder
# 22.09.2026 19:30:47

mtllib ./Tube.mtl
o Tube

g tube_006 (1)
v -0.5740289 -0.00227372 -1.385849
v -0.5740284 2.992803 -1.385848
v -1.060663 2.993337 -1.060689
v -1.060664 -0.00174018 -1.06069
v -1.385823 2.994135 -0.5740544
v -1.385823 -0.00094149 -0.5740551
v -1.500003 2.995077 -2.894E-05
v -1.500004 -4E-08 -3.004E-05
v -1.385823 2.996018 0.5739962
v -1.385823 0.00094165 0.5739952
v 1.385815 -0.00094191 -0.5740551
v 1.385816 2.994135 -0.5740544
v 1.060657 2.993336 -1.060689
v 1.060656 -0.0017405 -1.06069
v 0.5740219 2.992803 -1.385848
v 0.5740214 -0.00227389 -1.385849
v -3.35E-06 2.992616 -1.500029
v -3.8E-06 -0.00246102 -1.50003
v 0.5740214 0.00227346 1.385789
v 0.5740219 2.99735 1.38579
v 1.060657 2.996817 1.060631
v 1.060656 0.00173991 1.06063
v 1.385816 2.996018 0.5739962
v 1.385815 0.00094123 0.5739952
v 1.499997 2.995076 -2.894E-05
v 1.499996 -4.9E-07 -3.004E-05
v -0.5740289 0.00227363 1.385789
v -3.35E-06 2.997538 1.499971
v -3.8E-06 0.00246102 1.49997
v -0.5740284 2.997351 1.38579
v -1.060664 0.00174023 1.06063
v -1.060663 2.996817 1.060631
v -0.4592437 -0.00227381 -1.108677
v -0.8485038 2.993336 -0.8485846
v -0.4592039 2.992803 -1.108692
v -0.8485599 -0.00174026 -0.8485297
v -1.108639 2.994135 -0.4592965
v -1.108679 -0.00094156 -0.4592024
v -1.200003 2.995077 -8.455E-05
v -1.200004 -8E-08 2.558E-05
v -1.108678 2.996018 0.4591434
v -1.108639 0.0009416399 0.4592374
v 1.108671 -0.0009419 -0.4592024
v 0.848497 2.993336 -0.8485846
v 1.108632 2.994135 -0.4592965
v 0.8485522 -0.00174052 -0.8485297
v 0.4591972 2.992803 -1.108692
v 0.4592361 -0.00227395 -1.108677
v -3.34E-06 2.992616 -1.200029
v -3.79E-06 -0.0024611 -1.20003
v 0.4591968 0.00227355 1.108633
v 0.8485527 2.996817 0.848471
v 0.4592366 2.99735 1.108618
v 0.8484966 0.00174 0.8485257
v 1.108672 2.996018 0.4591434
v 1.108632 0.0009413 0.4592374
v 1.199997 2.995076 -8.455E-05
v 1.199996 -4.4E-07 2.558E-05
v -0.4592043 0.00227369 1.108633
v -3.79E-06 0.0024611 1.19997
v -3.34E-06 2.997538 1.199971
v -0.4592432 2.997351 1.108618
v -0.8485042 0.00174026 0.8485257
v -0.8485594 2.996817 0.848471
v -2.969204 4.516449 2.236406
v -2.901524 5.097794 2.236235
v -2.886189 5.09903 2.081092
v -2.951618 4.517868 2.0585
v -2.90102 4.521942 1.892423
v -2.84206 5.102585 1.936264
v -2.819317 4.528534 1.739322
v -2.770817 5.108322 1.802752
v -3.424679 6.119705 2.236891
v -3.902287 6.407425 1.897875
v -3.400684 6.121643 1.994163
v -3.935871 6.404709 2.237617
v -4.472324 6.476013 1.784296
v -4.517216 6.472397 2.238474
v -3.80566 6.415207 1.580722
v -5.023998 6.316986 1.670717
v -5.080204 6.312454 2.239331
v -4.343151 6.48642 1.360316
v -3.649639 6.427795 1.288348
v -4.862286 6.330017 1.13991
v -4.134571 6.50325 0.9694624
v -3.440128 6.444687 1.031827
v -4.601154 6.351074 0.6505756
v -3.854496 6.525818 0.6265364
v -3.185062 6.46524 0.8208718
v -4.250507 6.379349 0.2212458
v -3.513515 6.553314 0.3445249
v -2.894108 6.488708 0.6634717
v -3.823612 6.413757 -0.1318221
v -3.124546 6.584671 0.1341076
v -2.578266 6.51416 0.565587
v -3.336643 6.453018 -0.3952565
v -4.06815 6.067841 -0.5356493
v -3.498096 6.1138 -0.8440299
v -2.702328 6.618713 0.003252506
v -2.808041 6.495636 -0.5590825
v -2.879307 6.163681 -1.035807
v -2.21603 6.217163 -1.103801
v -2.241436 6.541321 -0.617167
v -2.24976 6.655197 -0.04314232
v -2.239727 6.541458 0.5308819
v -5.539135 5.949234 2.240058
v -5.824131 5.438049 2.240543
v -5.751934 5.443863 1.510093
v -5.473339 5.954544 1.57443
v -5.284031 5.969803 0.9530592
v -5.544193 5.460617 0.8282099
v -4.978352 5.994446 0.3802371
v -5.208744 5.487656 0.1996026
v -5.603146 4.879974 0.784368
v -5.257244 4.907867 0.1361723
v -4.567875 6.027542 -0.1223431
v -4.758289 5.523972 -0.351922
v -4.792759 4.945313 -0.432539
v -4.209896 5.568192 -0.8054781
v -5.731876 4.293701 2.240543
v -5.368656 3.834778 2.240058
v -5.30286 3.840088 1.57443
v -5.659672 4.29953 1.510093
v -5.891819 4.856705 2.240714
v -5.451923 4.316284 0.8282099
v -5.11356 3.855347 0.9530592
v -5.817364 4.862701 1.4875
v -5.116474 4.343323 0.1996026
v -4.80788 3.87999 0.3802371
v -4.666027 4.379639 -0.351922
v -4.276127 3.482101 2.238474
v -3.713131 3.642044 2.237617
v -3.679554 3.644745 1.897875
v -4.231228 3.485718 1.784297
v -4.857471 3.549774 2.239332
v -4.102062 3.496124 1.360316
v -3.582928 3.652542 1.580722
v -4.801258 3.554306 1.670718
v -4.639545 3.567352 1.139911
v -4.378422 3.588394 0.6505761
v -3.893482 3.512939 0.9694624
v -3.426899 3.665115 1.288349
v -4.027767 3.616669 0.2212462
v -3.613407 3.535522 0.6265368
v -3.217396 3.682007 1.031827
v -3.60088 3.651093 -0.1318216
v -3.272427 3.563019 0.3445253
v -2.96233 3.702576 0.8208718
v -3.113911 3.690353 -0.3952565
v -2.883457 3.594376 0.1341076
v -2.671368 3.726028 0.6634722
v -2.5853 3.732971 -0.559082
v -2.461239 3.628418 0.003252506
v -2.008671 3.664902 -0.04314232
v -2.018696 3.778656 -0.6171665
v -2.016987 3.778793 0.5308824
v -2.355534 3.751495 0.565587
v -2.509914 4.065262 1.112245
v -2.042393 4.102951 1.017517
v -2.284267 4.08345 1.042312
v -3.2542 4.005249 2.236891
v -3.230213 4.007187 1.994163
v -3.161175 4.012756 1.767573
v -3.049709 4.021744 1.558687
v -2.900021 4.033813 1.375416
v -2.709614 4.537369 1.604995
v -2.675144 5.116043 1.685612
v -2.717793 4.048508 1.224699
v -2.576046 4.548141 1.494528
v -2.558666 5.125427 1.589279
v -2.423679 4.560425 1.412106
v -2.258297 4.573761 1.360848
v -3.061466 5.660782 2.236406
v -3.04388 5.662201 2.0585
v -2.993282 5.666275 1.892423
v -2.911579 5.672867 1.739322
v -2.08102 4.588058 1.342675
v -2.12698 5.160233 1.456856
v -2.281574 5.147766 1.472704
v -2.4258 5.136139 1.517403
v -2.813007 4.529037 -1.354343
v -2.045551 4.102692 -1.103801
v -2.08514 4.587723 -1.42896
v -2.708828 4.049225 -1.035807
v -3.327618 3.999329 -0.8440294
v -3.492069 4.474289 -1.14389
v -3.897678 3.953369 -0.5356493
v -4.117634 4.423859 -0.8054781
v -3.582211 5.042908 -1.249187
v -4.227276 4.990906 -0.9002295
v -4.397404 3.913086 -0.1223431
v -2.177402 5.732056 -1.42896
v -2.90527 5.67337 -1.354343
v -2.131443 5.159882 -1.54314
v -3.584324 5.618622 -1.14389
v -2.881992 5.099365 -1.466199
v -2.350559 5.718094 1.360848
v -2.212872 6.217407 1.017517
v -2.173283 5.732391 1.342675
v -2.454739 6.197906 1.042312
v -2.680393 6.179718 1.112245
v -2.515949 5.704758 1.412106
v -2.888264 6.162964 1.224699
v -2.668308 5.692474 1.494528
v -3.070499 6.14827 1.375416
v -2.801868 5.681717 1.604995
v -3.220181 6.1362 1.558687
v -3.331654 6.127213 1.767573
v -3.253071 4.609589 2.236243
v -3.179386 5.075394 2.022162
v -3.199093 5.073792 2.236243
v -3.231297 4.611816 2.004163
v -3.164944 4.617142 1.78621
v -3.118168 5.080322 1.821074
v -4.489384 6.173691 2.236243
v -4.886585 6.051315 1.693878
v -4.940548 6.047195 2.236243
v -4.444614 6.177292 1.785015
v -4.02467 6.118362 2.236243
v -4.315701 6.187683 1.361711
v -4.731625 6.063782 1.18517
v -3.98901 6.121063 1.875942
v -3.616581 5.89006 2.236243
v -3.588985 5.891785 1.952858
v -3.507999 5.898346 1.68683
v -3.886066 6.129379 1.537841
v -3.719822 6.142792 1.226308
v -4.107456 6.204483 0.9714794
v -4.481289 6.083969 0.7160587
v -3.496586 6.160782 0.9529762
v -3.827824 6.22702 0.6290998
v -4.14513 6.111069 0.3044715
v -3.224804 6.182693 0.7281971
v -3.487385 6.254471 0.3475375
v -3.735882 6.144073 -0.03400517
v -2.914776 6.207687 0.560482
v -3.099041 6.285782 0.1374555
v -3.269039 6.181702 -0.2865524
v -2.578075 6.234818 0.4561973
v -2.677494 6.319763 0.006863594
v -2.227222 6.356064 -0.03940535
v -2.219791 6.263885 0.4193921
v -2.220005 6.266541 -0.4993119
v -2.76244 6.222565 -0.4435287
v -3.398731 5.910782 -0.6467571
v -2.199169 6.008102 -0.8904152
v -2.819889 5.957489 -0.82616
v -5.309521 5.757324 2.236243
v -5.471409 5.352585 1.564649
v -5.539402 5.34761 2.236243
v -5.247349 5.76178 1.616458
v -5.070248 5.776031 1.035195
v -5.279499 5.368042 0.9348307
v -4.784153 5.799088 0.4990735
v -4.969471 5.393036 0.3538632
v -4.399975 5.830063 0.02869225
v -4.553158 5.426605 -0.1558628
v -5.008602 4.927902 0.3028302
v -4.580997 4.962387 -0.2207241
v -3.93227 5.867767 -0.3581343
v -4.046322 5.467468 -0.5750461
v -4.060413 5.004349 -0.6512785
v -3.468166 5.514084 -0.8878117
v -2.840961 5.564667 -1.082229
v -5.465305 4.428589 2.236243
v -5.110676 4.066559 1.616458
v -5.172756 4.060989 2.236243
v -5.397396 4.43457 1.564649
v -5.594242 4.880692 2.236243
v -5.524158 4.886337 1.546442
v -5.327038 4.902237 0.8995581
v -5.205479 4.450058 0.9348307
v -4.895458 4.475052 0.3538632
v -4.708179 3.838562 1.693878
v -4.762104 3.833984 2.236243
v -4.251736 3.785019 1.785015
v -4.296505 3.781403 2.236243
v -4.553226 3.851074 1.18517
v -3.811031 3.913513 1.875943
v -3.846661 3.910461 2.236243
v -4.122822 3.79541 1.361711
v -4.302891 3.871262 0.7160587
v -3.708088 3.921783 1.537841
v -3.914585 3.812195 0.9714794
v -3.966732 3.898361 0.304472
v -3.541843 3.935196 1.226308
v -3.634953 3.834747 0.6290998
v -3.557484 3.931351 -0.03400469
v -3.3186 3.953186 0.9529767
v -3.294514 3.862183 0.347538
v -3.090641 3.968994 -0.286552
v -3.046818 3.975098 0.7281971
v -2.90617 3.893494 0.1374559
v -2.584042 4.009811 -0.4435287
v -2.73679 4.000092 0.5604825
v -2.851948 4.252335 1.050196
v -2.608173 4.271988 0.9183187
v -2.484623 3.92749 0.006864071
v -2.400097 4.027267 0.4561973
v -2.34325 4.293381 0.8362737
v -2.06271 4.315491 0.807838
v -2.041782 4.055969 0.4193921
v -2.034351 3.963791 -0.03940487
v -2.041569 4.053314 -0.4993119
v -3.480419 4.201187 2.236243
v -3.4529 4.203918 1.952858
v -3.371906 4.210419 1.68683
v -3.241192 4.220963 1.441867
v -3.057919 4.625778 1.585651
v -3.019459 5.088287 1.636094
v -3.065655 4.235107 1.226943
v -2.914204 4.63736 1.409686
v -2.886906 5.098969 1.473797
v -2.739231 4.651474 1.264978
v -3.32674 5.523376 2.236243
v -3.30489 5.524658 2.004163
v -3.238544 5.530014 1.78621
v -3.131519 5.538651 1.585651
v -3.377277 5.908875 1.441867
v -2.987797 5.550232 1.409686
v -2.093952 4.703033 1.067297
v -2.322598 4.685074 1.089788
v -2.130787 5.159927 1.15841
v -2.34119 5.14296 1.178726
v -2.541447 5.126816 1.240744
v -2.539646 4.667557 1.157007
v -2.725529 5.111984 1.340328
v -2.766941 4.646637 -1.082229
v -2.093739 4.700409 -1.152501
v -2.062405 4.311768 -0.8904152
v -2.683208 4.262283 -0.82616
v -3.262066 4.215637 -0.6467571
v -3.394154 4.5961 -0.8878117
v -3.795597 4.172623 -0.3581338
v -3.972309 4.549484 -0.5750461
v -3.466572 5.052231 -0.9725285
v -4.263309 4.134903 0.02869225
v -4.479145 4.508621 -0.1558628
v -4.64748 4.103943 0.4990735
v -4.933582 4.080872 1.035195
v -2.167835 5.619446 -1.152501
v -2.130787 5.159927 -1.244695
v -2.822369 5.104172 -1.172224
v -2.396191 5.597916 1.089788
v -2.167622 5.616821 1.067297
v -2.198872 6.004364 0.807838
v -2.479328 5.981247 0.8362732
v -2.744251 5.959915 0.9183187
v -2.613239 5.580429 1.157007
v -2.988033 5.940262 1.050195
v -2.812832 5.564346 1.264977
v -3.20174 5.923035 1.226943
v -6.653034 5.57341 3.127543
v -6.652859 4.99939 3.013363
v -6.497715 4.99939 2.997978
v -6.475124 5.57341 3.109901
v -6.309048 5.57341 3.05914
v -6.352894 4.99939 2.953712
v -6.155949 5.57341 2.977175
v -6.219379 4.99939 2.882233
v -6.653515 3.938721 3.452703
v -6.314503 3.613571 3.905645
v -6.410786 3.938721 3.428633
v -6.65424 3.613571 3.939337
v -6.200924 3.49939 4.468322
v -6.655102 3.49939 4.513361
v -5.997349 3.613571 3.808708
v -6.087345 3.613571 5.030998
v -6.655956 3.613571 5.087385
v -5.776943 3.49939 4.338732
v -5.704975 3.613571 3.65218
v -5.556538 3.613571 4.868757
v -5.386089 3.49939 4.12948
v -5.448452 3.613571 3.44199
v -5.067204 3.613571 4.606782
v -5.043163 3.49939 3.848492
v -5.237499 3.613571 3.186097
v -4.637867 3.613571 4.254994
v -4.76115 3.49939 3.506407
v -5.080097 3.613571 2.894192
v -4.284801 3.613571 3.826716
v -4.550732 3.49939 3.116179
v -4.982212 3.613571 2.57733
v -4.021366 3.613571 3.338167
v -3.880978 3.938721 4.098262
v -3.572598 3.938721 3.526359
v -4.41988 3.49939 2.692588
v -3.857548 3.613571 2.807846
v -3.380817 3.938721 2.905557
v -3.312824 3.938721 2.240129
v -3.799458 3.613571 2.239403
v -4.373486 3.49939 2.238546
v -4.947506 3.613571 2.237689
v -6.656681 3.938721 5.57402
v -6.657169 4.425354 5.899179
v -5.926716 4.425354 5.826743
v -5.991055 3.938721 5.508013
v -5.369686 3.938721 5.31809
v -5.244831 4.425354 5.618325
v -4.796864 3.938721 5.011417
v -4.61623 4.425354 5.281788
v -5.200993 4.99939 5.723753
v -4.552799 4.99939 5.376728
v -4.294285 3.938721 4.59961
v -4.064701 4.425354 4.829876
v -3.984089 4.99939 4.910734
v -3.611149 4.425354 4.279703
v -6.657169 5.57341 5.899179
v -6.656681 6.060043 5.57402
v -5.991055 6.060043 5.508013
v -5.926716 5.57341 5.826743
v -6.657337 4.99939 6.013359
v -5.244831 5.57341 5.618325
v -5.369686 6.060043 5.31809
v -5.904125 4.99939 5.938666
v -4.61623 5.57341 5.281788
v -4.796864 6.060043 5.011417
v -4.064701 5.57341 4.829876
v -6.655102 6.49939 4.513361
v -6.65424 6.385208 3.939337
v -6.314503 6.385208 3.905645
v -6.200924 6.49939 4.468322
v -6.655956 6.385208 5.087385
v -5.776943 6.49939 4.338732
v -5.997349 6.385208 3.808708
v -6.087345 6.385208 5.030998
v -5.556538 6.385208 4.868757
v -5.067204 6.385208 4.606782
v -5.386089 6.49939 4.12948
v -5.704975 6.385208 3.65218
v -4.637867 6.385208 4.254994
v -5.043163 6.49939 3.848492
v -5.448452 6.385208 3.44199
v -4.284801 6.385208 3.826716
v -4.76115 6.49939 3.506407
v -5.237499 6.385208 3.186097
v -4.021366 6.385208 3.338167
v -4.550732 6.49939 3.116179
v -5.080097 6.385208 2.894192
v -3.857548 6.385208 2.807846
v -4.41988 6.49939 2.692588
v -4.373486 6.49939 2.238546
v -3.799458 6.385208 2.239403
v -4.947506 6.385208 2.237689
v -4.982212 6.385208 2.57733
v -5.528873 6.060043 2.706
v -5.434147 6.060043 2.236963
v -5.458935 6.060043 2.479618
v -6.653515 6.060043 3.452703
v -6.410786 6.060043 3.428633
v -6.1842 6.060043 3.359375
v -5.975315 6.060043 3.247543
v -5.792042 6.060043 3.097374
v -6.021618 5.57341 2.867108
v -6.102238 4.99939 2.78625
v -5.641323 6.060043 2.914551
v -5.911152 5.57341 2.73311
v -6.005909 4.99939 2.669397
v -5.828732 5.57341 2.580255
v -5.77747 5.57341 2.41433
v -6.653034 4.425354 3.127543
v -6.475124 4.425354 3.109901
v -6.309048 4.425354 3.05914
v -6.155949 4.425354 2.977175
v -5.759296 5.57341 2.236477
v -5.873478 4.99939 2.236307
v -5.889332 4.99939 2.391403
v -5.934025 4.99939 2.536098
v -3.062283 5.57341 2.970845
v -3.312824 6.060043 2.240129
v -2.987667 5.57341 2.240615
v -3.380817 6.060043 2.905557
v -3.572598 6.060043 3.526359
v -3.272739 5.57341 3.652104
v -3.880978 6.060043 4.098262
v -3.611149 5.57341 4.279703
v -3.167439 4.99939 3.69626
v -3.516392 4.99939 4.343417
v -4.294285 6.060043 4.59961
v -2.987667 4.425354 2.240615
v -3.062283 4.425354 2.970845
v -2.873486 4.99939 2.240786
v -3.272739 4.425354 3.652104
v -2.950428 4.99939 2.993772
v -5.77747 4.425354 2.41433
v -5.434147 3.938721 2.236963
v -5.759296 4.425354 2.236477
v -5.458935 3.938721 2.479618
v -5.528873 3.938721 2.706
v -5.828732 4.425354 2.580255
v -5.641323 3.938721 2.914551
v -5.911152 4.425354 2.73311
v -5.792042 3.938721 3.097374
v -6.021618 4.425354 2.867108
v -5.975315 3.938721 3.247543
v -6.1842 3.938721 3.359375
v -6.652866 5.457764 3.403006
v -6.438786 4.99939 3.292133
v -6.652866 4.99939 3.311899
v -6.420788 5.457291 3.381124
v -6.202839 5.457306 3.314558
v -6.237698 4.99939 3.230716
v -6.652866 3.799362 4.509623
v -6.110508 3.88942 4.915375
v -6.652866 3.889191 4.969495
v -6.201641 3.799362 4.464708
v -6.652866 3.891846 4.05086
v -5.778339 3.799362 4.33538
v -5.601795 3.889435 4.759917
v -6.292568 3.892029 4.015102
v -6.652866 4.152206 3.662444
v -6.36948 4.15271 3.634794
v -6.103458 4.152679 3.553543
v -5.954464 3.891998 3.911826
v -5.642933 3.891998 3.74504
v -5.388103 3.799362 4.126462
v -5.132687 3.889435 4.508769
v -5.369602 3.891998 3.521076
v -5.045727 3.799362 3.845921
v -4.721096 3.889435 4.17152
v -5.144825 3.891998 3.248414
v -4.764164 3.799362 3.504381
v -4.382618 3.889435 3.760942
v -4.977108 3.891998 2.93738
v -4.554081 3.799362 3.114775
v -4.13007 3.889435 3.292582
v -4.872822 3.892029 2.599589
v -4.423489 3.799362 2.691858
v -4.377216 3.799362 2.240129
v -4.836018 3.891846 2.240129
v -3.917316 3.889191 2.240129
v -3.973095 3.88942 2.78434
v -3.769871 4.149063 3.443633
v -3.526211 4.148468 2.240129
v -3.590466 4.149033 2.862903
v -6.652866 4.148468 5.360569
v -5.981274 4.538879 5.554463
v -6.652866 4.538376 5.622637
v -6.033085 4.149033 5.298239
v -5.451817 4.149063 5.120571
v -5.35146 4.53891 5.361926
v -4.915699 4.149063 4.833548
v -4.770489 4.53891 5.050894
v -4.445316 4.149063 4.448124
v -4.260761 4.53891 4.633231
v -4.719456 4.99939 5.127279
v -4.195904 4.99939 4.698286
v -4.058491 4.149063 3.978895
v -3.841579 4.53891 4.124754
v -3.765347 4.99939 4.176015
v -3.528812 4.53891 3.544718
v -3.3344 4.538879 2.915477
v -6.652866 5.460388 5.622637
v -6.033085 5.849747 5.298239
v -6.652866 5.850311 5.360569
v -5.981274 5.459885 5.554463
v -6.652866 4.99939 5.714824
v -5.963062 4.99939 5.644513
v -5.316181 4.99939 5.446749
v -5.35146 5.459869 5.361926
v -4.770489 5.459869 5.050894
v -6.110508 6.10936 4.915375
v -6.652866 6.109589 4.969495
v -6.201641 6.199402 4.464708
v -6.652866 6.199402 4.509623
v -5.601795 6.109329 4.759917
v -6.292568 6.10675 4.015102
v -6.652866 6.106918 4.05086
v -5.778339 6.199402 4.33538
v -5.132687 6.109329 4.508769
v -5.954464 6.106766 3.911826
v -5.388103 6.199402 4.126462
v -4.721096 6.109329 4.17152
v -5.642933 6.106766 3.74504
v -5.045727 6.199402 3.845921
v -4.382618 6.109329 3.760942
v -5.369602 6.106766 3.521076
v -4.764164 6.199402 3.504381
v -4.13007 6.109329 3.292582
v -5.144825 6.106766 3.248414
v -4.554081 6.199402 3.114775
v -3.973095 6.10936 2.78434
v -4.977108 6.106766 2.93738
v -5.466824 5.846085 3.031893
v -5.334942 5.846085 2.787323
v -4.423489 6.199402 2.691858
v -4.872822 6.10675 2.599589
v -5.252903 5.846054 2.521538
v -5.224461 5.846558 2.240129
v -4.836018 6.106918 2.240129
v -4.377216 6.199402 2.240129
v -3.917316 6.109589 2.240129
v -6.652866 5.846558 3.662444
v -6.36948 5.846054 3.634794
v -6.103458 5.846085 3.553543
v -5.858494 5.846085 3.422398
v -6.002277 5.457306 3.207184
v -6.052723 4.99939 3.131683
v -5.643566 5.846085 3.24629
v -5.826313 5.457306 3.063001
v -5.890423 4.99939 2.998698
v -5.681599 5.457306 2.887466
v -6.652866 4.541016 3.403006
v -6.420788 4.541489 3.381124
v -6.202839 4.541473 3.314558
v -6.002277 4.541473 3.207184
v -5.858494 4.152679 3.422398
v -5.826313 4.541473 3.063001
v -5.483921 5.457764 2.240129
v -5.506413 5.457291 2.469476
v -5.575031 4.99939 2.240129
v -5.595356 4.99939 2.451212
v -5.657368 4.99939 2.652115
v -5.573627 5.457306 2.687229
v -5.756954 4.99939 2.836799
v -3.3344 5.459885 2.915477
v -3.264126 5.460388 2.240129
v -3.526211 5.850311 2.240129
v -3.590466 5.849747 2.862903
v -3.769871 5.849716 3.443633
v -3.528812 5.459869 3.544718
v -4.058491 5.849716 3.978895
v -3.841579 5.459869 4.124754
v -3.444096 4.99939 3.580244
v -4.445316 5.849716 4.448124
v -4.260761 5.459869 4.633231
v -4.915699 5.849716 4.833548
v -5.451817 5.849716 5.120571
v -3.264126 4.538376 2.240129
v -3.171932 4.99939 2.240129
v -3.244404 4.99939 2.933953
v -5.506413 4.541489 2.469476
v -5.483921 4.541016 2.240129
v -5.224461 4.152206 2.240129
v -5.252903 4.15271 2.521538
v -5.334942 4.152679 2.787323
v -5.573627 4.541473 2.687229
v -5.466824 4.152679 3.031893
v -5.681599 4.541473 2.887466
v -5.643566 4.152679 3.24629
v -7.541065 7.27803 5.087425
v -7.426884 7.277847 4.5134
v -7.411503 7.122711 4.5134
v -7.523426 7.100113 5.087425
v -7.47266 6.934036 5.087425
v -7.367237 6.977875 4.5134
v -7.390697 6.780945 5.087425
v -7.29575 6.844376 4.513401
v -7.866222 7.278503 3.45274
v -8.319164 6.939499 3.127581
v -7.842152 7.035782 3.45274
v -8.352856 7.279236 3.127581
v -8.88184 6.825912 3.0134
v -8.926884 7.28009 3.0134
v -8.222233 6.622345 3.127581
v -9.444523 6.712341 3.127581
v -9.500904 7.280945 3.127581
v -8.752254 6.401932 3.013401
v -8.065701 6.329971 3.127582
v -9.282276 6.181534 3.127582
v -8.543003 6.011078 3.013401
v -7.855511 6.073441 3.127582
v -9.020298 5.6922 3.127582
v -8.262012 5.668152 3.013401
v -7.599613 5.862488 3.127582
v -8.668514 5.262863 3.127583
v -7.919926 5.386139 3.013401
v -7.307713 5.705093 3.127583
v -8.240238 4.90979 3.127583
v -7.529697 5.17572 3.013401
v -6.990849 5.607208 3.127583
v -7.75169 4.646362 3.127583
v -8.511784 4.505966 3.452742
v -7.939877 4.197586 3.452742
v -7.106106 5.044876 3.013401
v -7.221363 4.482529 3.127583
v -7.31908 4.005814 3.452742
v -6.653652 3.93782 3.452742
v -6.652927 4.424454 3.127583
v -6.652065 4.998474 3.013401
v -6.651211 5.572495 3.127583
v -9.987537 7.281677 3.45274
v -10.3127 7.282166 3.939375
v -10.24027 6.551712 3.939375
v -9.921535 6.616043 3.45274
v -9.731609 5.994675 3.45274
v -10.03185 5.869827 3.939375
v -9.424938 5.42186 3.452741
v -9.695309 5.241226 3.939376
v -10.13727 5.825989 4.513401
v -9.790249 5.177795 4.513401
v -9.013126 4.919281 3.452742
v -9.243397 4.689697 3.939377
v -9.324253 4.609085 4.513401
v -8.693226 4.236145 3.939377
v -10.3127 7.282166 5.087425
v -9.987537 7.281677 5.57406
v -9.921535 6.616043 5.57406
v -10.24027 6.551712 5.087425
v -10.42688 7.282333 4.5134
v -10.03185 5.869827 5.087425
v -9.731609 5.994675 5.57406
v -10.35219 6.529114 4.5134
v -9.695309 5.241226 5.087426
v -9.424938 5.42186 5.574061
v -9.243397 4.689697 5.087427
v -8.926884 7.28009 6.0134
v -8.352856 7.279236 5.89922
v -8.319164 6.939499 5.89922
v -8.88184 6.825912 6.0134
v -9.500904 7.280945 5.89922
v -8.752254 6.401932 6.013401
v -8.222233 6.622345 5.89922
v -9.444523 6.712341 5.89922
v -9.282276 6.181534 5.89922
v -9.020306 5.6922 5.89922
v -8.543003 6.011078 6.013401
v -8.065701 6.329971 5.89922
v -8.668514 5.262863 5.89922
v -8.262012 5.668152 6.013401
v -7.855511 6.073441 5.89922
v -8.240238 4.90979 5.89922
v -7.919926 5.386139 6.013401
v -7.599621 5.862488 5.89922
v -7.75169 4.646362 5.899221
v -7.529697 5.17572 6.013401
v -7.307713 5.705093 5.89922
v -7.221363 4.482529 5.899221
v -7.106113 5.044876 6.013401
v -6.652065 4.998474 6.013401
v -6.652927 4.424454 5.899221
v -6.651211 5.572495 5.89922
v -6.990849 5.607208 5.89922
v -7.119526 6.15387 5.57406
v -6.650486 6.059128 5.57406
v -6.893139 6.083923 5.57406
v -7.866222 7.278503 5.57406
v -7.842152 7.035782 5.57406
v -7.772892 6.809189 5.57406
v -7.66106 6.600311 5.57406
v -7.510899 6.417038 5.57406
v -7.280628 6.646606 5.087425
v -7.199772 6.727234 4.513401
v -7.328068 6.266312 5.57406
v -7.146633 6.536148 5.087425
v -7.08292 6.63089 4.513401
v -6.993778 6.45372 5.087425
v -6.827854 6.402466 5.087426
v -7.541065 7.27803 3.939375
v -7.523426 7.100113 3.939375
v -7.47266 6.934036 3.939375
v -7.390697 6.780945 3.939375
v -6.649998 6.384293 5.087426
v -6.64983 6.498474 4.513401
v -6.80492 6.514328 4.513401
v -6.949619 6.559021 4.513401
v -7.384365 3.687271 5.087427
v -6.653652 3.93782 5.574062
v -6.654133 3.612656 5.087427
v -7.31908 4.005814 5.574062
v -7.939884 4.197586 5.574062
v -8.065624 3.89772 5.087427
v -8.511784 4.505966 5.574061
v -8.693226 4.236145 5.087427
v -8.109783 3.792435 4.513402
v -8.756939 4.141388 4.513402
v -9.013134 4.919281 5.574061
v -6.654133 3.612656 3.939377
v -7.384365 3.687271 3.939377
v -6.654308 3.498474 4.513403
v -8.065624 3.89772 3.939377
v -7.407291 3.575424 4.513402
v -6.827854 6.402466 3.939376
v -6.650486 6.059128 3.452741
v -6.649998 6.384293 3.939376
v -6.893139 6.083923 3.452741
v -7.119526 6.15387 3.452741
v -6.993778 6.45372 3.939375
v -7.328068 6.266312 3.452741
v -7.146633 6.536148 3.939375
v -7.510899 6.417038 3.452741
v -7.280628 6.646606 3.939375
v -7.66106 6.600311 3.45274
v -7.772892 6.809189 3.45274
v -7.816525 7.277863 4.971776
v -7.705654 7.063782 4.5134
v -7.725422 7.277863 4.5134
v -7.794643 7.045776 4.971298
v -7.728077 6.827835 4.971318
v -7.644238 6.862686 4.5134
v -8.923145 7.277863 3.313376
v -9.328892 6.735489 3.403434
v -9.383015 7.277863 3.403198
v -8.878231 6.82663 3.313377
v -8.464382 7.277863 3.405862
v -8.748905 6.40332 3.313379
v -9.173435 6.226791 3.403454
v -8.428623 6.917557 3.406038
v -8.075962 7.277863 3.666225
v -8.048313 6.994476 3.666729
v -7.96706 6.728455 3.666701
v -8.325344 6.579453 3.406019
v -8.158558 6.267929 3.40602
v -8.539982 6.013092 3.313379
v -8.922291 5.757675 3.403454
v -7.934597 5.994598 3.40602
v -8.259441 5.670715 3.313379
v -8.585041 5.346085 3.403454
v -7.661938 5.769821 3.40602
v -7.917904 5.38916 3.313379
v -8.174458 5.007614 3.403454
v -7.350903 5.602097 3.406021
v -7.528294 5.179077 3.313379
v -7.706104 4.755066 3.403455
v -7.013111 5.497818 3.406039
v -7.105381 5.048477 3.313379
v -6.653652 5.002213 3.313377
v -6.653652 5.461014 3.405863
v -6.653652 4.542313 3.4032
v -7.197865 4.598083 3.403435
v -7.857151 4.394867 3.663074
v -6.653652 4.151199 3.662482
v -7.276424 4.215454 3.663048
v -9.77409 7.277863 3.66248
v -9.967983 6.606262 4.052898
v -10.03616 7.277863 4.052391
v -9.711765 6.658081 3.663046
v -9.534092 6.076813 3.663074
v -9.775448 5.97644 4.052917
v -9.247066 5.540695 3.663074
v -9.464413 5.395477 4.052918
v -8.861645 5.070313 3.663074
v -9.046749 4.885757 4.052919
v -9.540798 5.344452 4.513401
v -9.111805 4.820892 4.513401
v -8.392414 4.683487 3.663074
v -8.538273 4.466568 4.052919
v -8.589535 4.390335 4.513401
v -7.958241 4.153809 4.052919
v -7.328999 3.959396 4.052901
v -10.03616 7.277863 4.974409
v -9.711765 6.658081 5.363753
v -9.77409 7.277863 5.36432
v -9.967983 6.606262 4.973902
v -10.12835 7.277863 4.5134
v -10.05803 6.588058 4.5134
v -9.860271 5.941177 4.513401
v -9.775448 5.97644 4.973883
v -9.464413 5.395477 4.973884
v -9.328892 6.735489 5.623367
v -9.383015 7.277863 5.623602
v -8.878231 6.82663 5.713423
v -8.923145 7.277863 5.713424
v -9.173435 6.226791 5.623348
v -8.428623 6.917557 5.620762
v -8.464382 7.277863 5.620938
v -8.748905 6.403336 5.713423
v -8.922291 5.757675 5.623348
v -8.325352 6.579453 5.620781
v -8.539982 6.013092 5.713423
v -8.585041 5.346085 5.623348
v -8.158558 6.267929 5.620781
v -8.259441 5.670715 5.713423
v -8.174458 5.007614 5.623348
v -7.934597 5.994598 5.620781
v -7.917904 5.38916 5.713423
v -7.706104 4.755066 5.623348
v -7.661938 5.769821 5.620782
v -7.528294 5.179077 5.713423
v -7.197865 4.598083 5.623368
v -7.350903 5.602097 5.620782
v -7.445415 6.091812 5.3601
v -7.20084 5.95993 5.3601
v -7.105381 5.048477 5.713425
v -7.013111 5.497818 5.620764
v -6.935062 5.877899 5.360073
v -6.653652 5.849457 5.360577
v -6.653652 5.461014 5.620939
v -6.653652 5.002213 5.713425
v -6.653652 4.542313 5.623603
v -8.075962 7.277863 5.360575
v -8.048313 6.994476 5.360072
v -7.96706 6.728455 5.3601
v -7.835918 6.48349 5.3601
v -7.620701 6.627274 4.971318
v -7.5452 6.677719 4.513401
v -7.659809 6.268555 5.3601
v -7.476521 6.451309 4.971319
v -7.41222 6.515411 4.513401
v -7.300983 6.306595 4.971319
v -7.816525 7.277863 4.055024
v -7.794643 7.045776 4.055502
v -7.728077 6.82782 4.055483
v -7.620701 6.627274 4.055483
v -7.835918 6.48349 3.666702
v -7.476521 6.451309 4.055483
v -6.653652 6.108917 4.971777
v -6.882999 6.131409 4.971299
v -6.653652 6.200027 4.513401
v -6.864735 6.220337 4.513401
v -7.065632 6.282364 4.513401
v -7.10075 6.198624 4.971319
v -7.250324 6.381943 4.513401
v -7.328999 3.959396 4.973904
v -6.653652 3.889114 4.974411
v -6.653652 4.151199 5.364322
v -7.276424 4.215454 5.363755
v -7.857151 4.394867 5.363729
v -7.958241 4.153809 4.973885
v -8.392414 4.683487 5.363729
v -8.538273 4.466568 4.973885
v -7.993763 4.069092 4.513402
v -8.861645 5.070313 5.363729
v -9.046749 4.885757 4.973885
v -9.247066 5.540695 5.363728
v -9.534092 6.076813 5.363728
v -6.653652 3.889114 4.052393
v -6.653652 3.796921 4.513402
v -7.347477 3.8694 4.513402
v -6.882999 6.131409 4.055502
v -6.653652 6.108917 4.055025
v -6.653652 5.849457 3.666225
v -6.935062 5.877884 3.666729
v -7.20084 5.95993 3.666702
v -7.10075 6.198624 4.055483
v -7.445415 6.091812 3.666702
v -7.300983 6.306595 4.055483
v -7.659809 6.268555 3.666702
v -11.2055 8.168274 3.939362
v -11.20533 8.054108 4.513386
v -11.05019 8.038712 4.513386
v -11.02759 8.150635 3.939362
v -10.86152 8.099884 3.939362
v -10.90536 7.994446 4.513386
v -10.70842 8.017914 3.939362
v -10.77185 7.922974 4.513386
v -11.20599 8.493439 5.574047
v -10.86697 8.946381 5.899206
v -10.96326 8.469376 5.574047
v -11.20671 8.980072 5.899206
v -10.75339 9.509064 6.013386
v -11.20757 9.554092 6.013386
v -10.54982 8.849442 5.899204
v -10.63981 10.07173 5.899206
v -11.20842 10.12813 5.899206
v -10.32941 9.379471 6.013386
v -10.25744 8.692917 5.899204
v -10.109 9.9095 5.899206
v -9.938557 9.170212 6.013387
v -10.00092 8.482727 5.899205
v -9.619671 9.647522 5.899206
v -9.595631 8.889221 6.013386
v -9.789967 8.226837 5.899205
v -9.190342 9.295731 5.899206
v -9.313618 8.54715 6.013386
v -9.632572 7.934921 5.899205
v -8.837276 8.867447 5.899205
v -9.103207 8.156921 6.013386
v -9.534687 7.618073 5.899204
v -8.573841 8.378906 5.899205
v -8.433445 9.138992 5.574047
v -8.125065 8.567093 5.574046
v -8.972347 7.733322 6.013386
v -8.410015 7.848587 5.899205
v -7.933292 7.946289 5.574046
v -7.865299 7.280869 5.574045
v -8.351933 7.280136 5.899204
v -8.925953 7.279282 6.013386
v -9.499981 7.278427 5.899204
v -11.20916 10.61476 5.574047
v -11.20964 10.93991 5.087412
v -10.47919 10.86748 5.087412
v -10.54352 10.54875 5.574047
v -9.922153 10.35883 5.574047
v -9.797306 10.65906 5.087412
v -9.349331 10.05215 5.574047
v -9.168697 10.32253 5.087412
v -9.753468 10.7645 4.513388
v -9.105267 10.41747 4.513388
v -8.846752 9.64035 5.574047
v -8.617176 9.870605 5.087412
v -8.536556 9.951477 4.513387
v -8.163616 9.320435 5.087412
v -11.20964 10.93991 3.939362
v -11.20916 10.61476 3.452727
v -10.54352 10.54875 3.452728
v -10.47919 10.86748 3.939363
v -11.20981 11.05409 4.513388
v -9.797306 10.65906 3.939363
v -9.922153 10.35883 3.452727
v -10.45659 10.9794 4.513388
v -9.168697 10.32253 3.939362
v -9.349331 10.05215 3.452727
v -8.617176 9.870621 3.939362
v -11.20757 9.554092 3.013388
v -11.20671 8.980072 3.127567
v -10.86697 8.946381 3.127567
v -10.75339 9.509064 3.013387
v -11.20842 10.12813 3.127567
v -10.32941 9.379471 3.013388
v -10.54982 8.849442 3.127567
v -10.63981 10.07173 3.127568
v -10.109 9.9095 3.127567
v -9.619671 9.647522 3.127567
v -9.938557 9.170212 3.013388
v -10.25744 8.692917 3.127567
v -9.190342 9.295731 3.127567
v -9.595631 8.889236 3.013387
v -10.00092 8.482727 3.127567
v -8.837276 8.867447 3.127567
v -9.313618 8.54715 3.013387
v -9.789967 8.226837 3.127567
v -8.573841 8.378906 3.127567
v -9.103207 8.156921 3.013387
v -9.632572 7.934937 3.127567
v -8.410015 7.848587 3.127567
v -8.972347 7.733322 3.013386
v -8.925953 7.279282 3.013386
v -8.351933 7.280136 3.127567
v -9.499981 7.278427 3.127567
v -9.534687 7.618073 3.127567
v -10.08134 7.746735 3.452726
v -9.986614 7.277695 3.452726
v -10.01141 7.520355 3.452726
v -11.20599 8.493439 3.452726
v -10.96326 8.469376 3.452726
v -10.73667 8.400116 3.452726
v -10.52778 8.288284 3.452726
v -10.34452 8.138107 3.452726
v -10.57409 7.907852 3.939361
v -10.65471 7.826981 4.513386
v -10.1938 7.955292 3.452726
v -10.46363 7.773849 3.939361
v -10.55838 7.710129 4.513386
v -10.3812 7.620987 3.939361
v -10.32994 7.455063 3.939361
v -11.2055 8.168274 5.08741
v -11.02759 8.150635 5.08741
v -10.86152 8.099884 5.087411
v -10.70842 8.017914 5.087411
v -10.31177 7.277222 3.939361
v -10.42595 7.277039 4.513386
v -10.4418 7.432144 4.513386
v -10.4865 7.576843 4.513386
v -7.61475 8.011581 3.939362
v -7.865299 7.280869 3.452726
v -7.540134 7.281357 3.939361
v -7.933292 7.946289 3.452726
v -8.125065 8.567093 3.452726
v -7.825207 8.692841 3.939362
v -8.433445 9.138992 3.452726
v -8.163616 9.320435 3.939362
v -7.719913 8.737 4.513387
v -8.068867 9.384155 4.513387
v -8.846752 9.64035 3.452726
v -7.540134 7.281357 5.087411
v -7.61475 8.011581 5.087411
v -7.425953 7.281525 4.513386
v -7.825207 8.692841 5.087412
v -7.502895 8.034515 4.513386
v -10.32994 7.455063 5.087411
v -9.986614 7.277695 5.574045
v -10.31177 7.277222 5.087411
v -10.01141 7.520355 5.574046
v -10.08134 7.746735 5.574046
v -10.3812 7.620987 5.087411
v -10.1938 7.955292 5.574046
v -10.46363 7.773849 5.087411
v -10.34452 8.138107 5.574046
v -10.57409 7.907852 5.087411
v -10.52778 8.288284 5.574047
v -10.73667 8.400116 5.574047
v -11.20534 8.443741 4.05501
v -10.99126 8.33287 4.513386
v -11.20534 8.352631 4.513386
v -10.97326 8.42186 4.055488
v -10.75531 8.355301 4.055468
v -10.79017 8.271454 4.513386
v -11.20534 9.550354 5.713409
v -10.66298 9.956116 5.623352
v -11.20534 10.01024 5.623589
v -10.75411 9.505447 5.713409
v -11.20534 9.091599 5.620926
v -10.33081 9.376114 5.713409
v -10.15427 9.800659 5.623334
v -10.84504 9.055832 5.620749
v -11.20534 8.703186 5.360561
v -10.92196 8.675537 5.360058
v -10.65593 8.594284 5.360085
v -10.50694 8.95256 5.620768
v -10.19541 8.785782 5.620768
v -9.940578 9.167206 5.713408
v -9.685154 9.5495 5.623334
v -9.922077 8.561813 5.620767
v -9.598194 8.886658 5.713408
v -9.273571 9.21225 5.623334
v -9.697292 8.289154 5.620767
v -9.316639 8.54512 5.713408
v -8.935093 8.801682 5.623333
v -9.529575 7.978119 5.620767
v -9.106556 8.155518 5.713408
v -8.682545 8.333313 5.623333
v -9.425297 7.64032 5.620749
v -8.975956 7.73259 5.713408
v -8.929691 7.280869 5.713409
v -9.388493 7.280869 5.620924
v -8.469784 7.280869 5.623587
v -8.52557 7.825073 5.623352
v -8.322338 8.484375 5.363713
v -8.078678 7.280869 5.364305
v -8.142933 7.903641 5.363739
v -11.20534 10.40131 5.364307
v -10.53374 10.5952 4.973888
v -11.20534 10.66338 4.974396
v -10.58555 10.33897 5.363741
v -10.00429 10.1613 5.363714
v -9.903927 10.40266 4.973869
v -9.468174 9.874283 5.363714
v -9.322956 10.09163 4.973869
v -8.997791 9.488861 5.363714
v -8.813236 9.673965 4.973869
v -9.271931 10.16801 4.513388
v -8.748371 9.739029 4.513387
v -8.610966 9.019638 5.363714
v -8.394047 9.165497 4.973869
v -8.317814 9.216751 4.513387
v -8.081287 8.585449 4.973869
v -7.886868 7.956207 4.973886
v -11.20534 10.66338 4.052379
v -10.58555 10.33897 3.663034
v -11.20534 10.40131 3.662468
v -10.53374 10.5952 4.052887
v -11.20534 10.75555 4.513388
v -10.51554 10.68526 4.513388
v -9.868656 10.48749 4.513388
v -9.903927 10.40266 4.052904
v -9.322956 10.09163 4.052904
v -10.66298 9.956116 3.40342
v -11.20534 10.01024 3.403186
v -10.75411 9.505447 3.313364
v -11.20534 9.550354 3.313364
v -10.15427 9.800659 3.40344
v -10.84504 9.055832 3.406025
v -11.20534 9.091599 3.405849
v -10.33081 9.376114 3.313365
v -9.685154 9.5495 3.40344
v -10.50694 8.95256 3.406006
v -9.940578 9.167206 3.313365
v -9.273571 9.212265 3.40344
v -10.19541 8.785782 3.406006
v -9.598194 8.886658 3.313364
v -8.935093 8.801682 3.40344
v -9.922077 8.561813 3.406006
v -9.316639 8.54512 3.313364
v -8.682545 8.333313 3.40344
v -9.697292 8.289154 3.406006
v -9.106556 8.155518 3.313364
v -8.52557 7.825073 3.403419
v -9.529575 7.978119 3.406006
v -10.01929 8.072632 3.666687
v -9.887417 7.828064 3.666687
v -8.975956 7.73259 3.313364
v -9.425297 7.64032 3.406024
v -9.80537 7.562271 3.666714
v -9.776936 7.280869 3.66621
v -9.388493 7.280869 3.405848
v -8.929691 7.280869 3.313362
v -8.469784 7.280869 3.403185
v -11.20534 8.703186 3.666211
v -10.92196 8.675537 3.666715
v -10.65593 8.594284 3.666687
v -10.41097 8.463135 3.666687
v -10.55475 8.247925 4.055468
v -10.60519 8.172424 4.513386
v -10.19604 8.287033 3.666687
v -10.37878 8.103745 4.055468
v -10.44289 8.039429 4.513386
v -10.23407 7.928207 4.055468
v -11.20534 8.443741 4.971764
v -10.97326 8.42186 4.971285
v -10.75531 8.355301 4.971304
v -10.55475 8.247925 4.971304
v -10.41097 8.463135 5.360085
v -10.37878 8.103745 4.971304
v -10.0364 7.280869 4.05501
v -10.05889 7.510208 4.055487
v -10.12751 7.280869 4.513386
v -10.14782 7.491943 4.513386
v -10.20984 7.692856 4.513386
v -10.1261 7.727966 4.055468
v -10.30942 7.877533 4.513386
v -7.886868 7.956207 4.052885
v -7.816593 7.280869 4.052377
v -8.078678 7.280869 3.662466
v -8.142933 7.903641 3.663033
v -8.322338 8.484375 3.663059
v -8.081287 8.585449 4.052904
v -8.610966 9.019638 3.663059
v -8.394047 9.165497 4.052904
v -7.996571 8.620987 4.513386
v -8.997791 9.488861 3.663059
v -8.813236 9.673965 4.052904
v -9.468174 9.874283 3.663059
v -10.00429 10.16132 3.66306
v -7.816593 7.280869 4.974395
v -7.7244 7.280869 4.513386
v -7.796871 7.974686 4.513386
v -10.05889 7.510208 4.971285
v -10.0364 7.280869 4.971762
v -9.776936 7.280869 5.360561
v -9.80537 7.562271 5.360058
v -9.887417 7.828064 5.360085
v -10.1261 7.727966 4.971304
v -10.01929 8.072632 5.360085
v -10.23407 7.928207 4.971304
v -10.19604 8.287033 5.360085
v -2.298618 3.790207 -0.5940361
v -2.29845 3.676041 -0.02001095
v -2.143307 3.660645 -0.02001095
v -2.120716 3.772568 -0.5940361
v -1.954639 3.721817 -0.5940361
v -1.998478 3.616379 -0.02001095
v -1.801533 3.639847 -0.5940361
v -1.864964 3.544907 -0.02001095
v -2.299107 4.115372 1.040649
v -1.960087 4.568314 1.365808
v -2.056377 4.091309 1.040649
v -2.299831 4.602005 1.365808
v -1.846516 5.130997 1.47999
v -2.300694 5.176025 1.47999
v -1.642933 4.471375 1.365808
v -1.732929 5.693665 1.365809
v -2.301548 5.750061 1.365809
v -1.422535 5.001404 1.47999
v -1.350559 4.31485 1.365808
v -1.202122 5.531433 1.365809
v -1.031681 4.792145 1.47999
v -1.094044 4.10466 1.365808
v -0.7127876 5.269455 1.365809
v -0.688755 4.511154 1.479989
v -0.883091 3.84877 1.365808
v -0.2834587 4.917664 1.365808
v -0.4067421 4.169083 1.479989
v -0.7256889 3.556854 1.365808
v 0.06960678 4.48938 1.365808
v -0.1963234 3.778854 1.479989
v -0.6278038 3.240005 1.365808
v 0.3330421 4.000839 1.365808
v 0.4734306 4.760925 1.040649
v 0.7818108 4.189026 1.040649
v -0.06546402 3.355255 1.479989
v 0.4968681 3.47052 1.365808
v 0.9735909 3.568222 1.040649
v 1.041584 2.902802 1.040648
v 0.5549507 2.902069 1.365808
v -0.0190773 2.901215 1.479989
v -0.5930977 2.90036 1.365808
v -2.302273 6.236694 1.04065
v -2.302753 6.561844 0.5540152
v -1.572308 6.48941 0.5540152
v -1.636646 6.170685 1.04065
v -1.015278 5.980759 1.04065
v -0.8904228 6.280991 0.5540152
v -0.4424477 5.674088 1.04065
v -0.2618141 5.944458 0.5540152
v -0.8465843 6.386429 -0.02000999
v -0.1983833 6.039398 -0.02000999
v 0.06013107 5.262283 1.04065
v 0.2897072 5.492538 0.5540152
v 0.370327 5.57341 -0.02000999
v 0.7432671 4.942368 0.5540147
v -2.302753 6.561844 -0.5940351
v -2.302273 6.236694 -1.080669
v -1.636646 6.170685 -1.080669
v -1.572308 6.48941 -0.5940347
v -2.302929 6.676025 -0.02000952
v -0.8904228 6.280991 -0.5940347
v -1.015278 5.980759 -1.08067
v -1.549717 6.601334 -0.02000999
v -0.2618141 5.944458 -0.5940351
v -0.4424477 5.674088 -1.08067
v 0.2897072 5.492538 -0.5940351
v -2.300694 5.176025 -1.52001
v -2.299831 4.602005 -1.405829
v -1.960087 4.568314 -1.405829
v -1.846516 5.130997 -1.52001
v -2.301548 5.750061 -1.405829
v -1.422535 5.001404 -1.52001
v -1.642933 4.471375 -1.405829
v -1.732929 5.693665 -1.405829
v -1.202122 5.531433 -1.405829
v -0.7127876 5.269455 -1.405829
v -1.031681 4.792145 -1.52001
v -1.350559 4.31485 -1.405829
v -0.2834587 4.917664 -1.405829
v -0.688755 4.511169 -1.52001
v -1.094044 4.10466 -1.405829
v 0.06960678 4.48938 -1.405829
v -0.4067421 4.169083 -1.52001
v -0.883091 3.84877 -1.40583
v 0.3330421 4.000839 -1.40583
v -0.1963234 3.778854 -1.52001
v -0.7256889 3.55687 -1.40583
v 0.4968681 3.47052 -1.40583
v -0.06546402 3.355255 -1.520011
v -0.0190773 2.901215 -1.520011
v 0.5549507 2.902069 -1.40583
v -0.5930977 2.90036 -1.40583
v -0.6278038 3.240005 -1.40583
v -1.174458 3.368668 -1.080671
v -1.079731 2.899628 -1.080671
v -1.104527 3.142288 -1.080671
v -2.299107 4.115372 -1.080671
v -2.056377 4.091309 -1.080671
v -1.829792 4.022049 -1.080671
v -1.620899 3.910217 -1.080671
v -1.437634 3.76004 -1.080671
v -1.66721 3.529785 -0.5940361
v -1.747829 3.448914 -0.02001095
v -1.286915 3.577225 -1.080671
v -1.556744 3.395782 -0.5940361
v -1.651493 3.332062 -0.02001095
v -1.474323 3.24292 -0.5940361
v -1.423061 3.076996 -0.5940361
v -2.298618 3.790207 0.5540142
v -2.120716 3.772568 0.5540142
v -1.954639 3.721817 0.5540142
v -1.801533 3.639847 0.5540142
v -1.404888 2.899155 -0.5940366
v -1.51907 2.898972 -0.02001143
v -1.534916 3.054077 -0.02001143
v -1.579617 3.198776 -0.02001095
v 1.292126 3.633514 -0.5940361
v 1.041584 2.902802 -1.080671
v 1.366741 2.90329 -0.5940366
v 0.9735909 3.568222 -1.080671
v 0.7818108 4.189026 -1.080671
v 1.081676 4.314774 -0.5940356
v 0.4734306 4.760941 -1.08067
v 0.7432671 4.942368 -0.5940356
v 1.186977 4.358932 -0.02001047
v 0.8380165 5.006088 -0.02001047
v 0.06013107 5.262283 -1.08067
v 1.366741 2.90329 0.5540137
v 1.292126 3.633514 0.5540142
v 1.480923 2.903458 -0.02001143
v 1.081676 4.314774 0.5540142
v 1.403988 3.656448 -0.02001095
v -1.423061 3.076996 0.5540137
v -1.079731 2.899628 1.040648
v -1.404888 2.899155 0.5540137
v -1.104527 3.142288 1.040649
v -1.174458 3.368668 1.040649
v -1.474323 3.24292 0.5540137
v -1.286915 3.577225 1.040649
v -1.556744 3.395782 0.5540142
v -1.437634 3.76004 1.040649
v -1.66721 3.529785 0.5540142
v -1.620899 3.910217 1.040649
v -1.829792 4.022049 1.040649
v -2.298458 4.065674 -0.4783869
v -2.084377 3.954803 -0.02001095
v -2.298458 3.974564 -0.02001095
v -2.06638 4.043793 -0.4779091
v -1.848423 3.977234 -0.4779291
v -1.883289 3.893387 -0.02001095
v -2.298458 5.172287 1.180013
v -1.756092 5.578049 1.089956
v -2.298458 5.632172 1.090191
v -1.847233 5.12738 1.180012
v -2.298458 4.713531 1.087528
v -1.423923 4.998047 1.180012
v -1.247387 5.422592 1.089937
v -1.93816 4.677765 1.087352
v -2.298458 4.325119 0.8271646
v -2.015072 4.29747 0.8266611
v -1.749043 4.216217 0.8266883
v -1.600056 4.574493 1.08737
v -1.288525 4.407715 1.08737
v -1.033695 4.789139 1.180012
v -0.7782784 5.171432 1.089937
v -1.015194 4.183746 1.08737
v -0.6913185 4.508591 1.180011
v -0.3666878 4.834183 1.089937
v -0.7904091 3.911087 1.08737
v -0.4097481 4.167053 1.180011
v -0.02820969 4.423615 1.089936
v -0.6226997 3.600052 1.087369
v -0.1996727 3.777451 1.180011
v 0.2243385 3.955246 1.089936
v -0.5184135 3.262253 1.087351
v -0.06908035 3.354523 1.180011
v -0.02280807 2.902802 1.180012
v -0.4816093 2.902802 1.087527
v 0.4370995 2.902802 1.09019
v 0.3813133 3.447006 1.089955
v 0.5845451 4.106308 0.8303165
v 0.8281975 2.902802 0.8309083
v 0.7639427 3.525574 0.8303423
v -2.298458 6.023239 0.8309097
v -1.626865 6.217133 0.4404917
v -2.298458 6.285309 0.440999
v -1.678669 5.960907 0.8303437
v -1.097416 5.783234 0.8303175
v -0.9970436 6.024597 0.4404726
v -0.5612907 5.496216 0.830317
v -0.4160805 5.713562 0.4404726
v -0.09090805 5.110794 0.8303165
v 0.093647 5.295898 0.4404726
v -0.3650475 5.789948 -0.02000999
v 0.1585045 5.360962 -0.02000999
v 0.2959175 4.641571 0.8303165
v 0.5128288 4.78743 0.4404721
v 0.5890617 4.838684 -0.02001047
v 0.8255959 4.207382 0.4404716
v 1.020016 3.57814 0.4404898
v -2.298458 6.285309 -0.4810185
v -1.678669 5.960907 -0.8703632
v -2.298458 6.023239 -0.8709297
v -1.626865 6.217133 -0.4805107
v -2.298458 6.377487 -0.02000999
v -1.608654 6.30719 -0.02000999
v -0.9617729 6.109421 -0.02000999
v -0.9970436 6.024597 -0.4804926
v -0.4160805 5.713562 -0.4804926
v -1.756092 5.578049 -1.129976
v -2.298458 5.632172 -1.130211
v -1.847233 5.12738 -1.220033
v -2.298458 5.172287 -1.220034
v -1.247387 5.422592 -1.129957
v -1.93816 4.677765 -1.127373
v -2.298458 4.713531 -1.127549
v -1.423923 4.998047 -1.220032
v -0.7782784 5.171432 -1.129957
v -1.600056 4.574493 -1.127391
v -1.033695 4.789139 -1.220032
v -0.3666878 4.834198 -1.129957
v -1.288525 4.407715 -1.127391
v -0.6913185 4.508591 -1.220033
v -0.02820969 4.423615 -1.129958
v -1.015194 4.183746 -1.127391
v -0.4097481 4.167053 -1.220033
v 0.2243385 3.955246 -1.129958
v -0.7904091 3.911087 -1.127391
v -0.1996727 3.777451 -1.220033
v 0.3813133 3.447006 -1.129977
v -0.6226997 3.600052 -1.127392
v -1.112415 3.694565 -0.8667097
v -0.9805336 3.449997 -0.8667097
v -0.06908035 3.354523 -1.220034
v -0.5184135 3.262253 -1.127373
v -0.8984871 3.184204 -0.866683
v -0.8700523 2.902802 -0.8671865
v -0.4816093 2.902802 -1.12755
v -0.02280807 2.902802 -1.220035
v 0.4370995 2.902802 -1.130213
v -2.298458 4.325119 -0.8671856
v -2.015072 4.29747 -0.8666821
v -1.749043 4.216217 -0.8667097
v -1.504078 4.085068 -0.8667097
v -1.647869 3.869858 -0.4779291
v -1.698307 3.794357 -0.02001095
v -1.289158 3.908966 -0.8667097
v -1.471897 3.725677 -0.4779291
v -1.536015 3.661362 -0.02001095
v -1.32719 3.55014 -0.4779291
v -2.298458 4.065674 0.4383655
v -2.06638 4.043793 0.4378877
v -1.848423 3.977234 0.4379072
v -1.647869 3.869858 0.4379072
v -1.504078 4.085068 0.8266883
v -1.471897 3.725677 0.4379072
v -1.129513 2.902802 -0.4783874
v -1.152004 3.132141 -0.47791
v -1.220623 2.902802 -0.02001143
v -1.24094 3.113876 -0.02001143
v -1.302959 3.314789 -0.02001095
v -1.219227 3.349899 -0.4779291
v -1.402546 3.499466 -0.02001095
v 1.020016 3.57814 -0.4805121
v 1.090282 2.902802 -0.4810205
v 0.8281975 2.902802 -0.8709307
v 0.7639427 3.525574 -0.8703647
v 0.5845451 4.106308 -0.8703375
v 0.8255959 4.207382 -0.4804935
v 0.2959175 4.641571 -0.8703375
v 0.5128288 4.78743 -0.4804931
v 0.9103127 4.24292 -0.02001095
v -0.09090805 5.110794 -0.8703375
v 0.093647 5.295898 -0.4804926
v -0.5612907 5.496216 -0.8703375
v -1.097416 5.783249 -0.8703365
v 1.090282 2.902802 0.4409976
v 1.182476 2.902802 -0.02001143
v 1.110012 3.596619 -0.02001095
v -1.152004 3.132141 0.4378872
v -1.129513 2.902802 0.438365
v -0.8700523 2.902802 0.8271637
v -0.8984871 3.184204 0.8266606
v -0.9805336 3.449997 0.8266878
v -1.219227 3.349899 0.4379067
v -1.112415 3.694565 0.8266878
v -1.32719 3.55014 0.4379067
v -1.289158 3.908966 0.8266883
v -11.20378 10.1244 5.89921
v -16.19558 10.1244 5.899208
v -16.19646 10.61104 5.574049
v -11.20467 10.61104 5.574051
v -16.1978 10.93619 5.087414
v -11.206 10.93619 5.087416
v -16.19936 11.05037 4.51339
v -11.20757 11.05037 4.513391
v -16.20093 10.93619 3.939363
v -11.20914 10.93619 3.939365
v -11.206 8.164551 5.087416
v -16.1978 8.164551 5.087414
v -16.19646 8.489716 5.574049
v -11.20467 8.489716 5.574051
v -16.19558 8.976349 5.899208
v -11.20378 8.976349 5.89921
v -16.19526 9.550369 6.01339
v -11.20346 9.550369 6.01339
v -11.21135 8.976349 3.127572
v -16.20315 8.976349 3.127569
v -16.20227 8.489716 3.452728
v -11.21047 8.489716 3.45273
v -16.20093 8.164551 3.939363
v -11.20914 8.164551 3.939365
v -16.19936 8.050369 4.51339
v -11.20757 8.050369 4.513391
v -11.21136 10.1244 3.127572
v -16.20346 9.550369 3.01339
v -11.21167 9.550369 3.013391
v -16.20315 10.1244 3.127569
v -11.21047 10.61104 3.45273
v -16.20227 10.61104 3.452728
v -11.20378 10.00961 5.622038
v -16.19646 10.39888 5.361944
v -16.19558 10.00957 5.622051
v -11.20467 10.39893 5.361891
v -16.1978 10.65901 4.972656
v -11.206 10.65904 4.972563
v -16.19936 10.75037 4.513445
v -11.20757 10.75037 4.513335
v -16.20093 10.65904 4.054216
v -11.20914 10.65901 4.054124
v -11.206 8.441696 4.972563
v -16.19646 8.701874 5.361944
v -16.1978 8.441742 4.972656
v -11.20467 8.701813 5.361891
v -16.19558 9.091171 5.622051
v -11.20378 9.091141 5.622038
v -16.19526 9.550369 5.713388
v -11.20346 9.550369 5.71339
v -11.21136 9.091171 3.404728
v -16.20227 8.701813 3.664888
v -16.20315 9.091125 3.404743
v -11.21047 8.701874 3.664835
v -16.20093 8.441696 4.054216
v -11.20914 8.441742 4.054124
v -16.19936 8.350372 4.513445
v -11.20757 8.350372 4.513335
v -11.21136 10.00957 3.404728
v -11.21167 9.550369 3.313392
v -16.20346 9.550369 3.313389
v -16.20316 10.00961 3.404743
v -11.21047 10.39888 3.664835
v -16.20227 10.39893 3.664888
v -5.31052 3.775772 2.490129
v -5.395298 4.408157 2.490098
v -5.091244 4.062119 2.490129
v -5.707462 4.227509 2.490098
v -5.543781 4.844208 2.490009
v -5.90131 4.796753 2.490009
v -5.51408 5.303879 2.489876
v -5.862568 5.396866 2.489876
v -5.310734 5.717194 2.489719
v -5.597111 5.936447 2.489719
v -4.96471 6.021225 2.489562
v -5.145382 6.333389 2.489562
v -4.528675 6.169693 2.489429
v -4.57613 6.527237 2.489429
v -4.069027 6.139999 2.48934
v -3.976032 6.488495 2.48934
v -3.655727 5.936676 2.489309
v -3.436436 6.223053 2.489309
v -3.351688 5.590683 2.48934
v -3.039494 5.771317 2.48934
v -3.203205 5.154663 2.489429
v -2.845646 5.202057 2.489429
v -3.232861 4.695007 2.489562
v -2.884396 4.601959 2.489562
v -3.436169 4.281677 2.489719
v -3.149837 4.062363 2.489719
v -3.782185 3.977615 2.489876
v -3.601574 3.665421 2.489876
v -4.21822 3.829117 2.490009
v -4.170826 3.471573 2.490009
v -4.677906 3.85878 2.490098
v -4.770924 3.51033 2.490098
v -5.310528 3.775757 1.99095
v -4.677937 3.85881 1.990919
v -5.091236 4.062134 1.99095
v -4.770939 3.510315 1.990919
v -4.218281 3.829117 1.99083
v -4.170834 3.471573 1.99083
v -3.782253 3.977585 1.990697
v -3.601582 3.665421 1.990697
v -3.436222 4.281616 1.99054
v -3.149845 4.062363 1.99054
v -3.232883 4.694931 1.990383
v -2.884403 4.601944 1.990383
v -3.203182 5.154602 1.99025
v -2.845654 5.202057 1.99025
v -3.351665 5.590652 1.99016
v -3.039501 5.771301 1.99016
v -3.65572 5.936691 1.990129
v -3.436443 6.223038 1.990129
v -4.069057 6.14003 1.99016
v -3.976032 6.48848 1.99016
v -4.528744 6.169693 1.99025
v -4.576138 6.527237 1.99025
v -4.964779 6.021194 1.990383
v -5.14539 6.333374 1.990383
v -5.310795 5.717133 1.99054
v -5.597126 5.936447 1.99054
v -5.514103 5.303802 1.990697
v -5.862568 5.396851 1.990697
v -5.543758 4.844147 1.99083
v -5.901318 4.796753 1.99083
v -5.395267 4.408127 1.990919
v -5.707462 4.227493 1.990919
v -3.692883 5.888168 2.05007
v -4.08482 6.080963 2.050101
v -4.084789 6.080963 2.429399
v -3.692883 5.888168 2.429368
v -3.404568 5.560043 2.050101
v -3.404583 5.560074 2.429399
v -3.263775 5.146576 2.05019
v -3.263783 5.146622 2.429489
v -3.291927 4.710693 2.050323
v -3.291912 4.710754 2.429622
v -3.484745 4.318771 2.05048
v -3.484699 4.318832 2.429779
v -3.812855 4.030487 2.050637
v -3.812794 4.030518 2.429935
v -4.226315 3.889694 2.05077
v -4.226261 3.889709 2.430069
v -4.662174 3.917847 2.050859
v -4.662144 3.917847 2.430158
v -5.455051 5.28804 2.050637
v -5.483189 4.852234 2.430069
v -5.455036 5.288116 2.429935
v -5.483181 4.852188 2.05077
v -5.342396 4.438766 2.430158
v -5.342381 4.438736 2.050859
v -5.054081 4.110641 2.430189
v -5.054081 4.110641 2.05089
v -4.520649 6.109116 2.429489
v -4.520702 6.1091 2.05019
v -4.934101 5.968323 2.429622
v -4.934162 5.968292 2.050323
v -5.262218 5.680038 2.429779
v -5.262264 5.679977 2.05048
v -2.823826 4.585785 2.050323
v -2.823826 4.585785 2.429622
v -2.783497 5.210297 2.429489
v -2.783497 5.210297 2.05019
v -2.985233 5.802704 2.429399
v -2.985233 5.802704 2.050101
v -3.398319 6.272812 2.429368
v -3.398319 6.272812 2.05007
v -3.959866 6.549057 2.429399
v -3.959866 6.549057 2.050101
v -3.100071 4.024246 2.05048
v -3.100071 4.024246 2.429779
v -3.570179 3.61116 2.050637
v -3.570179 3.61116 2.429935
v -4.162586 3.409424 2.05077
v -4.162586 3.409424 2.430069
v -4.787098 3.449753 2.050859
v -4.787098 3.449753 2.430158
v -5.761723 4.196106 2.050859
v -5.348644 3.725998 2.430189
v -5.348644 3.725998 2.05089
v -5.761723 4.196106 2.430158
v -5.963459 4.788513 2.05077
v -5.963459 4.788513 2.430069
v -5.923138 5.413025 2.050637
v -5.923138 5.413025 2.429935
v -5.646893 5.974564 2.05048
v -5.646893 5.974564 2.429779
v -5.176785 6.38765 2.050323
v -5.176785 6.38765 2.429622
v -4.584377 6.589386 2.05019
v -4.584377 6.589386 2.429489
v -16.45346 9.550369 6.0546
v -16.45343 9.098572 5.604065
v -16.45346 9.550369 5.693935
v -16.45343 8.960571 5.937281
v -16.45335 8.715576 5.348137
v -16.45335 8.460571 5.603188
v -16.45321 8.459671 4.965124
v -16.45321 8.12648 5.10318
v -16.45306 8.369827 4.513344
v -16.45306 8.009155 4.513382
v -16.4529 8.459717 4.061579
v -16.4529 8.12648 3.923586
v -16.45277 8.715622 3.678604
v -16.45277 8.460571 3.423582
v -16.45268 9.098618 3.422712
v -16.45268 8.960571 3.089489
v -16.45265 9.550369 3.332857
v -16.45265 9.550369 2.972172
v -16.45268 10.00212 3.422712
v -16.45268 10.14017 3.089489
v -16.45277 10.38512 3.678604
v -16.45277 10.64017 3.423582
v -16.4529 10.64102 4.061579
v -16.4529 10.97426 3.923586
v -16.45306 10.73091 4.513344
v -16.45306 11.09158 4.513382
v -16.45321 10.64107 4.965124
v -16.45321 10.97427 5.10318
v -16.45335 10.38516 5.348137
v -16.45335 10.64017 5.603188
v -16.45343 10.00217 5.604065
v -16.45343 10.14017 5.937281
v -15.95429 9.550369 6.054607
v -15.95426 10.00212 5.604065
v -15.95429 9.550369 5.69392
v -15.95426 10.14017 5.93729
v -15.95417 10.38512 5.348175
v -15.95417 10.64017 5.603199
v -15.95404 10.64102 4.965199
v -15.95404 10.97426 5.103193
v -15.95388 10.73091 4.513433
v -15.95388 11.09158 4.513397
v -15.95372 10.64107 4.061653
v -15.95372 10.97427 3.923599
v -15.95359 10.38516 3.678642
v -15.95359 10.64017 3.423594
v -15.9535 10.00217 3.422714
v -15.9535 10.14017 3.0895
v -15.95346 9.550369 3.332844
v -15.95346 9.550369 2.972181
v -15.9535 9.098572 3.422714
v -15.9535 8.960571 3.0895
v -15.95359 8.715576 3.678642
v -15.95359 8.460571 3.423594
v -15.95372 8.459671 4.061653
v -15.95372 8.12648 3.923599
v -15.95388 8.369827 4.513433
v -15.95388 8.009155 4.513397
v -15.95404 8.459717 4.965199
v -15.95404 8.12648 5.103193
v -15.95417 8.715622 5.348175
v -15.95417 8.460571 5.603199
v -15.95426 9.098618 5.604065
v -15.95426 8.960571 5.93729
v -16.01341 9.550369 3.393965
v -16.01344 9.121964 3.479183
v -16.39273 9.121994 3.47917
v -16.3927 9.550369 3.393965
v -16.01344 9.978775 3.479183
v -16.39273 9.978745 3.47917
v -16.01353 10.34195 3.721857
v -16.39283 10.3419 3.721817
v -16.01366 10.58459 4.085037
v -16.39296 10.58456 4.08497
v -16.01382 10.6698 4.513428
v -16.39312 10.6698 4.51335
v -16.01397 10.58456 4.941807
v -16.39328 10.58459 4.94174
v -16.01411 10.3419 5.304962
v -16.39341 10.34195 5.304922
v -16.01419 9.978745 5.547607
v -16.3935 9.978775 5.547596
v -16.01397 8.516174 4.941807
v -16.39341 8.758804 5.304922
v -16.39328 8.516144 4.94174
v -16.01411 8.758835 5.304962
v -16.3935 9.121964 5.547596
v -16.01419 9.121994 5.547607
v -16.39353 9.550369 5.632813
v -16.01423 9.550369 5.632813
v -16.39283 8.758835 3.721817
v -16.01353 8.758804 3.721857
v -16.39296 8.516174 4.08497
v -16.01366 8.516144 4.085037
v -16.39312 8.430939 4.51335
v -16.01382 8.430939 4.513428
v -16.01366 11.03218 3.899601
v -16.39296 11.03218 3.899601
v -16.39283 10.68451 3.379257
v -16.01353 10.68451 3.379257
v -16.39273 10.16415 3.031574
v -16.01344 10.16415 3.031574
v -16.3927 9.550369 2.909485
v -16.01341 9.550369 2.909485
v -16.39273 8.936584 3.031574
v -16.01344 8.936584 3.031574
v -16.01382 11.15428 4.51339
v -16.39312 11.15428 4.51339
v -16.01397 11.03218 5.127178
v -16.39328 11.03218 5.127178
v -16.01411 10.68451 5.647522
v -16.39341 10.68451 5.647522
v -16.01419 10.16415 5.995205
v -16.3935 10.16415 5.995205
v -16.01419 8.936584 5.995205
v -16.39353 9.550369 6.117296
v -16.01423 9.550369 6.117296
v -16.3935 8.936584 5.995205
v -16.01411 8.416229 5.647522
v -16.39341 8.416229 5.647522
v -16.01397 8.068558 5.127178
v -16.39328 8.068558 5.127178
v -16.01382 7.946457 4.51339
v -16.39312 7.946457 4.51339
v -16.01366 8.068558 3.899601
v -16.39296 8.068558 3.899601
v -16.01353 8.416229 3.379257
v -16.39283 8.416229 3.379257
v -6.906986 4.999405 6.054599
v -6.906956 4.547607 5.604064
v -6.906986 4.999405 5.693934
v -6.906956 4.409607 5.937281
v -6.906864 4.164612 5.348137
v -6.906864 3.909607 5.603187
v -6.906727 3.908707 4.965124
v -6.906727 3.575516 5.10318
v -6.906574 3.818863 4.513345
v -6.906574 3.458191 4.513383
v -6.906414 3.908752 4.061579
v -6.906414 3.575516 3.923586
v -6.906284 4.164658 3.678603
v -6.906284 3.909607 3.423582
v -6.906193 4.547653 3.422712
v -6.906193 4.409607 3.089489
v -6.906162 4.999405 3.332857
v -6.906162 4.999405 2.972172
v -6.906193 5.451157 3.422712
v -6.906193 5.589203 3.089489
v -6.906284 5.834152 3.678603
v -6.906284 6.089203 3.423582
v -6.906414 6.090057 4.061579
v -6.906414 6.423294 3.923586
v -6.906574 6.179947 4.513345
v -6.906574 6.540619 4.513383
v -6.906727 6.090103 4.965124
v -6.906727 6.423309 5.10318
v -6.906864 5.834198 5.348137
v -6.906864 6.089203 5.603187
v -6.906956 5.451202 5.604064
v -6.906956 5.589203 5.937281
v -6.407803 4.999405 6.054608
v -6.407772 5.451157 5.604065
v -6.407803 4.999405 5.693921
v -6.407772 5.589203 5.93729
v -6.407681 5.834152 5.348175
v -6.407681 6.089203 5.603199
v -6.407551 6.090057 4.965199
v -6.407551 6.423294 5.103193
v -6.407391 6.179947 4.513433
v -6.407391 6.540619 4.513397
v -6.407238 6.090103 4.061653
v -6.407238 6.423309 3.923599
v -6.407101 5.834198 3.678641
v -6.407101 6.089203 3.423594
v -6.407017 5.451202 3.422714
v -6.407017 5.589203 3.089499
v -6.406986 4.999405 3.332844
v -6.406986 4.999405 2.972181
v -6.407017 4.547607 3.422714
v -6.407017 4.409607 3.089499
v -6.407101 4.164612 3.678641
v -6.407101 3.909607 3.423594
v -6.407238 3.908707 4.061653
v -6.407238 3.575516 3.923599
v -6.407391 3.818863 4.513433
v -6.407391 3.458191 4.513397
v -6.407551 3.908752 4.965199
v -6.407551 3.575516 5.103193
v -6.407681 4.164658 5.348175
v -6.407681 3.909607 5.603199
v -6.407772 4.547653 5.604065
v -6.407772 4.409607 5.93729
v -6.466923 4.999405 3.393965
v -6.466953 4.570999 3.479182
v -6.846256 4.57103 3.479171
v -6.846226 4.999405 3.393965
v -6.466953 5.427811 3.479182
v -6.846256 5.42778 3.479171
v -6.467045 5.790985 3.721857
v -6.84634 5.790939 3.721817
v -6.467175 6.03363 4.085037
v -6.846478 6.0336 4.08497
v -6.467335 6.118835 4.513429
v -6.84663 6.118835 4.51335
v -6.467487 6.0336 4.941808
v -6.84679 6.03363 4.94174
v -6.467625 5.790939 5.304961
v -6.84692 5.790985 5.304922
v -6.467716 5.42778 5.547607
v -6.847012 5.427811 5.547596
v -6.467487 3.96521 4.941808
v -6.84692 4.20784 5.304922
v -6.84679 3.965179 4.94174
v -6.467625 4.20787 5.304961
v -6.847012 4.570999 5.547596
v -6.467716 4.57103 5.547607
v -6.847042 4.999405 5.632813
v -6.467747 4.999405 5.632813
v -6.84634 4.20787 3.721817
v -6.467045 4.20784 3.721857
v -6.846478 3.96521 4.08497
v -6.467175 3.965179 4.085037
v -6.84663 3.879974 4.51335
v -6.467335 3.879974 4.513429
v -6.467175 6.481216 3.899601
v -6.846478 6.481216 3.899602
v -6.84634 6.133545 3.379257
v -6.467045 6.133545 3.379257
v -6.846256 5.61319 3.031574
v -6.466953 5.61319 3.031574
v -6.846226 4.999405 2.909484
v -6.466923 4.999405 2.909484
v -6.846256 4.38562 3.031574
v -6.466953 4.38562 3.031574
v -6.467335 6.603317 4.51339
v -6.84663 6.603317 4.51339
v -6.467487 6.481216 5.127178
v -6.84679 6.481216 5.127178
v -6.467625 6.133545 5.647523
v -6.84692 6.133545 5.647523
v -6.467716 5.61319 5.995206
v -6.847012 5.61319 5.995206
v -6.467716 4.38562 5.995206
v -6.847042 4.999405 6.117296
v -6.467747 4.999405 6.117296
v -6.847012 4.38562 5.995206
v -6.467625 3.865265 5.647523
v -6.84692 3.865265 5.647523
v -6.467487 3.517593 5.127178
v -6.84679 3.517593 5.127178
v -6.467335 3.395493 4.51339
v -6.84663 3.395493 4.51339
v -6.467175 3.517593 3.899601
v -6.846478 3.517593 3.899602
v -6.467045 3.865265 3.379257
v -6.84634 3.865265 3.379257
v -2.490002 5.13501 1.518209
v -2.489971 4.683212 1.067675
v -2.490002 5.13501 1.157545
v -2.489971 4.545212 1.400891
v -2.48988 4.300217 0.8117476
v -2.48988 4.045212 1.066797
v -2.48975 4.044312 0.4287353
v -2.48975 3.711121 0.5667911
v -2.48959 3.954468 -0.02304459
v -2.48959 3.593796 -0.02300644
v -2.489437 4.044357 -0.4748101
v -2.489437 3.711121 -0.6128035
v -2.4893 4.300262 -0.8577862
v -2.4893 4.045212 -1.112808
v -2.489216 4.683258 -1.113677
v -2.489216 4.545212 -1.4469
v -2.489185 5.13501 -1.203532
v -2.489185 5.13501 -1.564218
v -2.489216 5.586761 -1.113677
v -2.489216 5.724808 -1.4469
v -2.4893 5.969757 -0.8577862
v -2.4893 6.224808 -1.112808
v -2.489437 6.225662 -0.4748101
v -2.489437 6.558899 -0.6128035
v -2.48959 6.315552 -0.02304459
v -2.48959 6.676224 -0.02300644
v -2.48975 6.225708 0.4287353
v -2.48975 6.558914 0.5667911
v -2.48988 5.969803 0.811748
v -2.48988 6.224808 1.066797
v -2.489971 5.586807 1.067675
v -2.489971 5.724808 1.400891
v -1.990818 5.13501 1.518219
v -1.990788 5.586761 1.067676
v -1.990818 5.13501 1.157532
v -1.990788 5.724808 1.400901
v -1.990704 5.969757 0.8117857
v -1.990704 6.224808 1.066809
v -1.990566 6.225662 0.4288096
v -1.990566 6.558899 0.5668044
v -1.990414 6.315552 -0.02295542
v -1.990414 6.676224 -0.02299213
v -1.990253 6.225708 -0.4747357
v -1.990253 6.558914 -0.6127896
v -1.990124 5.969803 -0.857748
v -1.990124 6.224808 -1.112796
v -1.990032 5.586807 -1.113675
v -1.990032 5.724808 -1.44689
v -1.990002 5.13501 -1.203546
v -1.990002 5.13501 -1.564209
v -1.990032 4.683212 -1.113675
v -1.990032 4.545212 -1.44689
v -1.990124 4.300217 -0.857748
v -1.990124 4.045212 -1.112796
v -1.990253 4.044312 -0.4747357
v -1.990253 3.711121 -0.6127896
v -1.990414 3.954468 -0.02295542
v -1.990414 3.593796 -0.02299213
v -1.990566 4.044357 0.4288096
v -1.990566 3.711121 0.5668044
v -1.990704 4.300262 0.8117857
v -1.990704 4.045212 1.066809
v -1.990788 4.683258 1.067676
v -1.990788 4.545212 1.400901
v -2.049946 5.13501 -1.142425
v -2.049976 4.706604 -1.057207
v -2.429272 4.706635 -1.057219
v -2.429241 5.13501 -1.142424
v -2.049976 5.563416 -1.057207
v -2.429272 5.563385 -1.057219
v -2.05006 5.92659 -0.8145328
v -2.429363 5.926544 -0.8145723
v -2.050198 6.169235 -0.4513516
v -2.429493 6.169205 -0.4514189
v -2.05035 6.25444 -0.02296114
v -2.429653 6.25444 -0.02303934
v -2.05051 6.169205 0.4054184
v -2.429806 6.169235 0.4053512
v -2.05064 5.926544 0.7685719
v -2.429943 5.92659 0.7685323
v -2.050732 5.563385 1.011218
v -2.430027 5.563416 1.011207
v -2.05051 4.100815 0.4054184
v -2.429943 4.343445 0.7685323
v -2.429806 4.100784 0.4053512
v -2.05064 4.343475 0.7685719
v -2.430027 4.706604 1.011207
v -2.050732 4.706635 1.011218
v -2.430058 5.13501 1.096424
v -2.050762 5.13501 1.096423
v -2.429363 4.343475 -0.8145723
v -2.05006 4.343445 -0.8145328
v -2.429493 4.100815 -0.4514189
v -2.050198 4.100784 -0.4513516
v -2.429653 4.015579 -0.02303934
v -2.05035 4.015579 -0.02296114
v -2.050198 6.616821 -0.6367879
v -2.429493 6.616821 -0.6367874
v -2.429363 6.26915 -1.157132
v -2.05006 6.26915 -1.157132
v -2.429272 5.748795 -1.504815
v -2.049976 5.748795 -1.504815
v -2.429241 5.13501 -1.626905
v -2.049946 5.13501 -1.626905
v -2.429272 4.521225 -1.504815
v -2.049976 4.521225 -1.504815
v -2.05035 6.738922 -0.02299929
v -2.429653 6.738922 -0.02299929
v -2.05051 6.616821 0.5907888
v -2.429806 6.616821 0.5907893
v -2.05064 6.26915 1.111134
v -2.429943 6.26915 1.111134
v -2.050732 5.748795 1.458817
v -2.430027 5.748795 1.458817
v -2.050732 4.521225 1.458817
v -2.430058 5.13501 1.580907
v -2.050762 5.13501 1.580907
v -2.430027 4.521225 1.458817
v -2.05064 4.00087 1.111134
v -2.429943 4.00087 1.111134
v -2.05051 3.653198 0.5907888
v -2.429806 3.653198 0.5907893
v -2.05035 3.531097 -0.02299929
v -2.429653 3.531097 -0.02299929
v -2.050198 3.653198 -0.6367879
v -2.429493 3.653198 -0.6367874
v -2.05006 4.00087 -1.157132
v -2.429363 4.00087 -1.157132
v -0.02400589 0.05000305 1.532209
v -0.4757881 0.04997253 1.081675
v -0.02400589 0.05000305 1.171545
v -0.6138039 0.04997253 1.414891
v -0.858799 0.04988098 0.825748
v -1.113804 0.04988098 1.080797
v -1.114697 0.04974365 0.4427352
v -1.447895 0.04974365 0.580791
v -1.20454 0.04959106 -0.009044647
v -1.56522 0.04959106 -0.0090065
v -1.114658 0.04943848 -0.4608102
v -1.447895 0.04943848 -0.5988035
v -0.8587379 0.04930115 -0.8437862
v -1.113804 0.04930115 -1.098808
v -0.4757576 0.04920959 -1.099677
v -0.6137962 0.04920959 -1.4329
v -0.02400589 0.04917908 -1.189533
v -0.02400589 0.04917908 -1.550218
v 0.4277534 0.04920959 -1.099677
v 0.5657921 0.04920959 -1.4329
v 0.8107414 0.04930115 -0.8437862
v 1.0658 0.04930115 -1.098808
v 1.066662 0.04943848 -0.4608102
v 1.399891 0.04943848 -0.5988035
v 1.156536 0.04959106 -0.009044647
v 1.517208 0.04959106 -0.0090065
v 1.066692 0.04974365 0.4427352
v 1.399899 0.04974365 0.580791
v 0.8107872 0.04988098 0.825748
v 1.065807 0.04988098 1.080797
v 0.4277916 0.04997253 1.081675
v 0.5657921 0.04997253 1.414891
v -0.02400589 -0.449173 1.532219
v 0.4277534 -0.4492035 1.081676
v -0.02400589 -0.449173 1.171532
v 0.5657921 -0.4492035 1.414902
v 0.8107414 -0.449295 0.8257856
v 1.0658 -0.449295 1.08081
v 1.066662 -0.4494324 0.4428096
v 1.399891 -0.4494324 0.5808043
v 1.156536 -0.449585 -0.008955479
v 1.517208 -0.449585 -0.008992195
v 1.066692 -0.4497375 -0.4607358
v 1.399899 -0.4497375 -0.5987897
v 0.8107872 -0.4498749 -0.8437481
v 1.065807 -0.4498749 -1.098796
v 0.4277916 -0.4499664 -1.099675
v 0.5657921 -0.4499664 -1.43289
v -0.02400589 -0.4499969 -1.189546
v -0.02400589 -0.4499969 -1.550209
v -0.4757881 -0.4499664 -1.099675
v -0.6138039 -0.4499664 -1.43289
v -0.858799 -0.4498749 -0.8437481
v -1.113804 -0.4498749 -1.098796
v -1.114697 -0.4497375 -0.4607358
v -1.447895 -0.4497375 -0.5987897
v -1.20454 -0.449585 -0.008955479
v -1.56522 -0.449585 -0.008992195
v -1.114658 -0.4494324 0.4428096
v -1.447895 -0.4494324 0.5808043
v -0.8587379 -0.449295 0.8257856
v -1.113804 -0.449295 1.08081
v -0.4757576 -0.4492035 1.081676
v -0.6137962 -0.4492035 1.414902
v -0.02400589 -0.3900604 -1.128425
v -0.4523964 -0.3900299 -1.043207
v -0.4523735 -0.01072693 -1.043219
v -0.02400589 -0.01075745 -1.128425
v 0.4043999 -0.3900299 -1.043207
v 0.4043694 -0.01072693 -1.043219
v 0.7675743 -0.3899384 -0.8005328
v 0.7675285 -0.01063538 -0.8005724
v 1.010227 -0.389801 -0.4373517
v 1.010197 -0.01049805 -0.4374189
v 1.095425 -0.3896484 -0.008961201
v 1.095425 -0.01034546 -0.009039402
v 1.010197 -0.3894958 0.4194183
v 1.010227 -0.01019287 0.4193511
v 0.7675285 -0.3893585 0.7825718
v 0.7675743 -0.01005554 0.7825322
v 0.4043694 -0.389267 1.025218
v 0.4043999 -0.009963989 1.025207
v -1.058201 -0.3894958 0.4194183
v -0.8155708 -0.01005554 0.7825322
v -1.058231 -0.01019287 0.4193511
v -0.8155327 -0.3893585 0.7825718
v -0.4523964 -0.009963989 1.025207
v -0.4523735 -0.389267 1.025218
v -0.02400589 -0.009933472 1.110424
v -0.02400589 -0.3892365 1.110424
v -0.8155327 -0.01063538 -0.8005724
v -0.8155708 -0.3899384 -0.8005328
v -1.058201 -0.01049805 -0.4374189
v -1.058231 -0.389801 -0.4373517
v -1.143421 -0.01034546 -0.009039402
v -1.143421 -0.3896484 -0.008961201
v 1.457813 -0.389801 -0.622788
v 1.457813 -0.01049805 -0.622788
v 1.110134 -0.01063538 -1.143132
v 1.110134 -0.3899384 -1.143132
v 0.5897865 -0.01072693 -1.490815
v 0.5897865 -0.3900299 -1.490815
v -0.02400589 -0.01075745 -1.612906
v -0.02400589 -0.3900604 -1.612906
v -0.6377907 -0.01072693 -1.490815
v -0.6377907 -0.3900299 -1.490815
v 1.579906 -0.3896484 -0.008999348
v 1.579906 -0.01034546 -0.008999348
v 1.457813 -0.3894958 0.6047888
v 1.457813 -0.01019287 0.6047893
v 1.110134 -0.3893585 1.125134
v 1.110134 -0.01005554 1.125134
v 0.5897865 -0.389267 1.472816
v 0.5897865 -0.009963989 1.472816
v -0.6377907 -0.389267 1.472816
v -0.02400589 -0.009933472 1.594907
v -0.02400589 -0.3892365 1.594907
v -0.6377907 -0.009963989 1.472816
v -1.158131 -0.3893585 1.125134
v -1.158131 -0.01005554 1.125134
v -1.505817 -0.3894958 0.6047888
v -1.505817 -0.01019287 0.6047893
v -1.627911 -0.3896484 -0.008999348
v -1.627911 -0.01034546 -0.008999348
v -1.505817 -0.389801 -0.622788
v -1.505817 -0.01049805 -0.622788
v -1.158131 -0.3899384 -1.143132
v -1.158131 -0.01063538 -1.143132
v -0.02400589 3.090012 1.532209
v -0.4757881 3.089981 1.081675
v -0.02400589 3.090012 1.171545
v -0.6138039 3.089981 1.414891
v -0.858799 3.08989 0.825748
v -1.113804 3.08989 1.080797
v -1.114697 3.089752 0.4427352
v -1.447895 3.089752 0.580791
v -1.20454 3.0896 -0.009044647
v -1.56522 3.0896 -0.0090065
v -1.114658 3.089447 -0.4608102
v -1.447895 3.089447 -0.5988035
v -0.8587379 3.08931 -0.8437862
v -1.113804 3.08931 -1.098808
v -0.4757576 3.089218 -1.099677
v -0.6137962 3.089218 -1.4329
v -0.02400589 3.089188 -1.189533
v -0.02400589 3.089188 -1.550218
v 0.4277534 3.089218 -1.099677
v 0.5657921 3.089218 -1.4329
v 0.8107414 3.08931 -0.8437862
v 1.0658 3.08931 -1.098808
v 1.066662 3.089447 -0.4608102
v 1.399891 3.089447 -0.5988035
v 1.156536 3.0896 -0.009044647
v 1.517208 3.0896 -0.0090065
v 1.066692 3.089752 0.4427352
v 1.399899 3.089752 0.580791
v 0.8107872 3.08989 0.825748
v 1.065807 3.08989 1.080797
v 0.4277916 3.089981 1.081675
v 0.5657921 3.089981 1.414891
v -0.02400589 2.590836 1.532219
v 0.4277534 2.590805 1.081676
v -0.02400589 2.590836 1.171532
v 0.5657921 2.590805 1.414902
v 0.8107414 2.590714 0.8257856
v 1.0658 2.590714 1.08081
v 1.066662 2.590576 0.4428096
v 1.399891 2.590576 0.5808043
v 1.156536 2.590424 -0.008955479
v 1.517208 2.590424 -0.008992195
v 1.066692 2.590271 -0.4607358
v 1.399899 2.590271 -0.5987897
v 0.8107872 2.590134 -0.8437481
v 1.065807 2.590134 -1.098796
v 0.4277916 2.590042 -1.099675
v 0.5657921 2.590042 -1.43289
v -0.02400589 2.590012 -1.189546
v -0.02400589 2.590012 -1.550209
v -0.4757881 2.590042 -1.099675
v -0.6138039 2.590042 -1.43289
v -0.858799 2.590134 -0.8437481
v -1.113804 2.590134 -1.098796
v -1.114697 2.590271 -0.4607358
v -1.447895 2.590271 -0.5987897
v -1.20454 2.590424 -0.008955479
v -1.56522 2.590424 -0.008992195
v -1.114658 2.590576 0.4428096
v -1.447895 2.590576 0.5808043
v -0.8587379 2.590714 0.8257856
v -1.113804 2.590714 1.08081
v -0.4757576 2.590805 1.081676
v -0.6137962 2.590805 1.414902
v -0.02400589 2.649948 -1.128425
v -0.4523964 2.649979 -1.043207
v -0.4523735 3.029282 -1.043219
v -0.02400589 3.029251 -1.128425
v 0.4043999 2.649979 -1.043207
v 0.4043694 3.029282 -1.043219
v 0.7675743 2.65007 -0.8005328
v 0.7675285 3.029373 -0.8005724
v 1.010227 2.650208 -0.4373517
v 1.010197 3.02951 -0.4374189
v 1.095425 2.65036 -0.008961201
v 1.095425 3.029663 -0.009039402
v 1.010197 2.650513 0.4194183
v 1.010227 3.029816 0.4193511
v 0.7675285 2.65065 0.7825718
v 0.7675743 3.029953 0.7825322
v 0.4043694 2.650742 1.025218
v 0.4043999 3.030045 1.025207
v -1.058201 2.650513 0.4194183
v -0.8155708 3.029953 0.7825322
v -1.058231 3.029816 0.4193511
v -0.8155327 2.65065 0.7825718
v -0.4523964 3.030045 1.025207
v -0.4523735 2.650742 1.025218
v -0.02400589 3.030075 1.110424
v -0.02400589 2.650772 1.110424
v -0.8155327 3.029373 -0.8005724
v -0.8155708 2.65007 -0.8005328
v -1.058201 3.02951 -0.4374189
v -1.058231 2.650208 -0.4373517
v -1.143421 3.029663 -0.009039402
v -1.143421 2.65036 -0.008961201
v 1.457813 2.650208 -0.622788
v 1.457813 3.02951 -0.622788
v 1.110134 3.029373 -1.143132
v 1.110134 2.65007 -1.143132
v 0.5897865 3.029282 -1.490815
v 0.5897865 2.649979 -1.490815
v -0.02400589 3.029251 -1.612906
v -0.02400589 2.649948 -1.612906
v -0.6377907 3.029282 -1.490815
v -0.6377907 2.649979 -1.490815
v 1.579906 2.65036 -0.008999348
v 1.579906 3.029663 -0.008999348
v 1.457813 2.650513 0.6047888
v 1.457813 3.029816 0.6047893
v 1.110134 2.65065 1.125134
v 1.110134 3.029953 1.125134
v 0.5897865 2.650742 1.472816
v 0.5897865 3.030045 1.472816
v -0.6377907 2.650742 1.472816
v -0.02400589 3.030075 1.594907
v -0.02400589 2.650772 1.594907
v -0.6377907 3.030045 1.472816
v -1.158131 2.65065 1.125134
v -1.158131 3.029953 1.125134
v -1.505817 2.650513 0.6047888
v -1.505817 3.029816 0.6047893
v -1.627911 2.65036 -0.008999348
v -1.627911 3.029663 -0.008999348
v -1.505817 2.650208 -0.622788
v -1.505817 3.02951 -0.622788
v -1.158131 2.65007 -1.143132
v -1.158131 3.029373 -1.143132
v -10.95757 9.554092 6.0546
v -10.9576 10.00589 5.604065
v -10.95757 9.554092 5.693935
v -10.9576 10.14389 5.937281
v -10.95769 10.38889 5.348137
v -10.95769 10.64389 5.603188
v -10.95782 10.64479 4.965124
v -10.95782 10.97798 5.10318
v -10.95798 10.73463 4.513345
v -10.95798 11.09531 4.513383
v -10.95813 10.64474 4.061579
v -10.95813 10.97798 3.923586
v -10.95827 10.38884 3.678603
v -10.95827 10.64389 3.423581
v -10.95836 10.00584 3.422712
v -10.95836 10.14389 3.089489
v -10.95839 9.554092 3.332857
v -10.95839 9.554092 2.972172
v -10.95836 9.102341 3.422712
v -10.95836 8.964294 3.089489
v -10.95827 8.719345 3.678603
v -10.95827 8.464294 3.423581
v -10.95813 8.46344 4.061579
v -10.95813 8.130203 3.923586
v -10.95798 8.37355 4.513345
v -10.95798 8.012878 4.513383
v -10.95782 8.463394 4.965124
v -10.95782 8.130188 5.10318
v -10.95769 8.719299 5.348137
v -10.95769 8.464294 5.603188
v -10.9576 9.102295 5.604065
v -10.9576 8.964294 5.937281
v -11.45675 9.554092 6.054607
v -11.45678 9.102341 5.604065
v -11.45675 9.554092 5.69392
v -11.45678 8.964294 5.93729
v -11.45687 8.719345 5.348175
v -11.45687 8.464294 5.603199
v -11.457 8.46344 4.965199
v -11.457 8.130203 5.103193
v -11.45716 8.37355 4.513433
v -11.45716 8.012878 4.513397
v -11.45732 8.463394 4.061653
v -11.45732 8.130188 3.923599
v -11.45745 8.719299 3.678641
v -11.45745 8.464294 3.423594
v -11.45754 9.102295 3.422714
v -11.45754 8.964294 3.089499
v -11.45757 9.554092 3.332844
v -11.45757 9.554092 2.972181
v -11.45754 10.00589 3.422714
v -11.45754 10.14389 3.089499
v -11.45745 10.38889 3.678641
v -11.45745 10.64389 3.423594
v -11.45732 10.64479 4.061653
v -11.45732 10.97798 3.923599
v -11.45716 10.73463 4.513433
v -11.45716 11.09531 4.513397
v -11.457 10.64474 4.965199
v -11.457 10.97798 5.103193
v -11.45687 10.38884 5.348175
v -11.45687 10.64389 5.603199
v -11.45678 10.00584 5.604065
v -11.45678 10.14389 5.93729
v -11.39763 9.554092 3.393965
v -11.3976 9.982498 3.479182
v -11.0183 9.982468 3.47917
v -11.01833 9.554092 3.393965
v -11.39759 9.125687 3.479182
v -11.0183 9.125717 3.47917
v -11.39751 8.762512 3.721857
v -11.01821 8.762558 3.721817
v -11.39737 8.519867 4.085037
v -11.01808 8.519897 4.08497
v -11.39722 8.434662 4.513429
v -11.01792 8.434662 4.51335
v -11.39706 8.519897 4.941807
v -11.01777 8.519867 4.94174
v -11.39693 8.762558 5.304962
v -11.01763 8.762512 5.304922
v -11.39684 9.125717 5.547607
v -11.01754 9.125687 5.547596
v -11.39706 10.58829 4.941807
v -11.01763 10.34566 5.304922
v -11.01777 10.58832 4.94174
v -11.39693 10.34563 5.304962
v -11.01754 9.982498 5.547596
v -11.39684 9.982468 5.547607
v -11.01751 9.554092 5.632813
v -11.39681 9.554092 5.632813
v -11.01821 10.34563 3.721817
v -11.39751 10.34566 3.721857
v -11.01808 10.58829 4.08497
v -11.39737 10.58832 4.085037
v -11.01792 10.67352 4.51335
v -11.39722 10.67352 4.513429
v -11.39737 8.072281 3.899601
v -11.01808 8.072281 3.899602
v -11.01821 8.419952 3.379257
v -11.39751 8.419952 3.379257
v -11.0183 8.940308 3.031574
v -11.39759 8.940308 3.031574
v -11.01833 9.554092 2.909484
v -11.39763 9.554092 2.909484
v -11.0183 10.16788 3.031574
v -11.3976 10.16788 3.031574
v -11.39722 7.95018 4.51339
v -11.01792 7.95018 4.51339
v -11.39706 8.072281 5.127178
v -11.01777 8.072281 5.127178
v -11.39693 8.419952 5.647522
v -11.01763 8.419952 5.647522
v -11.39684 8.940308 5.995205
v -11.01754 8.940308 5.995205
v -11.39684 10.16788 5.995205
v -11.01751 9.554092 6.117296
v -11.39681 9.554092 6.117296
v -11.01754 10.16788 5.995205
v -11.39693 10.68823 5.647522
v -11.01763 10.68823 5.647522
v -11.39706 11.0359 5.127178
v -11.01777 11.0359 5.127178
v -11.39722 11.158 4.51339
v -11.01792 11.158 4.51339
v -11.39737 11.0359 3.899601
v -11.01808 11.0359 3.899602
v -11.39751 10.68823 3.379257
v -11.01821 10.68823 3.379257
v -8.926884 7.530075 6.054599
v -9.378674 7.530045 5.604064
v -8.926884 7.530075 5.693934
v -9.516682 7.530045 5.937281
v -9.761677 7.529953 5.348137
v -10.01668 7.529953 5.603187
v -10.01757 7.529816 4.965124
v -10.35078 7.529816 5.10318
v -10.10742 7.529663 4.513345
v -10.4681 7.529663 4.513383
v -10.01754 7.52951 4.061579
v -10.35077 7.52951 3.923586
v -9.761623 7.529373 3.678603
v -10.01668 7.529373 3.423581
v -9.378635 7.529282 3.422712
v -9.516682 7.529282 3.089489
v -8.926884 7.529251 3.332857
v -8.926884 7.529251 2.972172
v -8.475124 7.529282 3.422712
v -8.337086 7.529282 3.089489
v -8.092136 7.529373 3.678603
v -7.837078 7.529373 3.423581
v -7.836224 7.52951 4.061579
v -7.502987 7.52951 3.923586
v -7.746342 7.529663 4.513345
v -7.38567 7.529663 4.513383
v -7.836185 7.529816 4.965124
v -7.502987 7.529816 5.10318
v -8.092091 7.529953 5.348137
v -7.837078 7.529953 5.603187
v -8.475086 7.530045 5.604064
v -8.337086 7.530045 5.937281
v -8.926884 7.030899 6.054608
v -8.475124 7.030869 5.604066
v -8.926884 7.030899 5.693921
v -8.337086 7.030869 5.937291
v -8.092136 7.030777 5.348175
v -7.837078 7.030777 5.603199
v -7.836224 7.03064 4.965199
v -7.502987 7.03064 5.103193
v -7.746342 7.030487 4.513433
v -7.38567 7.030487 4.513397
v -7.836185 7.030334 4.061653
v -7.502987 7.030334 3.923599
v -8.092091 7.030197 3.678641
v -7.837078 7.030197 3.423594
v -8.475086 7.030106 3.422714
v -8.337086 7.030106 3.089499
v -8.926884 7.030075 3.332844
v -8.926884 7.030075 2.972181
v -9.378674 7.030106 3.422714
v -9.516682 7.030106 3.089499
v -9.761677 7.030197 3.678641
v -10.01668 7.030197 3.423594
v -10.01757 7.030334 4.061653
v -10.35078 7.030334 3.923599
v -10.10742 7.030487 4.513433
v -10.4681 7.030487 4.513397
v -10.01754 7.03064 4.965199
v -10.35077 7.03064 5.103193
v -9.761623 7.030777 5.348175
v -10.01668 7.030777 5.603199
v -9.378635 7.030869 5.604066
v -9.516682 7.030869 5.937291
v -8.926884 7.090012 3.393965
v -9.355282 7.090042 3.479182
v -9.355251 7.469345 3.47917
v -8.926884 7.469315 3.393965
v -8.498478 7.090042 3.479182
v -8.498508 7.469345 3.47917
v -8.135311 7.090134 3.721857
v -8.135349 7.469437 3.721817
v -7.892658 7.090271 4.085037
v -7.892681 7.469574 4.08497
v -7.807453 7.090424 4.513429
v -7.807453 7.469727 4.51335
v -7.892681 7.090576 4.941808
v -7.892658 7.469879 4.94174
v -8.135349 7.090714 5.304961
v -8.135311 7.470016 5.304922
v -8.498508 7.090805 5.547607
v -8.498478 7.470108 5.547596
v -9.961079 7.090576 4.941808
v -9.718449 7.470016 5.304922
v -9.961109 7.469879 4.94174
v -9.718418 7.090714 5.304961
v -9.355282 7.470108 5.547596
v -9.355251 7.090805 5.547607
v -8.926884 7.470139 5.632813
v -8.926884 7.090836 5.632813
v -9.718418 7.469437 3.721817
v -9.718449 7.090134 3.721857
v -9.961079 7.469574 4.08497
v -9.961109 7.090271 4.085037
v -10.04631 7.469727 4.51335
v -10.04631 7.090424 4.513429
v -7.445065 7.090271 3.899601
v -7.445065 7.469574 3.899602
v -7.792751 7.469437 3.379257
v -7.792751 7.090134 3.379257
v -8.313091 7.469345 3.031574
v -8.313091 7.090042 3.031574
v -8.926884 7.469315 2.909484
v -8.926884 7.090012 2.909484
v -9.540668 7.469345 3.031574
v -9.540668 7.090042 3.031574
v -7.322971 7.090424 4.51339
v -7.322971 7.469727 4.51339
v -7.445065 7.090576 5.127178
v -7.445065 7.469879 5.127178
v -7.792744 7.090714 5.647523
v -7.792751 7.470016 5.647523
v -8.313091 7.090805 5.995206
v -8.313091 7.470108 5.995206
v -9.540668 7.090805 5.995206
v -8.926884 7.470139 6.117296
v -8.926884 7.090836 6.117296
v -9.540668 7.470108 5.995206
v -10.06102 7.090714 5.647523
v -10.06102 7.470016 5.647523
v -10.4087 7.090576 5.127178
v -10.4087 7.469879 5.127178
v -10.53079 7.090424 4.51339
v -10.53079 7.469727 4.51339
v -10.4087 7.090271 3.899601
v -10.4087 7.469574 3.899602
v -10.06102 7.090134 3.379257
v -10.06102 7.469437 3.379257

vt 0.700198 0.203671
vt 0.700643 0.203671
vt 0.701088 0.203671
vt 0.699308 0.203671
vt 0.69953 0.203671
vt 0.698418 0.203671
vt 0.69864 0.203671
vt 0.701533 0.203671
vt 0.698418 0.201891
vt 0.698195 0.202118
vt 0.698418 0.20256
vt 0.70131 0.201891
vt 0.701088 0.202118
vt 0.700865 0.202118
vt 0.700865 0.201891
vt 0.701088 0.20256
vt 0.700865 0.20256
vt 0.701088 0.203002
vt 0.700865 0.203002
vt 0.70042 0.203002
vt 0.70042 0.201891
vt 0.700198 0.202118
vt 0.70042 0.20256
vt 0.699975 0.202339
vt 0.699975 0.20256
vt 0.699753 0.201891
vt 0.699085 0.201891
vt 0.698863 0.201891
vt 0.698863 0.202118
vt 0.699085 0.202118
vt 0.699308 0.20256
vt 0.698863 0.20256
vt 0.699308 0.203002
vt 0.698863 0.203002
vt 0.698418 0.203002
vt 0.701533 0.201891
vt 0.701533 0.202118
vt 0.701755 0.20256
vt 0.699753 0.203443
vt 0.701533 0.203443
vt 0.875377 0.236225
vt 0.874932 0.236225
vt 0.874487 0.236225
vt 0.87382 0.236225
vt 0.873375 0.236225
vt 0.87293 0.236225
vt 0.872485 0.236225
vt 0.871817 0.236225
vt 0.875155 0.296683
vt 0.874932 0.296683
vt 0.874487 0.296683
vt 0.87382 0.296683
vt 0.873375 0.296683
vt 0.87293 0.296683
vt 0.872485 0.296683
vt 0.871817 0.296683

vn -0.3826835 3.1833E-07 -0.9238795
vn -0.7071066 3.095849E-07 -0.7071069
vn -0.9238795 2.489109E-07 -0.3826835
vn -1 1.533583E-07 0
vn -0.9238795 9.554567E-09 0.3826835
vn 0.9238795 -4.526526E-08 -0.3826835
vn 0.7071067 8.161405E-08 -0.7071068
vn 0.3826835 1.964783E-07 -0.9238795
vn 2.278964E-08 3.075724E-07 -1
vn 0.3826833 -3.55102E-07 0.9238796
vn 0.7071068 -3.37729E-07 0.7071068
vn 0.9238795 -2.785348E-07 0.3826835
vn 1 -1.583065E-07 3.798273E-08
vn -0.3826832 -2.232999E-07 0.9238796
vn -7.596546E-08 -2.876715E-07 1
vn -0.7071067 -1.125764E-07 0.7071068
vn 0.0006051834 -0.9999998 0.0002166792
vn -1.435122E-05 -1 3.099041E-05
vn 0.000911814 -0.9999993 0.0007861184
vn 0.0008229181 -0.9999991 0.001058403
vn 0.0004893704 -0.9999985 0.001695098
vn -0.0008333497 -0.9999984 0.00157568
vn -0.0007695023 -0.9999992 0.0009571367
vn -0.001047883 -0.999999 0.0008900642
vn -0.0005835241 -0.9999998 0.0003375689
vn -1.405258E-05 1 -3.059119E-05
vn -0.0007138692 0.9999997 -0.0002531717
vn -0.001048755 0.999999 -0.0008897005
vn -0.0007703348 0.9999992 -0.0009565951
vn -0.0008335339 0.9999984 -0.001575586
vn -0.0004625689 0.9999987 -0.001526047
vn 0.0007267008 0.9999987 -0.00140516
vn 0.000912481 0.9999993 -0.0007860198
vn 0.0006085575 0.9999998 -0.0003722584
vn 0.9476531 -0.3059906 0.09123296
vn 0.9919002 0.07997251 0.09868301
vn 0.97734 0.07879753 0.1964626
vn 0.9336615 -0.308769 0.1814884
vn 0.8810165 -0.3130144 0.354728
vn 0.92036 0.0742053 0.3839675
vn 0.796445 -0.3198326 0.513208
vn 0.8288131 0.06682214 0.555521
vn 0.6463186 0.7598538 0.06995947
vn 0.2996436 0.9510864 0.07515509
vn 0.6341252 0.7606542 0.1388903
vn 0.306901 0.9509853 0.03793228
vn -0.08036213 0.9967657 -9.145101E-06
vn 0.2778433 0.9493293 0.146891
vn -0.4481423 0.8907974 -0.07515641
vn -0.4552923 0.8895344 -0.03791331
vn 0.2428193 0.946502 0.212539
vn -0.4263473 0.8925531 -0.146891
vn 0.1957977 0.9427149 0.2700962
vn -0.3913264 0.895375 -0.2125258
vn 0.1385324 0.9380977 0.317461
vn -0.3442888 0.8991695 -0.27011
vn 0.07322375 0.9328304 0.352797
vn -0.2870273 0.9037862 -0.3174676
vn 0.001782575 0.927073 0.3748767
vn -0.2217148 0.9090542 -0.3527933
vn -0.4500601 0.6732487 -0.5866704
vn -0.329351 0.6829777 -0.6519735
vn -0.1502747 0.9148133 -0.3748786
vn -0.1973308 0.6936231 -0.6927825
vn -0.1285115 0.6973863 -0.7050795
vn -0.1131252 0.9171247 -0.3822106
vn -0.03527356 0.9234002 0.3822143
vn -0.7597061 0.6464946 -0.06993824
vn -0.9476502 0.3059997 -0.09123204
vn -0.9336617 0.3087716 -0.1814824
vn -0.7477939 0.6492425 -0.1388831
vn -0.7075089 0.65249 -0.2714553
vn -0.8810208 0.3130139 -0.3547177
vn -0.642786 0.657706 -0.3927454
vn -0.796441 0.3198312 -0.5132152
vn -0.9203598 -0.07420999 -0.3839668
vn -0.8288096 -0.06682519 -0.5555258
vn -0.5558735 0.6647118 -0.4991622
vn -0.6828686 0.3289879 -0.652271
vn -0.7058721 -0.05690942 -0.7060495
vn -0.5445995 0.3401338 -0.7666293
vn -0.8863853 -0.4538683 -0.09123982
vn -0.6463166 -0.7598565 -0.06994872
vn -0.6341245 -0.7606559 -0.1388838
vn -0.8721301 -0.4543673 -0.1814923
vn -0.9919004 -0.07996435 -0.0986872
vn -0.8194945 -0.4501144 -0.3547193
vn -0.5938458 -0.7574042 -0.2714517
vn -0.9773421 -0.07879782 -0.1964517
vn -0.7349194 -0.4432929 -0.5132103
vn -0.5291203 -0.7521852 -0.3927455
vn -0.6213415 -0.4341392 -0.6522714
vn 0.0803692 -0.9967651 9.75868E-06
vn 0.455286 -0.8895375 0.03791656
vn 0.4481466 -0.8907956 0.07515231
vn -0.3068995 -0.9509863 -0.03791758
vn 0.4263502 -0.8925508 0.1468966
vn -0.2996432 -0.9510865 -0.07515643
vn -0.2778549 -0.9493264 -0.1468878
vn -0.2428304 -0.9465026 -0.2125238
vn 0.3913276 -0.8953729 0.2125325
vn -0.1957886 -0.9427113 -0.2701153
vn 0.3443011 -0.8991651 0.2701091
vn -0.1385282 -0.9380965 -0.3174663
vn 0.2870341 -0.9037832 0.3174701
vn -0.07321789 -0.9328296 -0.3528003
vn 0.2217139 -0.9090495 0.3528058
vn -0.00177368 -0.9270694 -0.3748856
vn 0.03526615 -0.9233979 -0.3822205
vn 0.1131272 -0.9171221 0.3822163
vn 0.1502787 -0.9148118 0.3748809
vn 0.3293436 -0.6829785 0.6519764
vn 0.1285066 -0.6973868 0.70508
vn 0.19733 -0.6936255 0.6927804
vn 0.7597029 -0.6465003 0.06992058
vn 0.7477931 -0.6492454 0.1388735
vn 0.7075098 -0.6524882 0.2714573
vn 0.6427894 -0.6577038 0.3927435
vn 0.5558736 -0.6647128 0.4991607
vn 0.6828703 -0.3289899 0.6522681
vn 0.705869 0.05690619 0.7060528
vn 0.4500545 -0.6732461 0.5866777
vn 0.5445904 -0.3401408 0.7666326
vn 0.556201 0.04484282 0.8298371
vn 0.38687 -0.3528535 0.8519542
vn 0.214367 -0.366763 0.9052799
vn 0.886386 0.4538668 0.09124029
vn 0.8721331 0.4543636 0.1814867
vn 0.8194931 0.4501154 0.3547214
vn 0.734908 0.4432909 0.5132283
vn 0.1243118 -0.3723766 0.9197186
vn 0.101325 0.00816744 0.9948198
vn 0.1987324 0.01602169 0.9799228
vn 0.3854729 0.03108048 0.9221956
vn -0.1528296 -0.3963673 -0.9052823
vn -0.01512662 -0.7089717 -0.7050747
vn -0.0630428 -0.3874789 -0.9197204
vn -0.083659 -0.7162808 -0.6927792
vn -0.2156782 -0.7269219 -0.651972
vn -0.3253466 -0.4102716 -0.8519546
vn -0.3363898 -0.73665 -0.5866759
vn -0.4830759 -0.4229873 -0.7666286
vn -0.3854695 -0.03107648 -0.9221971
vn -0.5562011 -0.04484314 -0.829837
vn -0.442203 -0.7451785 -0.4991648
vn -0.1243081 0.3723764 -0.9197192
vn -0.214358 0.3667629 -0.9052821
vn -0.1013239 -0.008167334 -0.9948199
vn -0.3868697 0.3528485 -0.8519564
vn -0.1987326 -0.01602126 -0.9799228
vn 0.1528253 0.3963683 0.9052826
vn 0.01511654 0.7089662 0.7050804
vn 0.06303332 0.3874849 0.9197186
vn 0.08366482 0.716278 0.6927814
vn 0.2156925 0.7269169 0.6519728
vn 0.3253484 0.4102724 0.8519536
vn 0.3363958 0.736649 0.5866738
vn 0.4830867 0.4229904 0.76662
vn 0.4422038 0.7451795 0.4991627
vn 0.621351 0.4341397 0.652262
vn 0.5291117 0.7521868 0.3927542
vn 0.5938399 0.7574053 0.2714615
vn -0.9482846 0.3056468 -0.08565199
vn -0.9779884 -0.07874963 -0.1932283
vn -0.9925233 -0.07982084 -0.09233798
vn -0.9343938 0.3078442 -0.1792766
vn -0.8813713 0.311926 -0.3548053
vn 0.07747962 -0.9969939 -0.0001558257
vn 0.4456894 -0.8920475 0.07491442
vn 0.4523454 -0.8910137 0.0384479
vn 0.07751275 -0.9969912 -0.0005044538
vn -0.3089059 -0.9503401 -0.03782683
vn 0.07768008 -0.9969777 -0.001120325
vn 0.4241529 -0.893751 0.1459566
vn -0.3021573 -0.9502893 -0.0751749
vn -0.6474394 -0.7590615 -0.06817642
vn -0.6358833 -0.7594205 -0.1375966
vn -0.5953452 -0.7560354 -0.2719826
vn -0.280246 -0.9484746 -0.1478447
vn -0.2449904 -0.9456294 -0.2139269
vn 0.07795425 -0.9969556 -0.001614652
vn 0.38937 -0.8965492 0.2111648
vn -0.1976518 -0.9418177 -0.2718699
vn 0.07830665 -0.9969272 -0.002049943
vn 0.3426425 -0.9003182 0.2683715
vn -0.1400135 -0.9371687 -0.319548
vn 0.07874385 -0.996892 -0.002425592
vn 0.2857496 -0.904904 0.3154299
vn -0.0742623 -0.9318659 -0.355121
vn 0.07922955 -0.9968528 -0.002685035
vn 0.2208457 -0.910136 0.3505418
vn -0.002214982 -0.9260703 -0.3773447
vn 0.07982806 -0.9968042 -0.002959857
vn 0.0801686 -0.9967764 -0.003116241
vn 0.03582102 -0.9224831 -0.3843718
vn 0.1133227 -0.9184027 0.3790705
vn 0.1502196 -0.9158951 0.3722503
vn 0.3289332 -0.6844451 0.6506441
vn 0.1295976 -0.6993023 0.70298
vn 0.1979142 -0.6951078 0.6911259
vn 0.7576914 -0.6486821 0.07152107
vn 0.9330744 -0.3099287 0.1825276
vn 0.9468785 -0.307653 0.0936518
vn 0.7462851 -0.6508877 0.1392976
vn 0.7062979 -0.654019 0.2709288
vn 0.8807092 -0.3140408 0.3545837
vn 0.6417154 -0.6592201 0.3919568
vn 0.7961782 -0.3208574 0.5129824
vn 0.55498 -0.6662142 0.4981525
vn 0.6826552 -0.3300123 0.6519769
vn 0.4493777 -0.6747225 0.5854991
vn 0.544448 -0.3411544 0.7662833
vn 0.3868169 -0.3538685 0.8515573
vn 0.2153882 -0.3677348 0.904643
vn 0.8854418 0.455266 0.09341086
vn 0.6323206 0.7620447 0.1394937
vn 0.6439874 0.7617216 0.07113681
vn 0.8713747 0.4553504 0.1826528
vn 0.9916419 0.07985767 0.1013364
vn 0.9770781 0.07873125 0.1977871
vn 0.8190225 0.4510811 0.3545813
vn 0.7344887 0.4442716 0.5129807
vn 0.2969055 0.9519515 0.07506941
vn 0.3035938 0.9520392 0.03810633
vn -0.0833248 0.9965223 -0.0005186331
vn -0.08347157 0.9965101 -0.0001605649
vn 0.2754956 0.9501582 0.14595
vn -0.4505112 0.8895729 -0.07549555
vn -0.4573365 0.8885159 -0.03718477
vn -0.08303583 0.9965459 -0.001128
vn 0.2407118 0.9473486 0.2111598
vn -0.4285737 0.8913273 -0.1478523
vn -0.08277632 0.9965669 -0.001612242
vn 0.1939728 0.9435846 0.2683703
vn -0.393324 0.8941681 -0.2139149
vn -0.08240683 0.9965967 -0.002056217
vn 0.1370931 0.9389938 0.3154302
vn -0.3459638 0.897989 -0.2718911
vn -0.08197176 0.9966317 -0.002415723
vn 0.07220298 0.9337629 0.3505332
vn -0.288343 0.9026321 -0.3195523
vn -0.0814857 0.9966709 -0.002687774
vn 0.001393371 0.9280876 0.3723592
vn -0.2226005 0.9079307 -0.355121
vn -0.4507636 0.671693 -0.5879122
vn -0.3297778 0.6814479 -0.653357
vn -0.08089724 0.9967183 -0.00286131
vn -0.1502712 0.9138053 -0.3773306
vn -0.1961358 0.6923285 -0.6944149
vn -0.1269386 0.696566 -0.7061746
vn -0.1129946 0.9163 -0.384222
vn -0.03495866 0.9246492 0.3792119
vn -0.760735 0.6456029 -0.06692676
vn -0.749202 0.6477611 -0.1382102
vn -0.7087768 0.650893 -0.2719812
vn -0.6438978 0.6561257 -0.3935665
vn -0.7967234 0.3187499 -0.5134494
vn -0.5567914 0.6631463 -0.5002202
vn -0.6830887 0.3279088 -0.6525838
vn -0.5447576 0.3390578 -0.7669934
vn -0.8871043 -0.4533423 -0.08675699
vn -0.8731781 -0.4534579 -0.1787065
vn -0.8200154 -0.4490978 -0.3548039
vn -0.7353631 -0.4422714 -0.513456
vn -0.5304662 -0.7508036 -0.3935726
vn -0.6217299 -0.4331055 -0.6525884
vn -0.1204297 0.3720694 -0.9203592
vn -0.2118832 0.3659639 -0.9061875
vn -0.0958234 -0.007901685 -0.995367
vn -0.1959251 -0.01588288 -0.9804902
vn -0.3868806 0.3517914 -0.8523885
vn 0.153576 0.3975435 0.90464
vn 0.06489276 0.3891849 0.918871
vn 0.01624559 0.7110337 0.7029703
vn 0.08381367 0.7178115 0.6911743
vn 0.2150376 0.7282959 0.6506488
vn 0.325134 0.4112627 0.8515579
vn 0.3354785 0.7380017 0.5854977
vn 0.4827597 0.4239705 0.7662846
vn 0.4410805 0.7465197 0.498153
vn 0.6209692 0.4351111 0.6519781
vn 0.5278179 0.7535138 0.3919506
vn 0.5923993 0.7587241 0.2709259
vn 0.1261806 -0.3736679 0.91894
vn 0.1034828 0.008429063 0.9945955
vn 0.1998264 0.01615259 0.9796982
vn -0.1510061 -0.3953301 -0.9060416
vn -0.05822401 -0.3867325 -0.920352
vn -0.01258223 -0.7078852 -0.7062154
vn -0.08323696 -0.7148609 -0.6942949
vn -0.2163364 -0.7254831 -0.6533551
vn -0.325523 -0.4092226 -0.8523917
vn -0.3373323 -0.7352389 -0.5879036
vn -0.4834054 -0.4219547 -0.7669899
vn -0.4433642 -0.7437838 -0.5002138
vn 0.9966896 0.08030575 -0.01267989
vn 0.9970609 0.0757525 -0.01145264
vn 0.9970288 0.07621926 -0.01114792
vn 0.9973122 0.07283279 -0.007976547
vn 0.9972409 0.07382857 -0.007738824
vn 0.997362 0.07249133 -0.003760186
vn 0.9972637 0.07382116 -0.003940303
vn 0.9972271 0.0744172 -0.0005337157
vn 0.9971315 0.07567801 -0.00124192
vn 0.997008 0.07729564 0.0007070441
vn 0.9969423 0.07814065 -0.0003340304
vn 0.9968238 0.0796386 0.0001036707
vn 0.9967977 0.07995895 -0.0008793815
vn 0.9967487 0.080564 -0.001243108
vn 0.9967488 0.08055187 -0.001808025
vn 0.9967719 0.08025974 -0.002059544
vn 0.996811 0.07978093 -0.001673754
vn 0.9967732 0.08025766 -0.001362038
vn 0.9967727 0.08027432 -0.0004952643
vn 0.9966905 0.08129026 -0.0002477765
vn 0.9966152 0.08220748 0.0002885706
vn 0.9965035 0.08355079 0.0001133112
vn 0.9963886 0.08490837 -0.0005220388
vn 0.9962784 0.08618467 -0.00123592
vn 0.9962021 0.08700708 -0.003331578
vn 0.9961225 0.08786782 -0.004384511
vn 0.9961731 0.08708933 -0.007384312
vn 0.996137 0.08741326 -0.00836763
vn 0.9963543 0.08459442 -0.01103835
vn 0.996349 0.0845833 -0.01159526
vn -0.00034956 0.0002209306 0.9999999
vn -0.0006944835 0.0006703114 0.9999995
vn -0.001149579 0.001358593 0.9999984
vn -0.001473117 0.002348726 0.9999962
vn -0.001427687 0.003730932 0.999992
vn -0.00135301 0.005093031 0.9999861
vn -4.327637E-05 0.006729687 0.9999774
vn 0.0005790304 0.008080617 0.9999672
vn 0.00340471 0.00895643 0.9999541
vn 0.004409558 0.009917789 0.9999411
vn 0.00816455 0.008964523 0.9999265
vn 0.009160073 0.009379694 0.9999141
vn 0.01255798 0.006118476 0.9999024
vn 0.01314978 0.00615355 0.9998946
vn 0.01478398 0.001082974 0.9998901
vn 0.01386296 -0.004394021 0.9998943
vn 0.01349863 -0.003921509 0.9999012
vn 0.01019701 -0.008338064 0.9999133
vn 0.009854078 -0.007303507 0.9999248
vn 0.005339487 -0.009540255 0.9999402
vn 0.005409037 -0.008134285 0.9999523
vn 0.001149054 -0.008095677 0.9999666
vn 0.001771013 -0.006724361 0.9999758
vn -0.001148114 -0.005200867 0.9999858
vn -0.0001564204 -0.00424233 0.999991
vn -0.001464695 -0.00239125 0.9999961
vn -0.0004964942 -0.00198303 0.9999979
vn -0.0007123387 -0.0006919123 0.9999995
vn -0.0001438167 -0.0006570043 0.9999998
vn -0.09122948 0.3811652 -0.9199947
vn -0.09867968 2.44562E-06 -0.9951193
vn -0.1964546 3.041524E-06 -0.9805129
vn -0.1814846 0.382806 -0.9058272
vn -0.3547216 0.3828034 -0.8530148
vn -0.3839687 2.758746E-06 -0.9233461
vn -0.513209 0.3828029 -0.7681656
vn -0.5555217 2.270338E-06 -0.831502
vn -0.06993932 -0.7054634 -0.7052871
vn -0.07515011 -0.9239321 -0.3751025
vn -0.1388816 -0.7072432 -0.6931947
vn -0.03791476 -0.9232494 -0.3823256
vn -0.1468893 -0.923931 -0.3532351
vn 0.07514945 -0.9239326 0.3751016
vn 0.03791371 -0.9232497 0.3823253
vn -0.212521 -0.9239311 -0.3180979
vn 0.1468895 -0.9239311 0.3532347
vn -0.270106 -0.9239309 -0.2709141
vn 0.2125209 -0.9239311 0.3180979
vn -0.3174627 -0.9239308 -0.2134697
vn 0.2701066 -0.9239306 0.2709146
vn -0.3527931 -0.9239314 -0.1479454
vn 0.3174626 -0.9239304 0.2134714
vn -0.3748769 -0.923932 -0.07627001
vn 0.3527973 -0.9239303 0.1479421
vn 0.5866728 -0.7072396 0.3944961
vn 0.6519702 -0.7072386 0.2734017
vn 0.3748761 -0.9239323 0.07626917
vn 0.6927755 -0.7072446 0.1409507
vn 0.7050751 -0.7054633 0.07204609
vn 0.382211 -0.9232492 0.03905829
vn -0.3822103 -0.9232498 -0.0390516
vn 0.06994034 -0.7054633 0.705287
vn 0.0912315 -0.381162 0.9199958
vn 0.1814853 -0.3828035 0.9058281
vn 0.1388811 -0.707244 0.6931941
vn 0.2714536 -0.7072409 0.6527811
vn 0.3547206 -0.3828003 0.8530166
vn 0.392743 -0.7072401 0.5878472
vn 0.513213 -0.3828005 0.7681642
vn 0.3839668 2.457306E-06 0.9233469
vn 0.5555273 2.854137E-06 0.8314983
vn 0.4991585 -0.7072403 0.5006517
vn 0.6522716 -0.3828 0.6542216
vn 0.7060486 1.415621E-06 0.7081634
vn 0.7666292 -0.3828021 0.5155019
vn 0.09123148 0.3811648 0.9199947
vn 0.06994136 0.7054555 0.7052948
vn 0.1388824 0.7072365 0.6932015
vn 0.1814851 0.3828056 0.9058273
vn 0.09868143 2.331694E-06 0.9951191
vn 0.3547201 0.3828028 0.8530157
vn 0.2714569 0.7072334 0.652788
vn 0.196451 2.656084E-06 0.9805136
vn 0.5132126 0.3828023 0.7681635
vn 0.3927467 0.7072331 0.5878533
vn 0.6522699 0.3828036 0.6542212
vn -0.03791508 0.9232451 -0.3823361
vn -0.07515191 0.9239278 -0.3751129
vn 0.0379147 0.9232455 0.3823352
vn -0.1468937 0.9239267 -0.3532445
vn 0.07515159 0.9239283 0.3751115
vn 0.1468933 0.9239269 0.3532442
vn 0.2125272 0.9239266 0.3181066
vn -0.212527 0.9239269 -0.3181059
vn 0.2701133 0.9239264 0.2709224
vn -0.2701129 0.9239269 -0.2709208
vn 0.3174709 0.9239264 0.2134765
vn -0.3174702 0.9239266 -0.2134769
vn 0.3528048 0.9239267 0.1479468
vn -0.3528036 0.9239271 -0.1479467
vn 0.3748836 0.9239292 0.07627018
vn 0.3822189 0.923246 0.03905793
vn -0.3822183 0.9232463 -0.03905676
vn -0.3748855 0.9239283 -0.07627122
vn -0.6519763 0.7072317 -0.2734049
vn -0.7050879 0.705452 -0.07203121
vn -0.6927862 0.7072339 -0.1409524
vn -0.06993911 0.7054561 -0.7052944
vn -0.1388836 0.7072362 -0.6932015
vn -0.2714588 0.7072323 -0.6527883
vn -0.392746 0.7072319 -0.5878549
vn -0.4991622 0.7072317 -0.5006601
vn -0.6522672 0.3828033 -0.654224
vn -0.7060518 3.212819E-06 -0.7081602
vn -0.586681 0.7072319 -0.3944977
vn -0.7666318 0.3828053 -0.5154957
vn -0.8298323 1.10655E-06 -0.5580128
vn -0.8519496 0.3827999 -0.3572761
vn -0.9052792 0.3828066 -0.1841976
vn -0.09122935 -0.3811628 -0.9199957
vn -0.1814856 -0.3828045 -0.9058276
vn -0.3547202 -0.3828014 -0.8530162
vn -0.5132103 -0.3828004 -0.7681661
vn -0.9197198 0.3811622 -0.09397236
vn -0.9948171 5.536828E-06 -0.1016805
vn -0.9799221 6.52572E-06 -0.1993807
vn -0.9221958 2.972431E-06 -0.3867233
vn 0.9052815 0.382804 0.184191
vn 0.7050841 0.7054543 0.07204551
vn 0.9197185 0.3811639 0.09397811
vn 0.6927847 0.7072355 0.1409521
vn 0.6519775 0.7072299 0.2734065
vn 0.851953 0.3828034 0.357264
vn 0.58668 0.707231 0.3945008
vn 0.7666284 0.3828067 0.5154997
vn 0.9221979 3.766092E-06 0.3867182
vn 0.8298367 1.129447E-06 0.5580063
vn 0.4991641 0.7072327 0.5006568
vn 0.9197194 -0.3811621 0.09397739
vn 0.9052821 -0.3828028 0.1841907
vn 0.9948199 3.243106E-06 0.1016532
vn 0.8519535 -0.3828019 0.3572645
vn 0.9799227 3.800949E-06 0.1993781
vn -0.9052793 -0.3828065 -0.1841972
vn -0.705077 -0.7054629 -0.07203164
vn -0.9197195 -0.3811593 -0.09398789
vn -0.6927772 -0.7072436 -0.140948
vn -0.6519683 -0.7072391 -0.2734049
vn -0.8519557 -0.3827983 -0.3572631
vn -0.5866756 -0.7072393 -0.3944926
vn -0.7666276 -0.3828018 -0.5155045
vn -0.4991567 -0.7072398 -0.5006539
vn -0.6522697 -0.3828013 -0.6542227
vn -0.3927411 -0.7072396 -0.5878491
vn -0.2714564 -0.7072395 -0.6527816
vn 0.08564005 -0.3808745 0.9206522
vn 0.1932182 -9.788246E-05 0.9811558
vn 0.09232021 -0.0001949361 0.9957293
vn 0.1792721 -0.3819419 0.9066321
vn 0.3548076 -0.3817443 0.8534535
vn 0.000168691 0.9999959 0.002877119
vn -0.07490371 0.9249762 -0.37257
vn -0.03845057 0.9244838 -0.3792774
vn 0.0005133755 0.9999958 0.00285076
vn 0.03781135 0.9224406 0.3842832
vn 0.001112959 0.9999958 0.002690893
vn -0.1459566 0.9249433 -0.350965
vn 0.07517853 0.9229305 0.3775544
vn 0.06817221 0.7045702 0.7063522
vn 0.137603 0.7058617 0.6948559
vn 0.2719949 0.7057434 0.654175
vn 0.1478523 0.9228845 0.3555615
vn 0.2139167 0.9228876 0.3201846
vn 0.001613669 0.9999958 0.002415903
vn -0.2111628 0.92494 -0.3160635
vn 0.27188 0.9228874 0.2726905
vn 0.002051943 0.9999958 0.002057457
vn -0.2683779 0.9249402 -0.269182
vn 0.3195442 0.9228876 0.2148722
vn 0.002411181 0.9999958 0.001621483
vn -0.3154321 0.9249398 -0.2121063
vn 0.3551078 0.9228875 0.1489198
vn 0.002682955 0.9999958 0.001134403
vn -0.350538 0.9249409 -0.1469948
vn 0.3773357 0.9229 0.07663804
vn 0.002965283 0.9999955 0.0005362397
vn 0.003105672 0.9999951 0.0001885303
vn 0.3843733 0.9223776 0.03842809
vn -0.3790787 0.9245365 -0.03913411
vn -0.3722592 0.9250023 -0.07611755
vn -0.6506541 0.7086561 -0.2728658
vn -0.7029808 0.7074553 -0.07297271
vn -0.6911335 0.7087577 -0.141411
vn -0.07152955 0.7074852 -0.703099
vn -0.1825338 0.38392 -0.9051447
vn -0.09365053 0.3827586 -0.9190895
vn -0.1392963 0.7087628 -0.6915576
vn -0.2709325 0.7086541 -0.6514636
vn -0.354589 0.3838023 -0.8526209
vn -0.3919566 0.7086509 -0.5866718
vn -0.5129805 0.3838022 -0.7678196
vn -0.4981602 0.7086509 -0.4996501
vn -0.6519789 0.3837996 -0.6539277
vn -0.5555271 -1.190629E-06 -0.8314984
vn -0.5855005 0.7086499 -0.393706
vn -0.7662837 0.3838017 -0.5152723
vn -0.8515586 0.3838078 -0.3571267
vn -0.9046412 0.3838585 -0.1851403
vn -0.09341534 -0.3826416 -0.9191621
vn -0.1394931 -0.7087598 -0.6915209
vn -0.07114256 -0.7075008 -0.7031226
vn -0.182653 -0.3838581 -0.9051468
vn -0.1013369 8.918985E-05 -0.9948522
vn -0.1977909 4.248202E-05 -0.9802443
vn -0.3545815 -0.3838037 -0.8526235
vn -0.5129815 -0.3838004 -0.7678198
vn -0.07507543 -0.9250136 -0.3724426
vn -0.0381032 -0.9245642 -0.3791164
vn 0.0005187097 -0.9999955 0.002969661
vn 0.0001799896 -0.9999951 0.003125733
vn -0.1459503 -0.9249485 -0.3509542
vn 0.07549422 -0.922898 0.3775711
vn 0.03721098 -0.9223936 0.3844548
vn 0.001119955 -0.9999958 0.002684937
vn -0.2111558 -0.9249451 -0.3160534
vn 0.147846 -0.9228868 0.355558
vn 0.001614421 -0.9999958 0.002415565
vn -0.2683699 -0.9249451 -0.2691734
vn 0.2139165 -0.9228878 0.320184
vn 0.002051783 -0.9999958 0.002058059
vn -0.3154223 -0.9249446 -0.2120996
vn 0.2718791 -0.9228874 0.2726912
vn 0.002411389 -0.9999958 0.001621274
vn -0.3505179 -0.924946 -0.147011
vn 0.3195449 -0.9228877 0.2148708
vn 0.002692459 -0.9999958 0.001118465
vn -0.3723467 -0.9249792 -0.07597058
vn 0.3551199 -0.9228858 0.1489011
vn 0.5879077 -0.7057461 0.3953317
vn 0.6533614 -0.705745 0.2739396
vn 0.002860717 -0.9999958 0.0005298371
vn 0.377325 -0.9229282 0.07635088
vn 0.6944213 -0.7058451 0.1398636
vn 0.7061711 -0.7045147 0.07057916
vn 0.3842153 -0.9224183 0.03902716
vn 0.002900817 -0.9999958 0.0001889713
vn -0.3792022 -0.9244723 -0.03945374
vn 0.06693854 -0.7046503 0.7063902
vn 0.1382152 -0.7058733 0.6947226
vn 0.2719896 -0.7057512 0.6541689
vn 0.3935675 -0.7057492 0.5890863
vn 0.5134557 -0.3817458 0.7685268
vn 0.5002112 -0.70575 0.5017028
vn 0.6525754 -0.3817447 0.6545352
vn 0.7669866 -0.3817441 0.5157548
vn 0.08675907 0.3805825 0.9206681
vn 0.1787206 0.3818103 0.9067965
vn 0.3548149 0.3817381 0.8534532
vn 0.513456 0.3817373 0.7685308
vn 0.3935711 0.7057436 0.5890906
vn 0.6525765 0.3817386 0.6545377
vn 0.9203596 -0.3805418 0.0901457
vn 0.9061884 -0.3818078 0.1817839
vn 0.9953637 0.0001705858 0.09618238
vn 0.9804891 8.464139E-05 0.1965736
vn 0.8523893 -0.3817483 0.3573523
vn -0.9046432 -0.3839093 -0.185025
vn -0.9188747 -0.3827019 -0.09596168
vn -0.7029705 -0.7074283 -0.07333343
vn -0.6911779 -0.7087499 -0.1412321
vn -0.6506455 -0.7086623 -0.2728701
vn -0.8515598 -0.3838055 -0.3571265
vn -0.5854913 -0.7086607 -0.3937004
vn -0.7662838 -0.3838015 -0.5152723
vn -0.4981532 -0.7086609 -0.499643
vn -0.6519781 -0.3837997 -0.6539284
vn -0.3919516 -0.7086612 -0.5866628
vn -0.2709212 -0.7086626 -0.651459
vn -0.9189386 0.3826029 -0.09574394
vn -0.9945954 -8.852086E-05 -0.1038266
vn -0.9796985 -4.400946E-05 -0.2004763
vn 0.9060416 0.381917 0.1822852
vn 0.9203512 0.3808009 0.08913044
vn 0.706218 0.7045804 0.06944448
vn 0.6942987 0.7058544 0.1404236
vn 0.6533633 0.7057421 0.2739425
vn 0.8523946 0.3817384 0.3573501
vn 0.5879153 0.7057394 0.3953322
vn 0.7669902 0.381737 0.5157546
vn 0.5002143 0.7057425 0.5017102
vn 0.01269319 5.113708E-05 -0.9999194
vn 0.01146904 0.004632635 -0.9999235
vn 0.01116429 0.004161247 -0.999929
vn 0.007984917 0.007552935 -0.9999396
vn 0.007744378 0.006552839 -0.9999486
vn 0.003766201 0.007903549 -0.9999617
vn 0.003945619 0.006577734 -0.9999706
vn 0.0005318877 0.005987779 -0.9999819
vn 0.001240501 0.004724854 -0.9999881
vn -0.000714372 0.00309676 -0.9999949
vn 0.0003282198 0.002247486 -0.9999974
vn -0.000118129 0.0007391881 -0.9999997
vn 0.0008690706 0.0004174183 -0.9999995
vn 0.00123643 -0.0001968015 -0.9999992
vn 0.001805117 -0.0001851344 -0.9999983
vn 0.00205464 0.000103704 -0.9999979
vn 0.00167236 0.0005848053 -0.9999985
vn 0.000492287 8.092452E-05 -0.9999999
vn 0.0002437292 -0.0009374584 -0.9999995
vn -0.0002896124 -0.001852309 -0.9999983
vn -0.0001125638 -0.003201433 -0.9999949
vn 0.0005249695 -0.00457381 -0.9999894
vn 0.001237026 -0.005855543 -0.9999821
vn 0.003332352 -0.006670002 -0.9999722
vn 0.00437836 -0.007528555 -0.9999621
vn 0.007375339 -0.006745624 -0.9999501
vn 0.008361209 -0.007070066 -0.99994
vn 0.01103837 -0.004251643 -0.99993
vn 0.01160278 -0.004241056 -0.9999237
vn -0.9999999 -0.0002560389 0.0003425815
vn -0.9999995 -0.0007307857 0.0006514323
vn -0.9999984 -0.001449541 0.001043316
vn -0.9999962 -0.002457444 0.001284396
vn -0.999992 -0.003831598 0.001123662
vn -0.9999861 -0.005185873 0.0009382246
vn -0.9999773 -0.00672096 -0.000500684
vn -0.9999671 -0.008020072 -0.00122949
vn -0.999954 -0.008661218 -0.004114753
vn -0.9999411 -0.009536386 -0.005190926
vn -0.9999264 -0.008280938 -0.008858795
vn -0.9999141 -0.008614398 -0.00988633
vn -0.9999023 -0.00509091 -0.01301785
vn -0.9998944 -0.005079468 -0.01361081
vn -0.9998901 0.0001065672 -0.01482636
vn -0.9998941 0.005498327 -0.0134711
vn -0.9999011 0.004997281 -0.01314656
vn -0.9999132 0.009131002 -0.009496702
vn -0.9999248 0.008071624 -0.009236968
vn -0.9999402 0.009943427 -0.004556202
vn -0.9999522 0.0085517 -0.004737901
vn -0.9999664 0.008175489 -0.0004930756
vn -0.9999757 0.006857126 -0.001225692
vn -0.9999858 0.00509466 0.001559801
vn -0.999991 0.004215833 0.0004924983
vn -0.9999961 0.002266121 0.001654069
vn -0.9999979 0.001938088 0.0006613951
vn -0.9999995 0.000635364 0.0007795169
vn -0.9999998 0.0006477223 0.0002101942
vn 0.9199972 0.09121116 0.3811637
vn 0.9951212 0.09866011 -1.519019E-07
vn 0.9805169 0.1964351 -1.938638E-06
vn 0.9058278 0.1814875 0.3828033
vn 0.8530147 0.3547305 0.3827952
vn 0.9233357 0.3839938 1.396548E-06
vn 0.7681633 0.5132151 0.3827995
vn 0.8314874 0.5555437 3.193724E-06
vn 0.705293 0.06994388 -0.7054571
vn 0.375108 0.07514948 -0.9239299
vn 0.693202 0.1388851 -0.7072355
vn 0.3823316 0.03791587 -0.923247
vn 0.3532383 0.1468885 -0.9239299
vn -0.3751068 -0.07515155 -0.9239302
vn -0.3823324 -0.03791094 -0.9232468
vn 0.3181022 0.21252 -0.9239298
vn -0.3532384 -0.1468942 -0.923929
vn 0.2709183 0.270108 -0.9239291
vn -0.3181019 -0.2125244 -0.9239289
vn 0.2134703 0.3174691 -0.9239285
vn -0.2709209 -0.2701108 -0.9239275
vn 0.147948 0.3527988 -0.9239288
vn -0.2134755 -0.3174675 -0.9239278
vn 0.07627534 0.374885 -0.9239282
vn -0.1479459 -0.3528008 -0.9239283
vn -0.3945017 -0.5866773 -0.7072328
vn -0.2734033 -0.6519729 -0.7072355
vn -0.07626939 -0.374882 -0.9239299
vn -0.1409488 -0.6927826 -0.707238
vn -0.07204285 -0.7050796 -0.7054591
vn -0.03905127 -0.3822172 -0.923247
vn 0.03906262 0.3822187 -0.9232459
vn -0.7052915 -0.06993543 -0.7054594
vn -0.9199937 -0.09122897 -0.3811679
vn -0.9058266 -0.1814846 -0.3828074
vn -0.6931988 -0.1388811 -0.7072393
vn -0.6527831 -0.2714579 -0.7072374
vn -0.8530152 -0.3547246 -0.3827997
vn -0.587849 -0.3927485 -0.7072356
vn -0.7681629 -0.5132145 -0.382801
vn -0.9233452 -0.3839708 6.44851E-07
vn -0.8314981 -0.5555276 -2.632827E-07
vn -0.5006575 -0.4991599 -0.7072351
vn -0.6542224 -0.6522702 -0.3828011
vn -0.7081638 -0.7060483 -1.251546E-06
vn -0.5155079 -0.7666258 -0.3828009
vn -0.9199942 -0.09122752 0.3811669
vn -0.7052904 -0.0699342 0.7054605
vn -0.693198 -0.1388807 0.7072402
vn -0.9058273 -0.1814863 0.3828049
vn -0.9951193 -0.0986791 -3.038039E-07
vn -0.8530161 -0.3547227 0.3827994
vn -0.6527835 -0.2714581 0.7072371
vn -0.9805129 -0.1964545 1.450162E-06
vn -0.7681634 -0.5132142 0.3828005
vn -0.5878521 -0.3927447 0.7072351
vn -0.6542232 -0.6522697 0.3828004
vn 0.3823312 0.03791559 0.9232471
vn 0.375109 0.07514863 0.9239296
vn -0.3823318 -0.03791199 0.923247
vn 0.3532395 0.1468912 0.923929
vn -0.3751063 -0.07515034 0.9239305
vn -0.3532403 -0.1468921 0.9239286
vn -0.3181049 -0.2125242 0.9239279
vn 0.3181013 0.2125239 0.9239292
vn -0.2709206 -0.2701092 0.9239281
vn 0.2709203 0.2701062 0.923929
vn -0.213475 -0.3174654 0.9239287
vn 0.2134703 0.3174678 0.9239289
vn -0.147945 -0.3527996 0.9239289
vn 0.1479401 0.3528019 0.9239289
vn -0.07626985 -0.3748836 0.9239292
vn -0.03905173 -0.3822187 0.9232464
vn 0.03906514 0.3822175 0.9232463
vn 0.07627748 0.3748832 0.9239287
vn 0.2734133 0.6519746 0.7072301
vn 0.07205188 0.705079 0.7054589
vn 0.1409612 0.6927823 0.7072359
vn 0.7052947 0.06993832 0.705456
vn 0.6932025 0.138884 0.7072351
vn 0.6527838 0.2714649 0.7072341
vn 0.5878564 0.3927426 0.7072327
vn 0.5006654 0.4991541 0.7072336
vn 0.6542237 0.6522665 0.3828051
vn 0.7081876 0.7060243 -3.468469E-06
vn 0.3944899 0.5866815 0.7072359
vn 0.5155106 0.7666258 0.3827973
vn 0.5580106 0.8298339 8.394544E-08
vn 0.357267 0.8519537 0.3827992
vn 0.1841817 0.9052802 0.3828118
vn 0.9199978 0.09121663 -0.3811611
vn 0.9058305 0.1814814 -0.3827997
vn 0.8530095 0.3547425 -0.3827958
vn 0.768168 0.5132064 -0.3828017
vn 0.09397716 0.919717 0.3811679
vn 0.1016827 0.9948168 3.501342E-06
vn 0.1993742 0.9799234 2.991909E-06
vn 0.3866881 0.9222106 4.723835E-06
vn -0.1841863 -0.9052839 0.382801
vn -0.0720448 -0.7050784 0.7054601
vn -0.09398057 -0.9197181 0.3811643
vn -0.1409477 -0.6927816 0.7072393
vn -0.2734008 -0.6519725 0.7072368
vn -0.3572682 -0.8519551 0.3827949
vn -0.394505 -0.5866759 0.7072321
vn -0.515507 -0.7666268 0.3827999
vn -0.3867187 -0.9221978 2.342831E-06
vn -0.5580093 -0.8298348 8.356377E-07
vn -0.5006575 -0.4991611 0.7072343
vn -0.09397694 -0.919717 -0.3811678
vn -0.1841885 -0.9052828 -0.3828025
vn -0.101661 -0.9948191 4.169706E-06
vn -0.3572658 -0.8519538 -0.3828
vn -0.1993803 -0.9799222 1.587541E-06
vn 0.1841886 0.9052788 -0.3828118
vn 0.0720472 0.7050775 -0.7054607
vn 0.09398671 0.9197149 -0.3811705
vn 0.140966 0.6927773 -0.7072398
vn 0.2734062 0.6519755 -0.7072319
vn 0.3572622 0.8519541 -0.3828028
vn 0.3944969 0.5866781 -0.7072347
vn 0.5155008 0.766632 -0.3827982
vn 0.5006623 0.4991542 -0.7072356
vn 0.6542304 0.6522626 -0.3828004
vn 0.5878567 0.392741 -0.7072333
vn 0.6527861 0.2714612 -0.7072335
vn -0.920655 -0.08563367 -0.380869
vn -0.9811561 -0.1932168 -9.506925E-05
vn -0.9957289 -0.09232504 -0.0001929156
vn -0.9066335 -0.1792748 -0.3819374
vn -0.8534535 -0.3548143 -0.3817382
vn -0.002882194 -0.000164329 0.9999958
vn 0.3725635 0.07491207 0.9249781
vn 0.3792701 0.03845822 0.9244865
vn -0.002849535 -0.0005094595 0.9999958
vn -0.3842804 -0.0378231 0.9224413
vn -0.002691268 -0.001108931 0.9999958
vn 0.3509611 0.1459574 0.9249448
vn -0.3775531 -0.07517332 0.9229316
vn -0.7063508 -0.06817418 0.7045713
vn -0.694859 -0.1375999 0.7058592
vn -0.6541744 -0.2719907 0.7057456
vn -0.3555645 -0.1478416 0.922885
vn -0.3201892 -0.2139194 0.9228854
vn -0.002416526 -0.001615038 0.9999958
vn 0.3160618 0.2111607 0.9249411
vn -0.2726967 -0.271883 0.9228847
vn -0.002059357 -0.002053195 0.9999958
vn 0.269179 0.2683794 0.9249406
vn -0.2148787 -0.3195484 0.9228846
vn -0.00162405 -0.002413266 0.9999958
vn 0.2121029 0.3154303 0.9249411
vn -0.1489132 -0.3551199 0.9228839
vn -0.001130177 -0.002685865 0.9999958
vn 0.1469986 0.3505312 0.9249429
vn -0.07663193 -0.3773524 0.9228936
vn -0.000530818 -0.002959571 0.9999955
vn -0.0001911207 -0.003108721 0.9999951
vn -0.03843454 -0.3843831 0.9223733
vn 0.03913623 0.3790744 0.9245383
vn 0.07612404 0.3722541 0.9250038
vn 0.2728665 0.6506475 0.708662
vn 0.07297388 0.7029818 0.7074541
vn 0.1414141 0.6911367 0.7087539
vn 0.7031049 0.07152792 0.7074795
vn 0.9051461 0.1825312 0.3839177
vn 0.9190889 0.09365515 0.3827589
vn 0.69156 0.1392986 0.7087599
vn 0.6514561 0.2709285 0.7086626
vn 0.8526209 0.3545873 0.383804
vn 0.5866653 0.3919542 0.7086576
vn 0.7678163 0.5129868 0.3838004
vn 0.4996457 0.4981588 0.7086551
vn 0.6539275 0.6519769 0.3838033
vn 0.3937016 0.5854928 0.7086587
vn 0.5152711 0.766281 0.3838087
vn 0.3571219 0.8515614 0.3838061
vn 0.1851443 0.9046441 0.3838497
vn 0.9191611 0.09341732 -0.3826435
vn 0.6915157 0.1394913 -0.7087653
vn 0.7031164 0.07114084 -0.7075071
vn 0.9051473 0.1826538 -0.3838567
vn 0.9948519 0.10134 9.184096E-05
vn 0.9802445 0.1977897 4.440152E-05
vn 0.852622 0.3545834 -0.383805
vn 0.7678157 0.5129849 -0.383804
vn 0.3724578 0.07507511 -0.9250075
vn 0.3791305 0.03811297 -0.924558
vn -0.002968443 -0.0005189283 -0.9999955
vn -0.003122012 -0.0001721886 -0.9999951
vn 0.3509676 0.1459477 -0.9249437
vn -0.3775707 -0.07548736 -0.9228987
vn -0.384454 -0.03719435 -0.9223945
vn -0.002688441 -0.001122983 -0.9999958
vn 0.3160641 0.21116 -0.9249405
vn -0.3555546 -0.1478518 -0.9228872
vn -0.002418182 -0.001616792 -0.9999958
vn 0.2691781 0.2683778 -0.9249414
vn -0.3201866 -0.2139203 -0.922886
vn -0.002060086 -0.002053415 -0.9999958
vn 0.2121018 0.3154297 -0.9249415
vn -0.2726968 -0.2718829 -0.9228847
vn -0.001622494 -0.002413661 -0.9999958
vn 0.1470096 0.3505251 -0.9249434
vn -0.2148782 -0.3195505 -0.922884
vn -0.001120642 -0.002692875 -0.9999958
vn 0.07597015 0.3723573 -0.9249749
vn -0.1489046 -0.3551264 -0.9228828
vn -0.3953301 -0.5879055 -0.7057486
vn -0.2739279 -0.6533611 -0.7057498
vn -0.0005244924 -0.002853052 -0.9999958
vn -0.07634226 -0.3773325 -0.9229258
vn -0.1398552 -0.6944217 -0.7058463
vn -0.07057445 -0.7061725 -0.7045137
vn -0.03901285 -0.3842229 -0.9224158
vn -0.000185135 -0.002890705 -0.9999958
vn 0.03945926 0.37921 -0.9244689
vn -0.7063943 -0.06693564 -0.7046465
vn -0.6947248 -0.1382124 -0.7058717
vn -0.6541691 -0.2719897 -0.705751
vn -0.5890906 -0.393563 -0.7057481
vn -0.7685253 -0.5134583 -0.3817453
vn -0.5017073 -0.5002067 -0.7057499
vn -0.6545396 -0.6525717 -0.3817434
vn -0.5157561 -0.7669879 -0.3817397
vn -0.920669 -0.08675133 0.3805822
vn -0.9067972 -0.178715 0.381811
vn -0.8534468 -0.3548298 0.3817385
vn -0.768527 -0.5134582 0.381742
vn -0.5890892 -0.3935608 0.7057506
vn -0.6545392 -0.6525731 0.3817417
vn -0.09014055 -0.9203621 -0.3805369
vn -0.1817868 -0.906193 -0.3817957
vn -0.09612779 -0.995369 0.0001790233
vn -0.1965761 -0.9804885 9.315299E-05
vn -0.3573498 -0.8523909 -0.3817472
vn -0.5579991 -0.8298416 -3.120871E-06
vn 0.1850313 0.9046415 -0.3839104
vn 0.0959736 0.9188713 -0.3827069
vn 0.0733381 0.7029669 -0.7074313
vn 0.1412343 0.6911787 -0.7087488
vn 0.2728731 0.6506473 -0.7086596
vn 0.3571247 0.8515598 -0.3838073
vn 0.3936986 0.5854926 -0.7086607
vn 0.5152707 0.7662826 -0.3838062
vn 0.4996482 0.498156 -0.7086552
vn 0.6539276 0.651976 -0.3838047
vn 0.5866662 0.3919536 -0.7086573
vn 0.6514571 0.2709209 -0.7086647
vn 0.09575408 0.9189395 0.3825982
vn 0.1038378 0.9945942 -8.466188E-05
vn 0.2004827 0.9796972 -4.012829E-05
vn -0.1822833 -0.9060427 0.3819154
vn -0.08910695 -0.9203542 0.3807993
vn -0.06941442 -0.7062137 0.7045877
vn -0.1404102 -0.6942948 0.705861
vn -0.2739438 -0.653353 0.7057511
vn -0.3573627 -0.8523848 0.3817488
vn -0.3953287 -0.587908 0.7057474
vn -0.5157486 -0.7669912 0.3817432
vn -0.5017089 -0.5002056 0.7057496
vn 0.9999194 -0.0126948 5.043637E-05
vn 0.9999234 -0.01147413 0.004636405
vn 0.999929 -0.01116987 0.0041642
vn 0.9999396 -0.007986928 0.007552605
vn 0.9999486 -0.00774539 0.006551904
vn 0.9999617 -0.003766462 0.007906904
vn 0.9999706 -0.003945351 0.00658469
vn 0.9999819 -0.0005305253 0.005998407
vn 0.999988 -0.001241433 0.00473406
vn 0.9999949 0.0007112881 0.003097603
vn 0.9999974 -0.0003331387 0.00224545
vn 0.9999997 0.0001179001 0.0007377317
vn 0.9999995 -0.0008640161 0.0004168552
vn 0.9999992 -0.001224285 -0.0001948759
vn 0.9999984 -0.001792783 -0.0001815953
vn 0.9999979 -0.002050655 0.000106571
vn 0.9999985 -0.001662395 0.0005775582
vn 0.9999999 -0.0004874576 8.014407E-05
vn 0.9999995 -0.0002409401 -0.0009332392
vn 0.9999983 0.0002890589 -0.001848659
vn 0.9999949 0.0001104827 -0.003200987
vn 0.9999894 -0.0005281548 -0.004582352
vn 0.999982 -0.001240259 -0.005866943
vn 0.9999722 -0.00333376 -0.006677051
vn 0.999962 -0.004376908 -0.007533257
vn 0.9999501 -0.007374875 -0.006746689
vn 0.99994 -0.008361612 -0.007070584
vn 0.99993 -0.01104427 -0.004252298
vn 0.9999236 -0.01160904 -0.004242555
vn -0.0003349069 0.9999999 -0.0002578337
vn -0.001033063 0.9999985 -0.001432819
vn -0.001271632 0.9999962 -0.002441425
vn -0.001116987 0.9999921 -0.003827537
vn -0.0009341381 0.9999861 -0.005182175
vn 0.0004962236 0.9999774 -0.006702184
vn 0.00122289 0.9999673 -0.007994919
vn 0.00410521 0.9999543 -0.008637822
vn 0.005187149 0.9999413 -0.009515886
vn 0.008857432 0.9999266 -0.008273222
vn 0.00989087 0.999914 -0.008609673
vn 0.01301782 0.9999023 -0.005090942
vn 0.0136108 0.9998944 -0.005079524
vn 0.01482626 0.9998901 0.0001065808
vn 0.01347111 0.9998941 0.00549837
vn 0.01314661 0.9999011 0.004997393
vn 0.009496897 0.9999132 0.009131187
vn 0.009236617 0.9999248 0.008065115
vn 0.004553216 0.9999404 0.009924088
vn 0.00473436 0.9999524 0.008525611
vn 0.0004931014 0.9999667 0.008149974
vn 0.001221375 0.9999759 0.006836738
vn -0.001561558 0.9999858 0.005086954
vn -0.0004926628 0.999991 0.004210212
vn -0.001637257 0.9999961 0.002255805
vn -0.0006453498 0.9999979 0.001925272
vn -0.0007754009 0.9999995 0.0006286997
vn -0.000206399 0.9999998 0.0006436646
vn -0.09123711 -0.9199952 -0.3811621
vn -0.09873024 -0.9951143 7.207721E-06
vn -0.1964647 -0.980511 1.629519E-06
vn -0.1814558 -0.9058321 -0.3828081
vn -0.3547085 -0.8530186 -0.3828069
vn -0.3839443 -0.9233562 6.868266E-07
vn -0.5132187 -0.7681597 -0.3828018
vn -0.5555395 -0.8314902 -4.578854E-07
vn -0.06992411 -0.7052932 0.7054588
vn -0.07514761 -0.3751088 0.9239298
vn -0.1388685 -0.6932031 0.7072377
vn -0.03791336 -0.3823306 0.9232475
vn -0.1468899 -0.3532419 0.9239283
vn 0.07514961 0.3751042 0.9239315
vn 0.03791818 0.3823271 0.9232487
vn -0.2125268 -0.3181016 0.9239284
vn 0.1468911 0.3532402 0.9239287
vn -0.2701076 -0.2709176 0.9239294
vn 0.2125267 0.3181011 0.9239286
vn -0.3174674 -0.2134704 0.923929
vn 0.2701107 0.2709151 0.9239293
vn -0.3528026 -0.1479432 0.9239281
vn 0.3174665 0.2134726 0.9239289
vn -0.3748801 -0.07627377 0.9239303
vn 0.3527986 0.1479466 0.9239291
vn 0.5866768 0.3944984 0.707235
vn 0.6519749 0.2734017 0.7072343
vn 0.3748825 0.07626878 0.9239297
vn 0.6927814 0.1409488 0.7072393
vn 0.7050778 0.07204377 0.7054609
vn 0.3822175 0.03905289 0.9232468
vn -0.3822164 -0.0390568 0.9232471
vn 0.09123005 0.9199976 0.3811581
vn 0.1814866 0.9058287 0.3828014
vn 0.1388849 0.6932018 0.7072356
vn 0.2714588 0.6527904 0.7072304
vn 0.3547159 0.8530167 0.3828044
vn 0.3927449 0.5878534 0.707234
vn 0.5132142 0.768163 0.3828013
vn 0.3839637 0.9233482 -8.776117E-08
vn 0.5555264 0.8314989 1.140893E-06
vn 0.4991668 0.5006539 0.7072328
vn 0.6522719 0.6542196 0.382803
vn 0.7060492 0.7081628 7.692453E-06
vn 0.7666265 0.515504 0.3828047
vn 0.09123147 0.919997 -0.3811592
vn 0.06994587 0.7052959 -0.705454
vn 0.1388842 0.6932003 -0.7072372
vn 0.1814846 0.9058285 -0.382803
vn 0.09867942 0.9951193 2.35448E-07
vn 0.3547181 0.8530164 -0.382803
vn 0.2714557 0.6527901 -0.7072319
vn 0.1964473 0.9805144 1.526487E-06
vn 0.5132082 0.7681673 -0.3828007
vn 0.3927447 0.5878537 -0.7072338
vn 0.6522713 0.6542202 -0.382803
vn -0.03791037 -0.3823332 -0.9232465
vn -0.0751514 -0.3751101 -0.923929
vn 0.03791942 0.382332 -0.9232467
vn -0.146892 -0.3532423 -0.9239278
vn 0.07515183 0.3751099 -0.923929
vn 0.1468901 0.3532434 -0.9239277
vn 0.2125258 0.3181004 -0.923929
vn -0.212524 -0.3181043 -0.9239281
vn 0.2701107 0.2709154 -0.9239292
vn -0.2701091 -0.2709139 -0.92393
vn 0.3174669 0.2134738 -0.9239284
vn -0.3174642 -0.2134721 -0.9239298
vn 0.3528003 0.1479466 -0.9239284
vn -0.3528006 -0.1479443 -0.9239287
vn 0.3748837 0.0762706 -0.9239292
vn 0.3822185 0.03905445 -0.9232463
vn -0.3822166 -0.03905607 -0.923247
vn -0.374882 -0.07627027 -0.9239298
vn -0.6519744 -0.2734021 -0.7072345
vn -0.7050818 -0.07204686 -0.7054564
vn -0.6927834 -0.1409486 -0.7072374
vn -0.1388749 -0.6931984 -0.7072409
vn -0.2714521 -0.652791 -0.7072324
vn -0.3927571 -0.5878442 -0.7072347
vn -0.4991653 -0.5006543 -0.7072335
vn -0.6522796 -0.6542115 -0.3828036
vn -0.7060652 -0.7081468 -1.396543E-06
vn -0.5866747 -0.3945012 -0.7072353
vn -0.7666273 -0.5155027 -0.3828049
vn -0.8298237 -0.5580255 2.888481E-06
vn -0.8519533 -0.3572662 -0.3828008
vn -0.9052831 -0.1841848 -0.3828035
vn -0.09121255 -0.9199997 0.3811572
vn -0.1814681 -0.9058293 0.382809
vn -0.354704 -0.8530204 0.3828071
vn -0.5132277 -0.7681535 0.3828021
vn -0.919718 -0.09398281 -0.381164
vn -0.9948211 -0.1016411 1.860799E-06
vn -0.979924 -0.1993713 1.614259E-06
vn -0.9221912 -0.3867342 1.823904E-06
vn 0.9052801 0.18419 -0.382808
vn 0.7050775 0.07204571 -0.7054609
vn 0.9197167 0.09397873 -0.3811682
vn 0.6927801 0.1409478 -0.7072407
vn 0.6519729 0.273403 -0.7072355
vn 0.8519534 0.3572675 -0.3827994
vn 0.5866772 0.3944964 -0.7072358
vn 0.7666304 0.5154995 -0.3828028
vn 0.922196 0.3867228 9.539224E-08
vn 0.8298391 0.5580027 -2.13679E-07
vn 0.4991633 0.5006526 -0.7072362
vn 0.9197168 0.09397772 0.3811681
vn 0.9052796 0.1841917 0.3828083
vn 0.9948199 0.1016529 -2.810186E-07
vn 0.8519542 0.3572644 0.3828006
vn 0.9799218 0.1993823 6.220433E-07
vn -0.9052837 -0.1841862 0.3828012
vn -0.7050815 -0.07205007 0.7054565
vn -0.9197192 -0.0939783 0.3811621
vn -0.6927831 -0.1409517 0.707237
vn -0.6519778 -0.2733985 0.7072328
vn -0.8519554 -0.3572632 0.3827991
vn -0.586671 -0.3945041 0.7072366
vn -0.7666265 -0.515507 0.3828008
vn -0.4991677 -0.5006526 0.7072331
vn -0.6522743 -0.6542166 0.3828041
vn -0.3927529 -0.5878485 0.7072335
vn -0.2714611 -0.6527883 0.7072315
vn 0.08562448 0.9206517 0.3808791
vn 0.1932025 0.9811589 0.0001008102
vn 0.09229844 0.9957314 0.0001976932
vn 0.1792588 0.9066348 0.3819419
vn 0.3548099 0.8534513 0.3817473
vn 0.0001646907 0.002883811 -0.9999958
vn -0.07491113 -0.372568 -0.9249764
vn -0.03846179 -0.3792711 -0.9244859
vn 0.000511621 0.002849086 -0.9999958
vn 0.03782845 0.3842841 -0.9224395
vn 0.001112907 0.002694935 -0.9999958
vn -0.1459615 -0.3509652 -0.9249426
vn 0.07517351 0.3775592 -0.922929
vn 0.0681766 0.7063507 -0.7045712
vn 0.1375948 0.694862 -0.7058572
vn 0.2719973 0.6541761 -0.7057415
vn 0.1478437 0.3555712 -0.9228821
vn 0.2139149 0.3201907 -0.9228859
vn 0.00161335 0.002418095 -0.9999958
vn -0.2111639 -0.3160606 -0.9249408
vn 0.271883 0.2726974 -0.9228845
vn 0.002052288 0.002059259 -0.9999958
vn -0.268374 -0.2691784 -0.9249424
vn 0.3195482 0.2148769 -0.9228851
vn 0.002414221 0.001623891 -0.9999958
vn -0.315427 -0.2121025 -0.9249424
vn 0.3551199 0.1489074 -0.9228849
vn 0.00268433 0.001129904 -0.9999958
vn -0.3505281 -0.1469938 -0.9249448
vn 0.3773489 0.07663114 -0.9228951
vn 0.002958872 0.000530225 -0.9999955
vn 0.003110156 0.0001935395 -0.9999951
vn 0.3843811 0.03844097 -0.9223738
vn -0.3790777 -0.03914586 -0.9245365
vn -0.3722538 -0.07612383 -0.9250039
vn -0.6506495 -0.2728619 -0.7086619
vn -0.7029811 -0.07297872 -0.7074544
vn -0.6911336 -0.1414096 -0.7087578
vn -0.07153425 -0.703105 -0.7074787
vn -0.182533 -0.9051412 -0.3839284
vn -0.09364972 -0.9190895 -0.3827586
vn -0.1393025 -0.69156 -0.7087591
vn -0.2709281 -0.651458 -0.7086611
vn -0.3545855 -0.8526187 -0.3838105
vn -0.3919494 -0.5866638 -0.7086616
vn -0.5129848 -0.7678173 -0.3838011
vn -0.4981531 -0.4996458 -0.7086591
vn -0.6519724 -0.6539298 -0.3838069
vn -0.5854881 -0.3937043 -0.7086611
vn -0.7662833 -0.515271 -0.3838042
vn -0.8515632 -0.3571218 -0.3838021
vn -0.9046416 -0.1851432 -0.3838562
vn -0.09342016 -0.9191629 0.3826385
vn -0.1394903 -0.691521 0.7087603
vn -0.07114766 -0.7031202 0.7075026
vn -0.1826528 -0.9051446 0.3838634
vn -0.1013237 -0.9948535 -8.434316E-05
vn -0.1977861 -0.9802452 -3.937953E-05
vn -0.3545814 -0.8526244 0.3838016
vn -0.5129837 -0.767817 0.383803
vn -0.07507541 -0.3724618 0.9250059
vn -0.03811233 -0.379133 0.924557
vn 0.0005185614 0.002968456 0.9999955
vn 0.0001759045 0.003124676 0.9999951
vn -0.1459502 -0.3509634 0.924945
vn 0.07549307 0.377577 0.9228957
vn 0.03719936 0.38446 0.9223918
vn 0.001120316 0.002687464 0.9999958
vn -0.2111608 -0.3160615 0.9249412
vn 0.1478478 0.3555662 0.9228834
vn 0.001615622 0.002415216 0.9999958
vn -0.2683753 -0.2691826 0.9249408
vn 0.2139197 0.3201864 0.9228862
vn 0.002054008 0.00205862 0.9999958
vn -0.3154279 -0.2121018 0.9249422
vn 0.2718815 0.272698 0.9228847
vn 0.002413791 0.001624179 0.9999958
vn -0.3505225 -0.1470034 0.9249454
vn 0.3195486 0.2148774 0.9228848
vn 0.002691745 0.00112122 0.9999958
vn -0.3723527 -0.07597166 0.9249766
vn 0.3551249 0.1488997 0.9228842
vn 0.5879097 0.3953254 0.7057478
vn 0.653361 0.2739335 0.7057477
vn 0.002852041 0.0005241058 0.9999958
vn 0.3773325 0.07634157 0.9229258
vn 0.6944215 0.1398576 0.705846
vn 0.706175 0.07056068 0.7045126
vn 0.3842225 0.03901078 0.9224159
vn 0.002890948 0.0001806401 0.9999958
vn -0.3792084 -0.03946615 0.9244692
vn 0.06693352 0.706392 0.704649
vn 0.1382115 0.6947257 0.705871
vn 0.2719914 0.6541721 0.7057475
vn 0.3935729 0.5890852 0.7057472
vn 0.5134501 0.7685336 0.3817395
vn 0.5002062 0.5017154 0.7057446
vn 0.6525784 0.6545311 0.3817466
vn 0.7669944 0.5157418 0.3817461
vn 0.0867498 0.9206635 -0.3805957
vn 0.1787031 0.9067956 -0.3818206
vn 0.3548074 0.8534517 -0.3817486
vn 0.5134597 0.7685266 -0.3817409
vn 0.3935686 0.58909 -0.7057455
vn 0.6525717 0.6545369 -0.3817481
vn 0.9203607 0.09013855 0.3805406
vn 0.90619 0.1817817 0.3818052
vn 0.995366 0.0961581 -0.0001745805
vn 0.98049 0.1965691 -8.817574E-05
vn 0.8523915 0.3573489 0.3817465
vn -0.9046416 -0.1850305 0.3839106
vn -0.9188721 -0.09596492 0.3827071
vn -0.7029684 -0.07333631 0.7074301
vn -0.6911741 -0.1412301 0.7087541
vn -0.6506491 -0.2728737 0.7086577
vn -0.8515605 -0.3571263 0.383804
vn -0.5854924 -0.3937032 0.7086583
vn -0.7662829 -0.5152715 0.3838045
vn -0.4981532 -0.4996502 0.7086558
vn -0.6519744 -0.6539277 0.3838072
vn -0.3919564 -0.5866613 0.7086598
vn -0.2709188 -0.6514631 0.7086599
vn -0.918939 -0.09574709 -0.3826012
vn -0.9945952 -0.103828 8.474544E-05
vn -0.9796976 -0.2004808 4.149838E-05
vn 0.9060416 0.1822822 -0.3819185
vn 0.9203516 0.08911871 -0.3808028
vn 0.7062148 0.06942996 -0.7045851
vn 0.6942974 0.1404145 -0.7058575
vn 0.653358 0.273935 -0.7057499
vn 0.852393 0.3573475 -0.3817446
vn 0.5879095 0.3953272 -0.705747
vn 0.7669966 0.5157403 -0.3817435
vn 0.5002096 0.5017117 -0.7057447
vn 0.01271015 -0.9999192 -5.505028E-05
vn 0.01146589 -0.9999236 -0.004623052
vn 0.01115746 -0.9999291 -0.004154011
vn 0.00798934 -0.9999394 -0.007567944
vn 0.007753327 -0.9999483 -0.006572451
vn 0.003773123 -0.9999616 -0.007910972
vn 0.003951487 -0.9999706 -0.006582138
vn 0.0005305233 -0.9999819 -0.005998396
vn 0.001237091 -0.999988 -0.004739122
vn -0.0007227807 -0.9999949 -0.00311346
vn 0.0003232285 -0.9999974 -0.002263347
vn -0.0001191507 -0.9999997 -0.0007455035
vn 0.001243718 -0.9999992 0.0001979692
vn 0.001812515 -0.9999983 0.0001872783
vn 0.002057033 -0.9999979 -0.0001019729
vn 0.001678344 -0.9999984 -0.0005891759
vn 0.0004951949 -0.9999999 -8.141573E-05
vn 0.0002450405 -0.9999995 0.0009446602
vn 0.0005235882 -0.9999893 0.004588702
vn 0.001233612 -0.999982 0.00586685
vn 0.003333724 -0.9999722 0.006677
vn 0.00438282 -0.999962 0.007536251
vn 0.007391538 -0.9999499 0.006756867
vn 0.008370901 -0.9999399 0.007082709
vn 0.01102889 -0.9999301 0.004255813
vn 0.01159311 -0.9999238 0.004240861
vn -0.9999984 0.001035527 0.001448249
vn -0.9999961 0.001279644 0.002462127
vn -0.999992 0.001123691 0.003831675
vn -0.9999862 0.0009403196 0.005179695
vn -0.9999774 -0.0004962014 0.006702184
vn -0.9999673 -0.001222858 0.007994923
vn -0.9999543 -0.004105208 0.008637795
vn -0.9999413 -0.005187088 0.00951583
vn -0.9999266 -0.008857308 0.008273082
vn -0.9999141 -0.00988418 0.008608967
vn -0.9999025 -0.01299866 0.005087705
vn -0.9998947 -0.01359138 0.005073743
vn -0.9998901 -0.01482 -0.000111095
vn -0.9998944 -0.0134554 -0.005486797
vn -0.9999014 -0.01312888 -0.004987427
vn -0.9999133 -0.00948922 -0.009129766
vn -0.9999248 -0.009231955 -0.008069613
vn -0.9999404 -0.004553171 -0.009924056
vn -0.9999524 -0.004734317 -0.00852562
vn -0.9999667 -0.0004930614 -0.008149982
vn -0.9999759 -0.001221334 -0.006836743
vn -0.9999858 0.001561582 -0.005086955
vn -0.999991 0.0004986403 -0.004213287
vn -0.9999961 0.001654039 -0.002266096
vn -0.9999979 0.0006547115 -0.001937528
vn -0.9999995 0.0007600349 -0.000632284
vn -0.9999998 0.0001904412 -0.0006420396
vn -0.7666345 -0.5154911 -0.3828062
vn 0.7666269 0.5155054 -0.382802
vn -0.7666338 -0.5154968 0.3827998
vn 0.7670015 0.515734 -0.3817423
vn -0.9999773 -0.0005007413 0.006721202
vn -0.9999671 -0.001229492 0.008020308
vn -3.530115E-07 0.3826817 0.9238803
vn -2.701812E-07 0.7071122 0.7071013
vn -1.462199E-07 0.9238819 0.3826779
vn 1.4622E-07 0.9238819 -0.3826776
vn -1.462238E-07 -0.9238777 0.3826879
vn -2.701842E-07 -0.7071045 0.707109
vn -3.530109E-07 -0.3826855 0.9238787
vn 4.890258E-07 -0.3826844 -0.9238791
vn 3.106746E-07 -0.7071043 -0.7071093
vn 1.462237E-07 -0.9238778 -0.3826876
vn 4.817558E-07 0.3826814 -0.9238804
vn 3.10672E-07 0.707112 -0.7071016
vn 0.9999993 -0.001017408 -0.0006228706
vn 0.999998 -0.001520267 -0.001310223
vn 0.9999975 -0.001372428 -0.001764001
vn 0.9999965 -0.001208905 -0.002341446
vn 0.9999957 -0.0008146256 -0.002823605
vn 0.9999959 -0.0002614152 -0.002856981
vn 0.9999965 0.0007703758 -0.002543105
vn 0.9999956 0.00138757 -0.002625968
vn 0.9999979 0.001282267 -0.001594788
vn 0.9999974 0.001746059 -0.001482743
vn 0.9999993 0.0009756114 -0.0005650534
vn 0.9999992 0.001194074 -0.0004240071
vn -0.9999992 0.001198392 0.0004068681
vn -0.9999974 0.001753187 0.001480876
vn -0.9999979 0.001281777 0.001596096
vn -0.9999956 0.001391778 0.00263197
vn -0.9999964 0.0007729171 0.00254924
vn -0.9999949 0.0003280129 0.003177909
vn -0.9999959 -0.0002601508 0.002849756
vn -0.9999957 -0.0008165322 0.002824064
vn -0.9999965 -0.001210297 0.002341501
vn -0.9999975 -0.001370492 0.001764317
vn -0.999998 -0.00151896 0.001310713
vn -0.9999993 -0.001011401 0.0006186604
vn -0.9999994 -0.001005718 0.0003602649
vn -0.2252764 -0.2941766 0.9288222
vn 0.3257021 0.1885977 0.9264713
vn 0.2288296 0.2988171 0.9264693
vn -0.3207685 -0.1854958 0.9288159
vn 0.3730682 0.04969405 0.9264721
vn -0.3673497 -0.04854666 0.928815
vn 0.3637282 -0.0968058 0.9264612
vn -0.3579611 0.09578907 0.9288101
vn 0.2990068 -0.2286081 0.9264628
vn -0.2940328 0.2254813 0.928818
vn 0.1887331 -0.3256255 0.9264706
vn -0.1853824 0.3208376 0.9288146
vn 0.04969275 -0.3731106 0.9264551
vn -0.04854914 0.3673548 0.9288129
vn -0.09696726 -0.3637119 0.9264507
vn 0.09565619 0.3580209 0.9288008
vn -0.2288554 -0.2988511 0.9264519
vn 0.2253156 0.2942353 0.9287941
vn -0.325836 -0.1884124 0.9264619
vn 0.3207095 0.1856905 0.9287974
vn -0.3731549 -0.04928512 0.9264591
vn 0.3673221 0.04890241 0.9288073
vn -0.3635768 0.09731768 0.9264671
vn 0.3580844 -0.09533303 0.9288095
vn -0.2986379 0.229059 0.9264704
vn 0.294367 -0.225104 0.9288037
vn -0.1882676 0.3258981 0.9264695
vn 0.1857979 -0.320629 0.9288036
vn -0.04928476 0.373105 0.9264792
vn 0.04889582 -0.3673144 0.9288107
vn 0.0971517 0.3635748 0.9264853
vn -0.09546022 -0.3580209 0.9288209
vn -0.2253225 -0.2942354 -0.9287924
vn 0.09696151 0.3637122 -0.9264512
vn 0.2288545 0.2988574 -0.9264501
vn -0.09566471 -0.3580432 -0.9287913
vn -0.04969675 0.373104 -0.9264576
vn 0.04854415 -0.3673713 -0.9288066
vn -0.1887424 0.3256393 -0.9264639
vn 0.1853879 -0.3208483 -0.9288098
vn -0.2990134 0.2286118 -0.9264598
vn 0.2940503 -0.2254955 -0.928809
vn -0.3637299 0.09680504 -0.9264606
vn 0.3579521 -0.09578261 -0.9288142
vn -0.3730693 -0.04968906 -0.9264719
vn 0.3673333 0.04854362 -0.9288217
vn -0.3257109 -0.1885965 -0.9264684
vn 0.3207529 0.1854941 -0.9288216
vn -0.2288251 -0.2988028 -0.926475
vn 0.2252757 0.2941831 -0.9288203
vn -0.09715635 -0.3635648 -0.9264887
vn 0.09546025 0.3580215 -0.9288207
vn 0.04928072 -0.3731067 -0.9264787
vn -0.04890165 0.3672976 -0.928817
vn 0.188255 -0.3258824 -0.9264776
vn -0.1857729 0.320586 -0.9288235
vn 0.2986267 -0.2290507 -0.9264761
vn -0.2943574 0.2250931 -0.9288093
vn 0.3635668 -0.09731083 -0.9264717
vn -0.3580835 0.09533631 -0.9288096
vn 0.3731564 0.04929306 -0.9264581
vn -0.3673301 -0.0489018 -0.9288042
vn 0.3258508 0.188427 -0.9264537
vn -0.3207086 -0.185686 -0.9287986
vn -0.5600844 -0.7313908 -0.3890667
vn -0.2376001 -0.8900268 -0.3890996
vn -0.2375246 -0.8900787 0.389027
vn -0.560101 -0.7314057 0.389015
vn -0.797322 -0.4614142 -0.3890688
vn -0.7973756 -0.4613451 0.3890409
vn -0.9131995 -0.1212074 -0.38907
vn -0.9132363 -0.1210449 0.3890341
vn -0.8900882 0.2374579 -0.3890459
vn -0.8900319 0.237666 0.3890477
vn -0.7314599 0.5600021 -0.3890555
vn -0.7313177 0.5601772 0.3890706
vn -0.4614778 0.7972958 -0.3890471
vn -0.4612848 0.7973945 0.3890737
vn -0.1212132 0.9132147 -0.3890325
vn -0.1210434 0.9132191 0.3890751
vn 0.2375225 0.8900815 -0.3890219
vn 0.237588 0.890026 0.3891089
vn 0.8900257 -0.2376565 -0.3890678
vn 0.9131929 0.1212151 0.3890831
vn 0.8900827 -0.2374583 0.3890583
vn 0.9132316 0.1210518 -0.3890431
vn 0.7973208 0.4614154 0.38907
vn 0.7973798 0.4613482 -0.3890287
vn 0.5600775 0.7313866 0.3890845
vn 0.5600925 0.7314118 -0.3890156
vn 0.1212128 -0.9132074 0.3890497
vn 0.1210474 -0.913211 -0.3890927
vn 0.4614726 -0.7972923 0.3890604
vn 0.4612735 -0.7973932 -0.3890898
vn 0.7314643 -0.5600116 0.3890334
vn 0.7313156 -0.5601759 -0.3890765
vn 0.8875803 -0.2370047 -0.3950063
vn 0.8876381 -0.2368281 0.3949824
vn 0.9106997 0.1208627 0.3949915
vn 0.9107055 0.1207221 -0.395021
vn 0.7951455 0.4601548 0.3949701
vn 0.7951669 0.4600782 -0.395016
vn 0.5585589 0.7294006 0.3949516
vn 0.5585427 0.7293788 -0.3950146
vn 0.2369544 0.8876151 0.3949583
vn 0.2368755 0.8876121 -0.3950124
vn 0.7293248 -0.5586305 -0.3949901
vn 0.7294534 -0.5584785 0.3949678
vn 0.4600372 -0.795204 -0.394989
vn 0.4601988 -0.7951162 0.3949776
vn 0.1207224 -0.910717 -0.3949946
vn 0.1208622 -0.9106966 0.3949989
vn -0.236955 -0.8876143 -0.3949597
vn -0.2368742 -0.8876107 0.3950162
vn -0.7951487 -0.4601519 -0.394967
vn -0.5585476 -0.7293781 0.3950091
vn -0.5585621 -0.7293978 -0.3949521
vn -0.7951757 -0.4600779 0.3949986
vn -0.9107054 -0.120869 -0.3949764
vn -0.9107143 -0.1207287 0.3949988
vn -0.8876333 0.2368214 -0.3949971
vn -0.8875852 0.2369999 0.3949982
vn -0.7294474 0.5584736 -0.3949858
vn -0.7293143 0.558623 0.3950203
vn -0.4601897 0.7950984 -0.3950241
vn -0.4600339 0.7951986 0.3950039
vn -0.1208613 0.9106905 -0.395013
vn -0.1207223 0.9107162 0.3949964
vn -0.928825 -1.729969E-06 0.3705187
vn -0.9264789 0.1439227 -0.3477398
vn -0.9264809 -2.996167E-06 -0.3763418
vn -0.9288232 -0.1418814 0.3422821
vn -0.9264755 0.2659771 -0.2662694
vn -0.9288251 -0.2621232 0.261869
vn -0.9264777 0.3475979 -0.1442728
vn -0.9288263 -0.3424002 0.1415759
vn -0.9264598 0.3763934 -0.0002848304
vn -0.9288188 -0.3705341 -0.000253204
vn -0.9264672 0.3478276 0.1437861
vn -0.9288164 -0.3422454 -0.1420146
vn -0.9264565 0.2663009 0.266012
vn -0.9288129 -0.2618932 -0.2621423
vn -0.9264493 0.1441503 0.3477246
vn -0.9287987 -0.1417264 -0.342413
vn -0.9264507 -2.911393E-06 0.3764162
vn -0.9287959 -2.270385E-06 -0.3705917
vn -0.9264496 -0.1441559 0.3477216
vn -0.9287938 0.1417302 -0.3424247
vn -0.9264579 -0.2663009 0.2660067
vn -0.9288064 0.2619007 -0.2621576
vn -0.9264618 -0.3478408 0.1437893
vn -0.9288141 0.3422496 -0.1420197
vn -0.9264588 -0.3763959 -0.0002858218
vn -0.9288142 0.3705456 -0.0002547281
vn -0.9264736 -0.3476089 -0.1442733
vn -0.9288064 0.3424454 0.1415975
vn -0.9264593 -0.2660089 -0.2662938
vn -0.928818 0.2621334 0.2618841
vn -0.9264796 -0.1439271 -0.3477361
vn -0.9288218 0.1418789 0.342287
vn 0.9288096 -2.842978E-06 0.3705573
vn 0.9264583 -0.1441466 -0.3477021
vn 0.9264625 -2.915397E-06 -0.3763871
vn 0.9288061 0.1417185 0.3423961
vn 0.9264579 -0.2663007 -0.2660068
vn 0.928808 0.2618998 0.262153
vn 0.9264618 -0.347841 -0.1437889
vn 0.9288137 0.3422505 0.1420201
vn 0.9264588 -0.3763959 0.0002858218
vn 0.9288143 0.3705456 0.0002547281
vn 0.9264736 -0.3476087 0.1442737
vn 0.9288064 0.3424453 -0.1415978
vn 0.9264565 -0.2660083 0.2663041
vn 0.9288192 0.2621358 -0.2618772
vn 0.9264667 -0.1439328 0.3477681
vn 0.9288158 0.141888 -0.3422996
vn 0.9264669 -2.878955E-06 0.3763762
vn 0.9288141 -2.306655E-06 -0.3705461
vn 0.9264699 0.1439244 0.3477632
vn 0.9288138 -0.1418959 -0.3423018
vn 0.9264758 0.2659712 0.2662742
vn 0.928824 -0.2621275 -0.2618686
vn 0.9264777 0.3475978 0.1442732
vn 0.9288267 -0.3423992 -0.1415755
vn 0.9264598 0.3763934 0.0002848304
vn 0.9288188 -0.3705341 0.000253204
vn 0.9264672 0.3478279 -0.1437857
vn 0.9288164 -0.3422455 0.1420143
vn 0.9264595 0.266295 -0.2660072
vn 0.9288113 -0.2618955 0.2621455
vn 0.9264611 0.1441385 -0.347698
vn 0.9288068 -0.1417208 0.3423932
vn 0.389063 -2.439125E-06 0.9212112
vn 0.3890631 0.3524941 0.8511039
vn -0.3890158 0.3525783 0.8510907
vn -0.3890155 -2.639947E-06 0.9212312
vn 0.3890591 -0.3524949 0.8511053
vn -0.3890089 -0.3525852 0.8510908
vn 0.3890562 -0.6513419 0.6514515
vn -0.3890219 -0.651471 0.6513429
vn 0.3890845 -0.8510419 0.3526203
vn -0.38905 -0.8511312 0.3524426
vn 0.3890375 -0.9212219 0.0001152441
vn -0.3890375 -0.9212219 -0.0001152441
vn 0.3890499 -0.8511316 -0.3524416
vn -0.3890845 -0.8510423 -0.3526192
vn 0.3890297 -0.6514679 -0.6513412
vn -0.3890568 -0.6513422 -0.6514509
vn 0.3890372 -0.3525764 -0.8510816
vn -0.3890829 -0.3524924 -0.8510956
vn 0.3890508 0.8511312 -0.3524417
vn -0.3890767 0.6513377 -0.6514434
vn -0.3890979 0.8510277 -0.3526396
vn 0.3890453 0.6514597 -0.6513402
vn -0.3890964 0.3524871 -0.8510916
vn 0.3890361 0.3525726 -0.8510838
vn -0.3890986 -2.586739E-06 -0.9211961
vn 0.3890446 -2.07837E-06 -0.9212189
vn -0.3890459 0.651462 0.6513376
vn 0.3890691 0.6513372 0.6514484
vn -0.3890509 0.8511307 0.3524427
vn 0.389098 0.8510273 0.3526407
vn -0.3890468 0.921218 -0.0001048459
vn 0.3890468 0.921218 0.0001048459
vn 0.3949818 0.8487931 -0.3514821
vn -0.3949992 0.8487152 -0.3516504
vn -0.394994 0.6495569 -0.649658
vn 0.3950165 0.6496513 -0.6495499
vn -0.3949622 0.3515308 -0.848782
vn 0.3949926 0.3515975 -0.8487403
vn -0.3949603 -4.109849E-09 -0.9186982
vn 0.3949979 -1.232982E-08 -0.918682
vn -0.3949592 -0.3515312 -0.8487833
vn 0.3950064 -0.3515952 -0.8487348
vn 0.3949882 0.9186862 9.978058E-05
vn -0.3949882 0.9186862 -9.978058E-05
vn 0.3949992 0.8487152 0.3516504
vn -0.3949808 0.8487935 0.3514822
vn 0.3949901 0.6495597 0.6496575
vn -0.3950188 0.6496506 0.6495493
vn 0.3949831 0.3515308 0.8487723
vn -0.3950173 0.3515946 0.84873
vn 0.3949904 -0.3515296 0.8487694
vn -0.3950258 -4.109993E-09 0.91867
vn 0.3949954 -1.232974E-08 0.9186832
vn -0.3950222 -0.3515938 0.8487281
vn 0.3949983 -0.6495573 0.649655
vn -0.3950298 -0.6496472 0.649546
vn 0.395014 -0.8487094 0.3516479
vn -0.3950296 -0.8487738 0.3514748
vn 0.3950144 -0.9186749 9.976124E-05
vn -0.3950145 -0.9186749 -9.976125E-05
vn 0.3950296 -0.8487738 -0.3514748
vn -0.395015 -0.848709 -0.3516478
vn 0.3950338 -0.6496462 -0.6495447
vn -0.3949946 -0.6495568 -0.6496577
vn 0.3950206 0.3515935 -0.848729
vn 0.3950293 0 -0.9186685
vn -0.394991 0.3515983 0.8487407
vn -0.3949997 0 0.9186812
vn -0.3950018 -0.6495565 -0.6496536
vn -0.9264668 0.2662826 0.2659942
vn -0.926465 -0.2662882 0.2659945
vn -0.9264662 -0.2659969 -0.2662819
vn 0.926465 -0.2662882 -0.2659945
vn 0.9264657 -0.2659977 0.2662829
vn 0.9264668 0.2662826 -0.2659942
vn -0.3950077 0.6495547 -0.6496519
vn 0.3950033 0.9186797 9.982238E-05
vn -0.3950033 0.9186797 -9.982238E-05
vn 0.3950079 0.6495546 0.6496518
vn 0.3950163 -0.6495522 0.6496492
vn 0.3949994 -0.8487152 0.3516502
vn -0.394999 -0.8487154 -0.3516503
vn -2.173546E-06 0.9288269 0.3705139
vn 0.1439117 0.9264807 -0.3477397
vn -1.686107E-06 0.9264784 -0.3763478
vn -0.1418858 0.9288248 0.3422759
vn 0.265957 0.9264833 -0.2662624
vn -0.2621325 0.9288227 0.261868
vn 0.3476039 0.9264759 -0.1442706
vn -0.3424028 0.928825 0.1415785
vn 0.3763504 0.9264774 -0.0002811813
vn -0.3705337 0.9288189 -0.0002466185
vn 0.3478264 0.9264676 0.1437869
vn -0.3422444 0.9288168 -0.1420147
vn 0.2662912 0.9264641 0.2659947
vn -0.2618937 0.9288096 -0.2621535
vn 0.1441378 0.9264652 0.3476875
vn -0.141718 0.9288095 -0.3423872
vn -2.357385E-06 0.9264636 0.3763844
vn -2.552632E-06 0.9288092 -0.3705584
vn -0.1441418 0.9264646 0.3476875
vn 0.1417129 0.9288094 -0.3423894
vn -0.2662831 0.9264697 0.2659833
vn 0.261887 0.9288124 -0.26215
vn -0.3478172 0.9264722 0.1437793
vn 0.3422494 0.9288148 -0.1420159
vn -0.3763808 0.926465 -0.0002840567
vn 0.3705247 0.9288226 -0.0002488985
vn -0.3476201 0.9264685 -0.1442786
vn 0.3424229 0.9288167 0.1415846
vn -0.265987 0.9264688 -0.2662827
vn 0.2621348 0.9288196 0.261877
vn -0.1439221 0.9264776 -0.3477437
vn 0.1418785 0.9288259 0.3422763
vn -2.552632E-06 -0.9288092 0.3705584
vn -0.1441411 -0.926465 -0.3476864
vn -2.385689E-06 -0.9264638 -0.376384
vn 0.1417129 -0.9288094 0.3423894
vn -0.2662832 -0.9264697 -0.2659832
vn 0.261887 -0.9288124 0.2621499
vn -0.3478171 -0.9264722 -0.1437793
vn 0.3422494 -0.9288148 0.1420159
vn -0.3763808 -0.926465 0.0002840446
vn 0.3705247 -0.9288226 0.0002489308
vn -0.3476202 -0.9264684 0.1442787
vn 0.3424229 -0.9288167 -0.1415846
vn -0.2659878 -0.9264683 0.2662838
vn 0.2621348 -0.9288196 -0.261877
vn -0.1439227 -0.9264771 0.3477448
vn 0.1418786 -0.9288258 -0.3422762
vn -1.718455E-06 -0.9264783 0.3763482
vn -2.322752E-06 -0.9288264 -0.3705152
vn 0.1439126 -0.9264801 0.3477412
vn -0.141886 -0.9288246 -0.3422764
vn 0.2659576 -0.9264829 0.2662632
vn -0.2621325 -0.9288227 -0.2618681
vn 0.3476039 -0.9264758 0.1442706
vn -0.3424028 -0.928825 -0.1415785
vn 0.3763505 -0.9264774 0.0002811652
vn -0.3705338 -0.9288189 0.0002466467
vn 0.3478263 -0.9264676 -0.143787
vn -0.3422444 -0.9288168 0.1420147
vn 0.2662911 -0.9264643 -0.2659943
vn -0.2618938 -0.9288096 0.2621535
vn 0.1441371 -0.9264657 -0.3476864
vn -0.141718 -0.9288095 0.3423872
vn 1.639768E-07 -0.3890913 0.9211991
vn 0.3524864 -0.3890894 0.8510951
vn 0.352576 0.3890508 0.8510756
vn -1.049435E-06 0.3890478 0.9212176
vn -0.3524897 -0.3890865 0.851095
vn -0.3525781 0.3890474 0.8510762
vn -0.6513341 -0.3890731 0.6514491
vn -0.6514565 0.3890572 0.6513363
vn -0.8510447 -0.3890732 0.3526257
vn -0.8511205 0.3890791 0.3524362
vn -0.9212097 -0.3890664 0.0001116869
vn -0.9212097 0.3890665 -0.0001116623
vn -0.8511205 -0.3890791 -0.3524363
vn -0.8510447 0.3890733 -0.3526257
vn -0.6514564 -0.3890575 -0.6513361
vn -0.6513339 0.3890742 -0.6514487
vn -0.3525773 -0.3890487 -0.851076
vn -0.3524893 0.3890884 -0.8510943
vn 0.8511276 -0.3890644 -0.3524356
vn 0.6513166 0.3891053 -0.6514474
vn 0.8510406 0.3890856 -0.352622
vn 0.651455 -0.3890507 -0.6513417
vn 0.3524861 0.3890906 -0.8510946
vn 0.3525757 -0.389052 -0.8510751
vn 1.885734E-07 0.3890922 -0.9211988
vn -1.360987E-06 -0.3890477 -0.9212176
vn 0.651455 0.3890506 0.6513417
vn 0.651317 -0.389104 0.6514478
vn 0.8511276 0.3890643 0.3524355
vn 0.8510407 -0.3890854 0.3526221
vn 0.9212033 0.3890816 -0.0001103156
vn 0.9212033 -0.3890818 0.0001103403
vn 0.8487871 -0.3949978 -0.3514788
vn 0.8487128 0.3950065 -0.3516483
vn 0.6495547 0.3949996 -0.6496569
vn 0.649653 -0.3950168 -0.6495482
vn 0.3515272 0.3949942 -0.8487687
vn 0.351593 -0.3950297 -0.8487248
vn -1.105566E-06 0.394994 -0.9186838
vn -1.109699E-06 -0.395028 -0.9186691
vn -0.3515303 0.3949993 -0.848765
vn -0.3515983 -0.395026 -0.8487243
vn 0.9186736 -0.3950173 9.73815E-05
vn 0.9186736 0.3950173 -9.72952E-05
vn 0.8487127 -0.3950067 0.3516482
vn 0.8487871 0.3949977 0.3514788
vn 0.6495548 -0.3949997 0.6496567
vn 0.649653 0.3950168 0.6495482
vn 0.3515272 -0.3949942 0.8487687
vn 0.351593 0.3950302 0.8487247
vn -0.3515303 -0.3949993 0.848765
vn -1.105589E-06 0.3950292 0.9186686
vn -1.105566E-06 -0.394994 0.9186838
vn -0.3515984 0.395026 0.8487243
vn -0.649556 -0.3949938 0.6496591
vn -0.6496487 0.3950272 0.649546
vn -0.8487095 -0.3950104 0.3516519
vn -0.8487722 0.3950302 0.3514781
vn -0.9186748 -0.3950146 9.733625E-05
vn -0.9186749 0.3950146 -9.728692E-05
vn -0.8487721 -0.3950304 -0.351478
vn -0.8487095 0.3950103 -0.351652
vn -0.6496487 -0.3950273 -0.649546
vn -0.6495558 0.3949937 -0.6496593
vn 0.9264729 -0.1439221 -0.3477562
vn 0.9264819 -0.2659657 -0.2662584
vn 0.9288306 0.2621099 0.2618631
vn 0.9264714 -0.3476125 -0.1442787
vn 0.928821 0.3424147 0.1415763
vn 0.926461 -0.3478419 0.1437919
vn 0.9288106 0.3422568 -0.142025
vn 0.9264693 -0.2662834 0.2659845
vn 0.9288176 0.261884 -0.2621348
vn 0.9264611 -0.1441388 0.3476979
vn 0.9264616 0.1441443 0.3476942
vn 0.9264648 0.2662937 0.26599
vn 0.9288171 -0.2618773 -0.2621431
vn 0.9264553 0.3478558 0.143795
vn 0.9288082 -0.3422655 -0.1420205
vn 0.9264672 0.3476234 -0.1442796
vn 0.9288009 -0.3424561 0.1416076
vn 0.9264687 0.2659924 -0.2662776
vn 0.9288234 -0.2621276 0.2618707
vn 0.9264793 0.143921 -0.3477396
vn -0.9264613 0.1441442 -0.3476951
vn -0.926464 0.266295 -0.2659915
vn -0.9288164 -0.2618786 0.2621442
vn -0.9264552 0.3478559 -0.1437949
vn -0.9288083 -0.3422651 0.1420205
vn -0.9264674 0.3476228 0.1442796
vn -0.9288009 -0.3424559 -0.1416078
vn -0.9264662 0.2659969 0.266282
vn -0.9288249 -0.2621251 -0.2618677
vn -0.9264688 0.1439301 0.3477639
vn -0.926481 -0.1439138 0.3477381
vn -0.9264827 -0.2659639 0.2662574
vn -0.928835 0.2621034 -0.2618535
vn -0.9264714 -0.3476124 0.1442788
vn -0.9288214 0.3424138 -0.1415758
vn -0.9264607 -0.3478424 -0.143792
vn -0.928811 0.3422561 0.1420244
vn -0.9264687 -0.2662843 -0.2659858
vn -0.928817 0.2618846 0.2621362
vn -0.9264611 -0.1441385 -0.347698
vn -0.3890913 -0.3524894 0.8510929
vn 0.3890454 -0.3525729 0.8510793
vn -0.3890658 0.3524906 0.8511041
vn 0.3890379 0.3525808 0.8510795
vn -0.3890701 0.8510453 0.3526278
vn 0.3890359 0.851139 0.3524393
vn -0.3890354 0.8511395 -0.3524387
vn 0.38907 0.8510457 -0.352627
vn -0.389037 0.3525796 -0.8510804
vn 0.3890904 0.3524885 -0.8510937
vn -0.389036 -0.8511347 -0.3524495
vn 0.3890833 -0.8510356 -0.3526367
vn 0.3890742 -0.3524934 -0.8510991
vn -0.3890438 -0.3525717 -0.8510805
vn 0.3890361 -0.8511344 0.3524504
vn -0.3890839 -0.8510351 0.3526373
vn -0.3949665 -0.8487992 -0.3514845
vn 0.3949836 -0.8487216 -0.3516528
vn 0.394991 -0.3515266 -0.8487703
vn -0.3950292 -2.40435E-06 -0.9186686
vn -0.3950335 0.3515913 -0.8487238
vn -0.3949842 -0.8487213 0.3516529
vn 0.3949658 -0.8487995 0.3514847
vn -0.3949903 -0.3515274 0.8487703
vn 0.3950173 -0.3515946 0.84873
vn 0.3950187 2.383789E-06 0.9186731
vn 0.3950072 0.3515964 0.848734
vn -0.394999 0.8487154 0.3516505
vn 0.3950144 0.8487799 0.3514773
vn -0.3950142 0.84878 -0.3514774
vn 0.3949989 0.8487154 -0.3516504
vn 0.8487771 -0.3950181 -0.3514802
vn 0.8487768 0.3950202 0.3514782
vn -0.6495529 -0.3950062 0.6496547
vn -0.6495529 0.3950062 -0.6496547

usemtl Glass
f 4/1/2 3/1/2 2/1/1 1/1/1
f 6/2/3 5/2/3 3/1/2 4/1/2
f 8/2/4 7/2/4 5/2/3 6/2/3
f 10/3/5 9/3/5 7/2/4 8/2/4
f 14/5/7 13/5/7 12/4/6 11/4/6
f 16/5/8 15/5/8 13/5/7 14/5/7
f 18/5/9 17/5/9 15/5/8 16/5/8
f 1/1/1 2/1/1 17/5/9 18/5/9
f 22/7/11 21/7/11 20/6/10 19/6/10
f 24/7/12 23/7/12 21/7/11 22/7/11
f 26/4/13 25/4/13 23/7/12 24/7/12
f 11/4/6 12/4/6 25/4/13 26/4/13
f 30/8/14 27/8/14 29/8/15 28/8/15
f 32/3/16 31/3/16 27/8/14 30/8/14
f 9/3/5 10/3/5 31/3/16 32/3/16
f 19/6/10 20/6/10 28/6/15 29/6/15
f 36/1/11 33/1/10 35/1/10 34/1/11
f 38/2/12 36/1/11 34/1/11 37/2/12
f 40/2/13 38/2/12 37/2/12 39/2/13
f 42/3/6 40/2/13 39/2/13 41/3/6
f 46/5/16 43/4/5 45/4/5 44/5/16
f 48/5/14 46/5/16 44/5/16 47/5/14
f 50/5/15 48/5/14 47/5/14 49/5/15
f 33/1/10 50/5/15 49/5/15 35/1/10
f 54/7/2 51/6/1 53/6/1 52/7/2
f 56/7/3 54/7/2 52/7/2 55/7/3
f 58/4/4 56/7/3 55/7/3 57/4/4
f 43/4/5 58/4/4 57/4/4 45/4/5
f 62/8/8 61/8/9 60/8/9 59/8/8
f 64/3/7 62/8/8 59/8/8 63/3/7
f 41/3/6 64/3/7 63/3/7 42/3/6
f 61/6/9 53/6/1 51/6/1 60/6/9
f 59/8/17 60/8/18 29/8/18 27/8/17
f 63/3/20 59/8/17 27/8/17 31/3/19
f 42/3/21 63/3/20 31/3/19 10/3/20
f 40/2/21 42/3/21 10/3/20 8/2/21
f 38/2/22 40/2/21 8/2/21 6/2/21
f 36/1/24 38/2/22 6/2/21 4/1/23
f 33/1/25 36/1/24 4/1/23 1/1/25
f 50/5/18 33/1/25 1/1/25 18/5/18
f 48/5/17 50/5/18 18/5/18 16/5/17
f 46/5/20 48/5/17 16/5/17 14/5/19
f 43/4/21 46/5/20 14/5/19 11/4/20
f 58/4/21 43/4/21 11/4/20 26/4/21
f 56/7/22 58/4/21 26/4/21 24/7/21
f 54/7/24 56/7/22 24/7/21 22/7/23
f 51/6/25 54/7/24 22/7/23 19/6/25
f 60/6/18 51/6/25 19/6/25 29/6/18
f 30/8/27 28/8/26 61/8/26 62/8/27
f 32/3/29 30/8/27 62/8/27 64/3/28
f 9/3/31 32/3/29 64/3/28 41/3/30
f 7/2/31 9/3/31 41/3/30 39/2/31
f 5/2/32 7/2/31 39/2/31 37/2/31
f 3/1/33 5/2/32 37/2/31 34/1/32
f 2/1/34 3/1/33 34/1/32 35/1/34
f 17/5/26 2/1/34 35/1/34 49/5/26
f 15/5/27 17/5/26 49/5/26 47/5/27
f 13/5/29 15/5/27 47/5/27 44/5/28
f 12/4/31 13/5/29 44/5/28 45/4/30
f 25/4/31 12/4/31 45/4/30 57/4/31
f 23/7/32 25/4/31 57/4/31 55/7/31
f 21/7/33 23/7/32 55/7/31 52/7/32
f 20/6/34 21/7/33 52/7/32 53/6/34
f 28/6/26 20/6/34 53/6/34 61/6/26
f 68/10/38 67/10/37 66/9/36 65/9/35
f 70/10/40 67/10/37 68/10/38 69/10/39
f 72/11/42 70/10/40 69/10/39 71/11/41
f 76/12/46 73/12/43 75/13/45 74/13/44
f 78/15/47 76/12/46 74/13/44 77/14/47
f 82/14/47 77/14/47 74/13/44 79/13/48
f 81/15/50 78/15/47 77/14/47 80/14/49
f 84/14/52 80/14/49 77/14/47 82/14/47
f 85/17/47 82/14/47 79/13/48 83/16/51
f 87/17/54 84/14/52 82/14/47 85/17/47
f 88/17/47 85/17/47 83/16/51 86/16/53
f 90/17/56 87/17/54 85/17/47 88/17/47
f 91/19/47 88/17/47 86/16/53 89/18/55
f 93/19/58 90/17/56 88/17/47 91/19/47
f 94/19/47 91/19/47 89/18/55 92/18/57
f 96/19/60 93/19/58 91/19/47 94/19/47
f 99/19/47 94/19/47 92/18/57 95/18/59
f 98/20/62 97/20/61 93/19/58 96/19/60
f 100/19/63 96/19/60 94/19/47 99/19/47
f 101/20/64 98/20/62 96/19/60 100/19/63
f 103/2/66 102/1/65 101/20/64 100/19/63
f 104/2/47 103/2/66 100/19/63 99/19/47
f 105/3/67 104/2/47 99/19/47 95/18/59
f 109/22/71 108/22/70 107/21/69 106/21/68
f 80/14/49 109/22/71 106/21/68 81/15/50
f 110/22/72 109/22/71 80/14/49 84/14/52
f 111/22/73 108/22/70 109/22/71 110/22/72
f 112/23/74 110/22/72 84/14/52 87/17/54
f 113/23/75 111/22/73 110/22/72 112/23/74
f 116/23/78 112/23/74 87/17/54 90/17/56
f 115/25/77 114/24/76 111/22/73 113/23/75
f 117/23/79 113/23/75 112/23/74 116/23/78
f 97/20/61 116/23/78 90/17/56 93/19/58
f 118/25/80 115/25/77 113/23/75 117/23/79
f 119/20/81 117/23/79 116/23/78 97/20/61
f 123/24/85 122/24/84 121/26/83 120/26/82
f 127/24/89 123/24/85 120/26/82 124/26/86
f 126/24/88 122/24/84 123/24/85 125/24/87
f 108/22/70 127/24/89 124/26/86 107/21/69
f 114/24/76 127/24/89 108/22/70 111/22/73
f 125/24/87 123/24/85 127/24/89 114/24/76
f 128/25/90 125/24/87 114/24/76 115/25/77
f 129/25/91 126/24/88 125/24/87 128/25/90
f 130/25/92 128/25/90 115/25/77 118/25/80
f 134/30/93 133/29/95 132/28/94 131/27/93
f 138/30/98 134/30/93 131/27/93 135/27/96
f 137/29/97 133/29/95 134/30/93 136/30/93
f 122/24/84 138/30/98 135/27/96 121/26/83
f 139/30/99 138/30/98 122/24/84 126/24/88
f 136/30/93 134/30/93 138/30/98 139/30/99
f 141/31/93 136/30/93 139/30/99 140/31/100
f 142/32/101 137/29/97 136/30/93 141/31/93
f 144/31/93 141/31/93 140/31/100 143/31/102
f 145/32/103 142/32/101 141/31/93 144/31/93
f 147/33/93 144/31/93 143/31/102 146/33/104
f 148/34/105 145/32/103 144/31/93 147/33/93
f 150/33/93 147/33/93 146/33/104 149/33/106
f 151/34/107 148/34/105 147/33/93 150/33/93
f 153/33/93 150/33/93 149/33/106 152/33/108
f 157/34/111 151/34/107 150/33/93 153/33/93
f 155/4/109 154/4/93 153/33/93 152/33/108
f 157/34/111 153/33/93 154/4/93 156/7/110
f 160/34/114 158/34/112 151/34/107 157/34/111
f 160/34/114 157/34/111 156/7/110 159/7/113
f 162/29/116 68/10/38 65/9/35 161/28/115
f 133/29/95 162/29/116 161/28/115 132/28/94
f 163/29/117 162/29/116 133/29/95 137/29/97
f 69/10/39 68/10/38 162/29/116 163/29/117
f 164/32/118 163/29/117 137/29/97 142/32/101
f 71/11/41 69/10/39 163/29/117 164/32/118
f 165/32/119 164/32/118 142/32/101 145/32/103
f 166/11/120 71/11/41 164/32/118 165/32/119
f 168/34/122 165/32/119 145/32/103 148/34/105
f 167/11/121 72/11/42 71/11/41 166/11/120
f 169/35/123 166/11/120 165/32/119 168/34/122
f 158/34/112 168/34/122 148/34/105 151/34/107
f 170/35/124 167/11/121 166/11/120 169/35/123
f 171/35/125 169/35/123 168/34/122 158/34/112
f 172/35/126 171/35/125 158/34/112 160/34/114
f 174/37/128 75/13/45 73/12/43 173/36/127
f 67/37/37 174/37/128 173/36/127 66/36/36
f 175/37/129 174/37/128 67/37/37 70/37/40
f 176/38/130 175/37/129 70/37/40 72/38/42
f 172/35/126 160/34/114 159/7/113 177/6/131
f 179/35/133 172/35/126 177/6/131 178/6/132
f 171/35/125 172/35/126 179/35/133 180/35/134
f 169/35/123 171/35/125 180/35/134 170/35/124
f 184/39/138 181/39/135 183/5/137 182/5/136
f 152/33/108 184/39/138 182/5/136 155/4/109
f 185/39/139 184/39/138 152/33/108 149/33/106
f 186/39/140 181/39/135 184/39/138 185/39/139
f 187/39/141 185/39/139 149/33/106 146/33/104
f 188/39/142 186/39/140 185/39/139 187/39/141
f 191/25/145 187/39/141 146/33/104 143/31/102
f 190/39/144 189/39/143 186/39/140 188/39/142
f 130/25/92 188/39/142 187/39/141 191/25/145
f 129/25/91 191/25/145 143/31/102 140/31/100
f 118/25/80 190/39/144 188/39/142 130/25/92
f 128/25/90 130/25/92 191/25/145 129/25/91
f 126/24/88 129/25/91 140/31/100 139/30/99
f 193/20/147 101/20/64 102/1/65 192/1/146
f 196/39/150 193/20/147 192/1/146 194/5/148
f 98/20/62 101/20/64 193/20/147 195/20/149
f 181/39/135 196/39/150 194/5/148 183/5/137
f 189/39/143 196/39/150 181/39/135 186/39/140
f 195/20/149 193/20/147 196/39/150 189/39/143
f 119/20/81 195/20/149 189/39/143 190/39/144
f 97/20/61 98/20/62 195/20/149 119/20/81
f 117/23/79 119/20/81 190/39/144 118/25/80
f 200/18/154 197/40/151 199/8/153 198/3/152
f 95/18/59 200/18/154 198/3/152 105/3/67
f 201/18/155 200/18/154 95/18/59 92/18/57
f 202/40/156 197/40/151 200/18/154 201/18/155
f 203/18/157 201/18/155 92/18/57 89/18/55
f 204/40/158 202/40/156 201/18/155 203/18/157
f 205/16/159 203/18/157 89/18/55 86/16/53
f 170/40/124 180/40/134 202/40/156 204/40/158
f 206/38/160 204/40/158 203/18/157 205/16/159
f 207/16/161 205/16/159 86/16/53 83/16/51
f 167/38/121 170/40/124 204/40/158 206/38/160
f 176/38/130 206/38/160 205/16/159 207/16/161
f 208/13/162 207/16/161 83/16/51 79/13/48
f 72/38/42 167/38/121 206/38/160 176/38/130
f 175/37/129 176/38/130 207/16/161 208/13/162
f 75/13/45 208/13/162 79/13/48 74/13/44
f 174/37/128 175/37/129 208/13/162 75/13/45
f 197/40/151 179/40/133 178/8/132 199/8/153
f 180/40/134 179/40/133 197/40/151 202/40/156
f 212/10/166 209/9/163 211/9/165 210/10/164
f 214/10/76 213/10/167 212/10/166 210/10/164
f 218/14/171 215/15/168 217/15/170 216/14/169
f 222/13/175 219/12/172 215/15/168 218/14/171
f 221/14/174 220/14/173 218/14/171 216/14/169
f 224/13/177 223/12/176 219/12/172 222/13/175
f 226/13/179 225/13/178 224/13/177 222/13/175
f 220/14/173 226/13/179 222/13/175 218/14/171
f 228/17/181 227/16/180 226/13/179 220/14/173
f 229/17/182 228/17/181 220/14/173 221/14/174
f 231/17/184 230/16/183 227/16/180 228/17/181
f 232/17/185 231/17/184 228/17/181 229/17/182
f 234/19/187 233/18/186 230/16/183 231/17/184
f 235/19/188 234/19/187 231/17/184 232/17/185
f 237/19/190 236/18/189 233/18/186 234/19/187
f 238/19/191 237/19/190 234/19/187 235/19/188
f 240/19/193 239/18/192 236/18/189 237/19/190
f 244/19/197 240/19/193 237/19/190 238/19/191
f 242/3/195 239/18/192 240/19/193 241/2/194
f 244/19/197 243/2/196 241/2/194 240/19/193
f 247/20/200 244/19/197 238/19/191 245/20/198
f 247/20/200 246/1/199 243/2/196 244/19/197
f 251/22/204 248/21/201 250/21/203 249/22/202
f 216/14/169 217/15/170 248/21/201 251/22/204
f 252/22/205 221/14/174 216/14/169 251/22/204
f 253/22/206 252/22/205 251/22/204 249/22/202
f 254/23/207 229/17/182 221/14/174 252/22/205
f 255/23/208 254/23/207 252/22/205 253/22/206
f 256/23/209 232/17/185 229/17/182 254/23/207
f 257/23/210 256/23/209 254/23/207 255/23/208
f 260/20/211 235/19/188 232/17/185 256/23/209
f 259/25/121 257/23/210 255/23/208 258/25/42
f 261/20/212 260/20/211 256/23/209 257/23/210
f 245/20/198 238/19/191 235/19/188 260/20/211
f 262/39/124 261/20/212 257/23/210 259/25/121
f 263/20/213 245/20/198 260/20/211 261/20/212
f 264/20/214 247/20/200 245/20/198 263/20/213
f 268/24/218 265/26/215 267/26/217 266/24/216
f 270/24/220 269/26/219 265/26/215 268/24/218
f 249/22/202 250/21/203 269/26/219 270/24/220
f 271/24/40 253/22/206 249/22/202 270/24/220
f 272/24/221 271/24/40 270/24/220 268/24/218
f 258/25/42 255/23/208 253/22/206 271/24/40
f 273/25/222 258/25/42 271/24/40 272/24/221
f 275/27/224 274/30/223 266/24/216 267/26/217
f 277/27/226 276/30/225 274/30/223 275/27/224
f 281/30/230 278/30/227 274/30/223 276/30/225
f 280/28/229 279/29/228 276/30/225 277/27/226
f 283/29/232 281/30/230 276/30/225 279/29/228
f 284/31/233 282/31/231 278/30/227 281/30/230
f 286/32/235 284/31/233 281/30/230 283/29/232
f 287/31/236 285/31/234 282/31/231 284/31/233
f 289/32/238 287/31/236 284/31/233 286/32/235
f 290/33/239 288/33/237 285/31/234 287/31/236
f 292/34/241 290/33/239 287/31/236 289/32/238
f 293/33/242 291/33/240 288/33/237 290/33/239
f 295/34/244 293/33/242 290/33/239 292/34/241
f 298/33/247 294/33/243 291/33/240 293/33/242
f 297/34/246 295/34/244 292/34/241 296/34/245
f 299/34/248 298/33/247 293/33/242 295/34/244
f 300/34/249 299/34/248 295/34/244 297/34/246
f 302/7/251 299/34/248 300/34/249 301/7/250
f 303/4/247 298/33/247 299/34/248 302/7/251
f 304/4/252 294/33/243 298/33/247 303/4/247
f 306/29/254 305/28/253 209/9/163 212/10/166
f 279/29/228 280/28/229 305/28/253 306/29/254
f 307/29/255 283/29/232 279/29/228 306/29/254
f 213/10/167 307/29/255 306/29/254 212/10/166
f 308/32/256 286/32/235 283/29/232 307/29/255
f 309/11/257 308/32/256 307/29/255 213/10/167
f 311/32/258 289/32/238 286/32/235 308/32/256
f 310/11/77 309/11/257 213/10/167 214/10/76
f 312/11/259 311/32/258 308/32/256 309/11/257
f 296/34/245 292/34/241 289/32/238 311/32/258
f 313/11/80 312/11/259 309/11/257 310/11/77
f 314/35/260 296/34/245 311/32/258 312/11/259
f 316/37/262 315/36/261 223/12/176 224/13/177
f 210/37/164 211/36/165 315/36/261 316/37/262
f 317/37/263 214/37/76 210/37/164 316/37/262
f 225/13/178 317/37/263 316/37/262 224/13/177
f 318/38/264 310/38/77 214/37/76 317/37/263
f 319/16/265 318/38/264 317/37/263 225/13/178
f 320/38/266 313/38/80 310/38/77 318/38/264
f 322/35/268 321/6/267 301/7/250 300/34/249
f 324/35/270 323/6/269 321/6/267 322/35/268
f 326/35/271 325/35/143 324/35/270 322/35/268
f 297/34/246 326/35/271 322/35/268 300/34/249
f 314/35/260 327/35/144 325/35/143 326/35/271
f 296/34/245 314/35/260 326/35/271 297/34/246
f 312/11/259 313/11/80 327/35/144 314/35/260
f 331/39/275 330/5/274 329/5/273 328/39/272
f 294/33/243 304/4/252 330/5/274 331/39/275
f 332/39/276 291/33/240 294/33/243 331/39/275
f 333/39/277 332/39/276 331/39/275 328/39/272
f 334/39/278 288/33/237 291/33/240 332/39/276
f 335/39/279 334/39/278 332/39/276 333/39/277
f 337/25/280 285/31/234 288/33/237 334/39/278
f 262/39/124 335/39/279 333/39/277 336/39/134
f 338/25/281 337/25/280 334/39/278 335/39/279
f 339/25/282 282/31/231 285/31/234 337/25/280
f 259/25/121 338/25/281 335/39/279 262/39/124
f 273/25/222 339/25/282 337/25/280 338/25/281
f 340/24/283 278/30/227 282/31/231 339/25/282
f 258/25/42 273/25/222 338/25/281 259/25/121
f 272/24/221 340/24/283 339/25/282 273/25/222
f 266/24/216 274/30/223 278/30/227 340/24/283
f 268/24/218 266/24/216 340/24/283 272/24/221
f 264/20/214 341/1/284 246/1/199 247/20/200
f 343/39/286 342/5/285 341/1/284 264/20/214
f 328/39/272 329/5/273 342/5/285 343/39/286
f 336/39/134 333/39/277 328/39/272 343/39/286
f 263/20/213 336/39/134 343/39/286 264/20/214
f 261/20/212 262/39/124 336/39/134 263/20/213
f 347/18/290 346/3/289 345/8/288 344/40/287
f 239/18/192 242/3/195 346/3/289 347/18/290
f 348/18/291 236/18/189 239/18/192 347/18/290
f 349/40/292 348/18/291 347/18/290 344/40/287
f 350/18/293 233/18/186 236/18/189 348/18/291
f 351/40/294 350/18/293 348/18/291 349/40/292
f 352/16/295 230/16/183 233/18/186 350/18/293
f 327/40/144 351/40/294 349/40/292 325/40/143
f 320/38/266 352/16/295 350/18/293 351/40/294
f 319/16/265 227/16/180 230/16/183 352/16/295
f 313/38/80 320/38/266 351/40/294 327/40/144
f 318/38/264 319/16/265 352/16/295 320/38/266
f 225/13/178 226/13/179 227/16/180 319/16/265
f 344/40/287 345/8/288 323/8/269 324/40/270
f 325/40/143 349/40/292 344/40/287 324/40/270
f 199/8/298 178/8/296 323/8/296 345/8/297
f 198/3/300 199/8/298 345/8/297 346/3/299
f 105/3/302 198/3/300 346/3/299 242/3/301
f 104/2/304 105/3/302 242/3/301 241/2/303
f 103/2/306 104/2/304 241/2/303 243/2/305
f 102/1/308 103/2/306 243/2/305 246/1/307
f 192/1/310 102/1/308 246/1/307 341/1/309
f 194/5/311 192/1/310 341/1/309 342/5/311
f 183/5/313 194/5/311 342/5/311 329/5/312
f 182/5/315 183/5/313 329/5/312 330/5/314
f 155/4/317 182/5/315 330/5/314 304/4/316
f 154/4/319 155/4/317 304/4/316 303/4/318
f 156/7/321 154/4/319 303/4/318 302/7/320
f 159/7/323 156/7/321 302/7/320 301/7/322
f 177/6/325 159/7/323 301/7/322 321/6/324
f 178/6/296 177/6/325 321/6/324 323/6/296
f 65/9/327 66/9/15 211/9/15 209/9/326
f 161/28/329 65/9/327 209/9/326 305/28/328
f 132/28/331 161/28/329 305/28/328 280/28/330
f 131/27/333 132/28/331 280/28/330 277/27/332
f 135/27/335 131/27/333 277/27/332 275/27/334
f 121/26/337 135/27/335 275/27/334 267/26/336
f 120/26/339 121/26/337 267/26/336 265/26/338
f 124/26/340 120/26/339 265/26/338 269/26/340
f 107/21/342 124/26/340 269/26/340 250/21/341
f 106/21/344 107/21/342 250/21/341 248/21/343
f 81/15/346 106/21/344 248/21/343 217/15/345
f 78/15/348 81/15/346 217/15/345 215/15/347
f 76/12/350 78/15/348 215/15/347 219/12/349
f 73/12/352 76/12/350 219/12/349 223/12/351
f 173/36/354 73/12/352 223/12/351 315/36/353
f 66/36/15 173/36/354 315/36/353 211/36/15
f 356/10/358 355/10/357 354/9/356 353/9/355
f 358/10/360 355/10/357 356/10/358 357/10/359
f 360/11/362 358/10/360 357/10/359 359/11/361
f 364/12/366 361/12/363 363/13/365 362/13/364
f 366/15/18 364/12/366 362/13/364 365/14/18
f 370/14/18 365/14/18 362/13/364 367/13/367
f 369/15/369 366/15/18 365/14/18 368/14/368
f 372/14/371 368/14/368 365/14/18 370/14/18
f 373/17/18 370/14/18 367/13/367 371/16/370
f 375/17/373 372/14/371 370/14/18 373/17/18
f 376/17/18 373/17/18 371/16/370 374/16/372
f 378/17/375 375/17/373 373/17/18 376/17/18
f 379/19/18 376/17/18 374/16/372 377/18/374
f 381/19/377 378/17/375 376/17/18 379/19/18
f 382/19/18 379/19/18 377/18/374 380/18/376
f 384/19/379 381/19/377 379/19/18 382/19/18
f 387/19/18 382/19/18 380/18/376 383/18/378
f 386/20/381 385/20/380 381/19/377 384/19/379
f 388/19/382 384/19/379 382/19/18 387/19/18
f 389/20/383 386/20/381 384/19/379 388/19/382
f 391/2/385 390/1/384 389/20/383 388/19/382
f 392/2/18 391/2/385 388/19/382 387/19/18
f 393/3/386 392/2/18 387/19/18 383/18/378
f 397/22/390 396/22/389 395/21/388 394/21/387
f 368/14/368 397/22/390 394/21/387 369/15/369
f 398/22/391 397/22/390 368/14/368 372/14/371
f 399/22/392 396/22/389 397/22/390 398/22/391
f 400/23/393 398/22/391 372/14/371 375/17/373
f 401/23/394 399/22/392 398/22/391 400/23/393
f 404/23/397 400/23/393 375/17/373 378/17/375
f 403/25/396 402/24/395 399/22/392 401/23/394
f 405/23/398 401/23/394 400/23/393 404/23/397
f 385/20/380 404/23/397 378/17/375 381/19/377
f 406/25/399 403/25/396 401/23/394 405/23/398
f 407/20/400 405/23/398 404/23/397 385/20/380
f 411/24/404 410/24/403 409/26/402 408/26/401
f 415/24/408 411/24/404 408/26/401 412/26/405
f 414/24/407 410/24/403 411/24/404 413/24/406
f 396/22/389 415/24/408 412/26/405 395/21/388
f 402/24/395 415/24/408 396/22/389 399/22/392
f 413/24/406 411/24/404 415/24/408 402/24/395
f 416/25/409 413/24/406 402/24/395 403/25/396
f 417/25/410 414/24/407 413/24/406 416/25/409
f 418/25/411 416/25/409 403/25/396 406/25/399
f 422/30/26 421/29/413 420/28/412 419/27/26
f 426/30/416 422/30/26 419/27/26 423/27/414
f 425/29/415 421/29/413 422/30/26 424/30/26
f 410/24/403 426/30/416 423/27/414 409/26/402
f 427/30/417 426/30/416 410/24/403 414/24/407
f 424/30/26 422/30/26 426/30/416 427/30/417
f 429/31/26 424/30/26 427/30/417 428/31/418
f 430/32/419 425/29/415 424/30/26 429/31/26
f 432/31/26 429/31/26 428/31/418 431/31/420
f 433/32/421 430/32/419 429/31/26 432/31/26
f 435/33/26 432/31/26 431/31/420 434/33/422
f 436/34/423 433/32/421 432/31/26 435/33/26
f 438/33/26 435/33/26 434/33/422 437/33/424
f 439/34/425 436/34/423 435/33/26 438/33/26
f 441/33/26 438/33/26 437/33/424 440/33/426
f 445/34/429 439/34/425 438/33/26 441/33/26
f 443/4/427 442/4/26 441/33/26 440/33/426
f 445/34/429 441/33/26 442/4/26 444/7/428
f 448/34/432 446/34/430 439/34/425 445/34/429
f 448/34/432 445/34/429 444/7/428 447/7/431
f 450/29/434 356/10/358 353/9/355 449/28/433
f 421/29/413 450/29/434 449/28/433 420/28/412
f 451/29/435 450/29/434 421/29/413 425/29/415
f 357/10/359 356/10/358 450/29/434 451/29/435
f 452/32/436 451/29/435 425/29/415 430/32/419
f 359/11/361 357/10/359 451/29/435 452/32/436
f 453/32/437 452/32/436 430/32/419 433/32/421
f 454/11/438 359/11/361 452/32/436 453/32/437
f 456/34/440 453/32/437 433/32/421 436/34/423
f 455/11/439 360/11/362 359/11/361 454/11/438
f 457/35/441 454/11/438 453/32/437 456/34/440
f 446/34/430 456/34/440 436/34/423 439/34/425
f 458/35/442 455/11/439 454/11/438 457/35/441
f 459/35/443 457/35/441 456/34/440 446/34/430
f 460/35/444 459/35/443 446/34/430 448/34/432
f 462/37/446 363/13/365 361/12/363 461/36/445
f 355/37/357 462/37/446 461/36/445 354/36/356
f 463/37/447 462/37/446 355/37/357 358/37/360
f 464/38/448 463/37/447 358/37/360 360/38/362
f 460/35/444 448/34/432 447/7/431 465/6/449
f 467/35/451 460/35/444 465/6/449 466/6/450
f 459/35/443 460/35/444 467/35/451 468/35/452
f 457/35/441 459/35/443 468/35/452 458/35/442
f 472/39/456 469/39/453 471/5/455 470/5/454
f 440/33/426 472/39/456 470/5/454 443/4/427
f 473/39/457 472/39/456 440/33/426 437/33/424
f 474/39/458 469/39/453 472/39/456 473/39/457
f 475/39/459 473/39/457 437/33/424 434/33/422
f 476/39/460 474/39/458 473/39/457 475/39/459
f 479/25/463 475/39/459 434/33/422 431/31/420
f 478/39/462 477/39/461 474/39/458 476/39/460
f 418/25/411 476/39/460 475/39/459 479/25/463
f 417/25/410 479/25/463 431/31/420 428/31/418
f 406/25/399 478/39/462 476/39/460 418/25/411
f 416/25/409 418/25/411 479/25/463 417/25/410
f 414/24/407 417/25/410 428/31/418 427/30/417
f 481/20/465 389/20/383 390/1/384 480/1/464
f 484/39/468 481/20/465 480/1/464 482/5/466
f 386/20/381 389/20/383 481/20/465 483/20/467
f 469/39/453 484/39/468 482/5/466 471/5/455
f 477/39/461 484/39/468 469/39/453 474/39/458
f 483/20/467 481/20/465 484/39/468 477/39/461
f 407/20/400 483/20/467 477/39/461 478/39/462
f 385/20/380 386/20/381 483/20/467 407/20/400
f 405/23/398 407/20/400 478/39/462 406/25/399
f 488/18/472 485/40/469 487/8/471 486/3/470
f 383/18/378 488/18/472 486/3/470 393/3/386
f 489/18/473 488/18/472 383/18/378 380/18/376
f 490/40/474 485/40/469 488/18/472 489/18/473
f 491/18/475 489/18/473 380/18/376 377/18/374
f 492/40/476 490/40/474 489/18/473 491/18/475
f 493/16/477 491/18/475 377/18/374 374/16/372
f 458/40/442 468/40/452 490/40/474 492/40/476
f 494/38/478 492/40/476 491/18/475 493/16/477
f 495/16/479 493/16/477 374/16/372 371/16/370
f 455/38/439 458/40/442 492/40/476 494/38/478
f 464/38/448 494/38/478 493/16/477 495/16/479
f 496/13/480 495/16/479 371/16/370 367/13/367
f 360/38/362 455/38/439 494/38/478 464/38/448
f 463/37/447 464/38/448 495/16/479 496/13/480
f 363/13/365 496/13/480 367/13/367 362/13/364
f 462/37/446 463/37/447 496/13/480 363/13/365
f 485/40/469 467/40/451 466/8/450 487/8/471
f 468/40/452 467/40/451 485/40/469 490/40/474
f 500/10/484 497/9/481 499/9/483 498/10/482
f 502/10/395 501/10/485 500/10/484 498/10/482
f 506/14/489 503/15/486 505/15/488 504/14/487
f 510/13/493 507/12/490 503/15/486 506/14/489
f 509/14/492 508/14/491 506/14/489 504/14/487
f 512/13/495 511/12/494 507/12/490 510/13/493
f 514/13/497 513/13/496 512/13/495 510/13/493
f 508/14/491 514/13/497 510/13/493 506/14/489
f 516/17/499 515/16/498 514/13/497 508/14/491
f 517/17/500 516/17/499 508/14/491 509/14/492
f 519/17/502 518/16/501 515/16/498 516/17/499
f 520/17/503 519/17/502 516/17/499 517/17/500
f 522/19/505 521/18/504 518/16/501 519/17/502
f 523/19/506 522/19/505 519/17/502 520/17/503
f 525/19/508 524/18/507 521/18/504 522/19/505
f 526/19/509 525/19/508 522/19/505 523/19/506
f 528/19/511 527/18/510 524/18/507 525/19/508
f 532/19/515 528/19/511 525/19/508 526/19/509
f 530/3/513 527/18/510 528/19/511 529/2/512
f 532/19/515 531/2/514 529/2/512 528/19/511
f 535/20/518 532/19/515 526/19/509 533/20/516
f 535/20/518 534/1/517 531/2/514 532/19/515
f 539/22/522 536/21/519 538/21/521 537/22/520
f 504/14/487 505/15/488 536/21/519 539/22/522
f 540/22/523 509/14/492 504/14/487 539/22/522
f 541/22/524 540/22/523 539/22/522 537/22/520
f 542/23/525 517/17/500 509/14/492 540/22/523
f 543/23/526 542/23/525 540/22/523 541/22/524
f 544/23/527 520/17/503 517/17/500 542/23/525
f 545/23/528 544/23/527 542/23/525 543/23/526
f 548/20/530 523/19/506 520/17/503 544/23/527
f 547/25/439 545/23/528 543/23/526 546/25/529
f 549/20/531 548/20/530 544/23/527 545/23/528
f 533/20/516 526/19/509 523/19/506 548/20/530
f 550/39/442 549/20/531 545/23/528 547/25/439
f 551/20/532 533/20/516 548/20/530 549/20/531
f 552/20/533 535/20/518 533/20/516 551/20/532
f 556/24/537 553/26/534 555/26/536 554/24/535
f 558/24/539 557/26/538 553/26/534 556/24/537
f 537/22/520 538/21/521 557/26/538 558/24/539
f 559/24/360 541/22/524 537/22/520 558/24/539
f 560/24/540 559/24/360 558/24/539 556/24/537
f 546/25/529 543/23/526 541/22/524 559/24/360
f 561/25/541 546/25/529 559/24/360 560/24/540
f 563/27/543 562/30/542 554/24/535 555/26/536
f 565/27/545 564/30/544 562/30/542 563/27/543
f 569/30/549 566/30/546 562/30/542 564/30/544
f 568/28/548 567/29/547 564/30/544 565/27/545
f 571/29/551 569/30/549 564/30/544 567/29/547
f 572/31/552 570/31/550 566/30/546 569/30/549
f 574/32/554 572/31/552 569/30/549 571/29/551
f 575/31/555 573/31/553 570/31/550 572/31/552
f 577/32/557 575/31/555 572/31/552 574/32/554
f 578/33/558 576/33/556 573/31/553 575/31/555
f 580/34/560 578/33/558 575/31/555 577/32/557
f 581/33/561 579/33/559 576/33/556 578/33/558
f 583/34/563 581/33/561 578/33/558 580/34/560
f 586/33/566 582/33/562 579/33/559 581/33/561
f 585/34/565 583/34/563 580/34/560 584/34/564
f 587/34/567 586/33/566 581/33/561 583/34/563
f 588/34/568 587/34/567 583/34/563 585/34/565
f 590/7/570 587/34/567 588/34/568 589/7/569
f 591/4/571 586/33/566 587/34/567 590/7/570
f 592/4/572 582/33/562 586/33/566 591/4/571
f 594/29/574 593/28/573 497/9/481 500/10/484
f 567/29/547 568/28/548 593/28/573 594/29/574
f 595/29/575 571/29/551 567/29/547 594/29/574
f 501/10/485 595/29/575 594/29/574 500/10/484
f 596/32/576 574/32/554 571/29/551 595/29/575
f 597/11/577 596/32/576 595/29/575 501/10/485
f 599/32/578 577/32/557 574/32/554 596/32/576
f 598/11/396 597/11/577 501/10/485 502/10/395
f 600/11/579 599/32/578 596/32/576 597/11/577
f 584/34/564 580/34/560 577/32/557 599/32/578
f 601/11/399 600/11/579 597/11/577 598/11/396
f 602/35/580 584/34/564 599/32/578 600/11/579
f 604/37/582 603/36/581 511/12/494 512/13/495
f 498/37/482 499/36/483 603/36/581 604/37/582
f 605/37/583 502/37/395 498/37/482 604/37/582
f 513/13/496 605/37/583 604/37/582 512/13/495
f 606/38/584 598/38/396 502/37/395 605/37/583
f 607/16/585 606/38/584 605/37/583 513/13/496
f 608/38/586 601/38/399 598/38/396 606/38/584
f 610/35/588 609/6/587 589/7/569 588/34/568
f 612/35/590 611/6/589 609/6/587 610/35/588
f 614/35/591 613/35/461 612/35/590 610/35/588
f 585/34/565 614/35/591 610/35/588 588/34/568
f 602/35/580 615/35/462 613/35/461 614/35/591
f 584/34/564 602/35/580 614/35/591 585/34/565
f 600/11/579 601/11/399 615/35/462 602/35/580
f 619/39/595 618/5/594 617/5/593 616/39/592
f 582/33/562 592/4/572 618/5/594 619/39/595
f 620/39/596 579/33/559 582/33/562 619/39/595
f 621/39/597 620/39/596 619/39/595 616/39/592
f 622/39/598 576/33/556 579/33/559 620/39/596
f 623/39/599 622/39/598 620/39/596 621/39/597
f 625/25/600 573/31/553 576/33/556 622/39/598
f 550/39/442 623/39/599 621/39/597 624/39/452
f 626/25/601 625/25/600 622/39/598 623/39/599
f 627/25/602 570/31/550 573/31/553 625/25/600
f 547/25/439 626/25/601 623/39/599 550/39/442
f 561/25/541 627/25/602 625/25/600 626/25/601
f 628/24/603 566/30/546 570/31/550 627/25/602
f 546/25/529 561/25/541 626/25/601 547/25/439
f 560/24/540 628/24/603 627/25/602 561/25/541
f 554/24/535 562/30/542 566/30/546 628/24/603
f 556/24/537 554/24/535 628/24/603 560/24/540
f 552/20/533 629/1/604 534/1/517 535/20/518
f 631/39/606 630/5/605 629/1/604 552/20/533
f 616/39/592 617/5/593 630/5/605 631/39/606
f 624/39/452 621/39/597 616/39/592 631/39/606
f 551/20/532 624/39/452 631/39/606 552/20/533
f 549/20/531 550/39/442 624/39/452 551/20/532
f 635/18/610 634/3/609 633/8/608 632/40/607
f 527/18/510 530/3/513 634/3/609 635/18/610
f 636/18/611 524/18/507 527/18/510 635/18/610
f 637/40/612 636/18/611 635/18/610 632/40/607
f 638/18/613 521/18/504 524/18/507 636/18/611
f 639/40/614 638/18/613 636/18/611 637/40/612
f 640/16/615 518/16/501 521/18/504 638/18/613
f 615/40/462 639/40/614 637/40/612 613/40/461
f 608/38/586 640/16/615 638/18/613 639/40/614
f 607/16/585 515/16/498 518/16/501 640/16/615
f 601/38/399 608/38/586 639/40/614 615/40/462
f 606/38/584 607/16/585 640/16/615 608/38/586
f 513/13/496 514/13/497 515/16/498 607/16/585
f 632/40/607 633/8/608 611/8/589 612/40/590
f 613/40/461 637/40/612 632/40/607 612/40/590
f 487/8/618 466/8/616 611/8/616 633/8/617
f 486/3/620 487/8/618 633/8/617 634/3/619
f 393/3/622 486/3/620 634/3/619 530/3/621
f 392/2/624 393/3/622 530/3/621 529/2/623
f 391/2/626 392/2/624 529/2/623 531/2/625
f 390/1/628 391/2/626 531/2/625 534/1/627
f 480/1/630 390/1/628 534/1/627 629/1/629
f 482/5/631 480/1/630 629/1/629 630/5/631
f 471/5/629 482/5/631 630/5/631 617/5/632
f 470/5/634 471/5/629 617/5/632 618/5/633
f 443/4/636 470/5/634 618/5/633 592/4/635
f 442/4/638 443/4/636 592/4/635 591/4/637
f 444/7/640 442/4/638 591/4/637 590/7/639
f 447/7/642 444/7/640 590/7/639 589/7/641
f 465/6/644 447/7/642 589/7/641 609/6/643
f 466/6/616 465/6/644 609/6/643 611/6/616
f 353/9/646 354/9/4 499/9/4 497/9/645
f 449/28/648 353/9/646 497/9/645 593/28/647
f 420/28/650 449/28/648 593/28/647 568/28/649
f 419/27/652 420/28/650 568/28/649 565/27/651
f 423/27/654 419/27/652 565/27/651 563/27/653
f 409/26/656 423/27/654 563/27/653 555/26/655
f 408/26/658 409/26/656 555/26/655 553/26/657
f 412/26/659 408/26/658 553/26/657 557/26/659
f 395/21/661 412/26/659 557/26/659 538/21/660
f 394/21/663 395/21/661 538/21/660 536/21/662
f 369/15/665 394/21/663 536/21/662 505/15/664
f 366/15/667 369/15/665 505/15/664 503/15/666
f 364/12/669 366/15/667 503/15/666 507/12/668
f 361/12/671 364/12/669 507/12/668 511/12/670
f 461/36/673 361/12/671 511/12/670 603/36/672
f 354/36/4 461/36/673 603/36/672 499/36/4
f 644/10/677 643/10/676 642/9/675 641/9/674
f 646/10/679 643/10/676 644/10/677 645/10/678
f 648/11/681 646/10/679 645/10/678 647/11/680
f 652/12/685 649/12/682 651/13/684 650/13/683
f 654/15/9 652/12/685 650/13/683 653/14/9
f 658/14/9 653/14/9 650/13/683 655/13/686
f 657/15/688 654/15/9 653/14/9 656/14/687
f 660/14/690 656/14/687 653/14/9 658/14/9
f 661/17/9 658/14/9 655/13/686 659/16/689
f 663/17/692 660/14/690 658/14/9 661/17/9
f 664/17/9 661/17/9 659/16/689 662/16/691
f 666/17/694 663/17/692 661/17/9 664/17/9
f 667/19/9 664/17/9 662/16/691 665/18/693
f 669/19/696 666/17/694 664/17/9 667/19/9
f 670/19/9 667/19/9 665/18/693 668/18/695
f 672/19/698 669/19/696 667/19/9 670/19/9
f 675/19/9 670/19/9 668/18/695 671/18/697
f 674/20/700 673/20/699 669/19/696 672/19/698
f 676/19/701 672/19/698 670/19/9 675/19/9
f 677/20/702 674/20/700 672/19/698 676/19/701
f 679/2/704 678/1/703 677/20/702 676/19/701
f 680/2/9 679/2/704 676/19/701 675/19/9
f 681/3/705 680/2/9 675/19/9 671/18/697
f 685/22/709 684/22/708 683/21/707 682/21/706
f 656/14/687 685/22/709 682/21/706 657/15/688
f 686/22/710 685/22/709 656/14/687 660/14/690
f 687/22/711 684/22/708 685/22/709 686/22/710
f 688/23/712 686/22/710 660/14/690 663/17/692
f 689/23/713 687/22/711 686/22/710 688/23/712
f 692/23/716 688/23/712 663/17/692 666/17/694
f 691/25/715 690/24/714 687/22/711 689/23/713
f 693/23/717 689/23/713 688/23/712 692/23/716
f 673/20/699 692/23/716 666/17/694 669/19/696
f 694/25/718 691/25/715 689/23/713 693/23/717
f 695/20/719 693/23/717 692/23/716 673/20/699
f 699/24/723 698/24/722 697/26/721 696/26/720
f 703/24/727 699/24/723 696/26/720 700/26/724
f 702/24/726 698/24/722 699/24/723 701/24/725
f 684/22/708 703/24/727 700/26/724 683/21/707
f 690/24/714 703/24/727 684/22/708 687/22/711
f 701/24/725 699/24/723 703/24/727 690/24/714
f 704/25/728 701/24/725 690/24/714 691/25/715
f 705/25/729 702/24/726 701/24/725 704/25/728
f 706/25/730 704/25/728 691/25/715 694/25/718
f 710/30/15 709/29/732 708/28/731 707/27/15
f 714/30/735 710/30/15 707/27/15 711/27/733
f 713/29/734 709/29/732 710/30/15 712/30/15
f 698/24/722 714/30/735 711/27/733 697/26/721
f 715/30/736 714/30/735 698/24/722 702/24/726
f 712/30/15 710/30/15 714/30/735 715/30/736
f 717/31/15 712/30/15 715/30/736 716/31/737
f 718/32/738 713/29/734 712/30/15 717/31/15
f 720/31/15 717/31/15 716/31/737 719/31/739
f 721/32/740 718/32/738 717/31/15 720/31/15
f 723/33/15 720/31/15 719/31/739 722/33/741
f 724/34/742 721/32/740 720/31/15 723/33/15
f 726/33/15 723/33/15 722/33/741 725/33/743
f 727/34/744 724/34/742 723/33/15 726/33/15
f 729/33/15 726/33/15 725/33/743 728/33/745
f 733/34/748 727/34/744 726/33/15 729/33/15
f 731/4/746 730/4/15 729/33/15 728/33/745
f 733/34/748 729/33/15 730/4/15 732/7/747
f 736/34/751 734/34/749 727/34/744 733/34/748
f 736/34/751 733/34/748 732/7/747 735/7/750
f 738/29/753 644/10/677 641/9/674 737/28/752
f 709/29/732 738/29/753 737/28/752 708/28/731
f 739/29/754 738/29/753 709/29/732 713/29/734
f 645/10/678 644/10/677 738/29/753 739/29/754
f 740/32/755 739/29/754 713/29/734 718/32/738
f 647/11/680 645/10/678 739/29/754 740/32/755
f 741/32/756 740/32/755 718/32/738 721/32/740
f 742/11/757 647/11/680 740/32/755 741/32/756
f 744/34/759 741/32/756 721/32/740 724/34/742
f 743/11/758 648/11/681 647/11/680 742/11/757
f 745/35/760 742/11/757 741/32/756 744/34/759
f 734/34/749 744/34/759 724/34/742 727/34/744
f 746/35/761 743/11/758 742/11/757 745/35/760
f 747/35/762 745/35/760 744/34/759 734/34/749
f 748/35/763 747/35/762 734/34/749 736/34/751
f 750/37/765 651/13/684 649/12/682 749/36/764
f 643/37/676 750/37/765 749/36/764 642/36/675
f 751/37/766 750/37/765 643/37/676 646/37/679
f 752/38/767 751/37/766 646/37/679 648/38/681
f 748/35/763 736/34/751 735/7/750 753/6/768
f 755/35/770 748/35/763 753/6/768 754/6/769
f 747/35/762 748/35/763 755/35/770 756/35/771
f 745/35/760 747/35/762 756/35/771 746/35/761
f 760/39/775 757/39/772 759/5/774 758/5/773
f 728/33/745 760/39/775 758/5/773 731/4/746
f 761/39/776 760/39/775 728/33/745 725/33/743
f 762/39/777 757/39/772 760/39/775 761/39/776
f 763/39/778 761/39/776 725/33/743 722/33/741
f 764/39/779 762/39/777 761/39/776 763/39/778
f 767/25/782 763/39/778 722/33/741 719/31/739
f 766/39/781 765/39/780 762/39/777 764/39/779
f 706/25/730 764/39/779 763/39/778 767/25/782
f 705/25/729 767/25/782 719/31/739 716/31/737
f 694/25/718 766/39/781 764/39/779 706/25/730
f 704/25/728 706/25/730 767/25/782 705/25/729
f 702/24/726 705/25/729 716/31/737 715/30/736
f 769/20/784 677/20/702 678/1/703 768/1/783
f 772/39/787 769/20/784 768/1/783 770/5/785
f 674/20/700 677/20/702 769/20/784 771/20/786
f 757/39/772 772/39/787 770/5/785 759/5/774
f 765/39/780 772/39/787 757/39/772 762/39/777
f 771/20/786 769/20/784 772/39/787 765/39/780
f 695/20/719 771/20/786 765/39/780 766/39/781
f 673/20/699 674/20/700 771/20/786 695/20/719
f 693/23/717 695/20/719 766/39/781 694/25/718
f 776/18/791 773/40/788 775/8/790 774/3/789
f 671/18/697 776/18/791 774/3/789 681/3/705
f 777/18/792 776/18/791 671/18/697 668/18/695
f 778/40/793 773/40/788 776/18/791 777/18/792
f 779/18/794 777/18/792 668/18/695 665/18/693
f 780/40/795 778/40/793 777/18/792 779/18/794
f 781/16/796 779/18/794 665/18/693 662/16/691
f 746/40/761 756/40/771 778/40/793 780/40/795
f 782/38/797 780/40/795 779/18/794 781/16/796
f 783/16/798 781/16/796 662/16/691 659/16/689
f 743/38/758 746/40/761 780/40/795 782/38/797
f 752/38/767 782/38/797 781/16/796 783/16/798
f 784/13/799 783/16/798 659/16/689 655/13/686
f 648/38/681 743/38/758 782/38/797 752/38/767
f 751/37/766 752/38/767 783/16/798 784/13/799
f 651/13/684 784/13/799 655/13/686 650/13/683
f 750/37/765 751/37/766 784/13/799 651/13/684
f 773/40/788 755/40/770 754/8/769 775/8/790
f 756/40/771 755/40/770 773/40/788 778/40/793
f 788/10/803 785/9/800 787/9/802 786/10/801
f 790/10/714 789/10/804 788/10/803 786/10/801
f 794/14/808 791/15/805 793/15/807 792/14/806
f 798/13/812 795/12/809 791/15/805 794/14/808
f 797/14/811 796/14/810 794/14/808 792/14/806
f 800/13/814 799/12/813 795/12/809 798/13/812
f 802/13/816 801/13/815 800/13/814 798/13/812
f 796/14/810 802/13/816 798/13/812 794/14/808
f 804/17/818 803/16/817 802/13/816 796/14/810
f 805/17/819 804/17/818 796/14/810 797/14/811
f 807/17/821 806/16/820 803/16/817 804/17/818
f 808/17/822 807/17/821 804/17/818 805/17/819
f 810/19/824 809/18/823 806/16/820 807/17/821
f 811/19/825 810/19/824 807/17/821 808/17/822
f 813/19/827 812/18/826 809/18/823 810/19/824
f 814/19/828 813/19/827 810/19/824 811/19/825
f 816/19/830 815/18/829 812/18/826 813/19/827
f 820/19/834 816/19/830 813/19/827 814/19/828
f 818/3/832 815/18/829 816/19/830 817/2/831
f 820/19/834 819/2/833 817/2/831 816/19/830
f 823/20/837 820/19/834 814/19/828 821/20/835
f 823/20/837 822/1/836 819/2/833 820/19/834
f 827/22/841 824/21/838 826/21/840 825/22/839
f 792/14/806 793/15/807 824/21/838 827/22/841
f 828/22/842 797/14/811 792/14/806 827/22/841
f 829/22/843 828/22/842 827/22/841 825/22/839
f 830/23/844 805/17/819 797/14/811 828/22/842
f 831/23/845 830/23/844 828/22/842 829/22/843
f 832/23/846 808/17/822 805/17/819 830/23/844
f 833/23/847 832/23/846 830/23/844 831/23/845
f 836/20/848 811/19/825 808/17/822 832/23/846
f 835/25/758 833/23/847 831/23/845 834/25/681
f 837/20/849 836/20/848 832/23/846 833/23/847
f 821/20/835 814/19/828 811/19/825 836/20/848
f 838/39/761 837/20/849 833/23/847 835/25/758
f 839/20/850 821/20/835 836/20/848 837/20/849
f 840/20/851 823/20/837 821/20/835 839/20/850
f 844/24/855 841/26/852 843/26/854 842/24/853
f 846/24/857 845/26/856 841/26/852 844/24/855
f 825/22/839 826/21/840 845/26/856 846/24/857
f 847/24/679 829/22/843 825/22/839 846/24/857
f 848/24/858 847/24/679 846/24/857 844/24/855
f 834/25/681 831/23/845 829/22/843 847/24/679
f 849/25/859 834/25/681 847/24/679 848/24/858
f 851/27/861 850/30/860 842/24/853 843/26/854
f 853/27/863 852/30/862 850/30/860 851/27/861
f 857/30/867 854/30/864 850/30/860 852/30/862
f 856/28/866 855/29/865 852/30/862 853/27/863
f 859/29/869 857/30/867 852/30/862 855/29/865
f 860/31/870 858/31/868 854/30/864 857/30/867
f 862/32/872 860/31/870 857/30/867 859/29/869
f 863/31/873 861/31/871 858/31/868 860/31/870
f 865/32/875 863/31/873 860/31/870 862/32/872
f 866/33/876 864/33/874 861/31/871 863/31/873
f 868/34/878 866/33/876 863/31/873 865/32/875
f 869/33/879 867/33/877 864/33/874 866/33/876
f 871/34/881 869/33/879 866/33/876 868/34/878
f 874/33/884 870/33/880 867/33/877 869/33/879
f 873/34/883 871/34/881 868/34/878 872/34/882
f 875/34/885 874/33/884 869/33/879 871/34/881
f 876/34/886 875/34/885 871/34/881 873/34/883
f 878/7/888 875/34/885 876/34/886 877/7/887
f 879/4/889 874/33/884 875/34/885 878/7/888
f 880/4/890 870/33/880 874/33/884 879/4/889
f 882/29/892 881/28/891 785/9/800 788/10/803
f 855/29/865 856/28/866 881/28/891 882/29/892
f 883/29/893 859/29/869 855/29/865 882/29/892
f 789/10/804 883/29/893 882/29/892 788/10/803
f 884/32/894 862/32/872 859/29/869 883/29/893
f 885/11/895 884/32/894 883/29/893 789/10/804
f 887/32/896 865/32/875 862/32/872 884/32/894
f 886/11/715 885/11/895 789/10/804 790/10/714
f 888/11/897 887/32/896 884/32/894 885/11/895
f 872/34/882 868/34/878 865/32/875 887/32/896
f 889/11/718 888/11/897 885/11/895 886/11/715
f 890/35/898 872/34/882 887/32/896 888/11/897
f 892/37/900 891/36/899 799/12/813 800/13/814
f 786/37/801 787/36/802 891/36/899 892/37/900
f 893/37/901 790/37/714 786/37/801 892/37/900
f 801/13/815 893/37/901 892/37/900 800/13/814
f 894/38/902 886/38/715 790/37/714 893/37/901
f 895/16/903 894/38/902 893/37/901 801/13/815
f 896/38/904 889/38/718 886/38/715 894/38/902
f 898/35/906 897/6/905 877/7/887 876/34/886
f 900/35/908 899/6/907 897/6/905 898/35/906
f 902/35/909 901/35/780 900/35/908 898/35/906
f 873/34/883 902/35/909 898/35/906 876/34/886
f 890/35/898 903/35/910 901/35/780 902/35/909
f 872/34/882 890/35/898 902/35/909 873/34/883
f 888/11/897 889/11/718 903/35/910 890/35/898
f 907/39/914 906/5/913 905/5/912 904/39/911
f 870/33/880 880/4/890 906/5/913 907/39/914
f 908/39/915 867/33/877 870/33/880 907/39/914
f 909/39/916 908/39/915 907/39/914 904/39/911
f 910/39/917 864/33/874 867/33/877 908/39/915
f 911/39/918 910/39/917 908/39/915 909/39/916
f 913/25/919 861/31/871 864/33/874 910/39/917
f 838/39/761 911/39/918 909/39/916 912/39/771
f 914/25/920 913/25/919 910/39/917 911/39/918
f 915/25/921 858/31/868 861/31/871 913/25/919
f 835/25/758 914/25/920 911/39/918 838/39/761
f 849/25/859 915/25/921 913/25/919 914/25/920
f 916/24/922 854/30/864 858/31/868 915/25/921
f 834/25/681 849/25/859 914/25/920 835/25/758
f 848/24/858 916/24/922 915/25/921 849/25/859
f 842/24/853 850/30/860 854/30/864 916/24/922
f 844/24/855 842/24/853 916/24/922 848/24/858
f 840/20/851 917/1/923 822/1/836 823/20/837
f 919/39/925 918/5/924 917/1/923 840/20/851
f 904/39/911 905/5/912 918/5/924 919/39/925
f 912/39/771 909/39/916 904/39/911 919/39/925
f 839/20/850 912/39/771 919/39/925 840/20/851
f 837/20/849 838/39/761 912/39/771 839/20/850
f 923/18/929 922/3/928 921/8/927 920/40/926
f 815/18/829 818/3/832 922/3/928 923/18/929
f 924/18/930 812/18/826 815/18/829 923/18/929
f 925/40/931 924/18/930 923/18/929 920/40/926
f 926/18/932 809/18/823 812/18/826 924/18/930
f 927/40/933 926/18/932 924/18/930 925/40/931
f 928/16/934 806/16/820 809/18/823 926/18/932
f 903/40/910 927/40/933 925/40/931 901/40/780
f 896/38/904 928/16/934 926/18/932 927/40/933
f 895/16/903 803/16/817 806/16/820 928/16/934
f 889/38/718 896/38/904 927/40/933 903/40/910
f 894/38/902 895/16/903 928/16/934 896/38/904
f 801/13/815 802/13/816 803/16/817 895/16/903
f 920/40/926 921/8/927 899/8/907 900/40/908
f 901/40/780 925/40/931 920/40/926 900/40/908
f 775/8/937 754/8/935 899/8/935 921/8/936
f 774/3/939 775/8/937 921/8/936 922/3/938
f 681/3/941 774/3/939 922/3/938 818/3/940
f 680/2/943 681/3/941 818/3/940 817/2/942
f 679/2/945 680/2/943 817/2/942 819/2/944
f 678/1/947 679/2/945 819/2/944 822/1/946
f 768/1/949 678/1/947 822/1/946 917/1/948
f 770/5/950 768/1/949 917/1/948 918/5/950
f 759/5/948 770/5/950 918/5/950 905/5/951
f 758/5/953 759/5/948 905/5/951 906/5/952
f 731/4/955 758/5/953 906/5/952 880/4/954
f 730/4/957 731/4/955 880/4/954 879/4/956
f 732/7/959 730/4/957 879/4/956 878/7/958
f 735/7/961 732/7/959 878/7/958 877/7/960
f 753/6/963 735/7/961 877/7/960 897/6/962
f 754/6/935 753/6/963 897/6/962 899/6/935
f 641/9/29 642/9/26 787/9/26 785/9/964
f 737/28/966 641/9/29 785/9/964 881/28/965
f 708/28/968 737/28/966 881/28/965 856/28/967
f 707/27/970 708/28/968 856/28/967 853/27/969
f 711/27/972 707/27/970 853/27/969 851/27/971
f 697/26/974 711/27/972 851/27/971 843/26/973
f 696/26/976 697/26/974 843/26/973 841/26/975
f 700/26/977 696/26/976 841/26/975 845/26/977
f 683/21/979 700/26/977 845/26/977 826/21/978
f 682/21/981 683/21/979 826/21/978 824/21/980
f 657/15/983 682/21/981 824/21/980 793/15/982
f 654/15/985 657/15/983 793/15/982 791/15/984
f 652/12/987 654/15/985 791/15/984 795/12/986
f 649/12/989 652/12/987 795/12/986 799/12/988
f 749/36/991 649/12/989 799/12/988 891/36/990
f 642/36/26 749/36/991 891/36/990 787/36/26
f 932/10/995 931/10/994 930/9/993 929/9/992
f 934/10/997 931/10/994 932/10/995 933/10/996
f 936/11/999 934/10/997 933/10/996 935/11/998
f 940/12/1003 937/12/1000 939/13/1002 938/13/1001
f 942/15/15 940/12/1003 938/13/1001 941/14/15
f 946/14/15 941/14/15 938/13/1001 943/13/1004
f 945/15/1006 942/15/15 941/14/15 944/14/1005
f 948/14/1008 944/14/1005 941/14/15 946/14/15
f 949/17/15 946/14/15 943/13/1004 947/16/1007
f 951/17/1010 948/14/1008 946/14/15 949/17/15
f 952/17/15 949/17/15 947/16/1007 950/16/1009
f 954/17/1012 951/17/1010 949/17/15 952/17/15
f 955/19/15 952/17/15 950/16/1009 953/18/1011
f 957/19/1014 954/17/1012 952/17/15 955/19/15
f 958/19/15 955/19/15 953/18/1011 956/18/1013
f 960/19/1016 957/19/1014 955/19/15 958/19/15
f 963/19/15 958/19/15 956/18/1013 959/18/1015
f 962/20/1018 961/20/1017 957/19/1014 960/19/1016
f 964/19/1019 960/19/1016 958/19/15 963/19/15
f 965/20/1020 962/20/1018 960/19/1016 964/19/1019
f 967/2/1022 966/1/1021 965/20/1020 964/19/1019
f 968/2/15 967/2/1022 964/19/1019 963/19/15
f 969/3/1023 968/2/15 963/19/15 959/18/1015
f 973/22/1026 972/22/1025 971/21/1024 970/21/402
f 944/14/1005 973/22/1026 970/21/402 945/15/1006
f 974/22/1027 973/22/1026 944/14/1005 948/14/1008
f 975/22/1028 972/22/1025 973/22/1026 974/22/1027
f 976/23/1029 974/22/1027 948/14/1008 951/17/1010
f 977/23/1030 975/22/1028 974/22/1027 976/23/1029
f 980/23/1033 976/23/1029 951/17/1010 954/17/1012
f 979/25/1032 978/24/1031 975/22/1028 977/23/1030
f 981/23/1034 977/23/1030 976/23/1029 980/23/1033
f 961/20/1017 980/23/1033 954/17/1012 957/19/1014
f 982/25/1035 979/25/1032 977/23/1030 981/23/1034
f 983/20/1036 981/23/1034 980/23/1033 961/20/1017
f 987/24/1040 986/24/1039 985/26/1038 984/26/1037
f 991/24/1044 987/24/1040 984/26/1037 988/26/1041
f 990/24/1043 986/24/1039 987/24/1040 989/24/1042
f 972/22/1025 991/24/1044 988/26/1041 971/21/1024
f 978/24/1031 991/24/1044 972/22/1025 975/22/1028
f 989/24/1042 987/24/1040 991/24/1044 978/24/1031
f 992/25/1045 989/24/1042 978/24/1031 979/25/1032
f 993/25/1046 990/24/1043 989/24/1042 992/25/1045
f 994/25/1047 992/25/1045 979/25/1032 982/25/1035
f 998/30/9 997/29/1049 996/28/1048 995/27/9
f 1002/30/1052 998/30/9 995/27/9 999/27/1050
f 1001/29/1051 997/29/1049 998/30/9 1000/30/9
f 986/24/1039 1002/30/1052 999/27/1050 985/26/1038
f 1003/30/1053 1002/30/1052 986/24/1039 990/24/1043
f 1000/30/9 998/30/9 1002/30/1052 1003/30/1053
f 1005/31/9 1000/30/9 1003/30/1053 1004/31/1054
f 1006/32/1055 1001/29/1051 1000/30/9 1005/31/9
f 1008/31/9 1005/31/9 1004/31/1054 1007/31/1056
f 1009/32/1057 1006/32/1055 1005/31/9 1008/31/9
f 1011/33/9 1008/31/9 1007/31/1056 1010/33/1058
f 1012/34/1059 1009/32/1057 1008/31/9 1011/33/9
f 1014/33/9 1011/33/9 1010/33/1058 1013/33/1060
f 1015/34/1061 1012/34/1059 1011/33/9 1014/33/9
f 1017/33/9 1014/33/9 1013/33/1060 1016/33/1062
f 1021/34/1065 1015/34/1061 1014/33/9 1017/33/9
f 1019/4/1063 1018/4/9 1017/33/9 1016/33/1062
f 1021/34/1065 1017/33/9 1018/4/9 1020/7/1064
f 1024/34/1068 1022/34/1066 1015/34/1061 1021/34/1065
f 1024/34/1068 1021/34/1065 1020/7/1064 1023/7/1067
f 1026/29/1069 932/10/995 929/9/992 1025/28/363
f 997/29/1049 1026/29/1069 1025/28/363 996/28/1048
f 1027/29/1070 1026/29/1069 997/29/1049 1001/29/1051
f 933/10/996 932/10/995 1026/29/1069 1027/29/1070
f 1028/32/1071 1027/29/1070 1001/29/1051 1006/32/1055
f 935/11/998 933/10/996 1027/29/1070 1028/32/1071
f 1029/32/1072 1028/32/1071 1006/32/1055 1009/32/1057
f 1030/11/1073 935/11/998 1028/32/1071 1029/32/1072
f 1032/34/1075 1029/32/1072 1009/32/1057 1012/34/1059
f 1031/11/1074 936/11/999 935/11/998 1030/11/1073
f 1033/35/1076 1030/11/1073 1029/32/1072 1032/34/1075
f 1022/34/1066 1032/34/1075 1012/34/1059 1015/34/1061
f 1034/35/1077 1031/11/1074 1030/11/1073 1033/35/1076
f 1035/35/1078 1033/35/1076 1032/34/1075 1022/34/1066
f 1036/35/1079 1035/35/1078 1022/34/1066 1024/34/1068
f 1038/37/1081 939/13/1002 937/12/1000 1037/36/1080
f 931/37/994 1038/37/1081 1037/36/1080 930/36/993
f 1039/37/1082 1038/37/1081 931/37/994 934/37/997
f 1040/38/1083 1039/37/1082 934/37/997 936/38/999
f 1036/35/1079 1024/34/1068 1023/7/1067 1041/6/1084
f 1043/35/1086 1036/35/1079 1041/6/1084 1042/6/1085
f 1035/35/1078 1036/35/1079 1043/35/1086 1044/35/1087
f 1033/35/1076 1035/35/1078 1044/35/1087 1034/35/1077
f 1048/39/1091 1045/39/1088 1047/5/1090 1046/5/1089
f 1016/33/1062 1048/39/1091 1046/5/1089 1019/4/1063
f 1049/39/1092 1048/39/1091 1016/33/1062 1013/33/1060
f 1050/39/1093 1045/39/1088 1048/39/1091 1049/39/1092
f 1051/39/1094 1049/39/1092 1013/33/1060 1010/33/1058
f 1052/39/1095 1050/39/1093 1049/39/1092 1051/39/1094
f 1055/25/1098 1051/39/1094 1010/33/1058 1007/31/1056
f 1054/39/1097 1053/39/1096 1050/39/1093 1052/39/1095
f 994/25/1047 1052/39/1095 1051/39/1094 1055/25/1098
f 993/25/1046 1055/25/1098 1007/31/1056 1004/31/1054
f 982/25/1035 1054/39/1097 1052/39/1095 994/25/1047
f 992/25/1045 994/25/1047 1055/25/1098 993/25/1046
f 990/24/1043 993/25/1046 1004/31/1054 1003/30/1053
f 1057/20/1100 965/20/1020 966/1/1021 1056/1/1099
f 1060/39/1103 1057/20/1100 1056/1/1099 1058/5/1101
f 962/20/1018 965/20/1020 1057/20/1100 1059/20/1102
f 1045/39/1088 1060/39/1103 1058/5/1101 1047/5/1090
f 1053/39/1096 1060/39/1103 1045/39/1088 1050/39/1093
f 1059/20/1102 1057/20/1100 1060/39/1103 1053/39/1096
f 983/20/1036 1059/20/1102 1053/39/1096 1054/39/1097
f 961/20/1017 962/20/1018 1059/20/1102 983/20/1036
f 981/23/1034 983/20/1036 1054/39/1097 982/25/1035
f 1064/18/1107 1061/40/1104 1063/8/1106 1062/3/1105
f 959/18/1015 1064/18/1107 1062/3/1105 969/3/1023
f 1065/18/1108 1064/18/1107 959/18/1015 956/18/1013
f 1066/40/1109 1061/40/1104 1064/18/1107 1065/18/1108
f 1067/18/1110 1065/18/1108 956/18/1013 953/18/1011
f 1068/40/1111 1066/40/1109 1065/18/1108 1067/18/1110
f 1069/16/1112 1067/18/1110 953/18/1011 950/16/1009
f 1034/40/1077 1044/40/1087 1066/40/1109 1068/40/1111
f 1070/38/1113 1068/40/1111 1067/18/1110 1069/16/1112
f 1071/16/1114 1069/16/1112 950/16/1009 947/16/1007
f 1031/38/1074 1034/40/1077 1068/40/1111 1070/38/1113
f 1040/38/1083 1070/38/1113 1069/16/1112 1071/16/1114
f 1072/13/1115 1071/16/1114 947/16/1007 943/13/1004
f 936/38/999 1031/38/1074 1070/38/1113 1040/38/1083
f 1039/37/1082 1040/38/1083 1071/16/1114 1072/13/1115
f 939/13/1002 1072/13/1115 943/13/1004 938/13/1001
f 1038/37/1081 1039/37/1082 1072/13/1115 939/13/1002
f 1061/40/1104 1043/40/1086 1042/8/1085 1063/8/1106
f 1044/40/1087 1043/40/1086 1061/40/1104 1066/40/1109
f 1076/10/1119 1073/9/1116 1075/9/1118 1074/10/1117
f 1078/10/1031 1077/10/1120 1076/10/1119 1074/10/1117
f 1082/14/1124 1079/15/1121 1081/15/1123 1080/14/1122
f 1086/13/1128 1083/12/1125 1079/15/1121 1082/14/1124
f 1085/14/1127 1084/14/1126 1082/14/1124 1080/14/1122
f 1088/13/1130 1087/12/1129 1083/12/1125 1086/13/1128
f 1090/13/1132 1089/13/1131 1088/13/1130 1086/13/1128
f 1084/14/1126 1090/13/1132 1086/13/1128 1082/14/1124
f 1092/17/1134 1091/16/1133 1090/13/1132 1084/14/1126
f 1093/17/1135 1092/17/1134 1084/14/1126 1085/14/1127
f 1095/17/1137 1094/16/1136 1091/16/1133 1092/17/1134
f 1096/17/1138 1095/17/1137 1092/17/1134 1093/17/1135
f 1098/19/1140 1097/18/1139 1094/16/1136 1095/17/1137
f 1099/19/1141 1098/19/1140 1095/17/1137 1096/17/1138
f 1101/19/1143 1100/18/1142 1097/18/1139 1098/19/1140
f 1102/19/1144 1101/19/1143 1098/19/1140 1099/19/1141
f 1104/19/1146 1103/18/1145 1100/18/1142 1101/19/1143
f 1108/19/1150 1104/19/1146 1101/19/1143 1102/19/1144
f 1106/3/1148 1103/18/1145 1104/19/1146 1105/2/1147
f 1108/19/1150 1107/2/1149 1105/2/1147 1104/19/1146
f 1111/20/1153 1108/19/1150 1102/19/1144 1109/20/1151
f 1111/20/1153 1110/1/1152 1107/2/1149 1108/19/1150
f 1115/22/1157 1112/21/1154 1114/21/1156 1113/22/1155
f 1080/14/1122 1081/15/1123 1112/21/1154 1115/22/1157
f 1116/22/1158 1085/14/1127 1080/14/1122 1115/22/1157
f 1117/22/1159 1116/22/1158 1115/22/1157 1113/22/1155
f 1118/23/1160 1093/17/1135 1085/14/1127 1116/22/1158
f 1119/23/1161 1118/23/1160 1116/22/1158 1117/22/1159
f 1120/23/1162 1096/17/1138 1093/17/1135 1118/23/1160
f 1121/23/1163 1120/23/1162 1118/23/1160 1119/23/1161
f 1124/20/1164 1099/19/1141 1096/17/1138 1120/23/1162
f 1123/25/1074 1121/23/1163 1119/23/1161 1122/25/999
f 1125/20/1165 1124/20/1164 1120/23/1162 1121/23/1163
f 1109/20/1151 1102/19/1144 1099/19/1141 1124/20/1164
f 1126/39/1077 1125/20/1165 1121/23/1163 1123/25/1074
f 1127/20/1166 1109/20/1151 1124/20/1164 1125/20/1165
f 1128/20/1167 1111/20/1153 1109/20/1151 1127/20/1166
f 1132/24/1171 1129/26/1168 1131/26/1170 1130/24/1169
f 1134/24/1173 1133/26/1172 1129/26/1168 1132/24/1171
f 1113/22/1155 1114/21/1156 1133/26/1172 1134/24/1173
f 1135/24/997 1117/22/1159 1113/22/1155 1134/24/1173
f 1136/24/1174 1135/24/997 1134/24/1173 1132/24/1171
f 1122/25/999 1119/23/1161 1117/22/1159 1135/24/997
f 1137/25/1175 1122/25/999 1135/24/997 1136/24/1174
f 1139/27/1177 1138/30/1176 1130/24/1169 1131/26/1170
f 1141/27/1179 1140/30/1178 1138/30/1176 1139/27/1177
f 1145/30/1183 1142/30/1180 1138/30/1176 1140/30/1178
f 1144/28/1182 1143/29/1181 1140/30/1178 1141/27/1179
f 1147/29/1185 1145/30/1183 1140/30/1178 1143/29/1181
f 1148/31/1186 1146/31/1184 1142/30/1180 1145/30/1183
f 1150/32/1188 1148/31/1186 1145/30/1183 1147/29/1185
f 1151/31/1189 1149/31/1187 1146/31/1184 1148/31/1186
f 1153/32/1191 1151/31/1189 1148/31/1186 1150/32/1188
f 1154/33/1192 1152/33/1190 1149/31/1187 1151/31/1189
f 1156/34/1194 1154/33/1192 1151/31/1189 1153/32/1191
f 1157/33/1195 1155/33/1193 1152/33/1190 1154/33/1192
f 1159/34/1197 1157/33/1195 1154/33/1192 1156/34/1194
f 1162/33/1200 1158/33/1196 1155/33/1193 1157/33/1195
f 1161/34/1199 1159/34/1197 1156/34/1194 1160/34/1198
f 1163/34/1201 1162/33/1200 1157/33/1195 1159/34/1197
f 1164/34/1202 1163/34/1201 1159/34/1197 1161/34/1199
f 1166/7/1204 1163/34/1201 1164/34/1202 1165/7/1203
f 1167/4/1205 1162/33/1200 1163/34/1201 1166/7/1204
f 1168/4/1206 1158/33/1196 1162/33/1200 1167/4/1205
f 1170/29/1208 1169/28/1207 1073/9/1116 1076/10/1119
f 1143/29/1181 1144/28/1182 1169/28/1207 1170/29/1208
f 1171/29/1209 1147/29/1185 1143/29/1181 1170/29/1208
f 1077/10/1120 1171/29/1209 1170/29/1208 1076/10/1119
f 1172/32/1210 1150/32/1188 1147/29/1185 1171/29/1209
f 1173/11/1211 1172/32/1210 1171/29/1209 1077/10/1120
f 1175/32/1212 1153/32/1191 1150/32/1188 1172/32/1210
f 1174/11/1032 1173/11/1211 1077/10/1120 1078/10/1031
f 1176/11/1213 1175/32/1212 1172/32/1210 1173/11/1211
f 1160/34/1198 1156/34/1194 1153/32/1191 1175/32/1212
f 1177/11/1035 1176/11/1213 1173/11/1211 1174/11/1032
f 1178/35/1214 1160/34/1198 1175/32/1212 1176/11/1213
f 1180/37/1216 1179/36/1215 1087/12/1129 1088/13/1130
f 1074/37/1117 1075/36/1118 1179/36/1215 1180/37/1216
f 1181/37/1217 1078/37/1031 1074/37/1117 1180/37/1216
f 1089/13/1131 1181/37/1217 1180/37/1216 1088/13/1130
f 1182/38/1218 1174/38/1032 1078/37/1031 1181/37/1217
f 1183/16/1219 1182/38/1218 1181/37/1217 1089/13/1131
f 1184/38/1220 1177/38/1035 1174/38/1032 1182/38/1218
f 1186/35/1222 1185/6/1221 1165/7/1203 1164/34/1202
f 1188/35/1224 1187/6/1223 1185/6/1221 1186/35/1222
f 1190/35/1225 1189/35/1096 1188/35/1224 1186/35/1222
f 1161/34/1199 1190/35/1225 1186/35/1222 1164/34/1202
f 1178/35/1214 1191/35/1097 1189/35/1096 1190/35/1225
f 1160/34/1198 1178/35/1214 1190/35/1225 1161/34/1199
f 1176/11/1213 1177/11/1035 1191/35/1097 1178/35/1214
f 1195/39/1229 1194/5/1228 1193/5/1227 1192/39/1226
f 1158/33/1196 1168/4/1206 1194/5/1228 1195/39/1229
f 1196/39/1230 1155/33/1193 1158/33/1196 1195/39/1229
f 1197/39/1231 1196/39/1230 1195/39/1229 1192/39/1226
f 1198/39/1232 1152/33/1190 1155/33/1193 1196/39/1230
f 1199/39/1233 1198/39/1232 1196/39/1230 1197/39/1231
f 1201/25/1234 1149/31/1187 1152/33/1190 1198/39/1232
f 1126/39/1077 1199/39/1233 1197/39/1231 1200/39/1087
f 1202/25/1235 1201/25/1234 1198/39/1232 1199/39/1233
f 1203/25/1236 1146/31/1184 1149/31/1187 1201/25/1234
f 1123/25/1074 1202/25/1235 1199/39/1233 1126/39/1077
f 1137/25/1175 1203/25/1236 1201/25/1234 1202/25/1235
f 1204/24/1237 1142/30/1180 1146/31/1184 1203/25/1236
f 1122/25/999 1137/25/1175 1202/25/1235 1123/25/1074
f 1136/24/1174 1204/24/1237 1203/25/1236 1137/25/1175
f 1130/24/1169 1138/30/1176 1142/30/1180 1204/24/1237
f 1132/24/1171 1130/24/1169 1204/24/1237 1136/24/1174
f 1128/20/1167 1205/1/1238 1110/1/1152 1111/20/1153
f 1207/39/1240 1206/5/1239 1205/1/1238 1128/20/1167
f 1192/39/1226 1193/5/1227 1206/5/1239 1207/39/1240
f 1200/39/1087 1197/39/1231 1192/39/1226 1207/39/1240
f 1127/20/1166 1200/39/1087 1207/39/1240 1128/20/1167
f 1125/20/1165 1126/39/1077 1200/39/1087 1127/20/1166
f 1211/18/1244 1210/3/1243 1209/8/1242 1208/40/1241
f 1103/18/1145 1106/3/1148 1210/3/1243 1211/18/1244
f 1212/18/1245 1100/18/1142 1103/18/1145 1211/18/1244
f 1213/40/1246 1212/18/1245 1211/18/1244 1208/40/1241
f 1214/18/1247 1097/18/1139 1100/18/1142 1212/18/1245
f 1215/40/1248 1214/18/1247 1212/18/1245 1213/40/1246
f 1216/16/1249 1094/16/1136 1097/18/1139 1214/18/1247
f 1191/40/1097 1215/40/1248 1213/40/1246 1189/40/1096
f 1184/38/1220 1216/16/1249 1214/18/1247 1215/40/1248
f 1183/16/1219 1091/16/1133 1094/16/1136 1216/16/1249
f 1177/38/1035 1184/38/1220 1215/40/1248 1191/40/1097
f 1182/38/1218 1183/16/1219 1216/16/1249 1184/38/1220
f 1089/13/1131 1090/13/1132 1091/16/1133 1183/16/1219
f 1208/40/1241 1209/8/1242 1187/8/1223 1188/40/1224
f 1189/40/1096 1213/40/1246 1208/40/1241 1188/40/1224
f 1063/8/1252 1042/8/1250 1187/8/1250 1209/8/1251
f 1062/3/1254 1063/8/1252 1209/8/1251 1210/3/1253
f 969/3/1256 1062/3/1254 1210/3/1253 1106/3/1255
f 968/2/1258 969/3/1256 1106/3/1255 1105/2/1257
f 967/2/1260 968/2/1258 1105/2/1257 1107/2/1259
f 966/1/17 967/2/1260 1107/2/1259 1110/1/1261
f 1056/1/1263 966/1/17 1110/1/1261 1205/1/1262
f 1058/5/1264 1056/1/1263 1205/1/1262 1206/5/1264
f 1047/5/1262 1058/5/1264 1206/5/1264 1193/5/1265
f 1046/5/1267 1047/5/1262 1193/5/1265 1194/5/1266
f 1019/4/545 1046/5/1267 1194/5/1266 1168/4/21
f 1018/4/1269 1019/4/545 1168/4/21 1167/4/1268
f 1020/7/1271 1018/4/1269 1167/4/1268 1166/7/1270
f 1023/7/1273 1020/7/1271 1166/7/1270 1165/7/1272
f 1041/6/1275 1023/7/1273 1165/7/1272 1185/6/1274
f 1042/6/1250 1041/6/1275 1185/6/1274 1187/6/1250
f 929/9/672 930/9/4 1075/9/4 1073/9/645
f 1025/28/1277 929/9/672 1073/9/645 1169/28/1276
f 996/28/1279 1025/28/1277 1169/28/1276 1144/28/1278
f 995/27/1281 996/28/1279 1144/28/1278 1141/27/1280
f 999/27/1283 995/27/1281 1141/27/1280 1139/27/1282
f 985/26/1285 999/27/1283 1139/27/1282 1131/26/1284
f 984/26/1287 985/26/1285 1131/26/1284 1129/26/1286
f 988/26/1288 984/26/1287 1129/26/1286 1133/26/1288
f 971/21/1290 988/26/1288 1133/26/1288 1114/21/1289
f 970/21/1292 971/21/1290 1114/21/1289 1112/21/1291
f 945/15/1294 970/21/1292 1112/21/1291 1081/15/1293
f 942/15/1296 945/15/1294 1081/15/1293 1079/15/1295
f 940/12/1298 942/15/1296 1079/15/1295 1083/12/1297
f 937/12/1300 940/12/1298 1083/12/1297 1087/12/1299
f 1037/36/1302 937/12/1300 1087/12/1299 1179/36/1301
f 930/36/4 1037/36/1302 1179/36/1301 1075/36/4
f 1220/10/995 1219/10/994 1218/9/993 1217/9/992
f 1222/10/997 1219/10/994 1220/10/995 1221/10/996
f 1224/11/999 1222/10/997 1221/10/996 1223/11/998
f 1228/12/1003 1225/12/1000 1227/13/1002 1226/13/1001
f 1230/15/15 1228/12/1003 1226/13/1001 1229/14/15
f 1234/14/15 1229/14/15 1226/13/1001 1231/13/1004
f 1233/15/1006 1230/15/15 1229/14/15 1232/14/1005
f 1236/14/1008 1232/14/1005 1229/14/15 1234/14/15
f 1237/17/15 1234/14/15 1231/13/1004 1235/16/1007
f 1239/17/1010 1236/14/1008 1234/14/15 1237/17/15
f 1240/17/15 1237/17/15 1235/16/1007 1238/16/1009
f 1242/17/1012 1239/17/1010 1237/17/15 1240/17/15
f 1243/19/15 1240/17/15 1238/16/1009 1241/18/1011
f 1245/19/1014 1242/17/1012 1240/17/15 1243/19/15
f 1246/19/15 1243/19/15 1241/18/1011 1244/18/1013
f 1248/19/1016 1245/19/1014 1243/19/15 1246/19/15
f 1251/19/15 1246/19/15 1244/18/1013 1247/18/1015
f 1250/20/1018 1249/20/1017 1245/19/1014 1248/19/1016
f 1252/19/1019 1248/19/1016 1246/19/15 1251/19/15
f 1253/20/1020 1250/20/1018 1248/19/1016 1252/19/1019
f 1255/2/1022 1254/1/1021 1253/20/1020 1252/19/1019
f 1256/2/15 1255/2/1022 1252/19/1019 1251/19/15
f 1257/3/1023 1256/2/15 1251/19/15 1247/18/1015
f 1261/22/1026 1260/22/1025 1259/21/1024 1258/21/402
f 1232/14/1005 1261/22/1026 1258/21/402 1233/15/1006
f 1262/22/1027 1261/22/1026 1232/14/1005 1236/14/1008
f 1263/22/1028 1260/22/1025 1261/22/1026 1262/22/1027
f 1264/23/1029 1262/22/1027 1236/14/1008 1239/17/1010
f 1265/23/1030 1263/22/1028 1262/22/1027 1264/23/1029
f 1268/23/1033 1264/23/1029 1239/17/1010 1242/17/1012
f 1267/25/1032 1266/24/1031 1263/22/1028 1265/23/1030
f 1269/23/1034 1265/23/1030 1264/23/1029 1268/23/1033
f 1249/20/1017 1268/23/1033 1242/17/1012 1245/19/1014
f 1270/25/1035 1267/25/1032 1265/23/1030 1269/23/1034
f 1271/20/1036 1269/23/1034 1268/23/1033 1249/20/1017
f 1275/24/1040 1274/24/1039 1273/26/1038 1272/26/1037
f 1279/24/1044 1275/24/1040 1272/26/1037 1276/26/1041
f 1278/24/1043 1274/24/1039 1275/24/1040 1277/24/1042
f 1260/22/1025 1279/24/1044 1276/26/1041 1259/21/1024
f 1266/24/1031 1279/24/1044 1260/22/1025 1263/22/1028
f 1277/24/1042 1275/24/1040 1279/24/1044 1266/24/1031
f 1280/25/1045 1277/24/1042 1266/24/1031 1267/25/1032
f 1281/25/1046 1278/24/1043 1277/24/1042 1280/25/1045
f 1282/25/1047 1280/25/1045 1267/25/1032 1270/25/1035
f 1286/30/9 1285/29/1049 1284/28/1048 1283/27/9
f 1290/30/1052 1286/30/9 1283/27/9 1287/27/1050
f 1289/29/1051 1285/29/1049 1286/30/9 1288/30/9
f 1274/24/1039 1290/30/1052 1287/27/1050 1273/26/1038
f 1291/30/1053 1290/30/1052 1274/24/1039 1278/24/1043
f 1288/30/9 1286/30/9 1290/30/1052 1291/30/1053
f 1293/31/9 1288/30/9 1291/30/1053 1292/31/1054
f 1294/32/1055 1289/29/1051 1288/30/9 1293/31/9
f 1296/31/9 1293/31/9 1292/31/1054 1295/31/1056
f 1297/32/1057 1294/32/1055 1293/31/9 1296/31/9
f 1299/33/9 1296/31/9 1295/31/1056 1298/33/1058
f 1300/34/1059 1297/32/1057 1296/31/9 1299/33/9
f 1302/33/9 1299/33/9 1298/33/1058 1301/33/1060
f 1303/34/1061 1300/34/1059 1299/33/9 1302/33/9
f 1305/33/9 1302/33/9 1301/33/1060 1304/33/1062
f 1309/34/1065 1303/34/1061 1302/33/9 1305/33/9
f 1307/4/1063 1306/4/9 1305/33/9 1304/33/1062
f 1309/34/1065 1305/33/9 1306/4/9 1308/7/1064
f 1312/34/1068 1310/34/1066 1303/34/1061 1309/34/1065
f 1312/34/1068 1309/34/1065 1308/7/1064 1311/7/1067
f 1314/29/1069 1220/10/995 1217/9/992 1313/28/363
f 1285/29/1049 1314/29/1069 1313/28/363 1284/28/1048
f 1315/29/1070 1314/29/1069 1285/29/1049 1289/29/1051
f 1221/10/996 1220/10/995 1314/29/1069 1315/29/1070
f 1316/32/1071 1315/29/1070 1289/29/1051 1294/32/1055
f 1223/11/998 1221/10/996 1315/29/1070 1316/32/1071
f 1317/32/1072 1316/32/1071 1294/32/1055 1297/32/1057
f 1318/11/1073 1223/11/998 1316/32/1071 1317/32/1072
f 1320/34/1075 1317/32/1072 1297/32/1057 1300/34/1059
f 1319/11/1074 1224/11/999 1223/11/998 1318/11/1073
f 1321/35/1303 1318/11/1073 1317/32/1072 1320/34/1075
f 1310/34/1066 1320/34/1075 1300/34/1059 1303/34/1061
f 1322/35/1077 1319/11/1074 1318/11/1073 1321/35/1303
f 1323/35/1078 1321/35/1303 1320/34/1075 1310/34/1066
f 1324/35/1079 1323/35/1078 1310/34/1066 1312/34/1068
f 1326/37/1081 1227/13/1002 1225/12/1000 1325/36/1080
f 1219/37/994 1326/37/1081 1325/36/1080 1218/36/993
f 1327/37/1082 1326/37/1081 1219/37/994 1222/37/997
f 1328/38/1083 1327/37/1082 1222/37/997 1224/38/999
f 1324/35/1079 1312/34/1068 1311/7/1067 1329/6/1084
f 1331/35/1086 1324/35/1079 1329/6/1084 1330/6/1085
f 1323/35/1078 1324/35/1079 1331/35/1086 1332/35/1087
f 1321/35/1303 1323/35/1078 1332/35/1087 1322/35/1077
f 1336/39/1091 1333/39/1088 1335/5/1090 1334/5/1089
f 1304/33/1062 1336/39/1091 1334/5/1089 1307/4/1063
f 1337/39/1092 1336/39/1091 1304/33/1062 1301/33/1060
f 1338/39/1093 1333/39/1088 1336/39/1091 1337/39/1092
f 1339/39/1094 1337/39/1092 1301/33/1060 1298/33/1058
f 1340/39/1304 1338/39/1093 1337/39/1092 1339/39/1094
f 1343/25/1098 1339/39/1094 1298/33/1058 1295/31/1056
f 1342/39/1097 1341/39/1096 1338/39/1093 1340/39/1304
f 1282/25/1047 1340/39/1304 1339/39/1094 1343/25/1098
f 1281/25/1046 1343/25/1098 1295/31/1056 1292/31/1054
f 1270/25/1035 1342/39/1097 1340/39/1304 1282/25/1047
f 1280/25/1045 1282/25/1047 1343/25/1098 1281/25/1046
f 1278/24/1043 1281/25/1046 1292/31/1054 1291/30/1053
f 1345/20/1100 1253/20/1020 1254/1/1021 1344/1/1099
f 1348/39/1103 1345/20/1100 1344/1/1099 1346/5/1101
f 1250/20/1018 1253/20/1020 1345/20/1100 1347/20/1102
f 1333/39/1088 1348/39/1103 1346/5/1101 1335/5/1090
f 1341/39/1096 1348/39/1103 1333/39/1088 1338/39/1093
f 1347/20/1102 1345/20/1100 1348/39/1103 1341/39/1096
f 1271/20/1036 1347/20/1102 1341/39/1096 1342/39/1097
f 1249/20/1017 1250/20/1018 1347/20/1102 1271/20/1036
f 1269/23/1034 1271/20/1036 1342/39/1097 1270/25/1035
f 1352/18/1107 1349/40/1104 1351/8/1106 1350/3/1105
f 1247/18/1015 1352/18/1107 1350/3/1105 1257/3/1023
f 1353/18/1108 1352/18/1107 1247/18/1015 1244/18/1013
f 1354/40/1109 1349/40/1104 1352/18/1107 1353/18/1108
f 1355/18/1110 1353/18/1108 1244/18/1013 1241/18/1011
f 1356/40/1305 1354/40/1109 1353/18/1108 1355/18/1110
f 1357/16/1112 1355/18/1110 1241/18/1011 1238/16/1009
f 1322/40/1077 1332/40/1087 1354/40/1109 1356/40/1305
f 1358/38/1113 1356/40/1305 1355/18/1110 1357/16/1112
f 1359/16/1114 1357/16/1112 1238/16/1009 1235/16/1007
f 1319/38/1074 1322/40/1077 1356/40/1305 1358/38/1113
f 1328/38/1083 1358/38/1113 1357/16/1112 1359/16/1114
f 1360/13/1115 1359/16/1114 1235/16/1007 1231/13/1004
f 1224/38/999 1319/38/1074 1358/38/1113 1328/38/1083
f 1327/37/1082 1328/38/1083 1359/16/1114 1360/13/1115
f 1227/13/1002 1360/13/1115 1231/13/1004 1226/13/1001
f 1326/37/1081 1327/37/1082 1360/13/1115 1227/13/1002
f 1349/40/1104 1331/40/1086 1330/8/1085 1351/8/1106
f 1332/40/1087 1331/40/1086 1349/40/1104 1354/40/1109
f 1364/10/1119 1361/9/1116 1363/9/1118 1362/10/1117
f 1366/10/1031 1365/10/1120 1364/10/1119 1362/10/1117
f 1370/14/1124 1367/15/1121 1369/15/1123 1368/14/1122
f 1374/13/1128 1371/12/1125 1367/15/1121 1370/14/1124
f 1373/14/1127 1372/14/1126 1370/14/1124 1368/14/1122
f 1376/13/1130 1375/12/1129 1371/12/1125 1374/13/1128
f 1378/13/1132 1377/13/1131 1376/13/1130 1374/13/1128
f 1372/14/1126 1378/13/1132 1374/13/1128 1370/14/1124
f 1380/17/1134 1379/16/1133 1378/13/1132 1372/14/1126
f 1381/17/1135 1380/17/1134 1372/14/1126 1373/14/1127
f 1383/17/1137 1382/16/1136 1379/16/1133 1380/17/1134
f 1384/17/1138 1383/17/1137 1380/17/1134 1381/17/1135
f 1386/19/1140 1385/18/1139 1382/16/1136 1383/17/1137
f 1387/19/1141 1386/19/1140 1383/17/1137 1384/17/1138
f 1389/19/1143 1388/18/1142 1385/18/1139 1386/19/1140
f 1390/19/1144 1389/19/1143 1386/19/1140 1387/19/1141
f 1392/19/1146 1391/18/1145 1388/18/1142 1389/19/1143
f 1396/19/1150 1392/19/1146 1389/19/1143 1390/19/1144
f 1394/3/1148 1391/18/1145 1392/19/1146 1393/2/1147
f 1396/19/1150 1395/2/1149 1393/2/1147 1392/19/1146
f 1399/20/1153 1396/19/1150 1390/19/1144 1397/20/1151
f 1399/20/1153 1398/1/1152 1395/2/1149 1396/19/1150
f 1403/22/1157 1400/21/1154 1402/21/1156 1401/22/1155
f 1368/14/1122 1369/15/1123 1400/21/1154 1403/22/1157
f 1404/22/1158 1373/14/1127 1368/14/1122 1403/22/1157
f 1405/22/1159 1404/22/1158 1403/22/1157 1401/22/1155
f 1406/23/1160 1381/17/1135 1373/14/1127 1404/22/1158
f 1407/23/1161 1406/23/1160 1404/22/1158 1405/22/1159
f 1408/23/1162 1384/17/1138 1381/17/1135 1406/23/1160
f 1409/23/1163 1408/23/1162 1406/23/1160 1407/23/1161
f 1412/20/1164 1387/19/1141 1384/17/1138 1408/23/1162
f 1411/25/1074 1409/23/1163 1407/23/1161 1410/25/999
f 1413/20/1165 1412/20/1164 1408/23/1162 1409/23/1163
f 1397/20/1151 1390/19/1144 1387/19/1141 1412/20/1164
f 1414/39/1077 1413/20/1165 1409/23/1163 1411/25/1074
f 1415/20/1166 1397/20/1151 1412/20/1164 1413/20/1165
f 1416/20/1167 1399/20/1153 1397/20/1151 1415/20/1166
f 1420/24/1171 1417/26/1168 1419/26/1170 1418/24/1169
f 1422/24/1173 1421/26/1172 1417/26/1168 1420/24/1171
f 1401/22/1155 1402/21/1156 1421/26/1172 1422/24/1173
f 1423/24/997 1405/22/1159 1401/22/1155 1422/24/1173
f 1424/24/1174 1423/24/997 1422/24/1173 1420/24/1171
f 1410/25/999 1407/23/1161 1405/22/1159 1423/24/997
f 1425/25/1175 1410/25/999 1423/24/997 1424/24/1174
f 1427/27/1177 1426/30/1176 1418/24/1169 1419/26/1170
f 1429/27/1179 1428/30/1178 1426/30/1176 1427/27/1177
f 1433/30/1183 1430/30/1180 1426/30/1176 1428/30/1178
f 1432/28/1182 1431/29/1181 1428/30/1178 1429/27/1179
f 1435/29/1185 1433/30/1183 1428/30/1178 1431/29/1181
f 1436/31/1186 1434/31/1184 1430/30/1180 1433/30/1183
f 1438/32/1188 1436/31/1186 1433/30/1183 1435/29/1185
f 1439/31/1189 1437/31/1187 1434/31/1184 1436/31/1186
f 1441/32/1191 1439/31/1189 1436/31/1186 1438/32/1188
f 1442/33/1192 1440/33/1190 1437/31/1187 1439/31/1189
f 1444/34/1194 1442/33/1192 1439/31/1189 1441/32/1191
f 1445/33/1195 1443/33/1193 1440/33/1190 1442/33/1192
f 1447/34/1197 1445/33/1195 1442/33/1192 1444/34/1194
f 1450/33/1200 1446/33/1196 1443/33/1193 1445/33/1195
f 1449/34/1199 1447/34/1197 1444/34/1194 1448/34/1198
f 1451/34/1201 1450/33/1200 1445/33/1195 1447/34/1197
f 1452/34/1202 1451/34/1201 1447/34/1197 1449/34/1199
f 1454/7/1204 1451/34/1201 1452/34/1202 1453/7/1203
f 1455/4/1205 1450/33/1200 1451/34/1201 1454/7/1204
f 1456/4/1206 1446/33/1196 1450/33/1200 1455/4/1205
f 1458/29/1208 1457/28/1207 1361/9/1116 1364/10/1119
f 1431/29/1181 1432/28/1182 1457/28/1207 1458/29/1208
f 1459/29/1209 1435/29/1185 1431/29/1181 1458/29/1208
f 1365/10/1120 1459/29/1209 1458/29/1208 1364/10/1119
f 1460/32/1210 1438/32/1188 1435/29/1185 1459/29/1209
f 1461/11/1211 1460/32/1210 1459/29/1209 1365/10/1120
f 1463/32/1212 1441/32/1191 1438/32/1188 1460/32/1210
f 1462/11/1032 1461/11/1211 1365/10/1120 1366/10/1031
f 1464/11/1213 1463/32/1212 1460/32/1210 1461/11/1211
f 1448/34/1198 1444/34/1194 1441/32/1191 1463/32/1212
f 1465/11/1035 1464/11/1213 1461/11/1211 1462/11/1032
f 1466/35/1214 1448/34/1198 1463/32/1212 1464/11/1213
f 1468/37/1216 1467/36/1215 1375/12/1129 1376/13/1130
f 1362/37/1117 1363/36/1118 1467/36/1215 1468/37/1216
f 1469/37/1217 1366/37/1031 1362/37/1117 1468/37/1216
f 1377/13/1131 1469/37/1217 1468/37/1216 1376/13/1130
f 1470/38/1218 1462/38/1032 1366/37/1031 1469/37/1217
f 1471/16/1219 1470/38/1218 1469/37/1217 1377/13/1131
f 1472/38/1220 1465/38/1035 1462/38/1032 1470/38/1218
f 1474/35/1222 1473/6/1221 1453/7/1203 1452/34/1202
f 1476/35/1224 1475/6/1223 1473/6/1221 1474/35/1222
f 1478/35/1225 1477/35/1096 1476/35/1224 1474/35/1222
f 1449/34/1199 1478/35/1225 1474/35/1222 1452/34/1202
f 1466/35/1214 1479/35/1097 1477/35/1096 1478/35/1225
f 1448/34/1198 1466/35/1214 1478/35/1225 1449/34/1199
f 1464/11/1213 1465/11/1035 1479/35/1097 1466/35/1214
f 1483/39/1229 1482/5/1228 1481/5/1227 1480/39/1226
f 1446/33/1196 1456/4/1206 1482/5/1228 1483/39/1229
f 1484/39/1230 1443/33/1193 1446/33/1196 1483/39/1229
f 1485/39/1231 1484/39/1230 1483/39/1229 1480/39/1226
f 1486/39/1232 1440/33/1190 1443/33/1193 1484/39/1230
f 1487/39/1233 1486/39/1232 1484/39/1230 1485/39/1231
f 1489/25/1234 1437/31/1187 1440/33/1190 1486/39/1232
f 1414/39/1077 1487/39/1233 1485/39/1231 1488/39/1087
f 1490/25/1235 1489/25/1234 1486/39/1232 1487/39/1233
f 1491/25/1236 1434/31/1184 1437/31/1187 1489/25/1234
f 1411/25/1074 1490/25/1235 1487/39/1233 1414/39/1077
f 1425/25/1175 1491/25/1236 1489/25/1234 1490/25/1235
f 1492/24/1237 1430/30/1180 1434/31/1184 1491/25/1236
f 1410/25/999 1425/25/1175 1490/25/1235 1411/25/1074
f 1424/24/1174 1492/24/1237 1491/25/1236 1425/25/1175
f 1418/24/1169 1426/30/1176 1430/30/1180 1492/24/1237
f 1420/24/1171 1418/24/1169 1492/24/1237 1424/24/1174
f 1416/20/1167 1493/1/1238 1398/1/1152 1399/20/1153
f 1495/39/1240 1494/5/1239 1493/1/1238 1416/20/1167
f 1480/39/1226 1481/5/1227 1494/5/1239 1495/39/1240
f 1488/39/1087 1485/39/1231 1480/39/1226 1495/39/1240
f 1415/20/1166 1488/39/1087 1495/39/1240 1416/20/1167
f 1413/20/1165 1414/39/1077 1488/39/1087 1415/20/1166
f 1499/18/1244 1498/3/1243 1497/8/1242 1496/40/1241
f 1391/18/1145 1394/3/1148 1498/3/1243 1499/18/1244
f 1500/18/1245 1388/18/1142 1391/18/1145 1499/18/1244
f 1501/40/1246 1500/18/1245 1499/18/1244 1496/40/1241
f 1502/18/1247 1385/18/1139 1388/18/1142 1500/18/1245
f 1503/40/1306 1502/18/1247 1500/18/1245 1501/40/1246
f 1504/16/1249 1382/16/1136 1385/18/1139 1502/18/1247
f 1479/40/1097 1503/40/1306 1501/40/1246 1477/40/1096
f 1472/38/1220 1504/16/1249 1502/18/1247 1503/40/1306
f 1471/16/1219 1379/16/1133 1382/16/1136 1504/16/1249
f 1465/38/1035 1472/38/1220 1503/40/1306 1479/40/1097
f 1470/38/1218 1471/16/1219 1504/16/1249 1472/38/1220
f 1377/13/1131 1378/13/1132 1379/16/1133 1471/16/1219
f 1496/40/1241 1497/8/1242 1475/8/1223 1476/40/1224
f 1477/40/1096 1501/40/1246 1496/40/1241 1476/40/1224
f 1351/8/1252 1330/8/1250 1475/8/1250 1497/8/1251
f 1350/3/1254 1351/8/1252 1497/8/1251 1498/3/1253
f 1257/3/1256 1350/3/1254 1498/3/1253 1394/3/1255
f 1256/2/1258 1257/3/1256 1394/3/1255 1393/2/1257
f 1255/2/1260 1256/2/1258 1393/2/1257 1395/2/1259
f 1254/1/17 1255/2/1260 1395/2/1259 1398/1/1261
f 1344/1/1263 1254/1/17 1398/1/1261 1493/1/1262
f 1346/5/1264 1344/1/1263 1493/1/1262 1494/5/1264
f 1335/5/1262 1346/5/1264 1494/5/1264 1481/5/1265
f 1334/5/1267 1335/5/1262 1481/5/1265 1482/5/1266
f 1307/4/545 1334/5/1267 1482/5/1266 1456/4/21
f 1306/4/1269 1307/4/545 1456/4/21 1455/4/1268
f 1308/7/1271 1306/4/1269 1455/4/1268 1454/7/1270
f 1311/7/1273 1308/7/1271 1454/7/1270 1453/7/1272
f 1329/6/1275 1311/7/1273 1453/7/1272 1473/6/1274
f 1330/6/1250 1329/6/1275 1473/6/1274 1475/6/1250
f 1217/9/672 1218/9/4 1363/9/4 1361/9/645
f 1313/28/1277 1217/9/672 1361/9/645 1457/28/1276
f 1284/28/1279 1313/28/1277 1457/28/1276 1432/28/1278
f 1283/27/1308 1284/28/1279 1432/28/1278 1429/27/1307
f 1287/27/1283 1283/27/1308 1429/27/1307 1427/27/1282
f 1273/26/1285 1287/27/1283 1427/27/1282 1419/26/1284
f 1272/26/1287 1273/26/1285 1419/26/1284 1417/26/1286
f 1276/26/1288 1272/26/1287 1417/26/1286 1421/26/1288
f 1259/21/1290 1276/26/1288 1421/26/1288 1402/21/1289
f 1258/21/1292 1259/21/1290 1402/21/1289 1400/21/1291
f 1233/15/1294 1258/21/1292 1400/21/1291 1369/15/1293
f 1230/15/1296 1233/15/1294 1369/15/1293 1367/15/1295
f 1228/12/1298 1230/15/1296 1367/15/1295 1371/12/1297
f 1225/12/1300 1228/12/1298 1371/12/1297 1375/12/1299
f 1325/36/1302 1225/12/1300 1375/12/1299 1467/36/1301
f 1218/36/4 1325/36/1302 1467/36/1301 1363/36/4
f 1508/1/1310 1507/1/1310 1506/1/1309 1505/1/1309
f 1510/2/1311 1509/2/1311 1507/1/1310 1508/1/1310
f 1512/2/26 1511/2/26 1509/2/1311 1510/2/1311
f 1514/3/1312 1513/3/1312 1511/2/26 1512/2/26
f 1518/5/1314 1517/5/1314 1516/4/1313 1515/4/1313
f 1520/5/1315 1519/5/1315 1517/5/1314 1518/5/1314
f 1522/5/15 1521/5/15 1519/5/1315 1520/5/1315
f 1505/1/1309 1506/1/1309 1521/5/15 1522/5/15
f 1526/7/1317 1525/7/1317 1524/6/1316 1523/6/1316
f 1528/7/1318 1527/7/1318 1525/7/1317 1526/7/1317
f 1530/4/18 1529/4/18 1527/7/1318 1528/7/1318
f 1515/4/1313 1516/4/1313 1529/4/18 1530/4/18
f 1534/8/1319 1531/8/1319 1533/8/9 1532/8/9
f 1536/3/1320 1535/3/1320 1531/8/1319 1534/8/1319
f 1513/3/1312 1514/3/1312 1535/3/1320 1536/3/1320
f 1523/6/1316 1524/6/1316 1532/6/9 1533/6/9
f 1540/1/1317 1537/1/1316 1539/1/1316 1538/1/1317
f 1542/2/1318 1540/1/1317 1538/1/1317 1541/2/1318
f 1544/2/18 1542/2/1318 1541/2/1318 1543/2/18
f 1546/3/1313 1544/2/18 1543/2/18 1545/3/1313
f 1550/5/1320 1547/4/1312 1549/4/1312 1548/5/1320
f 1552/5/1319 1550/5/1320 1548/5/1320 1551/5/1319
f 1554/5/9 1552/5/1319 1551/5/1319 1553/5/9
f 1537/1/1316 1554/5/9 1553/5/9 1539/1/1316
f 1558/7/1310 1555/6/1309 1557/6/1309 1556/7/1310
f 1560/7/1311 1558/7/1310 1556/7/1310 1559/7/1311
f 1562/4/26 1560/7/1311 1559/7/1311 1561/4/26
f 1547/4/1312 1562/4/26 1561/4/26 1549/4/1312
f 1566/8/1315 1565/8/15 1564/8/15 1563/8/1315
f 1568/3/1314 1566/8/1315 1563/8/1315 1567/3/1314
f 1545/3/1313 1568/3/1314 1567/3/1314 1546/3/1313
f 1565/6/15 1557/6/1309 1555/6/1309 1564/6/15
f 1563/8/1321 1564/8/13 1533/8/13 1531/8/948
f 1567/3/1323 1563/8/1321 1531/8/948 1535/3/1322
f 1546/3/1325 1567/3/1323 1535/3/1322 1514/3/1324
f 1544/2/955 1546/3/1325 1514/3/1324 1512/2/1326
f 1542/2/1328 1544/2/955 1512/2/1326 1510/2/1327
f 1540/1/1330 1542/2/1328 1510/2/1327 1508/1/1329
f 1537/1/1332 1540/1/1330 1508/1/1329 1505/1/1331
f 1554/5/13 1537/1/1332 1505/1/1331 1522/5/13
f 1552/5/1321 1554/5/13 1522/5/13 1520/5/948
f 1550/5/1323 1552/5/1321 1520/5/948 1518/5/1322
f 1547/4/1325 1550/5/1323 1518/5/1322 1515/4/1324
f 1562/4/955 1547/4/1325 1515/4/1324 1530/4/1326
f 1560/7/1328 1562/4/955 1530/4/1326 1528/7/1327
f 1558/7/1330 1560/7/1328 1528/7/1327 1526/7/1329
f 1555/6/1332 1558/7/1330 1526/7/1329 1523/6/1331
f 1564/6/13 1555/6/1332 1523/6/1331 1533/6/13
f 1534/8/672 1532/8/4 1565/8/4 1566/8/1333
f 1536/3/1335 1534/8/672 1566/8/1333 1568/3/1334
f 1513/3/1337 1536/3/1335 1568/3/1334 1545/3/1336
f 1511/2/1339 1513/3/1337 1545/3/1336 1543/2/1338
f 1509/2/1341 1511/2/1339 1543/2/1338 1541/2/1340
f 1507/1/1343 1509/2/1341 1541/2/1340 1538/1/1342
f 1506/1/1345 1507/1/1343 1538/1/1342 1539/1/1344
f 1521/5/4 1506/1/1345 1539/1/1344 1553/5/4
f 1519/5/672 1521/5/4 1553/5/4 1551/5/1333
f 1517/5/1335 1519/5/672 1551/5/1333 1548/5/1334
f 1516/4/1337 1517/5/1335 1548/5/1334 1549/4/1336
f 1529/4/1339 1516/4/1337 1549/4/1336 1561/4/1338
f 1527/7/1341 1529/4/1339 1561/4/1338 1559/7/1340
f 1525/7/1343 1527/7/1341 1559/7/1340 1556/7/1342
f 1524/6/1345 1525/7/1343 1556/7/1342 1557/6/1344
f 1532/6/4 1524/6/1345 1557/6/1344 1565/6/4

usemtl Color
f 1572/41/1349 1569/41/1346 1571/41/1348 1570/41/1347
f 1574/42/1351 1572/41/1349 1570/41/1347 1573/42/1350
f 1576/42/1353 1574/42/1351 1573/42/1350 1575/42/1352
f 1578/43/1355 1576/42/1353 1575/42/1352 1577/43/1354
f 1580/43/1357 1578/43/1355 1577/43/1354 1579/43/1356
f 1582/43/1359 1580/43/1357 1579/43/1356 1581/43/1358
f 1584/44/1361 1582/43/1359 1581/43/1358 1583/44/1360
f 1586/44/1363 1584/44/1361 1583/44/1360 1585/44/1362
f 1588/45/1365 1586/44/1363 1585/44/1362 1587/45/1364
f 1590/45/1367 1588/45/1365 1587/45/1364 1589/45/1366
f 1592/46/1369 1590/45/1367 1589/45/1366 1591/46/1368
f 1594/46/1371 1592/46/1369 1591/46/1368 1593/46/1370
f 1596/47/1373 1594/46/1371 1593/46/1370 1595/47/1372
f 1598/47/1375 1596/47/1373 1595/47/1372 1597/47/1374
f 1600/47/1377 1598/47/1375 1597/47/1374 1599/47/1376
f 1569/48/1346 1600/47/1377 1599/47/1376 1571/48/1348
f 1604/47/1381 1601/48/1378 1603/48/1380 1602/47/1379
f 1606/47/1383 1604/47/1381 1602/47/1379 1605/47/1382
f 1608/47/1385 1606/47/1383 1605/47/1382 1607/47/1384
f 1610/46/1387 1608/47/1385 1607/47/1384 1609/46/1386
f 1612/46/1389 1610/46/1387 1609/46/1386 1611/46/1388
f 1614/45/1391 1612/46/1389 1611/46/1388 1613/45/1390
f 1616/45/1393 1614/45/1391 1613/45/1390 1615/45/1392
f 1618/44/1395 1616/45/1393 1615/45/1392 1617/44/1394
f 1620/44/1397 1618/44/1395 1617/44/1394 1619/44/1396
f 1622/43/1399 1620/44/1397 1619/44/1396 1621/43/1398
f 1624/43/1401 1622/43/1399 1621/43/1398 1623/43/1400
f 1626/43/1403 1624/43/1401 1623/43/1400 1625/43/1402
f 1628/42/1405 1626/43/1403 1625/43/1402 1627/42/1404
f 1630/42/1407 1628/42/1405 1627/42/1404 1629/42/1406
f 1632/41/1409 1630/42/1407 1629/42/1406 1631/41/1408
f 1601/41/1378 1632/41/1409 1631/41/1408 1603/41/1380
f 1636/44/1413 1635/44/1412 1634/44/1411 1633/44/1410
f 1638/45/1415 1636/44/1413 1633/44/1410 1637/45/1414
f 1640/45/1417 1638/45/1415 1637/45/1414 1639/45/1416
f 1642/46/1419 1640/45/1417 1639/45/1416 1641/46/1418
f 1644/46/1421 1642/46/1419 1641/46/1418 1643/46/1420
f 1646/47/1423 1644/46/1421 1643/46/1420 1645/47/1422
f 1648/47/1425 1646/47/1423 1645/47/1422 1647/47/1424
f 1650/47/1427 1648/47/1425 1647/47/1424 1649/47/1426
f 1654/42/1431 1651/42/1428 1653/42/1430 1652/42/1429
f 1656/41/1433 1654/42/1431 1652/42/1429 1655/41/1432
f 1658/41/1435 1656/41/1433 1655/41/1432 1657/41/1434
f 1657/48/1434 1650/47/1427 1649/47/1426 1658/48/1435
f 1660/43/1437 1634/44/1411 1635/44/1412 1659/43/1436
f 1662/43/1439 1660/43/1437 1659/43/1436 1661/43/1438
f 1664/43/1441 1662/43/1439 1661/43/1438 1663/43/1440
f 1651/42/1428 1664/43/1441 1663/43/1440 1653/42/1430
f 1668/45/1445 1667/45/1444 1666/46/1443 1665/46/1442
f 1670/45/1447 1669/45/1446 1667/45/1444 1668/45/1445
f 1672/44/1449 1671/44/1448 1669/45/1446 1670/45/1447
f 1674/44/1451 1673/44/1450 1671/44/1448 1672/44/1449
f 1676/46/1453 1675/46/1452 1665/46/1442 1666/46/1443
f 1678/47/1455 1677/47/1454 1675/46/1452 1676/46/1453
f 1680/47/1457 1679/47/1456 1677/47/1454 1678/47/1455
f 1682/47/1459 1681/47/1458 1679/47/1456 1680/47/1457
f 1686/41/1463 1683/41/1460 1685/41/1462 1684/41/1461
f 1688/42/1465 1687/42/1464 1683/41/1460 1686/41/1463
f 1690/42/1467 1689/42/1466 1687/42/1464 1688/42/1465
f 1681/47/1458 1682/47/1459 1684/48/1461 1685/48/1462
f 1692/43/1469 1691/43/1468 1689/42/1466 1690/42/1467
f 1694/43/1471 1693/43/1470 1691/43/1468 1692/43/1469
f 1696/43/1473 1695/43/1472 1693/43/1470 1694/43/1471
f 1673/44/1450 1674/44/1451 1695/43/1472 1696/43/1473
f 1632/49/1409 1601/49/1378 1685/49/1462 1683/49/1460
f 1630/50/1407 1632/49/1409 1683/49/1460 1687/50/1464
f 1628/50/1405 1630/50/1407 1687/50/1464 1689/50/1466
f 1626/51/1403 1628/50/1405 1689/50/1466 1691/51/1468
f 1624/51/1401 1626/51/1403 1691/51/1468 1693/51/1470
f 1622/51/1399 1624/51/1401 1693/51/1470 1695/51/1472
f 1620/52/1397 1622/51/1399 1695/51/1472 1674/52/1451
f 1618/52/1395 1620/52/1397 1674/52/1451 1672/52/1449
f 1616/53/1393 1618/52/1395 1672/52/1449 1670/53/1447
f 1614/53/1391 1616/53/1393 1670/53/1447 1668/53/1445
f 1612/54/1389 1614/53/1391 1668/53/1445 1665/54/1442
f 1610/54/1387 1612/54/1389 1665/54/1442 1675/54/1452
f 1608/55/1385 1610/54/1387 1675/54/1452 1677/55/1454
f 1606/55/1383 1608/55/1385 1677/55/1454 1679/55/1456
f 1604/55/1381 1606/55/1383 1679/55/1456 1681/55/1458
f 1601/56/1378 1604/55/1381 1681/55/1458 1685/56/1462
f 1686/49/1463 1684/49/1461 1569/49/1346 1572/49/1349
f 1688/50/1465 1686/49/1463 1572/49/1349 1574/50/1351
f 1690/50/1467 1688/50/1465 1574/50/1351 1576/50/1353
f 1692/51/1469 1690/50/1467 1576/50/1353 1578/51/1355
f 1694/51/1471 1692/51/1469 1578/51/1355 1580/51/1357
f 1696/51/1473 1694/51/1471 1580/51/1357 1582/51/1359
f 1673/52/1450 1696/51/1473 1582/51/1359 1584/52/1361
f 1671/52/1448 1673/52/1450 1584/52/1361 1586/52/1363
f 1669/53/1446 1671/52/1448 1586/52/1363 1588/53/1365
f 1667/53/1444 1669/53/1446 1588/53/1365 1590/53/1367
f 1666/54/1443 1667/53/1444 1590/53/1367 1592/54/1369
f 1676/54/1453 1666/54/1443 1592/54/1369 1594/54/1371
f 1678/55/1455 1676/54/1453 1594/54/1371 1596/55/1373
f 1680/55/1457 1678/55/1455 1596/55/1373 1598/55/1375
f 1682/55/1459 1680/55/1457 1598/55/1375 1600/55/1377
f 1684/56/1461 1682/55/1459 1600/55/1377 1569/56/1346
f 1656/49/1433 1658/49/1435 1603/49/1380 1631/49/1408
f 1654/50/1431 1656/49/1433 1631/49/1408 1629/50/1406
f 1651/50/1428 1654/50/1431 1629/50/1406 1627/50/1404
f 1664/51/1441 1651/50/1428 1627/50/1404 1625/51/1402
f 1662/51/1439 1664/51/1441 1625/51/1402 1623/51/1400
f 1660/51/1437 1662/51/1439 1623/51/1400 1621/51/1398
f 1634/52/1411 1660/51/1437 1621/51/1398 1619/52/1396
f 1633/52/1410 1634/52/1411 1619/52/1396 1617/52/1394
f 1637/53/1414 1633/52/1410 1617/52/1394 1615/53/1392
f 1639/53/1416 1637/53/1414 1615/53/1392 1613/53/1390
f 1641/54/1418 1639/53/1416 1613/53/1390 1611/54/1388
f 1643/54/1420 1641/54/1418 1611/54/1388 1609/54/1386
f 1645/55/1422 1643/54/1420 1609/54/1386 1607/55/1384
f 1647/55/1424 1645/55/1422 1607/55/1384 1605/55/1382
f 1649/55/1426 1647/55/1424 1605/55/1382 1602/55/1379
f 1658/56/1435 1649/55/1426 1602/55/1379 1603/56/1380
f 1570/49/1347 1571/49/1348 1657/49/1434 1655/49/1432
f 1573/50/1350 1570/49/1347 1655/49/1432 1652/50/1429
f 1575/50/1352 1573/50/1350 1652/50/1429 1653/50/1430
f 1577/51/1354 1575/50/1352 1653/50/1430 1663/51/1440
f 1579/51/1356 1577/51/1354 1663/51/1440 1661/51/1438
f 1581/51/1358 1579/51/1356 1661/51/1438 1659/51/1436
f 1583/52/1360 1581/51/1358 1659/51/1436 1635/52/1412
f 1585/52/1362 1583/52/1360 1635/52/1412 1636/52/1413
f 1587/53/1364 1585/52/1362 1636/52/1413 1638/53/1415
f 1589/53/1366 1587/53/1364 1638/53/1415 1640/53/1417
f 1591/54/1368 1589/53/1366 1640/53/1417 1642/54/1419
f 1593/54/1370 1591/54/1368 1642/54/1419 1644/54/1421
f 1595/55/1372 1593/54/1370 1644/54/1421 1646/55/1423
f 1597/55/1374 1595/55/1372 1646/55/1423 1648/55/1425
f 1599/55/1376 1597/55/1374 1648/55/1425 1650/55/1427
f 1571/56/1348 1599/55/1376 1650/55/1427 1657/56/1434
f 1700/41/1477 1697/41/1474 1699/41/1476 1698/41/1475
f 1702/42/1479 1700/41/1477 1698/41/1475 1701/42/1478
f 1704/42/1481 1702/42/1479 1701/42/1478 1703/42/1480
f 1706/43/1483 1704/42/1481 1703/42/1480 1705/43/1482
f 1708/43/1485 1706/43/1483 1705/43/1482 1707/43/1484
f 1710/43/1487 1708/43/1485 1707/43/1484 1709/43/1486
f 1712/44/1489 1710/43/1487 1709/43/1486 1711/44/1488
f 1714/44/1491 1712/44/1489 1711/44/1488 1713/44/1490
f 1716/45/1493 1714/44/1491 1713/44/1490 1715/45/1492
f 1718/45/1495 1716/45/1493 1715/45/1492 1717/45/1494
f 1720/46/1497 1718/45/1495 1717/45/1494 1719/46/1496
f 1722/46/1499 1720/46/1497 1719/46/1496 1721/46/1498
f 1724/47/1501 1722/46/1499 1721/46/1498 1723/47/1500
f 1726/47/1503 1724/47/1501 1723/47/1500 1725/47/1502
f 1728/47/1505 1726/47/1503 1725/47/1502 1727/47/1504
f 1697/48/1474 1728/47/1505 1727/47/1504 1699/48/1476
f 1732/47/1509 1729/48/1506 1731/48/1508 1730/47/1507
f 1734/47/1511 1732/47/1509 1730/47/1507 1733/47/1510
f 1736/47/1513 1734/47/1511 1733/47/1510 1735/47/1512
f 1738/46/1515 1736/47/1513 1735/47/1512 1737/46/1514
f 1740/46/1517 1738/46/1515 1737/46/1514 1739/46/1516
f 1742/45/1519 1740/46/1517 1739/46/1516 1741/45/1518
f 1744/45/1521 1742/45/1519 1741/45/1518 1743/45/1520
f 1746/44/1523 1744/45/1521 1743/45/1520 1745/44/1522
f 1748/44/1525 1746/44/1523 1745/44/1522 1747/44/1524
f 1750/43/1527 1748/44/1525 1747/44/1524 1749/43/1526
f 1752/43/1529 1750/43/1527 1749/43/1526 1751/43/1528
f 1754/43/1531 1752/43/1529 1751/43/1528 1753/43/1530
f 1756/42/1533 1754/43/1531 1753/43/1530 1755/42/1532
f 1758/42/1535 1756/42/1533 1755/42/1532 1757/42/1534
f 1760/41/1537 1758/42/1535 1757/42/1534 1759/41/1536
f 1729/41/1506 1760/41/1537 1759/41/1536 1731/41/1508
f 1764/44/1541 1763/44/1540 1762/44/1539 1761/44/1538
f 1766/45/1543 1764/44/1541 1761/44/1538 1765/45/1542
f 1768/45/1545 1766/45/1543 1765/45/1542 1767/45/1544
f 1770/46/1547 1768/45/1545 1767/45/1544 1769/46/1546
f 1772/46/1549 1770/46/1547 1769/46/1546 1771/46/1548
f 1774/47/1551 1772/46/1549 1771/46/1548 1773/47/1550
f 1776/47/1553 1774/47/1551 1773/47/1550 1775/47/1552
f 1778/47/1555 1776/47/1553 1775/47/1552 1777/47/1554
f 1782/42/1559 1779/42/1556 1781/42/1558 1780/42/1557
f 1784/41/1561 1782/42/1559 1780/42/1557 1783/41/1560
f 1786/41/1563 1784/41/1561 1783/41/1560 1785/41/1562
f 1785/48/1562 1778/47/1555 1777/47/1554 1786/48/1563
f 1788/43/1565 1762/44/1539 1763/44/1540 1787/43/1564
f 1790/43/1567 1788/43/1565 1787/43/1564 1789/43/1566
f 1792/43/1569 1790/43/1567 1789/43/1566 1791/43/1568
f 1779/42/1556 1792/43/1569 1791/43/1568 1781/42/1558
f 1796/45/1573 1795/45/1572 1794/46/1571 1793/46/1570
f 1798/45/1575 1797/45/1574 1795/45/1572 1796/45/1573
f 1800/44/1577 1799/44/1576 1797/45/1574 1798/45/1575
f 1802/44/1579 1801/44/1578 1799/44/1576 1800/44/1577
f 1804/46/1581 1803/46/1580 1793/46/1570 1794/46/1571
f 1806/47/1583 1805/47/1582 1803/46/1580 1804/46/1581
f 1808/47/1585 1807/47/1584 1805/47/1582 1806/47/1583
f 1810/47/1587 1809/47/1586 1807/47/1584 1808/47/1585
f 1814/41/1591 1811/41/1588 1813/41/1590 1812/41/1589
f 1816/42/1593 1815/42/1592 1811/41/1588 1814/41/1591
f 1818/42/1595 1817/42/1594 1815/42/1592 1816/42/1593
f 1809/47/1586 1810/47/1587 1812/48/1589 1813/48/1590
f 1820/43/1597 1819/43/1596 1817/42/1594 1818/42/1595
f 1822/43/1599 1821/43/1598 1819/43/1596 1820/43/1597
f 1824/43/1601 1823/43/1600 1821/43/1598 1822/43/1599
f 1801/44/1578 1802/44/1579 1823/43/1600 1824/43/1601
f 1760/49/1537 1729/49/1506 1813/49/1590 1811/49/1588
f 1758/50/1535 1760/49/1537 1811/49/1588 1815/50/1592
f 1756/50/1533 1758/50/1535 1815/50/1592 1817/50/1594
f 1754/51/1531 1756/50/1533 1817/50/1594 1819/51/1596
f 1752/51/1529 1754/51/1531 1819/51/1596 1821/51/1598
f 1750/51/1527 1752/51/1529 1821/51/1598 1823/51/1600
f 1748/52/1525 1750/51/1527 1823/51/1600 1802/52/1579
f 1746/52/1523 1748/52/1525 1802/52/1579 1800/52/1577
f 1744/53/1521 1746/52/1523 1800/52/1577 1798/53/1575
f 1742/53/1519 1744/53/1521 1798/53/1575 1796/53/1573
f 1740/54/1517 1742/53/1519 1796/53/1573 1793/54/1570
f 1738/54/1515 1740/54/1517 1793/54/1570 1803/54/1580
f 1736/55/1513 1738/54/1515 1803/54/1580 1805/55/1582
f 1734/55/1511 1736/55/1513 1805/55/1582 1807/55/1584
f 1732/55/1509 1734/55/1511 1807/55/1584 1809/55/1586
f 1729/56/1506 1732/55/1509 1809/55/1586 1813/56/1590
f 1814/49/1591 1812/49/1589 1697/49/1474 1700/49/1477
f 1816/50/1593 1814/49/1591 1700/49/1477 1702/50/1479
f 1818/50/1595 1816/50/1593 1702/50/1479 1704/50/1481
f 1820/51/1597 1818/50/1595 1704/50/1481 1706/51/1483
f 1822/51/1599 1820/51/1597 1706/51/1483 1708/51/1485
f 1824/51/1601 1822/51/1599 1708/51/1485 1710/51/1487
f 1801/52/1578 1824/51/1601 1710/51/1487 1712/52/1489
f 1799/52/1576 1801/52/1578 1712/52/1489 1714/52/1491
f 1797/53/1574 1799/52/1576 1714/52/1491 1716/53/1493
f 1795/53/1572 1797/53/1574 1716/53/1493 1718/53/1495
f 1794/54/1571 1795/53/1572 1718/53/1495 1720/54/1497
f 1804/54/1581 1794/54/1571 1720/54/1497 1722/54/1499
f 1806/55/1583 1804/54/1581 1722/54/1499 1724/55/1501
f 1808/55/1585 1806/55/1583 1724/55/1501 1726/55/1503
f 1810/55/1587 1808/55/1585 1726/55/1503 1728/55/1505
f 1812/56/1589 1810/55/1587 1728/55/1505 1697/56/1474
f 1784/49/1561 1786/49/1563 1731/49/1508 1759/49/1536
f 1782/50/1559 1784/49/1561 1759/49/1536 1757/50/1534
f 1779/50/1556 1782/50/1559 1757/50/1534 1755/50/1532
f 1792/51/1569 1779/50/1556 1755/50/1532 1753/51/1530
f 1790/51/1567 1792/51/1569 1753/51/1530 1751/51/1528
f 1788/51/1565 1790/51/1567 1751/51/1528 1749/51/1526
f 1762/52/1539 1788/51/1565 1749/51/1526 1747/52/1524
f 1761/52/1538 1762/52/1539 1747/52/1524 1745/52/1522
f 1765/53/1542 1761/52/1538 1745/52/1522 1743/53/1520
f 1767/53/1544 1765/53/1542 1743/53/1520 1741/53/1518
f 1769/54/1546 1767/53/1544 1741/53/1518 1739/54/1516
f 1771/54/1548 1769/54/1546 1739/54/1516 1737/54/1514
f 1773/55/1550 1771/54/1548 1737/54/1514 1735/55/1512
f 1775/55/1552 1773/55/1550 1735/55/1512 1733/55/1510
f 1777/55/1554 1775/55/1552 1733/55/1510 1730/55/1507
f 1786/56/1563 1777/55/1554 1730/55/1507 1731/56/1508
f 1698/49/1475 1699/49/1476 1785/49/1562 1783/49/1560
f 1701/50/1478 1698/49/1475 1783/49/1560 1780/50/1557
f 1703/50/1480 1701/50/1478 1780/50/1557 1781/50/1558
f 1705/51/1482 1703/50/1480 1781/50/1558 1791/51/1568
f 1707/51/1484 1705/51/1482 1791/51/1568 1789/51/1566
f 1709/51/1486 1707/51/1484 1789/51/1566 1787/51/1564
f 1711/52/1488 1709/51/1486 1787/51/1564 1763/52/1540
f 1713/52/1490 1711/52/1488 1763/52/1540 1764/52/1541
f 1715/53/1492 1713/52/1490 1764/52/1541 1766/53/1543
f 1717/53/1494 1715/53/1492 1766/53/1543 1768/53/1545
f 1719/54/1496 1717/53/1494 1768/53/1545 1770/54/1547
f 1721/54/1498 1719/54/1496 1770/54/1547 1772/54/1549
f 1723/55/1500 1721/54/1498 1772/54/1549 1774/55/1551
f 1725/55/1502 1723/55/1500 1774/55/1551 1776/55/1553
f 1727/55/1504 1725/55/1502 1776/55/1553 1778/55/1555
f 1699/56/1476 1727/55/1504 1778/55/1555 1785/56/1562
f 1828/41/1477 1825/41/1474 1827/41/1476 1826/41/1475
f 1830/42/1479 1828/41/1477 1826/41/1475 1829/42/1478
f 1832/42/1481 1830/42/1479 1829/42/1478 1831/42/1480
f 1834/43/1483 1832/42/1481 1831/42/1480 1833/43/1482
f 1836/43/1485 1834/43/1483 1833/43/1482 1835/43/1484
f 1838/43/1487 1836/43/1485 1835/43/1484 1837/43/1486
f 1840/44/1489 1838/43/1487 1837/43/1486 1839/44/1488
f 1842/44/1491 1840/44/1489 1839/44/1488 1841/44/1490
f 1844/45/1493 1842/44/1491 1841/44/1490 1843/45/1492
f 1846/45/1495 1844/45/1493 1843/45/1492 1845/45/1494
f 1848/46/1497 1846/45/1495 1845/45/1494 1847/46/1496
f 1850/46/1499 1848/46/1497 1847/46/1496 1849/46/1498
f 1852/47/1501 1850/46/1499 1849/46/1498 1851/47/1500
f 1854/47/1503 1852/47/1501 1851/47/1500 1853/47/1502
f 1856/47/1505 1854/47/1503 1853/47/1502 1855/47/1504
f 1825/48/1474 1856/47/1505 1855/47/1504 1827/48/1476
f 1860/47/1509 1857/48/1506 1859/48/1508 1858/47/1507
f 1862/47/1511 1860/47/1509 1858/47/1507 1861/47/1510
f 1864/47/1513 1862/47/1511 1861/47/1510 1863/47/1512
f 1866/46/1515 1864/47/1513 1863/47/1512 1865/46/1514
f 1868/46/1517 1866/46/1515 1865/46/1514 1867/46/1516
f 1870/45/1519 1868/46/1517 1867/46/1516 1869/45/1518
f 1872/45/1521 1870/45/1519 1869/45/1518 1871/45/1520
f 1874/44/1523 1872/45/1521 1871/45/1520 1873/44/1522
f 1876/44/1525 1874/44/1523 1873/44/1522 1875/44/1524
f 1878/43/1527 1876/44/1525 1875/44/1524 1877/43/1526
f 1880/43/1529 1878/43/1527 1877/43/1526 1879/43/1528
f 1882/43/1531 1880/43/1529 1879/43/1528 1881/43/1530
f 1884/42/1533 1882/43/1531 1881/43/1530 1883/42/1532
f 1886/42/1535 1884/42/1533 1883/42/1532 1885/42/1534
f 1888/41/1537 1886/42/1535 1885/42/1534 1887/41/1536
f 1857/41/1506 1888/41/1537 1887/41/1536 1859/41/1508
f 1892/44/1541 1891/44/1540 1890/44/1539 1889/44/1538
f 1894/45/1543 1892/44/1541 1889/44/1538 1893/45/1542
f 1896/45/1545 1894/45/1543 1893/45/1542 1895/45/1544
f 1898/46/1547 1896/45/1545 1895/45/1544 1897/46/1546
f 1900/46/1549 1898/46/1547 1897/46/1546 1899/46/1548
f 1902/47/1551 1900/46/1549 1899/46/1548 1901/47/1550
f 1904/47/1553 1902/47/1551 1901/47/1550 1903/47/1552
f 1906/47/1555 1904/47/1553 1903/47/1552 1905/47/1554
f 1910/42/1559 1907/42/1556 1909/42/1558 1908/42/1557
f 1912/41/1561 1910/42/1559 1908/42/1557 1911/41/1560
f 1914/41/1563 1912/41/1561 1911/41/1560 1913/41/1562
f 1913/48/1562 1906/47/1555 1905/47/1554 1914/48/1563
f 1916/43/1565 1890/44/1539 1891/44/1540 1915/43/1564
f 1918/43/1567 1916/43/1565 1915/43/1564 1917/43/1566
f 1920/43/1569 1918/43/1567 1917/43/1566 1919/43/1568
f 1907/42/1556 1920/43/1569 1919/43/1568 1909/42/1558
f 1924/45/1573 1923/45/1572 1922/46/1571 1921/46/1570
f 1926/45/1602 1925/45/1574 1923/45/1572 1924/45/1573
f 1928/44/1603 1927/44/1576 1925/45/1574 1926/45/1602
f 1930/44/1579 1929/44/1578 1927/44/1576 1928/44/1603
f 1932/46/1581 1931/46/1580 1921/46/1570 1922/46/1571
f 1934/47/1583 1933/47/1582 1931/46/1580 1932/46/1581
f 1936/47/1585 1935/47/1584 1933/47/1582 1934/47/1583
f 1938/47/1604 1937/47/1586 1935/47/1584 1936/47/1585
f 1942/41/1591 1939/41/1588 1941/41/1590 1940/41/1605
f 1944/42/1593 1943/42/1592 1939/41/1588 1942/41/1591
f 1946/42/1595 1945/42/1594 1943/42/1592 1944/42/1593
f 1937/47/1586 1938/47/1604 1940/48/1605 1941/48/1590
f 1948/43/1597 1947/43/1596 1945/42/1594 1946/42/1595
f 1950/43/1599 1949/43/1598 1947/43/1596 1948/43/1597
f 1952/43/1606 1951/43/1600 1949/43/1598 1950/43/1599
f 1929/44/1578 1930/44/1579 1951/43/1600 1952/43/1606
f 1888/49/1537 1857/49/1506 1941/49/1590 1939/49/1588
f 1886/50/1535 1888/49/1537 1939/49/1588 1943/50/1592
f 1884/50/1533 1886/50/1535 1943/50/1592 1945/50/1594
f 1882/51/1531 1884/50/1533 1945/50/1594 1947/51/1596
f 1880/51/1529 1882/51/1531 1947/51/1596 1949/51/1598
f 1878/51/1527 1880/51/1529 1949/51/1598 1951/51/1600
f 1876/52/1525 1878/51/1527 1951/51/1600 1930/52/1579
f 1874/52/1523 1876/52/1525 1930/52/1579 1928/52/1603
f 1872/53/1521 1874/52/1523 1928/52/1603 1926/53/1602
f 1870/53/1519 1872/53/1521 1926/53/1602 1924/53/1573
f 1868/54/1517 1870/53/1519 1924/53/1573 1921/54/1570
f 1866/54/1515 1868/54/1517 1921/54/1570 1931/54/1580
f 1864/55/1513 1866/54/1515 1931/54/1580 1933/55/1582
f 1862/55/1511 1864/55/1513 1933/55/1582 1935/55/1584
f 1860/55/1509 1862/55/1511 1935/55/1584 1937/55/1586
f 1857/56/1506 1860/55/1509 1937/55/1586 1941/56/1590
f 1942/49/1591 1940/49/1605 1825/49/1474 1828/49/1477
f 1944/50/1593 1942/49/1591 1828/49/1477 1830/50/1479
f 1946/50/1595 1944/50/1593 1830/50/1479 1832/50/1481
f 1948/51/1597 1946/50/1595 1832/50/1481 1834/51/1483
f 1950/51/1599 1948/51/1597 1834/51/1483 1836/51/1485
f 1952/51/1606 1950/51/1599 1836/51/1485 1838/51/1487
f 1929/52/1578 1952/51/1606 1838/51/1487 1840/52/1489
f 1927/52/1576 1929/52/1578 1840/52/1489 1842/52/1491
f 1925/53/1574 1927/52/1576 1842/52/1491 1844/53/1493
f 1923/53/1572 1925/53/1574 1844/53/1493 1846/53/1495
f 1922/54/1571 1923/53/1572 1846/53/1495 1848/54/1497
f 1932/54/1581 1922/54/1571 1848/54/1497 1850/54/1499
f 1934/55/1583 1932/54/1581 1850/54/1499 1852/55/1501
f 1936/55/1585 1934/55/1583 1852/55/1501 1854/55/1503
f 1938/55/1604 1936/55/1585 1854/55/1503 1856/55/1505
f 1940/56/1605 1938/55/1604 1856/55/1505 1825/56/1474
f 1912/49/1561 1914/49/1563 1859/49/1508 1887/49/1536
f 1910/50/1559 1912/49/1561 1887/49/1536 1885/50/1534
f 1907/50/1556 1910/50/1559 1885/50/1534 1883/50/1532
f 1920/51/1569 1907/50/1556 1883/50/1532 1881/51/1530
f 1918/51/1567 1920/51/1569 1881/51/1530 1879/51/1528
f 1916/51/1565 1918/51/1567 1879/51/1528 1877/51/1526
f 1890/52/1539 1916/51/1565 1877/51/1526 1875/52/1524
f 1889/52/1538 1890/52/1539 1875/52/1524 1873/52/1522
f 1893/53/1542 1889/52/1538 1873/52/1522 1871/53/1520
f 1895/53/1544 1893/53/1542 1871/53/1520 1869/53/1518
f 1897/54/1546 1895/53/1544 1869/53/1518 1867/54/1516
f 1899/54/1548 1897/54/1546 1867/54/1516 1865/54/1514
f 1901/55/1550 1899/54/1548 1865/54/1514 1863/55/1512
f 1903/55/1552 1901/55/1550 1863/55/1512 1861/55/1510
f 1905/55/1554 1903/55/1552 1861/55/1510 1858/55/1507
f 1914/56/1563 1905/55/1554 1858/55/1507 1859/56/1508
f 1826/49/1475 1827/49/1476 1913/49/1562 1911/49/1560
f 1829/50/1478 1826/49/1475 1911/49/1560 1908/50/1557
f 1831/50/1480 1829/50/1478 1908/50/1557 1909/50/1558
f 1833/51/1482 1831/50/1480 1909/50/1558 1919/51/1568
f 1835/51/1484 1833/51/1482 1919/51/1568 1917/51/1566
f 1837/51/1486 1835/51/1484 1917/51/1566 1915/51/1564
f 1839/52/1488 1837/51/1486 1915/51/1564 1891/52/1540
f 1841/52/1490 1839/52/1488 1891/52/1540 1892/52/1541
f 1843/53/1492 1841/52/1490 1892/52/1541 1894/53/1543
f 1845/53/1494 1843/53/1492 1894/53/1543 1896/53/1545
f 1847/54/1496 1845/53/1494 1896/53/1545 1898/54/1547
f 1849/54/1498 1847/54/1496 1898/54/1547 1900/54/1549
f 1851/55/1500 1849/54/1498 1900/54/1549 1902/55/1551
f 1853/55/1502 1851/55/1500 1902/55/1551 1904/55/1553
f 1855/55/1504 1853/55/1502 1904/55/1553 1906/55/1555
f 1827/56/1476 1855/55/1504 1906/55/1555 1913/56/1562
f 1956/41/1477 1953/41/1474 1955/41/1476 1954/41/1475
f 1958/42/1479 1956/41/1477 1954/41/1475 1957/42/1478
f 1960/42/1481 1958/42/1479 1957/42/1478 1959/42/1480
f 1962/43/1483 1960/42/1481 1959/42/1480 1961/43/1482
f 1964/43/1485 1962/43/1483 1961/43/1482 1963/43/1484
f 1966/43/1487 1964/43/1485 1963/43/1484 1965/43/1607
f 1968/44/1489 1966/43/1487 1965/43/1607 1967/44/1488
f 1970/44/1491 1968/44/1489 1967/44/1488 1969/44/1490
f 1972/45/1493 1970/44/1491 1969/44/1490 1971/45/1492
f 1974/45/1495 1972/45/1493 1971/45/1492 1973/45/1608
f 1976/46/1497 1974/45/1495 1973/45/1608 1975/46/1496
f 1978/46/1499 1976/46/1497 1975/46/1496 1977/46/1498
f 1980/47/1501 1978/46/1499 1977/46/1498 1979/47/1500
f 1982/47/1503 1980/47/1501 1979/47/1500 1981/47/1609
f 1984/47/1505 1982/47/1503 1981/47/1609 1983/47/1504
f 1953/48/1474 1984/47/1505 1983/47/1504 1955/48/1476
f 1988/47/1509 1985/48/1506 1987/48/1508 1986/47/1507
f 1990/47/1511 1988/47/1509 1986/47/1507 1989/47/1610
f 1992/47/1513 1990/47/1511 1989/47/1610 1991/47/1512
f 1994/46/1515 1992/47/1513 1991/47/1512 1993/46/1514
f 1996/46/1517 1994/46/1515 1993/46/1514 1995/46/1516
f 1998/45/1519 1996/46/1517 1995/46/1516 1997/45/1611
f 2000/45/1521 1998/45/1519 1997/45/1611 1999/45/1520
f 2002/44/1523 2000/45/1521 1999/45/1520 2001/44/1522
f 2004/44/1525 2002/44/1523 2001/44/1522 2003/44/1524
f 2006/43/1527 2004/44/1525 2003/44/1524 2005/43/1526
f 2008/43/1529 2006/43/1527 2005/43/1526 2007/43/1528
f 2010/43/1531 2008/43/1529 2007/43/1528 2009/43/1530
f 2012/42/1533 2010/43/1531 2009/43/1530 2011/42/1532
f 2014/42/1535 2012/42/1533 2011/42/1532 2013/42/1612
f 2016/41/1537 2014/42/1535 2013/42/1612 2015/41/1536
f 1985/41/1506 2016/41/1537 2015/41/1536 1987/41/1508
f 2020/44/1541 2019/44/1540 2018/44/1539 2017/44/1538
f 2022/45/1543 2020/44/1541 2017/44/1538 2021/45/1542
f 2024/45/1545 2022/45/1543 2021/45/1542 2023/45/1544
f 2026/46/1547 2024/45/1545 2023/45/1544 2025/46/1546
f 2028/46/1549 2026/46/1547 2025/46/1546 2027/46/1548
f 2030/47/1551 2028/46/1549 2027/46/1548 2029/47/1550
f 2032/47/1553 2030/47/1551 2029/47/1550 2031/47/1552
f 2034/47/1555 2032/47/1553 2031/47/1552 2033/47/1554
f 2038/42/1559 2035/42/1556 2037/42/1558 2036/42/1557
f 2040/41/1561 2038/42/1559 2036/42/1557 2039/41/1560
f 2042/41/1563 2040/41/1561 2039/41/1560 2041/41/1562
f 2041/48/1562 2034/47/1555 2033/47/1554 2042/48/1563
f 2044/43/1565 2018/44/1539 2019/44/1540 2043/43/1564
f 2046/43/1567 2044/43/1565 2043/43/1564 2045/43/1566
f 2048/43/1569 2046/43/1567 2045/43/1566 2047/43/1568
f 2035/42/1556 2048/43/1569 2047/43/1568 2037/42/1558
f 2052/45/1573 2051/45/1613 2050/46/1571 2049/46/1570
f 2054/45/1575 2053/45/1574 2051/45/1613 2052/45/1573
f 2056/44/1577 2055/44/1576 2053/45/1574 2054/45/1575
f 2058/44/1579 2057/44/1578 2055/44/1576 2056/44/1577
f 2060/46/1615 2059/46/1614 2049/46/1570 2050/46/1571
f 2062/47/1583 2061/47/1582 2059/46/1614 2060/46/1615
f 2064/47/1585 2063/47/1616 2061/47/1582 2062/47/1583
f 2066/47/1604 2065/47/1586 2063/47/1616 2064/47/1585
f 2070/41/1591 2067/41/1588 2069/41/1590 2068/41/1605
f 2072/42/1593 2071/42/1617 2067/41/1588 2070/41/1591
f 2074/42/1595 2073/42/1618 2071/42/1617 2072/42/1593
f 2065/47/1586 2066/47/1604 2068/48/1605 2069/48/1590
f 2076/43/1597 2075/43/1596 2073/42/1618 2074/42/1595
f 2078/43/1619 2077/43/1598 2075/43/1596 2076/43/1597
f 2080/43/1606 2079/43/1600 2077/43/1598 2078/43/1619
f 2057/44/1578 2058/44/1579 2079/43/1600 2080/43/1606
f 2016/49/1537 1985/49/1506 2069/49/1590 2067/49/1588
f 2014/50/1535 2016/49/1537 2067/49/1588 2071/50/1617
f 2012/50/1533 2014/50/1535 2071/50/1617 2073/50/1618
f 2010/51/1531 2012/50/1533 2073/50/1618 2075/51/1596
f 2008/51/1529 2010/51/1531 2075/51/1596 2077/51/1598
f 2006/51/1527 2008/51/1529 2077/51/1598 2079/51/1600
f 2004/52/1525 2006/51/1527 2079/51/1600 2058/52/1579
f 2002/52/1523 2004/52/1525 2058/52/1579 2056/52/1577
f 2000/53/1521 2002/52/1523 2056/52/1577 2054/53/1575
f 1998/53/1519 2000/53/1521 2054/53/1575 2052/53/1573
f 1996/54/1517 1998/53/1519 2052/53/1573 2049/54/1570
f 1994/54/1515 1996/54/1517 2049/54/1570 2059/54/1614
f 1992/55/1513 1994/54/1515 2059/54/1614 2061/55/1582
f 1990/55/1511 1992/55/1513 2061/55/1582 2063/55/1616
f 1988/55/1509 1990/55/1511 2063/55/1616 2065/55/1586
f 1985/56/1506 1988/55/1509 2065/55/1586 2069/56/1590
f 2070/49/1591 2068/49/1605 1953/49/1474 1956/49/1477
f 2072/50/1593 2070/49/1591 1956/49/1477 1958/50/1479
f 2074/50/1595 2072/50/1593 1958/50/1479 1960/50/1481
f 2076/51/1597 2074/50/1595 1960/50/1481 1962/51/1483
f 2078/51/1619 2076/51/1597 1962/51/1483 1964/51/1485
f 2080/51/1606 2078/51/1619 1964/51/1485 1966/51/1487
f 2057/52/1578 2080/51/1606 1966/51/1487 1968/52/1489
f 2055/52/1576 2057/52/1578 1968/52/1489 1970/52/1491
f 2053/53/1574 2055/52/1576 1970/52/1491 1972/53/1493
f 2051/53/1613 2053/53/1574 1972/53/1493 1974/53/1495
f 2050/54/1571 2051/53/1613 1974/53/1495 1976/54/1497
f 2060/54/1615 2050/54/1571 1976/54/1497 1978/54/1499
f 2062/55/1583 2060/54/1615 1978/54/1499 1980/55/1501
f 2064/55/1585 2062/55/1583 1980/55/1501 1982/55/1503
f 2066/55/1604 2064/55/1585 1982/55/1503 1984/55/1505
f 2068/56/1605 2066/55/1604 1984/55/1505 1953/56/1474
f 2040/49/1561 2042/49/1563 1987/49/1508 2015/49/1536
f 2038/50/1559 2040/49/1561 2015/49/1536 2013/50/1612
f 2035/50/1556 2038/50/1559 2013/50/1612 2011/50/1532
f 2048/51/1569 2035/50/1556 2011/50/1532 2009/51/1530
f 2046/51/1567 2048/51/1569 2009/51/1530 2007/51/1528
f 2044/51/1565 2046/51/1567 2007/51/1528 2005/51/1526
f 2018/52/1539 2044/51/1565 2005/51/1526 2003/52/1524
f 2017/52/1538 2018/52/1539 2003/52/1524 2001/52/1522
f 2021/53/1542 2017/52/1538 2001/52/1522 1999/53/1520
f 2023/53/1544 2021/53/1542 1999/53/1520 1997/53/1611
f 2025/54/1546 2023/53/1544 1997/53/1611 1995/54/1516
f 2027/54/1548 2025/54/1546 1995/54/1516 1993/54/1514
f 2029/55/1550 2027/54/1548 1993/54/1514 1991/55/1512
f 2031/55/1552 2029/55/1550 1991/55/1512 1989/55/1610
f 2033/55/1554 2031/55/1552 1989/55/1610 1986/55/1507
f 2042/56/1563 2033/55/1554 1986/55/1507 1987/56/1508
f 1954/49/1475 1955/49/1476 2041/49/1562 2039/49/1560
f 1957/50/1478 1954/49/1475 2039/49/1560 2036/50/1557
f 1959/50/1480 1957/50/1478 2036/50/1557 2037/50/1558
f 1961/51/1482 1959/50/1480 2037/50/1558 2047/51/1568
f 1963/51/1484 1961/51/1482 2047/51/1568 2045/51/1566
f 1965/51/1607 1963/51/1484 2045/51/1566 2043/51/1564
f 1967/52/1488 1965/51/1607 2043/51/1564 2019/52/1540
f 1969/52/1490 1967/52/1488 2019/52/1540 2020/52/1541
f 1971/53/1492 1969/52/1490 2020/52/1541 2022/53/1543
f 1973/53/1608 1971/53/1492 2022/53/1543 2024/53/1545
f 1975/54/1496 1973/53/1608 2024/53/1545 2026/54/1547
f 1977/54/1498 1975/54/1496 2026/54/1547 2028/54/1549
f 1979/55/1500 1977/54/1498 2028/54/1549 2030/55/1551
f 1981/55/1609 1979/55/1500 2030/55/1551 2032/55/1553
f 1983/55/1504 1981/55/1609 2032/55/1553 2034/55/1555
f 1955/56/1476 1983/55/1504 2034/55/1555 2041/56/1562
f 2084/41/1623 2081/41/1620 2083/41/1622 2082/41/1621
f 2086/42/1625 2084/41/1623 2082/41/1621 2085/42/1624
f 2088/42/1627 2086/42/1625 2085/42/1624 2087/42/1626
f 2090/43/1629 2088/42/1627 2087/42/1626 2089/43/1628
f 2092/43/1631 2090/43/1629 2089/43/1628 2091/43/1630
f 2094/43/1633 2092/43/1631 2091/43/1630 2093/43/1632
f 2096/44/1635 2094/43/1633 2093/43/1632 2095/44/1634
f 2098/44/1637 2096/44/1635 2095/44/1634 2097/44/1636
f 2100/45/1639 2098/44/1637 2097/44/1636 2099/45/1638
f 2102/45/1641 2100/45/1639 2099/45/1638 2101/45/1640
f 2104/46/1643 2102/45/1641 2101/45/1640 2103/46/1642
f 2106/46/1645 2104/46/1643 2103/46/1642 2105/46/1644
f 2108/47/1647 2106/46/1645 2105/46/1644 2107/47/1646
f 2110/47/1649 2108/47/1647 2107/47/1646 2109/47/1648
f 2112/47/1651 2110/47/1649 2109/47/1648 2111/47/1650
f 2081/48/1620 2112/47/1651 2111/47/1650 2083/48/1622
f 2116/47/1655 2113/48/1652 2115/48/1654 2114/47/1653
f 2118/47/1657 2116/47/1655 2114/47/1653 2117/47/1656
f 2120/47/1659 2118/47/1657 2117/47/1656 2119/47/1658
f 2122/46/1661 2120/47/1659 2119/47/1658 2121/46/1660
f 2124/46/1663 2122/46/1661 2121/46/1660 2123/46/1662
f 2126/45/1665 2124/46/1663 2123/46/1662 2125/45/1664
f 2128/45/1667 2126/45/1665 2125/45/1664 2127/45/1666
f 2130/44/1669 2128/45/1667 2127/45/1666 2129/44/1668
f 2132/44/1671 2130/44/1669 2129/44/1668 2131/44/1670
f 2134/43/1673 2132/44/1671 2131/44/1670 2133/43/1672
f 2136/43/1675 2134/43/1673 2133/43/1672 2135/43/1674
f 2138/43/1677 2136/43/1675 2135/43/1674 2137/43/1676
f 2140/42/1679 2138/43/1677 2137/43/1676 2139/42/1678
f 2142/42/1681 2140/42/1679 2139/42/1678 2141/42/1680
f 2144/41/1683 2142/42/1681 2141/42/1680 2143/41/1682
f 2113/41/1652 2144/41/1683 2143/41/1682 2115/41/1654
f 2148/44/1687 2147/44/1686 2146/44/1685 2145/44/1684
f 2150/45/1689 2148/44/1687 2145/44/1684 2149/45/1688
f 2152/45/1691 2150/45/1689 2149/45/1688 2151/45/1690
f 2154/46/1693 2152/45/1691 2151/45/1690 2153/46/1692
f 2156/46/1695 2154/46/1693 2153/46/1692 2155/46/1694
f 2158/47/1697 2156/46/1695 2155/46/1694 2157/47/1696
f 2160/47/1699 2158/47/1697 2157/47/1696 2159/47/1698
f 2162/47/1701 2160/47/1699 2159/47/1698 2161/47/1700
f 2166/42/1705 2163/42/1702 2165/42/1704 2164/42/1703
f 2168/41/1707 2166/42/1705 2164/42/1703 2167/41/1706
f 2170/41/1709 2168/41/1707 2167/41/1706 2169/41/1708
f 2169/48/1708 2162/47/1701 2161/47/1700 2170/48/1709
f 2172/43/1711 2146/44/1685 2147/44/1686 2171/43/1710
f 2174/43/1713 2172/43/1711 2171/43/1710 2173/43/1712
f 2176/43/1715 2174/43/1713 2173/43/1712 2175/43/1714
f 2163/42/1702 2176/43/1715 2175/43/1714 2165/42/1704
f 2180/45/1719 2179/45/1718 2178/46/1717 2177/46/1716
f 2182/45/1721 2181/45/1720 2179/45/1718 2180/45/1719
f 2184/44/1723 2183/44/1722 2181/45/1720 2182/45/1721
f 2186/44/1725 2185/44/1724 2183/44/1722 2184/44/1723
f 2188/46/1727 2187/46/1726 2177/46/1716 2178/46/1717
f 2190/47/1729 2189/47/1728 2187/46/1726 2188/46/1727
f 2192/47/1731 2191/47/1730 2189/47/1728 2190/47/1729
f 2194/47/1733 2193/47/1732 2191/47/1730 2192/47/1731
f 2198/41/1737 2195/41/1734 2197/41/1736 2196/41/1735
f 2200/42/1739 2199/42/1738 2195/41/1734 2198/41/1737
f 2202/42/1741 2201/42/1740 2199/42/1738 2200/42/1739
f 2193/47/1732 2194/47/1733 2196/48/1735 2197/48/1736
f 2204/43/1743 2203/43/1742 2201/42/1740 2202/42/1741
f 2206/43/1745 2205/43/1744 2203/43/1742 2204/43/1743
f 2208/43/1747 2207/43/1746 2205/43/1744 2206/43/1745
f 2185/44/1724 2186/44/1725 2207/43/1746 2208/43/1747
f 2144/49/1683 2113/49/1652 2197/49/1736 2195/49/1734
f 2142/50/1681 2144/49/1683 2195/49/1734 2199/50/1738
f 2140/50/1679 2142/50/1681 2199/50/1738 2201/50/1740
f 2138/51/1677 2140/50/1679 2201/50/1740 2203/51/1742
f 2136/51/1675 2138/51/1677 2203/51/1742 2205/51/1744
f 2134/51/1673 2136/51/1675 2205/51/1744 2207/51/1746
f 2132/52/1671 2134/51/1673 2207/51/1746 2186/52/1725
f 2130/52/1669 2132/52/1671 2186/52/1725 2184/52/1723
f 2128/53/1667 2130/52/1669 2184/52/1723 2182/53/1721
f 2126/53/1665 2128/53/1667 2182/53/1721 2180/53/1719
f 2124/54/1663 2126/53/1665 2180/53/1719 2177/54/1716
f 2122/54/1661 2124/54/1663 2177/54/1716 2187/54/1726
f 2120/55/1659 2122/54/1661 2187/54/1726 2189/55/1728
f 2118/55/1657 2120/55/1659 2189/55/1728 2191/55/1730
f 2116/55/1655 2118/55/1657 2191/55/1730 2193/55/1732
f 2113/56/1652 2116/55/1655 2193/55/1732 2197/56/1736
f 2198/49/1737 2196/49/1735 2081/49/1620 2084/49/1623
f 2200/50/1739 2198/49/1737 2084/49/1623 2086/50/1625
f 2202/50/1741 2200/50/1739 2086/50/1625 2088/50/1627
f 2204/51/1743 2202/50/1741 2088/50/1627 2090/51/1629
f 2206/51/1745 2204/51/1743 2090/51/1629 2092/51/1631
f 2208/51/1747 2206/51/1745 2092/51/1631 2094/51/1633
f 2185/52/1724 2208/51/1747 2094/51/1633 2096/52/1635
f 2183/52/1722 2185/52/1724 2096/52/1635 2098/52/1637
f 2181/53/1720 2183/52/1722 2098/52/1637 2100/53/1639
f 2179/53/1718 2181/53/1720 2100/53/1639 2102/53/1641
f 2178/54/1717 2179/53/1718 2102/53/1641 2104/54/1643
f 2188/54/1727 2178/54/1717 2104/54/1643 2106/54/1645
f 2190/55/1729 2188/54/1727 2106/54/1645 2108/55/1647
f 2192/55/1731 2190/55/1729 2108/55/1647 2110/55/1649
f 2194/55/1733 2192/55/1731 2110/55/1649 2112/55/1651
f 2196/56/1735 2194/55/1733 2112/55/1651 2081/56/1620
f 2168/49/1707 2170/49/1709 2115/49/1654 2143/49/1682
f 2166/50/1705 2168/49/1707 2143/49/1682 2141/50/1680
f 2163/50/1702 2166/50/1705 2141/50/1680 2139/50/1678
f 2176/51/1715 2163/50/1702 2139/50/1678 2137/51/1676
f 2174/51/1713 2176/51/1715 2137/51/1676 2135/51/1674
f 2172/51/1711 2174/51/1713 2135/51/1674 2133/51/1672
f 2146/52/1685 2172/51/1711 2133/51/1672 2131/52/1670
f 2145/52/1684 2146/52/1685 2131/52/1670 2129/52/1668
f 2149/53/1688 2145/52/1684 2129/52/1668 2127/53/1666
f 2151/53/1690 2149/53/1688 2127/53/1666 2125/53/1664
f 2153/54/1692 2151/53/1690 2125/53/1664 2123/54/1662
f 2155/54/1694 2153/54/1692 2123/54/1662 2121/54/1660
f 2157/55/1696 2155/54/1694 2121/54/1660 2119/55/1658
f 2159/55/1698 2157/55/1696 2119/55/1658 2117/55/1656
f 2161/55/1700 2159/55/1698 2117/55/1656 2114/55/1653
f 2170/56/1709 2161/55/1700 2114/55/1653 2115/56/1654
f 2082/49/1621 2083/49/1622 2169/49/1708 2167/49/1706
f 2085/50/1624 2082/49/1621 2167/49/1706 2164/50/1703
f 2087/50/1626 2085/50/1624 2164/50/1703 2165/50/1704
f 2089/51/1628 2087/50/1626 2165/50/1704 2175/51/1714
f 2091/51/1630 2089/51/1628 2175/51/1714 2173/51/1712
f 2093/51/1632 2091/51/1630 2173/51/1712 2171/51/1710
f 2095/52/1634 2093/51/1632 2171/51/1710 2147/52/1686
f 2097/52/1636 2095/52/1634 2147/52/1686 2148/52/1687
f 2099/53/1638 2097/52/1636 2148/52/1687 2150/53/1689
f 2101/53/1640 2099/53/1638 2150/53/1689 2152/53/1691
f 2103/54/1642 2101/53/1640 2152/53/1691 2154/54/1693
f 2105/54/1644 2103/54/1642 2154/54/1693 2156/54/1695
f 2107/55/1646 2105/54/1644 2156/54/1695 2158/55/1697
f 2109/55/1648 2107/55/1646 2158/55/1697 2160/55/1699
f 2111/55/1650 2109/55/1648 2160/55/1699 2162/55/1701
f 2083/56/1622 2111/55/1650 2162/55/1701 2169/56/1708
f 2212/41/1623 2209/41/1620 2211/41/1622 2210/41/1621
f 2214/42/1625 2212/41/1623 2210/41/1621 2213/42/1624
f 2216/42/1627 2214/42/1625 2213/42/1624 2215/42/1626
f 2218/43/1629 2216/42/1627 2215/42/1626 2217/43/1628
f 2220/43/1631 2218/43/1629 2217/43/1628 2219/43/1630
f 2222/43/1633 2220/43/1631 2219/43/1630 2221/43/1632
f 2224/44/1635 2222/43/1633 2221/43/1632 2223/44/1634
f 2226/44/1637 2224/44/1635 2223/44/1634 2225/44/1636
f 2228/45/1639 2226/44/1637 2225/44/1636 2227/45/1638
f 2230/45/1641 2228/45/1639 2227/45/1638 2229/45/1640
f 2232/46/1643 2230/45/1641 2229/45/1640 2231/46/1642
f 2234/46/1645 2232/46/1643 2231/46/1642 2233/46/1644
f 2236/47/1647 2234/46/1645 2233/46/1644 2235/47/1646
f 2238/47/1649 2236/47/1647 2235/47/1646 2237/47/1648
f 2240/47/1651 2238/47/1649 2237/47/1648 2239/47/1650
f 2209/48/1620 2240/47/1651 2239/47/1650 2211/48/1622
f 2244/47/1655 2241/48/1652 2243/48/1654 2242/47/1653
f 2246/47/1657 2244/47/1655 2242/47/1653 2245/47/1656
f 2248/47/1659 2246/47/1657 2245/47/1656 2247/47/1658
f 2250/46/1661 2248/47/1659 2247/47/1658 2249/46/1660
f 2252/46/1663 2250/46/1661 2249/46/1660 2251/46/1662
f 2254/45/1665 2252/46/1663 2251/46/1662 2253/45/1664
f 2256/45/1667 2254/45/1665 2253/45/1664 2255/45/1666
f 2258/44/1669 2256/45/1667 2255/45/1666 2257/44/1668
f 2260/44/1671 2258/44/1669 2257/44/1668 2259/44/1670
f 2262/43/1673 2260/44/1671 2259/44/1670 2261/43/1672
f 2264/43/1675 2262/43/1673 2261/43/1672 2263/43/1674
f 2266/43/1677 2264/43/1675 2263/43/1674 2265/43/1676
f 2268/42/1679 2266/43/1677 2265/43/1676 2267/42/1678
f 2270/42/1681 2268/42/1679 2267/42/1678 2269/42/1680
f 2272/41/1683 2270/42/1681 2269/42/1680 2271/41/1682
f 2241/41/1652 2272/41/1683 2271/41/1682 2243/41/1654
f 2276/44/1687 2275/44/1686 2274/44/1685 2273/44/1684
f 2278/45/1689 2276/44/1687 2273/44/1684 2277/45/1688
f 2280/45/1691 2278/45/1689 2277/45/1688 2279/45/1690
f 2282/46/1693 2280/45/1691 2279/45/1690 2281/46/1692
f 2284/46/1695 2282/46/1693 2281/46/1692 2283/46/1694
f 2286/47/1697 2284/46/1695 2283/46/1694 2285/47/1696
f 2288/47/1699 2286/47/1697 2285/47/1696 2287/47/1698
f 2290/47/1701 2288/47/1699 2287/47/1698 2289/47/1700
f 2294/42/1705 2291/42/1702 2293/42/1704 2292/42/1703
f 2296/41/1707 2294/42/1705 2292/42/1703 2295/41/1706
f 2298/41/1709 2296/41/1707 2295/41/1706 2297/41/1708
f 2297/48/1708 2290/47/1701 2289/47/1700 2298/48/1709
f 2300/43/1711 2274/44/1685 2275/44/1686 2299/43/1710
f 2302/43/1713 2300/43/1711 2299/43/1710 2301/43/1712
f 2304/43/1715 2302/43/1713 2301/43/1712 2303/43/1714
f 2291/42/1702 2304/43/1715 2303/43/1714 2293/42/1704
f 2308/45/1719 2307/45/1718 2306/46/1717 2305/46/1716
f 2310/45/1721 2309/45/1720 2307/45/1718 2308/45/1719
f 2312/44/1723 2311/44/1722 2309/45/1720 2310/45/1721
f 2314/44/1725 2313/44/1724 2311/44/1722 2312/44/1723
f 2316/46/1727 2315/46/1726 2305/46/1716 2306/46/1717
f 2318/47/1729 2317/47/1728 2315/46/1726 2316/46/1727
f 2320/47/1731 2319/47/1730 2317/47/1728 2318/47/1729
f 2322/47/1733 2321/47/1732 2319/47/1730 2320/47/1731
f 2326/41/1737 2323/41/1734 2325/41/1736 2324/41/1735
f 2328/42/1739 2327/42/1738 2323/41/1734 2326/41/1737
f 2330/42/1741 2329/42/1740 2327/42/1738 2328/42/1739
f 2321/47/1732 2322/47/1733 2324/48/1735 2325/48/1736
f 2332/43/1743 2331/43/1742 2329/42/1740 2330/42/1741
f 2334/43/1745 2333/43/1744 2331/43/1742 2332/43/1743
f 2336/43/1747 2335/43/1746 2333/43/1744 2334/43/1745
f 2313/44/1724 2314/44/1725 2335/43/1746 2336/43/1747
f 2272/49/1683 2241/49/1652 2325/49/1736 2323/49/1734
f 2270/50/1681 2272/49/1683 2323/49/1734 2327/50/1738
f 2268/50/1679 2270/50/1681 2327/50/1738 2329/50/1740
f 2266/51/1677 2268/50/1679 2329/50/1740 2331/51/1742
f 2264/51/1675 2266/51/1677 2331/51/1742 2333/51/1744
f 2262/51/1673 2264/51/1675 2333/51/1744 2335/51/1746
f 2260/52/1671 2262/51/1673 2335/51/1746 2314/52/1725
f 2258/52/1669 2260/52/1671 2314/52/1725 2312/52/1723
f 2256/53/1667 2258/52/1669 2312/52/1723 2310/53/1721
f 2254/53/1665 2256/53/1667 2310/53/1721 2308/53/1719
f 2252/54/1663 2254/53/1665 2308/53/1719 2305/54/1716
f 2250/54/1661 2252/54/1663 2305/54/1716 2315/54/1726
f 2248/55/1659 2250/54/1661 2315/54/1726 2317/55/1728
f 2246/55/1657 2248/55/1659 2317/55/1728 2319/55/1730
f 2244/55/1655 2246/55/1657 2319/55/1730 2321/55/1732
f 2241/56/1652 2244/55/1655 2321/55/1732 2325/56/1736
f 2326/49/1737 2324/49/1735 2209/49/1620 2212/49/1623
f 2328/50/1739 2326/49/1737 2212/49/1623 2214/50/1625
f 2330/50/1741 2328/50/1739 2214/50/1625 2216/50/1627
f 2332/51/1743 2330/50/1741 2216/50/1627 2218/51/1629
f 2334/51/1745 2332/51/1743 2218/51/1629 2220/51/1631
f 2336/51/1747 2334/51/1745 2220/51/1631 2222/51/1633
f 2313/52/1724 2336/51/1747 2222/51/1633 2224/52/1635
f 2311/52/1722 2313/52/1724 2224/52/1635 2226/52/1637
f 2309/53/1720 2311/52/1722 2226/52/1637 2228/53/1639
f 2307/53/1718 2309/53/1720 2228/53/1639 2230/53/1641
f 2306/54/1717 2307/53/1718 2230/53/1641 2232/54/1643
f 2316/54/1727 2306/54/1717 2232/54/1643 2234/54/1645
f 2318/55/1729 2316/54/1727 2234/54/1645 2236/55/1647
f 2320/55/1731 2318/55/1729 2236/55/1647 2238/55/1649
f 2322/55/1733 2320/55/1731 2238/55/1649 2240/55/1651
f 2324/56/1735 2322/55/1733 2240/55/1651 2209/56/1620
f 2296/49/1707 2298/49/1709 2243/49/1654 2271/49/1682
f 2294/50/1705 2296/49/1707 2271/49/1682 2269/50/1680
f 2291/50/1702 2294/50/1705 2269/50/1680 2267/50/1678
f 2304/51/1715 2291/50/1702 2267/50/1678 2265/51/1676
f 2302/51/1713 2304/51/1715 2265/51/1676 2263/51/1674
f 2300/51/1711 2302/51/1713 2263/51/1674 2261/51/1672
f 2274/52/1685 2300/51/1711 2261/51/1672 2259/52/1670
f 2273/52/1684 2274/52/1685 2259/52/1670 2257/52/1668
f 2277/53/1688 2273/52/1684 2257/52/1668 2255/53/1666
f 2279/53/1690 2277/53/1688 2255/53/1666 2253/53/1664
f 2281/54/1692 2279/53/1690 2253/53/1664 2251/54/1662
f 2283/54/1694 2281/54/1692 2251/54/1662 2249/54/1660
f 2285/55/1696 2283/54/1694 2249/54/1660 2247/55/1658
f 2287/55/1698 2285/55/1696 2247/55/1658 2245/55/1656
f 2289/55/1700 2287/55/1698 2245/55/1656 2242/55/1653
f 2298/56/1709 2289/55/1700 2242/55/1653 2243/56/1654
f 2210/49/1621 2211/49/1622 2297/49/1708 2295/49/1706
f 2213/50/1624 2210/49/1621 2295/49/1706 2292/50/1703
f 2215/50/1626 2213/50/1624 2292/50/1703 2293/50/1704
f 2217/51/1628 2215/50/1626 2293/50/1704 2303/51/1714
f 2219/51/1630 2217/51/1628 2303/51/1714 2301/51/1712
f 2221/51/1632 2219/51/1630 2301/51/1712 2299/51/1710
f 2223/52/1634 2221/51/1632 2299/51/1710 2275/52/1686
f 2225/52/1636 2223/52/1634 2275/52/1686 2276/52/1687
f 2227/53/1638 2225/52/1636 2276/52/1687 2278/53/1689
f 2229/53/1640 2227/53/1638 2278/53/1689 2280/53/1691
f 2231/54/1642 2229/53/1640 2280/53/1691 2282/54/1693
f 2233/54/1644 2231/54/1642 2282/54/1693 2284/54/1695
f 2235/55/1646 2233/54/1644 2284/54/1695 2286/55/1697
f 2237/55/1648 2235/55/1646 2286/55/1697 2288/55/1699
f 2239/55/1650 2237/55/1648 2288/55/1699 2290/55/1701
f 2211/56/1622 2239/55/1650 2290/55/1701 2297/56/1708
f 2340/41/1509 2337/41/1506 2339/41/1508 2338/41/1748
f 2342/42/1750 2340/41/1509 2338/41/1748 2341/42/1749
f 2344/42/1752 2342/42/1750 2341/42/1749 2343/42/1751
f 2346/43/1515 2344/42/1752 2343/42/1751 2345/43/1514
f 2348/43/1754 2346/43/1515 2345/43/1514 2347/43/1753
f 2350/43/1756 2348/43/1754 2347/43/1753 2349/43/1755
f 2352/44/1521 2350/43/1756 2349/43/1755 2351/44/1757
f 2354/44/1523 2352/44/1521 2351/44/1757 2353/44/1522
f 2356/45/1525 2354/44/1523 2353/44/1522 2355/45/1758
f 2358/45/1760 2356/45/1525 2355/45/1758 2357/45/1759
f 2360/46/1762 2358/45/1760 2357/45/1759 2359/46/1761
f 2362/46/1531 2360/46/1762 2359/46/1761 2361/46/1530
f 2364/47/1764 2362/46/1531 2361/46/1530 2363/47/1763
f 2366/47/1766 2364/47/1764 2363/47/1763 2365/47/1765
f 2368/47/1537 2366/47/1766 2365/47/1765 2367/47/1767
f 2337/48/1506 2368/47/1537 2367/47/1767 2339/48/1508
f 2372/47/1477 2369/48/1474 2371/48/1476 2370/47/1768
f 2374/47/1770 2372/47/1477 2370/47/1768 2373/47/1769
f 2376/47/1772 2374/47/1770 2373/47/1769 2375/47/1771
f 2378/46/1483 2376/47/1772 2375/47/1771 2377/46/1482
f 2380/46/1774 2378/46/1483 2377/46/1482 2379/46/1773
f 2382/45/1776 2380/46/1774 2379/46/1773 2381/45/1775
f 2384/45/1489 2382/45/1776 2381/45/1775 2383/45/1777
f 2386/44/1491 2384/45/1489 2383/45/1777 2385/44/1490
f 2388/44/1493 2386/44/1491 2385/44/1490 2387/44/1778
f 2390/43/1780 2388/44/1493 2387/44/1778 2389/43/1779
f 2392/43/1782 2390/43/1780 2389/43/1779 2391/43/1781
f 2394/43/1499 2392/43/1782 2391/43/1781 2393/43/1498
f 2396/42/1784 2394/43/1499 2393/43/1498 2395/42/1783
f 2398/42/1786 2396/42/1784 2395/42/1783 2397/42/1785
f 2400/41/1505 2398/42/1786 2397/42/1785 2399/41/1787
f 2369/41/1474 2400/41/1505 2399/41/1787 2371/41/1476
f 2404/44/1538 2403/44/1789 2402/44/1788 2401/44/1541
f 2406/45/1791 2404/44/1538 2401/44/1541 2405/45/1790
f 2408/45/1565 2406/45/1791 2405/45/1790 2407/45/1564
f 2410/46/1793 2408/45/1565 2407/45/1564 2409/46/1792
f 2412/46/1569 2410/46/1793 2409/46/1792 2411/46/1568
f 2414/47/1795 2412/46/1569 2411/46/1568 2413/47/1794
f 2416/47/1559 2414/47/1795 2413/47/1794 2415/47/1557
f 2418/47/1797 2416/47/1559 2415/47/1557 2417/47/1796
f 2422/42/1553 2419/42/1798 2421/42/1799 2420/42/1552
f 2424/41/1801 2422/42/1553 2420/42/1552 2423/41/1800
f 2426/41/1562 2424/41/1801 2423/41/1800 2425/41/1563
f 2425/48/1563 2418/47/1797 2417/47/1796 2426/48/1562
f 2428/43/1545 2402/44/1788 2403/44/1789 2427/43/1544
f 2430/43/1803 2428/43/1545 2427/43/1544 2429/43/1802
f 2432/43/1549 2430/43/1803 2429/43/1802 2431/43/1548
f 2419/42/1798 2432/43/1549 2431/43/1548 2421/42/1799
f 2436/45/1606 2435/45/1600 2434/46/1805 2433/46/1804
f 2438/45/1578 2437/45/1806 2435/45/1600 2436/45/1606
f 2440/44/1807 2439/44/1577 2437/45/1806 2438/45/1578
f 2442/44/1808 2441/44/1575 2439/44/1577 2440/44/1807
f 2444/46/1596 2443/46/1597 2433/46/1804 2434/46/1805
f 2446/47/1810 2445/47/1809 2443/46/1597 2444/46/1596
f 2448/47/1617 2447/47/1593 2445/47/1809 2446/47/1810
f 2450/47/1812 2449/47/1811 2447/47/1593 2448/47/1617
f 2454/41/1814 2451/41/1604 2453/41/1605 2452/41/1813
f 2456/42/1616 2455/42/1585 2451/41/1604 2454/41/1814
f 2458/42/1816 2457/42/1815 2455/42/1585 2456/42/1616
f 2449/47/1811 2450/47/1812 2452/48/1813 2453/48/1605
f 2460/43/1614 2459/43/1615 2457/42/1815 2458/42/1816
f 2462/43/1818 2461/43/1817 2459/43/1615 2460/43/1614
f 2464/43/1573 2463/43/1613 2461/43/1817 2462/43/1818
f 2441/44/1575 2442/44/1808 2463/43/1613 2464/43/1573
f 2400/49/1505 2369/49/1474 2453/49/1605 2451/49/1604
f 2398/50/1786 2400/49/1505 2451/49/1604 2455/50/1585
f 2396/50/1784 2398/50/1786 2455/50/1585 2457/50/1815
f 2394/51/1499 2396/50/1784 2457/50/1815 2459/51/1615
f 2392/51/1782 2394/51/1499 2459/51/1615 2461/51/1817
f 2390/51/1780 2392/51/1782 2461/51/1817 2463/51/1613
f 2388/52/1493 2390/51/1780 2463/51/1613 2442/52/1808
f 2386/52/1491 2388/52/1493 2442/52/1808 2440/52/1807
f 2384/53/1489 2386/52/1491 2440/52/1807 2438/53/1578
f 2382/53/1776 2384/53/1489 2438/53/1578 2436/53/1606
f 2380/54/1774 2382/53/1776 2436/53/1606 2433/54/1804
f 2378/54/1483 2380/54/1774 2433/54/1804 2443/54/1597
f 2376/55/1772 2378/54/1483 2443/54/1597 2445/55/1809
f 2374/55/1770 2376/55/1772 2445/55/1809 2447/55/1593
f 2372/55/1477 2374/55/1770 2447/55/1593 2449/55/1811
f 2369/56/1474 2372/55/1477 2449/55/1811 2453/56/1605
f 2454/49/1814 2452/49/1813 2337/49/1506 2340/49/1509
f 2456/50/1616 2454/49/1814 2340/49/1509 2342/50/1750
f 2458/50/1816 2456/50/1616 2342/50/1750 2344/50/1752
f 2460/51/1614 2458/50/1816 2344/50/1752 2346/51/1515
f 2462/51/1818 2460/51/1614 2346/51/1515 2348/51/1754
f 2464/51/1573 2462/51/1818 2348/51/1754 2350/51/1756
f 2441/52/1575 2464/51/1573 2350/51/1756 2352/52/1521
f 2439/52/1577 2441/52/1575 2352/52/1521 2354/52/1523
f 2437/53/1806 2439/52/1577 2354/52/1523 2356/53/1525
f 2435/53/1600 2437/53/1806 2356/53/1525 2358/53/1760
f 2434/54/1805 2435/53/1600 2358/53/1760 2360/54/1762
f 2444/54/1596 2434/54/1805 2360/54/1762 2362/54/1531
f 2446/55/1810 2444/54/1596 2362/54/1531 2364/55/1764
f 2448/55/1617 2446/55/1810 2364/55/1764 2366/55/1766
f 2450/55/1812 2448/55/1617 2366/55/1766 2368/55/1537
f 2452/56/1813 2450/55/1812 2368/55/1537 2337/56/1506
f 2424/49/1801 2426/49/1562 2371/49/1476 2399/49/1787
f 2422/50/1553 2424/49/1801 2399/49/1787 2397/50/1785
f 2419/50/1798 2422/50/1553 2397/50/1785 2395/50/1783
f 2432/51/1549 2419/50/1798 2395/50/1783 2393/51/1498
f 2430/51/1803 2432/51/1549 2393/51/1498 2391/51/1781
f 2428/51/1545 2430/51/1803 2391/51/1781 2389/51/1779
f 2402/52/1788 2428/51/1545 2389/51/1779 2387/52/1778
f 2401/52/1541 2402/52/1788 2387/52/1778 2385/52/1490
f 2405/53/1790 2401/52/1541 2385/52/1490 2383/53/1777
f 2407/53/1564 2405/53/1790 2383/53/1777 2381/53/1775
f 2409/54/1792 2407/53/1564 2381/53/1775 2379/54/1773
f 2411/54/1568 2409/54/1792 2379/54/1773 2377/54/1482
f 2413/55/1794 2411/54/1568 2377/54/1482 2375/55/1771
f 2415/55/1557 2413/55/1794 2375/55/1771 2373/55/1769
f 2417/55/1796 2415/55/1557 2373/55/1769 2370/55/1768
f 2426/56/1562 2417/55/1796 2370/55/1768 2371/56/1476
f 2338/49/1748 2339/49/1508 2425/49/1563 2423/49/1800
f 2341/50/1749 2338/49/1748 2423/49/1800 2420/50/1552
f 2343/50/1751 2341/50/1749 2420/50/1552 2421/50/1799
f 2345/51/1514 2343/50/1751 2421/50/1799 2431/51/1548
f 2347/51/1753 2345/51/1514 2431/51/1548 2429/51/1802
f 2349/51/1755 2347/51/1753 2429/51/1802 2427/51/1544
f 2351/52/1757 2349/51/1755 2427/51/1544 2403/52/1789
f 2353/52/1522 2351/52/1757 2403/52/1789 2404/52/1538
f 2355/53/1758 2353/52/1522 2404/52/1538 2406/53/1791
f 2357/53/1759 2355/53/1758 2406/53/1791 2408/53/1565
f 2359/54/1761 2357/53/1759 2408/53/1565 2410/54/1793
f 2361/54/1530 2359/54/1761 2410/54/1793 2412/54/1569
f 2363/55/1763 2361/54/1530 2412/54/1569 2414/55/1795
f 2365/55/1765 2363/55/1763 2414/55/1795 2416/55/1559
f 2367/55/1767 2365/55/1765 2416/55/1559 2418/55/1797
f 2339/56/1508 2367/55/1767 2418/55/1797 2425/56/1563
f 2468/41/1623 2465/41/1620 2467/41/1622 2466/41/1621
f 2470/42/1625 2468/41/1623 2466/41/1621 2469/42/1624
f 2472/42/1627 2470/42/1625 2469/42/1624 2471/42/1626
f 2474/43/1629 2472/42/1627 2471/42/1626 2473/43/1628
f 2476/43/1631 2474/43/1629 2473/43/1628 2475/43/1630
f 2478/43/1633 2476/43/1631 2475/43/1630 2477/43/1632
f 2480/44/1635 2478/43/1633 2477/43/1632 2479/44/1634
f 2482/44/1637 2480/44/1635 2479/44/1634 2481/44/1636
f 2484/45/1639 2482/44/1637 2481/44/1636 2483/45/1638
f 2486/45/1641 2484/45/1639 2483/45/1638 2485/45/1640
f 2488/46/1643 2486/45/1641 2485/45/1640 2487/46/1642
f 2490/46/1645 2488/46/1643 2487/46/1642 2489/46/1644
f 2492/47/1647 2490/46/1645 2489/46/1644 2491/47/1646
f 2494/47/1649 2492/47/1647 2491/47/1646 2493/47/1648
f 2496/47/1651 2494/47/1649 2493/47/1648 2495/47/1650
f 2465/48/1620 2496/47/1651 2495/47/1650 2467/48/1622
f 2500/47/1655 2497/48/1652 2499/48/1654 2498/47/1653
f 2502/47/1657 2500/47/1655 2498/47/1653 2501/47/1656
f 2504/47/1659 2502/47/1657 2501/47/1656 2503/47/1658
f 2506/46/1661 2504/47/1659 2503/47/1658 2505/46/1660
f 2508/46/1663 2506/46/1661 2505/46/1660 2507/46/1662
f 2510/45/1665 2508/46/1663 2507/46/1662 2509/45/1664
f 2512/45/1667 2510/45/1665 2509/45/1664 2511/45/1666
f 2514/44/1669 2512/45/1667 2511/45/1666 2513/44/1668
f 2516/44/1671 2514/44/1669 2513/44/1668 2515/44/1670
f 2518/43/1673 2516/44/1671 2515/44/1670 2517/43/1672
f 2520/43/1675 2518/43/1673 2517/43/1672 2519/43/1674
f 2522/43/1677 2520/43/1675 2519/43/1674 2521/43/1676
f 2524/42/1679 2522/43/1677 2521/43/1676 2523/42/1678
f 2526/42/1681 2524/42/1679 2523/42/1678 2525/42/1680
f 2528/41/1683 2526/42/1681 2525/42/1680 2527/41/1682
f 2497/41/1652 2528/41/1683 2527/41/1682 2499/41/1654
f 2532/44/1687 2531/44/1686 2530/44/1685 2529/44/1684
f 2534/45/1689 2532/44/1687 2529/44/1684 2533/45/1688
f 2536/45/1691 2534/45/1689 2533/45/1688 2535/45/1690
f 2538/46/1693 2536/45/1691 2535/45/1690 2537/46/1692
f 2540/46/1695 2538/46/1693 2537/46/1692 2539/46/1694
f 2542/47/1697 2540/46/1695 2539/46/1694 2541/47/1696
f 2544/47/1699 2542/47/1697 2541/47/1696 2543/47/1698
f 2546/47/1701 2544/47/1699 2543/47/1698 2545/47/1700
f 2550/42/1705 2547/42/1702 2549/42/1704 2548/42/1703
f 2552/41/1707 2550/42/1705 2548/42/1703 2551/41/1706
f 2554/41/1709 2552/41/1707 2551/41/1706 2553/41/1708
f 2553/48/1708 2546/47/1701 2545/47/1700 2554/48/1709
f 2556/43/1711 2530/44/1685 2531/44/1686 2555/43/1710
f 2558/43/1713 2556/43/1711 2555/43/1710 2557/43/1712
f 2560/43/1715 2558/43/1713 2557/43/1712 2559/43/1714
f 2547/42/1702 2560/43/1715 2559/43/1714 2549/42/1704
f 2564/45/1719 2563/45/1718 2562/46/1717 2561/46/1819
f 2566/45/1721 2565/45/1720 2563/45/1718 2564/45/1719
f 2568/44/1723 2567/44/1722 2565/45/1720 2566/45/1721
f 2570/44/1725 2569/44/1724 2567/44/1722 2568/44/1723
f 2572/46/1727 2571/46/1726 2561/46/1819 2562/46/1717
f 2574/47/1820 2573/47/1728 2571/46/1726 2572/46/1727
f 2576/47/1731 2575/47/1730 2573/47/1728 2574/47/1820
f 2578/47/1733 2577/47/1732 2575/47/1730 2576/47/1731
f 2582/41/1737 2579/41/1734 2581/41/1736 2580/41/1735
f 2584/42/1739 2583/42/1821 2579/41/1734 2582/41/1737
f 2586/42/1741 2585/42/1740 2583/42/1821 2584/42/1739
f 2577/47/1732 2578/47/1733 2580/48/1735 2581/48/1736
f 2588/43/1743 2587/43/1742 2585/42/1740 2586/42/1741
f 2590/43/1745 2589/43/1744 2587/43/1742 2588/43/1743
f 2592/43/1822 2591/43/1746 2589/43/1744 2590/43/1745
f 2569/44/1724 2570/44/1725 2591/43/1746 2592/43/1822
f 2528/49/1683 2497/49/1652 2581/49/1736 2579/49/1734
f 2526/50/1681 2528/49/1683 2579/49/1734 2583/50/1821
f 2524/50/1679 2526/50/1681 2583/50/1821 2585/50/1740
f 2522/51/1677 2524/50/1679 2585/50/1740 2587/51/1742
f 2520/51/1675 2522/51/1677 2587/51/1742 2589/51/1744
f 2518/51/1673 2520/51/1675 2589/51/1744 2591/51/1746
f 2516/52/1671 2518/51/1673 2591/51/1746 2570/52/1725
f 2514/52/1669 2516/52/1671 2570/52/1725 2568/52/1723
f 2512/53/1667 2514/52/1669 2568/52/1723 2566/53/1721
f 2510/53/1665 2512/53/1667 2566/53/1721 2564/53/1719
f 2508/54/1663 2510/53/1665 2564/53/1719 2561/54/1819
f 2506/54/1661 2508/54/1663 2561/54/1819 2571/54/1726
f 2504/55/1659 2506/54/1661 2571/54/1726 2573/55/1728
f 2502/55/1657 2504/55/1659 2573/55/1728 2575/55/1730
f 2500/55/1655 2502/55/1657 2575/55/1730 2577/55/1732
f 2497/56/1652 2500/55/1655 2577/55/1732 2581/56/1736
f 2582/49/1737 2580/49/1735 2465/49/1620 2468/49/1623
f 2584/50/1739 2582/49/1737 2468/49/1623 2470/50/1625
f 2586/50/1741 2584/50/1739 2470/50/1625 2472/50/1627
f 2588/51/1743 2586/50/1741 2472/50/1627 2474/51/1629
f 2590/51/1745 2588/51/1743 2474/51/1629 2476/51/1631
f 2592/51/1822 2590/51/1745 2476/51/1631 2478/51/1633
f 2569/52/1724 2592/51/1822 2478/51/1633 2480/52/1635
f 2567/52/1722 2569/52/1724 2480/52/1635 2482/52/1637
f 2565/53/1720 2567/52/1722 2482/52/1637 2484/53/1639
f 2563/53/1718 2565/53/1720 2484/53/1639 2486/53/1641
f 2562/54/1717 2563/53/1718 2486/53/1641 2488/54/1643
f 2572/54/1727 2562/54/1717 2488/54/1643 2490/54/1645
f 2574/55/1820 2572/54/1727 2490/54/1645 2492/55/1647
f 2576/55/1731 2574/55/1820 2492/55/1647 2494/55/1649
f 2578/55/1733 2576/55/1731 2494/55/1649 2496/55/1651
f 2580/56/1735 2578/55/1733 2496/55/1651 2465/56/1620
f 2552/49/1707 2554/49/1709 2499/49/1654 2527/49/1682
f 2550/50/1705 2552/49/1707 2527/49/1682 2525/50/1680
f 2547/50/1702 2550/50/1705 2525/50/1680 2523/50/1678
f 2560/51/1715 2547/50/1702 2523/50/1678 2521/51/1676
f 2558/51/1713 2560/51/1715 2521/51/1676 2519/51/1674
f 2556/51/1711 2558/51/1713 2519/51/1674 2517/51/1672
f 2530/52/1685 2556/51/1711 2517/51/1672 2515/52/1670
f 2529/52/1684 2530/52/1685 2515/52/1670 2513/52/1668
f 2533/53/1688 2529/52/1684 2513/52/1668 2511/53/1666
f 2535/53/1690 2533/53/1688 2511/53/1666 2509/53/1664
f 2537/54/1692 2535/53/1690 2509/53/1664 2507/54/1662
f 2539/54/1694 2537/54/1692 2507/54/1662 2505/54/1660
f 2541/55/1696 2539/54/1694 2505/54/1660 2503/55/1658
f 2543/55/1698 2541/55/1696 2503/55/1658 2501/55/1656
f 2545/55/1700 2543/55/1698 2501/55/1656 2498/55/1653
f 2554/56/1709 2545/55/1700 2498/55/1653 2499/56/1654
f 2466/49/1621 2467/49/1622 2553/49/1708 2551/49/1706
f 2469/50/1624 2466/49/1621 2551/49/1706 2548/50/1703
f 2471/50/1626 2469/50/1624 2548/50/1703 2549/50/1704
f 2473/51/1628 2471/50/1626 2549/50/1704 2559/51/1714
f 2475/51/1630 2473/51/1628 2559/51/1714 2557/51/1712
f 2477/51/1632 2475/51/1630 2557/51/1712 2555/51/1710
f 2479/52/1634 2477/51/1632 2555/51/1710 2531/52/1686
f 2481/52/1636 2479/52/1634 2531/52/1686 2532/52/1687
f 2483/53/1638 2481/52/1636 2532/52/1687 2534/53/1689
f 2485/53/1640 2483/53/1638 2534/53/1689 2536/53/1691
f 2487/54/1642 2485/53/1640 2536/53/1691 2538/54/1693
f 2489/54/1644 2487/54/1642 2538/54/1693 2540/54/1695
f 2491/55/1646 2489/54/1644 2540/54/1695 2542/55/1697
f 2493/55/1648 2491/55/1646 2542/55/1697 2544/55/1699
f 2495/55/1650 2493/55/1648 2544/55/1699 2546/55/1701
f 2467/56/1622 2495/55/1650 2546/55/1701 2553/56/1708

